chr	start	end	feature1	feature2	length
chr17	34036704	34039872	ENSG00000108684.15|ENSG00000226049.3|ENSG00000265356.2|ENSG00000279668.4	exon|gene|transcript	3168
chr17	51183491	51186403	ENSG00000011258.16|ENSG00000279089.1	exon|gene|transcript	2912
chr17	35908473	35911023	ENSG00000270977.3|ENSG00000293240.1	exon|gene|transcript	2550
chr17	46221185	46223670	ENSG00000120071.15	exon|gene|transcript	2485
chr17	53952935	53955324	ENSG00000263189.1|ENSG00000285939.2	exon|gene|transcript	2389
chr17	31203131	31205362	ENSG00000196712.20	exon|gene|transcript	2231
chr17	77560944	77563106	ENSG00000267506.7	exon|gene|transcript	2162
chr17	82004344	82006469	ENSG00000169696.16	exon|gene|transcript	2125
chr17	28270416	28272238	ENSG00000260777.2|ENSG00000266306.2	exon|gene|transcript	1822
chr17	37054826	37056600	ENSG00000275700.6	exon|gene|transcript	1774
chr17	63148537	63150276	ENSG00000170921.16	exon|gene|transcript	1739
chr17	64098	65736	ENSG00000280279.1	exon|gene|transcript	1638
chr17	58724100	58725691	ENSG00000108384.16	exon|gene|transcript	1591
chr17	4222257	4223828	ENSG00000185722.18|ENSG00000263219.1	exon|gene|transcript	1571
chr17	20481329	20482900	ENSG00000229586.2	exon|gene|transcript	1571
chr17	30577303	30578874	ENSG00000214719.13	exon|gene|transcript	1571
chr17	81106907	81108474	ENSG00000175866.16	exon|gene|transcript	1567
chr17	18461493	18463055	ENSG00000230662.1|ENSG00000293139.1	exon|gene|transcript	1562
chr17	57630247	57631790	ENSG00000153944.12	exon|gene|transcript	1543
chr17	22527323	22528852	ENSG00000240103.2	exon|gene|transcript	1529
chr17	68191337	68192802	ENSG00000267731.1	exon|gene|transcript	1465
chr17	83132823	83134287	ENSG00000279143.1	exon|gene|transcript	1464
chr17	20431595	20433054	ENSG00000287490.1|ENSG00000291194.1	exon|gene|transcript	1459
chr17	82253244	82254679	ENSG00000141526.18|ENSG00000141551.15	exon|gene|transcript	1435
chr17	18511261	18512693	ENSG00000273018.7|ENSG00000290659.1	exon|gene|transcript	1432
chr17	22277866	22279289	ENSG00000264956.2|ENSG00000266691.1	exon|gene|transcript	1423
chr17	35824255	35825666	ENSG00000270647.7|ENSG00000270871.1	exon|gene|transcript	1411
chr17	58529817	58531208	ENSG00000108387.16|ENSG00000264672.6	exon|gene|transcript	1391
chr17	20507524	20508899	ENSG00000266925.1|ENSG00000291196.1	exon|gene|transcript	1375
chr17	71678898	71680253	ENSG00000286387.1	exon|gene|transcript	1355
chr17	18650194	18651542	ENSG00000174977.8|ENSG00000287058.1	exon|gene|transcript	1348
chr17	81262919	81264266	ENSG00000157637.13|ENSG00000279187.1	exon|gene|transcript	1347
chr17	45547726	45549062	ENSG00000214425.11|ENSG00000267198.1|ENSG00000291175.1	exon|gene|transcript	1336
chr17	47018465	47019800	ENSG00000262633.2|ENSG00000262879.7|ENSG00000263142.6|ENSG00000291209.1	exon|gene|transcript	1335
chr17	4301371	4302698	ENSG00000132388.13|ENSG00000261868.1	exon|gene|transcript	1327
chr17	37730272	37731594	ENSG00000275410.6	exon|gene|transcript	1322
chr17	60810164	60811462	ENSG00000141376.24|ENSG00000267083.1	exon|gene|transcript	1298
chr17	45513867	45515156	ENSG00000214425.11|ENSG00000291175.1	exon|gene|transcript	1289
chr17	18661950	18663227	ENSG00000249459.12|ENSG00000290687.1	exon|gene|transcript	1277
chr17	79709465	79710739	ENSG00000267719.1	exon|gene|transcript	1274
chr17	27082689	27083945	ENSG00000265646.2	exon|gene|transcript	1256
chr17	45600868	45602115	ENSG00000263503.1	exon|gene|transcript	1247
chr17	35490008	35491238	ENSG00000205045.12|ENSG00000267046.1	exon|gene|transcript	1230
chr17	21458989	21460215	ENSG00000212719.15|ENSG00000265043.1	exon|gene|transcript	1226
chr17	46243821	46245044	ENSG00000262500.1	exon|gene|transcript	1223
chr17	69094288	69095499	ENSG00000154262.13|ENSG00000267361.1	exon|gene|transcript	1211
chr17	45979019	45980218	ENSG00000186868.18	exon|gene|transcript	1199
chr17	64944313	64945509	ENSG00000265912.1|ENSG00000280299.1	exon|gene|transcript	1196
chr17	47054569	47055747	ENSG00000262879.7	exon|gene|transcript	1178
chr17	45506941	45508108	ENSG00000291175.1	exon|gene|transcript	1167
chr17	20111823	20112990	ENSG00000128487.19|ENSG00000225014.1	exon|gene|transcript	1167
chr17	17167945	17169109	ENSG00000133030.22|ENSG00000263624.1	exon|gene|transcript	1164
chr17	47051400	47052561	ENSG00000262879.7|ENSG00000263142.6	exon|gene|transcript	1161
chr17	68128429	68129586	ENSG00000267023.6|ENSG00000278730.1|ENSG00000290646.1|ENSG00000291214.1	exon|gene|transcript	1157
chr17	46550519	46551667	ENSG00000185829.19|ENSG00000238083.10	exon|gene|transcript	1148
chr17	20585313	20586456	ENSG00000231258.2	exon|gene|transcript	1143
chr17	31049887	31051026	ENSG00000265798.7|ENSG00000290858.1|ENSG00000291063.1	exon|gene|transcript	1139
chr17	83134597	83135733	ENSG00000279143.1	exon|gene|transcript	1136
chr17	62139208	62140340	ENSG00000266066.1	exon|gene|transcript	1132
chr17	18108824	18109952	ENSG00000091536.20|ENSG00000279428.1	exon|gene|transcript	1128
chr17	73929754	73930880	ENSG00000285648.1|ENSG00000288006.1	exon|gene|transcript	1126
chr17	15770313	15771426	ENSG00000235430.1	exon|gene|transcript	1113
chr17	31522395	31523506	ENSG00000131242.18	exon|gene|transcript	1111
chr17	80086418	80087513	ENSG00000141519.15	exon|gene|transcript	1095
chr17	22519616	22520709	ENSG00000266529.1	exon|gene|transcript	1093
chr17	70166960	70168051	ENSG00000267365.2	exon|gene|transcript	1091
chr17	32040436	32041524	ENSG00000185158.13|ENSG00000266777.2|ENSG00000293287.2	exon|gene|transcript	1088
chr17	63727238	63728324	ENSG00000125695.12|ENSG00000266173.7	exon|gene|transcript	1086
chr17	30624412	30625494	ENSG00000214719.13|ENSG00000264943.1	exon|gene|transcript	1082
chr17	33793671	33794749	ENSG00000108684.15|ENSG00000283417.1	exon|gene|transcript	1078
chr17	82250303	82251378	ENSG00000141526.18|ENSG00000141551.15|ENSG00000280407.3	exon|gene|transcript	1075
chr17	49898080	49899150	ENSG00000248954.1	exon|gene|transcript	1070
chr17	22420631	22421696	ENSG00000261020.1	exon|gene|transcript	1065
chr17	21593116	21594180	ENSG00000263375.1	exon|gene|transcript	1064
chr17	36578186	36579244	ENSG00000278311.5	exon|gene|transcript	1058
chr17	76225750	76226806	ENSG00000141576.16|ENSG00000228218.1	exon|gene|transcript	1056
chr17	31201485	31202536	ENSG00000196712.20	exon|gene|transcript	1051
chr17	22693613	22694660	ENSG00000264431.1|ENSG00000293001.1	exon|gene|transcript	1047
chr17	18460390	18461434	ENSG00000230662.1|ENSG00000293139.1	exon|gene|transcript	1044
chr17	8533619	8534658	ENSG00000133026.14	exon|gene|transcript	1039
chr17	22525898	22526937	ENSG00000263914.1	exon|gene|transcript	1039
chr17	20482959	20483991	ENSG00000229586.2	exon|gene|transcript	1032
chr17	63088165	63089197	ENSG00000170921.16|ENSG00000272383.1	exon|gene|transcript	1032
chr17	32041797	32042828	ENSG00000185158.13|ENSG00000293287.2	exon|gene|transcript	1031
chr17	63805507	63806534	ENSG00000198231.14	exon|gene|transcript	1027
chr17	71012562	71013587	ENSG00000271101.1	exon|gene|transcript	1025
chr17	17422680	17423704	ENSG00000227158.1	exon|gene|transcript	1024
chr17	29203425	29204449	ENSG00000178082.6	exon|gene|transcript	1024
chr17	68878427	68879447	ENSG00000141338.15	exon|gene|transcript	1020
chr17	20784705	20785725	ENSG00000226549.3	exon|gene|transcript	1020
chr17	45897782	45898798	ENSG00000186868.18|ENSG00000279685.2	exon|gene|transcript	1016
chr17	77549353	77550367	ENSG00000267506.7|ENSG00000286534.1	exon|gene|transcript	1014
chr17	27418095	27419108	ENSG00000290422.1	exon|gene|transcript	1013
chr17	77879684	77880694	ENSG00000204283.4	exon|gene|transcript	1010
chr17	39993945	39994953	ENSG00000108344.15	exon|gene|transcript	1008
chr17	30068631	30069631	ENSG00000176927.16|ENSG00000266876.1	exon|gene|transcript	1000
chr17	81105085	81106077	ENSG00000175866.16	exon|gene|transcript	992
chr17	3153888	3154879	ENSG00000261848.5|ENSG00000262085.2	exon|gene|transcript	991
chr17	28246453	28247443	ENSG00000266830.1	exon|gene|transcript	990
chr17	20788070	20789059	ENSG00000264215.1	exon|gene|transcript	989
chr17	44649226	44650213	ENSG00000266979.1	exon|gene|transcript	987
chr17	18105446	18106432	ENSG00000108591.10	exon|gene|transcript	986
chr17	82902419	82903404	ENSG00000141556.22	exon|gene|transcript	985
chr17	62136971	62137948	ENSG00000266066.1	exon|gene|transcript	977
chr17	30632121	30633097	ENSG00000214719.13|ENSG00000250462.9|ENSG00000290450.1	exon|gene|transcript	976
chr17	16616913	16617881	ENSG00000235554.1	exon|gene|transcript	968
chr17	79600325	79601292	ENSG00000167281.20|ENSG00000263278.2	exon|gene|transcript	967
chr17	80463803	80464766	ENSG00000279273.1	exon|gene|transcript	963
chr17	8575018	8575979	ENSG00000133026.14	exon|gene|transcript	961
chr17	78499346	78500304	ENSG00000187775.17|ENSG00000267432.6	exon|gene|transcript	958
chr17	16794658	16795615	ENSG00000266302.6|ENSG00000272815.1|ENSG00000290976.1	exon|gene|transcript	957
chr17	65843033	65843988	ENSG00000154240.18	exon|gene|transcript	955
chr17	46754359	46755313	ENSG00000073969.19	exon|gene|transcript	954
chr17	19602258	19603208	ENSG00000227225.1	exon|gene|transcript	950
chr17	15065485	15066434	ENSG00000287307.1	exon|gene|transcript	949
chr17	20589419	20590367	ENSG00000188013.6|ENSG00000231258.2	exon|gene|transcript	948
chr17	3116426	3117374	ENSG00000142163.8	exon|gene|transcript	948
chr17	60063073	60064016	ENSG00000068097.16|ENSG00000267526.1	exon|gene|transcript	943
chr17	2586924	2587866	ENSG00000262953.1	exon|gene|transcript	942
chr17	31524151	31525089	ENSG00000131242.18	exon|gene|transcript	938
chr17	79916813	79917749	ENSG00000262585.1	exon|gene|transcript	936
chr17	45825760	45826693	ENSG00000120088.16|ENSG00000263715.7|ENSG00000264589.5	exon|gene|transcript	933
chr17	3265610	3266541	ENSG00000262106.1	exon|gene|transcript	931
chr17	68134674	68135604	ENSG00000267023.6|ENSG00000267352.1|ENSG00000277476.1|ENSG00000290646.1|ENSG00000291214.1	exon|gene|transcript	930
chr17	46329415	46330344	ENSG00000176681.15|ENSG00000228696.11	exon|gene|transcript	929
chr17	31022341	31023270	ENSG00000266865.9|ENSG00000291063.1	exon|gene|transcript	929
chr17	77563753	77564681	ENSG00000267466.1	exon|gene|transcript	928
chr17	22705685	22706607	ENSG00000293001.1	exon|gene|transcript	922
chr17	14327800	14328719	ENSG00000125430.9|ENSG00000266378.1	exon|gene|transcript	919
chr17	22204092	22205009	ENSG00000263563.8|ENSG00000290919.1	exon|gene|transcript	917
chr17	18525930	18526846	ENSG00000273018.7	exon|gene|transcript	916
chr17	80754185	80755098	ENSG00000141564.16	exon|gene|transcript	913
chr17	81232518	81233431	ENSG00000167302.11|ENSG00000260005.6	exon|gene|transcript	913
chr17	79099498	79100410	ENSG00000167281.20	exon|gene|transcript	912
chr17	3310310	3311216	ENSG00000180068.11|ENSG00000221882.5|ENSG00000290820.1	exon|gene|transcript	906
chr17	82947045	82947950	ENSG00000175711.9	exon|gene|transcript	905
chr17	34176772	34177673	ENSG00000261156.6|ENSG00000264990.1	exon|gene|transcript	901
chr17	20365085	20365985	ENSG00000154898.17	exon|gene|transcript	900
chr17	58077530	58078429	ENSG00000266290.1	exon|gene|transcript	899
chr17	39030258	39031151	ENSG00000214553.12|ENSG00000290925.1	exon|gene|transcript	893
chr17	8551157	8552045	ENSG00000133026.14	exon|gene|transcript	888
chr17	35810701	35811584	ENSG00000270647.7	exon|gene|transcript	883
chr17	36577099	36577982	ENSG00000278311.5	exon|gene|transcript	883
chr17	82920618	82921500	ENSG00000141556.22	exon|gene|transcript	882
chr17	41639318	41640199	ENSG00000290861.1	exon|gene|transcript	881
chr17	35498298	35499175	ENSG00000205045.12|ENSG00000267369.1	exon|gene|transcript	877
chr17	64783973	64784842	ENSG00000291117.1	exon|gene|transcript	869
chr17	39548940	39549808	ENSG00000167258.16	exon|gene|transcript	868
chr17	17242019	17242886	ENSG00000226359.1	exon|gene|transcript	867
chr17	30634326	30635190	ENSG00000214719.13|ENSG00000250462.9|ENSG00000290450.1	exon|gene|transcript	864
chr17	77559047	77559909	ENSG00000267506.7	exon|gene|transcript	862
chr17	68150063	68150924	ENSG00000267023.6|ENSG00000291214.1	exon|gene|transcript	861
chr17	63152593	63153453	ENSG00000170921.16	exon|gene|transcript	860
chr17	22421844	22422704	ENSG00000261020.1	exon|gene|transcript	860
chr17	19674637	19675495	ENSG00000072210.19	exon|gene|transcript	858
chr17	15768716	15769573	ENSG00000235430.1	exon|gene|transcript	857
chr17	20583757	20584608	ENSG00000231258.2	exon|gene|transcript	851
chr17	48911204	48912054	ENSG00000159202.18	exon|gene|transcript	850
chr17	44229378	44230228	ENSG00000267691.1	exon|gene|transcript	850
chr17	3716798	3717643	ENSG00000083457.12	exon|gene|transcript	845
chr17	15786732	15787575	ENSG00000179277.9	exon|gene|transcript	843
chr17	20339479	20340319	ENSG00000154898.17|ENSG00000293363.2	exon|gene|transcript	840
chr17	44719759	44720597	ENSG00000161692.18|ENSG00000240305.1	exon|gene|transcript	838
chr17	45481602	45482432	ENSG00000225190.12	exon|gene|transcript	830
chr17	34069989	34070816	ENSG00000108684.15|ENSG00000265356.2|ENSG00000279668.4	exon|gene|transcript	827
chr17	83145363	83146190	ENSG00000262898.5	exon|gene|transcript	827
chr17	47048229	47049055	ENSG00000262633.2|ENSG00000262879.7|ENSG00000263142.6|ENSG00000291209.1	exon|gene|transcript	826
chr17	64800091	64800917	ENSG00000214176.12|ENSG00000291117.1	exon|gene|transcript	826
chr17	753133	753958	ENSG00000179409.11|ENSG00000293440.1	exon|gene|transcript	825
chr17	46641358	46642182	ENSG00000073969.19	exon|gene|transcript	824
chr17	82008038	82008862	ENSG00000169696.16	exon|gene|transcript	824
chr17	15051453	15052276	ENSG00000232058.1	exon|gene|transcript	823
chr17	44465115	44465935	ENSG00000186566.13	exon|gene|transcript	820
chr17	29075296	29076113	ENSG00000196535.20	exon|gene|transcript	817
chr17	72075013	72075823	ENSG00000226101.2|ENSG00000234899.11|ENSG00000288605.1	exon|gene|transcript	810
chr17	82059141	82059947	ENSG00000169718.18	exon|gene|transcript	806
chr17	47159190	47159993	ENSG00000004897.12|ENSG00000239291.1	exon|gene|transcript	803
chr17	27057417	27058218	ENSG00000264837.1	exon|gene|transcript	801
chr17	62735130	62735930	ENSG00000173838.12|ENSG00000265702.2	exon|gene|transcript	800
chr17	28276418	28277217	ENSG00000265480.7|ENSG00000293325.1	exon|gene|transcript	799
chr17	8532760	8533559	ENSG00000133026.14	exon|gene|transcript	799
chr17	37140610	37141408	ENSG00000274308.1|ENSG00000278540.5	exon|gene|transcript	798
chr17	5730288	5731085	ENSG00000262961.1	exon|gene|transcript	797
chr17	57265371	57266166	ENSG00000153944.12	exon|gene|transcript	795
chr17	16666107	16666902	ENSG00000264359.1	exon|gene|transcript	795
chr17	18579701	18580494	ENSG00000154874.18|ENSG00000291090.1	exon|gene|transcript	793
chr17	36509135	36509922	ENSG00000278259.5	exon|gene|transcript	787
chr17	80352152	80352939	ENSG00000173821.20|ENSG00000263069.6	exon|gene|transcript	787
chr17	68522926	68523713	ENSG00000108946.17|ENSG00000267009.6	exon|gene|transcript	787
chr17	39090902	39091686	ENSG00000161381.14|ENSG00000286443.1|ENSG00000293194.1	exon|gene|transcript	784
chr17	46546373	46547156	ENSG00000185829.19|ENSG00000238083.10	exon|gene|transcript	783
chr17	47049932	47050713	ENSG00000262879.7|ENSG00000263142.6	exon|gene|transcript	781
chr17	68524130	68524911	ENSG00000108946.17|ENSG00000267009.6	exon|gene|transcript	781
chr17	22530611	22531392	ENSG00000264316.1	exon|gene|transcript	781
chr17	77483073	77483851	ENSG00000184640.20	exon|gene|transcript	778
chr17	35832099	35832876	ENSG00000270647.7	exon|gene|transcript	777
chr17	14032489	14033265	ENSG00000236088.12	exon|gene|transcript	776
chr17	53434555	53435331	ENSG00000262271.1|ENSG00000285939.2	exon|gene|transcript	776
chr17	38850736	38851512	ENSG00000125691.14	exon|gene|transcript	776
chr17	18096800	18097574	ENSG00000108591.10	exon|gene|transcript	774
chr17	69981373	69982145	ENSG00000237560.9	exon|gene|transcript	772
chr17	8464235	8465004	ENSG00000166579.16	exon|gene|transcript	769
chr17	40634431	40635200	ENSG00000073584.20|ENSG00000264058.2	exon|gene|transcript	769
chr17	81311422	81312184	ENSG00000185332.8	exon|gene|transcript	762
chr17	11197987	11198749	ENSG00000285541.1	exon|gene|transcript	762
chr17	12987500	12988262	ENSG00000006740.18	exon|gene|transcript	762
chr17	21450319	21451080	ENSG00000212719.15|ENSG00000287671.1	exon|gene|transcript	761
chr17	18123722	18124482	ENSG00000091536.20	exon|gene|transcript	760
chr17	69519432	69520192	ENSG00000108984.16	exon|gene|transcript	760
chr17	36989411	36990170	ENSG00000275700.6	exon|gene|transcript	759
chr17	51761259	51762014	ENSG00000154975.14|ENSG00000279743.1	exon|gene|transcript	755
chr17	19167257	19168011	ENSG00000261987.2|ENSG00000266311.6	exon|gene|transcript	754
chr17	19084077	19084831	ENSG00000230197.6|ENSG00000265746.1	exon|gene|transcript	754
chr17	50364037	50364787	ENSG00000279792.1	exon|gene|transcript	750
chr17	35907186	35907934	ENSG00000293240.1	exon|gene|transcript	748
chr17	18311903	18312651	ENSG00000177302.16|ENSG00000228000.1	exon|gene|transcript	748
chr17	20402055	20402796	ENSG00000154898.17	exon|gene|transcript	741
chr17	63581731	63582471	ENSG00000136485.16|ENSG00000288894.1	exon|gene|transcript	740
chr17	47017725	47018465	ENSG00000262633.2|ENSG00000262879.7|ENSG00000263142.6|ENSG00000291209.1	exon|gene|transcript	740
chr17	74592283	74593022	ENSG00000182352.8	exon|gene|transcript	739
chr17	57267426	57268163	ENSG00000153944.12	exon|gene|transcript	737
chr17	53756988	53757724	ENSG00000233380.1|ENSG00000285939.2	exon|gene|transcript	736
chr17	63582765	63583501	ENSG00000136485.16|ENSG00000288894.1	exon|gene|transcript	736
chr17	6480665	6481400	ENSG00000091622.16	exon|gene|transcript	735
chr17	36574463	36575197	ENSG00000274756.1|ENSG00000278311.5	exon|gene|transcript	734
chr17	57627760	57628492	ENSG00000153944.12	exon|gene|transcript	732
chr17	15814456	15815188	ENSG00000237057.3	exon|gene|transcript	732
chr17	76093681	76094413	ENSG00000182473.22	exon|gene|transcript	732
chr17	47049201	47049932	ENSG00000262633.2|ENSG00000262879.7|ENSG00000263142.6	exon|gene|transcript	731
chr17	32499994	32500724	ENSG00000176658.17|ENSG00000266718.2	exon|gene|transcript	730
chr17	18839354	18840084	ENSG00000250111.3	exon|gene|transcript	730
chr17	35913880	35914610	ENSG00000271013.1	exon|gene|transcript	730
chr17	31359757	31360486	ENSG00000196712.20	exon|gene|transcript	729
chr17	72069510	72070239	ENSG00000234899.11|ENSG00000288605.1	exon|gene|transcript	729
chr17	22412012	22412740	ENSG00000276399.1	exon|gene|transcript	728
chr17	3553442	3554169	ENSG00000167723.15	exon|gene|transcript	727
chr17	79233906	79234629	ENSG00000167281.20	exon|gene|transcript	723
chr17	19656574	19657296	ENSG00000072210.19	exon|gene|transcript	722
chr17	46930377	46931098	ENSG00000108433.17|ENSG00000262633.2	exon|gene|transcript	721
chr17	60623749	60624470	ENSG00000170836.13	exon|gene|transcript	721
chr17	80360389	80361106	ENSG00000173821.20|ENSG00000263069.6	exon|gene|transcript	717
chr17	51502487	51503203	ENSG00000187504.6|ENSG00000267452.3	exon|gene|transcript	716
chr17	57991521	57992237	ENSG00000264112.1|ENSG00000266086.3	exon|gene|transcript	716
chr17	45592657	45593369	ENSG00000280022.1	exon|gene|transcript	712
chr17	16861611	16862323	ENSG00000283033.1	exon|gene|transcript	712
chr17	17013813	17014524	ENSG00000260328.1	exon|gene|transcript	711
chr17	79097750	79098461	ENSG00000167281.20	exon|gene|transcript	711
chr17	83222246	83222956	ENSG00000262094.1	exon|gene|transcript	710
chr17	51296254	51296964	ENSG00000011260.14	exon|gene|transcript	710
chr17	35915886	35916596	ENSG00000271013.1	exon|gene|transcript	710
chr17	77723152	77723861	ENSG00000267790.1	exon|gene|transcript	709
chr17	18520098	18520806	ENSG00000273018.7|ENSG00000290659.1	exon|gene|transcript	708
chr17	76430416	76431122	ENSG00000175931.13|ENSG00000242931.1	exon|gene|transcript	706
chr17	60434352	60435056	ENSG00000293252.1	exon|gene|transcript	704
chr17	19141541	19142242	ENSG00000189152.11|ENSG00000262319.1	exon|gene|transcript	701
chr17	19032303	19033004	ENSG00000154016.14|ENSG00000279825.1	exon|gene|transcript	701
chr17	15741241	15741941	ENSG00000214946.15|ENSG00000233002.2|ENSG00000255104.9	exon|gene|transcript	700
chr17	32504944	32505644	ENSG00000176658.17|ENSG00000280245.1	exon|gene|transcript	700
chr17	14865711	14866409	ENSG00000238212.3	exon|gene|transcript	698
chr17	61390708	61391406	ENSG00000141376.24|ENSG00000267131.1	exon|gene|transcript	698
chr17	19210243	19210940	ENSG00000236022.6|ENSG00000263206.1	exon|gene|transcript	697
chr17	39835384	39836080	ENSG00000161405.17|ENSG00000264663.1	exon|gene|transcript	696
chr17	82393217	82393911	ENSG00000181396.13	exon|gene|transcript	694
chr17	19633132	19633825	ENSG00000290544.1	exon|gene|transcript	693
chr17	82155224	82155916	ENSG00000176155.21	exon|gene|transcript	692
chr17	8482252	8482943	ENSG00000133026.14|ENSG00000166579.16	exon|gene|transcript	691
chr17	55550959	55551649	ENSG00000262135.1|ENSG00000293350.1	exon|gene|transcript	690
chr17	15789015	15789705	ENSG00000276855.1	exon|gene|transcript	690
chr17	16764175	16764863	ENSG00000170160.19|ENSG00000266302.6	exon|gene|transcript	688
chr17	32510165	32510852	ENSG00000176658.17|ENSG00000265222.1	exon|gene|transcript	687
chr17	82599405	82600091	ENSG00000141568.21	exon|gene|transcript	686
chr17	8534701	8535386	ENSG00000133026.14	exon|gene|transcript	685
chr17	44365013	44365698	ENSG00000267634.1	exon|gene|transcript	685
chr17	47016243	47016928	ENSG00000262633.2|ENSG00000262879.7|ENSG00000291209.1	exon|gene|transcript	685
chr17	19017640	19018325	ENSG00000154025.16	exon|gene|transcript	685
chr17	31034291	31034975	ENSG00000291063.1	exon|gene|transcript	684
chr17	77590670	77591352	ENSG00000285535.2	exon|gene|transcript	682
chr17	29512981	29513661	ENSG00000160551.12	exon|gene|transcript	680
chr17	80824180	80824860	ENSG00000141564.16|ENSG00000287403.1	exon|gene|transcript	680
chr17	22529933	22530609	ENSG00000263483.1	exon|gene|transcript	676
chr17	54954105	54954781	ENSG00000141198.16|ENSG00000166260.13	exon|gene|transcript	676
chr17	73749336	73750011	ENSG00000177338.14|ENSG00000263574.2	exon|gene|transcript	675
chr17	29197111	29197785	ENSG00000264050.1	exon|gene|transcript	674
chr17	81929709	81930383	ENSG00000265688.2	exon|gene|transcript	674
chr17	70192046	70192719	ENSG00000289371.1	exon|gene|transcript	673
chr17	31345518	31346190	ENSG00000196712.20|ENSG00000263535.2	exon|gene|transcript	672
chr17	8487594	8488266	ENSG00000133026.14|ENSG00000166579.16	exon|gene|transcript	672
chr17	22438362	22439033	ENSG00000293297.1	exon|gene|transcript	671
chr17	58476280	58476950	ENSG00000176160.11|ENSG00000266648.1	exon|gene|transcript	670
chr17	15704231	15704900	ENSG00000187607.16|ENSG00000233966.1|ENSG00000255104.9	exon|gene|transcript	669
chr17	18330683	18331351	ENSG00000176974.22	exon|gene|transcript	668
chr17	63725969	63726637	ENSG00000125695.12|ENSG00000266173.7	exon|gene|transcript	668
chr17	82600635	82601302	ENSG00000141568.21	exon|gene|transcript	667
chr17	75704814	75705480	ENSG00000161526.15	exon|gene|transcript	666
chr17	53439056	53439721	ENSG00000262518.1|ENSG00000285939.2	exon|gene|transcript	665
chr17	68126665	68127329	ENSG00000267023.6|ENSG00000278730.1|ENSG00000291214.1	exon|gene|transcript	664
chr17	68678308	68678971	ENSG00000267659.5	exon|gene|transcript	663
chr17	27612588	27613251	ENSG00000141068.17|ENSG00000266853.1	exon|gene|transcript	663
chr17	69520386	69521048	ENSG00000108984.16	exon|gene|transcript	662
chr17	47009366	47010027	ENSG00000262633.2|ENSG00000262879.7|ENSG00000291209.1	exon|gene|transcript	661
chr17	32111825	32112485	ENSG00000263369.7|ENSG00000265574.1|ENSG00000290975.1	exon|gene|transcript	660
chr17	35459480	35460138	ENSG00000267312.1	exon|gene|transcript	658
chr17	35003614	35004272	ENSG00000005156.12	exon|gene|transcript	658
chr17	29077013	29077669	ENSG00000196535.20	exon|gene|transcript	656
chr17	31357369	31358024	ENSG00000196712.20	exon|gene|transcript	655
chr17	16933832	16934485	ENSG00000240505.9|ENSG00000290698.1	exon|gene|transcript	653
chr17	63182165	63182817	ENSG00000170921.16|ENSG00000264529.1	exon|gene|transcript	652
chr17	4178205	4178856	ENSG00000167740.10|ENSG00000185722.18	exon|gene|transcript	651
chr17	79235115	79235765	ENSG00000167281.20	exon|gene|transcript	650
chr17	22528921	22529570	ENSG00000240103.2	exon|gene|transcript	649
chr17	20245276	20245925	ENSG00000128487.19|ENSG00000263494.1	exon|gene|transcript	649
chr17	12705372	12706018	ENSG00000141052.18|ENSG00000227274.1	exon|gene|transcript	646
chr17	30663560	30664206	ENSG00000214719.13	exon|gene|transcript	646
chr17	20246574	20247218	ENSG00000128487.19|ENSG00000263494.1	exon|gene|transcript	644
chr17	55271831	55272475	ENSG00000108924.14|ENSG00000263096.1	exon|gene|transcript	644
chr17	7140954	7141591	ENSG00000213876.4|ENSG00000289977.1	exon|gene|transcript	637
chr17	35916893	35917529	ENSG00000271013.1	exon|gene|transcript	636
chr17	8477054	8477690	ENSG00000133026.14|ENSG00000166579.16	exon|gene|transcript	636
chr17	19445969	19446603	ENSG00000189343.7|ENSG00000235979.9	exon|gene|transcript	634
chr17	57626280	57626914	ENSG00000153944.12	exon|gene|transcript	634
chr17	39031805	39032437	ENSG00000214553.12|ENSG00000290925.1	exon|gene|transcript	632
chr17	2389704	2390335	ENSG00000070444.15	exon|gene|transcript	631
chr17	35911023	35911651	ENSG00000270977.3	exon|gene|transcript	628
chr17	39192415	39193042	ENSG00000067191.17	exon|gene|transcript	627
chr17	9174903	9175529	ENSG00000065320.9|ENSG00000262966.2	exon|gene|transcript	626
chr17	53105733	53106358	ENSG00000262902.1	exon|gene|transcript	625
chr17	3214554	3215178	ENSG00000172146.4	exon|gene|transcript	624
chr17	43718313	43718935	ENSG00000267253.1	exon|gene|transcript	622
chr17	42470218	42470840	ENSG00000033627.18	exon|gene|transcript	622
chr17	29570688	29571309	ENSG00000167543.16|ENSG00000264031.1	exon|gene|transcript	621
chr17	46559950	46560569	ENSG00000185829.19|ENSG00000232300.1	exon|gene|transcript	619
chr17	68188546	68189165	ENSG00000278740.1	exon|gene|transcript	619
chr17	4856756	4857374	ENSG00000141503.17|ENSG00000230201.5	exon|gene|transcript	618
chr17	35406947	35407565	ENSG00000267648.1|ENSG00000267745.1	exon|gene|transcript	618
chr17	76090525	76091142	ENSG00000182473.22|ENSG00000279382.1	exon|gene|transcript	617
chr17	18661296	18661913	ENSG00000287058.1|ENSG00000290687.1	exon|gene|transcript	617
chr17	69249287	69249904	ENSG00000154265.16	exon|gene|transcript	617
chr17	71099002	71099618	ENSG00000260785.2	exon|gene|transcript	616
chr17	19142955	19143571	ENSG00000189152.11|ENSG00000262319.1	exon|gene|transcript	616
chr17	19030974	19031590	ENSG00000154016.14|ENSG00000279825.1	exon|gene|transcript	616
chr17	45654194	45654809	ENSG00000263715.7|ENSG00000293460.1	exon|gene|transcript	615
chr17	1654016	1654631	ENSG00000174231.18	exon|gene|transcript	615
chr17	44853635	44854249	ENSG00000108883.13	exon|gene|transcript	614
chr17	2232949	2233563	ENSG00000070366.14|ENSG00000225084.1	exon|gene|transcript	614
chr17	8481514	8482126	ENSG00000133026.14|ENSG00000166579.16	exon|gene|transcript	612
chr17	61382784	61383396	ENSG00000141376.24|ENSG00000266934.1|ENSG00000267131.1	exon|gene|transcript	612
chr17	65687617	65688229	ENSG00000154240.18	exon|gene|transcript	612
chr17	30738304	30738915	ENSG00000264538.8|ENSG00000280069.1|ENSG00000290928.1	exon|gene|transcript	611
chr17	35499689	35500299	ENSG00000205045.12|ENSG00000267074.1	exon|gene|transcript	610
chr17	20437515	20438125	ENSG00000287490.1|ENSG00000291195.1	exon|gene|transcript	610
chr17	80802621	80803230	ENSG00000141564.16|ENSG00000262833.1	exon|gene|transcript	609
chr17	41985439	41986047	ENSG00000168259.17	exon|gene|transcript	608
chr17	47979653	47980259	ENSG00000108465.15|ENSG00000263798.2	exon|gene|transcript	606
chr17	21444835	21445439	ENSG00000212719.15|ENSG00000265881.1|ENSG00000287671.1	exon|gene|transcript	604
chr17	70778603	70779204	ENSG00000271239.1	exon|gene|transcript	601
chr17	31355859	31356459	ENSG00000196712.20	exon|gene|transcript	600
chr17	56984217	56984817	ENSG00000121064.13|ENSG00000263120.1	exon|gene|transcript	600
chr17	27002660	27003259	ENSG00000264172.1	exon|gene|transcript	599
chr17	17170891	17171490	ENSG00000133030.22|ENSG00000263624.1	exon|gene|transcript	599
chr17	33936106	33936704	ENSG00000108684.15|ENSG00000265356.2|ENSG00000279668.4	exon|gene|transcript	598
chr17	17220574	17221170	ENSG00000154803.13|ENSG00000264187.1	exon|gene|transcript	596
chr17	62030495	62031091	ENSG00000108510.10	exon|gene|transcript	596
chr17	8483541	8484137	ENSG00000133026.14|ENSG00000166579.16	exon|gene|transcript	596
chr17	6689246	6689841	ENSG00000141485.17|ENSG00000256806.6|ENSG00000290366.1	exon|gene|transcript	595
chr17	81264503	81265098	ENSG00000157637.13|ENSG00000279187.1	exon|gene|transcript	595
chr17	17077157	17077752	ENSG00000133030.22|ENSG00000225442.2	exon|gene|transcript	595
chr17	32047166	32047760	ENSG00000185158.13	exon|gene|transcript	594
chr17	74348589	74349183	ENSG00000196169.15	exon|gene|transcript	594
chr17	56227957	56228550	ENSG00000153930.13	exon|gene|transcript	593
chr17	20549359	20549952	ENSG00000235203.2|ENSG00000267075.1	exon|gene|transcript	593
chr17	59689155	59689747	ENSG00000141367.13|ENSG00000141378.15	exon|gene|transcript	592
chr17	45518635	45519227	ENSG00000214425.11|ENSG00000291175.1	exon|gene|transcript	592
chr17	16862612	16863204	ENSG00000283033.1	exon|gene|transcript	592
chr17	47898712	47899303	ENSG00000167182.16|ENSG00000234494.8	exon|gene|transcript	591
chr17	4016774	4017365	ENSG00000074755.15	exon|gene|transcript	591
chr17	48066703	48067293	ENSG00000278765.1	exon|gene|transcript	590
chr17	48635922	48636512	ENSG00000272763.1	exon|gene|transcript	590
chr17	50723072	50723661	ENSG00000108848.16|ENSG00000278963.1	exon|gene|transcript	589
chr17	72068621	72069210	ENSG00000234899.11|ENSG00000288605.1	exon|gene|transcript	589
chr17	64750723	64751311	ENSG00000215769.8|ENSG00000265298.1|ENSG00000266820.1	exon|gene|transcript	588
chr17	67611765	67612352	ENSG00000154217.16|ENSG00000279917.1	exon|gene|transcript	587
chr17	19496942	19497528	ENSG00000142494.13|ENSG00000228331.2	exon|gene|transcript	586
chr17	46721581	46722167	ENSG00000073969.19|ENSG00000213326.4	exon|gene|transcript	586
chr17	61379140	61379726	ENSG00000141376.24|ENSG00000267131.1	exon|gene|transcript	586
chr17	20613074	20613660	ENSG00000227685.1|ENSG00000235546.2	exon|gene|transcript	586
chr17	15783724	15784307	ENSG00000227018.1	exon|gene|transcript	583
chr17	16731216	16731799	ENSG00000170160.19|ENSG00000266302.6	exon|gene|transcript	583
chr17	37620289	37620872	ENSG00000278053.5	exon|gene|transcript	583
chr17	78522246	78522828	ENSG00000187775.17|ENSG00000267770.1	exon|gene|transcript	582
chr17	81313170	81313752	ENSG00000185332.8	exon|gene|transcript	582
chr17	28179897	28180479	ENSG00000087095.13|ENSG00000288923.1	exon|gene|transcript	582
chr17	58722521	58723102	ENSG00000108384.16	exon|gene|transcript	581
chr17	9589901	9590482	ENSG00000166596.15|ENSG00000241654.1	exon|gene|transcript	581
chr17	64943436	64944016	ENSG00000265912.1|ENSG00000280299.1	exon|gene|transcript	580
chr17	19657862	19658442	ENSG00000072210.19	exon|gene|transcript	580
chr17	31233305	31233885	ENSG00000196712.20	exon|gene|transcript	580
chr17	7863783	7864363	ENSG00000183011.14|ENSG00000280046.1	exon|gene|transcript	580
chr17	22285697	22286277	ENSG00000264956.2	exon|gene|transcript	580
chr17	48691115	48691694	ENSG00000242067.1|ENSG00000244649.5	exon|gene|transcript	579
chr17	19719639	19720218	ENSG00000262681.2	exon|gene|transcript	579
chr17	50359343	50359921	ENSG00000015532.10	exon|gene|transcript	578
chr17	37568212	37568790	ENSG00000275066.5	exon|gene|transcript	578
chr17	76966806	76967384	ENSG00000267568.6|ENSG00000280122.1	exon|gene|transcript	578
chr17	51762819	51763397	ENSG00000154975.14|ENSG00000279743.1	exon|gene|transcript	578
chr17	46170276	46170854	ENSG00000120071.15	exon|gene|transcript	578
chr17	69625963	69626540	ENSG00000227517.7	exon|gene|transcript	577
chr17	65902334	65902910	ENSG00000154240.18	exon|gene|transcript	576
chr17	548706	549282	ENSG00000141252.21	exon|gene|transcript	576
chr17	2087074	2087649	ENSG00000070366.14	exon|gene|transcript	575
chr17	21528446	21529021	ENSG00000212719.15	exon|gene|transcript	575
chr17	76923849	76924423	ENSG00000167889.13	exon|gene|transcript	574
chr17	82482097	82482671	ENSG00000141562.19|ENSG00000266236.1	exon|gene|transcript	574
chr17	82644023	82644596	ENSG00000141568.21|ENSG00000141580.16	exon|gene|transcript	573
chr17	82392645	82393217	ENSG00000181396.13	exon|gene|transcript	572
chr17	19604476	19605048	ENSG00000228725.3	exon|gene|transcript	572
chr17	8014028	8014600	ENSG00000132518.7|ENSG00000279174.1	exon|gene|transcript	572
chr17	53276759	53277328	ENSG00000285939.2	exon|gene|transcript	569
chr17	30975386	30975954	ENSG00000181481.14|ENSG00000264743.2	exon|gene|transcript	568
chr17	18388288	18388856	ENSG00000214860.5|ENSG00000264177.1	exon|gene|transcript	568
chr17	12995978	12996546	ENSG00000006744.19	exon|gene|transcript	568
chr17	70067528	70068095	ENSG00000153822.15|ENSG00000230258.6|ENSG00000267603.1	exon|gene|transcript	567
chr17	16351230	16351797	ENSG00000108474.17|ENSG00000166582.11	exon|gene|transcript	567
chr17	45649567	45650134	ENSG00000263715.7|ENSG00000293460.1	exon|gene|transcript	567
chr17	80189067	80189634	ENSG00000141527.19	exon|gene|transcript	567
chr17	20244241	20244808	ENSG00000128487.19|ENSG00000263494.1	exon|gene|transcript	567
chr17	74671954	74672521	ENSG00000172794.20|ENSG00000264659.2	exon|gene|transcript	567
chr17	45562664	45563230	ENSG00000267198.1|ENSG00000291175.1	exon|gene|transcript	566
chr17	72464598	72465163	ENSG00000227036.10	exon|gene|transcript	565
chr17	31338139	31338703	ENSG00000196712.20	exon|gene|transcript	564
chr17	40834519	40835082	ENSG00000167920.12	exon|gene|transcript	563
chr17	78691417	78691979	ENSG00000108669.18|ENSG00000279570.1	exon|gene|transcript	562
chr17	7935675	7936237	ENSG00000170037.14	exon|gene|transcript	562
chr17	42648177	42648738	ENSG00000267132.1	exon|gene|transcript	561
chr17	34255660	34256221	ENSG00000108691.10	exon|gene|transcript	561
chr17	45637401	45637959	ENSG00000263715.7|ENSG00000293460.1	exon|gene|transcript	558
chr17	36597605	36598162	ENSG00000278535.5	exon|gene|transcript	557
chr17	5503595	5504152	ENSG00000091592.17	exon|gene|transcript	557
chr17	39917936	39918493	ENSG00000073605.19	exon|gene|transcript	557
chr17	6705001	6705557	ENSG00000141485.17	exon|gene|transcript	556
chr17	63331983	63332539	ENSG00000170921.16|ENSG00000233635.2|ENSG00000271919.1	exon|gene|transcript	556
chr17	79599624	79600179	ENSG00000167281.20|ENSG00000263278.2	exon|gene|transcript	555
chr17	20864734	20865288	ENSG00000291074.1	exon|gene|transcript	554
chr17	34005401	34005955	ENSG00000108684.15|ENSG00000265356.2|ENSG00000279668.4|ENSG00000279674.1	exon|gene|transcript	554
chr17	34004789	34005342	ENSG00000108684.15|ENSG00000265356.2|ENSG00000279668.4|ENSG00000279674.1	exon|gene|transcript	553
chr17	8013326	8013879	ENSG00000132518.7|ENSG00000279174.1	exon|gene|transcript	553
chr17	34576574	34577127	ENSG00000197322.4	exon|gene|transcript	553
chr17	49407473	49408025	ENSG00000167085.14|ENSG00000262039.1	exon|gene|transcript	552
chr17	62737332	62737884	ENSG00000173838.12|ENSG00000265702.2	exon|gene|transcript	552
chr17	30249492	30250042	ENSG00000108578.15|ENSG00000266120.1	exon|gene|transcript	550
chr17	41550235	41550783	ENSG00000226629.1	exon|gene|transcript	548
chr17	47880776	47881324	ENSG00000266821.1	exon|gene|transcript	548
chr17	44464544	44465091	ENSG00000186566.13	exon|gene|transcript	547
chr17	66197692	66198238	ENSG00000266707.1	exon|gene|transcript	546
chr17	62036104	62036649	ENSG00000108510.10|ENSG00000285879.1	exon|gene|transcript	545
chr17	62841100	62841645	ENSG00000264907.1	exon|gene|transcript	545
chr17	80824891	80825435	ENSG00000141564.16|ENSG00000287403.1	exon|gene|transcript	544
chr17	79598792	79599336	ENSG00000167281.20|ENSG00000263278.2	exon|gene|transcript	544
chr17	81955544	81956087	ENSG00000185269.12|ENSG00000235296.2	exon|gene|transcript	543
chr17	31047164	31047707	ENSG00000265798.7|ENSG00000290858.1|ENSG00000291063.1	exon|gene|transcript	543
chr17	5502963	5503506	ENSG00000091592.17	exon|gene|transcript	543
chr17	30559023	30559565	ENSG00000266733.8|ENSG00000290404.1	exon|gene|transcript	542
chr17	16528295	16528837	ENSG00000286743.1	exon|gene|transcript	542
chr17	40721390	40721932	ENSG00000229028.4	exon|gene|transcript	542
chr17	42223807	42224348	ENSG00000173757.11	exon|gene|transcript	541
chr17	21534030	21534571	ENSG00000212719.15|ENSG00000266466.1	exon|gene|transcript	541
chr17	10658541	10659082	ENSG00000261433.1	exon|gene|transcript	541
chr17	68190753	68191293	ENSG00000267731.1	exon|gene|transcript	540
chr17	17181533	17182073	ENSG00000133030.22|ENSG00000263624.1|ENSG00000278864.1	exon|gene|transcript	540
chr17	5482269	5482808	ENSG00000072849.11	exon|gene|transcript	539
chr17	62585595	62586134	ENSG00000146872.19	exon|gene|transcript	539
chr17	59885014	59885552	ENSG00000108423.15|ENSG00000270264.1	exon|gene|transcript	538
chr17	18512741	18513277	ENSG00000273018.7|ENSG00000290659.1	exon|gene|transcript	536
chr17	4267894	4268430	ENSG00000274363.1	exon|gene|transcript	536
chr17	42510657	42511191	ENSG00000033627.18|ENSG00000267632.1	exon|gene|transcript	534
chr17	36950818	36951351	ENSG00000275700.6	exon|gene|transcript	533
chr17	36501235	36501768	ENSG00000278259.5	exon|gene|transcript	533
chr17	18163967	18164499	ENSG00000091536.20	exon|gene|transcript	532
chr17	54957260	54957792	ENSG00000141198.16|ENSG00000166260.13|ENSG00000279059.1	exon|gene|transcript	532
chr17	9173873	9174405	ENSG00000065320.9|ENSG00000262966.2	exon|gene|transcript	532
chr17	37020401	37020933	ENSG00000275700.6	exon|gene|transcript	532
chr17	47160525	47161057	ENSG00000004897.12|ENSG00000262265.2	exon|gene|transcript	532
chr17	40631060	40631591	ENSG00000073584.20|ENSG00000264058.2	exon|gene|transcript	531
chr17	9556902	9557433	ENSG00000170310.15	exon|gene|transcript	531
chr17	77877329	77877859	ENSG00000204283.4	exon|gene|transcript	530
chr17	18097739	18098269	ENSG00000108591.10	exon|gene|transcript	530
chr17	47881763	47882292	ENSG00000266821.1	exon|gene|transcript	529
chr17	2962714	2963243	ENSG00000132359.17|ENSG00000262884.1	exon|gene|transcript	529
chr17	41514120	41514648	ENSG00000171346.16	exon|gene|transcript	528
chr17	16939797	16940325	ENSG00000240505.9	exon|gene|transcript	528
chr17	20932169	20932696	ENSG00000233098.10	exon|gene|transcript	527
chr17	18908339	18908865	ENSG00000141127.15|ENSG00000235672.1	exon|gene|transcript	526
chr17	20545943	20546469	ENSG00000235203.2|ENSG00000267075.1	exon|gene|transcript	526
chr17	32150432	32150958	ENSG00000126858.19|ENSG00000265293.2	exon|gene|transcript	526
chr17	36988720	36989246	ENSG00000275700.6	exon|gene|transcript	526
chr17	41271310	41271835	ENSG00000229351.1	exon|gene|transcript	525
chr17	31259129	31259654	ENSG00000196712.20	exon|gene|transcript	525
chr17	21447725	21448250	ENSG00000212719.15|ENSG00000287671.1	exon|gene|transcript	525
chr17	71098089	71098614	ENSG00000260785.2	exon|gene|transcript	525
chr17	68134149	68134674	ENSG00000267023.6|ENSG00000277476.1|ENSG00000290646.1|ENSG00000291214.1	exon|gene|transcript	525
chr17	37162615	37163139	ENSG00000276810.1|ENSG00000278540.5	exon|gene|transcript	524
chr17	357058	357581	ENSG00000181031.16|ENSG00000262294.1	exon|gene|transcript	523
chr17	68540983	68541506	ENSG00000108946.17|ENSG00000108950.12	exon|gene|transcript	523
chr17	3240675	3241197	ENSG00000255095.3|ENSG00000290747.1	exon|gene|transcript	522
chr17	60435080	60435602	ENSG00000293252.1	exon|gene|transcript	522
chr17	20336817	20337338	ENSG00000154898.17|ENSG00000293363.2	exon|gene|transcript	521
chr17	74954437	74954958	ENSG00000167861.16	exon|gene|transcript	521
chr17	51439652	51440173	ENSG00000267452.3	exon|gene|transcript	521
chr17	12760707	12761227	ENSG00000141052.18|ENSG00000265489.1	exon|gene|transcript	520
chr17	59388839	59389359	ENSG00000175155.11	exon|gene|transcript	520
chr17	33792284	33792804	ENSG00000108684.15|ENSG00000283417.1	exon|gene|transcript	520
chr17	20775641	20776160	ENSG00000213671.3	exon|gene|transcript	519
chr17	31296599	31297117	ENSG00000126861.5|ENSG00000196712.20	exon|gene|transcript	518
chr17	46559304	46559821	ENSG00000185829.19|ENSG00000232300.1	exon|gene|transcript	517
chr17	82055222	82055739	ENSG00000169727.14	exon|gene|transcript	517
chr17	34575484	34576000	ENSG00000197322.4	exon|gene|transcript	516
chr17	36507924	36508439	ENSG00000278259.5	exon|gene|transcript	515
chr17	44072935	44073449	ENSG00000141349.10	exon|gene|transcript	514
chr17	29972513	29973027	ENSG00000176927.16|ENSG00000264435.1	exon|gene|transcript	514
chr17	82248119	82248632	ENSG00000141526.18|ENSG00000141551.15	exon|gene|transcript	513
chr17	45104345	45104858	ENSG00000136448.13	exon|gene|transcript	513
chr17	42204048	42204561	ENSG00000173757.11	exon|gene|transcript	513
chr17	63636600	63637113	ENSG00000198909.8|ENSG00000263883.1	exon|gene|transcript	513
chr17	27645349	27645860	ENSG00000168961.17	exon|gene|transcript	511
chr17	5113468	5113979	ENSG00000167840.14|ENSG00000234327.10	exon|gene|transcript	511
chr17	8547208	8547716	ENSG00000133026.14	exon|gene|transcript	508
chr17	8486924	8487432	ENSG00000133026.14|ENSG00000166579.16	exon|gene|transcript	508
chr17	44314004	44314512	ENSG00000108309.14|ENSG00000267750.6	exon|gene|transcript	508
chr17	47814707	47815214	ENSG00000006025.13	exon|gene|transcript	507
chr17	82156940	82157447	ENSG00000176155.21	exon|gene|transcript	507
chr17	20417449	20417956	ENSG00000287490.1|ENSG00000287751.1|ENSG00000291194.1	exon|gene|transcript	507
chr17	21448616	21449122	ENSG00000212719.15|ENSG00000287671.1	exon|gene|transcript	506
chr17	47600434	47600940	ENSG00000141279.18	exon|gene|transcript	506
chr17	31330570	31331074	ENSG00000196712.20	exon|gene|transcript	504
chr17	18490768	18491272	ENSG00000171916.17	exon|gene|transcript	504
chr17	8578499	8579003	ENSG00000133026.14	exon|gene|transcript	504
chr17	9555111	9555614	ENSG00000170310.15|ENSG00000271851.1	exon|gene|transcript	503
chr17	21504557	21505059	ENSG00000212719.15|ENSG00000244582.2	exon|gene|transcript	502
chr17	28269582	28270083	ENSG00000260777.2|ENSG00000266306.2	exon|gene|transcript	501
chr17	16933176	16933677	ENSG00000240505.9|ENSG00000290698.1	exon|gene|transcript	501
chr17	18660492	18660993	ENSG00000287058.1|ENSG00000290687.1	exon|gene|transcript	501
chr17	43049562	43050061	ENSG00000012048.25	exon|gene|transcript	499
chr17	59429342	59429841	ENSG00000265313.8	exon|gene|transcript	499
chr17	68528991	68529489	ENSG00000108946.17	exon|gene|transcript	498
chr17	18677260	18677757	ENSG00000224126.2|ENSG00000240445.6|ENSG00000249459.12|ENSG00000290687.1	exon|gene|transcript	497
chr17	57449249	57449746	ENSG00000153944.12|ENSG00000279281.1	exon|gene|transcript	497
chr17	3552493	3552990	ENSG00000167723.15	exon|gene|transcript	497
chr17	28704843	28705339	ENSG00000167525.16	exon|gene|transcript	496
chr17	54702935	54703430	ENSG00000263199.1	exon|gene|transcript	495
chr17	64953682	64954177	ENSG00000232457.4|ENSG00000280299.1	exon|gene|transcript	495
chr17	78897263	78897758	ENSG00000035862.13|ENSG00000178404.11|ENSG00000279339.1	exon|gene|transcript	495
chr17	16765420	16765915	ENSG00000170160.19|ENSG00000266302.6	exon|gene|transcript	495
chr17	27661913	27662407	ENSG00000265788.3|ENSG00000290973.1	exon|gene|transcript	494
chr17	82062973	82063467	ENSG00000169718.18	exon|gene|transcript	494
chr17	57991027	57991521	ENSG00000264112.1|ENSG00000266086.3	exon|gene|transcript	494
chr17	9175645	9176138	ENSG00000065320.9|ENSG00000262966.2	exon|gene|transcript	493
chr17	61353675	61354167	ENSG00000141376.24	exon|gene|transcript	492
chr17	8560470	8560962	ENSG00000133026.14|ENSG00000270606.1	exon|gene|transcript	492
chr17	61377829	61378321	ENSG00000141376.24|ENSG00000267131.1	exon|gene|transcript	492
chr17	49412685	49413176	ENSG00000167085.14|ENSG00000262039.1	exon|gene|transcript	491
chr17	2019951	2020442	ENSG00000185924.7|ENSG00000228133.3|ENSG00000262869.1	exon|gene|transcript	491
chr17	63811440	63811931	ENSG00000198231.14	exon|gene|transcript	491
chr17	8540708	8541199	ENSG00000133026.14	exon|gene|transcript	491
chr17	19755673	19756163	ENSG00000230607.3	exon|gene|transcript	490
chr17	21542296	21542786	ENSG00000212719.15|ENSG00000266466.1	exon|gene|transcript	490
chr17	63471603	63472093	ENSG00000228979.4	exon|gene|transcript	490
chr17	39530113	39530603	ENSG00000167258.16	exon|gene|transcript	490
chr17	60433722	60434212	ENSG00000213228.6|ENSG00000293252.1	exon|gene|transcript	490
chr17	8544483	8544972	ENSG00000133026.14	exon|gene|transcript	489
chr17	57990334	57990823	ENSG00000264112.1|ENSG00000266086.3	exon|gene|transcript	489
chr17	58243505	58243993	ENSG00000167419.11|ENSG00000286788.1	exon|gene|transcript	488
chr17	3311446	3311934	ENSG00000221882.5|ENSG00000285760.1	exon|gene|transcript	488
chr17	9173207	9173695	ENSG00000065320.9|ENSG00000262966.2	exon|gene|transcript	488
chr17	40367951	40368438	ENSG00000264655.1	exon|gene|transcript	487
chr17	6686867	6687353	ENSG00000141485.17|ENSG00000256806.6|ENSG00000290366.1	exon|gene|transcript	486
chr17	55561091	55561577	ENSG00000236319.3	exon|gene|transcript	486
chr17	80976453	80976938	ENSG00000240270.1	exon|gene|transcript	485
chr17	35906499	35906982	ENSG00000293240.1	exon|gene|transcript	483
chr17	3665219	3665702	ENSG00000213977.8|ENSG00000240898.1|ENSG00000257950.3	exon|gene|transcript	483
chr17	45987442	45987924	ENSG00000186868.18	exon|gene|transcript	482
chr17	44857157	44857639	ENSG00000108883.13	exon|gene|transcript	482
chr17	49846961	49847443	ENSG00000176358.16|ENSG00000204584.1	exon|gene|transcript	482
chr17	77531327	77531809	ENSG00000267665.3	exon|gene|transcript	482
chr17	53681629	53682111	ENSG00000262384.1|ENSG00000285939.2	exon|gene|transcript	482
chr17	65654913	65655395	ENSG00000154240.18|ENSG00000270870.1	exon|gene|transcript	482
chr17	81312661	81313143	ENSG00000185332.8	exon|gene|transcript	482
chr17	78845952	78846433	ENSG00000267355.2|ENSG00000287539.1	exon|gene|transcript	481
chr17	754407	754888	ENSG00000293440.1	exon|gene|transcript	481
chr17	19605453	19605933	ENSG00000224254.2	exon|gene|transcript	480
chr17	35574313	35574792	ENSG00000267321.4	exon|gene|transcript	479
chr17	31759794	31760273	ENSG00000265863.1	exon|gene|transcript	479
chr17	33834089	33834567	ENSG00000108684.15|ENSG00000279668.4	exon|gene|transcript	478
chr17	22410094	22410572	ENSG00000276399.1	exon|gene|transcript	478
chr17	42533531	42534009	ENSG00000267185.1	exon|gene|transcript	478
chr17	16654083	16654561	ENSG00000264765.1	exon|gene|transcript	478
chr17	18605913	18606391	ENSG00000154874.18|ENSG00000291090.1	exon|gene|transcript	478
chr17	49424268	49424745	ENSG00000229944.3|ENSG00000262039.1	exon|gene|transcript	477
chr17	9852830	9853306	ENSG00000065325.13|ENSG00000265593.1	exon|gene|transcript	476
chr17	6900345	6900821	ENSG00000215067.12|ENSG00000291084.1	exon|gene|transcript	476
chr17	16023812	16024287	ENSG00000011295.16	exon|gene|transcript	475
chr17	2127429	2127904	ENSG00000070366.14|ENSG00000262402.1	exon|gene|transcript	475
chr17	6901243	6901718	ENSG00000215067.12|ENSG00000291084.1	exon|gene|transcript	475
chr17	35861092	35861566	ENSG00000270379.6|ENSG00000270647.7|ENSG00000271268.1	exon|gene|transcript	474
chr17	18797104	18797578	ENSG00000171928.14	exon|gene|transcript	474
chr17	80354815	80355288	ENSG00000173821.20|ENSG00000263069.6	exon|gene|transcript	473
chr17	64905329	64905802	ENSG00000176809.11|ENSG00000265218.1	exon|gene|transcript	473
chr17	81237660	81238132	ENSG00000167302.11	exon|gene|transcript	472
chr17	51349168	51349640	ENSG00000267452.3	exon|gene|transcript	472
chr17	20548847	20549319	ENSG00000235203.2|ENSG00000267075.1	exon|gene|transcript	472
chr17	18497094	18497566	ENSG00000290658.1	exon|gene|transcript	472
chr17	8576141	8576612	ENSG00000133026.14	exon|gene|transcript	471
chr17	20776434	20776905	ENSG00000213671.3	exon|gene|transcript	471
chr17	10258761	10259232	ENSG00000242692.1	exon|gene|transcript	471
chr17	18380011	18380481	ENSG00000214860.5|ENSG00000264177.1	exon|gene|transcript	470
chr17	19329090	19329560	ENSG00000072134.16	exon|gene|transcript	470
chr17	81898771	81899241	ENSG00000141552.18	exon|gene|transcript	470
chr17	17993828	17994298	ENSG00000171953.16|ENSG00000171962.19	exon|gene|transcript	470
chr17	70191541	70192011	ENSG00000289371.1	exon|gene|transcript	470
chr17	30734427	30734896	ENSG00000264538.8|ENSG00000290928.1	exon|gene|transcript	469
chr17	47017192	47017660	ENSG00000262633.2|ENSG00000262879.7|ENSG00000263142.6|ENSG00000291209.1	exon|gene|transcript	468
chr17	32477052	32477520	ENSG00000108671.11	exon|gene|transcript	468
chr17	5521012	5521480	ENSG00000091592.17	exon|gene|transcript	468
chr17	18904545	18905013	ENSG00000141127.15	exon|gene|transcript	468
chr17	72428298	72428765	ENSG00000227036.10|ENSG00000263680.2	exon|gene|transcript	467
chr17	83239925	83240391	ENSG00000232938.3|ENSG00000293087.1	exon|gene|transcript	466
chr17	46545789	46546254	ENSG00000185829.19|ENSG00000238083.10	exon|gene|transcript	465
chr17	20856232	20856697	ENSG00000266369.1|ENSG00000291074.1	exon|gene|transcript	465
chr17	44872702	44873167	ENSG00000108883.13	exon|gene|transcript	465
chr17	36724110	36724575	ENSG00000275613.2	exon|gene|transcript	465
chr17	8235366	8235830	ENSG00000178971.17	exon|gene|transcript	464
chr17	43194499	43194963	ENSG00000188554.15	exon|gene|transcript	464
chr17	62003699	62004163	ENSG00000108510.10|ENSG00000279133.1	exon|gene|transcript	464
chr17	53353426	53353890	ENSG00000263252.1|ENSG00000285939.2	exon|gene|transcript	464
chr17	41424585	41425049	ENSG00000234859.5	exon|gene|transcript	464
chr17	18525097	18525561	ENSG00000273018.7	exon|gene|transcript	464
chr17	20902217	20902680	ENSG00000233098.10|ENSG00000265790.1	exon|gene|transcript	463
chr17	44182035	44182498	ENSG00000267080.8	exon|gene|transcript	463
chr17	32039973	32040436	ENSG00000185158.13|ENSG00000293287.2	exon|gene|transcript	463
chr17	21657171	21657633	ENSG00000264617.1	exon|gene|transcript	462
chr17	30455793	30456255	ENSG00000108582.12	exon|gene|transcript	462
chr17	72040849	72041310	ENSG00000228639.8|ENSG00000256124.6|ENSG00000288605.1	exon|gene|transcript	461
chr17	656239	656700	ENSG00000141252.21	exon|gene|transcript	461
chr17	78420323	78420784	ENSG00000087157.19	exon|gene|transcript	461
chr17	42496089	42496550	ENSG00000033627.18|ENSG00000267222.1	exon|gene|transcript	461
chr17	6927669	6928130	ENSG00000215067.12|ENSG00000262503.1|ENSG00000291084.1	exon|gene|transcript	461
chr17	46327931	46328391	ENSG00000176681.15|ENSG00000228696.11	exon|gene|transcript	460
chr17	35409768	35410228	ENSG00000267102.1	exon|gene|transcript	460
chr17	79826560	79827020	ENSG00000262772.2	exon|gene|transcript	460
chr17	47679225	47679684	ENSG00000108424.11	exon|gene|transcript	459
chr17	20431095	20431554	ENSG00000287490.1|ENSG00000291194.1	exon|gene|transcript	459
chr17	71620977	71621436	ENSG00000228118.3	exon|gene|transcript	459
chr17	42867706	42868164	ENSG00000260105.7|ENSG00000291070.1	exon|gene|transcript	458
chr17	21429240	21429698	ENSG00000212719.15	exon|gene|transcript	458
chr17	18122599	18123056	ENSG00000091536.20	exon|gene|transcript	457
chr17	35834108	35834565	ENSG00000270647.7	exon|gene|transcript	457
chr17	63580821	63581278	ENSG00000136485.16|ENSG00000288894.1	exon|gene|transcript	457
chr17	59689901	59690358	ENSG00000141367.13|ENSG00000141378.15	exon|gene|transcript	457
chr17	20554970	20555426	ENSG00000263946.2	exon|gene|transcript	456
chr17	44675801	44676257	ENSG00000180329.14|ENSG00000180336.18|ENSG00000267160.1	exon|gene|transcript	456
chr17	39029449	39029905	ENSG00000214553.12	exon|gene|transcript	456
chr17	32498466	32498922	ENSG00000176658.17|ENSG00000266718.2	exon|gene|transcript	456
chr17	45988913	45989368	ENSG00000186868.18	exon|gene|transcript	455
chr17	59354651	59355106	ENSG00000175155.11	exon|gene|transcript	455
chr17	28705377	28705832	ENSG00000167525.16	exon|gene|transcript	455
chr17	19313279	19313734	ENSG00000072134.16	exon|gene|transcript	455
chr17	18382058	18382512	ENSG00000214860.5|ENSG00000264177.1	exon|gene|transcript	454
chr17	18160746	18161200	ENSG00000091536.20	exon|gene|transcript	454
chr17	12010770	12011224	ENSG00000241185.3|ENSG00000293152.1	exon|gene|transcript	454
chr17	44691682	44692136	ENSG00000279879.1	exon|gene|transcript	454
chr17	81199835	81200288	ENSG00000141577.14|ENSG00000262115.1	exon|gene|transcript	453
chr17	39031151	39031604	ENSG00000214553.12|ENSG00000290925.1	exon|gene|transcript	453
chr17	31336914	31337367	ENSG00000196712.20	exon|gene|transcript	453
chr17	64783248	64783700	ENSG00000291117.1	exon|gene|transcript	452
chr17	20545370	20545822	ENSG00000235203.2|ENSG00000267075.1	exon|gene|transcript	452
chr17	51251296	51251748	ENSG00000011258.16|ENSG00000264895.1	exon|gene|transcript	452
chr17	40439466	40439917	ENSG00000240125.1	exon|gene|transcript	451
chr17	55272648	55273099	ENSG00000108924.14|ENSG00000263096.1	exon|gene|transcript	451
chr17	18411808	18412259	ENSG00000220161.4	exon|gene|transcript	451
chr17	20930143	20930594	ENSG00000233098.10	exon|gene|transcript	451
chr17	20548315	20548766	ENSG00000235203.2|ENSG00000267075.1	exon|gene|transcript	451
chr17	46093034	46093484	ENSG00000120071.15	exon|gene|transcript	450
chr17	9176237	9176687	ENSG00000065320.9|ENSG00000262966.2	exon|gene|transcript	450
chr17	63606836	63607286	ENSG00000136463.9|ENSG00000288894.1	exon|gene|transcript	450
chr17	44486365	44486815	ENSG00000186566.13|ENSG00000283045.1	exon|gene|transcript	450
chr17	48308144	48308593	ENSG00000141293.16|ENSG00000235300.5	exon|gene|transcript	449
chr17	21534571	21535020	ENSG00000212719.15|ENSG00000266466.1	exon|gene|transcript	449
chr17	82948103	82948551	ENSG00000175711.9	exon|gene|transcript	448
chr17	62516320	62516767	ENSG00000146872.19|ENSG00000239246.3	exon|gene|transcript	447
chr17	27237860	27238307	ENSG00000265246.1	exon|gene|transcript	447
chr17	63714108	63714554	ENSG00000125695.12|ENSG00000266173.7	exon|gene|transcript	446
chr17	42818877	42819323	ENSG00000126581.13	exon|gene|transcript	446
chr17	5512091	5512537	ENSG00000091592.17|ENSG00000282980.1	exon|gene|transcript	446
chr17	82448363	82448809	ENSG00000178927.19	exon|gene|transcript	446
chr17	78676169	78676614	ENSG00000108669.18	exon|gene|transcript	445
chr17	68046854	68047299	ENSG00000182481.10	exon|gene|transcript	445
chr17	20532247	20532692	ENSG00000265916.1	exon|gene|transcript	445
chr17	31260515	31260960	ENSG00000196712.20	exon|gene|transcript	445
chr17	78077334	78077779	ENSG00000078687.18	exon|gene|transcript	445
chr17	79827020	79827464	ENSG00000262772.2	exon|gene|transcript	444
chr17	13756221	13756665	ENSG00000236088.12	exon|gene|transcript	444
chr17	74606785	74607229	ENSG00000261222.4	exon|gene|transcript	444
chr17	63151496	63151937	ENSG00000170921.16	exon|gene|transcript	441
chr17	54991038	54991479	ENSG00000166263.13	exon|gene|transcript	441
chr17	31200595	31201036	ENSG00000196712.20	exon|gene|transcript	441
chr17	69111741	69112182	ENSG00000154262.13	exon|gene|transcript	441
chr17	42612506	42612946	ENSG00000131462.9	exon|gene|transcript	440
chr17	616001	616441	ENSG00000141252.21|ENSG00000262708.1	exon|gene|transcript	440
chr17	72039072	72039512	ENSG00000228639.8|ENSG00000256124.6|ENSG00000288605.1	exon|gene|transcript	440
chr17	19674083	19674523	ENSG00000072210.19	exon|gene|transcript	440
chr17	32410306	32410746	ENSG00000278668.1	exon|gene|transcript	440
chr17	46040101	46040540	ENSG00000120071.15	exon|gene|transcript	439
chr17	72067881	72068320	ENSG00000234899.11|ENSG00000288605.1	exon|gene|transcript	439
chr17	7858942	7859381	ENSG00000182224.12|ENSG00000183011.14|ENSG00000280046.1	exon|gene|transcript	439
chr17	48912076	48912515	ENSG00000159202.18	exon|gene|transcript	439
chr17	3554292	3554731	ENSG00000167723.15	exon|gene|transcript	439
chr17	14328850	14329288	ENSG00000125430.9|ENSG00000266378.1	exon|gene|transcript	438
chr17	70241323	70241761	ENSG00000267170.1	exon|gene|transcript	438
chr17	72072332	72072770	ENSG00000226101.2|ENSG00000234899.11|ENSG00000288605.1	exon|gene|transcript	438
chr17	45532428	45532866	ENSG00000214425.11|ENSG00000266918.1|ENSG00000291175.1	exon|gene|transcript	438
chr17	38365409	38365847	ENSG00000274211.6	exon|gene|transcript	438
chr17	77482457	77482894	ENSG00000184640.20	exon|gene|transcript	437
chr17	31359015	31359452	ENSG00000196712.20	exon|gene|transcript	437
chr17	537833	538270	ENSG00000141252.21|ENSG00000263300.1	exon|gene|transcript	437
chr17	31202665	31203101	ENSG00000196712.20	exon|gene|transcript	436
chr17	31272012	31272448	ENSG00000126861.5|ENSG00000196712.20	exon|gene|transcript	436
chr17	31205427	31205863	ENSG00000196712.20	exon|gene|transcript	436
chr17	63389544	63389980	ENSG00000170921.16|ENSG00000226797.2	exon|gene|transcript	436
chr17	39072013	39072449	ENSG00000161381.14|ENSG00000293194.1	exon|gene|transcript	436
chr17	69110940	69111375	ENSG00000154262.13	exon|gene|transcript	435
chr17	78008420	78008855	ENSG00000078687.18|ENSG00000279600.1	exon|gene|transcript	435
chr17	60462061	60462496	ENSG00000062725.10	exon|gene|transcript	435
chr17	40168888	40169323	ENSG00000108349.17	exon|gene|transcript	435
chr17	60064348	60064782	ENSG00000068097.16|ENSG00000267526.1	exon|gene|transcript	434
chr17	4571326	4571760	ENSG00000262921.1	exon|gene|transcript	434
chr17	30560182	30560616	ENSG00000266733.8|ENSG00000290404.1	exon|gene|transcript	434
chr17	80381727	80382161	ENSG00000173821.20|ENSG00000263069.6	exon|gene|transcript	434
chr17	8579544	8579977	ENSG00000133026.14	exon|gene|transcript	433
chr17	44948506	44948939	ENSG00000267334.1	exon|gene|transcript	433
chr17	44278216	44278649	ENSG00000285486.1	exon|gene|transcript	433
chr17	37728624	37729057	ENSG00000275410.6	exon|gene|transcript	433
chr17	76804564	76804996	ENSG00000267065.2	exon|gene|transcript	432
chr17	3717718	3718150	ENSG00000083457.12	exon|gene|transcript	432
chr17	15748760	15749192	ENSG00000233002.2|ENSG00000267227.1	exon|gene|transcript	432
chr17	27280481	27280912	ENSG00000213664.4	exon|gene|transcript	431
chr17	1538438	1538868	ENSG00000174238.16	exon|gene|transcript	430
chr17	19663499	19663929	ENSG00000072210.19	exon|gene|transcript	430
chr17	20337656	20338086	ENSG00000154898.17|ENSG00000293363.2	exon|gene|transcript	430
chr17	16706968	16707398	ENSG00000170160.19|ENSG00000266302.6	exon|gene|transcript	430
chr17	2019522	2019951	ENSG00000185924.7|ENSG00000228133.3	exon|gene|transcript	429
chr17	82891284	82891713	ENSG00000141556.22	exon|gene|transcript	429
chr17	1009784	1010213	ENSG00000159842.16	exon|gene|transcript	429
chr17	56803840	56804269	ENSG00000214226.9|ENSG00000283209.1	exon|gene|transcript	429
chr17	48706330	48706758	ENSG00000244649.5	exon|gene|transcript	428
chr17	76040474	76040902	ENSG00000167881.15	exon|gene|transcript	428
chr17	28700512	28700940	ENSG00000109111.15	exon|gene|transcript	428
chr17	49460506	49460934	ENSG00000249497.1|ENSG00000262039.1	exon|gene|transcript	428
chr17	27421713	27422140	ENSG00000266433.7|ENSG00000290422.1	exon|gene|transcript	427
chr17	28655556	28655983	ENSG00000132581.10|ENSG00000240494.2	exon|gene|transcript	427
chr17	68514230	68514657	ENSG00000108946.17|ENSG00000267009.6	exon|gene|transcript	427
chr17	8479031	8479458	ENSG00000133026.14|ENSG00000166579.16	exon|gene|transcript	427
chr17	57627303	57627729	ENSG00000153944.12	exon|gene|transcript	426
chr17	63390764	63391190	ENSG00000170921.16|ENSG00000226797.2	exon|gene|transcript	426
chr17	2674288	2674714	ENSG00000007168.14	exon|gene|transcript	426
chr17	20530430	20530856	ENSG00000260907.1	exon|gene|transcript	426
chr17	20428511	20428937	ENSG00000189423.14|ENSG00000287490.1|ENSG00000291194.1	exon|gene|transcript	426
chr17	74963081	74963507	ENSG00000167861.16	exon|gene|transcript	426
chr17	73517700	73518125	ENSG00000069188.17|ENSG00000264985.4	exon|gene|transcript	425
chr17	46259550	46259975	ENSG00000262539.1	exon|gene|transcript	425
chr17	74328505	74328930	ENSG00000196169.15	exon|gene|transcript	425
chr17	34070816	34071241	ENSG00000108684.15|ENSG00000265356.2|ENSG00000279668.4	exon|gene|transcript	425
chr17	67553185	67553609	ENSG00000154217.16	exon|gene|transcript	424
chr17	83221723	83222147	ENSG00000262094.1	exon|gene|transcript	424
chr17	5480582	5481006	ENSG00000072849.11	exon|gene|transcript	424
chr17	20938660	20939084	ENSG00000233098.10	exon|gene|transcript	424
chr17	60461385	60461809	ENSG00000062725.10	exon|gene|transcript	424
chr17	56257935	56258359	ENSG00000153930.13	exon|gene|transcript	424
chr17	63153632	63154056	ENSG00000170921.16	exon|gene|transcript	424
chr17	82156313	82156736	ENSG00000176155.21	exon|gene|transcript	423
chr17	7514179	7514602	ENSG00000181222.19	exon|gene|transcript	423
chr17	7001856	7002279	ENSG00000108839.12|ENSG00000215067.12|ENSG00000267047.1	exon|gene|transcript	423
chr17	37019758	37020181	ENSG00000275700.6	exon|gene|transcript	423
chr17	72644069	72644490	ENSG00000263893.2	exon|gene|transcript	421
chr17	38208573	38208994	ENSG00000274487.5|ENSG00000291088.1	exon|gene|transcript	421
chr17	3981442	3981863	ENSG00000263312.1	exon|gene|transcript	421
chr17	58694059	58694479	ENSG00000108384.16	exon|gene|transcript	420
chr17	47579511	47579930	ENSG00000141279.18	exon|gene|transcript	419
chr17	45549062	45549481	ENSG00000214425.11|ENSG00000267198.1|ENSG00000291175.1	exon|gene|transcript	419
chr17	12985141	12985559	ENSG00000006740.18	exon|gene|transcript	418
chr17	67975353	67975771	ENSG00000171634.19|ENSG00000279880.1	exon|gene|transcript	418
chr17	82275267	82275685	ENSG00000287737.3	exon|gene|transcript	418
chr17	14327334	14327752	ENSG00000125430.9|ENSG00000266378.1	exon|gene|transcript	418
chr17	32529631	32530049	ENSG00000176658.17|ENSG00000265337.1|ENSG00000266599.1	exon|gene|transcript	418
chr17	61391559	61391976	ENSG00000141376.24|ENSG00000267131.1	exon|gene|transcript	417
chr17	62789108	62789525	ENSG00000173838.12|ENSG00000287457.1	exon|gene|transcript	417
chr17	18006253	18006670	ENSG00000171953.16|ENSG00000171962.19	exon|gene|transcript	417
chr17	83135733	83136150	ENSG00000262898.5|ENSG00000279143.1	exon|gene|transcript	417
chr17	51762190	51762606	ENSG00000154975.14|ENSG00000279743.1	exon|gene|transcript	416
chr17	81026372	81026787	ENSG00000262873.2	exon|gene|transcript	415
chr17	72093481	72093896	ENSG00000226101.2|ENSG00000234899.11|ENSG00000288605.1	exon|gene|transcript	415
chr17	48704422	48704837	ENSG00000244649.5	exon|gene|transcript	415
chr17	80196539	80196953	ENSG00000141527.19	exon|gene|transcript	414
chr17	74854279	74854693	ENSG00000161509.14	exon|gene|transcript	414
chr17	50974947	50975360	ENSG00000008294.22	exon|gene|transcript	413
chr17	63610771	63611184	ENSG00000270587.1	exon|gene|transcript	413
chr17	16461245	16461657	ENSG00000175061.20|ENSG00000181350.12	exon|gene|transcript	412
chr17	44862906	44863317	ENSG00000108883.13	exon|gene|transcript	411
chr17	19655387	19655798	ENSG00000072210.19	exon|gene|transcript	411
chr17	75145260	75145669	ENSG00000189159.16|ENSG00000263786.1	exon|gene|transcript	409
chr17	2670374	2670783	ENSG00000007168.14	exon|gene|transcript	409
chr17	69112812	69113221	ENSG00000154262.13	exon|gene|transcript	409
chr17	63004671	63005080	ENSG00000170921.16|ENSG00000272164.1	exon|gene|transcript	409
chr17	39993378	39993787	ENSG00000108344.15	exon|gene|transcript	409
chr17	60008639	60009048	ENSG00000238283.3|ENSG00000267104.2	exon|gene|transcript	409
chr17	44474419	44474828	ENSG00000186566.13	exon|gene|transcript	409
chr17	4616762	4617171	ENSG00000261863.1	exon|gene|transcript	409
chr17	1858038	1858446	ENSG00000108958.4|ENSG00000132383.12	exon|gene|transcript	408
chr17	56982820	56983228	ENSG00000121064.13|ENSG00000263120.1	exon|gene|transcript	408
chr17	62578805	62579213	ENSG00000146872.19	exon|gene|transcript	408
chr17	20924425	20924833	ENSG00000233098.10	exon|gene|transcript	408
chr17	79098738	79099145	ENSG00000167281.20	exon|gene|transcript	407
chr17	46039215	46039622	ENSG00000120071.15	exon|gene|transcript	407
chr17	82049116	82049522	ENSG00000169733.12	exon|gene|transcript	406
chr17	4956166	4956572	ENSG00000108515.18	exon|gene|transcript	406
chr17	19661442	19661848	ENSG00000072210.19	exon|gene|transcript	406
chr17	20453067	20453473	ENSG00000170298.16	exon|gene|transcript	406
chr17	45620746	45621152	ENSG00000263715.7|ENSG00000293460.1	exon|gene|transcript	406
chr17	64149091	64149497	ENSG00000136478.9	exon|gene|transcript	406
chr17	32368014	32368419	ENSG00000010244.19	exon|gene|transcript	405
chr17	82748977	82749382	ENSG00000167363.14	exon|gene|transcript	405
chr17	3822052	3822456	ENSG00000074356.17	exon|gene|transcript	404
chr17	42480262	42480666	ENSG00000033627.18	exon|gene|transcript	404
chr17	76313198	76313600	ENSG00000161542.17	exon|gene|transcript	402
chr17	74309388	74309790	ENSG00000171595.14|ENSG00000266106.1	exon|gene|transcript	402
chr17	19659868	19660269	ENSG00000072210.19	exon|gene|transcript	401
chr17	82908884	82909284	ENSG00000141556.22	exon|gene|transcript	400
chr17	42321423	42321823	ENSG00000168610.17	exon|gene|transcript	400
chr17	74481326	74481725	ENSG00000167851.15	exon|gene|transcript	399
chr17	16024617	16025016	ENSG00000011295.16	exon|gene|transcript	399
chr17	81032322	81032721	ENSG00000226137.5	exon|gene|transcript	399
chr17	57096027	57096425	ENSG00000121057.13|ENSG00000263089.1	exon|gene|transcript	398
chr17	27352080	27352478	ENSG00000265683.1|ENSG00000266313.2	exon|gene|transcript	398
chr17	78904231	78904629	ENSG00000035862.13|ENSG00000267491.1	exon|gene|transcript	398
chr17	42222983	42223381	ENSG00000173757.11	exon|gene|transcript	398
chr17	37567525	37567923	ENSG00000275066.5	exon|gene|transcript	398
chr17	58696859	58697256	ENSG00000108384.16	exon|gene|transcript	397
chr17	16472227	16472624	ENSG00000175061.20|ENSG00000181350.12	exon|gene|transcript	397
chr17	34003791	34004188	ENSG00000108684.15|ENSG00000265356.2|ENSG00000279668.4|ENSG00000279674.1	exon|gene|transcript	397
chr17	31361131	31361528	ENSG00000196712.20	exon|gene|transcript	397
chr17	49411839	49412234	ENSG00000167085.14|ENSG00000262039.1	exon|gene|transcript	395
chr17	20416096	20416491	ENSG00000237911.2|ENSG00000291194.1	exon|gene|transcript	395
chr17	2673664	2674059	ENSG00000007168.14	exon|gene|transcript	395
chr17	78502142	78502537	ENSG00000187775.17|ENSG00000267432.6	exon|gene|transcript	395
chr17	36500434	36500829	ENSG00000278259.5	exon|gene|transcript	395
chr17	40301030	40301425	ENSG00000094804.12	exon|gene|transcript	395
chr17	41970680	41971074	ENSG00000173786.17	exon|gene|transcript	394
chr17	72627230	72627624	ENSG00000227036.10|ENSG00000243514.2	exon|gene|transcript	394
chr17	50976599	50976993	ENSG00000008294.22	exon|gene|transcript	394
chr17	58241410	58241804	ENSG00000167419.11|ENSG00000286788.1	exon|gene|transcript	394
chr17	69033331	69033725	ENSG00000154258.17|ENSG00000231749.3	exon|gene|transcript	394
chr17	37143742	37144135	ENSG00000275029.2|ENSG00000278540.5	exon|gene|transcript	393
chr17	82659186	82659579	ENSG00000141542.11	exon|gene|transcript	393
chr17	80473936	80474329	ENSG00000171246.7	exon|gene|transcript	393
chr17	68763489	68763882	ENSG00000267659.5	exon|gene|transcript	393
chr17	39608744	39609137	ENSG00000171532.5	exon|gene|transcript	393
chr17	47582200	47582592	ENSG00000141279.18	exon|gene|transcript	392
chr17	17485592	17485984	ENSG00000141026.6	exon|gene|transcript	392
chr17	6953705	6954097	ENSG00000215067.12|ENSG00000291084.1	exon|gene|transcript	392
chr17	73831571	73831963	ENSG00000265927.1	exon|gene|transcript	392
chr17	43924851	43925243	ENSG00000267166.5	exon|gene|transcript	392
chr17	42271343	42271734	ENSG00000173757.11|ENSG00000236194.3	exon|gene|transcript	391
chr17	22705015	22705406	ENSG00000264970.3|ENSG00000293001.1	exon|gene|transcript	391
chr17	57279076	57279467	ENSG00000153944.12|ENSG00000279555.1	exon|gene|transcript	391
chr17	47052765	47053156	ENSG00000262879.7|ENSG00000263142.6	exon|gene|transcript	391
chr17	40133109	40133500	ENSG00000188895.12	exon|gene|transcript	391
chr17	7441879	7442270	ENSG00000161958.11|ENSG00000262880.1|ENSG00000263301.1|ENSG00000272884.1	exon|gene|transcript	391
chr17	83229012	83229402	ENSG00000293087.1	exon|gene|transcript	390
chr17	30559726	30560116	ENSG00000266733.8|ENSG00000290404.1	exon|gene|transcript	390
chr17	34725508	34725898	ENSG00000264174.1	exon|gene|transcript	390
chr17	19840125	19840515	ENSG00000083290.20|ENSG00000231096.1	exon|gene|transcript	390
chr17	61778890	61779279	ENSG00000136492.10	exon|gene|transcript	389
chr17	36585450	36585839	ENSG00000278311.5	exon|gene|transcript	389
chr17	58213869	58214258	ENSG00000011143.19	exon|gene|transcript	389
chr17	20904841	20905230	ENSG00000233098.10	exon|gene|transcript	389
chr17	18313144	18313533	ENSG00000177302.16|ENSG00000237382.2	exon|gene|transcript	389
chr17	69434866	69435255	ENSG00000108984.16|ENSG00000278972.1	exon|gene|transcript	389
chr17	69150063	69150452	ENSG00000154263.18	exon|gene|transcript	389
chr17	39202448	39202837	ENSG00000108298.12	exon|gene|transcript	389
chr17	78066373	78066761	ENSG00000078687.18|ENSG00000267463.1	exon|gene|transcript	388
chr17	19717056	19717443	ENSG00000180638.19	exon|gene|transcript	387
chr17	80966371	80966758	ENSG00000261924.1	exon|gene|transcript	387
chr17	49366736	49367123	ENSG00000248714.7	exon|gene|transcript	387
chr17	45734283	45734669	ENSG00000263715.7|ENSG00000265964.1	exon|gene|transcript	386
chr17	44860045	44860431	ENSG00000108883.13	exon|gene|transcript	386
chr17	63863994	63864379	ENSG00000293480.1	exon|gene|transcript	385
chr17	27893543	27893928	ENSG00000232859.10	exon|gene|transcript	385
chr17	36723353	36723737	ENSG00000275613.2	exon|gene|transcript	384
chr17	72079937	72080321	ENSG00000226101.2|ENSG00000234899.11|ENSG00000288605.1	exon|gene|transcript	384
chr17	547965	548349	ENSG00000141252.21	exon|gene|transcript	384
chr17	49408371	49408755	ENSG00000167085.14|ENSG00000262039.1	exon|gene|transcript	384
chr17	39906987	39907371	ENSG00000073605.19	exon|gene|transcript	384
chr17	80967684	80968068	ENSG00000261924.1	exon|gene|transcript	384
chr17	15443638	15444022	ENSG00000234324.1|ENSG00000239704.12|ENSG00000259024.7	exon|gene|transcript	384
chr17	12110426	12110809	ENSG00000065559.15	exon|gene|transcript	383
chr17	76767002	76767385	ENSG00000092931.12	exon|gene|transcript	383
chr17	64535156	64535539	ENSG00000258890.8	exon|gene|transcript	383
chr17	4704815	4705198	ENSG00000213939.4|ENSG00000244184.1	exon|gene|transcript	383
chr17	35833523	35833906	ENSG00000270647.7	exon|gene|transcript	383
chr17	35190960	35191343	ENSG00000266981.1|ENSG00000267744.1	exon|gene|transcript	383
chr17	19219934	19220317	ENSG00000072134.16|ENSG00000281856.1	exon|gene|transcript	383
chr17	19093768	19094151	ENSG00000228157.4	exon|gene|transcript	383
chr17	74927281	74927664	ENSG00000183034.13	exon|gene|transcript	383
chr17	17593203	17593586	ENSG00000264666.3	exon|gene|transcript	383
chr17	60101758	60102140	ENSG00000293358.1	exon|gene|transcript	382
chr17	34002819	34003201	ENSG00000108684.15|ENSG00000265356.2|ENSG00000279668.4|ENSG00000279674.1	exon|gene|transcript	382
chr17	72093099	72093481	ENSG00000226101.2|ENSG00000234899.11|ENSG00000288605.1	exon|gene|transcript	382
chr17	67271678	67272060	ENSG00000285877.1	exon|gene|transcript	382
chr17	19157936	19158318	ENSG00000189152.11|ENSG00000197665.7	exon|gene|transcript	382
chr17	59683985	59684367	ENSG00000141367.13|ENSG00000141378.15	exon|gene|transcript	382
chr17	40631813	40632194	ENSG00000073584.20|ENSG00000264058.2	exon|gene|transcript	381
chr17	59353775	59354156	ENSG00000175155.11	exon|gene|transcript	381
chr17	69248317	69248697	ENSG00000154265.16	exon|gene|transcript	380
chr17	58219612	58219992	ENSG00000167419.11|ENSG00000287337.1	exon|gene|transcript	380
chr17	45636473	45636853	ENSG00000263715.7|ENSG00000293460.1	exon|gene|transcript	380
chr17	67726648	67727028	ENSG00000130935.10	exon|gene|transcript	380
chr17	41983636	41984016	ENSG00000168259.17	exon|gene|transcript	380
chr17	16057133	16057513	ENSG00000141027.23	exon|gene|transcript	380
chr17	72574487	72574867	ENSG00000227036.10	exon|gene|transcript	380
chr17	63723592	63723971	ENSG00000125695.12|ENSG00000266173.7	exon|gene|transcript	379
chr17	28802443	28802822	ENSG00000173065.14|ENSG00000243053.2	exon|gene|transcript	379
chr17	57866861	57867240	ENSG00000180891.13	exon|gene|transcript	379
chr17	76091235	76091613	ENSG00000182473.22|ENSG00000279382.1	exon|gene|transcript	378
chr17	8881881	8882259	ENSG00000141506.15	exon|gene|transcript	378
chr17	63863463	63863841	ENSG00000293480.1	exon|gene|transcript	378
chr17	80602548	80602926	ENSG00000141564.16|ENSG00000232083.3	exon|gene|transcript	378
chr17	32878635	32879012	ENSG00000236377.2	exon|gene|transcript	377
chr17	31356582	31356959	ENSG00000196712.20	exon|gene|transcript	377
chr17	75493113	75493490	ENSG00000177728.17	exon|gene|transcript	377
chr17	76087276	76087653	ENSG00000182473.22	exon|gene|transcript	377
chr17	43719214	43719591	ENSG00000267253.1	exon|gene|transcript	377
chr17	18490356	18490732	ENSG00000171916.17	exon|gene|transcript	376
chr17	82463527	82463903	ENSG00000141562.19|ENSG00000279744.1	exon|gene|transcript	376
chr17	35913343	35913719	ENSG00000271013.1	exon|gene|transcript	376
chr17	36684753	36685129	ENSG00000276508.1	exon|gene|transcript	376
chr17	36998804	36999180	ENSG00000275700.6|ENSG00000277589.1	exon|gene|transcript	376
chr17	47010360	47010736	ENSG00000262633.2|ENSG00000262879.7|ENSG00000291209.1	exon|gene|transcript	376
chr17	64308315	64308690	ENSG00000256358.1	exon|gene|transcript	375
chr17	31526942	31527317	ENSG00000131242.18	exon|gene|transcript	375
chr17	82151773	82152148	ENSG00000176155.21	exon|gene|transcript	375
chr17	75371705	75372080	ENSG00000177885.15|ENSG00000264853.1|ENSG00000265987.1	exon|gene|transcript	375
chr17	19654905	19655280	ENSG00000072210.19	exon|gene|transcript	375
chr17	36450267	36450642	ENSG00000274658.1	exon|gene|transcript	375
chr17	65158345	65158720	ENSG00000108370.17	exon|gene|transcript	375
chr17	82446696	82447071	ENSG00000178927.19	exon|gene|transcript	375
chr17	16853934	16854309	ENSG00000229749.1	exon|gene|transcript	375
chr17	19423983	19424357	ENSG00000227078.1|ENSG00000235979.9	exon|gene|transcript	374
chr17	58211193	58211567	ENSG00000011143.19	exon|gene|transcript	374
chr17	2613283	2613657	ENSG00000007168.14|ENSG00000262480.2	exon|gene|transcript	374
chr17	34997825	34998199	ENSG00000005156.12	exon|gene|transcript	374
chr17	18107970	18108344	ENSG00000279428.1	exon|gene|transcript	374
chr17	62265254	62265628	ENSG00000188755.11|ENSG00000290800.1	exon|gene|transcript	374
chr17	45586527	45586900	ENSG00000264070.1|ENSG00000285668.1	exon|gene|transcript	373
chr17	54477795	54478168	ENSG00000261965.1	exon|gene|transcript	373
chr17	5502590	5502963	ENSG00000091592.17	exon|gene|transcript	373
chr17	34481347	34481720	ENSG00000225582.2	exon|gene|transcript	373
chr17	74250357	74250730	ENSG00000141540.11	exon|gene|transcript	373
chr17	16815547	16815920	ENSG00000272815.1	exon|gene|transcript	373
chr17	18541548	18541920	ENSG00000273018.7|ENSG00000291090.1	exon|gene|transcript	372
chr17	18411158	18411530	ENSG00000220161.4	exon|gene|transcript	372
chr17	33688802	33689174	ENSG00000108684.15|ENSG00000265689.1	exon|gene|transcript	372
chr17	51341311	51341683	ENSG00000267452.3	exon|gene|transcript	372
chr17	63413170	63413542	ENSG00000170921.16|ENSG00000226797.2|ENSG00000263644.1	exon|gene|transcript	372
chr17	45532984	45533356	ENSG00000214425.11|ENSG00000266918.1|ENSG00000291175.1	exon|gene|transcript	372
chr17	80336378	80336750	ENSG00000173821.20	exon|gene|transcript	372
chr17	39633367	39633738	ENSG00000131771.14	exon|gene|transcript	371
chr17	776988	777359	ENSG00000167699.14	exon|gene|transcript	371
chr17	78157826	78158197	ENSG00000187997.12|ENSG00000267679.1	exon|gene|transcript	371
chr17	27274106	27274477	ENSG00000239223.3	exon|gene|transcript	371
chr17	65188914	65189285	ENSG00000108370.17	exon|gene|transcript	371
chr17	71829869	71830240	ENSG00000283517.1	exon|gene|transcript	371
chr17	12124298	12124669	ENSG00000065559.15	exon|gene|transcript	371
chr17	16764863	16765234	ENSG00000170160.19|ENSG00000266302.6	exon|gene|transcript	371
chr17	69104191	69104562	ENSG00000154262.13	exon|gene|transcript	371
chr17	62434860	62435231	ENSG00000087995.16	exon|gene|transcript	371
chr17	22436242	22436612	ENSG00000293297.1	exon|gene|transcript	370
chr17	36951830	36952200	ENSG00000275700.6	exon|gene|transcript	370
chr17	2373911	2374281	ENSG00000141258.13	exon|gene|transcript	370
chr17	8493362	8493732	ENSG00000133026.14	exon|gene|transcript	370
chr17	58306429	58306799	ENSG00000005379.17	exon|gene|transcript	370
chr17	75373292	75373662	ENSG00000177885.15|ENSG00000264853.1|ENSG00000265987.1	exon|gene|transcript	370
chr17	18658623	18658992	ENSG00000287058.1|ENSG00000290687.1	exon|gene|transcript	369
chr17	27929169	27929538	ENSG00000260019.2	exon|gene|transcript	369
chr17	36492899	36493268	ENSG00000273611.5	exon|gene|transcript	369
chr17	31229465	31229834	ENSG00000196712.20	exon|gene|transcript	369
chr17	82015356	82015725	ENSG00000169696.16	exon|gene|transcript	369
chr17	7565070	7565439	ENSG00000161956.14|ENSG00000277957.1	exon|gene|transcript	369
chr17	15506986	15507354	ENSG00000175106.17|ENSG00000223878.1|ENSG00000259024.7	exon|gene|transcript	368
chr17	68096101	68096469	ENSG00000265055.2	exon|gene|transcript	368
chr17	20789216	20789584	ENSG00000264215.1|ENSG00000264662.1	exon|gene|transcript	368
chr17	54754164	54754532	ENSG00000263125.1	exon|gene|transcript	368
chr17	58079890	58080258	ENSG00000266290.1	exon|gene|transcript	368
chr17	41409102	41409470	ENSG00000225438.1|ENSG00000234859.5	exon|gene|transcript	368
chr17	80057892	80058259	ENSG00000141519.15|ENSG00000289689.1	exon|gene|transcript	367
chr17	34331861	34332228	ENSG00000265614.1	exon|gene|transcript	367
chr17	50050348	50050715	ENSG00000246640.2	exon|gene|transcript	367
chr17	32360967	32361333	ENSG00000010244.19	exon|gene|transcript	366
chr17	34069448	34069814	ENSG00000108684.15|ENSG00000265356.2|ENSG00000279668.4	exon|gene|transcript	366
chr17	28924302	28924668	ENSG00000109118.14	exon|gene|transcript	366
chr17	21530974	21531340	ENSG00000212719.15	exon|gene|transcript	366
chr17	49400428	49400794	ENSG00000186244.7|ENSG00000262039.1	exon|gene|transcript	366
chr17	49461383	49461749	ENSG00000249497.1|ENSG00000262039.1	exon|gene|transcript	366
chr17	40864962	40865328	ENSG00000187242.6	exon|gene|transcript	366
chr17	57992508	57992874	ENSG00000264112.1|ENSG00000266086.3	exon|gene|transcript	366
chr17	47603493	47603859	ENSG00000141279.18	exon|gene|transcript	366
chr17	6478736	6479101	ENSG00000091622.16	exon|gene|transcript	365
chr17	11723108	11723473	ENSG00000007174.18	exon|gene|transcript	365
chr17	62579427	62579792	ENSG00000146872.19	exon|gene|transcript	365
chr17	82462600	82462964	ENSG00000141562.19|ENSG00000279744.1	exon|gene|transcript	364
chr17	19161644	19162008	ENSG00000262292.2	exon|gene|transcript	364
chr17	16822128	16822492	ENSG00000226145.8|ENSG00000290977.1	exon|gene|transcript	364
chr17	16923995	16924359	ENSG00000128438.11|ENSG00000290698.1	exon|gene|transcript	364
chr17	30484770	30485134	ENSG00000108587.16	exon|gene|transcript	364
chr17	81905735	81906099	ENSG00000185813.11	exon|gene|transcript	364
chr17	20771063	20771427	ENSG00000218454.2	exon|gene|transcript	364
chr17	49848377	49848740	ENSG00000204584.1	exon|gene|transcript	363
chr17	29010076	29010439	ENSG00000179761.12|ENSG00000263613.1	exon|gene|transcript	363
chr17	16790138	16790501	ENSG00000266302.6|ENSG00000272815.1|ENSG00000288235.1|ENSG00000290976.1	exon|gene|transcript	363
chr17	27644950	27645313	ENSG00000168961.17	exon|gene|transcript	363
chr17	17224143	17224505	ENSG00000154803.13|ENSG00000264187.1	exon|gene|transcript	362
chr17	55326085	55326447	ENSG00000262079.1	exon|gene|transcript	362
chr17	36598428	36598790	ENSG00000278535.5	exon|gene|transcript	362
chr17	40632601	40632962	ENSG00000073584.20|ENSG00000264058.2	exon|gene|transcript	361
chr17	46933267	46933628	ENSG00000108433.17|ENSG00000262633.2	exon|gene|transcript	361
chr17	17076037	17076398	ENSG00000133030.22|ENSG00000225442.2	exon|gene|transcript	361
chr17	55030806	55031167	ENSG00000166263.13	exon|gene|transcript	361
chr17	60513189	60513550	ENSG00000062725.10|ENSG00000270553.1	exon|gene|transcript	361
chr17	73357718	73358078	ENSG00000069188.17	exon|gene|transcript	360
chr17	66403637	66403997	ENSG00000154229.12|ENSG00000264630.5	exon|gene|transcript	360
chr17	35073830	35074190	ENSG00000092871.17|ENSG00000267457.1|ENSG00000267618.5	exon|gene|transcript	360
chr17	43079399	43079759	ENSG00000012048.25|ENSG00000240828.1	exon|gene|transcript	360
chr17	33052106	33052466	ENSG00000108684.15|ENSG00000264598.1	exon|gene|transcript	360
chr17	60245287	60245647	ENSG00000170832.13|ENSG00000241157.1	exon|gene|transcript	360
chr17	82948656	82949016	ENSG00000175711.9	exon|gene|transcript	360
chr17	22704414	22704773	ENSG00000264970.3|ENSG00000293001.1	exon|gene|transcript	359
chr17	21532614	21532973	ENSG00000212719.15	exon|gene|transcript	359
chr17	17456901	17457259	ENSG00000230865.1	exon|gene|transcript	358
chr17	33571987	33572345	ENSG00000108684.15|ENSG00000265125.5	exon|gene|transcript	358
chr17	29676461	29676819	ENSG00000141298.19|ENSG00000264031.1	exon|gene|transcript	358
chr17	43476197	43476555	ENSG00000237888.1	exon|gene|transcript	358
chr17	16415833	16416190	ENSG00000187688.15|ENSG00000264739.1	exon|gene|transcript	357
chr17	63996902	63997259	ENSG00000264954.2	exon|gene|transcript	357
chr17	8462841	8463198	ENSG00000166579.16	exon|gene|transcript	357
chr17	35845786	35846143	ENSG00000270647.7	exon|gene|transcript	357
chr17	41501362	41501718	ENSG00000171401.15|ENSG00000229732.1	exon|gene|transcript	356
chr17	16788878	16789234	ENSG00000264673.1|ENSG00000266302.6|ENSG00000272815.1|ENSG00000288235.1|ENSG00000290976.1	exon|gene|transcript	356
chr17	82658134	82658490	ENSG00000141542.11	exon|gene|transcript	356
chr17	22525330	22525686	ENSG00000264168.2	exon|gene|transcript	356
chr17	80058980	80059336	ENSG00000141519.15|ENSG00000289689.1	exon|gene|transcript	356
chr17	585913	586269	ENSG00000141252.21	exon|gene|transcript	356
chr17	35831445	35831800	ENSG00000270647.7	exon|gene|transcript	355
chr17	42687364	42687719	ENSG00000108797.12|ENSG00000267765.1	exon|gene|transcript	355
chr17	1507181	1507535	ENSG00000132376.20	exon|gene|transcript	354
chr17	20754147	20754501	ENSG00000187870.7	exon|gene|transcript	354
chr17	46351599	46351953	ENSG00000228696.11	exon|gene|transcript	354
chr17	35833170	35833523	ENSG00000270647.7	exon|gene|transcript	353
chr17	16460892	16461245	ENSG00000175061.20|ENSG00000181350.12	exon|gene|transcript	353
chr17	58214387	58214740	ENSG00000011143.19	exon|gene|transcript	353
chr17	42718100	42718453	ENSG00000108799.13	exon|gene|transcript	353
chr17	81030528	81030880	ENSG00000226137.5	exon|gene|transcript	352
chr17	20564537	20564889	ENSG00000235323.2	exon|gene|transcript	352
chr17	79136050	79136402	ENSG00000167281.20|ENSG00000266711.1	exon|gene|transcript	352
chr17	5501872	5502224	ENSG00000091592.17	exon|gene|transcript	352
chr17	61087147	61087498	ENSG00000141376.24	exon|gene|transcript	351
chr17	44932321	44932672	ENSG00000186185.14	exon|gene|transcript	351
chr17	68127394	68127745	ENSG00000267023.6|ENSG00000278730.1|ENSG00000291214.1	exon|gene|transcript	351
chr17	7447151	7447502	ENSG00000170175.11	exon|gene|transcript	351
chr17	58246468	58246818	ENSG00000167419.11|ENSG00000286788.1	exon|gene|transcript	350
chr17	77679607	77679957	ENSG00000285535.2	exon|gene|transcript	350
chr17	22532172	22532522	ENSG00000284263.1	exon|gene|transcript	350
chr17	70628916	70629265	ENSG00000267471.1	exon|gene|transcript	349
chr17	39906271	39906620	ENSG00000073605.19	exon|gene|transcript	349
chr17	2680320	2680669	ENSG00000007168.14	exon|gene|transcript	349
chr17	42755849	42756198	ENSG00000197291.9	exon|gene|transcript	349
chr17	64909831	64910180	ENSG00000176809.11|ENSG00000265218.1	exon|gene|transcript	349
chr17	16683878	16684227	ENSG00000231458.2	exon|gene|transcript	349
chr17	62978493	62978841	ENSG00000170921.16|ENSG00000270324.1	exon|gene|transcript	348
chr17	12631521	12631869	ENSG00000179136.8|ENSG00000287462.1	exon|gene|transcript	348
chr17	62679451	62679799	ENSG00000011028.14|ENSG00000279713.1	exon|gene|transcript	348
chr17	45608570	45608918	ENSG00000204652.6	exon|gene|transcript	348
chr17	42774699	42775046	ENSG00000131475.7	exon|gene|transcript	347
chr17	5133996	5134343	ENSG00000129204.17	exon|gene|transcript	347
chr17	6322412	6322759	ENSG00000262609.1	exon|gene|transcript	347
chr17	8561229	8561576	ENSG00000133026.14|ENSG00000244604.1	exon|gene|transcript	347
chr17	59422926	59423272	ENSG00000265313.8	exon|gene|transcript	346
chr17	9176858	9177204	ENSG00000065320.9|ENSG00000262966.2	exon|gene|transcript	346
chr17	80136335	80136681	ENSG00000141543.12	exon|gene|transcript	346
chr17	54953759	54954105	ENSG00000141198.16|ENSG00000166260.13	exon|gene|transcript	346
chr17	8229544	8229890	ENSG00000178971.17	exon|gene|transcript	346
chr17	51156063	51156409	ENSG00000011052.21|ENSG00000239672.8	exon|gene|transcript	346
chr17	1469184	1469530	ENSG00000197879.17	exon|gene|transcript	346
chr17	62397396	62397742	ENSG00000172421.10|ENSG00000239527.1	exon|gene|transcript	346
chr17	58213419	58213764	ENSG00000011143.19	exon|gene|transcript	345
chr17	73516603	73516948	ENSG00000069188.17|ENSG00000264985.4	exon|gene|transcript	345
chr17	49602041	49602386	ENSG00000121067.19	exon|gene|transcript	345
chr17	44912422	44912767	ENSG00000131095.14	exon|gene|transcript	345
chr17	80388689	80389034	ENSG00000173821.20|ENSG00000263069.6	exon|gene|transcript	345
chr17	42714298	42714643	ENSG00000108799.13|ENSG00000239671.1	exon|gene|transcript	345
chr17	41328248	41328593	ENSG00000233014.1	exon|gene|transcript	345
chr17	44731622	44731966	ENSG00000161692.18	exon|gene|transcript	344
chr17	33529854	33530198	ENSG00000108684.15|ENSG00000265544.1	exon|gene|transcript	344
chr17	20056286	20056630	ENSG00000128487.19|ENSG00000225681.2	exon|gene|transcript	344
chr17	20547423	20547767	ENSG00000235203.2|ENSG00000267075.1	exon|gene|transcript	344
chr17	8531690	8532034	ENSG00000133026.14	exon|gene|transcript	344
chr17	46705300	46705644	ENSG00000073969.19	exon|gene|transcript	344
chr17	68679262	68679606	ENSG00000267659.5	exon|gene|transcript	344
chr17	32479434	32479777	ENSG00000108671.11	exon|gene|transcript	343
chr17	17012929	17013272	ENSG00000260328.1	exon|gene|transcript	343
chr17	82154394	82154737	ENSG00000176155.21|ENSG00000265678.1	exon|gene|transcript	343
chr17	28660611	28660953	ENSG00000132581.10	exon|gene|transcript	342
chr17	43049194	43049536	ENSG00000012048.25	exon|gene|transcript	342
chr17	61388275	61388617	ENSG00000141376.24|ENSG00000267131.1	exon|gene|transcript	342
chr17	3655620	3655962	ENSG00000040531.16|ENSG00000262903.1	exon|gene|transcript	342
chr17	63726695	63727037	ENSG00000125695.12|ENSG00000266173.7	exon|gene|transcript	342
chr17	31335990	31336332	ENSG00000196712.20	exon|gene|transcript	342
chr17	72430322	72430664	ENSG00000227036.10	exon|gene|transcript	342
chr17	81878666	81879008	ENSG00000263731.1|ENSG00000263859.1	exon|gene|transcript	342
chr17	72074548	72074889	ENSG00000226101.2|ENSG00000234899.11|ENSG00000288605.1	exon|gene|transcript	341
chr17	56901077	56901418	ENSG00000121060.19	exon|gene|transcript	341
chr17	60025858	60026199	ENSG00000274378.1	exon|gene|transcript	341
chr17	39052864	39053205	ENSG00000290925.1	exon|gene|transcript	341
chr17	22435627	22435968	ENSG00000266885.3|ENSG00000293297.1	exon|gene|transcript	341
chr17	29340481	29340822	ENSG00000239256.1|ENSG00000264808.2	exon|gene|transcript	341
chr17	75630277	75630618	ENSG00000108469.15	exon|gene|transcript	341
chr17	46522742	46523083	ENSG00000185829.19|ENSG00000238083.10	exon|gene|transcript	341
chr17	45533962	45534303	ENSG00000131484.4|ENSG00000214425.11|ENSG00000291175.1	exon|gene|transcript	341
chr17	20375368	20375708	ENSG00000154898.17|ENSG00000293206.1	exon|gene|transcript	340
chr17	16084041	16084381	ENSG00000141027.23|ENSG00000233979.1	exon|gene|transcript	340
chr17	59423609	59423949	ENSG00000265313.8	exon|gene|transcript	340
chr17	354764	355103	ENSG00000181031.16|ENSG00000262294.1|ENSG00000262558.1	exon|gene|transcript	339
chr17	39107525	39107864	ENSG00000161381.14|ENSG00000293194.1	exon|gene|transcript	339
chr17	16851908	16852247	ENSG00000290980.1	exon|gene|transcript	339
chr17	72382703	72383042	ENSG00000227036.10	exon|gene|transcript	339
chr17	12115546	12115885	ENSG00000065559.15|ENSG00000263648.1	exon|gene|transcript	339
chr17	82664556	82664895	ENSG00000141542.11	exon|gene|transcript	339
chr17	8491958	8492296	ENSG00000133026.14	exon|gene|transcript	338
chr17	2672316	2672654	ENSG00000007168.14	exon|gene|transcript	338
chr17	30479163	30479501	ENSG00000108587.16	exon|gene|transcript	338
chr17	6479244	6479582	ENSG00000091622.16	exon|gene|transcript	338
chr17	28269244	28269582	ENSG00000260777.2|ENSG00000266306.2	exon|gene|transcript	338
chr17	37019072	37019410	ENSG00000275700.6	exon|gene|transcript	338
chr17	13791594	13791932	ENSG00000236088.12	exon|gene|transcript	338
chr17	70101872	70102210	ENSG00000153822.15|ENSG00000230258.6	exon|gene|transcript	338
chr17	39033108	39033445	ENSG00000214553.12|ENSG00000290925.1	exon|gene|transcript	337
chr17	43091097	43091434	ENSG00000012048.25	exon|gene|transcript	337
chr17	47891853	47892190	ENSG00000264920.4	exon|gene|transcript	337
chr17	28561629	28561966	ENSG00000087111.22|ENSG00000167524.17	exon|gene|transcript	337
chr17	81948221	81948558	ENSG00000235296.2	exon|gene|transcript	337
chr17	51335329	51335666	ENSG00000249658.1	exon|gene|transcript	337
chr17	83226896	83227233	ENSG00000262094.1|ENSG00000293087.1	exon|gene|transcript	337
chr17	2036091	2036428	ENSG00000108963.19	exon|gene|transcript	337
chr17	71680359	71680695	ENSG00000286387.1	exon|gene|transcript	336
chr17	50996228	50996564	ENSG00000008294.22	exon|gene|transcript	336
chr17	38851734	38852070	ENSG00000125691.14	exon|gene|transcript	336
chr17	57093395	57093731	ENSG00000121057.13|ENSG00000263089.1	exon|gene|transcript	336
chr17	62950852	62951188	ENSG00000265262.1|ENSG00000283538.3	exon|gene|transcript	336
chr17	12635446	12635782	ENSG00000179136.8	exon|gene|transcript	336
chr17	46043989	46044325	ENSG00000120071.15	exon|gene|transcript	336
chr17	40635406	40635741	ENSG00000073584.20|ENSG00000264058.2	exon|gene|transcript	335
chr17	7754393	7754728	ENSG00000183914.15|ENSG00000240480.2|ENSG00000293140.1	exon|gene|transcript	335
chr17	21430965	21431300	ENSG00000212719.15	exon|gene|transcript	335
chr17	3822503	3822838	ENSG00000074356.17	exon|gene|transcript	335
chr17	22531462	22531797	ENSG00000284300.1	exon|gene|transcript	335
chr17	69021861	69022196	ENSG00000154258.17|ENSG00000231749.3	exon|gene|transcript	335
chr17	61122027	61122361	ENSG00000141376.24|ENSG00000286997.1	exon|gene|transcript	334
chr17	60633518	60633852	ENSG00000170836.13	exon|gene|transcript	334
chr17	69042450	69042784	ENSG00000154258.17|ENSG00000231749.3	exon|gene|transcript	334
chr17	81087513	81087847	ENSG00000175866.16	exon|gene|transcript	334
chr17	45988309	45988643	ENSG00000186868.18	exon|gene|transcript	334
chr17	35344230	35344564	ENSG00000267271.1	exon|gene|transcript	334
chr17	19567719	19568052	ENSG00000142494.13|ENSG00000262769.1	exon|gene|transcript	333
chr17	39608129	39608462	ENSG00000171532.5	exon|gene|transcript	333
chr17	54952763	54953096	ENSG00000141198.16|ENSG00000166260.13	exon|gene|transcript	333
chr17	60102329	60102662	ENSG00000280852.3|ENSG00000293358.1	exon|gene|transcript	333
chr17	80198591	80198924	ENSG00000141527.19	exon|gene|transcript	333
chr17	71596946	71597278	ENSG00000225818.1	exon|gene|transcript	332
chr17	75372265	75372597	ENSG00000177885.15|ENSG00000264853.1|ENSG00000265987.1	exon|gene|transcript	332
chr17	15311012	15311344	ENSG00000125409.13|ENSG00000286792.1	exon|gene|transcript	332
chr17	35018659	35018991	ENSG00000092871.17|ENSG00000267618.5|ENSG00000273687.1	exon|gene|transcript	332
chr17	68152039	68152371	ENSG00000267023.6|ENSG00000291214.1	exon|gene|transcript	332
chr17	28705832	28706164	ENSG00000167525.16	exon|gene|transcript	332
chr17	64762354	64762686	ENSG00000215769.8|ENSG00000263647.1	exon|gene|transcript	332
chr17	81083578	81083909	ENSG00000175866.16	exon|gene|transcript	331
chr17	27587172	27587503	ENSG00000141068.17	exon|gene|transcript	331
chr17	68135604	68135935	ENSG00000267023.6|ENSG00000277476.1|ENSG00000290646.1|ENSG00000291214.1	exon|gene|transcript	331
chr17	907703	908034	ENSG00000167693.17	exon|gene|transcript	331
chr17	67966241	67966571	ENSG00000171634.19	exon|gene|transcript	330
chr17	60207728	60208058	ENSG00000170832.13	exon|gene|transcript	330
chr17	15806569	15806898	ENSG00000237057.3	exon|gene|transcript	329
chr17	18515345	18515674	ENSG00000233327.12|ENSG00000273018.7|ENSG00000290659.1	exon|gene|transcript	329
chr17	37843348	37843677	ENSG00000290810.1	exon|gene|transcript	329
chr17	4188116	4188444	ENSG00000185722.18	exon|gene|transcript	328
chr17	63688198	63688526	ENSG00000198909.8|ENSG00000266173.7	exon|gene|transcript	328
chr17	72089347	72089675	ENSG00000226101.2|ENSG00000234899.11|ENSG00000288605.1	exon|gene|transcript	328
chr17	35988091	35988419	ENSG00000275431.1|ENSG00000275688.4	exon|gene|transcript	328
chr17	29716278	29716606	ENSG00000141298.19|ENSG00000240531.1	exon|gene|transcript	328
chr17	46034763	46035091	ENSG00000120071.15	exon|gene|transcript	328
chr17	34943805	34944132	ENSG00000132141.14	exon|gene|transcript	327
chr17	35914895	35915222	ENSG00000271013.1	exon|gene|transcript	327
chr17	49795342	49795669	ENSG00000136504.15|ENSG00000235183.3	exon|gene|transcript	327
chr17	75692687	75693014	ENSG00000161526.15	exon|gene|transcript	327
chr17	18340404	18340731	ENSG00000176974.22	exon|gene|transcript	327
chr17	14034084	14034411	ENSG00000236088.12	exon|gene|transcript	327
chr17	75523335	75523662	ENSG00000182173.14	exon|gene|transcript	327
chr17	42868164	42868490	ENSG00000260105.7|ENSG00000291070.1	exon|gene|transcript	326
chr17	81304471	81304797	ENSG00000185168.7	exon|gene|transcript	326
chr17	50848368	50848694	ENSG00000243521.2	exon|gene|transcript	326
chr17	68877679	68878005	ENSG00000141338.15	exon|gene|transcript	326
chr17	48705357	48705683	ENSG00000244649.5	exon|gene|transcript	326
chr17	82939041	82939366	ENSG00000141556.22	exon|gene|transcript	325
chr17	4033010	4033335	ENSG00000074755.15	exon|gene|transcript	325
chr17	58899367	58899692	ENSG00000175175.6|ENSG00000241462.1	exon|gene|transcript	325
chr17	3309985	3310310	ENSG00000221882.5|ENSG00000290820.1	exon|gene|transcript	325
chr17	48045984	48046309	ENSG00000263412.3	exon|gene|transcript	325
chr17	47409321	47409646	ENSG00000178852.16|ENSG00000253347.1	exon|gene|transcript	325
chr17	20929430	20929754	ENSG00000233098.10	exon|gene|transcript	324
chr17	82058818	82059141	ENSG00000169718.18	exon|gene|transcript	323
chr17	45649008	45649331	ENSG00000263715.7|ENSG00000293460.1	exon|gene|transcript	323
chr17	537350	537673	ENSG00000141252.21|ENSG00000263300.1	exon|gene|transcript	323
chr17	74853666	74853989	ENSG00000161509.14	exon|gene|transcript	323
chr17	4542100	4542423	ENSG00000132382.15	exon|gene|transcript	323
chr17	32343527	32343850	ENSG00000108666.11|ENSG00000263749.2|ENSG00000265794.5	exon|gene|transcript	323
chr17	75495643	75495965	ENSG00000177728.17	exon|gene|transcript	322
chr17	43923001	43923323	ENSG00000267166.5	exon|gene|transcript	322
chr17	27281093	27281415	ENSG00000265453.1	exon|gene|transcript	322
chr17	771002	771324	ENSG00000167699.14	exon|gene|transcript	322
chr17	18420496	18420818	ENSG00000290655.1	exon|gene|transcript	322
chr17	29863700	29864022	ENSG00000141298.19|ENSG00000263477.1	exon|gene|transcript	322
chr17	76345760	76346081	ENSG00000161542.17|ENSG00000267518.1	exon|gene|transcript	321
chr17	30455017	30455338	ENSG00000108582.12	exon|gene|transcript	321
chr17	31873948	31874269	ENSG00000108651.10|ENSG00000263990.1	exon|gene|transcript	321
chr17	15631714	15632035	ENSG00000221926.13|ENSG00000251537.4	exon|gene|transcript	321
chr17	81380794	81381115	ENSG00000262223.10	exon|gene|transcript	321
chr17	19603859	19604180	ENSG00000228725.3	exon|gene|transcript	321
chr17	34998727	34999048	ENSG00000005156.12	exon|gene|transcript	321
chr17	12124973	12125293	ENSG00000065559.15	exon|gene|transcript	320
chr17	80361888	80362208	ENSG00000173821.20|ENSG00000263069.6	exon|gene|transcript	320
chr17	5700225	5700545	ENSG00000286356.1	exon|gene|transcript	320
chr17	82926865	82927185	ENSG00000141556.22	exon|gene|transcript	320
chr17	28557708	28558028	ENSG00000087111.22|ENSG00000167524.17	exon|gene|transcript	320
chr17	44732265	44732585	ENSG00000161692.18	exon|gene|transcript	320
chr17	31339282	31339602	ENSG00000196712.20	exon|gene|transcript	320
chr17	37842948	37843267	ENSG00000290810.1	exon|gene|transcript	319
chr17	37619839	37620158	ENSG00000278053.5	exon|gene|transcript	319
chr17	16471409	16471728	ENSG00000175061.20|ENSG00000181350.12	exon|gene|transcript	319
chr17	47581364	47581683	ENSG00000141279.18	exon|gene|transcript	319
chr17	49622413	49622732	ENSG00000121067.19	exon|gene|transcript	319
chr17	8967522	8967841	ENSG00000265975.1	exon|gene|transcript	319
chr17	5378374	5378693	ENSG00000029725.17|ENSG00000108559.13	exon|gene|transcript	319
chr17	9554304	9554622	ENSG00000170310.15|ENSG00000271851.1	exon|gene|transcript	318
chr17	29775746	29776064	ENSG00000141298.19|ENSG00000263657.1|ENSG00000265713.1	exon|gene|transcript	318
chr17	7194000	7194318	ENSG00000132535.22	exon|gene|transcript	318
chr17	80138280	80138598	ENSG00000141543.12	exon|gene|transcript	318
chr17	60727164	60727482	ENSG00000141376.24|ENSG00000224011.1	exon|gene|transcript	318
chr17	46093504	46093821	ENSG00000120071.15	exon|gene|transcript	317
chr17	60120370	60120687	ENSG00000267295.1	exon|gene|transcript	317
chr17	28688218	28688535	ENSG00000109111.15	exon|gene|transcript	317
chr17	31272448	31272765	ENSG00000126861.5|ENSG00000196712.20	exon|gene|transcript	317
chr17	39070016	39070333	ENSG00000161381.14|ENSG00000293194.1	exon|gene|transcript	317
chr17	47601290	47601607	ENSG00000141279.18	exon|gene|transcript	317
chr17	82949387	82949704	ENSG00000175711.9	exon|gene|transcript	317
chr17	46050215	46050532	ENSG00000120071.15	exon|gene|transcript	317
chr17	40717233	40717549	ENSG00000291165.1	exon|gene|transcript	316
chr17	45238638	45238954	ENSG00000184922.15|ENSG00000233175.2	exon|gene|transcript	316
chr17	10880579	10880895	ENSG00000263508.6|ENSG00000285220.1	exon|gene|transcript	316
chr17	42598642	42598958	ENSG00000141699.11|ENSG00000280183.1	exon|gene|transcript	316
chr17	22525014	22525330	ENSG00000243655.2|ENSG00000264168.2	exon|gene|transcript	316
chr17	29021324	29021640	ENSG00000179761.12|ENSG00000263781.3	exon|gene|transcript	316
chr17	64954177	64954493	ENSG00000232457.4	exon|gene|transcript	316
chr17	6641932	6642248	ENSG00000129235.11	exon|gene|transcript	316
chr17	63490637	63490953	ENSG00000159640.17|ENSG00000264813.6	exon|gene|transcript	316
chr17	22606387	22606703	ENSG00000264930.1	exon|gene|transcript	316
chr17	19450013	19450328	ENSG00000235979.9	exon|gene|transcript	315
chr17	69505464	69505779	ENSG00000108984.16	exon|gene|transcript	315
chr17	15787890	15788205	ENSG00000265519.1	exon|gene|transcript	315
chr17	49826377	49826692	ENSG00000136504.15	exon|gene|transcript	315
chr17	17224989	17225304	ENSG00000154803.13|ENSG00000264187.1	exon|gene|transcript	315
chr17	82274576	82274891	ENSG00000287737.3	exon|gene|transcript	315
chr17	27417689	27418004	ENSG00000290422.1	exon|gene|transcript	315
chr17	8199122	8199437	ENSG00000271002.1	exon|gene|transcript	315
chr17	63859873	63860188	ENSG00000240280.8|ENSG00000293480.1	exon|gene|transcript	315
chr17	16705399	16705713	ENSG00000170160.19|ENSG00000266302.6	exon|gene|transcript	314
chr17	18638860	18639174	ENSG00000189375.12|ENSG00000287058.1	exon|gene|transcript	314
chr17	57626914	57627228	ENSG00000153944.12	exon|gene|transcript	314
chr17	67224727	67225041	ENSG00000198265.12|ENSG00000213180.4|ENSG00000264421.1	exon|gene|transcript	314
chr17	20336080	20336394	ENSG00000154898.17|ENSG00000293363.2	exon|gene|transcript	314
chr17	77723959	77724272	ENSG00000267790.1	exon|gene|transcript	313
chr17	14705075	14705388	ENSG00000230897.1	exon|gene|transcript	313
chr17	68250480	68250793	ENSG00000196704.14	exon|gene|transcript	313
chr17	74445564	74445876	ENSG00000170412.18	exon|gene|transcript	312
chr17	81382844	81383156	ENSG00000262223.10	exon|gene|transcript	312
chr17	80803330	80803642	ENSG00000141564.16|ENSG00000262833.1	exon|gene|transcript	312
chr17	78158823	78159135	ENSG00000187997.12|ENSG00000267679.1	exon|gene|transcript	312
chr17	4705217	4705529	ENSG00000244184.1	exon|gene|transcript	312
chr17	40381526	40381838	ENSG00000278346.1	exon|gene|transcript	312
chr17	69521100	69521412	ENSG00000108984.16	exon|gene|transcript	312
chr17	15231610	15231922	ENSG00000109099.16	exon|gene|transcript	312
chr17	82578305	82578616	ENSG00000141568.21|ENSG00000262652.1	exon|gene|transcript	311
chr17	50522081	50522392	ENSG00000136449.16	exon|gene|transcript	311
chr17	20305689	20306000	ENSG00000128487.19|ENSG00000263494.1	exon|gene|transcript	311
chr17	20244882	20245193	ENSG00000128487.19|ENSG00000263494.1	exon|gene|transcript	311
chr17	3033080	3033391	ENSG00000132359.17	exon|gene|transcript	311
chr17	2964431	2964742	ENSG00000132359.17|ENSG00000262884.1	exon|gene|transcript	311
chr17	63972919	63973230	ENSG00000263489.1	exon|gene|transcript	311
chr17	77558439	77558750	ENSG00000267506.7	exon|gene|transcript	311
chr17	58078949	58079259	ENSG00000266290.1	exon|gene|transcript	310
chr17	82768566	82768876	ENSG00000141556.22	exon|gene|transcript	310
chr17	9807601	9807911	ENSG00000214978.8|ENSG00000278944.1|ENSG00000283025.1	exon|gene|transcript	310
chr17	42647833	42648143	ENSG00000267189.1	exon|gene|transcript	310
chr17	65644307	65644617	ENSG00000154240.18|ENSG00000271587.1	exon|gene|transcript	310
chr17	35822833	35823143	ENSG00000270647.7|ENSG00000270871.1|ENSG00000270894.1	exon|gene|transcript	310
chr17	41409938	41410248	ENSG00000225438.1|ENSG00000234859.5	exon|gene|transcript	310
chr17	9808982	9809292	ENSG00000214978.8|ENSG00000283025.1	exon|gene|transcript	310
chr17	22519194	22519504	ENSG00000283879.1	exon|gene|transcript	310
chr17	64149947	64150256	ENSG00000136478.9	exon|gene|transcript	309
chr17	74551669	74551978	ENSG00000236770.1	exon|gene|transcript	309
chr17	45830570	45830879	ENSG00000120088.16|ENSG00000263715.7|ENSG00000264589.5	exon|gene|transcript	309
chr17	753999	754308	ENSG00000293440.1	exon|gene|transcript	309
chr17	47369615	47369924	ENSG00000178852.16	exon|gene|transcript	309
chr17	37052254	37052563	ENSG00000275700.6|ENSG00000278638.2	exon|gene|transcript	309
chr17	80201870	80202179	ENSG00000141527.19|ENSG00000262580.5	exon|gene|transcript	309
chr17	68044503	68044812	ENSG00000182481.10	exon|gene|transcript	309
chr17	47303473	47303782	ENSG00000259207.10|ENSG00000259753.1|ENSG00000263293.3	exon|gene|transcript	309
chr17	81237077	81237386	ENSG00000167302.11	exon|gene|transcript	309
chr17	45463757	45464065	ENSG00000225190.12|ENSG00000236234.1	exon|gene|transcript	308
chr17	49037121	49037429	ENSG00000159217.10|ENSG00000251550.1	exon|gene|transcript	308
chr17	6900032	6900340	ENSG00000215067.12|ENSG00000291084.1	exon|gene|transcript	308
chr17	18004494	18004802	ENSG00000171953.16|ENSG00000171962.19	exon|gene|transcript	308
chr17	34164705	34165013	ENSG00000108684.15|ENSG00000263571.3	exon|gene|transcript	308
chr17	18483966	18484274	ENSG00000171916.17	exon|gene|transcript	308
chr17	7246370	7246678	ENSG00000175826.12	exon|gene|transcript	308
chr17	70067184	70067491	ENSG00000153822.15|ENSG00000230258.6|ENSG00000267603.1	exon|gene|transcript	307
chr17	29096915	29097222	ENSG00000196535.20	exon|gene|transcript	307
chr17	49600522	49600829	ENSG00000121067.19	exon|gene|transcript	307
chr17	18978850	18979157	ENSG00000154025.16|ENSG00000188522.16	exon|gene|transcript	307
chr17	58244132	58244438	ENSG00000167419.11|ENSG00000286788.1	exon|gene|transcript	306
chr17	21451080	21451386	ENSG00000212719.15|ENSG00000287671.1	exon|gene|transcript	306
chr17	62319883	62320189	ENSG00000242123.1	exon|gene|transcript	306
chr17	5421466	5421772	ENSG00000129197.15	exon|gene|transcript	306
chr17	45533532	45533838	ENSG00000214425.11|ENSG00000266918.1|ENSG00000291175.1	exon|gene|transcript	306
chr17	55769941	55770246	ENSG00000141179.14	exon|gene|transcript	305
chr17	19209028	19209333	ENSG00000236022.6|ENSG00000263206.1	exon|gene|transcript	305
chr17	21011309	21011614	ENSG00000124422.12	exon|gene|transcript	305
chr17	19082856	19083161	ENSG00000230197.6|ENSG00000265746.1	exon|gene|transcript	305
chr17	30573472	30573777	ENSG00000231421.8	exon|gene|transcript	305
chr17	37843833	37844138	ENSG00000290810.1	exon|gene|transcript	305
chr17	57092543	57092848	ENSG00000121057.13|ENSG00000263089.1	exon|gene|transcript	305
chr17	3440338	3440642	ENSG00000141255.13|ENSG00000280268.1	exon|gene|transcript	304
chr17	1010424	1010728	ENSG00000159842.16	exon|gene|transcript	304
chr17	39725402	39725706	ENSG00000141736.14	exon|gene|transcript	304
chr17	43719935	43720239	ENSG00000267253.1	exon|gene|transcript	304
chr17	28467843	28468147	ENSG00000167524.17|ENSG00000263266.2	exon|gene|transcript	304
chr17	51443733	51444037	ENSG00000267452.3	exon|gene|transcript	304
chr17	47054213	47054517	ENSG00000262879.7|ENSG00000263142.6	exon|gene|transcript	304
chr17	2639296	2639600	ENSG00000007168.14|ENSG00000279432.1	exon|gene|transcript	304
chr17	19168921	19169225	ENSG00000261987.2|ENSG00000266311.6	exon|gene|transcript	304
chr17	40835658	40835961	ENSG00000167920.12	exon|gene|transcript	303
chr17	30272257	30272560	ENSG00000108578.15	exon|gene|transcript	303
chr17	19742728	19743030	ENSG00000108602.18	exon|gene|transcript	302
chr17	50781305	50781607	ENSG00000285829.1	exon|gene|transcript	302
chr17	59931319	59931621	ENSG00000108443.14	exon|gene|transcript	302
chr17	79819336	79819638	ENSG00000262772.2	exon|gene|transcript	302
chr17	3904399	3904701	ENSG00000108405.4	exon|gene|transcript	302
chr17	11925159	11925461	ENSG00000007174.18	exon|gene|transcript	302
chr17	70100766	70101068	ENSG00000153822.15|ENSG00000230258.6	exon|gene|transcript	302
chr17	81443971	81444273	ENSG00000266074.11	exon|gene|transcript	302
chr17	1653239	1653541	ENSG00000174231.18	exon|gene|transcript	302
chr17	75783698	75784000	ENSG00000132475.10	exon|gene|transcript	302
chr17	29776399	29776701	ENSG00000141298.19|ENSG00000263657.1|ENSG00000265713.1	exon|gene|transcript	302
chr17	34165050	34165352	ENSG00000108684.15|ENSG00000263571.3	exon|gene|transcript	302
chr17	46714001	46714302	ENSG00000073969.19	exon|gene|transcript	301
chr17	35846604	35846905	ENSG00000270647.7	exon|gene|transcript	301
chr17	48307399	48307700	ENSG00000141293.16|ENSG00000235300.5	exon|gene|transcript	301
chr17	43914432	43914732	ENSG00000282199.1	exon|gene|transcript	300
chr17	7909500	7909800	ENSG00000170004.19	exon|gene|transcript	300
chr17	27638354	27638654	ENSG00000168961.17|ENSG00000266728.5	exon|gene|transcript	300
chr17	39028249	39028549	ENSG00000214553.12	exon|gene|transcript	300
chr17	4889850	4890150	ENSG00000141503.17	exon|gene|transcript	300
chr17	74604141	74604441	ENSG00000261222.4	exon|gene|transcript	300
chr17	5431573	5431872	ENSG00000129197.15|ENSG00000263272.1	exon|gene|transcript	299
chr17	34614408	34614707	ENSG00000181291.8|ENSG00000278860.1	exon|gene|transcript	299
chr17	80967269	80967568	ENSG00000261924.1	exon|gene|transcript	299
chr17	78821061	78821360	ENSG00000055483.20	exon|gene|transcript	299
chr17	57628620	57628919	ENSG00000153944.12	exon|gene|transcript	299
chr17	45549481	45549780	ENSG00000214425.11|ENSG00000267198.1|ENSG00000291175.1	exon|gene|transcript	299
chr17	16746312	16746610	ENSG00000170160.19|ENSG00000226478.3|ENSG00000266302.6	exon|gene|transcript	298
chr17	64131009	64131307	ENSG00000289957.1	exon|gene|transcript	298
chr17	31760596	31760894	ENSG00000265863.1	exon|gene|transcript	298
chr17	18005884	18006182	ENSG00000171953.16|ENSG00000171962.19	exon|gene|transcript	298
chr17	28643311	28643609	ENSG00000007202.16	exon|gene|transcript	298
chr17	59604816	59605114	ENSG00000108406.10	exon|gene|transcript	298
chr17	81692086	81692384	ENSG00000185359.14	exon|gene|transcript	298
chr17	67272451	67272749	ENSG00000285877.1	exon|gene|transcript	298
chr17	51521103	51521401	ENSG00000267452.3	exon|gene|transcript	298
chr17	34161424	34161722	ENSG00000108684.15|ENSG00000263571.3	exon|gene|transcript	298
chr17	69234714	69235012	ENSG00000154263.18|ENSG00000278873.1	exon|gene|transcript	298
chr17	7955291	7955589	ENSG00000262492.1	exon|gene|transcript	298
chr17	50472130	50472427	ENSG00000167107.13	exon|gene|transcript	297
chr17	9177529	9177826	ENSG00000065320.9|ENSG00000262966.2	exon|gene|transcript	297
chr17	82908443	82908740	ENSG00000141556.22	exon|gene|transcript	297
chr17	7230430	7230727	ENSG00000004975.12	exon|gene|transcript	297
chr17	28329276	28329573	ENSG00000109083.14	exon|gene|transcript	297
chr17	39045347	39045644	ENSG00000290925.1	exon|gene|transcript	297
chr17	78489048	78489345	ENSG00000187775.17|ENSG00000267432.6	exon|gene|transcript	297
chr17	47021189	47021486	ENSG00000262633.2|ENSG00000262879.7|ENSG00000263142.6|ENSG00000291209.1	exon|gene|transcript	297
chr17	7594374	7594671	ENSG00000129245.13	exon|gene|transcript	297
chr17	28615798	28616095	ENSG00000007202.16|ENSG00000227543.5	exon|gene|transcript	297
chr17	80211236	80211533	ENSG00000141527.19|ENSG00000181523.13	exon|gene|transcript	297
chr17	9552927	9553223	ENSG00000170310.15	exon|gene|transcript	296
chr17	34479507	34479803	ENSG00000225582.2	exon|gene|transcript	296
chr17	32016924	32017220	ENSG00000185158.13	exon|gene|transcript	296
chr17	18010642	18010938	ENSG00000171953.16|ENSG00000171962.19|ENSG00000232344.2	exon|gene|transcript	296
chr17	7292514	7292810	ENSG00000006047.13	exon|gene|transcript	296
chr17	18011527	18011822	ENSG00000171953.16|ENSG00000171962.19|ENSG00000232344.2	exon|gene|transcript	295
chr17	82014161	82014456	ENSG00000169696.16	exon|gene|transcript	295
chr17	44177313	44177608	ENSG00000161664.7|ENSG00000267080.8	exon|gene|transcript	295
chr17	20375835	20376130	ENSG00000154898.17|ENSG00000214832.6|ENSG00000293206.1	exon|gene|transcript	295
chr17	42586137	42586432	ENSG00000141699.11	exon|gene|transcript	295
chr17	16808949	16809244	ENSG00000272815.1	exon|gene|transcript	295
chr17	7347307	7347602	ENSG00000072818.12	exon|gene|transcript	295
chr17	30558502	30558797	ENSG00000266733.8|ENSG00000290404.1	exon|gene|transcript	295
chr17	35912702	35912996	ENSG00000271013.1	exon|gene|transcript	294
chr17	82906174	82906468	ENSG00000141556.22	exon|gene|transcript	294
chr17	64593014	64593308	ENSG00000108854.16	exon|gene|transcript	294
chr17	19439141	19439435	ENSG00000235979.9	exon|gene|transcript	294
chr17	56952110	56952404	ENSG00000121058.5|ENSG00000262623.1	exon|gene|transcript	294
chr17	42513566	42513860	ENSG00000033627.18	exon|gene|transcript	294
chr17	550585	550879	ENSG00000141252.21	exon|gene|transcript	294
chr17	73776197	73776491	ENSG00000177338.14	exon|gene|transcript	294
chr17	20391474	20391768	ENSG00000154898.17	exon|gene|transcript	294
chr17	41423353	41423646	ENSG00000108417.4|ENSG00000234859.5	exon|gene|transcript	293
chr17	42879194	42879487	ENSG00000213373.7	exon|gene|transcript	293
chr17	49601025	49601318	ENSG00000121067.19	exon|gene|transcript	293
chr17	18553972	18554265	ENSG00000154874.18|ENSG00000291090.1	exon|gene|transcript	293
chr17	75671863	75672156	ENSG00000161526.15	exon|gene|transcript	293
chr17	31709567	31709859	ENSG00000266448.1	exon|gene|transcript	292
chr17	41453763	41454055	ENSG00000236473.1	exon|gene|transcript	292
chr17	16925845	16926137	ENSG00000128438.11|ENSG00000290698.1	exon|gene|transcript	292
chr17	40032090	40032382	ENSG00000008838.21	exon|gene|transcript	292
chr17	4446603	4446895	ENSG00000182557.8	exon|gene|transcript	292
chr17	46044865	46045157	ENSG00000120071.15	exon|gene|transcript	292
chr17	59248785	59249077	ENSG00000153982.11	exon|gene|transcript	292
chr17	61367945	61368237	ENSG00000141376.24|ENSG00000267131.1	exon|gene|transcript	292
chr17	1659548	1659840	ENSG00000174231.18	exon|gene|transcript	292
chr17	76047970	76048262	ENSG00000167881.15	exon|gene|transcript	292
chr17	15105236	15105527	ENSG00000265163.1	exon|gene|transcript	291
chr17	82929500	82929791	ENSG00000141556.22	exon|gene|transcript	291
chr17	41411484	41411775	ENSG00000225438.1|ENSG00000234859.5	exon|gene|transcript	291
chr17	72094764	72095055	ENSG00000226101.2|ENSG00000234899.11|ENSG00000288605.1	exon|gene|transcript	291
chr17	32480197	32480488	ENSG00000108671.11	exon|gene|transcript	291
chr17	63800176	63800467	ENSG00000198231.14	exon|gene|transcript	291
chr17	26981693	26981984	ENSG00000263433.1	exon|gene|transcript	291
chr17	37600697	37600988	ENSG00000275066.5	exon|gene|transcript	291
chr17	78211617	78211908	ENSG00000267624.1	exon|gene|transcript	291
chr17	63829202	63829493	ENSG00000087191.14|ENSG00000108592.17	exon|gene|transcript	291
chr17	75485998	75486289	ENSG00000177728.17	exon|gene|transcript	291
chr17	28707158	28707449	ENSG00000167525.16	exon|gene|transcript	291
chr17	57616340	57616631	ENSG00000153944.12	exon|gene|transcript	291
chr17	63704908	63705199	ENSG00000125695.12|ENSG00000266173.7	exon|gene|transcript	291
chr17	76618099	76618390	ENSG00000163597.17|ENSG00000286750.1	exon|gene|transcript	291
chr17	82625586	82625876	ENSG00000141568.21|ENSG00000141580.16	exon|gene|transcript	290
chr17	16789360	16789650	ENSG00000266302.6|ENSG00000272815.1|ENSG00000288235.1|ENSG00000290976.1	exon|gene|transcript	290
chr17	45170040	45170330	ENSG00000267288.2	exon|gene|transcript	290
chr17	81914965	81915255	ENSG00000187531.14	exon|gene|transcript	290
chr17	41633816	41634106	ENSG00000214514.9|ENSG00000290861.1	exon|gene|transcript	290
chr17	44473434	44473724	ENSG00000186566.13	exon|gene|transcript	290
chr17	22531875	22532165	ENSG00000284328.1	exon|gene|transcript	290
chr17	12642442	12642731	ENSG00000179136.8	exon|gene|transcript	289
chr17	18236204	18236493	ENSG00000131899.13	exon|gene|transcript	289
chr17	20426790	20427079	ENSG00000189423.14|ENSG00000287490.1|ENSG00000291194.1	exon|gene|transcript	289
chr17	51334384	51334673	ENSG00000249383.2	exon|gene|transcript	289
chr17	19189739	19190028	ENSG00000264940.5	exon|gene|transcript	289
chr17	22693324	22693613	ENSG00000264431.1|ENSG00000293001.1	exon|gene|transcript	289
chr17	19188232	19188521	ENSG00000263934.5	exon|gene|transcript	289
chr17	42811797	42812086	ENSG00000126581.13	exon|gene|transcript	289
chr17	29077737	29078026	ENSG00000196535.20	exon|gene|transcript	289
chr17	42331182	42331471	ENSG00000168610.17	exon|gene|transcript	289
chr17	37624054	37624343	ENSG00000278053.5	exon|gene|transcript	289
chr17	41904439	41904728	ENSG00000131473.17	exon|gene|transcript	289
chr17	48046586	48046875	ENSG00000263412.3	exon|gene|transcript	289
chr17	37630939	37631227	ENSG00000278053.5	exon|gene|transcript	288
chr17	82478918	82479206	ENSG00000141562.19	exon|gene|transcript	288
chr17	20451883	20452171	ENSG00000170298.16	exon|gene|transcript	288
chr17	45517860	45518148	ENSG00000214425.11|ENSG00000291175.1	exon|gene|transcript	288
chr17	18492168	18492456	ENSG00000171916.17	exon|gene|transcript	288
chr17	69032743	69033031	ENSG00000154258.17|ENSG00000231749.3	exon|gene|transcript	288
chr17	45270563	45270851	ENSG00000006062.18	exon|gene|transcript	288
chr17	44673688	44673975	ENSG00000180329.14|ENSG00000180336.18|ENSG00000267160.1	exon|gene|transcript	287
chr17	32447046	32447333	ENSG00000108671.11	exon|gene|transcript	287
chr17	43923674	43923961	ENSG00000267166.5	exon|gene|transcript	287
chr17	70096639	70096926	ENSG00000153822.15|ENSG00000230258.6	exon|gene|transcript	287
chr17	79711443	79711730	ENSG00000267719.1	exon|gene|transcript	287
chr17	27465111	27465398	ENSG00000141068.17|ENSG00000265801.1	exon|gene|transcript	287
chr17	58966441	58966727	ENSG00000175175.6|ENSG00000263938.1	exon|gene|transcript	286
chr17	27661548	27661834	ENSG00000265788.3|ENSG00000290973.1	exon|gene|transcript	286
chr17	34939330	34939616	ENSG00000132141.14	exon|gene|transcript	286
chr17	78164662	78164948	ENSG00000187997.12	exon|gene|transcript	286
chr17	49408755	49409041	ENSG00000167085.14|ENSG00000262039.1	exon|gene|transcript	286
chr17	43825072	43825358	ENSG00000161647.19	exon|gene|transcript	286
chr17	20521595	20521881	ENSG00000205215.9|ENSG00000291198.1	exon|gene|transcript	286
chr17	62040067	62040352	ENSG00000108510.10|ENSG00000285879.1	exon|gene|transcript	285
chr17	62264731	62265016	ENSG00000290800.1	exon|gene|transcript	285
chr17	73203146	73203431	ENSG00000166685.13|ENSG00000277728.1	exon|gene|transcript	285
chr17	59648401	59648686	ENSG00000141367.13	exon|gene|transcript	285
chr17	48465755	48466040	ENSG00000264451.1	exon|gene|transcript	285
chr17	37579131	37579416	ENSG00000275066.5	exon|gene|transcript	285
chr17	61885005	61885290	ENSG00000108506.14	exon|gene|transcript	285
chr17	50235844	50236129	ENSG00000249838.1	exon|gene|transcript	285
chr17	27526385	27526669	ENSG00000141068.17|ENSG00000263368.1	exon|gene|transcript	284
chr17	46045425	46045709	ENSG00000120071.15	exon|gene|transcript	284
chr17	31525679	31525963	ENSG00000131242.18	exon|gene|transcript	284
chr17	21529990	21530274	ENSG00000212719.15	exon|gene|transcript	284
chr17	4740050	4740334	ENSG00000141497.14	exon|gene|transcript	284
chr17	22203077	22203361	ENSG00000290919.1	exon|gene|transcript	284
chr17	81690320	81690604	ENSG00000185359.14	exon|gene|transcript	284
chr17	81810107	81810391	ENSG00000215644.10	exon|gene|transcript	284
chr17	69434517	69434801	ENSG00000108984.16|ENSG00000278972.1	exon|gene|transcript	284
chr17	45232940	45233223	ENSG00000184922.15	exon|gene|transcript	283
chr17	27677804	27678087	ENSG00000264240.1	exon|gene|transcript	283
chr17	10716075	10716358	ENSG00000187824.9|ENSG00000264176.2|ENSG00000293151.1	exon|gene|transcript	283
chr17	34481064	34481347	ENSG00000225582.2	exon|gene|transcript	283
chr17	82014791	82015074	ENSG00000169696.16	exon|gene|transcript	283
chr17	7442792	7443075	ENSG00000161958.11|ENSG00000262880.1|ENSG00000263301.1|ENSG00000272884.1	exon|gene|transcript	283
chr17	72094213	72094496	ENSG00000226101.2|ENSG00000234899.11|ENSG00000288605.1	exon|gene|transcript	283
chr17	62006357	62006640	ENSG00000108510.10|ENSG00000279133.1	exon|gene|transcript	283
chr17	27763697	27763980	ENSG00000007171.19	exon|gene|transcript	283
chr17	81913293	81913576	ENSG00000187531.14	exon|gene|transcript	283
chr17	51155780	51156063	ENSG00000011052.21|ENSG00000239672.8	exon|gene|transcript	283
chr17	34179090	34179373	ENSG00000261156.6	exon|gene|transcript	283
chr17	35446985	35447267	ENSG00000154760.14	exon|gene|transcript	282
chr17	68095067	68095349	ENSG00000266117.1	exon|gene|transcript	282
chr17	39131755	39132037	ENSG00000161381.14	exon|gene|transcript	282
chr17	15974396	15974678	ENSG00000170425.4	exon|gene|transcript	282
chr17	45978440	45978722	ENSG00000186868.18	exon|gene|transcript	282
chr17	56472264	56472546	ENSG00000153930.13|ENSG00000279606.1	exon|gene|transcript	282
chr17	35965189	35965471	ENSG00000273736.2|ENSG00000291030.1	exon|gene|transcript	282
chr17	6772830	6773112	ENSG00000132530.17|ENSG00000279296.1	exon|gene|transcript	282
chr17	43104956	43105237	ENSG00000012048.25	exon|gene|transcript	281
chr17	8312640	8312921	ENSG00000198844.12	exon|gene|transcript	281
chr17	17488091	17488372	ENSG00000141026.6	exon|gene|transcript	281
chr17	45220454	45220735	ENSG00000267121.7	exon|gene|transcript	281
chr17	36927396	36927677	ENSG00000277268.2	exon|gene|transcript	281
chr17	14463614	14463895	ENSG00000230647.3	exon|gene|transcript	281
chr17	35514905	35515186	ENSG00000205045.12|ENSG00000255987.1	exon|gene|transcript	281
chr17	45550055	45550335	ENSG00000214425.11|ENSG00000267198.1|ENSG00000267246.1|ENSG00000291175.1	exon|gene|transcript	280
chr17	80213885	80214165	ENSG00000141527.19|ENSG00000181523.13	exon|gene|transcript	280
chr17	44863782	44864062	ENSG00000108883.13	exon|gene|transcript	280
chr17	1783583	1783863	ENSG00000186532.12	exon|gene|transcript	280
chr17	34118603	34118882	ENSG00000108684.15|ENSG00000265356.2|ENSG00000265775.1	exon|gene|transcript	279
chr17	45972914	45973193	ENSG00000186868.18	exon|gene|transcript	279
chr17	20901938	20902217	ENSG00000233098.10|ENSG00000265790.1	exon|gene|transcript	279
chr17	5533576	5533855	ENSG00000091592.17	exon|gene|transcript	279
chr17	72323742	72324021	ENSG00000227036.10	exon|gene|transcript	279
chr17	54953381	54953660	ENSG00000141198.16|ENSG00000166260.13	exon|gene|transcript	279
chr17	19096082	19096361	ENSG00000228157.4	exon|gene|transcript	279
chr17	9553582	9553861	ENSG00000170310.15|ENSG00000271851.1	exon|gene|transcript	279
chr17	22705406	22705685	ENSG00000264970.3|ENSG00000293001.1	exon|gene|transcript	279
chr17	64975138	64975417	ENSG00000291140.1	exon|gene|transcript	279
chr17	28699893	28700172	ENSG00000109111.15	exon|gene|transcript	279
chr17	61129393	61129671	ENSG00000141376.24|ENSG00000286997.1	exon|gene|transcript	278
chr17	80804966	80805244	ENSG00000141564.16|ENSG00000262833.1	exon|gene|transcript	278
chr17	78449975	78450253	ENSG00000187775.17	exon|gene|transcript	278
chr17	1638527	1638805	ENSG00000074660.17	exon|gene|transcript	278
chr17	29578988	29579266	ENSG00000108262.16|ENSG00000264031.1	exon|gene|transcript	278
chr17	82028740	82029018	ENSG00000169683.8	exon|gene|transcript	278
chr17	5517887	5518165	ENSG00000091592.17	exon|gene|transcript	278
chr17	72070488	72070766	ENSG00000234899.11|ENSG00000288605.1	exon|gene|transcript	278
chr17	3824530	3824808	ENSG00000074356.17	exon|gene|transcript	278
chr17	78102544	78102821	ENSG00000078687.18	exon|gene|transcript	277
chr17	6650078	6650355	ENSG00000108590.11	exon|gene|transcript	277
chr17	15735070	15735347	ENSG00000214946.15|ENSG00000233002.2|ENSG00000255104.9	exon|gene|transcript	277
chr17	78501464	78501741	ENSG00000187775.17|ENSG00000267432.6	exon|gene|transcript	277
chr17	61893899	61894176	ENSG00000108506.14	exon|gene|transcript	277
chr17	33828204	33828481	ENSG00000108684.15|ENSG00000279668.4	exon|gene|transcript	277
chr17	59181510	59181787	ENSG00000068489.13|ENSG00000266537.1	exon|gene|transcript	277
chr17	48851281	48851558	ENSG00000136436.15	exon|gene|transcript	277
chr17	28268967	28269244	ENSG00000260777.2|ENSG00000266306.2	exon|gene|transcript	277
chr17	32369017	32369294	ENSG00000010244.19	exon|gene|transcript	277
chr17	21311864	21312141	ENSG00000034152.20	exon|gene|transcript	277
chr17	82937569	82937845	ENSG00000141556.22	exon|gene|transcript	276
chr17	8015051	8015327	ENSG00000132518.7|ENSG00000279174.1	exon|gene|transcript	276
chr17	2306760	2307035	ENSG00000167720.13|ENSG00000262333.1	exon|gene|transcript	275
chr17	12630873	12631148	ENSG00000179136.8|ENSG00000287462.1	exon|gene|transcript	275
chr17	2673082	2673357	ENSG00000007168.14	exon|gene|transcript	275
chr17	58731883	58732158	ENSG00000108384.16	exon|gene|transcript	275
chr17	45549780	45550055	ENSG00000214425.11|ENSG00000267198.1|ENSG00000267246.1|ENSG00000291175.1	exon|gene|transcript	275
chr17	21512274	21512549	ENSG00000212719.15	exon|gene|transcript	275
chr17	75568057	75568332	ENSG00000073350.14	exon|gene|transcript	275
chr17	64799581	64799855	ENSG00000214176.12|ENSG00000291117.1	exon|gene|transcript	274
chr17	1508226	1508500	ENSG00000132376.20	exon|gene|transcript	274
chr17	16745635	16745909	ENSG00000170160.19|ENSG00000226478.3|ENSG00000266302.6	exon|gene|transcript	274
chr17	62381667	62381941	ENSG00000172421.10|ENSG00000239809.1	exon|gene|transcript	274
chr17	19112144	19112418	ENSG00000262202.4	exon|gene|transcript	274
chr17	18698879	18699153	ENSG00000291110.1	exon|gene|transcript	274
chr17	42758493	42758767	ENSG00000131477.11|ENSG00000197291.9	exon|gene|transcript	274
chr17	36586198	36586471	ENSG00000278311.5	exon|gene|transcript	273
chr17	58518314	58518587	ENSG00000289147.2	exon|gene|transcript	273
chr17	30273764	30274037	ENSG00000108578.15	exon|gene|transcript	273
chr17	14838216	14838489	ENSG00000238212.3	exon|gene|transcript	273
chr17	47893433	47893706	ENSG00000264920.4	exon|gene|transcript	273
chr17	72102762	72103035	ENSG00000226101.2|ENSG00000234899.11|ENSG00000288605.1	exon|gene|transcript	273
chr17	72290202	72290475	ENSG00000227036.10	exon|gene|transcript	273
chr17	48706058	48706330	ENSG00000244649.5	exon|gene|transcript	272
chr17	82016527	82016799	ENSG00000169696.16	exon|gene|transcript	272
chr17	76061219	76061491	ENSG00000167881.15	exon|gene|transcript	272
chr17	49148500	49148772	ENSG00000167080.9|ENSG00000240995.2	exon|gene|transcript	272
chr17	50462585	50462857	ENSG00000167107.13	exon|gene|transcript	272
chr17	20446772	20447044	ENSG00000287490.1|ENSG00000291195.1	exon|gene|transcript	272
chr17	16058064	16058336	ENSG00000141027.23	exon|gene|transcript	272
chr17	35076736	35077007	ENSG00000092871.17|ENSG00000243423.1|ENSG00000267618.5	exon|gene|transcript	271
chr17	59735473	59735744	ENSG00000062716.13	exon|gene|transcript	271
chr17	8554018	8554289	ENSG00000133026.14	exon|gene|transcript	271
chr17	72045733	72046004	ENSG00000228639.8|ENSG00000288605.1	exon|gene|transcript	271
chr17	74773039	74773310	ENSG00000109065.12	exon|gene|transcript	271
chr17	30125847	30126118	ENSG00000126653.18|ENSG00000265739.1	exon|gene|transcript	271
chr17	81181694	81181965	ENSG00000225180.8	exon|gene|transcript	271
chr17	5126739	5127010	ENSG00000129204.17|ENSG00000262855.1	exon|gene|transcript	271
chr17	77490859	77491130	ENSG00000184640.20	exon|gene|transcript	271
chr17	69034655	69034926	ENSG00000154258.17|ENSG00000231749.3	exon|gene|transcript	271
chr17	80354166	80354436	ENSG00000173821.20|ENSG00000263069.6	exon|gene|transcript	270
chr17	66339790	66340060	ENSG00000154229.12	exon|gene|transcript	270
chr17	66415116	66415386	ENSG00000154229.12|ENSG00000264630.5	exon|gene|transcript	270
chr17	28360258	28360528	ENSG00000244045.13|ENSG00000258924.4	exon|gene|transcript	270
chr17	42753529	42753799	ENSG00000214578.5	exon|gene|transcript	270
chr17	31338805	31339075	ENSG00000196712.20	exon|gene|transcript	270
chr17	72526683	72526953	ENSG00000227036.10	exon|gene|transcript	270
chr17	63817423	63817693	ENSG00000198231.14	exon|gene|transcript	270
chr17	76043558	76043828	ENSG00000167881.15	exon|gene|transcript	270
chr17	31339740	31340010	ENSG00000196712.20	exon|gene|transcript	270
chr17	17231523	17231793	ENSG00000154803.13|ENSG00000264187.1	exon|gene|transcript	270
chr17	17182948	17183218	ENSG00000133030.22|ENSG00000263624.1|ENSG00000278864.1	exon|gene|transcript	270
chr17	74205076	74205345	ENSG00000172809.13	exon|gene|transcript	269
chr17	74850767	74851036	ENSG00000161509.14	exon|gene|transcript	269
chr17	43825486	43825755	ENSG00000161647.19	exon|gene|transcript	269
chr17	4179451	4179720	ENSG00000167740.10|ENSG00000185722.18	exon|gene|transcript	269
chr17	5470091	5470360	ENSG00000262099.1	exon|gene|transcript	269
chr17	12973032	12973301	ENSG00000006740.18|ENSG00000280168.1	exon|gene|transcript	269
chr17	29856063	29856332	ENSG00000141298.19|ENSG00000240074.1	exon|gene|transcript	269
chr17	7565764	7566033	ENSG00000161956.14|ENSG00000277957.1	exon|gene|transcript	269
chr17	45800277	45800546	ENSG00000120088.16|ENSG00000263715.7|ENSG00000264589.5	exon|gene|transcript	269
chr17	76834574	76834843	ENSG00000287836.1	exon|gene|transcript	269
chr17	78501873	78502142	ENSG00000187775.17|ENSG00000267432.6	exon|gene|transcript	269
chr17	50187606	50187875	ENSG00000108821.14	exon|gene|transcript	269
chr17	82920191	82920459	ENSG00000141556.22	exon|gene|transcript	268
chr17	47053538	47053806	ENSG00000262879.7|ENSG00000263142.6	exon|gene|transcript	268
chr17	31966632	31966900	ENSG00000178691.11	exon|gene|transcript	268
chr17	80137117	80137385	ENSG00000141543.12	exon|gene|transcript	268
chr17	35988829	35989097	ENSG00000275431.1|ENSG00000275688.4	exon|gene|transcript	268
chr17	19718110	19718378	ENSG00000180638.19	exon|gene|transcript	268
chr17	61378360	61378628	ENSG00000141376.24|ENSG00000267131.1	exon|gene|transcript	268
chr17	76850405	76850673	ENSG00000267535.2	exon|gene|transcript	268
chr17	7499491	7499758	ENSG00000181222.19	exon|gene|transcript	267
chr17	21458585	21458852	ENSG00000212719.15|ENSG00000264023.1|ENSG00000265043.1	exon|gene|transcript	267
chr17	72088780	72089047	ENSG00000226101.2|ENSG00000234899.11|ENSG00000288605.1	exon|gene|transcript	267
chr17	331866	332133	ENSG00000181031.16|ENSG00000262061.7	exon|gene|transcript	267
chr17	49505661	49505928	ENSG00000064300.9|ENSG00000249906.1	exon|gene|transcript	267
chr17	67776059	67776326	ENSG00000266858.1	exon|gene|transcript	267
chr17	46032299	46032566	ENSG00000120071.15	exon|gene|transcript	267
chr17	63860687	63860954	ENSG00000240280.8|ENSG00000293480.1	exon|gene|transcript	267
chr17	68040410	68040677	ENSG00000182481.10	exon|gene|transcript	267
chr17	62600326	62600592	ENSG00000146872.19	exon|gene|transcript	266
chr17	19155739	19156005	ENSG00000189152.11|ENSG00000197665.7	exon|gene|transcript	266
chr17	17225909	17226175	ENSG00000154803.13|ENSG00000264187.1	exon|gene|transcript	266
chr17	63723326	63723592	ENSG00000125695.12|ENSG00000266173.7	exon|gene|transcript	266
chr17	82037973	82038239	ENSG00000264569.2	exon|gene|transcript	266
chr17	2390727	2390993	ENSG00000070444.15	exon|gene|transcript	266
chr17	19947140	19947406	ENSG00000108599.15	exon|gene|transcript	266
chr17	80353059	80353325	ENSG00000173821.20|ENSG00000263069.6	exon|gene|transcript	266
chr17	64534737	64535003	ENSG00000258890.8	exon|gene|transcript	266
chr17	63896235	63896501	ENSG00000136488.15	exon|gene|transcript	266
chr17	47033381	47033646	ENSG00000262633.2|ENSG00000262879.7|ENSG00000263142.6|ENSG00000291209.1	exon|gene|transcript	265
chr17	42387530	42387795	ENSG00000168610.17	exon|gene|transcript	265
chr17	27303054	27303319	ENSG00000109046.15	exon|gene|transcript	265
chr17	21428623	21428888	ENSG00000212719.15	exon|gene|transcript	265
chr17	70101319	70101584	ENSG00000153822.15|ENSG00000230258.6	exon|gene|transcript	265
chr17	19091442	19091707	ENSG00000263394.1	exon|gene|transcript	265
chr17	63873339	63873604	ENSG00000213218.11	exon|gene|transcript	265
chr17	77879356	77879621	ENSG00000204283.4	exon|gene|transcript	265
chr17	68992266	68992531	ENSG00000154258.17|ENSG00000231749.3	exon|gene|transcript	265
chr17	12929116	12929381	ENSG00000006740.18	exon|gene|transcript	265
chr17	49601366	49601631	ENSG00000121067.19	exon|gene|transcript	265
chr17	2586329	2586594	ENSG00000262953.1	exon|gene|transcript	265
chr17	27302755	27303019	ENSG00000109046.15	exon|gene|transcript	264
chr17	22524750	22525014	ENSG00000243655.2|ENSG00000264168.2	exon|gene|transcript	264
chr17	76570300	76570564	ENSG00000070731.11|ENSG00000163597.17|ENSG00000267078.1	exon|gene|transcript	264
chr17	38500332	38500596	ENSG00000275832.5	exon|gene|transcript	264
chr17	35406683	35406947	ENSG00000267745.1	exon|gene|transcript	264
chr17	72099044	72099308	ENSG00000226101.2|ENSG00000234899.11|ENSG00000288605.1	exon|gene|transcript	264
chr17	9171203	9171467	ENSG00000065320.9|ENSG00000262966.2	exon|gene|transcript	264
chr17	45654893	45655156	ENSG00000263715.7|ENSG00000293460.1	exon|gene|transcript	263
chr17	7564361	7564624	ENSG00000161956.14|ENSG00000277957.1	exon|gene|transcript	263
chr17	65715033	65715296	ENSG00000154240.18	exon|gene|transcript	263
chr17	82054234	82054497	ENSG00000169727.14	exon|gene|transcript	263
chr17	58528271	58528534	ENSG00000108387.16|ENSG00000264672.6	exon|gene|transcript	263
chr17	9809810	9810073	ENSG00000214978.8|ENSG00000283025.1	exon|gene|transcript	263
chr17	27880603	27880866	ENSG00000232859.10|ENSG00000266202.1|ENSG00000266527.1	exon|gene|transcript	263
chr17	35377415	35377678	ENSG00000267315.1	exon|gene|transcript	263
chr17	64821766	64822029	ENSG00000214176.12|ENSG00000291117.1	exon|gene|transcript	263
chr17	69433913	69434175	ENSG00000108984.16|ENSG00000278972.1	exon|gene|transcript	262
chr17	38806502	38806764	ENSG00000273559.5	exon|gene|transcript	262
chr17	7078483	7078745	ENSG00000132514.14	exon|gene|transcript	262
chr17	61779998	61780260	ENSG00000136492.10	exon|gene|transcript	262
chr17	50663159	50663421	ENSG00000108846.16	exon|gene|transcript	262
chr17	14024513	14024775	ENSG00000141028.6|ENSG00000236088.12	exon|gene|transcript	262
chr17	10608353	10608615	ENSG00000214970.8|ENSG00000272975.1	exon|gene|transcript	262
chr17	58208250	58208512	ENSG00000011143.19	exon|gene|transcript	262
chr17	82484545	82484807	ENSG00000141562.19	exon|gene|transcript	262
chr17	7498210	7498472	ENSG00000181222.19	exon|gene|transcript	262
chr17	45827652	45827914	ENSG00000120088.16|ENSG00000263715.7|ENSG00000264589.5	exon|gene|transcript	262
chr17	45648216	45648477	ENSG00000263715.7|ENSG00000293460.1	exon|gene|transcript	261
chr17	52987321	52987582	ENSG00000227011.4	exon|gene|transcript	261
chr17	38546460	38546721	ENSG00000277363.5	exon|gene|transcript	261
chr17	4953964	4954225	ENSG00000108515.18	exon|gene|transcript	261
chr17	59605184	59605445	ENSG00000108406.10	exon|gene|transcript	261
chr17	28360847	28361108	ENSG00000244045.13|ENSG00000258924.4	exon|gene|transcript	261
chr17	80341238	80341499	ENSG00000173821.20|ENSG00000280248.1	exon|gene|transcript	261
chr17	62030013	62030274	ENSG00000108510.10	exon|gene|transcript	261
chr17	30792572	30792833	ENSG00000176390.12|ENSG00000266490.1	exon|gene|transcript	261
chr17	72464027	72464287	ENSG00000227036.10	exon|gene|transcript	260
chr17	19716006	19716266	ENSG00000180638.19	exon|gene|transcript	260
chr17	28688669	28688929	ENSG00000109111.15	exon|gene|transcript	260
chr17	64899765	64900025	ENSG00000176809.11|ENSG00000265218.1|ENSG00000266644.1	exon|gene|transcript	260
chr17	60132114	60132374	ENSG00000267248.5	exon|gene|transcript	260
chr17	3241354	3241614	ENSG00000255095.3	exon|gene|transcript	260
chr17	31358622	31358882	ENSG00000196712.20	exon|gene|transcript	260
chr17	45552854	45553114	ENSG00000267198.1|ENSG00000267246.1|ENSG00000291175.1	exon|gene|transcript	260
chr17	18450243	18450503	ENSG00000229526.3	exon|gene|transcript	260
chr17	31520905	31521165	ENSG00000131242.18	exon|gene|transcript	260
chr17	68190260	68190519	ENSG00000267731.1	exon|gene|transcript	259
chr17	63587580	63587839	ENSG00000136485.16|ENSG00000288894.1	exon|gene|transcript	259
chr17	29581078	29581337	ENSG00000108262.16|ENSG00000264031.1	exon|gene|transcript	259
chr17	60564739	60564998	ENSG00000266943.1|ENSG00000267772.1	exon|gene|transcript	259
chr17	19737681	19737940	ENSG00000264785.1	exon|gene|transcript	259
chr17	78190710	78190969	ENSG00000183077.16	exon|gene|transcript	259
chr17	21213452	21213711	ENSG00000178307.10	exon|gene|transcript	259
chr17	64804841	64805100	ENSG00000214176.12|ENSG00000291117.1	exon|gene|transcript	259
chr17	47181302	47181561	ENSG00000004897.12	exon|gene|transcript	259
chr17	81691571	81691830	ENSG00000185359.14	exon|gene|transcript	259
chr17	32498092	32498350	ENSG00000176658.17|ENSG00000266718.2	exon|gene|transcript	258
chr17	72290678	72290936	ENSG00000227036.10	exon|gene|transcript	258
chr17	18159347	18159605	ENSG00000091536.20	exon|gene|transcript	258
chr17	18489901	18490159	ENSG00000171916.17	exon|gene|transcript	258
chr17	7333630	7333888	ENSG00000224647.2	exon|gene|transcript	258
chr17	16558044	16558302	ENSG00000141040.15|ENSG00000266803.1	exon|gene|transcript	258
chr17	18951624	18951882	ENSG00000154025.16|ENSG00000196893.3	exon|gene|transcript	258
chr17	39543990	39544248	ENSG00000167258.16	exon|gene|transcript	258
chr17	20887591	20887849	ENSG00000233098.10|ENSG00000291074.1	exon|gene|transcript	258
chr17	77387497	77387755	ENSG00000184640.20|ENSG00000287257.1	exon|gene|transcript	258
chr17	5011562	5011820	ENSG00000129250.12	exon|gene|transcript	258
chr17	52899330	52899588	ENSG00000226364.1	exon|gene|transcript	258
chr17	62007260	62007518	ENSG00000108510.10|ENSG00000279133.1	exon|gene|transcript	258
chr17	81230821	81231079	ENSG00000167302.11|ENSG00000260005.6	exon|gene|transcript	258
chr17	63689286	63689543	ENSG00000198909.8|ENSG00000266173.7	exon|gene|transcript	257
chr17	44194839	44195096	ENSG00000087152.16	exon|gene|transcript	257
chr17	45397691	45397948	ENSG00000159314.13	exon|gene|transcript	257
chr17	69113360	69113617	ENSG00000154262.13	exon|gene|transcript	257
chr17	18659174	18659431	ENSG00000287058.1|ENSG00000290687.1	exon|gene|transcript	257
chr17	13932719	13932976	ENSG00000233852.1|ENSG00000236088.12	exon|gene|transcript	257
chr17	57263569	57263826	ENSG00000153944.12	exon|gene|transcript	257
chr17	77469398	77469654	ENSG00000184640.20|ENSG00000267016.1|ENSG00000267263.1	exon|gene|transcript	256
chr17	45641630	45641886	ENSG00000263715.7|ENSG00000293460.1	exon|gene|transcript	256
chr17	8231469	8231725	ENSG00000178971.17	exon|gene|transcript	256
chr17	9469758	9470014	ENSG00000170310.15|ENSG00000225751.2	exon|gene|transcript	256
chr17	28331602	28331858	ENSG00000109083.14	exon|gene|transcript	256
chr17	42021671	42021927	ENSG00000168256.18	exon|gene|transcript	256
chr17	33692228	33692484	ENSG00000108684.15|ENSG00000283381.1	exon|gene|transcript	256
chr17	46038770	46039026	ENSG00000120071.15	exon|gene|transcript	256
chr17	795538	795794	ENSG00000277491.1	exon|gene|transcript	256
chr17	58747084	58747340	ENSG00000274198.1	exon|gene|transcript	256
chr17	61121090	61121346	ENSG00000141376.24|ENSG00000286997.1	exon|gene|transcript	256
chr17	61378694	61378950	ENSG00000141376.24|ENSG00000267131.1	exon|gene|transcript	256
chr17	44322552	44322807	ENSG00000013306.16	exon|gene|transcript	255
chr17	64749662	64749917	ENSG00000215769.8	exon|gene|transcript	255
chr17	80225581	80225836	ENSG00000181045.15	exon|gene|transcript	255
chr17	28265942	28266197	ENSG00000260777.2	exon|gene|transcript	255
chr17	58210724	58210979	ENSG00000011143.19	exon|gene|transcript	255
chr17	75621570	75621825	ENSG00000266714.11	exon|gene|transcript	255
chr17	18159679	18159934	ENSG00000091536.20	exon|gene|transcript	255
chr17	73756677	73756932	ENSG00000177338.14|ENSG00000263574.2	exon|gene|transcript	255
chr17	74605783	74606037	ENSG00000261222.4	exon|gene|transcript	254
chr17	45266264	45266518	ENSG00000006062.18|ENSG00000267278.6	exon|gene|transcript	254
chr17	67951492	67951746	ENSG00000171634.19|ENSG00000266717.1	exon|gene|transcript	254
chr17	1713448	1713702	ENSG00000186594.16	exon|gene|transcript	254
chr17	825565	825819	ENSG00000167693.17	exon|gene|transcript	254
chr17	47613725	47613979	ENSG00000141279.18|ENSG00000263766.6	exon|gene|transcript	254
chr17	18206560	18206814	ENSG00000091542.9	exon|gene|transcript	254
chr17	63496139	63496393	ENSG00000159640.17|ENSG00000264813.6	exon|gene|transcript	254
chr17	27662543	27662797	ENSG00000265788.3|ENSG00000290973.1	exon|gene|transcript	254
chr17	72236950	72237203	ENSG00000234899.11	exon|gene|transcript	253
chr17	16391629	16391882	ENSG00000265095.1	exon|gene|transcript	253
chr17	40633628	40633881	ENSG00000073584.20|ENSG00000264058.2	exon|gene|transcript	253
chr17	18441869	18442122	ENSG00000214856.12|ENSG00000290657.1	exon|gene|transcript	253
chr17	67658803	67659056	ENSG00000154217.16|ENSG00000288109.1	exon|gene|transcript	253
chr17	45829647	45829900	ENSG00000120088.16|ENSG00000263715.7|ENSG00000264589.5	exon|gene|transcript	253
chr17	5433415	5433668	ENSG00000108561.8	exon|gene|transcript	253
chr17	5432288	5432541	ENSG00000129197.15|ENSG00000263272.1	exon|gene|transcript	253
chr17	18520806	18521059	ENSG00000273018.7|ENSG00000290659.1	exon|gene|transcript	253
chr17	3936469	3936721	ENSG00000074370.18	exon|gene|transcript	252
chr17	27308847	27309099	ENSG00000109046.15	exon|gene|transcript	252
chr17	11884333	11884585	ENSG00000007174.18	exon|gene|transcript	252
chr17	46038043	46038295	ENSG00000120071.15	exon|gene|transcript	252
chr17	14947816	14948068	ENSG00000226156.1|ENSG00000238212.3	exon|gene|transcript	252
chr17	15265455	15265707	ENSG00000109099.16|ENSG00000265445.1	exon|gene|transcript	252
chr17	41985127	41985379	ENSG00000168259.17	exon|gene|transcript	252
chr17	42703487	42703739	ENSG00000108799.13	exon|gene|transcript	252
chr17	72221129	72221381	ENSG00000234899.11	exon|gene|transcript	252
chr17	72342950	72343201	ENSG00000227036.10|ENSG00000264026.2	exon|gene|transcript	251
chr17	82941147	82941398	ENSG00000141556.22	exon|gene|transcript	251
chr17	40342885	40343136	ENSG00000131759.18|ENSG00000265666.1	exon|gene|transcript	251
chr17	42820522	42820773	ENSG00000126581.13	exon|gene|transcript	251
chr17	16706133	16706384	ENSG00000170160.19|ENSG00000266302.6	exon|gene|transcript	251
chr17	77374913	77375164	ENSG00000184640.20|ENSG00000266998.2	exon|gene|transcript	251
chr17	61388708	61388959	ENSG00000141376.24|ENSG00000267131.1	exon|gene|transcript	251
chr17	76045040	76045291	ENSG00000167881.15	exon|gene|transcript	251
chr17	46298760	46299011	ENSG00000176681.15|ENSG00000228696.11	exon|gene|transcript	251
chr17	80201053	80201304	ENSG00000141527.19|ENSG00000262580.5	exon|gene|transcript	251
chr17	65110715	65110966	ENSG00000108370.17	exon|gene|transcript	251
chr17	20502287	20502538	ENSG00000214822.9|ENSG00000291196.1	exon|gene|transcript	251
chr17	36172401	36172652	ENSG00000274808.6|ENSG00000276241.1	exon|gene|transcript	251
chr17	35987004	35987255	ENSG00000275431.1|ENSG00000275688.4	exon|gene|transcript	251
chr17	42223556	42223807	ENSG00000173757.11	exon|gene|transcript	251
chr17	36476347	36476597	ENSG00000289011.1	exon|gene|transcript	250
chr17	46035520	46035770	ENSG00000120071.15|ENSG00000262372.1	exon|gene|transcript	250
chr17	16448044	16448294	ENSG00000175061.20|ENSG00000181350.12	exon|gene|transcript	250
chr17	39694680	39694930	ENSG00000141736.14|ENSG00000161395.14	exon|gene|transcript	250
chr17	32050332	32050582	ENSG00000185158.13	exon|gene|transcript	250
chr17	18610043	18610292	ENSG00000154874.18|ENSG00000291090.1	exon|gene|transcript	249
chr17	48029176	48029425	ENSG00000005243.10	exon|gene|transcript	249
chr17	2373081	2373330	ENSG00000141258.13	exon|gene|transcript	249
chr17	30576005	30576254	ENSG00000231421.8	exon|gene|transcript	249
chr17	74552488	74552737	ENSG00000236770.1	exon|gene|transcript	249
chr17	62612070	62612319	ENSG00000146872.19	exon|gene|transcript	249
chr17	2307466	2307715	ENSG00000167720.13|ENSG00000262333.1	exon|gene|transcript	249
chr17	35420381	35420630	ENSG00000172123.13	exon|gene|transcript	249
chr17	68044071	68044320	ENSG00000182481.10	exon|gene|transcript	249
chr17	30633097	30633346	ENSG00000214719.13|ENSG00000250462.9|ENSG00000290450.1	exon|gene|transcript	249
chr17	18835706	18835955	ENSG00000250111.3	exon|gene|transcript	249
chr17	27682475	27682724	ENSG00000264689.1	exon|gene|transcript	249
chr17	20335831	20336080	ENSG00000154898.17|ENSG00000293363.2	exon|gene|transcript	249
chr17	45267759	45268008	ENSG00000006062.18|ENSG00000267278.6	exon|gene|transcript	249
chr17	81342028	81342277	ENSG00000287431.1	exon|gene|transcript	249
chr17	2388049	2388298	ENSG00000070444.15	exon|gene|transcript	249
chr17	37054464	37054713	ENSG00000275700.6	exon|gene|transcript	249
chr17	77497366	77497614	ENSG00000184640.20	exon|gene|transcript	248
chr17	7556414	7556662	ENSG00000239697.12|ENSG00000248871.1	exon|gene|transcript	248
chr17	62910782	62911030	ENSG00000283538.3	exon|gene|transcript	248
chr17	64824624	64824872	ENSG00000214176.12|ENSG00000291117.1	exon|gene|transcript	248
chr17	64956298	64956546	ENSG00000232457.4	exon|gene|transcript	248
chr17	31023357	31023605	ENSG00000266865.9|ENSG00000291063.1	exon|gene|transcript	248
chr17	83136150	83136398	ENSG00000262898.5	exon|gene|transcript	248
chr17	47161771	47162019	ENSG00000004897.12|ENSG00000262265.2	exon|gene|transcript	248
chr17	28929717	28929965	ENSG00000109118.14|ENSG00000265845.2	exon|gene|transcript	248
chr17	77592844	77593092	ENSG00000285535.2	exon|gene|transcript	248
chr17	82060961	82061208	ENSG00000169718.18	exon|gene|transcript	247
chr17	18026071	18026318	ENSG00000171953.16|ENSG00000280198.1	exon|gene|transcript	247
chr17	68042353	68042600	ENSG00000182481.10	exon|gene|transcript	247
chr17	34163961	34164208	ENSG00000108684.15|ENSG00000263571.3	exon|gene|transcript	247
chr17	18340886	18341133	ENSG00000176974.22	exon|gene|transcript	247
chr17	22424471	22424718	ENSG00000261020.1	exon|gene|transcript	247
chr17	74927798	74928045	ENSG00000183034.13	exon|gene|transcript	247
chr17	35242017	35242264	ENSG00000266947.3	exon|gene|transcript	247
chr17	51342172	51342419	ENSG00000267452.3	exon|gene|transcript	247
chr17	35367294	35367540	ENSG00000172716.17	exon|gene|transcript	246
chr17	50071739	50071985	ENSG00000005884.18	exon|gene|transcript	246
chr17	18428171	18428417	ENSG00000186831.12|ENSG00000290656.1	exon|gene|transcript	246
chr17	47995950	47996196	ENSG00000264701.1	exon|gene|transcript	246
chr17	77558141	77558387	ENSG00000267506.7	exon|gene|transcript	246
chr17	2377500	2377746	ENSG00000141258.13|ENSG00000263345.1	exon|gene|transcript	246
chr17	36313436	36313682	ENSG00000261499.2	exon|gene|transcript	246
chr17	20515991	20516237	ENSG00000231645.4|ENSG00000291197.1	exon|gene|transcript	246
chr17	38117539	38117785	ENSG00000274615.1	exon|gene|transcript	246
chr17	42015308	42015554	ENSG00000168256.18|ENSG00000168259.17	exon|gene|transcript	246
chr17	80960765	80961010	ENSG00000141564.16|ENSG00000262662.1	exon|gene|transcript	245
chr17	58527155	58527400	ENSG00000108387.16|ENSG00000264672.6	exon|gene|transcript	245
chr17	61406670	61406915	ENSG00000121068.14|ENSG00000267280.6	exon|gene|transcript	245
chr17	18976298	18976543	ENSG00000154025.16|ENSG00000188522.16	exon|gene|transcript	245
chr17	81915681	81915926	ENSG00000187531.14	exon|gene|transcript	245
chr17	1680480	1680725	ENSG00000174231.18	exon|gene|transcript	245
chr17	41335488	41335733	ENSG00000108516.5	exon|gene|transcript	245
chr17	20612666	20612911	ENSG00000235546.2	exon|gene|transcript	245
chr17	72076485	72076730	ENSG00000226101.2|ENSG00000234899.11|ENSG00000288605.1	exon|gene|transcript	245
chr17	332785	333030	ENSG00000181031.16|ENSG00000262061.7	exon|gene|transcript	245
chr17	47455909	47456154	ENSG00000291120.1	exon|gene|transcript	245
chr17	14296946	14297190	ENSG00000262786.1	exon|gene|transcript	244
chr17	61354762	61355006	ENSG00000141376.24|ENSG00000273982.1	exon|gene|transcript	244
chr17	20554136	20554380	ENSG00000230339.2	exon|gene|transcript	244
chr17	78488417	78488661	ENSG00000187775.17|ENSG00000267432.6	exon|gene|transcript	244
chr17	1011144	1011388	ENSG00000159842.16	exon|gene|transcript	244
chr17	45103876	45104120	ENSG00000136448.13	exon|gene|transcript	244
chr17	31045644	31045887	ENSG00000265798.7|ENSG00000290858.1|ENSG00000291063.1	exon|gene|transcript	243
chr17	4019769	4020012	ENSG00000074755.15	exon|gene|transcript	243
chr17	28275716	28275959	ENSG00000260777.2	exon|gene|transcript	243
chr17	63885809	63886052	ENSG00000259533.2	exon|gene|transcript	243
chr17	21535049	21535292	ENSG00000212719.15|ENSG00000266466.1	exon|gene|transcript	243
chr17	42275240	42275483	ENSG00000173757.11|ENSG00000278829.1	exon|gene|transcript	243
chr17	39111771	39112014	ENSG00000161381.14|ENSG00000293194.1	exon|gene|transcript	243
chr17	57989874	57990117	ENSG00000264112.1|ENSG00000266086.3	exon|gene|transcript	243
chr17	62029297	62029540	ENSG00000108510.10	exon|gene|transcript	243
chr17	75693196	75693439	ENSG00000161526.15	exon|gene|transcript	243
chr17	43377276	43377519	ENSG00000188825.16	exon|gene|transcript	243
chr17	3936761	3937004	ENSG00000074370.18	exon|gene|transcript	243
chr17	42813659	42813902	ENSG00000126581.13	exon|gene|transcript	243
chr17	63862288	63862531	ENSG00000240280.8|ENSG00000293480.1	exon|gene|transcript	243
chr17	61872022	61872264	ENSG00000108506.14	exon|gene|transcript	242
chr17	20547990	20548232	ENSG00000235203.2|ENSG00000267075.1	exon|gene|transcript	242
chr17	74450299	74450541	ENSG00000170412.18	exon|gene|transcript	242
chr17	42322039	42322281	ENSG00000168610.17	exon|gene|transcript	242
chr17	45246624	45246866	ENSG00000184922.15|ENSG00000293499.1	exon|gene|transcript	242
chr17	8206934	8207175	ENSG00000178999.13	exon|gene|transcript	241
chr17	63150330	63150571	ENSG00000170921.16	exon|gene|transcript	241
chr17	42951894	42952135	ENSG00000108825.18|ENSG00000266967.7	exon|gene|transcript	241
chr17	57262192	57262433	ENSG00000153944.12	exon|gene|transcript	241
chr17	2391562	2391803	ENSG00000070444.15	exon|gene|transcript	241
chr17	38903703	38903944	ENSG00000002834.19|ENSG00000263466.1	exon|gene|transcript	241
chr17	39658026	39658267	ENSG00000131748.16	exon|gene|transcript	241
chr17	81691205	81691446	ENSG00000185359.14	exon|gene|transcript	241
chr17	184105	184345	ENSG00000273172.1	exon|gene|transcript	240
chr17	36491605	36491845	ENSG00000273611.5	exon|gene|transcript	240
chr17	73518523	73518763	ENSG00000069188.17|ENSG00000264985.4	exon|gene|transcript	240
chr17	77199303	77199543	ENSG00000129657.16|ENSG00000262870.1	exon|gene|transcript	240
chr17	18302723	18302963	ENSG00000177302.16	exon|gene|transcript	240
chr17	42234871	42235111	ENSG00000173757.11|ENSG00000280295.1	exon|gene|transcript	240
chr17	31331104	31331344	ENSG00000196712.20	exon|gene|transcript	240
chr17	31260128	31260368	ENSG00000196712.20	exon|gene|transcript	240
chr17	68919476	68919716	ENSG00000141338.15	exon|gene|transcript	240
chr17	27663418	27663658	ENSG00000265788.3|ENSG00000290973.1	exon|gene|transcript	240
chr17	77529592	77529832	ENSG00000267665.3	exon|gene|transcript	240
chr17	46042806	46043045	ENSG00000120071.15	exon|gene|transcript	239
chr17	2675852	2676091	ENSG00000007168.14	exon|gene|transcript	239
chr17	29480070	29480309	ENSG00000160551.12	exon|gene|transcript	239
chr17	58721773	58722012	ENSG00000108384.16	exon|gene|transcript	239
chr17	67738692	67738931	ENSG00000130935.10	exon|gene|transcript	239
chr17	28882739	28882978	ENSG00000132589.16	exon|gene|transcript	239
chr17	14776456	14776695	ENSG00000205325.4	exon|gene|transcript	239
chr17	63828323	63828562	ENSG00000087191.14|ENSG00000108592.17	exon|gene|transcript	239
chr17	81914726	81914965	ENSG00000187531.14	exon|gene|transcript	239
chr17	39009399	39009638	ENSG00000266588.1	exon|gene|transcript	239
chr17	20546518	20546757	ENSG00000235203.2|ENSG00000267075.1	exon|gene|transcript	239
chr17	13791035	13791274	ENSG00000236088.12	exon|gene|transcript	239
chr17	73786849	73787088	ENSG00000177338.14|ENSG00000234721.3	exon|gene|transcript	239
chr17	80354576	80354815	ENSG00000173821.20|ENSG00000263069.6	exon|gene|transcript	239
chr17	75074597	75074836	ENSG00000232724.1	exon|gene|transcript	239
chr17	60124109	60124347	ENSG00000267248.5|ENSG00000277532.1	exon|gene|transcript	238
chr17	2088420	2088658	ENSG00000070366.14	exon|gene|transcript	238
chr17	18011265	18011503	ENSG00000171953.16|ENSG00000171962.19|ENSG00000232344.2	exon|gene|transcript	238
chr17	60022198	60022436	ENSG00000275860.1	exon|gene|transcript	238
chr17	47601747	47601985	ENSG00000141279.18	exon|gene|transcript	238
chr17	64487068	64487306	ENSG00000256525.8	exon|gene|transcript	238
chr17	51031442	51031680	ENSG00000008294.22	exon|gene|transcript	238
chr17	44280345	44280583	ENSG00000285486.1	exon|gene|transcript	238
chr17	81285000	81285238	ENSG00000157637.13	exon|gene|transcript	238
chr17	81645629	81645867	ENSG00000182446.15|ENSG00000182612.11	exon|gene|transcript	238
chr17	42316915	42317153	ENSG00000168610.17	exon|gene|transcript	238
chr17	78216426	78216663	ENSG00000089685.15	exon|gene|transcript	237
chr17	42015874	42016111	ENSG00000168256.18|ENSG00000168259.17	exon|gene|transcript	237
chr17	63900642	63900879	ENSG00000259333.1	exon|gene|transcript	237
chr17	47660881	47661118	ENSG00000108424.11	exon|gene|transcript	237
chr17	8546662	8546899	ENSG00000133026.14	exon|gene|transcript	237
chr17	45651595	45651832	ENSG00000263715.7|ENSG00000293460.1	exon|gene|transcript	237
chr17	20520859	20521096	ENSG00000205215.9|ENSG00000291198.1	exon|gene|transcript	237
chr17	41981617	41981854	ENSG00000168259.17	exon|gene|transcript	237
chr17	39166233	39166470	ENSG00000141748.13|ENSG00000280177.1	exon|gene|transcript	237
chr17	29403868	29404105	ENSG00000160551.12|ENSG00000266111.2	exon|gene|transcript	237
chr17	20841319	20841556	ENSG00000226981.2|ENSG00000291074.1	exon|gene|transcript	237
chr17	49900534	49900771	ENSG00000248954.1	exon|gene|transcript	237
chr17	82699277	82699513	ENSG00000289945.1	exon|gene|transcript	236
chr17	8466022	8466258	ENSG00000166579.16	exon|gene|transcript	236
chr17	19590454	19590690	ENSG00000228983.10|ENSG00000262769.1|ENSG00000290454.1	exon|gene|transcript	236
chr17	54936412	54936648	ENSG00000141198.16	exon|gene|transcript	236
chr17	16844334	16844570	ENSG00000131885.18|ENSG00000291277.1	exon|gene|transcript	236
chr17	3657626	3657862	ENSG00000040531.16|ENSG00000262903.1	exon|gene|transcript	236
chr17	18025014	18025250	ENSG00000171953.16	exon|gene|transcript	236
chr17	538895	539131	ENSG00000141252.21|ENSG00000263300.1	exon|gene|transcript	236
chr17	12390737	12390973	ENSG00000286617.1	exon|gene|transcript	236
chr17	3934946	3935182	ENSG00000074370.18	exon|gene|transcript	236
chr17	19629450	19629685	ENSG00000231625.5|ENSG00000290544.1	exon|gene|transcript	235
chr17	20903943	20904178	ENSG00000233098.10	exon|gene|transcript	235
chr17	58696457	58696692	ENSG00000108384.16	exon|gene|transcript	235
chr17	78119061	78119296	ENSG00000141524.19	exon|gene|transcript	235
chr17	19534917	19535152	ENSG00000142494.13	exon|gene|transcript	235
chr17	50556206	50556441	ENSG00000250107.1	exon|gene|transcript	235
chr17	46909814	46910049	ENSG00000262031.1	exon|gene|transcript	235
chr17	50016478	50016713	ENSG00000248172.1	exon|gene|transcript	235
chr17	28957539	28957774	ENSG00000063015.21|ENSG00000179761.12	exon|gene|transcript	235
chr17	37541736	37541971	ENSG00000275066.5	exon|gene|transcript	235
chr17	69149088	69149323	ENSG00000154263.18	exon|gene|transcript	235
chr17	4033647	4033881	ENSG00000074755.15	exon|gene|transcript	234
chr17	16689536	16689770	ENSG00000170160.19	exon|gene|transcript	234
chr17	78499112	78499346	ENSG00000187775.17|ENSG00000267432.6	exon|gene|transcript	234
chr17	75226744	75226978	ENSG00000125450.11	exon|gene|transcript	234
chr17	81373734	81373968	ENSG00000263154.1	exon|gene|transcript	234
chr17	18789435	18789669	ENSG00000171928.14	exon|gene|transcript	234
chr17	43926151	43926385	ENSG00000267166.5	exon|gene|transcript	234
chr17	64754420	64754654	ENSG00000215769.8|ENSG00000266820.1	exon|gene|transcript	234
chr17	8521285	8521519	ENSG00000133026.14	exon|gene|transcript	234
chr17	20930702	20930936	ENSG00000233098.10	exon|gene|transcript	234
chr17	40380997	40381231	ENSG00000278346.1	exon|gene|transcript	234
chr17	21229801	21230035	ENSG00000235530.7	exon|gene|transcript	234
chr17	45647982	45648216	ENSG00000263715.7|ENSG00000293460.1	exon|gene|transcript	234
chr17	49703381	49703614	ENSG00000121073.15	exon|gene|transcript	233
chr17	20736894	20737127	ENSG00000226521.8	exon|gene|transcript	233
chr17	81395703	81395936	ENSG00000266074.11|ENSG00000279692.1	exon|gene|transcript	233
chr17	44380645	44380878	ENSG00000005961.19	exon|gene|transcript	233
chr17	18475687	18475920	ENSG00000293139.1	exon|gene|transcript	233
chr17	2364663	2364896	ENSG00000141258.13	exon|gene|transcript	233
chr17	75240108	75240341	ENSG00000125447.18	exon|gene|transcript	233
chr17	7191656	7191889	ENSG00000132535.22	exon|gene|transcript	233
chr17	75225464	75225697	ENSG00000125450.11	exon|gene|transcript	233
chr17	45160350	45160583	ENSG00000224505.4	exon|gene|transcript	233
chr17	16798008	16798241	ENSG00000188933.17|ENSG00000266302.6|ENSG00000272815.1|ENSG00000290976.1	exon|gene|transcript	233
chr17	7594004	7594237	ENSG00000129245.13	exon|gene|transcript	233
chr17	76395491	76395724	ENSG00000175931.13	exon|gene|transcript	233
chr17	1083286	1083519	ENSG00000159842.16	exon|gene|transcript	233
chr17	72465920	72466153	ENSG00000227036.10	exon|gene|transcript	233
chr17	14837983	14838216	ENSG00000238212.3	exon|gene|transcript	233
chr17	36722928	36723160	ENSG00000275613.2	exon|gene|transcript	232
chr17	40192693	40192925	ENSG00000108352.13	exon|gene|transcript	232
chr17	50364978	50365210	ENSG00000279792.1	exon|gene|transcript	232
chr17	42061834	42062066	ENSG00000187595.18	exon|gene|transcript	232
chr17	74963507	74963739	ENSG00000167861.16	exon|gene|transcript	232
chr17	81965837	81966069	ENSG00000264735.1	exon|gene|transcript	232
chr17	77534879	77535111	ENSG00000267665.3	exon|gene|transcript	232
chr17	48804539	48804771	ENSG00000170703.16	exon|gene|transcript	232
chr17	4194745	4194977	ENSG00000185722.18	exon|gene|transcript	232
chr17	15740395	15740627	ENSG00000214946.15|ENSG00000233002.2|ENSG00000255104.9	exon|gene|transcript	232
chr17	60019680	60019912	ENSG00000287664.1	exon|gene|transcript	232
chr17	50679565	50679797	ENSG00000108846.16	exon|gene|transcript	232
chr17	60126633	60126865	ENSG00000267248.5	exon|gene|transcript	232
chr17	18251032	18251264	ENSG00000177731.16	exon|gene|transcript	232
chr17	72076253	72076485	ENSG00000226101.2|ENSG00000234899.11|ENSG00000288605.1	exon|gene|transcript	232
chr17	72343543	72343775	ENSG00000227036.10|ENSG00000264026.2	exon|gene|transcript	232
chr17	18155915	18156147	ENSG00000091536.20	exon|gene|transcript	232
chr17	76476575	76476806	ENSG00000129667.13	exon|gene|transcript	231
chr17	32041524	32041755	ENSG00000185158.13|ENSG00000293287.2	exon|gene|transcript	231
chr17	49257518	49257749	ENSG00000177369.11	exon|gene|transcript	231
chr17	31259767	31259998	ENSG00000196712.20	exon|gene|transcript	231
chr17	59179648	59179879	ENSG00000068489.13|ENSG00000266537.1	exon|gene|transcript	231
chr17	79918902	79919133	ENSG00000262585.1	exon|gene|transcript	231
chr17	67955313	67955544	ENSG00000171634.19|ENSG00000279573.1	exon|gene|transcript	231
chr17	68127745	68127976	ENSG00000267023.6|ENSG00000278730.1|ENSG00000291214.1	exon|gene|transcript	231
chr17	36597030	36597261	ENSG00000278535.5	exon|gene|transcript	231
chr17	30272899	30273130	ENSG00000108578.15	exon|gene|transcript	231
chr17	49826146	49826377	ENSG00000136504.15	exon|gene|transcript	231
chr17	8296504	8296735	ENSG00000271029.1	exon|gene|transcript	231
chr17	63393354	63393585	ENSG00000170921.16|ENSG00000226797.2|ENSG00000263644.1|ENSG00000271749.1	exon|gene|transcript	231
chr17	81928040	81928270	ENSG00000265688.2	exon|gene|transcript	230
chr17	48713729	48713959	ENSG00000241788.2	exon|gene|transcript	230
chr17	72220718	72220948	ENSG00000234899.11|ENSG00000288605.1	exon|gene|transcript	230
chr17	60122828	60123058	ENSG00000267248.5	exon|gene|transcript	230
chr17	28204786	28205016	ENSG00000287721.1	exon|gene|transcript	230
chr17	1640176	1640406	ENSG00000074660.17	exon|gene|transcript	230
chr17	18149580	18149810	ENSG00000091536.20	exon|gene|transcript	230
chr17	64004305	64004534	ENSG00000108622.11	exon|gene|transcript	229
chr17	44186335	44186564	ENSG00000267080.8	exon|gene|transcript	229
chr17	42879589	42879818	ENSG00000213373.7	exon|gene|transcript	229
chr17	32241933	32242162	ENSG00000126858.19	exon|gene|transcript	229
chr17	47016963	47017192	ENSG00000262633.2|ENSG00000262879.7|ENSG00000291209.1	exon|gene|transcript	229
chr17	60565439	60565668	ENSG00000266943.1|ENSG00000267772.1	exon|gene|transcript	229
chr17	30573985	30574214	ENSG00000231421.8	exon|gene|transcript	229
chr17	71011996	71012225	ENSG00000271101.1	exon|gene|transcript	229
chr17	1583336	1583565	ENSG00000167703.15	exon|gene|transcript	229
chr17	69318732	69318961	ENSG00000154265.16|ENSG00000267203.1	exon|gene|transcript	229
chr17	3311217	3311446	ENSG00000221882.5|ENSG00000285760.1|ENSG00000290820.1	exon|gene|transcript	229
chr17	64747263	64747492	ENSG00000270714.1	exon|gene|transcript	229
chr17	37488566	37488795	ENSG00000289110.1	exon|gene|transcript	229
chr17	6814934	6815162	ENSG00000167858.13	exon|gene|transcript	228
chr17	69242229	69242457	ENSG00000154263.18|ENSG00000285931.1	exon|gene|transcript	228
chr17	58557570	58557798	ENSG00000121101.16|ENSG00000264672.6	exon|gene|transcript	228
chr17	28445335	28445563	ENSG00000263870.1	exon|gene|transcript	228
chr17	80465365	80465593	ENSG00000279273.1	exon|gene|transcript	228
chr17	76551351	76551579	ENSG00000214140.11|ENSG00000267546.2|ENSG00000272386.1	exon|gene|transcript	228
chr17	18606391	18606619	ENSG00000154874.18|ENSG00000291090.1	exon|gene|transcript	228
chr17	28616999	28617227	ENSG00000007202.16|ENSG00000227543.5	exon|gene|transcript	228
chr17	68691808	68692036	ENSG00000267659.5|ENSG00000283376.1	exon|gene|transcript	228
chr17	81402238	81402466	ENSG00000266074.11	exon|gene|transcript	228
chr17	47980878	47981106	ENSG00000108465.15|ENSG00000263798.2|ENSG00000264701.1	exon|gene|transcript	228
chr17	20323110	20323337	ENSG00000154898.17|ENSG00000266839.3|ENSG00000293363.2	exon|gene|transcript	227
chr17	74590518	74590745	ENSG00000182352.8|ENSG00000204345.1	exon|gene|transcript	227
chr17	29510992	29511219	ENSG00000160551.12	exon|gene|transcript	227
chr17	29514133	29514360	ENSG00000160551.12	exon|gene|transcript	227
chr17	75491976	75492203	ENSG00000177728.17	exon|gene|transcript	227
chr17	7944248	7944475	ENSG00000170037.14	exon|gene|transcript	227
chr17	28493789	28494016	ENSG00000007216.16|ENSG00000167524.17	exon|gene|transcript	227
chr17	12671861	12672088	ENSG00000141052.18|ENSG00000227274.1	exon|gene|transcript	227
chr17	45250628	45250855	ENSG00000233483.5|ENSG00000267278.6	exon|gene|transcript	227
chr17	76084289	76084516	ENSG00000182473.22	exon|gene|transcript	227
chr17	36634068	36634295	ENSG00000275720.1	exon|gene|transcript	227
chr17	18638086	18638312	ENSG00000189375.12|ENSG00000262262.1	exon|gene|transcript	226
chr17	73520283	73520509	ENSG00000069188.17|ENSG00000264985.4	exon|gene|transcript	226
chr17	81181332	81181558	ENSG00000225180.8	exon|gene|transcript	226
chr17	7702117	7702343	ENSG00000141499.18	exon|gene|transcript	226
chr17	30455470	30455696	ENSG00000108582.12	exon|gene|transcript	226
chr17	19705209	19705435	ENSG00000180638.19	exon|gene|transcript	226
chr17	80188544	80188770	ENSG00000141527.19	exon|gene|transcript	226
chr17	32052393	32052619	ENSG00000185158.13|ENSG00000278867.1	exon|gene|transcript	226
chr17	76040978	76041204	ENSG00000167881.15	exon|gene|transcript	226
chr17	18735201	18735427	ENSG00000108448.24|ENSG00000291110.1	exon|gene|transcript	226
chr17	16624509	16624735	ENSG00000197566.10	exon|gene|transcript	226
chr17	30636369	30636595	ENSG00000214719.13|ENSG00000250462.9|ENSG00000290450.1	exon|gene|transcript	226
chr17	43922775	43923001	ENSG00000267166.5|ENSG00000282199.1	exon|gene|transcript	226
chr17	19035731	19035957	ENSG00000154016.14	exon|gene|transcript	226
chr17	63588496	63588722	ENSG00000136485.16|ENSG00000288894.1	exon|gene|transcript	226
chr17	18332261	18332487	ENSG00000176974.22	exon|gene|transcript	226
chr17	2415247	2415472	ENSG00000127804.13	exon|gene|transcript	225
chr17	29369716	29369941	ENSG00000264808.2|ENSG00000266111.2	exon|gene|transcript	225
chr17	20647286	20647511	ENSG00000236504.2	exon|gene|transcript	225
chr17	18306665	18306890	ENSG00000177302.16	exon|gene|transcript	225
chr17	44794232	44794457	ENSG00000267505.1	exon|gene|transcript	225
chr17	75059141	75059366	ENSG00000180901.11	exon|gene|transcript	225
chr17	63154680	63154905	ENSG00000170921.16	exon|gene|transcript	225
chr17	13792226	13792451	ENSG00000236088.12	exon|gene|transcript	225
chr17	9926769	9926994	ENSG00000007237.19	exon|gene|transcript	225
chr17	47815881	47816106	ENSG00000006025.13	exon|gene|transcript	225
chr17	18427136	18427361	ENSG00000186831.12|ENSG00000290656.1	exon|gene|transcript	225
chr17	5461109	5461333	ENSG00000005100.13	exon|gene|transcript	224
chr17	2020442	2020666	ENSG00000185924.7|ENSG00000228133.3|ENSG00000262869.1	exon|gene|transcript	224
chr17	41820461	41820685	ENSG00000141756.20	exon|gene|transcript	224
chr17	42819323	42819547	ENSG00000126581.13	exon|gene|transcript	224
chr17	3930642	3930866	ENSG00000074370.18	exon|gene|transcript	224
chr17	69982462	69982686	ENSG00000237560.9	exon|gene|transcript	224
chr17	81862868	81863092	ENSG00000278876.1	exon|gene|transcript	224
chr17	35360018	35360242	ENSG00000172716.17	exon|gene|transcript	224
chr17	63895850	63896074	ENSG00000136488.15	exon|gene|transcript	224
chr17	26998079	26998303	ENSG00000264734.1	exon|gene|transcript	224
chr17	57094383	57094607	ENSG00000121057.13|ENSG00000263089.1	exon|gene|transcript	224
chr17	9378099	9378323	ENSG00000170310.15	exon|gene|transcript	224
chr17	74606196	74606420	ENSG00000261222.4	exon|gene|transcript	224
chr17	43124115	43124339	ENSG00000012048.25	exon|gene|transcript	224
chr17	7343108	7343332	ENSG00000072818.12	exon|gene|transcript	224
chr17	63872954	63873178	ENSG00000213218.11	exon|gene|transcript	224
chr17	39673650	39673874	ENSG00000161395.14	exon|gene|transcript	224
chr17	8147002	8147226	ENSG00000179094.16	exon|gene|transcript	224
chr17	77376643	77376866	ENSG00000184640.20|ENSG00000266998.2	exon|gene|transcript	223
chr17	36927037	36927260	ENSG00000277268.2	exon|gene|transcript	223
chr17	45515156	45515379	ENSG00000214425.11|ENSG00000291175.1	exon|gene|transcript	223
chr17	49254966	49255189	ENSG00000177369.11	exon|gene|transcript	223
chr17	57989310	57989533	ENSG00000264112.1|ENSG00000266086.3	exon|gene|transcript	223
chr17	30787438	30787661	ENSG00000176390.12|ENSG00000290928.1	exon|gene|transcript	223
chr17	82048807	82049030	ENSG00000169733.12	exon|gene|transcript	223
chr17	49732720	49732942	ENSG00000121104.8	exon|gene|transcript	222
chr17	29369494	29369716	ENSG00000264808.2|ENSG00000266111.2	exon|gene|transcript	222
chr17	4188494	4188716	ENSG00000185722.18	exon|gene|transcript	222
chr17	5114157	5114379	ENSG00000167840.14|ENSG00000234327.10	exon|gene|transcript	222
chr17	49705643	49705865	ENSG00000121073.15	exon|gene|transcript	222
chr17	16326484	16326706	ENSG00000108474.17	exon|gene|transcript	222
chr17	3134968	3135190	ENSG00000261848.5	exon|gene|transcript	222
chr17	11874726	11874948	ENSG00000007174.18|ENSG00000263684.2	exon|gene|transcript	222
chr17	81031845	81032067	ENSG00000226137.5	exon|gene|transcript	222
chr17	15327769	15327991	ENSG00000125409.13	exon|gene|transcript	222
chr17	37489418	37489640	ENSG00000289110.1	exon|gene|transcript	222
chr17	19297116	19297338	ENSG00000072134.16|ENSG00000235397.1	exon|gene|transcript	222
chr17	75702571	75702793	ENSG00000161526.15	exon|gene|transcript	222
chr17	75913479	75913701	ENSG00000188878.20|ENSG00000267426.5	exon|gene|transcript	222
chr17	41407394	41407615	ENSG00000225438.1|ENSG00000234859.5	exon|gene|transcript	221
chr17	76087720	76087941	ENSG00000182473.22	exon|gene|transcript	221
chr17	36188661	36188882	ENSG00000274767.1	exon|gene|transcript	221
chr17	29074914	29075135	ENSG00000196535.20	exon|gene|transcript	221
chr17	19656144	19656365	ENSG00000072210.19	exon|gene|transcript	221
chr17	4893650	4893871	ENSG00000141503.17	exon|gene|transcript	221
chr17	19655923	19656144	ENSG00000072210.19	exon|gene|transcript	221
chr17	81083011	81083232	ENSG00000175866.16	exon|gene|transcript	221
chr17	1361680	1361901	ENSG00000108953.17	exon|gene|transcript	221
chr17	20513628	20513849	ENSG00000231645.4	exon|gene|transcript	221
chr17	16841962	16842183	ENSG00000131885.18|ENSG00000290979.1	exon|gene|transcript	221
chr17	18423312	18423533	ENSG00000205266.11|ENSG00000290655.1	exon|gene|transcript	221
chr17	78250345	78250566	ENSG00000267676.1|ENSG00000279886.1|ENSG00000283914.1	exon|gene|transcript	221
chr17	67342263	67342484	ENSG00000197170.10	exon|gene|transcript	221
chr17	18553152	18553373	ENSG00000154874.18|ENSG00000291090.1	exon|gene|transcript	221
chr17	47328047	47328268	ENSG00000178852.16|ENSG00000259753.1	exon|gene|transcript	221
chr17	20392363	20392584	ENSG00000154898.17	exon|gene|transcript	221
chr17	28674748	28674969	ENSG00000109111.15	exon|gene|transcript	221
chr17	66306127	66306348	ENSG00000154229.12	exon|gene|transcript	221
chr17	20502064	20502285	ENSG00000214822.9|ENSG00000291196.1	exon|gene|transcript	221
chr17	76153132	76153352	ENSG00000141576.16|ENSG00000267128.2	exon|gene|transcript	220
chr17	68529699	68529919	ENSG00000108946.17	exon|gene|transcript	220
chr17	69020586	69020806	ENSG00000154258.17|ENSG00000231749.3	exon|gene|transcript	220
chr17	82626788	82627008	ENSG00000141568.21|ENSG00000141580.16	exon|gene|transcript	220
chr17	83104445	83104665	ENSG00000261888.1	exon|gene|transcript	220
chr17	82445557	82445777	ENSG00000178927.19	exon|gene|transcript	220
chr17	21172196	21172416	ENSG00000109016.18	exon|gene|transcript	220
chr17	81381534	81381754	ENSG00000262223.10	exon|gene|transcript	220
chr17	50370234	50370454	ENSG00000108826.16	exon|gene|transcript	220
chr17	78898448	78898668	ENSG00000035862.13|ENSG00000178404.11|ENSG00000279339.1	exon|gene|transcript	220
chr17	4716191	4716411	ENSG00000141480.18	exon|gene|transcript	220
chr17	80465048	80465268	ENSG00000279273.1	exon|gene|transcript	220
chr17	15829579	15829799	ENSG00000227790.8|ENSG00000237057.3|ENSG00000290377.1	exon|gene|transcript	220
chr17	29091629	29091849	ENSG00000196535.20	exon|gene|transcript	220
chr17	46260285	46260505	ENSG00000262539.1	exon|gene|transcript	220
chr17	18177817	18178036	ENSG00000091536.20|ENSG00000266677.1	exon|gene|transcript	219
chr17	35607836	35608055	ENSG00000006125.18	exon|gene|transcript	219
chr17	74677348	74677567	ENSG00000172794.20|ENSG00000264659.2	exon|gene|transcript	219
chr17	32658759	32658978	ENSG00000176658.17|ENSG00000264458.1	exon|gene|transcript	219
chr17	2695704	2695923	ENSG00000132361.18	exon|gene|transcript	219
chr17	16845380	16845599	ENSG00000131885.18|ENSG00000291277.1	exon|gene|transcript	219
chr17	30204317	30204536	ENSG00000108576.10|ENSG00000264125.1	exon|gene|transcript	219
chr17	81230324	81230543	ENSG00000167302.11|ENSG00000260005.6	exon|gene|transcript	219
chr17	82699791	82700009	ENSG00000289945.1	exon|gene|transcript	218
chr17	16893197	16893415	ENSG00000265853.1	exon|gene|transcript	218
chr17	20357878	20358096	ENSG00000154898.17	exon|gene|transcript	218
chr17	12394959	12395177	ENSG00000286617.1	exon|gene|transcript	218
chr17	34155759	34155977	ENSG00000108684.15|ENSG00000263571.3|ENSG00000265356.2	exon|gene|transcript	218
chr17	20493937	20494155	ENSG00000230088.1	exon|gene|transcript	218
chr17	5504704	5504922	ENSG00000091592.17	exon|gene|transcript	218
chr17	83221190	83221408	ENSG00000262094.1|ENSG00000262898.5	exon|gene|transcript	218
chr17	59422319	59422536	ENSG00000265313.8	exon|gene|transcript	217
chr17	75371151	75371368	ENSG00000177885.15|ENSG00000264853.1|ENSG00000265987.1	exon|gene|transcript	217
chr17	6704276	6704493	ENSG00000141485.17	exon|gene|transcript	217
chr17	68886799	68887016	ENSG00000141338.15	exon|gene|transcript	217
chr17	75239571	75239788	ENSG00000125447.18	exon|gene|transcript	217
chr17	36498559	36498776	ENSG00000273611.5|ENSG00000278259.5	exon|gene|transcript	217
chr17	68524958	68525175	ENSG00000108946.17	exon|gene|transcript	217
chr17	74443600	74443817	ENSG00000170412.18	exon|gene|transcript	217
chr17	41984606	41984823	ENSG00000168259.17	exon|gene|transcript	217
chr17	36177194	36177411	ENSG00000276241.1	exon|gene|transcript	217
chr17	61716063	61716280	ENSG00000136492.10	exon|gene|transcript	217
chr17	39609181	39609398	ENSG00000171532.5	exon|gene|transcript	217
chr17	68246625	68246842	ENSG00000196704.14|ENSG00000265100.2	exon|gene|transcript	217
chr17	16849204	16849421	ENSG00000205312.9|ENSG00000290980.1	exon|gene|transcript	217
chr17	16847634	16847851	ENSG00000290980.1	exon|gene|transcript	217
chr17	20008086	20008303	ENSG00000261033.1	exon|gene|transcript	217
chr17	68248757	68248974	ENSG00000196704.14	exon|gene|transcript	217
chr17	49823426	49823643	ENSG00000136504.15	exon|gene|transcript	217
chr17	64972317	64972533	ENSG00000214174.11|ENSG00000291140.1	exon|gene|transcript	216
chr17	81019795	81020011	ENSG00000262873.2	exon|gene|transcript	216
chr17	75602300	75602516	ENSG00000266714.11	exon|gene|transcript	216
chr17	40835143	40835359	ENSG00000167920.12	exon|gene|transcript	216
chr17	48540893	48541109	ENSG00000173917.11	exon|gene|transcript	216
chr17	16841624	16841840	ENSG00000131885.18|ENSG00000290979.1	exon|gene|transcript	216
chr17	28373256	28373472	ENSG00000004139.14|ENSG00000258924.4|ENSG00000277450.1	exon|gene|transcript	216
chr17	46041662	46041878	ENSG00000120071.15	exon|gene|transcript	216
chr17	41554279	41554495	ENSG00000226629.1	exon|gene|transcript	216
chr17	42960975	42961191	ENSG00000108825.18|ENSG00000266967.7	exon|gene|transcript	216
chr17	73946873	73947089	ENSG00000285648.1	exon|gene|transcript	216
chr17	19672545	19672761	ENSG00000072210.19	exon|gene|transcript	216
chr17	73205937	73206153	ENSG00000166685.13	exon|gene|transcript	216
chr17	19721392	19721607	ENSG00000262681.2	exon|gene|transcript	215
chr17	50281637	50281852	ENSG00000251179.1	exon|gene|transcript	215
chr17	34071333	34071548	ENSG00000108684.15|ENSG00000265356.2|ENSG00000279668.4	exon|gene|transcript	215
chr17	72383407	72383622	ENSG00000227036.10	exon|gene|transcript	215
chr17	58251382	58251597	ENSG00000167419.11	exon|gene|transcript	215
chr17	82867817	82868032	ENSG00000141556.22	exon|gene|transcript	215
chr17	16706721	16706936	ENSG00000170160.19|ENSG00000266302.6	exon|gene|transcript	215
chr17	40035900	40036115	ENSG00000008838.21	exon|gene|transcript	215
chr17	30557111	30557326	ENSG00000266733.8|ENSG00000290404.1	exon|gene|transcript	215
chr17	72586825	72587040	ENSG00000227036.10	exon|gene|transcript	215
chr17	81906248	81906463	ENSG00000185813.11	exon|gene|transcript	215
chr17	43360725	43360940	ENSG00000188825.16|ENSG00000279602.2	exon|gene|transcript	215
chr17	82184957	82185172	ENSG00000176155.21	exon|gene|transcript	215
chr17	69433329	69433544	ENSG00000108984.16|ENSG00000278972.1	exon|gene|transcript	215
chr17	59945190	59945405	ENSG00000108443.14|ENSG00000267318.1	exon|gene|transcript	215
chr17	73755920	73756134	ENSG00000177338.14|ENSG00000263574.2	exon|gene|transcript	214
chr17	72221409	72221623	ENSG00000234899.11	exon|gene|transcript	214
chr17	10746329	10746543	ENSG00000240813.2|ENSG00000263400.8|ENSG00000264016.3|ENSG00000285220.1	exon|gene|transcript	214
chr17	40689146	40689360	ENSG00000224244.1	exon|gene|transcript	214
chr17	5388587	5388801	ENSG00000108559.13	exon|gene|transcript	214
chr17	63430467	63430681	ENSG00000263644.1|ENSG00000265282.1	exon|gene|transcript	214
chr17	43610124	43610338	ENSG00000067596.12	exon|gene|transcript	214
chr17	47053903	47054117	ENSG00000262879.7|ENSG00000263142.6	exon|gene|transcript	214
chr17	39606916	39607130	ENSG00000171532.5	exon|gene|transcript	214
chr17	20721210	20721424	ENSG00000226521.8|ENSG00000290430.1	exon|gene|transcript	214
chr17	80376963	80377177	ENSG00000173821.20|ENSG00000263069.6	exon|gene|transcript	214
chr17	7740595	7740809	ENSG00000183914.15	exon|gene|transcript	214
chr17	18587665	18587879	ENSG00000154874.18|ENSG00000291090.1	exon|gene|transcript	214
chr17	28721486	28721700	ENSG00000198242.14|ENSG00000264577.1	exon|gene|transcript	214
chr17	80048369	80048582	ENSG00000141519.15|ENSG00000289689.1	exon|gene|transcript	213
chr17	11881413	11881626	ENSG00000007174.18|ENSG00000263684.2	exon|gene|transcript	213
chr17	72221623	72221836	ENSG00000234899.11	exon|gene|transcript	213
chr17	72046134	72046347	ENSG00000228639.8|ENSG00000288605.1	exon|gene|transcript	213
chr17	879880	880093	ENSG00000167693.17|ENSG00000262133.1	exon|gene|transcript	213
chr17	30565331	30565544	ENSG00000259928.1	exon|gene|transcript	213
chr17	34178712	34178925	ENSG00000261156.6	exon|gene|transcript	213
chr17	48852645	48852858	ENSG00000136436.15	exon|gene|transcript	213
chr17	62607548	62607761	ENSG00000146872.19	exon|gene|transcript	213
chr17	8465720	8465933	ENSG00000166579.16	exon|gene|transcript	213
chr17	46929818	46930030	ENSG00000108433.17|ENSG00000262633.2	exon|gene|transcript	212
chr17	18976641	18976853	ENSG00000154025.16|ENSG00000188522.16	exon|gene|transcript	212
chr17	62282701	62282913	ENSG00000263887.7	exon|gene|transcript	212
chr17	41408420	41408632	ENSG00000225438.1|ENSG00000234859.5	exon|gene|transcript	212
chr17	45832734	45832946	ENSG00000120088.16|ENSG00000263715.7|ENSG00000264589.5	exon|gene|transcript	212
chr17	37600403	37600615	ENSG00000275066.5	exon|gene|transcript	212
chr17	60851533	60851745	ENSG00000141376.24|ENSG00000254114.1	exon|gene|transcript	212
chr17	44875721	44875933	ENSG00000108883.13	exon|gene|transcript	212
chr17	49939121	49939333	ENSG00000249176.1	exon|gene|transcript	212
chr17	75702946	75703158	ENSG00000161526.15	exon|gene|transcript	212
chr17	43705556	43705768	ENSG00000267440.2	exon|gene|transcript	212
chr17	47587344	47587556	ENSG00000141279.18	exon|gene|transcript	212
chr17	75238439	75238651	ENSG00000125447.18	exon|gene|transcript	212
chr17	73205190	73205402	ENSG00000166685.13	exon|gene|transcript	212
chr17	82215360	82215571	ENSG00000264548.1	exon|gene|transcript	211
chr17	42013585	42013796	ENSG00000168256.18|ENSG00000168259.17	exon|gene|transcript	211
chr17	30571318	30571529	ENSG00000231870.4	exon|gene|transcript	211
chr17	42971696	42971907	ENSG00000108825.18|ENSG00000267060.7	exon|gene|transcript	211
chr17	77488028	77488239	ENSG00000184640.20	exon|gene|transcript	211
chr17	32411216	32411427	ENSG00000266385.1	exon|gene|transcript	211
chr17	40131008	40131219	ENSG00000188895.12	exon|gene|transcript	211
chr17	20517047	20517258	ENSG00000231645.4	exon|gene|transcript	211
chr17	60460787	60460998	ENSG00000062725.10	exon|gene|transcript	211
chr17	41689566	41689777	ENSG00000173812.11	exon|gene|transcript	211
chr17	40131779	40131990	ENSG00000188895.12	exon|gene|transcript	211
chr17	46031790	46032001	ENSG00000120071.15	exon|gene|transcript	211
chr17	73519997	73520208	ENSG00000069188.17|ENSG00000264985.4	exon|gene|transcript	211
chr17	2172859	2173070	ENSG00000070366.14	exon|gene|transcript	211
chr17	82291352	82291563	ENSG00000265692.1	exon|gene|transcript	211
chr17	20394020	20394230	ENSG00000154898.17	exon|gene|transcript	210
chr17	16851514	16851724	ENSG00000205312.9|ENSG00000290980.1	exon|gene|transcript	210
chr17	37461867	37462077	ENSG00000276234.5	exon|gene|transcript	210
chr17	18514378	18514588	ENSG00000233327.12|ENSG00000273018.7|ENSG00000290659.1	exon|gene|transcript	210
chr17	18572751	18572961	ENSG00000154874.18|ENSG00000227077.3|ENSG00000291090.1	exon|gene|transcript	210
chr17	41758188	41758398	ENSG00000173801.17	exon|gene|transcript	210
chr17	18421016	18421226	ENSG00000205266.11|ENSG00000290655.1	exon|gene|transcript	210
chr17	6749978	6750188	ENSG00000244283.1	exon|gene|transcript	210
chr17	35596918	35597128	ENSG00000006125.18|ENSG00000267592.1	exon|gene|transcript	210
chr17	959033	959243	ENSG00000167693.17|ENSG00000263017.1	exon|gene|transcript	210
chr17	43386948	43387158	ENSG00000188825.16	exon|gene|transcript	210
chr17	62967138	62967348	ENSG00000170921.16|ENSG00000283538.3	exon|gene|transcript	210
chr17	74604980	74605190	ENSG00000261222.4	exon|gene|transcript	210
chr17	68677788	68677998	ENSG00000267659.5	exon|gene|transcript	210
chr17	63817072	63817281	ENSG00000198231.14	exon|gene|transcript	209
chr17	48855882	48856091	ENSG00000136436.15	exon|gene|transcript	209
chr17	66960392	66960601	ENSG00000289877.1	exon|gene|transcript	209
chr17	20519311	20519520	ENSG00000291198.1	exon|gene|transcript	209
chr17	13000274	13000483	ENSG00000006744.19	exon|gene|transcript	209
chr17	82937360	82937569	ENSG00000141556.22	exon|gene|transcript	209
chr17	77377027	77377236	ENSG00000184640.20|ENSG00000266998.2	exon|gene|transcript	209
chr17	44307291	44307500	ENSG00000267750.6	exon|gene|transcript	209
chr17	60256719	60256928	ENSG00000170832.13|ENSG00000275562.1	exon|gene|transcript	209
chr17	80474911	80475120	ENSG00000171246.7|ENSG00000290024.1	exon|gene|transcript	209
chr17	18424886	18425095	ENSG00000290655.1	exon|gene|transcript	209
chr17	42027732	42027941	ENSG00000187595.18	exon|gene|transcript	209
chr17	20504074	20504283	ENSG00000214822.9|ENSG00000291196.1	exon|gene|transcript	209
chr17	1055826	1056034	ENSG00000159842.16	exon|gene|transcript	208
chr17	78171054	78171262	ENSG00000108639.8	exon|gene|transcript	208
chr17	73068080	73068288	ENSG00000133195.12|ENSG00000266501.1	exon|gene|transcript	208
chr17	46523559	46523767	ENSG00000185829.19|ENSG00000238083.10	exon|gene|transcript	208
chr17	72343934	72344142	ENSG00000227036.10|ENSG00000264026.2	exon|gene|transcript	208
chr17	42234355	42234563	ENSG00000173757.11|ENSG00000280295.1	exon|gene|transcript	208
chr17	63391517	63391725	ENSG00000170921.16|ENSG00000226797.2|ENSG00000263644.1	exon|gene|transcript	208
chr17	82447371	82447579	ENSG00000178927.19	exon|gene|transcript	208
chr17	28681980	28682188	ENSG00000109111.15	exon|gene|transcript	208
chr17	34837870	34838078	ENSG00000264622.1	exon|gene|transcript	208
chr17	18503074	18503282	ENSG00000167494.10|ENSG00000290658.1	exon|gene|transcript	208
chr17	16800827	16801035	ENSG00000188933.17|ENSG00000266302.6|ENSG00000272815.1|ENSG00000290976.1	exon|gene|transcript	208
chr17	39202108	39202316	ENSG00000108298.12	exon|gene|transcript	208
chr17	21171809	21172017	ENSG00000109016.18	exon|gene|transcript	208
chr17	18514681	18514889	ENSG00000233327.12|ENSG00000273018.7|ENSG00000290659.1	exon|gene|transcript	208
chr17	20441026	20441234	ENSG00000230528.8|ENSG00000287490.1|ENSG00000291195.1	exon|gene|transcript	208
chr17	42020415	42020622	ENSG00000168256.18|ENSG00000168259.17	exon|gene|transcript	207
chr17	75496074	75496281	ENSG00000177728.17	exon|gene|transcript	207
chr17	82265478	82265685	ENSG00000141551.15	exon|gene|transcript	207
chr17	38201413	38201620	ENSG00000274487.5|ENSG00000291088.1	exon|gene|transcript	207
chr17	79707265	79707472	ENSG00000267719.1	exon|gene|transcript	207
chr17	50450518	50450725	ENSG00000167107.13|ENSG00000262759.1	exon|gene|transcript	207
chr17	4216580	4216787	ENSG00000185722.18	exon|gene|transcript	207
chr17	43706502	43706709	ENSG00000267440.2	exon|gene|transcript	207
chr17	41280603	41280810	ENSG00000237183.1	exon|gene|transcript	207
chr17	47892889	47893096	ENSG00000264920.4	exon|gene|transcript	207
chr17	11998145	11998352	ENSG00000289910.1	exon|gene|transcript	207
chr17	34943177	34943384	ENSG00000132141.14	exon|gene|transcript	207
chr17	36089338	36089545	ENSG00000277089.4|ENSG00000277632.2	exon|gene|transcript	207
chr17	33290754	33290961	ENSG00000108684.15	exon|gene|transcript	207
chr17	8478104	8478311	ENSG00000133026.14|ENSG00000166579.16	exon|gene|transcript	207
chr17	56471360	56471566	ENSG00000153930.13|ENSG00000279606.1	exon|gene|transcript	206
chr17	40391861	40392067	ENSG00000131747.15	exon|gene|transcript	206
chr17	82930243	82930449	ENSG00000141556.22	exon|gene|transcript	206
chr17	61862633	61862839	ENSG00000136492.10	exon|gene|transcript	206
chr17	81685732	81685938	ENSG00000185359.14	exon|gene|transcript	206
chr17	14296023	14296229	ENSG00000262786.1	exon|gene|transcript	206
chr17	43026047	43026253	ENSG00000108830.11	exon|gene|transcript	206
chr17	74606420	74606626	ENSG00000261222.4	exon|gene|transcript	206
chr17	63828911	63829117	ENSG00000087191.14|ENSG00000108592.17	exon|gene|transcript	206
chr17	2003307	2003513	ENSG00000185924.7|ENSG00000262445.3	exon|gene|transcript	206
chr17	35823211	35823417	ENSG00000270647.7|ENSG00000270871.1|ENSG00000270894.1	exon|gene|transcript	206
chr17	16801128	16801334	ENSG00000188933.17|ENSG00000266302.6|ENSG00000272815.1|ENSG00000290976.1	exon|gene|transcript	206
chr17	37221517	37221723	ENSG00000278540.5	exon|gene|transcript	206
chr17	81230001	81230207	ENSG00000167302.11|ENSG00000260005.6	exon|gene|transcript	206
chr17	47581994	47582200	ENSG00000141279.18	exon|gene|transcript	206
chr17	54964473	54964679	ENSG00000166260.13|ENSG00000275710.1	exon|gene|transcript	206
chr17	16428387	16428593	ENSG00000187688.15|ENSG00000239203.1	exon|gene|transcript	206
chr17	16812446	16812651	ENSG00000264892.1|ENSG00000272815.1	exon|gene|transcript	205
chr17	22299489	22299694	ENSG00000178130.9	exon|gene|transcript	205
chr17	19095699	19095904	ENSG00000228157.4	exon|gene|transcript	205
chr17	15740736	15740941	ENSG00000214946.15|ENSG00000233002.2|ENSG00000255104.9	exon|gene|transcript	205
chr17	46037324	46037529	ENSG00000120071.15	exon|gene|transcript	205
chr17	75262867	75263072	ENSG00000125445.11	exon|gene|transcript	205
chr17	21521064	21521269	ENSG00000212719.15|ENSG00000265265.1	exon|gene|transcript	205
chr17	32477583	32477788	ENSG00000108671.11	exon|gene|transcript	205
chr17	18005339	18005544	ENSG00000171953.16|ENSG00000171962.19	exon|gene|transcript	205
chr17	63910539	63910744	ENSG00000204414.14	exon|gene|transcript	205
chr17	69105748	69105953	ENSG00000154262.13	exon|gene|transcript	205
chr17	59656027	59656231	ENSG00000141367.13	exon|gene|transcript	204
chr17	82156736	82156940	ENSG00000176155.21	exon|gene|transcript	204
chr17	80333900	80334104	ENSG00000173821.20|ENSG00000276863.1	exon|gene|transcript	204
chr17	7002279	7002483	ENSG00000108839.12|ENSG00000215067.12|ENSG00000267047.1	exon|gene|transcript	204
chr17	81203867	81204071	ENSG00000141577.14	exon|gene|transcript	204
chr17	76085109	76085313	ENSG00000182473.22	exon|gene|transcript	204
chr17	18430914	18431118	ENSG00000186831.12|ENSG00000290656.1	exon|gene|transcript	204
chr17	4617446	4617650	ENSG00000261863.1	exon|gene|transcript	204
chr17	44908247	44908451	ENSG00000131095.14	exon|gene|transcript	204
chr17	4076432	4076636	ENSG00000074755.15	exon|gene|transcript	204
chr17	5019447	5019651	ENSG00000129250.12|ENSG00000227495.1	exon|gene|transcript	204
chr17	44597140	44597344	ENSG00000271222.1	exon|gene|transcript	204
chr17	77497110	77497314	ENSG00000184640.20	exon|gene|transcript	204
chr17	4895493	4895697	ENSG00000141503.17	exon|gene|transcript	204
chr17	54938576	54938780	ENSG00000141198.16	exon|gene|transcript	204
chr17	21552508	21552711	ENSG00000212719.15|ENSG00000266673.1	exon|gene|transcript	203
chr17	82061353	82061556	ENSG00000169718.18	exon|gene|transcript	203
chr17	38559217	38559420	ENSG00000277363.5	exon|gene|transcript	203
chr17	42999700	42999903	ENSG00000131469.15	exon|gene|transcript	203
chr17	63313318	63313521	ENSG00000170921.16|ENSG00000233635.2|ENSG00000263501.1	exon|gene|transcript	203
chr17	58059355	58059558	ENSG00000285930.1	exon|gene|transcript	203
chr17	39026742	39026945	ENSG00000266013.1	exon|gene|transcript	203
chr17	76330098	76330301	ENSG00000161542.17	exon|gene|transcript	203
chr17	20949238	20949441	ENSG00000233098.10	exon|gene|transcript	203
chr17	59064151	59064354	ENSG00000108395.14	exon|gene|transcript	203
chr17	82248671	82248874	ENSG00000141526.18|ENSG00000141551.15	exon|gene|transcript	203
chr17	7244635	7244838	ENSG00000175826.12	exon|gene|transcript	203
chr17	38208305	38208508	ENSG00000274487.5|ENSG00000291088.1	exon|gene|transcript	203
chr17	50538237	50538440	ENSG00000049283.19|ENSG00000250286.2	exon|gene|transcript	203
chr17	20376446	20376648	ENSG00000154898.17|ENSG00000214832.6	exon|gene|transcript	202
chr17	30564789	30564991	ENSG00000259928.1	exon|gene|transcript	202
chr17	76012089	76012291	ENSG00000167880.8	exon|gene|transcript	202
chr17	62006016	62006218	ENSG00000108510.10|ENSG00000279133.1	exon|gene|transcript	202
chr17	45396284	45396486	ENSG00000159314.13	exon|gene|transcript	202
chr17	39029905	39030107	ENSG00000214553.12|ENSG00000290925.1	exon|gene|transcript	202
chr17	52985519	52985721	ENSG00000227011.4	exon|gene|transcript	202
chr17	7927126	7927328	ENSG00000170049.10|ENSG00000262730.1	exon|gene|transcript	202
chr17	4541898	4542100	ENSG00000132382.15	exon|gene|transcript	202
chr17	72340298	72340500	ENSG00000227036.10	exon|gene|transcript	202
chr17	58731558	58731760	ENSG00000108384.16	exon|gene|transcript	202
chr17	75953248	75953450	ENSG00000161533.12	exon|gene|transcript	202
chr17	58722127	58722329	ENSG00000108384.16	exon|gene|transcript	202
chr17	41448464	41448665	ENSG00000236473.1	exon|gene|transcript	201
chr17	74063893	74064094	ENSG00000266357.6	exon|gene|transcript	201
chr17	45637200	45637401	ENSG00000263715.7|ENSG00000293460.1	exon|gene|transcript	201
chr17	38202780	38202981	ENSG00000274487.5|ENSG00000291088.1	exon|gene|transcript	201
chr17	2406752	2406953	ENSG00000127804.13	exon|gene|transcript	201
chr17	64481245	64481446	ENSG00000256525.8	exon|gene|transcript	201
chr17	46305307	46305508	ENSG00000176681.15|ENSG00000228696.11	exon|gene|transcript	201
chr17	63918136	63918337	ENSG00000259384.7|ENSG00000285947.1	exon|gene|transcript	201
chr17	789743	789944	ENSG00000171861.11|ENSG00000262434.1	exon|gene|transcript	201
chr17	21448415	21448616	ENSG00000212719.15|ENSG00000287671.1	exon|gene|transcript	201
chr17	38124569	38124770	ENSG00000274615.1	exon|gene|transcript	201
chr17	36596626	36596827	ENSG00000278535.5	exon|gene|transcript	201
chr17	19743030	19743231	ENSG00000108602.18	exon|gene|transcript	201
chr17	82236231	82236432	ENSG00000141526.18	exon|gene|transcript	201
chr17	7017709	7017910	ENSG00000267047.1|ENSG00000267532.5	exon|gene|transcript	201
chr17	83211995	83212196	ENSG00000262898.5	exon|gene|transcript	201
chr17	54066083	54066284	ENSG00000285939.2	exon|gene|transcript	201
chr17	78618843	78619044	ENSG00000267123.7	exon|gene|transcript	201
chr17	39031604	39031805	ENSG00000214553.12|ENSG00000290925.1	exon|gene|transcript	201
chr17	28331401	28331602	ENSG00000109083.14	exon|gene|transcript	201
chr17	50467839	50468039	ENSG00000136457.10|ENSG00000167107.13	exon|gene|transcript	200
chr17	64847528	64847728	ENSG00000272400.1	exon|gene|transcript	200
chr17	45841882	45842082	ENSG00000264589.5	exon|gene|transcript	200
chr17	68877318	68877518	ENSG00000141338.15	exon|gene|transcript	200
chr17	61776562	61776762	ENSG00000136492.10	exon|gene|transcript	200
chr17	16350737	16350937	ENSG00000108474.17|ENSG00000166582.11	exon|gene|transcript	200
chr17	9378351	9378551	ENSG00000170310.15	exon|gene|transcript	200
chr17	21573535	21573735	ENSG00000212719.15|ENSG00000266050.3	exon|gene|transcript	200
chr17	68158260	68158460	ENSG00000267708.1|ENSG00000291214.1	exon|gene|transcript	200
chr17	46456706	46456906	ENSG00000260075.1	exon|gene|transcript	200
chr17	62551723	62551923	ENSG00000146872.19|ENSG00000264546.1	exon|gene|transcript	200
chr17	64537339	64537539	ENSG00000258890.8	exon|gene|transcript	200
chr17	48853035	48853235	ENSG00000136436.15	exon|gene|transcript	200
chr17	53434130	53434330	ENSG00000262271.1|ENSG00000285939.2	exon|gene|transcript	200
chr17	18308681	18308881	ENSG00000177302.16	exon|gene|transcript	200
chr17	74605233	74605433	ENSG00000261222.4	exon|gene|transcript	200
chr17	778422	778621	ENSG00000167699.14	exon|gene|transcript	199
chr17	7909937	7910136	ENSG00000170004.19	exon|gene|transcript	199
chr17	39712047	39712246	ENSG00000141736.14	exon|gene|transcript	199
chr17	51333512	51333711	ENSG00000249383.2|ENSG00000249982.1	exon|gene|transcript	199
chr17	48936655	48936854	ENSG00000159210.10|ENSG00000230532.1	exon|gene|transcript	199
chr17	2366588	2366787	ENSG00000141258.13|ENSG00000274758.1	exon|gene|transcript	199
chr17	22299694	22299893	ENSG00000178130.9	exon|gene|transcript	199
chr17	74975523	74975722	ENSG00000263586.1	exon|gene|transcript	199
chr17	58723133	58723332	ENSG00000108384.16	exon|gene|transcript	199
chr17	36103981	36104180	ENSG00000275302.2	exon|gene|transcript	199
chr17	48899549	48899748	ENSG00000270781.1|ENSG00000293025.1	exon|gene|transcript	199
chr17	64814862	64815061	ENSG00000214176.12|ENSG00000291117.1	exon|gene|transcript	199
chr17	27683945	27684144	ENSG00000263604.1	exon|gene|transcript	199
chr17	37536531	37536730	ENSG00000275066.5	exon|gene|transcript	199
chr17	79918407	79918606	ENSG00000262585.1	exon|gene|transcript	199
chr17	27657515	27657714	ENSG00000265788.3	exon|gene|transcript	199
chr17	64562966	64563165	ENSG00000108854.16	exon|gene|transcript	199
chr17	47579996	47580195	ENSG00000141279.18	exon|gene|transcript	199
chr17	82053394	82053593	ENSG00000169727.14	exon|gene|transcript	199
chr17	50106069	50106268	ENSG00000005882.12	exon|gene|transcript	199
chr17	62029651	62029850	ENSG00000108510.10	exon|gene|transcript	199
chr17	55526984	55527183	ENSG00000293350.1	exon|gene|transcript	199
chr17	45268059	45268257	ENSG00000006062.18|ENSG00000267278.6	exon|gene|transcript	198
chr17	20504283	20504481	ENSG00000291196.1	exon|gene|transcript	198
chr17	34001932	34002130	ENSG00000108684.15|ENSG00000265356.2|ENSG00000279668.4|ENSG00000279674.1	exon|gene|transcript	198
chr17	60085203	60085401	ENSG00000261040.10|ENSG00000267416.2|ENSG00000293515.1	exon|gene|transcript	198
chr17	53435631	53435829	ENSG00000262271.1|ENSG00000285939.2	exon|gene|transcript	198
chr17	80371675	80371873	ENSG00000173821.20|ENSG00000263069.6	exon|gene|transcript	198
chr17	36506608	36506806	ENSG00000278259.5	exon|gene|transcript	198
chr17	57071940	57072138	ENSG00000263004.3	exon|gene|transcript	198
chr17	62679971	62680169	ENSG00000011028.14|ENSG00000279713.1	exon|gene|transcript	198
chr17	67776639	67776837	ENSG00000266858.1	exon|gene|transcript	198
chr17	42981787	42981985	ENSG00000198863.8	exon|gene|transcript	198
chr17	42308333	42308531	ENSG00000126561.18	exon|gene|transcript	198
chr17	57448614	57448812	ENSG00000153944.12|ENSG00000279281.1	exon|gene|transcript	198
chr17	5530262	5530460	ENSG00000091592.17	exon|gene|transcript	198
chr17	20633036	20633234	ENSG00000227685.1|ENSG00000266364.1	exon|gene|transcript	198
chr17	72404164	72404361	ENSG00000227036.10	exon|gene|transcript	197
chr17	34635809	34636006	ENSG00000181291.8	exon|gene|transcript	197
chr17	60156715	60156912	ENSG00000167434.10	exon|gene|transcript	197
chr17	28944795	28944992	ENSG00000109118.14|ENSG00000265908.1	exon|gene|transcript	197
chr17	37043039	37043236	ENSG00000275700.6|ENSG00000277579.1	exon|gene|transcript	197
chr17	78623553	78623750	ENSG00000267123.7	exon|gene|transcript	197
chr17	4797811	4798008	ENSG00000142507.10	exon|gene|transcript	197
chr17	45558541	45558738	ENSG00000266504.1|ENSG00000267198.1|ENSG00000267246.1|ENSG00000291175.1	exon|gene|transcript	197
chr17	77528441	77528638	ENSG00000267665.3	exon|gene|transcript	197
chr17	58233162	58233359	ENSG00000167419.11|ENSG00000287337.1	exon|gene|transcript	197
chr17	46197163	46197360	ENSG00000120071.15|ENSG00000214401.6	exon|gene|transcript	197
chr17	3163692	3163889	ENSG00000261848.5	exon|gene|transcript	197
chr17	3213368	3213565	ENSG00000172146.4	exon|gene|transcript	197
chr17	31035457	31035654	ENSG00000291063.1	exon|gene|transcript	197
chr17	57450058	57450255	ENSG00000153944.12|ENSG00000279281.1	exon|gene|transcript	197
chr17	31965694	31965890	ENSG00000178691.11	exon|gene|transcript	196
chr17	45404702	45404898	ENSG00000159314.13	exon|gene|transcript	196
chr17	62343940	62344136	ENSG00000172421.10	exon|gene|transcript	196
chr17	77210660	77210856	ENSG00000129657.16	exon|gene|transcript	196
chr17	78271662	78271858	ENSG00000204277.1	exon|gene|transcript	196
chr17	81812252	81812448	ENSG00000215644.10	exon|gene|transcript	196
chr17	17182427	17182623	ENSG00000133030.22|ENSG00000263624.1|ENSG00000278864.1	exon|gene|transcript	196
chr17	21440273	21440469	ENSG00000212719.15	exon|gene|transcript	196
chr17	770224	770420	ENSG00000167699.14	exon|gene|transcript	196
chr17	1616365	1616561	ENSG00000167703.15	exon|gene|transcript	196
chr17	16849787	16849983	ENSG00000205312.9|ENSG00000290980.1	exon|gene|transcript	196
chr17	47668410	47668606	ENSG00000108424.11	exon|gene|transcript	196
chr17	49494907	49495103	ENSG00000279036.1	exon|gene|transcript	196
chr17	42569303	42569499	ENSG00000108788.12	exon|gene|transcript	196
chr17	76957259	76957455	ENSG00000267521.1|ENSG00000267568.6	exon|gene|transcript	196
chr17	3682547	3682743	ENSG00000083454.23|ENSG00000257950.3	exon|gene|transcript	196
chr17	28642078	28642274	ENSG00000007202.16	exon|gene|transcript	196
chr17	51337724	51337920	ENSG00000267452.3	exon|gene|transcript	196
chr17	72114205	72114400	ENSG00000234899.11|ENSG00000288605.1	exon|gene|transcript	195
chr17	72342361	72342556	ENSG00000227036.10	exon|gene|transcript	195
chr17	82722608	82722803	ENSG00000141560.15	exon|gene|transcript	195
chr17	64001537	64001732	ENSG00000224383.8	exon|gene|transcript	195
chr17	83229699	83229894	ENSG00000293087.1	exon|gene|transcript	195
chr17	42573623	42573818	ENSG00000131470.15	exon|gene|transcript	195
chr17	72419706	72419901	ENSG00000227036.10	exon|gene|transcript	195
chr17	48881121	48881316	ENSG00000248895.1|ENSG00000293025.1	exon|gene|transcript	195
chr17	30206273	30206468	ENSG00000108576.10|ENSG00000264125.1	exon|gene|transcript	195
chr17	81612678	81612873	ENSG00000182446.15	exon|gene|transcript	195
chr17	15594552	15594747	ENSG00000241322.11|ENSG00000251537.4	exon|gene|transcript	195
chr17	44859181	44859376	ENSG00000108883.13	exon|gene|transcript	195
chr17	31966196	31966390	ENSG00000178691.11	exon|gene|transcript	194
chr17	30672595	30672789	ENSG00000214719.13	exon|gene|transcript	194
chr17	38762216	38762410	ENSG00000277791.5	exon|gene|transcript	194
chr17	16654593	16654787	ENSG00000264765.1	exon|gene|transcript	194
chr17	64792348	64792542	ENSG00000214176.12|ENSG00000291117.1	exon|gene|transcript	194
chr17	10579039	10579233	ENSG00000214970.8|ENSG00000272975.1	exon|gene|transcript	194
chr17	51031248	51031442	ENSG00000008294.22	exon|gene|transcript	194
chr17	82275073	82275267	ENSG00000287737.3	exon|gene|transcript	194
chr17	19717443	19717637	ENSG00000180638.19	exon|gene|transcript	194
chr17	77143666	77143860	ENSG00000129657.16	exon|gene|transcript	194
chr17	80112383	80112577	ENSG00000171298.14	exon|gene|transcript	194
chr17	58521350	58521544	ENSG00000108387.16|ENSG00000264672.6	exon|gene|transcript	194
chr17	47596158	47596352	ENSG00000141279.18	exon|gene|transcript	194
chr17	68708093	68708287	ENSG00000267659.5|ENSG00000283376.1	exon|gene|transcript	194
chr17	50474004	50474198	ENSG00000167107.13	exon|gene|transcript	194
chr17	5393733	5393927	ENSG00000108559.13	exon|gene|transcript	194
chr17	15267460	15267654	ENSG00000109099.16|ENSG00000286792.1	exon|gene|transcript	194
chr17	54365441	54365634	ENSG00000285939.2	exon|gene|transcript	193
chr17	46630450	46630643	ENSG00000073969.19	exon|gene|transcript	193
chr17	68160989	68161182	ENSG00000291214.1	exon|gene|transcript	193
chr17	18499195	18499388	ENSG00000167494.10|ENSG00000290658.1	exon|gene|transcript	193
chr17	67738355	67738548	ENSG00000130935.10	exon|gene|transcript	193
chr17	78164364	78164557	ENSG00000187997.12	exon|gene|transcript	193
chr17	34146828	34147021	ENSG00000108684.15|ENSG00000264791.1|ENSG00000265356.2	exon|gene|transcript	193
chr17	4983043	4983236	ENSG00000108509.21	exon|gene|transcript	193
chr17	20444950	20445143	ENSG00000230528.8|ENSG00000287490.1|ENSG00000291195.1	exon|gene|transcript	193
chr17	44154359	44154552	ENSG00000125319.15	exon|gene|transcript	193
chr17	18306966	18307159	ENSG00000177302.16	exon|gene|transcript	193
chr17	40015854	40016047	ENSG00000108342.13	exon|gene|transcript	193
chr17	20420412	20420605	ENSG00000287490.1|ENSG00000291194.1	exon|gene|transcript	193
chr17	40925160	40925353	ENSG00000108244.17|ENSG00000234477.1	exon|gene|transcript	193
chr17	64928515	64928708	ENSG00000264057.2|ENSG00000290457.1	exon|gene|transcript	193
chr17	47828307	47828500	ENSG00000159111.13	exon|gene|transcript	193
chr17	61390251	61390444	ENSG00000141376.24|ENSG00000267131.1	exon|gene|transcript	193
chr17	41186943	41187136	ENSG00000251439.1	exon|gene|transcript	193
chr17	41409662	41409855	ENSG00000225438.1|ENSG00000234859.5	exon|gene|transcript	193
chr17	46034570	46034763	ENSG00000120071.15	exon|gene|transcript	193
chr17	819245	819438	ENSG00000167693.17	exon|gene|transcript	193
chr17	2329044	2329237	ENSG00000167721.11|ENSG00000275084.4	exon|gene|transcript	193
chr17	82249238	82249430	ENSG00000141526.18|ENSG00000141551.15|ENSG00000280407.3	exon|gene|transcript	192
chr17	549861	550053	ENSG00000141252.21	exon|gene|transcript	192
chr17	18157230	18157422	ENSG00000091536.20	exon|gene|transcript	192
chr17	46088427	46088619	ENSG00000120071.15	exon|gene|transcript	192
chr17	47050713	47050905	ENSG00000262879.7|ENSG00000263142.6	exon|gene|transcript	192
chr17	68359594	68359786	ENSG00000141337.13	exon|gene|transcript	192
chr17	48112111	48112303	ENSG00000002919.15	exon|gene|transcript	192
chr17	49707068	49707260	ENSG00000121073.15	exon|gene|transcript	192
chr17	31965954	31966146	ENSG00000178691.11	exon|gene|transcript	192
chr17	18253886	18254078	ENSG00000177731.16	exon|gene|transcript	192
chr17	73799229	73799421	ENSG00000177338.14|ENSG00000234721.3	exon|gene|transcript	192
chr17	41582901	41583093	ENSG00000186847.6	exon|gene|transcript	192
chr17	75574260	75574452	ENSG00000073350.14	exon|gene|transcript	192
chr17	64812599	64812791	ENSG00000214176.12|ENSG00000291117.1	exon|gene|transcript	192
chr17	72057473	72057665	ENSG00000228639.8|ENSG00000288605.1	exon|gene|transcript	192
chr17	42102312	42102504	ENSG00000108771.13	exon|gene|transcript	192
chr17	46523155	46523347	ENSG00000185829.19|ENSG00000238083.10	exon|gene|transcript	192
chr17	1508976	1509167	ENSG00000132376.20	exon|gene|transcript	191
chr17	77534492	77534683	ENSG00000267665.3	exon|gene|transcript	191
chr17	16065694	16065885	ENSG00000141027.23	exon|gene|transcript	191
chr17	39178079	39178270	ENSG00000067191.17	exon|gene|transcript	191
chr17	82278151	82278342	ENSG00000287737.3	exon|gene|transcript	191
chr17	68126285	68126476	ENSG00000267023.6|ENSG00000291214.1	exon|gene|transcript	191
chr17	27579098	27579289	ENSG00000141068.17	exon|gene|transcript	191
chr17	73306697	73306888	ENSG00000179604.10	exon|gene|transcript	191
chr17	75592840	75593031	ENSG00000266714.11	exon|gene|transcript	191
chr17	68440898	68441089	ENSG00000070540.13|ENSG00000267009.6	exon|gene|transcript	191
chr17	11977247	11977438	ENSG00000266368.1	exon|gene|transcript	191
chr17	31331550	31331741	ENSG00000196712.20	exon|gene|transcript	191
chr17	16934648	16934839	ENSG00000240505.9|ENSG00000290698.1	exon|gene|transcript	191
chr17	17013349	17013540	ENSG00000260328.1	exon|gene|transcript	191
chr17	28247443	28247634	ENSG00000265060.3|ENSG00000266830.1|ENSG00000290672.1	exon|gene|transcript	191
chr17	46268503	46268694	ENSG00000261575.5	exon|gene|transcript	191
chr17	1675339	1675530	ENSG00000174231.18	exon|gene|transcript	191
chr17	40131345	40131536	ENSG00000188895.12	exon|gene|transcript	191
chr17	82056095	82056285	ENSG00000169727.14	exon|gene|transcript	190
chr17	20418182	20418372	ENSG00000287490.1|ENSG00000291194.1	exon|gene|transcript	190
chr17	73800603	73800793	ENSG00000177338.14|ENSG00000234721.3	exon|gene|transcript	190
chr17	22061960	22062150	ENSG00000265019.1	exon|gene|transcript	190
chr17	42568559	42568749	ENSG00000108788.12	exon|gene|transcript	190
chr17	63837237	63837427	ENSG00000108604.18	exon|gene|transcript	190
chr17	17508118	17508308	ENSG00000133027.18|ENSG00000265511.1|ENSG00000286430.1	exon|gene|transcript	190
chr17	7702552	7702742	ENSG00000141499.18	exon|gene|transcript	190
chr17	61378950	61379140	ENSG00000141376.24|ENSG00000267131.1	exon|gene|transcript	190
chr17	72090914	72091104	ENSG00000226101.2|ENSG00000234899.11|ENSG00000288605.1	exon|gene|transcript	190
chr17	28695009	28695199	ENSG00000109111.15	exon|gene|transcript	190
chr17	19274050	19274240	ENSG00000072134.16	exon|gene|transcript	190
chr17	81229737	81229927	ENSG00000167302.11|ENSG00000260005.6	exon|gene|transcript	190
chr17	18979358	18979548	ENSG00000154025.16|ENSG00000188522.16	exon|gene|transcript	190
chr17	73187838	73188027	ENSG00000264860.1	exon|gene|transcript	189
chr17	76595583	76595772	ENSG00000163597.17|ENSG00000267084.1	exon|gene|transcript	189
chr17	30579352	30579541	ENSG00000214719.13	exon|gene|transcript	189
chr17	42708954	42709143	ENSG00000108799.13	exon|gene|transcript	189
chr17	32362724	32362913	ENSG00000010244.19	exon|gene|transcript	189
chr17	1712399	1712588	ENSG00000186594.16	exon|gene|transcript	189
chr17	32338018	32338207	ENSG00000108666.11|ENSG00000265794.5	exon|gene|transcript	189
chr17	40635741	40635930	ENSG00000073584.20|ENSG00000264058.2	exon|gene|transcript	189
chr17	63910924	63911113	ENSG00000204414.14	exon|gene|transcript	189
chr17	34004218	34004407	ENSG00000108684.15|ENSG00000265356.2|ENSG00000279668.4|ENSG00000279674.1	exon|gene|transcript	189
chr17	68095568	68095757	ENSG00000266117.1	exon|gene|transcript	189
chr17	60460473	60460662	ENSG00000062725.10	exon|gene|transcript	189
chr17	75239185	75239374	ENSG00000125447.18	exon|gene|transcript	189
chr17	18236939	18237128	ENSG00000131899.13	exon|gene|transcript	189
chr17	7907702	7907890	ENSG00000170004.19	exon|gene|transcript	188
chr17	62552686	62552874	ENSG00000146872.19	exon|gene|transcript	188
chr17	18798943	18799131	ENSG00000171928.14	exon|gene|transcript	188
chr17	7309868	7310056	ENSG00000132507.18	exon|gene|transcript	188
chr17	20493633	20493821	ENSG00000230088.1	exon|gene|transcript	188
chr17	41820080	41820268	ENSG00000141756.20	exon|gene|transcript	188
chr17	46476771	46476959	ENSG00000260075.1	exon|gene|transcript	188
chr17	34169371	34169559	ENSG00000108684.15|ENSG00000261156.6	exon|gene|transcript	188
chr17	46043482	46043670	ENSG00000120071.15	exon|gene|transcript	188
chr17	74676277	74676465	ENSG00000172794.20|ENSG00000264659.2	exon|gene|transcript	188
chr17	47819782	47819970	ENSG00000006025.13	exon|gene|transcript	188
chr17	50106605	50106793	ENSG00000005882.12	exon|gene|transcript	188
chr17	8015502	8015690	ENSG00000132518.7|ENSG00000279174.1	exon|gene|transcript	188
chr17	48380182	48380370	ENSG00000141293.16|ENSG00000266222.1	exon|gene|transcript	188
chr17	77592320	77592508	ENSG00000285535.2	exon|gene|transcript	188
chr17	46640718	46640906	ENSG00000073969.19	exon|gene|transcript	188
chr17	82713907	82714095	ENSG00000263063.1	exon|gene|transcript	188
chr17	13865078	13865266	ENSG00000236088.12	exon|gene|transcript	188
chr17	18986147	18986334	ENSG00000154025.16|ENSG00000188522.16|ENSG00000263045.1	exon|gene|transcript	187
chr17	39529881	39530068	ENSG00000167258.16	exon|gene|transcript	187
chr17	18382638	18382825	ENSG00000214860.5|ENSG00000264177.1	exon|gene|transcript	187
chr17	41423844	41424031	ENSG00000108417.4|ENSG00000234859.5	exon|gene|transcript	187
chr17	28330255	28330442	ENSG00000109083.14	exon|gene|transcript	187
chr17	76018258	76018445	ENSG00000167880.8	exon|gene|transcript	187
chr17	28221889	28222076	ENSG00000287721.1	exon|gene|transcript	187
chr17	43519942	43520129	ENSG00000067596.12	exon|gene|transcript	187
chr17	45103121	45103308	ENSG00000136448.13	exon|gene|transcript	187
chr17	80805445	80805632	ENSG00000141564.16|ENSG00000262833.1	exon|gene|transcript	187
chr17	21458350	21458537	ENSG00000212719.15|ENSG00000264023.1|ENSG00000265043.1	exon|gene|transcript	187
chr17	9553322	9553509	ENSG00000170310.15|ENSG00000271851.1	exon|gene|transcript	187
chr17	45843463	45843650	ENSG00000264589.5	exon|gene|transcript	187
chr17	81396279	81396466	ENSG00000266074.11|ENSG00000279692.1	exon|gene|transcript	187
chr17	81527056	81527243	ENSG00000229848.1	exon|gene|transcript	187
chr17	21533603	21533790	ENSG00000212719.15|ENSG00000266466.1	exon|gene|transcript	187
chr17	78266026	78266213	ENSG00000204277.1	exon|gene|transcript	187
chr17	78502698	78502885	ENSG00000187775.17|ENSG00000267432.6	exon|gene|transcript	187
chr17	17097151	17097337	ENSG00000133030.22	exon|gene|transcript	186
chr17	47161283	47161469	ENSG00000004897.12|ENSG00000262265.2	exon|gene|transcript	186
chr17	82054975	82055161	ENSG00000169727.14	exon|gene|transcript	186
chr17	28612366	28612552	ENSG00000167524.17|ENSG00000227543.5|ENSG00000258472.10	exon|gene|transcript	186
chr17	59088039	59088225	ENSG00000108395.14	exon|gene|transcript	186
chr17	78490105	78490291	ENSG00000187775.17|ENSG00000267432.6	exon|gene|transcript	186
chr17	16049211	16049397	ENSG00000141027.23	exon|gene|transcript	186
chr17	68115337	68115523	ENSG00000291214.1	exon|gene|transcript	186
chr17	68045585	68045771	ENSG00000182481.10	exon|gene|transcript	186
chr17	63833722	63833908	ENSG00000108604.18	exon|gene|transcript	186
chr17	81482044	81482230	ENSG00000289140.1	exon|gene|transcript	186
chr17	82236946	82237132	ENSG00000141526.18	exon|gene|transcript	186
chr17	40188679	40188865	ENSG00000108352.13	exon|gene|transcript	186
chr17	76968113	76968299	ENSG00000267568.6|ENSG00000280122.1	exon|gene|transcript	186
chr17	16448927	16449113	ENSG00000175061.20|ENSG00000181350.12	exon|gene|transcript	186
chr17	2638320	2638506	ENSG00000007168.14	exon|gene|transcript	186
chr17	21439911	21440097	ENSG00000212719.15	exon|gene|transcript	186
chr17	68884411	68884597	ENSG00000141338.15	exon|gene|transcript	186
chr17	69243911	69244097	ENSG00000154263.18|ENSG00000285931.1	exon|gene|transcript	186
chr17	68944530	68944716	ENSG00000141338.15|ENSG00000231749.3	exon|gene|transcript	186
chr17	80970006	80970192	ENSG00000261924.1	exon|gene|transcript	186
chr17	81234048	81234234	ENSG00000167302.11	exon|gene|transcript	186
chr17	38890233	38890419	ENSG00000002834.19	exon|gene|transcript	186
chr17	56983719	56983905	ENSG00000121064.13|ENSG00000263120.1	exon|gene|transcript	186
chr17	63588004	63588189	ENSG00000136485.16|ENSG00000288894.1	exon|gene|transcript	185
chr17	36533423	36533608	ENSG00000278259.5	exon|gene|transcript	185
chr17	15837815	15838000	ENSG00000227790.8|ENSG00000237057.3|ENSG00000290377.1	exon|gene|transcript	185
chr17	20438281	20438466	ENSG00000287490.1|ENSG00000291195.1	exon|gene|transcript	185
chr17	44200860	44201045	ENSG00000267394.2	exon|gene|transcript	185
chr17	45830214	45830399	ENSG00000120088.16|ENSG00000263715.7|ENSG00000264589.5	exon|gene|transcript	185
chr17	77445738	77445923	ENSG00000184640.20|ENSG00000279801.1	exon|gene|transcript	185
chr17	72088240	72088425	ENSG00000226101.2|ENSG00000234899.11|ENSG00000288605.1	exon|gene|transcript	185
chr17	81232021	81232206	ENSG00000167302.11|ENSG00000260005.6	exon|gene|transcript	185
chr17	67612728	67612913	ENSG00000154217.16|ENSG00000279917.1	exon|gene|transcript	185
chr17	42507334	42507519	ENSG00000033627.18	exon|gene|transcript	185
chr17	75784336	75784520	ENSG00000132475.10	exon|gene|transcript	184
chr17	58083010	58083194	ENSG00000266290.1	exon|gene|transcript	184
chr17	32207266	32207450	ENSG00000126858.19	exon|gene|transcript	184
chr17	34041233	34041417	ENSG00000108684.15|ENSG00000265356.2|ENSG00000279668.4	exon|gene|transcript	184
chr17	20517295	20517479	ENSG00000231645.4	exon|gene|transcript	184
chr17	49601680	49601864	ENSG00000121067.19	exon|gene|transcript	184
chr17	32880567	32880751	ENSG00000236377.2	exon|gene|transcript	184
chr17	3881648	3881832	ENSG00000004660.15	exon|gene|transcript	184
chr17	7862949	7863133	ENSG00000183011.14|ENSG00000280046.1	exon|gene|transcript	184
chr17	63824411	63824595	ENSG00000108592.17	exon|gene|transcript	184
chr17	49701510	49701694	ENSG00000121073.15	exon|gene|transcript	184
chr17	21449122	21449306	ENSG00000212719.15|ENSG00000287671.1	exon|gene|transcript	184
chr17	50503549	50503733	ENSG00000249451.1	exon|gene|transcript	184
chr17	80087826	80088010	ENSG00000141519.15	exon|gene|transcript	184
chr17	20362183	20362367	ENSG00000154898.17	exon|gene|transcript	184
chr17	44733658	44733842	ENSG00000161692.18	exon|gene|transcript	184
chr17	80542202	80542386	ENSG00000213128.3	exon|gene|transcript	184
chr17	42062622	42062806	ENSG00000187595.18	exon|gene|transcript	184
chr17	59599483	59599667	ENSG00000108406.10	exon|gene|transcript	184
chr17	2040671	2040855	ENSG00000108963.19	exon|gene|transcript	184
chr17	62627090	62627274	ENSG00000274565.1	exon|gene|transcript	184
chr17	20503890	20504074	ENSG00000214822.9|ENSG00000291196.1	exon|gene|transcript	184
chr17	17517973	17518157	ENSG00000133027.18	exon|gene|transcript	184
chr17	43940958	43941142	ENSG00000108849.8	exon|gene|transcript	184
chr17	15792861	15793045	ENSG00000233090.1	exon|gene|transcript	184
chr17	21641173	21641356	ENSG00000260157.4|ENSG00000291022.1	exon|gene|transcript	183
chr17	27653549	27653732	ENSG00000265788.3	exon|gene|transcript	183
chr17	80961480	80961663	ENSG00000141564.16|ENSG00000262662.1	exon|gene|transcript	183
chr17	80360206	80360389	ENSG00000173821.20|ENSG00000263069.6	exon|gene|transcript	183
chr17	7018077	7018260	ENSG00000267047.1|ENSG00000267532.5	exon|gene|transcript	183
chr17	65913717	65913900	ENSG00000154240.18	exon|gene|transcript	183
chr17	44384354	44384537	ENSG00000005961.19	exon|gene|transcript	183
chr17	40633445	40633628	ENSG00000073584.20|ENSG00000264058.2	exon|gene|transcript	183
chr17	60125291	60125474	ENSG00000267248.5|ENSG00000277532.1	exon|gene|transcript	183
chr17	60021071	60021254	ENSG00000275860.1	exon|gene|transcript	183
chr17	75831497	75831680	ENSG00000092929.13	exon|gene|transcript	183
chr17	13777475	13777658	ENSG00000236088.12	exon|gene|transcript	183
chr17	62560126	62560309	ENSG00000146872.19	exon|gene|transcript	183
chr17	7894608	7894791	ENSG00000170004.19	exon|gene|transcript	183
chr17	75372775	75372958	ENSG00000177885.15|ENSG00000264853.1|ENSG00000265987.1	exon|gene|transcript	183
chr17	17778178	17778361	ENSG00000108557.20|ENSG00000226746.2|ENSG00000264167.1	exon|gene|transcript	183
chr17	42155789	42155972	ENSG00000267658.1	exon|gene|transcript	183
chr17	76017911	76018094	ENSG00000167880.8	exon|gene|transcript	183
chr17	18583340	18583523	ENSG00000154874.18|ENSG00000291090.1	exon|gene|transcript	183
chr17	59995631	59995814	ENSG00000266992.1|ENSG00000267104.2|ENSG00000267302.5	exon|gene|transcript	183
chr17	58303853	58304036	ENSG00000005379.17	exon|gene|transcript	183
chr17	35915504	35915687	ENSG00000271013.1	exon|gene|transcript	183
chr17	3619255	3619438	ENSG00000197417.9|ENSG00000262248.1|ENSG00000262304.2	exon|gene|transcript	183
chr17	82736071	82736253	ENSG00000167363.14	exon|gene|transcript	182
chr17	20523565	20523747	ENSG00000205215.9|ENSG00000291198.1	exon|gene|transcript	182
chr17	82274891	82275073	ENSG00000287737.3	exon|gene|transcript	182
chr17	28691063	28691245	ENSG00000109111.15	exon|gene|transcript	182
chr17	21573769	21573951	ENSG00000212719.15|ENSG00000264245.1	exon|gene|transcript	182
chr17	55770532	55770714	ENSG00000141179.14	exon|gene|transcript	182
chr17	63395928	63396110	ENSG00000170921.16|ENSG00000226797.2|ENSG00000263644.1	exon|gene|transcript	182
chr17	27660546	27660728	ENSG00000265788.3	exon|gene|transcript	182
chr17	4075951	4076133	ENSG00000074755.15	exon|gene|transcript	182
chr17	69112273	69112455	ENSG00000154262.13	exon|gene|transcript	182
chr17	7221278	7221460	ENSG00000072778.20	exon|gene|transcript	182
chr17	45234200	45234382	ENSG00000184922.15	exon|gene|transcript	182
chr17	12632707	12632889	ENSG00000179136.8|ENSG00000287462.1	exon|gene|transcript	182
chr17	73794465	73794647	ENSG00000177338.14|ENSG00000234721.3	exon|gene|transcript	182
chr17	76966419	76966601	ENSG00000267568.6|ENSG00000280122.1	exon|gene|transcript	182
chr17	76769563	76769745	ENSG00000092931.12	exon|gene|transcript	182
chr17	76313016	76313198	ENSG00000161542.17	exon|gene|transcript	182
chr17	49370739	49370921	ENSG00000262039.1	exon|gene|transcript	182
chr17	45137454	45137636	ENSG00000181513.15	exon|gene|transcript	182
chr17	20348557	20348739	ENSG00000154898.17	exon|gene|transcript	182
chr17	37541049	37541231	ENSG00000275066.5	exon|gene|transcript	182
chr17	8067157	8067339	ENSG00000275011.1	exon|gene|transcript	182
chr17	43195039	43195221	ENSG00000188554.15	exon|gene|transcript	182
chr17	18125231	18125413	ENSG00000091536.20	exon|gene|transcript	182
chr17	409823	410004	ENSG00000241525.4	exon|gene|transcript	181
chr17	81645929	81646110	ENSG00000182446.15|ENSG00000182612.11	exon|gene|transcript	181
chr17	69707192	69707373	ENSG00000227517.7|ENSG00000267184.1	exon|gene|transcript	181
chr17	18381039	18381220	ENSG00000214860.5|ENSG00000264177.1	exon|gene|transcript	181
chr17	4974500	4974681	ENSG00000108509.21|ENSG00000234203.1	exon|gene|transcript	181
chr17	68880938	68881119	ENSG00000141338.15	exon|gene|transcript	181
chr17	79826179	79826360	ENSG00000262772.2	exon|gene|transcript	181
chr17	64784842	64785023	ENSG00000291117.1	exon|gene|transcript	181
chr17	20614487	20614668	ENSG00000227685.1	exon|gene|transcript	181
chr17	36104346	36104527	ENSG00000275302.2	exon|gene|transcript	181
chr17	42756198	42756379	ENSG00000197291.9	exon|gene|transcript	181
chr17	77563367	77563548	ENSG00000267466.1	exon|gene|transcript	181
chr17	77879143	77879324	ENSG00000204283.4	exon|gene|transcript	181
chr17	72220948	72221129	ENSG00000234899.11	exon|gene|transcript	181
chr17	75785174	75785355	ENSG00000132475.10|ENSG00000132478.10	exon|gene|transcript	181
chr17	4814185	4814366	ENSG00000129219.14	exon|gene|transcript	181
chr17	82251527	82251708	ENSG00000141526.18|ENSG00000141551.15|ENSG00000280407.3	exon|gene|transcript	181
chr17	32280490	32280671	ENSG00000141314.13|ENSG00000263674.1	exon|gene|transcript	181
chr17	13095727	13095907	ENSG00000273098.3	exon|gene|transcript	180
chr17	17777866	17778046	ENSG00000108557.20|ENSG00000226746.2|ENSG00000264167.1	exon|gene|transcript	180
chr17	41611977	41612157	ENSG00000186832.9	exon|gene|transcript	180
chr17	8916667	8916847	ENSG00000141506.15	exon|gene|transcript	180
chr17	42612246	42612426	ENSG00000131462.9	exon|gene|transcript	180
chr17	19755243	19755423	ENSG00000230607.3	exon|gene|transcript	180
chr17	30576734	30576914	ENSG00000214719.13|ENSG00000231421.8	exon|gene|transcript	180
chr17	78500795	78500975	ENSG00000187775.17|ENSG00000267432.6	exon|gene|transcript	180
chr17	68515635	68515815	ENSG00000108946.17|ENSG00000267009.6	exon|gene|transcript	180
chr17	67525099	67525279	ENSG00000154217.16|ENSG00000264754.1	exon|gene|transcript	180
chr17	45650327	45650507	ENSG00000263715.7|ENSG00000293460.1	exon|gene|transcript	180
chr17	67611276	67611456	ENSG00000154217.16|ENSG00000279917.1	exon|gene|transcript	180
chr17	48687530	48687710	ENSG00000244649.5	exon|gene|transcript	180
chr17	43189913	43190093	ENSG00000188554.15	exon|gene|transcript	180
chr17	16843486	16843666	ENSG00000131885.18|ENSG00000291277.1	exon|gene|transcript	180
chr17	20436392	20436572	ENSG00000287490.1|ENSG00000291195.1	exon|gene|transcript	180
chr17	80291827	80292007	ENSG00000173821.20	exon|gene|transcript	180
chr17	15740941	15741121	ENSG00000214946.15|ENSG00000233002.2|ENSG00000255104.9	exon|gene|transcript	180
chr17	64004926	64005106	ENSG00000108622.11	exon|gene|transcript	180
chr17	31337582	31337762	ENSG00000196712.20	exon|gene|transcript	180
chr17	81482429	81482609	ENSG00000289140.1	exon|gene|transcript	180
chr17	63829563	63829743	ENSG00000087191.14|ENSG00000108592.17	exon|gene|transcript	180
chr17	19209576	19209755	ENSG00000236022.6|ENSG00000263206.1	exon|gene|transcript	179
chr17	5422890	5423069	ENSG00000129197.15	exon|gene|transcript	179
chr17	40391640	40391819	ENSG00000131747.15	exon|gene|transcript	179
chr17	59958444	59958623	ENSG00000189050.16|ENSG00000267318.1	exon|gene|transcript	179
chr17	72604932	72605111	ENSG00000227036.10	exon|gene|transcript	179
chr17	28610759	28610938	ENSG00000167524.17|ENSG00000227543.5|ENSG00000258472.10	exon|gene|transcript	179
chr17	18485754	18485933	ENSG00000171916.17	exon|gene|transcript	179
chr17	18440132	18440311	ENSG00000214856.12|ENSG00000290657.1	exon|gene|transcript	179
chr17	16470628	16470807	ENSG00000175061.20|ENSG00000181350.12	exon|gene|transcript	179
chr17	57254861	57255040	ENSG00000286732.1	exon|gene|transcript	179
chr17	64500369	64500548	ENSG00000108654.16	exon|gene|transcript	179
chr17	21524818	21524997	ENSG00000212719.15	exon|gene|transcript	179
chr17	51336061	51336240	ENSG00000249658.1	exon|gene|transcript	179
chr17	76563303	76563482	ENSG00000163597.17	exon|gene|transcript	179
chr17	20931592	20931771	ENSG00000233098.10	exon|gene|transcript	179
chr17	20902680	20902859	ENSG00000233098.10	exon|gene|transcript	179
chr17	18426926	18427104	ENSG00000186831.12|ENSG00000290656.1	exon|gene|transcript	178
chr17	72081452	72081630	ENSG00000226101.2|ENSG00000234899.11|ENSG00000288605.1	exon|gene|transcript	178
chr17	28022087	28022265	ENSG00000266190.1	exon|gene|transcript	178
chr17	27024474	27024652	ENSG00000266736.1	exon|gene|transcript	178
chr17	77597254	77597432	ENSG00000285535.2	exon|gene|transcript	178
chr17	5113979	5114157	ENSG00000167840.14|ENSG00000234327.10	exon|gene|transcript	178
chr17	76041450	76041628	ENSG00000167881.15	exon|gene|transcript	178
chr17	74591983	74592161	ENSG00000182352.8|ENSG00000204345.1	exon|gene|transcript	178
chr17	32479899	32480077	ENSG00000108671.11	exon|gene|transcript	178
chr17	76147421	76147599	ENSG00000141576.16|ENSG00000267128.2	exon|gene|transcript	178
chr17	2017929	2018107	ENSG00000185924.7|ENSG00000228133.3	exon|gene|transcript	178
chr17	16845637	16845815	ENSG00000131885.18|ENSG00000291277.1	exon|gene|transcript	178
chr17	16344317	16344495	ENSG00000108474.17|ENSG00000166582.11	exon|gene|transcript	178
chr17	20595530	20595708	ENSG00000232889.2	exon|gene|transcript	178
chr17	33580095	33580273	ENSG00000108684.15|ENSG00000265125.5	exon|gene|transcript	178
chr17	21678240	21678418	ENSG00000274748.1	exon|gene|transcript	178
chr17	81959054	81959232	ENSG00000185269.12	exon|gene|transcript	178
chr17	35241498	35241676	ENSG00000266947.3	exon|gene|transcript	178
chr17	35367087	35367265	ENSG00000172716.17	exon|gene|transcript	178
chr17	31357090	31357268	ENSG00000196712.20	exon|gene|transcript	178
chr17	80214854	80215032	ENSG00000141527.19|ENSG00000181523.13	exon|gene|transcript	178
chr17	64534015	64534193	ENSG00000258890.8	exon|gene|transcript	178
chr17	45895897	45896075	ENSG00000186868.18|ENSG00000279685.2	exon|gene|transcript	178
chr17	59962362	59962539	ENSG00000189050.16|ENSG00000267104.2|ENSG00000267318.1	exon|gene|transcript	177
chr17	74847130	74847307	ENSG00000161509.14	exon|gene|transcript	177
chr17	62578574	62578751	ENSG00000146872.19	exon|gene|transcript	177
chr17	46558976	46559153	ENSG00000185829.19|ENSG00000232300.1	exon|gene|transcript	177
chr17	32227889	32228066	ENSG00000126858.19|ENSG00000266282.1	exon|gene|transcript	177
chr17	62680453	62680630	ENSG00000011028.14|ENSG00000279713.1	exon|gene|transcript	177
chr17	42203240	42203417	ENSG00000173757.11	exon|gene|transcript	177
chr17	6896586	6896763	ENSG00000215067.12|ENSG00000262943.10|ENSG00000291084.1	exon|gene|transcript	177
chr17	42563338	42563515	ENSG00000068120.15	exon|gene|transcript	177
chr17	48892246	48892423	ENSG00000293025.1	exon|gene|transcript	177
chr17	48704245	48704422	ENSG00000244649.5	exon|gene|transcript	177
chr17	40960501	40960678	ENSG00000196859.8|ENSG00000234477.1	exon|gene|transcript	177
chr17	40273612	40273789	ENSG00000171475.14	exon|gene|transcript	177
chr17	50763557	50763734	ENSG00000167117.10	exon|gene|transcript	177
chr17	31612628	31612805	ENSG00000266877.1	exon|gene|transcript	177
chr17	8445868	8446045	ENSG00000166579.16	exon|gene|transcript	177
chr17	50556704	50556881	ENSG00000250107.1	exon|gene|transcript	177
chr17	8071778	8071955	ENSG00000275011.1	exon|gene|transcript	177
chr17	29086624	29086801	ENSG00000196535.20	exon|gene|transcript	177
chr17	77560008	77560185	ENSG00000267506.7	exon|gene|transcript	177
chr17	2372775	2372952	ENSG00000141258.13	exon|gene|transcript	177
chr17	57601032	57601209	ENSG00000153944.12|ENSG00000263499.1	exon|gene|transcript	177
chr17	51014453	51014630	ENSG00000008294.22	exon|gene|transcript	177
chr17	47945989	47946166	ENSG00000108439.11|ENSG00000263798.2	exon|gene|transcript	177
chr17	44645410	44645587	ENSG00000267384.3	exon|gene|transcript	177
chr17	1496488	1496665	ENSG00000132376.20	exon|gene|transcript	177
chr17	66176653	66176829	ENSG00000154240.18	exon|gene|transcript	176
chr17	29608674	29608850	ENSG00000198720.13|ENSG00000264031.1	exon|gene|transcript	176
chr17	16976539	16976715	ENSG00000230709.1	exon|gene|transcript	176
chr17	74872510	74872686	ENSG00000161513.12	exon|gene|transcript	176
chr17	62754797	62754973	ENSG00000173838.12|ENSG00000265702.2	exon|gene|transcript	176
chr17	42567900	42568076	ENSG00000108788.12	exon|gene|transcript	176
chr17	42130160	42130336	ENSG00000108774.15|ENSG00000267261.5	exon|gene|transcript	176
chr17	58507984	58508160	ENSG00000108389.10	exon|gene|transcript	176
chr17	81515416	81515592	ENSG00000184009.13|ENSG00000229848.1|ENSG00000289182.1	exon|gene|transcript	176
chr17	50460872	50461048	ENSG00000167107.13	exon|gene|transcript	176
chr17	15031215	15031391	ENSG00000232058.1|ENSG00000259944.1	exon|gene|transcript	176
chr17	523253	523429	ENSG00000141252.21|ENSG00000263300.1	exon|gene|transcript	176
chr17	72080806	72080982	ENSG00000226101.2|ENSG00000234899.11|ENSG00000288605.1	exon|gene|transcript	176
chr17	77098661	77098837	ENSG00000129657.16|ENSG00000234912.12	exon|gene|transcript	176
chr17	77099196	77099372	ENSG00000129657.16|ENSG00000234912.12	exon|gene|transcript	176
chr17	16787758	16787934	ENSG00000266129.1|ENSG00000266302.6|ENSG00000290976.1	exon|gene|transcript	176
chr17	68513360	68513536	ENSG00000108946.17|ENSG00000267009.6	exon|gene|transcript	176
chr17	42956027	42956203	ENSG00000108825.18|ENSG00000266967.7	exon|gene|transcript	176
chr17	78899224	78899399	ENSG00000035862.13|ENSG00000178404.11|ENSG00000279339.1	exon|gene|transcript	175
chr17	39744207	39744382	ENSG00000141738.14	exon|gene|transcript	175
chr17	29675989	29676164	ENSG00000141298.19|ENSG00000264031.1	exon|gene|transcript	175
chr17	47489990	47490165	ENSG00000228782.10|ENSG00000291120.1	exon|gene|transcript	175
chr17	47591728	47591903	ENSG00000141279.18	exon|gene|transcript	175
chr17	80515214	80515389	ENSG00000262000.1	exon|gene|transcript	175
chr17	48706881	48707056	ENSG00000244649.5	exon|gene|transcript	175
chr17	42410191	42410366	ENSG00000177469.13|ENSG00000289579.1	exon|gene|transcript	175
chr17	28706504	28706679	ENSG00000167525.16	exon|gene|transcript	175
chr17	75457510	75457685	ENSG00000177728.17	exon|gene|transcript	175
chr17	42702961	42703136	ENSG00000108799.13	exon|gene|transcript	175
chr17	47005609	47005784	ENSG00000262633.2|ENSG00000262879.7|ENSG00000291209.1	exon|gene|transcript	175
chr17	34003336	34003511	ENSG00000108684.15|ENSG00000265356.2|ENSG00000279668.4|ENSG00000279674.1	exon|gene|transcript	175
chr17	62285913	62286088	ENSG00000263887.7	exon|gene|transcript	175
chr17	17383767	17383942	ENSG00000215030.5	exon|gene|transcript	175
chr17	10621574	10621749	ENSG00000214970.8|ENSG00000272975.1	exon|gene|transcript	175
chr17	78093124	78093299	ENSG00000078687.18	exon|gene|transcript	175
chr17	19557722	19557897	ENSG00000142494.13|ENSG00000266079.5	exon|gene|transcript	175
chr17	75818816	75818991	ENSG00000132478.10|ENSG00000266980.1	exon|gene|transcript	175
chr17	49367422	49367596	ENSG00000248714.7	exon|gene|transcript	174
chr17	62286629	62286803	ENSG00000263887.7	exon|gene|transcript	174
chr17	59959383	59959557	ENSG00000189050.16|ENSG00000267318.1	exon|gene|transcript	174
chr17	47626123	47626297	ENSG00000263766.6	exon|gene|transcript	174
chr17	64750419	64750593	ENSG00000215769.8|ENSG00000265298.1|ENSG00000266820.1	exon|gene|transcript	174
chr17	30542242	30542416	ENSG00000264958.2	exon|gene|transcript	174
chr17	80473687	80473861	ENSG00000171246.7	exon|gene|transcript	174
chr17	35990096	35990270	ENSG00000275431.1|ENSG00000275688.4	exon|gene|transcript	174
chr17	78263765	78263939	ENSG00000204277.1	exon|gene|transcript	174
chr17	18513284	18513458	ENSG00000233327.12|ENSG00000273018.7|ENSG00000290659.1	exon|gene|transcript	174
chr17	5505673	5505847	ENSG00000091592.17	exon|gene|transcript	174
chr17	14421233	14421407	ENSG00000230647.3	exon|gene|transcript	174
chr17	47455367	47455541	ENSG00000291120.1	exon|gene|transcript	174
chr17	34479333	34479507	ENSG00000225582.2	exon|gene|transcript	174
chr17	82231427	82231600	ENSG00000141526.18	exon|gene|transcript	173
chr17	34174723	34174896	ENSG00000108684.15|ENSG00000261156.6	exon|gene|transcript	173
chr17	82007261	82007434	ENSG00000169696.16	exon|gene|transcript	173
chr17	7862282	7862455	ENSG00000183011.14|ENSG00000280046.1	exon|gene|transcript	173
chr17	69105288	69105461	ENSG00000154262.13	exon|gene|transcript	173
chr17	44313503	44313676	ENSG00000108309.14|ENSG00000267750.6	exon|gene|transcript	173
chr17	54930206	54930379	ENSG00000141198.16	exon|gene|transcript	173
chr17	8327186	8327359	ENSG00000289984.1	exon|gene|transcript	173
chr17	15700366	15700539	ENSG00000187607.16|ENSG00000255104.9	exon|gene|transcript	173
chr17	45962470	45962643	ENSG00000186868.18	exon|gene|transcript	173
chr17	42868577	42868749	ENSG00000260105.7|ENSG00000291070.1	exon|gene|transcript	172
chr17	39609488	39609660	ENSG00000171532.5	exon|gene|transcript	172
chr17	42773976	42774148	ENSG00000131475.7	exon|gene|transcript	172
chr17	63391190	63391362	ENSG00000170921.16|ENSG00000226797.2|ENSG00000263644.1	exon|gene|transcript	172
chr17	62579938	62580110	ENSG00000146872.19	exon|gene|transcript	172
chr17	1683294	1683466	ENSG00000174231.18	exon|gene|transcript	172
chr17	63823644	63823816	ENSG00000108592.17	exon|gene|transcript	172
chr17	75040163	75040335	ENSG00000167863.12|ENSG00000180901.11	exon|gene|transcript	172
chr17	28716061	28716233	ENSG00000109113.20	exon|gene|transcript	172
chr17	72431980	72432152	ENSG00000227036.10	exon|gene|transcript	172
chr17	28227305	28227477	ENSG00000237575.5|ENSG00000290671.1	exon|gene|transcript	172
chr17	83105391	83105563	ENSG00000261888.1	exon|gene|transcript	172
chr17	20523747	20523919	ENSG00000291198.1	exon|gene|transcript	172
chr17	79598421	79598593	ENSG00000167281.20|ENSG00000263278.2	exon|gene|transcript	172
chr17	50378895	50379067	ENSG00000108829.10|ENSG00000154920.15	exon|gene|transcript	172
chr17	82649102	82649274	ENSG00000279613.1	exon|gene|transcript	172
chr17	37144291	37144463	ENSG00000278540.5|ENSG00000293218.1	exon|gene|transcript	172
chr17	45732805	45732977	ENSG00000263715.7|ENSG00000265547.1	exon|gene|transcript	172
chr17	34576245	34576417	ENSG00000197322.4	exon|gene|transcript	172
chr17	69018151	69018323	ENSG00000154258.17|ENSG00000231749.3	exon|gene|transcript	172
chr17	69992952	69993124	ENSG00000237560.9	exon|gene|transcript	172
chr17	77210142	77210314	ENSG00000129657.16	exon|gene|transcript	172
chr17	82247758	82247929	ENSG00000141526.18|ENSG00000141551.15	exon|gene|transcript	171
chr17	40260667	40260838	ENSG00000171475.14	exon|gene|transcript	171
chr17	73789729	73789900	ENSG00000177338.14|ENSG00000234721.3	exon|gene|transcript	171
chr17	28579837	28580008	ENSG00000076382.17|ENSG00000167524.17	exon|gene|transcript	171
chr17	40167948	40168119	ENSG00000108349.17	exon|gene|transcript	171
chr17	78645725	78645896	ENSG00000289922.1	exon|gene|transcript	171
chr17	68541813	68541984	ENSG00000108946.17|ENSG00000108950.12	exon|gene|transcript	171
chr17	18390152	18390323	ENSG00000275206.1	exon|gene|transcript	171
chr17	76551579	76551750	ENSG00000214140.11|ENSG00000267546.2|ENSG00000272386.1	exon|gene|transcript	171
chr17	76559043	76559214	ENSG00000163597.17	exon|gene|transcript	171
chr17	76625647	76625818	ENSG00000070526.15|ENSG00000163597.17	exon|gene|transcript	171
chr17	58212810	58212981	ENSG00000011143.19	exon|gene|transcript	171
chr17	48634727	48634898	ENSG00000242207.1	exon|gene|transcript	171
chr17	7016164	7016335	ENSG00000161939.19|ENSG00000258315.5|ENSG00000267047.1|ENSG00000267532.5	exon|gene|transcript	171
chr17	39658522	39658693	ENSG00000131748.16	exon|gene|transcript	171
chr17	35987454	35987625	ENSG00000275431.1|ENSG00000275688.4	exon|gene|transcript	171
chr17	36508725	36508896	ENSG00000278259.5	exon|gene|transcript	171
chr17	37031442	37031613	ENSG00000275700.6	exon|gene|transcript	171
chr17	46018446	46018617	ENSG00000186868.18	exon|gene|transcript	171
chr17	20430837	20431008	ENSG00000189423.14|ENSG00000287490.1|ENSG00000291194.1	exon|gene|transcript	171
chr17	156048	156219	ENSG00000272636.5	exon|gene|transcript	171
chr17	41412418	41412588	ENSG00000234859.5	exon|gene|transcript	170
chr17	9644849	9645019	ENSG00000154914.17|ENSG00000265349.1	exon|gene|transcript	170
chr17	64370245	64370415	ENSG00000261371.6	exon|gene|transcript	170
chr17	45397024	45397194	ENSG00000159314.13|ENSG00000267344.1	exon|gene|transcript	170
chr17	2372019	2372189	ENSG00000141258.13	exon|gene|transcript	170
chr17	50847949	50848119	ENSG00000243521.2	exon|gene|transcript	170
chr17	14304090	14304260	ENSG00000125430.9|ENSG00000266709.1	exon|gene|transcript	170
chr17	39725882	39726052	ENSG00000141736.14	exon|gene|transcript	170
chr17	2671021	2671191	ENSG00000007168.14	exon|gene|transcript	170
chr17	58215106	58215276	ENSG00000011143.19	exon|gene|transcript	170
chr17	32051029	32051199	ENSG00000185158.13|ENSG00000278867.1	exon|gene|transcript	170
chr17	59912196	59912366	ENSG00000108443.14|ENSG00000241913.1	exon|gene|transcript	170
chr17	16478485	16478655	ENSG00000175061.20|ENSG00000181350.12	exon|gene|transcript	170
chr17	40835961	40836131	ENSG00000167920.12	exon|gene|transcript	170
chr17	6898528	6898698	ENSG00000215067.12|ENSG00000262943.10|ENSG00000291084.1	exon|gene|transcript	170
chr17	39906791	39906960	ENSG00000073605.19	exon|gene|transcript	169
chr17	76474203	76474372	ENSG00000129667.13	exon|gene|transcript	169
chr17	81199549	81199718	ENSG00000141577.14|ENSG00000262115.1	exon|gene|transcript	169
chr17	80213634	80213803	ENSG00000141527.19|ENSG00000181523.13	exon|gene|transcript	169
chr17	31024171	31024340	ENSG00000266865.9|ENSG00000291063.1	exon|gene|transcript	169
chr17	5061954	5062123	ENSG00000262495.1	exon|gene|transcript	169
chr17	4894633	4894802	ENSG00000141503.17	exon|gene|transcript	169
chr17	73073666	73073835	ENSG00000133195.12	exon|gene|transcript	169
chr17	20438466	20438635	ENSG00000287490.1|ENSG00000291195.1	exon|gene|transcript	169
chr17	73750329	73750498	ENSG00000177338.14|ENSG00000263574.2	exon|gene|transcript	169
chr17	33131574	33131743	ENSG00000108684.15|ENSG00000266535.1	exon|gene|transcript	169
chr17	22056586	22056755	ENSG00000265233.1	exon|gene|transcript	169
chr17	30740106	30740275	ENSG00000264538.8|ENSG00000280069.1|ENSG00000290928.1	exon|gene|transcript	169
chr17	73800793	73800962	ENSG00000177338.14|ENSG00000234721.3	exon|gene|transcript	169
chr17	31560404	31560573	ENSG00000278546.1	exon|gene|transcript	169
chr17	49847726	49847894	ENSG00000176358.16|ENSG00000204584.1	exon|gene|transcript	168
chr17	20376130	20376298	ENSG00000154898.17|ENSG00000214832.6|ENSG00000293206.1	exon|gene|transcript	168
chr17	50214607	50214775	ENSG00000249406.3|ENSG00000263176.1	exon|gene|transcript	168
chr17	19168505	19168673	ENSG00000261987.2|ENSG00000266311.6	exon|gene|transcript	168
chr17	9569497	9569665	ENSG00000170310.15	exon|gene|transcript	168
chr17	28116238	28116406	ENSG00000087095.13|ENSG00000240873.1	exon|gene|transcript	168
chr17	41408789	41408957	ENSG00000225438.1|ENSG00000234859.5	exon|gene|transcript	168
chr17	42021376	42021544	ENSG00000168256.18	exon|gene|transcript	168
chr17	27302434	27302602	ENSG00000109046.15	exon|gene|transcript	168
chr17	30541963	30542131	ENSG00000264958.2	exon|gene|transcript	168
chr17	15675475	15675643	ENSG00000108452.1|ENSG00000221926.13	exon|gene|transcript	168
chr17	27640404	27640571	ENSG00000168961.17|ENSG00000266728.5	exon|gene|transcript	167
chr17	46419797	46419964	ENSG00000260075.1	exon|gene|transcript	167
chr17	82447646	82447813	ENSG00000178927.19	exon|gene|transcript	167
chr17	82463062	82463229	ENSG00000141562.19|ENSG00000279744.1	exon|gene|transcript	167
chr17	7586488	7586655	ENSG00000129255.16	exon|gene|transcript	167
chr17	44909403	44909570	ENSG00000131095.14	exon|gene|transcript	167
chr17	60083599	60083766	ENSG00000267416.2|ENSG00000293515.1	exon|gene|transcript	167
chr17	8297049	8297216	ENSG00000271029.1	exon|gene|transcript	167
chr17	80140140	80140307	ENSG00000141543.12	exon|gene|transcript	167
chr17	30059701	30059868	ENSG00000176927.16|ENSG00000265289.1	exon|gene|transcript	167
chr17	5075677	5075844	ENSG00000262693.1	exon|gene|transcript	167
chr17	58527658	58527825	ENSG00000108387.16|ENSG00000264672.6	exon|gene|transcript	167
chr17	37122627	37122794	ENSG00000278540.5	exon|gene|transcript	167
chr17	44913823	44913990	ENSG00000131095.14	exon|gene|transcript	167
chr17	81313752	81313919	ENSG00000185332.8	exon|gene|transcript	167
chr17	46093935	46094102	ENSG00000120071.15	exon|gene|transcript	167
chr17	63815673	63815840	ENSG00000198231.14	exon|gene|transcript	167
chr17	74062435	74062602	ENSG00000266357.6	exon|gene|transcript	167
chr17	21090784	21090951	ENSG00000236819.2	exon|gene|transcript	167
chr17	58695336	58695503	ENSG00000108384.16	exon|gene|transcript	167
chr17	28655983	28656150	ENSG00000132581.10	exon|gene|transcript	167
chr17	76060390	76060557	ENSG00000167881.15	exon|gene|transcript	167
chr17	82016308	82016475	ENSG00000169696.16	exon|gene|transcript	167
chr17	67774661	67774828	ENSG00000266858.1	exon|gene|transcript	167
chr17	72029724	72029891	ENSG00000228639.8	exon|gene|transcript	167
chr17	74964315	74964482	ENSG00000167861.16	exon|gene|transcript	167
chr17	7310286	7310453	ENSG00000132507.18	exon|gene|transcript	167
chr17	18541920	18542087	ENSG00000273018.7|ENSG00000291090.1	exon|gene|transcript	167
chr17	27666748	27666915	ENSG00000265041.1	exon|gene|transcript	167
chr17	7583362	7583528	ENSG00000233223.5	exon|gene|transcript	166
chr17	10767864	10768030	ENSG00000263400.8|ENSG00000264016.3|ENSG00000285220.1	exon|gene|transcript	166
chr17	31530971	31531137	ENSG00000131242.18	exon|gene|transcript	166
chr17	13776660	13776826	ENSG00000236088.12	exon|gene|transcript	166
chr17	31092875	31093041	ENSG00000264107.1|ENSG00000291063.1	exon|gene|transcript	166
chr17	78678028	78678194	ENSG00000108669.18	exon|gene|transcript	166
chr17	49719894	49720060	ENSG00000121104.8|ENSG00000250751.1	exon|gene|transcript	166
chr17	77094780	77094946	ENSG00000129657.16|ENSG00000234912.12	exon|gene|transcript	166
chr17	78137358	78137524	ENSG00000167895.16	exon|gene|transcript	166
chr17	4016466	4016632	ENSG00000074755.15	exon|gene|transcript	166
chr17	19364435	19364601	ENSG00000108641.20|ENSG00000286799.1	exon|gene|transcript	166
chr17	40526466	40526632	ENSG00000266088.6	exon|gene|transcript	166
chr17	77680498	77680664	ENSG00000285535.2	exon|gene|transcript	166
chr17	38704173	38704339	ENSG00000275532.2|ENSG00000277969.2	exon|gene|transcript	166
chr17	36907324	36907490	ENSG00000277268.2	exon|gene|transcript	166
chr17	41549605	41549771	ENSG00000226629.1	exon|gene|transcript	166
chr17	16863620	16863786	ENSG00000283033.1	exon|gene|transcript	166
chr17	41627307	41627473	ENSG00000214514.9|ENSG00000290861.1	exon|gene|transcript	166
chr17	46475199	46475365	ENSG00000260075.1	exon|gene|transcript	166
chr17	63493755	63493921	ENSG00000159640.17|ENSG00000264813.6	exon|gene|transcript	166
chr17	45639270	45639436	ENSG00000263715.7|ENSG00000293460.1	exon|gene|transcript	166
chr17	8207901	8208067	ENSG00000178999.13	exon|gene|transcript	166
chr17	63886245	63886411	ENSG00000259533.2	exon|gene|transcript	166
chr17	18453573	18453739	ENSG00000267492.1|ENSG00000293139.1	exon|gene|transcript	166
chr17	7923544	7923710	ENSG00000170049.10	exon|gene|transcript	166
chr17	80384872	80385038	ENSG00000173821.20|ENSG00000263069.6	exon|gene|transcript	166
chr17	81251637	81251803	ENSG00000157637.13|ENSG00000276101.1	exon|gene|transcript	166
chr17	62424052	62424218	ENSG00000087995.16	exon|gene|transcript	166
chr17	42224612	42224778	ENSG00000173757.11	exon|gene|transcript	166
chr17	40637325	40637491	ENSG00000073584.20|ENSG00000264058.2	exon|gene|transcript	166
chr17	35908145	35908311	ENSG00000293240.1	exon|gene|transcript	166
chr17	57866544	57866710	ENSG00000180891.13	exon|gene|transcript	166
chr17	12631356	12631521	ENSG00000179136.8|ENSG00000287462.1	exon|gene|transcript	165
chr17	46998379	46998544	ENSG00000262633.2|ENSG00000262879.7|ENSG00000291209.1	exon|gene|transcript	165
chr17	15307660	15307825	ENSG00000125409.13|ENSG00000286792.1	exon|gene|transcript	165
chr17	18734922	18735087	ENSG00000108448.24|ENSG00000291110.1	exon|gene|transcript	165
chr17	75521510	75521675	ENSG00000182173.14	exon|gene|transcript	165
chr17	73834972	73835137	ENSG00000265927.1	exon|gene|transcript	165
chr17	74313955	74314120	ENSG00000171595.14	exon|gene|transcript	165
chr17	46042622	46042787	ENSG00000120071.15	exon|gene|transcript	165
chr17	63862724	63862889	ENSG00000240280.8|ENSG00000293480.1	exon|gene|transcript	165
chr17	65872956	65873121	ENSG00000154240.18	exon|gene|transcript	165
chr17	81913010	81913175	ENSG00000187531.14	exon|gene|transcript	165
chr17	82006816	82006981	ENSG00000169696.16	exon|gene|transcript	165
chr17	56895604	56895769	ENSG00000121060.19	exon|gene|transcript	165
chr17	30637077	30637242	ENSG00000214719.13|ENSG00000250462.9|ENSG00000290450.1	exon|gene|transcript	165
chr17	28444515	28444680	ENSG00000263870.1	exon|gene|transcript	165
chr17	76313891	76314056	ENSG00000161542.17	exon|gene|transcript	165
chr17	80454512	80454677	ENSG00000260369.2	exon|gene|transcript	165
chr17	8543771	8543936	ENSG00000133026.14	exon|gene|transcript	165
chr17	29091354	29091519	ENSG00000196535.20	exon|gene|transcript	165
chr17	16819934	16820099	ENSG00000226145.8|ENSG00000290977.1	exon|gene|transcript	165
chr17	36318716	36318881	ENSG00000261499.2	exon|gene|transcript	165
chr17	19306096	19306261	ENSG00000072134.16|ENSG00000235397.1	exon|gene|transcript	165
chr17	76472839	76473004	ENSG00000129667.13	exon|gene|transcript	165
chr17	48932764	48932929	ENSG00000159210.10|ENSG00000230532.1	exon|gene|transcript	165
chr17	78818778	78818943	ENSG00000055483.20	exon|gene|transcript	165
chr17	79819908	79820073	ENSG00000262772.2	exon|gene|transcript	165
chr17	49252509	49252674	ENSG00000177369.11	exon|gene|transcript	165
chr17	38197545	38197710	ENSG00000274487.5|ENSG00000291088.1	exon|gene|transcript	165
chr17	38122799	38122964	ENSG00000274615.1	exon|gene|transcript	165
chr17	7595994	7596159	ENSG00000129245.13	exon|gene|transcript	165
chr17	8505999	8506164	ENSG00000133026.14	exon|gene|transcript	165
chr17	79712152	79712317	ENSG00000267719.1	exon|gene|transcript	165
chr17	82214290	82214455	ENSG00000264548.1	exon|gene|transcript	165
chr17	16300023	16300187	ENSG00000108474.17	exon|gene|transcript	164
chr17	30637302	30637466	ENSG00000214719.13|ENSG00000290450.1	exon|gene|transcript	164
chr17	78498843	78499007	ENSG00000187775.17|ENSG00000267432.6	exon|gene|transcript	164
chr17	2235787	2235951	ENSG00000070366.14|ENSG00000278941.1	exon|gene|transcript	164
chr17	80298518	80298682	ENSG00000173821.20	exon|gene|transcript	164
chr17	19142394	19142558	ENSG00000189152.11|ENSG00000262319.1	exon|gene|transcript	164
chr17	22221220	22221384	ENSG00000263725.1	exon|gene|transcript	164
chr17	19164208	19164372	ENSG00000266311.6	exon|gene|transcript	164
chr17	4716671	4716835	ENSG00000141480.18	exon|gene|transcript	164
chr17	36492648	36492812	ENSG00000273611.5	exon|gene|transcript	164
chr17	30531117	30531281	ENSG00000264958.2	exon|gene|transcript	164
chr17	39989929	39990093	ENSG00000108344.15	exon|gene|transcript	164
chr17	22420021	22420185	ENSG00000261020.1	exon|gene|transcript	164
chr17	21430270	21430434	ENSG00000212719.15	exon|gene|transcript	164
chr17	60258247	60258411	ENSG00000170832.13|ENSG00000275562.1	exon|gene|transcript	164
chr17	7910189	7910353	ENSG00000170004.19	exon|gene|transcript	164
chr17	18177469	18177633	ENSG00000091536.20|ENSG00000266677.1	exon|gene|transcript	164
chr17	40719897	40720061	ENSG00000229028.4	exon|gene|transcript	164
chr17	19087714	19087878	ENSG00000230197.6	exon|gene|transcript	164
chr17	63702506	63702670	ENSG00000266173.7|ENSG00000279369.1	exon|gene|transcript	164
chr17	19213881	19214045	ENSG00000236022.6	exon|gene|transcript	164
chr17	82949784	82949948	ENSG00000175711.9	exon|gene|transcript	164
chr17	63197621	63197785	ENSG00000170921.16|ENSG00000233635.2	exon|gene|transcript	164
chr17	7863471	7863635	ENSG00000183011.14|ENSG00000280046.1	exon|gene|transcript	164
chr17	4691214	4691377	ENSG00000141456.16|ENSG00000235085.3	exon|gene|transcript	163
chr17	19031988	19032151	ENSG00000154016.14|ENSG00000279825.1	exon|gene|transcript	163
chr17	63486822	63486985	ENSG00000159640.17|ENSG00000264813.6	exon|gene|transcript	163
chr17	41004597	41004760	ENSG00000226776.1	exon|gene|transcript	163
chr17	16851727	16851890	ENSG00000205312.9|ENSG00000290980.1	exon|gene|transcript	163
chr17	42304178	42304341	ENSG00000126561.18	exon|gene|transcript	163
chr17	73949743	73949906	ENSG00000285648.1	exon|gene|transcript	163
chr17	20612911	20613074	ENSG00000227685.1|ENSG00000235546.2	exon|gene|transcript	163
chr17	76563140	76563303	ENSG00000163597.17	exon|gene|transcript	163
chr17	75563588	75563751	ENSG00000073350.14	exon|gene|transcript	163
chr17	33935793	33935956	ENSG00000108684.15|ENSG00000265356.2|ENSG00000279668.4	exon|gene|transcript	163
chr17	32045536	32045699	ENSG00000185158.13	exon|gene|transcript	163
chr17	18331510	18331673	ENSG00000176974.22	exon|gene|transcript	163
chr17	20931429	20931592	ENSG00000233098.10	exon|gene|transcript	163
chr17	49545639	49545802	ENSG00000249906.1|ENSG00000250310.2	exon|gene|transcript	163
chr17	45159329	45159492	ENSG00000224505.4	exon|gene|transcript	163
chr17	20415791	20415954	ENSG00000237911.2|ENSG00000291194.1	exon|gene|transcript	163
chr17	66964195	66964358	ENSG00000289877.1	exon|gene|transcript	163
chr17	37676085	37676248	ENSG00000277501.1	exon|gene|transcript	163
chr17	18353509	18353671	ENSG00000176974.22	exon|gene|transcript	162
chr17	18429682	18429844	ENSG00000186831.12|ENSG00000290656.1	exon|gene|transcript	162
chr17	57531927	57532089	ENSG00000153944.12|ENSG00000280028.1	exon|gene|transcript	162
chr17	19708553	19708715	ENSG00000180638.19	exon|gene|transcript	162
chr17	37536127	37536289	ENSG00000275066.5	exon|gene|transcript	162
chr17	49822783	49822945	ENSG00000136504.15	exon|gene|transcript	162
chr17	63999737	63999899	ENSG00000224383.8|ENSG00000264954.2	exon|gene|transcript	162
chr17	40349294	40349456	ENSG00000131759.18|ENSG00000278918.1	exon|gene|transcript	162
chr17	81380584	81380746	ENSG00000262223.10	exon|gene|transcript	162
chr17	27658705	27658867	ENSG00000265788.3	exon|gene|transcript	162
chr17	17507350	17507512	ENSG00000133027.18|ENSG00000265511.1|ENSG00000286430.1	exon|gene|transcript	162
chr17	48046986	48047148	ENSG00000263412.3	exon|gene|transcript	162
chr17	1804463	1804625	ENSG00000186532.12	exon|gene|transcript	162
chr17	41408169	41408331	ENSG00000225438.1|ENSG00000234859.5	exon|gene|transcript	162
chr17	75241864	75242026	ENSG00000125447.18	exon|gene|transcript	162
chr17	30568814	30568976	ENSG00000231870.4	exon|gene|transcript	162
chr17	50379758	50379920	ENSG00000108829.10|ENSG00000154920.15	exon|gene|transcript	162
chr17	78114709	78114871	ENSG00000141524.19	exon|gene|transcript	162
chr17	18235665	18235827	ENSG00000131899.13	exon|gene|transcript	162
chr17	63701439	63701600	ENSG00000266173.7|ENSG00000279369.1	exon|gene|transcript	161
chr17	18441444	18441605	ENSG00000214856.12|ENSG00000290657.1	exon|gene|transcript	161
chr17	75914585	75914746	ENSG00000188878.20|ENSG00000267426.5	exon|gene|transcript	161
chr17	6895342	6895503	ENSG00000215067.12|ENSG00000262943.10|ENSG00000291084.1	exon|gene|transcript	161
chr17	76487550	76487711	ENSG00000129667.13	exon|gene|transcript	161
chr17	3619752	3619913	ENSG00000197417.9|ENSG00000262248.1|ENSG00000262304.2	exon|gene|transcript	161
chr17	30534684	30534845	ENSG00000264958.2	exon|gene|transcript	161
chr17	40348048	40348209	ENSG00000131759.18|ENSG00000278918.1	exon|gene|transcript	161
chr17	50051943	50052104	ENSG00000246640.2	exon|gene|transcript	161
chr17	16831132	16831293	ENSG00000227300.13	exon|gene|transcript	161
chr17	61463119	61463280	ENSG00000121075.11|ENSG00000267137.1	exon|gene|transcript	161
chr17	43782948	43783109	ENSG00000231256.8|ENSG00000267604.1	exon|gene|transcript	161
chr17	58273006	58273167	ENSG00000005381.9	exon|gene|transcript	161
chr17	19740174	19740335	ENSG00000108602.18	exon|gene|transcript	161
chr17	28180810	28180971	ENSG00000087095.13|ENSG00000288923.1	exon|gene|transcript	161
chr17	2376451	2376612	ENSG00000141258.13|ENSG00000263345.1	exon|gene|transcript	161
chr17	20502802	20502963	ENSG00000214822.9|ENSG00000291196.1	exon|gene|transcript	161
chr17	34118346	34118507	ENSG00000108684.15|ENSG00000265356.2|ENSG00000265775.1	exon|gene|transcript	161
chr17	59429181	59429342	ENSG00000265313.8	exon|gene|transcript	161
chr17	16816133	16816294	ENSG00000272815.1	exon|gene|transcript	161
chr17	77571883	77572044	ENSG00000279572.1	exon|gene|transcript	161
chr17	42998992	42999153	ENSG00000131469.15	exon|gene|transcript	161
chr17	7334641	7334802	ENSG00000224647.2	exon|gene|transcript	161
chr17	81870093	81870254	ENSG00000141522.12	exon|gene|transcript	161
chr17	61464250	61464411	ENSG00000121075.11	exon|gene|transcript	161
chr17	6658753	6658914	ENSG00000256806.6|ENSG00000274114.3|ENSG00000290366.1	exon|gene|transcript	161
chr17	41621816	41621977	ENSG00000128422.18|ENSG00000289252.1	exon|gene|transcript	161
chr17	19582115	19582275	ENSG00000228983.10|ENSG00000262769.1|ENSG00000263107.1|ENSG00000290454.1	exon|gene|transcript	160
chr17	78136619	78136779	ENSG00000167895.16	exon|gene|transcript	160
chr17	7602748	7602908	ENSG00000129245.13	exon|gene|transcript	160
chr17	18442484	18442644	ENSG00000214856.12|ENSG00000290657.1	exon|gene|transcript	160
chr17	47975653	47975813	ENSG00000108465.15|ENSG00000263798.2	exon|gene|transcript	160
chr17	42867546	42867706	ENSG00000260105.7|ENSG00000291070.1	exon|gene|transcript	160
chr17	21004990	21005150	ENSG00000124422.12	exon|gene|transcript	160
chr17	8915957	8916117	ENSG00000141506.15	exon|gene|transcript	160
chr17	7016748	7016908	ENSG00000161939.19|ENSG00000258315.5|ENSG00000267047.1|ENSG00000267532.5	exon|gene|transcript	160
chr17	45168854	45169014	ENSG00000168517.11|ENSG00000267288.2	exon|gene|transcript	160
chr17	20501763	20501923	ENSG00000214822.9|ENSG00000291196.1	exon|gene|transcript	160
chr17	64968221	64968381	ENSG00000214174.11|ENSG00000291140.1	exon|gene|transcript	160
chr17	50849110	50849270	ENSG00000243521.2	exon|gene|transcript	160
chr17	18382864	18383024	ENSG00000214860.5|ENSG00000264177.1	exon|gene|transcript	160
chr17	82013666	82013826	ENSG00000169696.16	exon|gene|transcript	160
chr17	4952890	4953050	ENSG00000108515.18	exon|gene|transcript	160
chr17	64754004	64754164	ENSG00000215769.8|ENSG00000266820.1	exon|gene|transcript	160
chr17	16348456	16348615	ENSG00000108474.17|ENSG00000166582.11	exon|gene|transcript	159
chr17	45268858	45269017	ENSG00000006062.18|ENSG00000267278.6	exon|gene|transcript	159
chr17	79423706	79423865	ENSG00000167281.20	exon|gene|transcript	159
chr17	78360460	78360619	ENSG00000266970.3	exon|gene|transcript	159
chr17	81913576	81913735	ENSG00000187531.14	exon|gene|transcript	159
chr17	48875039	48875198	ENSG00000248278.2|ENSG00000293025.1	exon|gene|transcript	159
chr17	29575470	29575629	ENSG00000108262.16|ENSG00000264031.1	exon|gene|transcript	159
chr17	29015481	29015640	ENSG00000179761.12|ENSG00000238007.1	exon|gene|transcript	159
chr17	57994349	57994508	ENSG00000264112.1|ENSG00000266086.3	exon|gene|transcript	159
chr17	18735490	18735649	ENSG00000291110.1	exon|gene|transcript	159
chr17	39909596	39909755	ENSG00000073605.19	exon|gene|transcript	159
chr17	48581051	48581210	ENSG00000120093.12|ENSG00000233101.10|ENSG00000257178.5	exon|gene|transcript	159
chr17	73520642	73520801	ENSG00000069188.17|ENSG00000264985.4	exon|gene|transcript	159
chr17	16805457	16805616	ENSG00000264729.1|ENSG00000272815.1	exon|gene|transcript	159
chr17	20434036	20434195	ENSG00000287490.1|ENSG00000291194.1	exon|gene|transcript	159
chr17	38196207	38196366	ENSG00000274487.5|ENSG00000291088.1	exon|gene|transcript	159
chr17	49821790	49821949	ENSG00000136504.15	exon|gene|transcript	159
chr17	40829134	40829293	ENSG00000167920.12	exon|gene|transcript	159
chr17	40637572	40637731	ENSG00000073584.20|ENSG00000264058.2	exon|gene|transcript	159
chr17	62699243	62699402	ENSG00000265702.2	exon|gene|transcript	159
chr17	4816746	4816905	ENSG00000129219.14	exon|gene|transcript	159
chr17	7902450	7902609	ENSG00000170004.19	exon|gene|transcript	159
chr17	20748246	20748405	ENSG00000187870.7	exon|gene|transcript	159
chr17	42217464	42217623	ENSG00000173757.11	exon|gene|transcript	159
chr17	19219633	19219792	ENSG00000072134.16|ENSG00000281856.1	exon|gene|transcript	159
chr17	11875721	11875880	ENSG00000007174.18|ENSG00000263684.2	exon|gene|transcript	159
chr17	74606626	74606785	ENSG00000261222.4	exon|gene|transcript	159
chr17	30558343	30558502	ENSG00000266733.8|ENSG00000266775.1|ENSG00000290404.1	exon|gene|transcript	159
chr17	18439713	18439871	ENSG00000290657.1	exon|gene|transcript	158
chr17	44277655	44277813	ENSG00000285486.1	exon|gene|transcript	158
chr17	48932233	48932391	ENSG00000159210.10|ENSG00000230532.1	exon|gene|transcript	158
chr17	44374195	44374353	ENSG00000005961.19	exon|gene|transcript	158
chr17	4796873	4797031	ENSG00000142507.10	exon|gene|transcript	158
chr17	20504536	20504694	ENSG00000291196.1	exon|gene|transcript	158
chr17	15765107	15765265	ENSG00000227255.1	exon|gene|transcript	158
chr17	81304860	81305018	ENSG00000185168.7	exon|gene|transcript	158
chr17	28275447	28275605	ENSG00000260777.2|ENSG00000264029.1	exon|gene|transcript	158
chr17	39607355	39607513	ENSG00000171532.5	exon|gene|transcript	158
chr17	8574556	8574714	ENSG00000133026.14	exon|gene|transcript	158
chr17	18442734	18442892	ENSG00000290657.1	exon|gene|transcript	158
chr17	59987446	59987604	ENSG00000266992.1|ENSG00000267104.2|ENSG00000267302.5	exon|gene|transcript	158
chr17	5772767	5772925	ENSG00000284837.1	exon|gene|transcript	158
chr17	77257736	77257894	ENSG00000263718.3	exon|gene|transcript	158
chr17	28899126	28899284	ENSG00000167536.14|ENSG00000266642.2	exon|gene|transcript	158
chr17	46334679	46334837	ENSG00000176681.15|ENSG00000228696.11	exon|gene|transcript	158
chr17	67777166	67777324	ENSG00000266858.1	exon|gene|transcript	158
chr17	63414153	63414311	ENSG00000170921.16|ENSG00000226797.2|ENSG00000263644.1	exon|gene|transcript	158
chr17	16821970	16822128	ENSG00000226145.8|ENSG00000290977.1	exon|gene|transcript	158
chr17	74206027	74206185	ENSG00000172809.13	exon|gene|transcript	158
chr17	40720171	40720329	ENSG00000229028.4	exon|gene|transcript	158
chr17	78708911	78709068	ENSG00000108669.18	exon|gene|transcript	157
chr17	16434701	16434858	ENSG00000187688.15	exon|gene|transcript	157
chr17	49821492	49821649	ENSG00000136504.15	exon|gene|transcript	157
chr17	7226655	7226812	ENSG00000004975.12	exon|gene|transcript	157
chr17	44301342	44301499	ENSG00000267750.6	exon|gene|transcript	157
chr17	15031594	15031751	ENSG00000232058.1|ENSG00000259944.1	exon|gene|transcript	157
chr17	30601666	30601823	ENSG00000214719.13|ENSG00000248121.9|ENSG00000290395.1	exon|gene|transcript	157
chr17	28560191	28560348	ENSG00000087111.22|ENSG00000167524.17	exon|gene|transcript	157
chr17	81387580	81387737	ENSG00000274833.1	exon|gene|transcript	157
chr17	43105539	43105696	ENSG00000012048.25	exon|gene|transcript	157
chr17	39919147	39919304	ENSG00000073605.19	exon|gene|transcript	157
chr17	60316058	60316215	ENSG00000170832.13|ENSG00000271626.1	exon|gene|transcript	157
chr17	45833849	45834006	ENSG00000120088.16|ENSG00000263715.7|ENSG00000264589.5	exon|gene|transcript	157
chr17	77527338	77527495	ENSG00000267665.3	exon|gene|transcript	157
chr17	41408632	41408789	ENSG00000225438.1|ENSG00000234859.5	exon|gene|transcript	157
chr17	17675365	17675522	ENSG00000223979.2|ENSG00000273948.1	exon|gene|transcript	157
chr17	76385654	76385811	ENSG00000176170.14	exon|gene|transcript	157
chr17	4744467	4744624	ENSG00000141497.14	exon|gene|transcript	157
chr17	30569588	30569745	ENSG00000231870.4	exon|gene|transcript	157
chr17	50379601	50379758	ENSG00000108829.10|ENSG00000154920.15	exon|gene|transcript	157
chr17	20503077	20503234	ENSG00000214822.9|ENSG00000291196.1	exon|gene|transcript	157
chr17	2667344	2667500	ENSG00000007168.14	exon|gene|transcript	156
chr17	35566516	35566672	ENSG00000242660.1	exon|gene|transcript	156
chr17	6901760	6901916	ENSG00000215067.12|ENSG00000291084.1	exon|gene|transcript	156
chr17	46754174	46754330	ENSG00000073969.19	exon|gene|transcript	156
chr17	10741467	10741623	ENSG00000263400.8|ENSG00000264016.3|ENSG00000285220.1	exon|gene|transcript	156
chr17	68100902	68101058	ENSG00000265055.2	exon|gene|transcript	156
chr17	37144135	37144291	ENSG00000275029.2|ENSG00000278540.5|ENSG00000293218.1	exon|gene|transcript	156
chr17	58675306	58675462	ENSG00000121101.16|ENSG00000266561.2|ENSG00000266826.3	exon|gene|transcript	156
chr17	64001310	64001466	ENSG00000224383.8	exon|gene|transcript	156
chr17	39839368	39839524	ENSG00000161405.17|ENSG00000226117.1	exon|gene|transcript	156
chr17	80515656	80515812	ENSG00000271340.1	exon|gene|transcript	156
chr17	62265098	62265254	ENSG00000188755.11|ENSG00000290800.1	exon|gene|transcript	156
chr17	19083427	19083583	ENSG00000230197.6|ENSG00000265746.1	exon|gene|transcript	156
chr17	7502920	7503076	ENSG00000181222.19	exon|gene|transcript	156
chr17	20501512	20501668	ENSG00000291196.1	exon|gene|transcript	156
chr17	82588255	82588411	ENSG00000141568.21|ENSG00000262147.1	exon|gene|transcript	156
chr17	72100051	72100207	ENSG00000226101.2|ENSG00000234899.11|ENSG00000288605.1	exon|gene|transcript	156
chr17	72403660	72403816	ENSG00000227036.10	exon|gene|transcript	156
chr17	56573039	56573195	ENSG00000243058.1	exon|gene|transcript	156
chr17	49086546	49086702	ENSG00000248883.2	exon|gene|transcript	156
chr17	8465341	8465497	ENSG00000166579.16	exon|gene|transcript	156
chr17	6704056	6704212	ENSG00000141485.17	exon|gene|transcript	156
chr17	17456426	17456582	ENSG00000230865.1	exon|gene|transcript	156
chr17	46243605	46243761	ENSG00000262500.1	exon|gene|transcript	156
chr17	46425526	46425682	ENSG00000260075.1	exon|gene|transcript	156
chr17	81231691	81231846	ENSG00000167302.11|ENSG00000260005.6	exon|gene|transcript	155
chr17	39905270	39905425	ENSG00000073605.19	exon|gene|transcript	155
chr17	2363844	2363999	ENSG00000141258.13	exon|gene|transcript	155
chr17	18624937	18625092	ENSG00000154874.18|ENSG00000291090.1	exon|gene|transcript	155
chr17	10878369	10878524	ENSG00000263508.6|ENSG00000285220.1	exon|gene|transcript	155
chr17	27419108	27419263	ENSG00000290422.1	exon|gene|transcript	155
chr17	68131752	68131907	ENSG00000267023.6|ENSG00000274561.1|ENSG00000290646.1|ENSG00000291214.1	exon|gene|transcript	155
chr17	16727740	16727895	ENSG00000170160.19|ENSG00000266302.6	exon|gene|transcript	155
chr17	19783905	19784060	ENSG00000083290.20	exon|gene|transcript	155
chr17	56323387	56323542	ENSG00000153930.13	exon|gene|transcript	155
chr17	32992850	32993005	ENSG00000141316.13	exon|gene|transcript	155
chr17	37729454	37729609	ENSG00000275410.6	exon|gene|transcript	155
chr17	82918630	82918785	ENSG00000141556.22|ENSG00000262663.1	exon|gene|transcript	155
chr17	69107812	69107967	ENSG00000154262.13	exon|gene|transcript	155
chr17	19717955	19718110	ENSG00000180638.19	exon|gene|transcript	155
chr17	81671588	81671743	ENSG00000185298.13	exon|gene|transcript	155
chr17	28558320	28558475	ENSG00000087111.22|ENSG00000167524.17	exon|gene|transcript	155
chr17	10623252	10623407	ENSG00000272975.1	exon|gene|transcript	155
chr17	4194479	4194634	ENSG00000185722.18	exon|gene|transcript	155
chr17	63859303	63859458	ENSG00000240280.8|ENSG00000293480.1	exon|gene|transcript	155
chr17	64068291	64068446	ENSG00000178607.17|ENSG00000286629.1	exon|gene|transcript	155
chr17	16850398	16850553	ENSG00000205312.9|ENSG00000290980.1	exon|gene|transcript	155
chr17	62291878	62292033	ENSG00000263887.7	exon|gene|transcript	155
chr17	79708471	79708626	ENSG00000267719.1	exon|gene|transcript	155
chr17	7018817	7018971	ENSG00000267047.1|ENSG00000267532.5	exon|gene|transcript	154
chr17	13006392	13006546	ENSG00000006744.19	exon|gene|transcript	154
chr17	42330728	42330882	ENSG00000168610.17	exon|gene|transcript	154
chr17	20515333	20515487	ENSG00000231645.4|ENSG00000291197.1	exon|gene|transcript	154
chr17	63154357	63154511	ENSG00000170921.16	exon|gene|transcript	154
chr17	35884381	35884535	ENSG00000270240.2	exon|gene|transcript	154
chr17	67737692	67737846	ENSG00000130935.10	exon|gene|transcript	154
chr17	18428921	18429075	ENSG00000186831.12|ENSG00000290656.1	exon|gene|transcript	154
chr17	56898960	56899114	ENSG00000121060.19	exon|gene|transcript	154
chr17	22692464	22692618	ENSG00000264262.1|ENSG00000293001.1	exon|gene|transcript	154
chr17	72325792	72325946	ENSG00000227036.10	exon|gene|transcript	154
chr17	78216272	78216426	ENSG00000089685.15	exon|gene|transcript	154
chr17	80188222	80188376	ENSG00000141527.19	exon|gene|transcript	154
chr17	1496164	1496318	ENSG00000132376.20	exon|gene|transcript	154
chr17	16040494	16040648	ENSG00000011295.16|ENSG00000141027.23|ENSG00000227782.2	exon|gene|transcript	154
chr17	50192024	50192178	ENSG00000108821.14	exon|gene|transcript	154
chr17	16843666	16843820	ENSG00000131885.18|ENSG00000291277.1	exon|gene|transcript	154
chr17	58079361	58079515	ENSG00000266290.1	exon|gene|transcript	154
chr17	57993592	57993746	ENSG00000264112.1|ENSG00000266086.3	exon|gene|transcript	154
chr17	74550651	74550805	ENSG00000236770.1	exon|gene|transcript	154
chr17	46035770	46035924	ENSG00000120071.15	exon|gene|transcript	154
chr17	42705817	42705971	ENSG00000108799.13	exon|gene|transcript	154
chr17	58099674	58099828	ENSG00000279207.1	exon|gene|transcript	154
chr17	47900217	47900371	ENSG00000167182.16|ENSG00000234494.8	exon|gene|transcript	154
chr17	19412783	19412937	ENSG00000128482.16|ENSG00000265126.1	exon|gene|transcript	154
chr17	28735085	28735239	ENSG00000160602.14|ENSG00000265073.1	exon|gene|transcript	154
chr17	28924970	28925124	ENSG00000109118.14	exon|gene|transcript	154
chr17	56368062	56368215	ENSG00000153930.13|ENSG00000261882.1	exon|gene|transcript	153
chr17	18430627	18430780	ENSG00000186831.12|ENSG00000290656.1	exon|gene|transcript	153
chr17	62707454	62707607	ENSG00000173838.12|ENSG00000265702.2	exon|gene|transcript	153
chr17	17012352	17012505	ENSG00000260328.1	exon|gene|transcript	153
chr17	82600091	82600244	ENSG00000141568.21	exon|gene|transcript	153
chr17	32284505	32284658	ENSG00000141314.13	exon|gene|transcript	153
chr17	14025335	14025488	ENSG00000141028.6|ENSG00000236088.12	exon|gene|transcript	153
chr17	58213090	58213243	ENSG00000011143.19	exon|gene|transcript	153
chr17	18400808	18400961	ENSG00000204471.3	exon|gene|transcript	153
chr17	45586028	45586181	ENSG00000264070.1	exon|gene|transcript	153
chr17	42874093	42874246	ENSG00000260105.7|ENSG00000291070.1	exon|gene|transcript	153
chr17	28328733	28328886	ENSG00000109083.14	exon|gene|transcript	153
chr17	30059391	30059544	ENSG00000176927.16|ENSG00000265289.1	exon|gene|transcript	153
chr17	60001516	60001669	ENSG00000266992.1|ENSG00000267104.2	exon|gene|transcript	153
chr17	60010029	60010182	ENSG00000238283.3|ENSG00000267104.2	exon|gene|transcript	153
chr17	34164249	34164402	ENSG00000108684.15|ENSG00000263571.3	exon|gene|transcript	153
chr17	9803880	9804033	ENSG00000214978.8|ENSG00000278944.1|ENSG00000282882.2	exon|gene|transcript	153
chr17	698732	698885	ENSG00000141252.21	exon|gene|transcript	153
chr17	17229193	17229346	ENSG00000154803.13|ENSG00000264187.1	exon|gene|transcript	153
chr17	36451623	36451776	ENSG00000274658.1	exon|gene|transcript	153
chr17	5426082	5426235	ENSG00000129197.15|ENSG00000263272.1	exon|gene|transcript	153
chr17	81696203	81696356	ENSG00000185359.14	exon|gene|transcript	153
chr17	57608259	57608412	ENSG00000153944.12|ENSG00000263499.1	exon|gene|transcript	153
chr17	62266609	62266762	ENSG00000188755.11|ENSG00000290800.1	exon|gene|transcript	153
chr17	42553640	42553793	ENSG00000108786.11|ENSG00000266929.1|ENSG00000266962.3	exon|gene|transcript	153
chr17	76202643	76202796	ENSG00000141576.16|ENSG00000267376.1	exon|gene|transcript	153
chr17	21218497	21218650	ENSG00000235530.7	exon|gene|transcript	153
chr17	45976588	45976741	ENSG00000186868.18	exon|gene|transcript	153
chr17	30634170	30634323	ENSG00000214719.13|ENSG00000250462.9|ENSG00000290450.1	exon|gene|transcript	153
chr17	63833433	63833586	ENSG00000108604.18	exon|gene|transcript	153
chr17	20543480	20543632	ENSG00000235203.2	exon|gene|transcript	152
chr17	32106331	32106483	ENSG00000263369.7|ENSG00000290975.1	exon|gene|transcript	152
chr17	68101262	68101414	ENSG00000265055.2	exon|gene|transcript	152
chr17	27621040	27621192	ENSG00000141068.17	exon|gene|transcript	152
chr17	75563178	75563330	ENSG00000073350.14	exon|gene|transcript	152
chr17	41626839	41626991	ENSG00000214514.9|ENSG00000290861.1	exon|gene|transcript	152
chr17	79921403	79921555	ENSG00000262188.4|ENSG00000262585.1	exon|gene|transcript	152
chr17	7837389	7837541	ENSG00000132510.11|ENSG00000288748.1	exon|gene|transcript	152
chr17	58332289	58332441	ENSG00000265148.7|ENSG00000265206.6	exon|gene|transcript	152
chr17	60115799	60115951	ENSG00000267295.1	exon|gene|transcript	152
chr17	60562009	60562161	ENSG00000267678.1	exon|gene|transcript	152
chr17	42758294	42758446	ENSG00000197291.9	exon|gene|transcript	152
chr17	62553510	62553662	ENSG00000146872.19	exon|gene|transcript	152
chr17	4009451	4009603	ENSG00000074755.15	exon|gene|transcript	152
chr17	34942643	34942795	ENSG00000132141.14	exon|gene|transcript	152
chr17	50537926	50538078	ENSG00000049283.19|ENSG00000250286.2	exon|gene|transcript	152
chr17	62285318	62285470	ENSG00000263887.7	exon|gene|transcript	152
chr17	36196253	36196405	ENSG00000274767.1|ENSG00000276085.1	exon|gene|transcript	152
chr17	50146024	50146176	ENSG00000108819.11|ENSG00000236472.1	exon|gene|transcript	152
chr17	63765759	63765911	ENSG00000108588.15	exon|gene|transcript	152
chr17	30510727	30510879	ENSG00000108587.16	exon|gene|transcript	152
chr17	49827248	49827400	ENSG00000136504.15	exon|gene|transcript	152
chr17	42022224	42022375	ENSG00000168256.18	exon|gene|transcript	151
chr17	82961181	82961332	ENSG00000175711.9	exon|gene|transcript	151
chr17	5427919	5428070	ENSG00000129197.15|ENSG00000263272.1	exon|gene|transcript	151
chr17	46559153	46559304	ENSG00000185829.19|ENSG00000232300.1	exon|gene|transcript	151
chr17	81905518	81905669	ENSG00000185813.11	exon|gene|transcript	151
chr17	27420990	27421141	ENSG00000266433.7|ENSG00000290422.1	exon|gene|transcript	151
chr17	42552587	42552738	ENSG00000266929.1|ENSG00000266962.3	exon|gene|transcript	151
chr17	46037733	46037884	ENSG00000120071.15	exon|gene|transcript	151
chr17	20895676	20895827	ENSG00000205212.8|ENSG00000233098.10|ENSG00000291074.1	exon|gene|transcript	151
chr17	80968585	80968736	ENSG00000261924.1	exon|gene|transcript	151
chr17	63436555	63436706	ENSG00000008283.16	exon|gene|transcript	151
chr17	75901273	75901424	ENSG00000204316.13|ENSG00000267426.5	exon|gene|transcript	151
chr17	19453208	19453359	ENSG00000235979.9	exon|gene|transcript	151
chr17	63836090	63836241	ENSG00000108604.18	exon|gene|transcript	151
chr17	4008954	4009105	ENSG00000074755.15	exon|gene|transcript	151
chr17	81691905	81692056	ENSG00000185359.14	exon|gene|transcript	151
chr17	5930084	5930235	ENSG00000284837.1|ENSG00000285471.1	exon|gene|transcript	151
chr17	18625103	18625254	ENSG00000154874.18|ENSG00000291090.1	exon|gene|transcript	151
chr17	49085510	49085661	ENSG00000248883.2	exon|gene|transcript	151
chr17	18333288	18333439	ENSG00000176974.22	exon|gene|transcript	151
chr17	18241299	18241450	ENSG00000131899.13	exon|gene|transcript	151
chr17	77593525	77593676	ENSG00000285535.2	exon|gene|transcript	151
chr17	39427549	39427700	ENSG00000125686.12	exon|gene|transcript	151
chr17	39630287	39630438	ENSG00000131771.14	exon|gene|transcript	151
chr17	56895774	56895925	ENSG00000121060.19	exon|gene|transcript	151
chr17	69011824	69011975	ENSG00000154258.17|ENSG00000231749.3	exon|gene|transcript	151
chr17	64822102	64822253	ENSG00000214176.12|ENSG00000291117.1	exon|gene|transcript	151
chr17	67357151	67357302	ENSG00000197170.10	exon|gene|transcript	151
chr17	65457563	65457714	ENSG00000263520.1	exon|gene|transcript	151
chr17	44072167	44072318	ENSG00000141349.10	exon|gene|transcript	151
chr17	12982832	12982983	ENSG00000006740.18|ENSG00000277621.1	exon|gene|transcript	151
chr17	27667641	27667792	ENSG00000265041.1	exon|gene|transcript	151
chr17	16689981	16690131	ENSG00000170160.19	exon|gene|transcript	150
chr17	16925329	16925479	ENSG00000128438.11|ENSG00000290698.1	exon|gene|transcript	150
chr17	39045815	39045965	ENSG00000290925.1	exon|gene|transcript	150
chr17	20996485	20996635	ENSG00000233098.10	exon|gene|transcript	150
chr17	42013237	42013387	ENSG00000168256.18|ENSG00000168259.17	exon|gene|transcript	150
chr17	2330220	2330370	ENSG00000167721.11|ENSG00000212163.6	exon|gene|transcript	150
chr17	64751806	64751956	ENSG00000215769.8|ENSG00000266820.1	exon|gene|transcript	150
chr17	43159859	43160009	ENSG00000012048.25|ENSG00000267002.4	exon|gene|transcript	150
chr17	43883052	43883202	ENSG00000108852.16	exon|gene|transcript	150
chr17	8067865	8068015	ENSG00000275011.1	exon|gene|transcript	150
chr17	20613858	20614008	ENSG00000227685.1|ENSG00000235546.2	exon|gene|transcript	150
chr17	16800371	16800521	ENSG00000188933.17|ENSG00000266302.6|ENSG00000272815.1|ENSG00000290976.1	exon|gene|transcript	150
chr17	45244025	45244175	ENSG00000184922.15	exon|gene|transcript	150
chr17	72426032	72426182	ENSG00000227036.10|ENSG00000263680.2	exon|gene|transcript	150
chr17	81809884	81810034	ENSG00000215644.10	exon|gene|transcript	150
chr17	18124565	18124715	ENSG00000091536.20	exon|gene|transcript	150
chr17	18515195	18515345	ENSG00000233327.12|ENSG00000273018.7|ENSG00000290659.1	exon|gene|transcript	150
chr17	559438	559588	ENSG00000141252.21	exon|gene|transcript	150
chr17	44794799	44794949	ENSG00000267405.1	exon|gene|transcript	150
chr17	82890790	82890940	ENSG00000141556.22	exon|gene|transcript	150
chr17	2040952	2041101	ENSG00000108963.19|ENSG00000287553.1	exon|gene|transcript	149
chr17	50172028	50172177	ENSG00000108823.17|ENSG00000293483.1	exon|gene|transcript	149
chr17	67893220	67893369	ENSG00000171634.19	exon|gene|transcript	149
chr17	20519771	20519920	ENSG00000205215.9|ENSG00000291198.1	exon|gene|transcript	149
chr17	50100858	50101007	ENSG00000005882.12|ENSG00000250282.1	exon|gene|transcript	149
chr17	67225392	67225541	ENSG00000198265.12|ENSG00000264421.1	exon|gene|transcript	149
chr17	20443845	20443994	ENSG00000230528.8|ENSG00000287490.1|ENSG00000291195.1	exon|gene|transcript	149
chr17	58732331	58732480	ENSG00000108384.16	exon|gene|transcript	149
chr17	7626793	7626942	ENSG00000129214.15|ENSG00000141504.12	exon|gene|transcript	149
chr17	20609461	20609610	ENSG00000226096.1	exon|gene|transcript	149
chr17	52986635	52986784	ENSG00000227011.4	exon|gene|transcript	149
chr17	4714639	4714788	ENSG00000141480.18	exon|gene|transcript	149
chr17	4191186	4191335	ENSG00000185722.18	exon|gene|transcript	149
chr17	15783413	15783562	ENSG00000227018.1	exon|gene|transcript	149
chr17	57444600	57444749	ENSG00000153944.12	exon|gene|transcript	149
chr17	64377641	64377790	ENSG00000261371.6	exon|gene|transcript	149
chr17	42233831	42233980	ENSG00000173757.11|ENSG00000280295.1	exon|gene|transcript	149
chr17	32151137	32151286	ENSG00000126858.19|ENSG00000265293.2	exon|gene|transcript	149
chr17	80059336	80059485	ENSG00000141519.15|ENSG00000289689.1	exon|gene|transcript	149
chr17	18500315	18500464	ENSG00000167494.10|ENSG00000290658.1	exon|gene|transcript	149
chr17	32408160	32408309	ENSG00000274341.1	exon|gene|transcript	149
chr17	16940762	16940911	ENSG00000240505.9	exon|gene|transcript	149
chr17	80382811	80382960	ENSG00000173821.20|ENSG00000263069.6	exon|gene|transcript	149
chr17	75899366	75899515	ENSG00000204316.13|ENSG00000267342.1|ENSG00000267426.5	exon|gene|transcript	149
chr17	48705202	48705350	ENSG00000244649.5	exon|gene|transcript	148
chr17	27429985	27430133	ENSG00000266433.7|ENSG00000290422.1	exon|gene|transcript	148
chr17	12958897	12959045	ENSG00000006740.18	exon|gene|transcript	148
chr17	40687550	40687698	ENSG00000224244.1	exon|gene|transcript	148
chr17	62247005	62247153	ENSG00000266365.1	exon|gene|transcript	148
chr17	2213696	2213844	ENSG00000070366.14|ENSG00000236838.2	exon|gene|transcript	148
chr17	73790562	73790710	ENSG00000177338.14|ENSG00000234721.3	exon|gene|transcript	148
chr17	46352671	46352819	ENSG00000228696.11	exon|gene|transcript	148
chr17	19588458	19588606	ENSG00000228983.10|ENSG00000262769.1|ENSG00000290454.1	exon|gene|transcript	148
chr17	18439984	18440132	ENSG00000214856.12|ENSG00000290657.1	exon|gene|transcript	148
chr17	35845038	35845186	ENSG00000270647.7	exon|gene|transcript	148
chr17	1011985	1012133	ENSG00000159842.16	exon|gene|transcript	148
chr17	20416697	20416845	ENSG00000287490.1|ENSG00000291194.1	exon|gene|transcript	148
chr17	16832605	16832753	ENSG00000227300.13|ENSG00000290978.1	exon|gene|transcript	148
chr17	57849024	57849172	ENSG00000181610.13	exon|gene|transcript	148
chr17	50064239	50064387	ENSG00000005884.18	exon|gene|transcript	148
chr17	44075161	44075309	ENSG00000141349.10	exon|gene|transcript	148
chr17	63338905	63339053	ENSG00000170921.16|ENSG00000233635.2	exon|gene|transcript	148
chr17	44195885	44196033	ENSG00000087152.16	exon|gene|transcript	148
chr17	42117239	42117387	ENSG00000108773.11	exon|gene|transcript	148
chr17	75393403	75393550	ENSG00000177885.15	exon|gene|transcript	147
chr17	41689069	41689216	ENSG00000173812.11	exon|gene|transcript	147
chr17	49825852	49825999	ENSG00000136504.15	exon|gene|transcript	147
chr17	39167337	39167484	ENSG00000141748.13|ENSG00000280177.1	exon|gene|transcript	147
chr17	28222666	28222813	ENSG00000287721.1	exon|gene|transcript	147
chr17	42659552	42659699	ENSG00000037042.9	exon|gene|transcript	147
chr17	46035366	46035513	ENSG00000120071.15|ENSG00000262372.1	exon|gene|transcript	147
chr17	58250621	58250768	ENSG00000167419.11	exon|gene|transcript	147
chr17	42218575	42218722	ENSG00000173757.11	exon|gene|transcript	147
chr17	28716755	28716902	ENSG00000109113.20	exon|gene|transcript	147
chr17	21529110	21529257	ENSG00000212719.15	exon|gene|transcript	147
chr17	41450778	41450925	ENSG00000236473.1	exon|gene|transcript	147
chr17	10768299	10768446	ENSG00000263400.8|ENSG00000264016.3|ENSG00000285220.1	exon|gene|transcript	147
chr17	38719267	38719414	ENSG00000275023.5|ENSG00000275665.1	exon|gene|transcript	147
chr17	37631752	37631899	ENSG00000278053.5	exon|gene|transcript	147
chr17	78165231	78165378	ENSG00000187997.12	exon|gene|transcript	147
chr17	81692553	81692700	ENSG00000185359.14	exon|gene|transcript	147
chr17	69626856	69627003	ENSG00000227517.7	exon|gene|transcript	147
chr17	72082134	72082281	ENSG00000226101.2|ENSG00000234899.11|ENSG00000288605.1	exon|gene|transcript	147
chr17	44914591	44914737	ENSG00000131095.14	exon|gene|transcript	146
chr17	17028441	17028587	ENSG00000287114.1	exon|gene|transcript	146
chr17	75562869	75563015	ENSG00000073350.14	exon|gene|transcript	146
chr17	80207122	80207268	ENSG00000141527.19|ENSG00000181523.13	exon|gene|transcript	146
chr17	68876313	68876459	ENSG00000141338.15	exon|gene|transcript	146
chr17	77374201	77374347	ENSG00000184640.20|ENSG00000266998.2	exon|gene|transcript	146
chr17	45519372	45519518	ENSG00000214425.11|ENSG00000291175.1	exon|gene|transcript	146
chr17	3527696	3527842	ENSG00000167723.15	exon|gene|transcript	146
chr17	32096843	32096989	ENSG00000264164.2|ENSG00000293288.1	exon|gene|transcript	146
chr17	82060157	82060303	ENSG00000169718.18	exon|gene|transcript	146
chr17	75792019	75792165	ENSG00000132478.10	exon|gene|transcript	146
chr17	69251482	69251628	ENSG00000154265.16	exon|gene|transcript	146
chr17	41327112	41327258	ENSG00000233014.1	exon|gene|transcript	146
chr17	79083335	79083481	ENSG00000167280.17	exon|gene|transcript	146
chr17	28256523	28256669	ENSG00000263788.1|ENSG00000264486.1	exon|gene|transcript	146
chr17	37845121	37845267	ENSG00000290810.1	exon|gene|transcript	146
chr17	21440097	21440243	ENSG00000212719.15	exon|gene|transcript	146
chr17	38572667	38572813	ENSG00000277363.5	exon|gene|transcript	146
chr17	7910700	7910846	ENSG00000170004.19	exon|gene|transcript	146
chr17	9598333	9598479	ENSG00000166596.15	exon|gene|transcript	146
chr17	64797263	64797409	ENSG00000214176.12|ENSG00000291117.1	exon|gene|transcript	146
chr17	31967220	31967366	ENSG00000178691.11	exon|gene|transcript	146
chr17	82571976	82572122	ENSG00000141568.21	exon|gene|transcript	146
chr17	7557890	7558036	ENSG00000248871.1|ENSG00000276384.1	exon|gene|transcript	146
chr17	68540577	68540723	ENSG00000108946.17|ENSG00000108950.12	exon|gene|transcript	146
chr17	31235465	31235610	ENSG00000196712.20	exon|gene|transcript	145
chr17	28265406	28265551	ENSG00000260777.2|ENSG00000264486.1	exon|gene|transcript	145
chr17	44692596	44692741	ENSG00000279879.1	exon|gene|transcript	145
chr17	31258198	31258343	ENSG00000196712.20	exon|gene|transcript	145
chr17	59837950	59838095	ENSG00000062716.13	exon|gene|transcript	145
chr17	15848970	15849115	ENSG00000227790.8|ENSG00000290377.1	exon|gene|transcript	145
chr17	42218005	42218150	ENSG00000173757.11	exon|gene|transcript	145
chr17	1477359	1477504	ENSG00000197879.17	exon|gene|transcript	145
chr17	57994705	57994850	ENSG00000264112.1|ENSG00000266086.3	exon|gene|transcript	145
chr17	9469105	9469250	ENSG00000170310.15|ENSG00000225751.2	exon|gene|transcript	145
chr17	62791124	62791269	ENSG00000173838.12|ENSG00000287457.1	exon|gene|transcript	145
chr17	45519227	45519372	ENSG00000214425.11|ENSG00000291175.1	exon|gene|transcript	145
chr17	39660014	39660159	ENSG00000131748.16	exon|gene|transcript	145
chr17	39719834	39719979	ENSG00000141736.14	exon|gene|transcript	145
chr17	8491718	8491863	ENSG00000133026.14	exon|gene|transcript	145
chr17	20955820	20955965	ENSG00000233098.10	exon|gene|transcript	145
chr17	47826894	47827039	ENSG00000159111.13	exon|gene|transcript	145
chr17	27037990	27038135	ENSG00000266736.1	exon|gene|transcript	145
chr17	18381730	18381875	ENSG00000214860.5|ENSG00000264177.1	exon|gene|transcript	145
chr17	39660285	39660430	ENSG00000131748.16	exon|gene|transcript	145
chr17	69087473	69087618	ENSG00000154262.13	exon|gene|transcript	145
chr17	7011306	7011451	ENSG00000215067.12|ENSG00000267047.1	exon|gene|transcript	145
chr17	59174982	59175127	ENSG00000068489.13|ENSG00000266537.1	exon|gene|transcript	145
chr17	75271935	75272080	ENSG00000263843.1	exon|gene|transcript	145
chr17	6479891	6480036	ENSG00000091622.16	exon|gene|transcript	145
chr17	51435552	51435696	ENSG00000267452.3	exon|gene|transcript	144
chr17	69109378	69109522	ENSG00000154262.13	exon|gene|transcript	144
chr17	11619781	11619925	ENSG00000007174.18	exon|gene|transcript	144
chr17	30739675	30739819	ENSG00000264538.8|ENSG00000280069.1|ENSG00000290928.1	exon|gene|transcript	144
chr17	47899486	47899630	ENSG00000167182.16|ENSG00000234494.8	exon|gene|transcript	144
chr17	29016349	29016493	ENSG00000179761.12|ENSG00000238007.1	exon|gene|transcript	144
chr17	30897446	30897590	ENSG00000172171.11	exon|gene|transcript	144
chr17	80207685	80207829	ENSG00000141527.19|ENSG00000181523.13	exon|gene|transcript	144
chr17	21092207	21092351	ENSG00000236819.2	exon|gene|transcript	144
chr17	7865040	7865184	ENSG00000183011.14|ENSG00000280046.1	exon|gene|transcript	144
chr17	30530307	30530451	ENSG00000264958.2	exon|gene|transcript	144
chr17	59690491	59690635	ENSG00000141367.13|ENSG00000141378.15	exon|gene|transcript	144
chr17	79601292	79601436	ENSG00000167281.20|ENSG00000263278.2	exon|gene|transcript	144
chr17	78645399	78645543	ENSG00000289922.1	exon|gene|transcript	144
chr17	18527569	18527713	ENSG00000227689.1|ENSG00000273018.7	exon|gene|transcript	144
chr17	12211121	12211265	ENSG00000265400.1	exon|gene|transcript	144
chr17	45249213	45249357	ENSG00000233483.5|ENSG00000267278.6|ENSG00000293499.1	exon|gene|transcript	144
chr17	32083178	32083322	ENSG00000293288.1	exon|gene|transcript	144
chr17	80804730	80804874	ENSG00000141564.16|ENSG00000262833.1	exon|gene|transcript	144
chr17	42509802	42509946	ENSG00000033627.18|ENSG00000267632.1	exon|gene|transcript	144
chr17	28580171	28580315	ENSG00000076382.17|ENSG00000167524.17|ENSG00000258472.10	exon|gene|transcript	144
chr17	6896315	6896459	ENSG00000215067.12|ENSG00000262943.10|ENSG00000291084.1	exon|gene|transcript	144
chr17	18006879	18007023	ENSG00000171953.16|ENSG00000171962.19	exon|gene|transcript	144
chr17	43215941	43216085	ENSG00000184988.8	exon|gene|transcript	144
chr17	18731069	18731213	ENSG00000108448.24|ENSG00000291110.1	exon|gene|transcript	144
chr17	76153567	76153711	ENSG00000141576.16|ENSG00000267128.2	exon|gene|transcript	144
chr17	19417910	19418054	ENSG00000235979.9	exon|gene|transcript	144
chr17	306538	306681	ENSG00000181031.16	exon|gene|transcript	143
chr17	21457433	21457576	ENSG00000212719.15|ENSG00000264023.1|ENSG00000265043.1	exon|gene|transcript	143
chr17	50363549	50363692	ENSG00000279792.1	exon|gene|transcript	143
chr17	63828562	63828705	ENSG00000087191.14|ENSG00000108592.17	exon|gene|transcript	143
chr17	44320749	44320892	ENSG00000013306.16	exon|gene|transcript	143
chr17	18704404	18704547	ENSG00000291110.1	exon|gene|transcript	143
chr17	22435484	22435627	ENSG00000293297.1	exon|gene|transcript	143
chr17	1468789	1468932	ENSG00000197879.17	exon|gene|transcript	143
chr17	75843519	75843662	ENSG00000092929.13	exon|gene|transcript	143
chr17	13776833	13776976	ENSG00000236088.12	exon|gene|transcript	143
chr17	15860824	15860967	ENSG00000227790.8	exon|gene|transcript	143
chr17	21441975	21442118	ENSG00000212719.15	exon|gene|transcript	143
chr17	2094784	2094927	ENSG00000070366.14|ENSG00000262810.1	exon|gene|transcript	143
chr17	38256897	38257040	ENSG00000274487.5|ENSG00000291088.1	exon|gene|transcript	143
chr17	18268685	18268828	ENSG00000260647.1	exon|gene|transcript	143
chr17	73750584	73750727	ENSG00000177338.14|ENSG00000263574.2	exon|gene|transcript	143
chr17	48690481	48690624	ENSG00000244559.1|ENSG00000244649.5	exon|gene|transcript	143
chr17	68133215	68133358	ENSG00000267023.6|ENSG00000277476.1|ENSG00000290646.1|ENSG00000291214.1	exon|gene|transcript	143
chr17	82444128	82444271	ENSG00000178927.19	exon|gene|transcript	143
chr17	45973735	45973878	ENSG00000186868.18	exon|gene|transcript	143
chr17	4743847	4743990	ENSG00000141497.14	exon|gene|transcript	143
chr17	77094316	77094459	ENSG00000129657.16|ENSG00000234912.12	exon|gene|transcript	143
chr17	21259967	21260110	ENSG00000266563.1	exon|gene|transcript	143
chr17	28578528	28578671	ENSG00000076382.17|ENSG00000167524.17	exon|gene|transcript	143
chr17	20983901	20984043	ENSG00000233098.10|ENSG00000263729.1	exon|gene|transcript	142
chr17	12636868	12637010	ENSG00000179136.8	exon|gene|transcript	142
chr17	36492039	36492181	ENSG00000273611.5	exon|gene|transcript	142
chr17	58009425	58009567	ENSG00000279069.2	exon|gene|transcript	142
chr17	34997213	34997355	ENSG00000005156.12	exon|gene|transcript	142
chr17	44681730	44681872	ENSG00000180329.14|ENSG00000180336.18	exon|gene|transcript	142
chr17	12036495	12036637	ENSG00000065559.15|ENSG00000252707.1	exon|gene|transcript	142
chr17	4179877	4180019	ENSG00000167740.10|ENSG00000185722.18	exon|gene|transcript	142
chr17	75268192	75268334	ENSG00000125457.15	exon|gene|transcript	142
chr17	68931786	68931928	ENSG00000141338.15	exon|gene|transcript	142
chr17	82255186	82255328	ENSG00000141526.18|ENSG00000141551.15	exon|gene|transcript	142
chr17	19273133	19273275	ENSG00000072134.16	exon|gene|transcript	142
chr17	34163611	34163753	ENSG00000108684.15|ENSG00000263571.3	exon|gene|transcript	142
chr17	42759738	42759880	ENSG00000131477.11|ENSG00000197291.9	exon|gene|transcript	142
chr17	43145113	43145255	ENSG00000012048.25|ENSG00000198496.12|ENSG00000267681.1	exon|gene|transcript	142
chr17	7001250	7001392	ENSG00000108839.12|ENSG00000215067.12|ENSG00000267047.1	exon|gene|transcript	142
chr17	18594720	18594862	ENSG00000154874.18|ENSG00000291090.1	exon|gene|transcript	142
chr17	20351256	20351398	ENSG00000154898.17	exon|gene|transcript	142
chr17	29578819	29578961	ENSG00000108262.16|ENSG00000264031.1	exon|gene|transcript	142
chr17	79922748	79922890	ENSG00000262188.4|ENSG00000262585.1	exon|gene|transcript	142
chr17	22205009	22205151	ENSG00000290919.1	exon|gene|transcript	142
chr17	763905	764047	ENSG00000167699.14|ENSG00000262228.3	exon|gene|transcript	142
chr17	34078893	34079035	ENSG00000108684.15|ENSG00000265356.2|ENSG00000279668.4	exon|gene|transcript	142
chr17	42061520	42061662	ENSG00000187595.18	exon|gene|transcript	142
chr17	63816588	63816730	ENSG00000198231.14	exon|gene|transcript	142
chr17	68677223	68677365	ENSG00000267659.5	exon|gene|transcript	142
chr17	3903695	3903837	ENSG00000108405.4	exon|gene|transcript	142
chr17	234444	234585	ENSG00000181031.16	exon|gene|transcript	141
chr17	47977910	47978051	ENSG00000108465.15|ENSG00000263798.2	exon|gene|transcript	141
chr17	39045206	39045347	ENSG00000214553.12|ENSG00000290925.1	exon|gene|transcript	141
chr17	19096555	19096696	ENSG00000228157.4	exon|gene|transcript	141
chr17	12980906	12981047	ENSG00000006740.18	exon|gene|transcript	141
chr17	55420392	55420533	ENSG00000108960.9	exon|gene|transcript	141
chr17	20547767	20547908	ENSG00000235203.2|ENSG00000267075.1	exon|gene|transcript	141
chr17	20844116	20844257	ENSG00000226981.2|ENSG00000291074.1	exon|gene|transcript	141
chr17	48294374	48294515	ENSG00000141293.16|ENSG00000235300.5	exon|gene|transcript	141
chr17	56884638	56884779	ENSG00000121060.19|ENSG00000262408.1	exon|gene|transcript	141
chr17	45829419	45829560	ENSG00000120088.16|ENSG00000263715.7|ENSG00000264589.5	exon|gene|transcript	141
chr17	73794324	73794465	ENSG00000177338.14|ENSG00000234721.3	exon|gene|transcript	141
chr17	76570668	76570809	ENSG00000070731.11|ENSG00000163597.17|ENSG00000267078.1	exon|gene|transcript	141
chr17	30631754	30631895	ENSG00000214719.13|ENSG00000250462.9|ENSG00000290450.1	exon|gene|transcript	141
chr17	81855283	81855424	ENSG00000185624.16	exon|gene|transcript	141
chr17	34942906	34943047	ENSG00000132141.14	exon|gene|transcript	141
chr17	15310731	15310872	ENSG00000125409.13|ENSG00000286792.1	exon|gene|transcript	141
chr17	18240884	18241025	ENSG00000131899.13	exon|gene|transcript	141
chr17	47080790	47080931	ENSG00000262879.7|ENSG00000289730.1	exon|gene|transcript	141
chr17	45647652	45647793	ENSG00000263715.7|ENSG00000293460.1	exon|gene|transcript	141
chr17	6688777	6688918	ENSG00000141485.17|ENSG00000256806.6|ENSG00000290366.1	exon|gene|transcript	141
chr17	49288905	49289046	ENSG00000177369.11	exon|gene|transcript	141
chr17	7262988	7263129	ENSG00000181885.18	exon|gene|transcript	141
chr17	32531351	32531492	ENSG00000176658.17|ENSG00000266599.1	exon|gene|transcript	141
chr17	6758329	6758469	ENSG00000132530.17	exon|gene|transcript	140
chr17	44797590	44797730	ENSG00000267405.1	exon|gene|transcript	140
chr17	31887987	31888127	ENSG00000108651.10	exon|gene|transcript	140
chr17	31045409	31045549	ENSG00000265798.7|ENSG00000290858.1|ENSG00000291063.1	exon|gene|transcript	140
chr17	20437002	20437142	ENSG00000287490.1|ENSG00000291195.1	exon|gene|transcript	140
chr17	40348464	40348604	ENSG00000131759.18|ENSG00000278918.1	exon|gene|transcript	140
chr17	64822253	64822393	ENSG00000214176.12|ENSG00000291117.1	exon|gene|transcript	140
chr17	20415539	20415679	ENSG00000291194.1	exon|gene|transcript	140
chr17	19222374	19222514	ENSG00000072134.16|ENSG00000281856.1	exon|gene|transcript	140
chr17	64068049	64068189	ENSG00000178607.17|ENSG00000286629.1	exon|gene|transcript	140
chr17	45800650	45800790	ENSG00000120088.16|ENSG00000263715.7|ENSG00000264589.5	exon|gene|transcript	140
chr17	14779979	14780119	ENSG00000205325.4	exon|gene|transcript	140
chr17	62260633	62260773	ENSG00000266647.1	exon|gene|transcript	140
chr17	47021581	47021721	ENSG00000262633.2|ENSG00000262879.7|ENSG00000263142.6|ENSG00000291209.1	exon|gene|transcript	140
chr17	3928327	3928467	ENSG00000074370.18	exon|gene|transcript	140
chr17	14775481	14775621	ENSG00000205325.4	exon|gene|transcript	140
chr17	6896175	6896315	ENSG00000215067.12|ENSG00000262943.10|ENSG00000291084.1	exon|gene|transcript	140
chr17	21775699	21775839	ENSG00000283566.2	exon|gene|transcript	140
chr17	763706	763846	ENSG00000167699.14|ENSG00000262228.3	exon|gene|transcript	140
chr17	21018201	21018341	ENSG00000124422.12	exon|gene|transcript	140
chr17	77882398	77882538	ENSG00000204283.4	exon|gene|transcript	140
chr17	32445373	32445513	ENSG00000108671.11|ENSG00000279762.3	exon|gene|transcript	140
chr17	32095061	32095201	ENSG00000293288.1	exon|gene|transcript	140
chr17	49788849	49788989	ENSG00000121104.8|ENSG00000136504.15	exon|gene|transcript	140
chr17	82795956	82796095	ENSG00000141556.22|ENSG00000263098.1	exon|gene|transcript	139
chr17	31526524	31526663	ENSG00000131242.18	exon|gene|transcript	139
chr17	36861725	36861864	ENSG00000277268.2	exon|gene|transcript	139
chr17	49825300	49825439	ENSG00000136504.15	exon|gene|transcript	139
chr17	699191	699330	ENSG00000141252.21	exon|gene|transcript	139
chr17	81913912	81914051	ENSG00000187531.14	exon|gene|transcript	139
chr17	45148044	45148183	ENSG00000276728.2	exon|gene|transcript	139
chr17	538435	538574	ENSG00000141252.21|ENSG00000263300.1	exon|gene|transcript	139
chr17	31358340	31358479	ENSG00000196712.20	exon|gene|transcript	139
chr17	7906121	7906260	ENSG00000170004.19|ENSG00000252835.1	exon|gene|transcript	139
chr17	17868964	17869103	ENSG00000175662.18	exon|gene|transcript	139
chr17	62288649	62288788	ENSG00000263887.7	exon|gene|transcript	139
chr17	81004452	81004591	ENSG00000176108.9|ENSG00000280351.2	exon|gene|transcript	139
chr17	28640420	28640559	ENSG00000007202.16	exon|gene|transcript	139
chr17	76832588	76832727	ENSG00000287836.1	exon|gene|transcript	139
chr17	43927171	43927310	ENSG00000267166.5	exon|gene|transcript	139
chr17	67271468	67271607	ENSG00000207410.1|ENSG00000285877.1	exon|gene|transcript	139
chr17	39044941	39045080	ENSG00000214553.12|ENSG00000290925.1	exon|gene|transcript	139
chr17	78630141	78630280	ENSG00000267123.7	exon|gene|transcript	139
chr17	50484302	50484441	ENSG00000136444.10	exon|gene|transcript	139
chr17	31575521	31575659	ENSG00000228768.3	exon|gene|transcript	138
chr17	41411346	41411484	ENSG00000225438.1|ENSG00000234859.5	exon|gene|transcript	138
chr17	37360253	37360391	ENSG00000278540.5	exon|gene|transcript	138
chr17	35917872	35918010	ENSG00000271013.1	exon|gene|transcript	138
chr17	36187813	36187951	ENSG00000274767.1	exon|gene|transcript	138
chr17	47548189	47548327	ENSG00000141279.18	exon|gene|transcript	138
chr17	6775647	6775785	ENSG00000279296.1	exon|gene|transcript	138
chr17	64758241	64758379	ENSG00000215769.8|ENSG00000266820.1	exon|gene|transcript	138
chr17	18024704	18024842	ENSG00000171953.16	exon|gene|transcript	138
chr17	42478617	42478755	ENSG00000033627.18	exon|gene|transcript	138
chr17	38551747	38551885	ENSG00000277363.5	exon|gene|transcript	138
chr17	48933066	48933204	ENSG00000159210.10|ENSG00000230532.1	exon|gene|transcript	138
chr17	71596337	71596475	ENSG00000225818.1	exon|gene|transcript	138
chr17	78249684	78249822	ENSG00000267676.1|ENSG00000283914.1	exon|gene|transcript	138
chr17	68043699	68043837	ENSG00000182481.10	exon|gene|transcript	138
chr17	44383946	44384084	ENSG00000005961.19	exon|gene|transcript	138
chr17	6749840	6749978	ENSG00000244283.1|ENSG00000262990.1	exon|gene|transcript	138
chr17	7383089	7383227	ENSG00000174292.13	exon|gene|transcript	138
chr17	59996039	59996177	ENSG00000266992.1|ENSG00000267104.2|ENSG00000267302.5	exon|gene|transcript	138
chr17	31234253	31234391	ENSG00000196712.20	exon|gene|transcript	138
chr17	78124350	78124488	ENSG00000141524.19	exon|gene|transcript	138
chr17	59995814	59995952	ENSG00000266992.1|ENSG00000267104.2|ENSG00000267302.5	exon|gene|transcript	138
chr17	20367612	20367750	ENSG00000154898.17	exon|gene|transcript	138
chr17	81343850	81343988	ENSG00000287431.1	exon|gene|transcript	138
chr17	15764702	15764840	ENSG00000227255.1	exon|gene|transcript	138
chr17	62808499	62808637	ENSG00000265000.1	exon|gene|transcript	138
chr17	35833941	35834079	ENSG00000270647.7	exon|gene|transcript	138
chr17	22331596	22331734	ENSG00000266806.1	exon|gene|transcript	138
chr17	40834381	40834519	ENSG00000167920.12	exon|gene|transcript	138
chr17	18577939	18578077	ENSG00000154874.18|ENSG00000291090.1	exon|gene|transcript	138
chr17	74763224	74763362	ENSG00000109062.12	exon|gene|transcript	138
chr17	8277986	8278123	ENSG00000269947.1	exon|gene|transcript	137
chr17	82577187	82577324	ENSG00000141568.21|ENSG00000265136.1	exon|gene|transcript	137
chr17	74773353	74773490	ENSG00000109065.12	exon|gene|transcript	137
chr17	6761748	6761885	ENSG00000132530.17	exon|gene|transcript	137
chr17	15266847	15266984	ENSG00000109099.16|ENSG00000286792.1	exon|gene|transcript	137
chr17	56472913	56473050	ENSG00000153930.13|ENSG00000279606.1	exon|gene|transcript	137
chr17	20522091	20522228	ENSG00000205215.9|ENSG00000291198.1	exon|gene|transcript	137
chr17	18422180	18422317	ENSG00000205266.11|ENSG00000290655.1	exon|gene|transcript	137
chr17	61389235	61389372	ENSG00000141376.24|ENSG00000267131.1	exon|gene|transcript	137
chr17	8329582	8329719	ENSG00000212206.1	exon|gene|transcript	137
chr17	77375317	77375454	ENSG00000184640.20|ENSG00000266998.2	exon|gene|transcript	137
chr17	5061126	5061263	ENSG00000262495.1	exon|gene|transcript	137
chr17	20342357	20342494	ENSG00000154898.17|ENSG00000293363.2	exon|gene|transcript	137
chr17	61389504	61389641	ENSG00000141376.24|ENSG00000267131.1	exon|gene|transcript	137
chr17	39632491	39632628	ENSG00000131771.14	exon|gene|transcript	137
chr17	508329	508466	ENSG00000263015.1	exon|gene|transcript	137
chr17	18603603	18603740	ENSG00000154874.18|ENSG00000291090.1	exon|gene|transcript	137
chr17	62065514	62065651	ENSG00000289293.1	exon|gene|transcript	137
chr17	42867278	42867415	ENSG00000260105.7|ENSG00000291070.1	exon|gene|transcript	137
chr17	21573257	21573394	ENSG00000212719.15	exon|gene|transcript	137
chr17	21458852	21458989	ENSG00000212719.15|ENSG00000264023.1|ENSG00000265043.1	exon|gene|transcript	137
chr17	72818835	72818972	ENSG00000133195.12|ENSG00000252274.1	exon|gene|transcript	137
chr17	46267127	46267264	ENSG00000291018.1	exon|gene|transcript	137
chr17	50550399	50550535	ENSG00000006282.22	exon|gene|transcript	136
chr17	61070122	61070258	ENSG00000141376.24|ENSG00000227694.1|ENSG00000267449.1	exon|gene|transcript	136
chr17	80236791	80236927	ENSG00000181045.15	exon|gene|transcript	136
chr17	30535092	30535228	ENSG00000264958.2	exon|gene|transcript	136
chr17	31199691	31199827	ENSG00000196712.20	exon|gene|transcript	136
chr17	12973319	12973455	ENSG00000006740.18|ENSG00000280168.1	exon|gene|transcript	136
chr17	68448304	68448440	ENSG00000070540.13|ENSG00000267009.6	exon|gene|transcript	136
chr17	18422813	18422949	ENSG00000205266.11|ENSG00000290655.1	exon|gene|transcript	136
chr17	18424352	18424488	ENSG00000205266.11|ENSG00000290655.1	exon|gene|transcript	136
chr17	32658978	32659114	ENSG00000176658.17|ENSG00000264458.1	exon|gene|transcript	136
chr17	82050125	82050261	ENSG00000169733.12	exon|gene|transcript	136
chr17	39080643	39080779	ENSG00000161381.14|ENSG00000293194.1	exon|gene|transcript	136
chr17	78677550	78677686	ENSG00000108669.18	exon|gene|transcript	136
chr17	43176540	43176676	ENSG00000188554.15	exon|gene|transcript	136
chr17	83104853	83104989	ENSG00000261888.1	exon|gene|transcript	136
chr17	75679606	75679742	ENSG00000161526.15|ENSG00000264829.1	exon|gene|transcript	136
chr17	1854138	1854274	ENSG00000132383.12	exon|gene|transcript	136
chr17	75492337	75492473	ENSG00000177728.17	exon|gene|transcript	136
chr17	5426503	5426639	ENSG00000129197.15|ENSG00000263272.1	exon|gene|transcript	136
chr17	22266151	22266287	ENSG00000263609.2	exon|gene|transcript	136
chr17	64905882	64906018	ENSG00000176809.11|ENSG00000265218.1|ENSG00000271974.1	exon|gene|transcript	136
chr17	64155983	64156119	ENSG00000136478.9	exon|gene|transcript	136
chr17	58544535	58544671	ENSG00000264672.6	exon|gene|transcript	136
chr17	74866584	74866720	ENSG00000161513.12	exon|gene|transcript	136
chr17	80825772	80825908	ENSG00000141564.16|ENSG00000287403.1	exon|gene|transcript	136
chr17	16848245	16848381	ENSG00000205312.9|ENSG00000290980.1	exon|gene|transcript	136
chr17	81401089	81401225	ENSG00000266074.11	exon|gene|transcript	136
chr17	81697024	81697160	ENSG00000185359.14|ENSG00000275902.1	exon|gene|transcript	136
chr17	20949102	20949238	ENSG00000233098.10	exon|gene|transcript	136
chr17	21431300	21431436	ENSG00000212719.15	exon|gene|transcript	136
chr17	20981488	20981624	ENSG00000233098.10|ENSG00000266009.1	exon|gene|transcript	136
chr17	76084580	76084716	ENSG00000182473.22	exon|gene|transcript	136
chr17	8491408	8491544	ENSG00000133026.14	exon|gene|transcript	136
chr17	43855595	43855731	ENSG00000161649.14	exon|gene|transcript	136
chr17	43050190	43050326	ENSG00000012048.25	exon|gene|transcript	136
chr17	7575679	7575814	ENSG00000161960.16|ENSG00000264772.6|ENSG00000277957.1	exon|gene|transcript	135
chr17	30956469	30956604	ENSG00000184060.11|ENSG00000230113.1	exon|gene|transcript	135
chr17	45558406	45558541	ENSG00000266504.1|ENSG00000267198.1|ENSG00000267246.1|ENSG00000291175.1	exon|gene|transcript	135
chr17	44195158	44195293	ENSG00000087152.16	exon|gene|transcript	135
chr17	44223532	44223667	ENSG00000260793.4	exon|gene|transcript	135
chr17	80204091	80204226	ENSG00000141527.19|ENSG00000262580.5	exon|gene|transcript	135
chr17	82598959	82599094	ENSG00000141568.21	exon|gene|transcript	135
chr17	42202808	42202943	ENSG00000173757.11	exon|gene|transcript	135
chr17	28616753	28616888	ENSG00000007202.16|ENSG00000227543.5	exon|gene|transcript	135
chr17	55560956	55561091	ENSG00000236319.3|ENSG00000293350.1	exon|gene|transcript	135
chr17	58008032	58008167	ENSG00000279069.2	exon|gene|transcript	135
chr17	41628469	41628604	ENSG00000214514.9|ENSG00000290861.1	exon|gene|transcript	135
chr17	37387745	37387880	ENSG00000276054.1|ENSG00000278505.5|ENSG00000278540.5	exon|gene|transcript	135
chr17	81371516	81371651	ENSG00000263154.1	exon|gene|transcript	135
chr17	21535292	21535427	ENSG00000212719.15|ENSG00000266466.1	exon|gene|transcript	135
chr17	81032891	81033026	ENSG00000226137.5	exon|gene|transcript	135
chr17	15681087	15681222	ENSG00000221926.13	exon|gene|transcript	135
chr17	18245419	18245554	ENSG00000177731.16	exon|gene|transcript	135
chr17	38702818	38702953	ENSG00000277969.2	exon|gene|transcript	135
chr17	49544846	49544981	ENSG00000249906.1|ENSG00000250310.2	exon|gene|transcript	135
chr17	48047489	48047624	ENSG00000263412.3	exon|gene|transcript	135
chr17	30709450	30709585	ENSG00000290928.1	exon|gene|transcript	135
chr17	44914109	44914244	ENSG00000131095.14	exon|gene|transcript	135
chr17	45238428	45238563	ENSG00000184922.15|ENSG00000233175.2	exon|gene|transcript	135
chr17	28022329	28022464	ENSG00000202389.1	exon|gene|transcript	135
chr17	42815772	42815907	ENSG00000126581.13	exon|gene|transcript	135
chr17	81898297	81898432	ENSG00000141552.18	exon|gene|transcript	135
chr17	82918372	82918506	ENSG00000141556.22|ENSG00000262663.1	exon|gene|transcript	134
chr17	82448229	82448363	ENSG00000178927.19	exon|gene|transcript	134
chr17	42114084	42114218	ENSG00000108773.11	exon|gene|transcript	134
chr17	10768446	10768580	ENSG00000263400.8|ENSG00000264016.3|ENSG00000285220.1	exon|gene|transcript	134
chr17	1012261	1012395	ENSG00000159842.16	exon|gene|transcript	134
chr17	8480943	8481077	ENSG00000133026.14|ENSG00000166579.16	exon|gene|transcript	134
chr17	62005193	62005327	ENSG00000108510.10|ENSG00000279133.1	exon|gene|transcript	134
chr17	17981291	17981425	ENSG00000171953.16|ENSG00000171962.19|ENSG00000230273.1	exon|gene|transcript	134
chr17	6954107	6954241	ENSG00000215067.12|ENSG00000263316.1	exon|gene|transcript	134
chr17	76092910	76093044	ENSG00000182473.22	exon|gene|transcript	134
chr17	75819785	75819919	ENSG00000132478.10|ENSG00000266980.1	exon|gene|transcript	134
chr17	50050910	50051044	ENSG00000246640.2	exon|gene|transcript	134
chr17	17511863	17511997	ENSG00000133027.18|ENSG00000286430.1	exon|gene|transcript	134
chr17	4543165	4543299	ENSG00000132382.15	exon|gene|transcript	134
chr17	78139027	78139161	ENSG00000167895.16	exon|gene|transcript	134
chr17	69982328	69982462	ENSG00000237560.9	exon|gene|transcript	134
chr17	50464294	50464428	ENSG00000167107.13	exon|gene|transcript	134
chr17	18110223	18110357	ENSG00000091536.20|ENSG00000279428.1	exon|gene|transcript	134
chr17	61121457	61121591	ENSG00000141376.24|ENSG00000286997.1	exon|gene|transcript	134
chr17	61069870	61070004	ENSG00000141376.24|ENSG00000227694.1|ENSG00000267207.1|ENSG00000267449.1	exon|gene|transcript	134
chr17	18605779	18605913	ENSG00000154874.18|ENSG00000291090.1	exon|gene|transcript	134
chr17	45262377	45262511	ENSG00000267278.6	exon|gene|transcript	134
chr17	31021909	31022042	ENSG00000266865.9|ENSG00000291063.1	exon|gene|transcript	133
chr17	38898597	38898730	ENSG00000002834.19	exon|gene|transcript	133
chr17	56845809	56845942	ENSG00000121060.19|ENSG00000153933.10	exon|gene|transcript	133
chr17	33969145	33969278	ENSG00000108684.15|ENSG00000265356.2|ENSG00000279668.4	exon|gene|transcript	133
chr17	20555426	20555559	ENSG00000263946.2|ENSG00000293327.1	exon|gene|transcript	133
chr17	65873503	65873636	ENSG00000154240.18	exon|gene|transcript	133
chr17	42270516	42270649	ENSG00000173757.11|ENSG00000236194.3	exon|gene|transcript	133
chr17	79006053	79006186	ENSG00000171302.17	exon|gene|transcript	133
chr17	63454992	63455125	ENSG00000265971.1	exon|gene|transcript	133
chr17	30490217	30490350	ENSG00000108587.16	exon|gene|transcript	133
chr17	58232659	58232792	ENSG00000167419.11|ENSG00000287337.1	exon|gene|transcript	133
chr17	63999182	63999315	ENSG00000224383.8|ENSG00000264954.2	exon|gene|transcript	133
chr17	36161606	36161739	ENSG00000276241.1|ENSG00000282738.1	exon|gene|transcript	133
chr17	19718584	19718717	ENSG00000180638.19	exon|gene|transcript	133
chr17	76089675	76089808	ENSG00000182473.22	exon|gene|transcript	133
chr17	81342768	81342901	ENSG00000287431.1	exon|gene|transcript	133
chr17	45843740	45843873	ENSG00000264589.5	exon|gene|transcript	133
chr17	30608429	30608562	ENSG00000214719.13|ENSG00000248121.9|ENSG00000290395.1	exon|gene|transcript	133
chr17	79084404	79084537	ENSG00000167280.17	exon|gene|transcript	133
chr17	38724976	38725109	ENSG00000275023.5	exon|gene|transcript	133
chr17	59426004	59426137	ENSG00000265313.8	exon|gene|transcript	133
chr17	9273301	9273434	ENSG00000170310.15	exon|gene|transcript	133
chr17	41820813	41820946	ENSG00000141756.20	exon|gene|transcript	133
chr17	19625840	19625973	ENSG00000231625.5	exon|gene|transcript	133
chr17	74860708	74860841	ENSG00000161509.14	exon|gene|transcript	133
chr17	28613688	28613820	ENSG00000167524.17|ENSG00000227543.5|ENSG00000258472.10	exon|gene|transcript	132
chr17	28639182	28639314	ENSG00000007202.16	exon|gene|transcript	132
chr17	63689735	63689867	ENSG00000198909.8|ENSG00000266173.7	exon|gene|transcript	132
chr17	60000030	60000162	ENSG00000266992.1|ENSG00000267104.2	exon|gene|transcript	132
chr17	54609248	54609380	ENSG00000288036.1	exon|gene|transcript	132
chr17	45896353	45896485	ENSG00000186868.18|ENSG00000279685.2	exon|gene|transcript	132
chr17	7019147	7019279	ENSG00000267047.1|ENSG00000267532.5	exon|gene|transcript	132
chr17	64943261	64943393	ENSG00000265912.1|ENSG00000280299.1	exon|gene|transcript	132
chr17	45558938	45559070	ENSG00000266504.1|ENSG00000267198.1|ENSG00000291175.1	exon|gene|transcript	132
chr17	7512344	7512476	ENSG00000181222.19	exon|gene|transcript	132
chr17	803852	803984	ENSG00000167693.17	exon|gene|transcript	132
chr17	49719627	49719759	ENSG00000121104.8|ENSG00000250751.1	exon|gene|transcript	132
chr17	8579293	8579425	ENSG00000133026.14	exon|gene|transcript	132
chr17	59934524	59934656	ENSG00000108443.14	exon|gene|transcript	132
chr17	6661752	6661884	ENSG00000256806.6|ENSG00000290366.1	exon|gene|transcript	132
chr17	9639013	9639145	ENSG00000166596.15|ENSG00000265349.1	exon|gene|transcript	132
chr17	978298	978430	ENSG00000167693.17	exon|gene|transcript	132
chr17	58311438	58311570	ENSG00000005379.17	exon|gene|transcript	132
chr17	41582532	41582664	ENSG00000186847.6	exon|gene|transcript	132
chr17	64761915	64762047	ENSG00000215769.8|ENSG00000263647.1	exon|gene|transcript	132
chr17	910802	910934	ENSG00000167693.17|ENSG00000262003.1	exon|gene|transcript	132
chr17	72598558	72598690	ENSG00000227036.10	exon|gene|transcript	132
chr17	45799784	45799916	ENSG00000120088.16|ENSG00000263715.7|ENSG00000264589.5	exon|gene|transcript	132
chr17	28404347	28404479	ENSG00000076351.13	exon|gene|transcript	132
chr17	28925848	28925980	ENSG00000109118.14	exon|gene|transcript	132
chr17	43099642	43099774	ENSG00000012048.25	exon|gene|transcript	132
chr17	72141552	72141684	ENSG00000234899.11|ENSG00000288605.1	exon|gene|transcript	132
chr17	39027466	39027597	ENSG00000214553.12	exon|gene|transcript	131
chr17	50722532	50722663	ENSG00000108848.16|ENSG00000278963.1	exon|gene|transcript	131
chr17	56983264	56983395	ENSG00000121064.13|ENSG00000263120.1	exon|gene|transcript	131
chr17	72039970	72040101	ENSG00000228639.8|ENSG00000256124.6|ENSG00000288605.1	exon|gene|transcript	131
chr17	18551554	18551685	ENSG00000154874.18|ENSG00000273018.7|ENSG00000291090.1	exon|gene|transcript	131
chr17	70312830	70312961	ENSG00000267109.1	exon|gene|transcript	131
chr17	77258005	77258136	ENSG00000263718.3	exon|gene|transcript	131
chr17	39086975	39087106	ENSG00000161381.14|ENSG00000286443.1|ENSG00000293194.1	exon|gene|transcript	131
chr17	14775060	14775191	ENSG00000205325.4	exon|gene|transcript	131
chr17	67740668	67740799	ENSG00000130935.10|ENSG00000200394.1	exon|gene|transcript	131
chr17	29622054	29622185	ENSG00000167549.19|ENSG00000264007.1|ENSG00000264031.1	exon|gene|transcript	131
chr17	77099771	77099902	ENSG00000129657.16|ENSG00000234912.12	exon|gene|transcript	131
chr17	81823677	81823808	ENSG00000225663.8	exon|gene|transcript	131
chr17	20856798	20856929	ENSG00000266369.1|ENSG00000291074.1	exon|gene|transcript	131
chr17	64821635	64821766	ENSG00000214176.12|ENSG00000291117.1	exon|gene|transcript	131
chr17	50397757	50397888	ENSG00000253102.1	exon|gene|transcript	131
chr17	42867415	42867546	ENSG00000260105.7|ENSG00000291070.1	exon|gene|transcript	131
chr17	7701986	7702117	ENSG00000141499.18	exon|gene|transcript	131
chr17	50140228	50140359	ENSG00000108819.11|ENSG00000236472.1	exon|gene|transcript	131
chr17	18021264	18021395	ENSG00000171953.16	exon|gene|transcript	131
chr17	5111640	5111771	ENSG00000167840.14|ENSG00000234327.10	exon|gene|transcript	131
chr17	41212705	41212836	ENSG00000248807.1	exon|gene|transcript	131
chr17	49510982	49511113	ENSG00000064300.9|ENSG00000249906.1	exon|gene|transcript	131
chr17	19203832	19203963	ENSG00000236022.6	exon|gene|transcript	131
chr17	19077782	19077913	ENSG00000230197.6	exon|gene|transcript	131
chr17	41449258	41449389	ENSG00000236473.1	exon|gene|transcript	131
chr17	75591467	75591598	ENSG00000266714.11	exon|gene|transcript	131
chr17	75040473	75040604	ENSG00000167863.12|ENSG00000180901.11	exon|gene|transcript	131
chr17	19174297	19174428	ENSG00000266311.6	exon|gene|transcript	131
chr17	30481011	30481142	ENSG00000108587.16	exon|gene|transcript	131
chr17	75503527	75503658	ENSG00000177303.10	exon|gene|transcript	131
chr17	31022210	31022341	ENSG00000266865.9|ENSG00000291063.1	exon|gene|transcript	131
chr17	59604560	59604691	ENSG00000108406.10	exon|gene|transcript	131
chr17	1712925	1713055	ENSG00000186594.16	exon|gene|transcript	130
chr17	44383763	44383893	ENSG00000005961.19	exon|gene|transcript	130
chr17	8893778	8893908	ENSG00000141506.15	exon|gene|transcript	130
chr17	44375121	44375251	ENSG00000005961.19	exon|gene|transcript	130
chr17	16941347	16941477	ENSG00000240505.9	exon|gene|transcript	130
chr17	81135770	81135900	ENSG00000181409.14|ENSG00000263167.1	exon|gene|transcript	130
chr17	7701789	7701919	ENSG00000141499.18	exon|gene|transcript	130
chr17	20865288	20865418	ENSG00000291074.1	exon|gene|transcript	130
chr17	80804280	80804410	ENSG00000141564.16|ENSG00000262833.1	exon|gene|transcript	130
chr17	42190054	42190184	ENSG00000167925.17	exon|gene|transcript	130
chr17	75590776	75590906	ENSG00000266714.11	exon|gene|transcript	130
chr17	75705480	75705610	ENSG00000161526.15	exon|gene|transcript	130
chr17	49765576	49765706	ENSG00000121104.8	exon|gene|transcript	130
chr17	16137412	16137542	ENSG00000141027.23	exon|gene|transcript	130
chr17	7631748	7631878	ENSG00000129214.15	exon|gene|transcript	130
chr17	49004600	49004730	ENSG00000159217.10	exon|gene|transcript	130
chr17	45647485	45647615	ENSG00000263715.7|ENSG00000293460.1	exon|gene|transcript	130
chr17	38703471	38703601	ENSG00000275532.2|ENSG00000277969.2	exon|gene|transcript	130
chr17	45267198	45267328	ENSG00000006062.18|ENSG00000267278.6	exon|gene|transcript	130
chr17	43938833	43938963	ENSG00000261514.2	exon|gene|transcript	130
chr17	29571460	29571590	ENSG00000167543.16|ENSG00000264031.1	exon|gene|transcript	130
chr17	43379132	43379262	ENSG00000188825.16	exon|gene|transcript	130
chr17	14948068	14948198	ENSG00000226156.1|ENSG00000238212.3	exon|gene|transcript	130
chr17	72421768	72421898	ENSG00000227036.10	exon|gene|transcript	130
chr17	81857457	81857587	ENSG00000185624.16	exon|gene|transcript	130
chr17	72089675	72089805	ENSG00000226101.2|ENSG00000234899.11|ENSG00000288605.1	exon|gene|transcript	130
chr17	48045258	48045388	ENSG00000263412.3	exon|gene|transcript	130
chr17	64750593	64750723	ENSG00000215769.8|ENSG00000265298.1|ENSG00000266820.1	exon|gene|transcript	130
chr17	49375379	49375509	ENSG00000250948.1|ENSG00000262039.1	exon|gene|transcript	130
chr17	5480144	5480273	ENSG00000072849.11	exon|gene|transcript	129
chr17	44078665	44078794	ENSG00000108840.16|ENSG00000141349.10	exon|gene|transcript	129
chr17	16832220	16832349	ENSG00000227300.13|ENSG00000290978.1	exon|gene|transcript	129
chr17	42268586	42268715	ENSG00000173757.11|ENSG00000267758.1	exon|gene|transcript	129
chr17	74307209	74307338	ENSG00000171595.14|ENSG00000266106.1	exon|gene|transcript	129
chr17	63825926	63826055	ENSG00000108592.17	exon|gene|transcript	129
chr17	21541072	21541201	ENSG00000212719.15|ENSG00000266466.1	exon|gene|transcript	129
chr17	18450636	18450765	ENSG00000229526.3|ENSG00000293139.1	exon|gene|transcript	129
chr17	8266898	8267027	ENSG00000178921.14	exon|gene|transcript	129
chr17	7229678	7229807	ENSG00000004975.12	exon|gene|transcript	129
chr17	55617524	55617653	ENSG00000289016.1	exon|gene|transcript	129
chr17	18519674	18519803	ENSG00000273018.7|ENSG00000290659.1	exon|gene|transcript	129
chr17	19581426	19581555	ENSG00000228983.10|ENSG00000262769.1|ENSG00000290454.1	exon|gene|transcript	129
chr17	72325388	72325517	ENSG00000227036.10	exon|gene|transcript	129
chr17	81683149	81683278	ENSG00000214087.9	exon|gene|transcript	129
chr17	18582657	18582786	ENSG00000154874.18|ENSG00000291090.1	exon|gene|transcript	129
chr17	57045656	57045785	ENSG00000261192.2|ENSG00000293179.1	exon|gene|transcript	129
chr17	48307700	48307829	ENSG00000141293.16|ENSG00000235300.5	exon|gene|transcript	129
chr17	28882978	28883107	ENSG00000132589.16	exon|gene|transcript	129
chr17	61393457	61393586	ENSG00000267131.1|ENSG00000267280.6	exon|gene|transcript	129
chr17	20362921	20363050	ENSG00000154898.17	exon|gene|transcript	129
chr17	35818398	35818526	ENSG00000270647.7|ENSG00000270871.1|ENSG00000270894.1	exon|gene|transcript	128
chr17	81393143	81393271	ENSG00000289913.1	exon|gene|transcript	128
chr17	42940574	42940702	ENSG00000212149.1	exon|gene|transcript	128
chr17	73072268	73072396	ENSG00000133195.12	exon|gene|transcript	128
chr17	28359186	28359314	ENSG00000244045.13|ENSG00000258924.4	exon|gene|transcript	128
chr17	4893067	4893195	ENSG00000141503.17	exon|gene|transcript	128
chr17	18505870	18505998	ENSG00000290658.1	exon|gene|transcript	128
chr17	41551886	41552014	ENSG00000226629.1	exon|gene|transcript	128
chr17	30535367	30535495	ENSG00000264958.2	exon|gene|transcript	128
chr17	15654261	15654389	ENSG00000221926.13|ENSG00000266261.1	exon|gene|transcript	128
chr17	6323100	6323228	ENSG00000262609.1	exon|gene|transcript	128
chr17	46299665	46299793	ENSG00000176681.15|ENSG00000228696.11	exon|gene|transcript	128
chr17	75914298	75914426	ENSG00000188878.20|ENSG00000267426.5	exon|gene|transcript	128
chr17	9178928	9179056	ENSG00000065320.9|ENSG00000262966.2	exon|gene|transcript	128
chr17	72400848	72400976	ENSG00000227036.10	exon|gene|transcript	128
chr17	48880839	48880967	ENSG00000212565.1|ENSG00000293025.1	exon|gene|transcript	128
chr17	4986825	4986953	ENSG00000108509.21|ENSG00000262678.1	exon|gene|transcript	128
chr17	45240347	45240475	ENSG00000184922.15|ENSG00000233175.2	exon|gene|transcript	128
chr17	82246069	82246197	ENSG00000141526.18|ENSG00000141551.15	exon|gene|transcript	128
chr17	16463317	16463445	ENSG00000175061.20|ENSG00000181350.12	exon|gene|transcript	128
chr17	67784928	67785056	ENSG00000213179.4	exon|gene|transcript	128
chr17	82019381	82019509	ENSG00000169689.15	exon|gene|transcript	128
chr17	72102244	72102372	ENSG00000226101.2|ENSG00000234899.11|ENSG00000288605.1	exon|gene|transcript	128
chr17	28247751	28247879	ENSG00000265060.3|ENSG00000266830.1|ENSG00000290672.1	exon|gene|transcript	128
chr17	16795914	16796042	ENSG00000266302.6|ENSG00000272815.1|ENSG00000290976.1	exon|gene|transcript	128
chr17	60185651	60185779	ENSG00000170832.13	exon|gene|transcript	128
chr17	80966852	80966979	ENSG00000261924.1	exon|gene|transcript	127
chr17	28578090	28578217	ENSG00000076382.17|ENSG00000167524.17	exon|gene|transcript	127
chr17	75607003	75607130	ENSG00000266714.11	exon|gene|transcript	127
chr17	54991556	54991683	ENSG00000166263.13	exon|gene|transcript	127
chr17	13095907	13096034	ENSG00000273098.3	exon|gene|transcript	127
chr17	68696874	68697001	ENSG00000267659.5|ENSG00000283376.1	exon|gene|transcript	127
chr17	2696031	2696158	ENSG00000132361.18	exon|gene|transcript	127
chr17	44436660	44436787	ENSG00000186566.13	exon|gene|transcript	127
chr17	49703011	49703138	ENSG00000121073.15	exon|gene|transcript	127
chr17	31563767	31563894	ENSG00000221038.1	exon|gene|transcript	127
chr17	68525626	68525753	ENSG00000108946.17	exon|gene|transcript	127
chr17	29121723	29121850	ENSG00000196535.20	exon|gene|transcript	127
chr17	75485547	75485674	ENSG00000177728.17	exon|gene|transcript	127
chr17	28681128	28681255	ENSG00000109111.15	exon|gene|transcript	127
chr17	30206107	30206234	ENSG00000108576.10|ENSG00000264125.1	exon|gene|transcript	127
chr17	1644353	1644480	ENSG00000074660.17	exon|gene|transcript	127
chr17	1713702	1713829	ENSG00000186594.16	exon|gene|transcript	127
chr17	82246597	82246724	ENSG00000141526.18|ENSG00000141551.15	exon|gene|transcript	127
chr17	50944434	50944561	ENSG00000247011.3|ENSG00000251665.1	exon|gene|transcript	127
chr17	48893584	48893711	ENSG00000159199.14|ENSG00000293025.1	exon|gene|transcript	127
chr17	81858287	81858414	ENSG00000185624.16	exon|gene|transcript	127
chr17	7349167	7349294	ENSG00000072818.12	exon|gene|transcript	127
chr17	81330173	81330300	ENSG00000185332.8	exon|gene|transcript	127
chr17	43817918	43818045	ENSG00000161647.19	exon|gene|transcript	127
chr17	61399448	61399575	ENSG00000267131.1|ENSG00000267280.6	exon|gene|transcript	127
chr17	29511843	29511970	ENSG00000160551.12	exon|gene|transcript	127
chr17	35107238	35107365	ENSG00000185379.21|ENSG00000267618.5	exon|gene|transcript	127
chr17	34996195	34996322	ENSG00000005156.12	exon|gene|transcript	127
chr17	3026121	3026248	ENSG00000132359.17	exon|gene|transcript	127
chr17	42793729	42793856	ENSG00000126562.17	exon|gene|transcript	127
chr17	15030974	15031101	ENSG00000232058.1|ENSG00000259944.1	exon|gene|transcript	127
chr17	50065047	50065174	ENSG00000005884.18	exon|gene|transcript	127
chr17	81239771	81239898	ENSG00000224877.4	exon|gene|transcript	127
chr17	20375708	20375835	ENSG00000154898.17|ENSG00000214832.6|ENSG00000293206.1	exon|gene|transcript	127
chr17	76563583	76563709	ENSG00000163597.17	exon|gene|transcript	126
chr17	46930070	46930196	ENSG00000108433.17|ENSG00000262633.2	exon|gene|transcript	126
chr17	22269008	22269134	ENSG00000264956.2	exon|gene|transcript	126
chr17	46921123	46921249	ENSG00000210709.1|ENSG00000261886.1	exon|gene|transcript	126
chr17	19222248	19222374	ENSG00000072134.16|ENSG00000281856.1	exon|gene|transcript	126
chr17	18441173	18441299	ENSG00000214856.12|ENSG00000290657.1	exon|gene|transcript	126
chr17	18430347	18430473	ENSG00000186831.12|ENSG00000290656.1	exon|gene|transcript	126
chr17	50868105	50868231	ENSG00000229980.5	exon|gene|transcript	126
chr17	44212217	44212343	ENSG00000108312.16|ENSG00000267394.2	exon|gene|transcript	126
chr17	7503791	7503917	ENSG00000181222.19	exon|gene|transcript	126
chr17	45633048	45633174	ENSG00000204650.15|ENSG00000263715.7|ENSG00000293460.1	exon|gene|transcript	126
chr17	18523650	18523776	ENSG00000273018.7	exon|gene|transcript	126
chr17	50995533	50995659	ENSG00000008294.22	exon|gene|transcript	126
chr17	20502587	20502713	ENSG00000214822.9|ENSG00000291196.1	exon|gene|transcript	126
chr17	33290981	33291107	ENSG00000108684.15	exon|gene|transcript	126
chr17	44215353	44215479	ENSG00000108312.16|ENSG00000267394.2	exon|gene|transcript	126
chr17	18441694	18441820	ENSG00000214856.12|ENSG00000290657.1	exon|gene|transcript	126
chr17	40719650	40719776	ENSG00000229028.4	exon|gene|transcript	126
chr17	16830917	16831043	ENSG00000227300.13	exon|gene|transcript	126
chr17	16831438	16831564	ENSG00000227300.13|ENSG00000290978.1	exon|gene|transcript	126
chr17	7009620	7009746	ENSG00000108839.12|ENSG00000215067.12|ENSG00000267047.1	exon|gene|transcript	126
chr17	16842269	16842395	ENSG00000131885.18|ENSG00000290979.1	exon|gene|transcript	126
chr17	80058367	80058493	ENSG00000141519.15|ENSG00000289689.1	exon|gene|transcript	126
chr17	8234926	8235052	ENSG00000178971.17	exon|gene|transcript	126
chr17	80204351	80204477	ENSG00000141527.19|ENSG00000262580.5	exon|gene|transcript	126
chr17	74704351	74704477	ENSG00000172794.20|ENSG00000186074.19	exon|gene|transcript	126
chr17	29777618	29777744	ENSG00000141298.19|ENSG00000252657.1|ENSG00000263657.1	exon|gene|transcript	126
chr17	80040270	80040396	ENSG00000141519.15	exon|gene|transcript	126
chr17	41407968	41408094	ENSG00000225438.1|ENSG00000234859.5	exon|gene|transcript	126
chr17	55458224	55458350	ENSG00000261873.3	exon|gene|transcript	126
chr17	20513935	20514061	ENSG00000231645.4	exon|gene|transcript	126
chr17	80203965	80204091	ENSG00000141527.19|ENSG00000262580.5	exon|gene|transcript	126
chr17	18952316	18952442	ENSG00000154025.16|ENSG00000196893.3	exon|gene|transcript	126
chr17	10623707	10623833	ENSG00000272975.1	exon|gene|transcript	126
chr17	42868749	42868875	ENSG00000260105.7|ENSG00000291070.1	exon|gene|transcript	126
chr17	76946249	76946375	ENSG00000167889.13	exon|gene|transcript	126
chr17	48866134	48866260	ENSG00000136436.15	exon|gene|transcript	126
chr17	48874913	48875039	ENSG00000248278.2|ENSG00000293025.1	exon|gene|transcript	126
chr17	20895827	20895953	ENSG00000205212.8|ENSG00000233098.10|ENSG00000291074.1	exon|gene|transcript	126
chr17	30568192	30568318	ENSG00000231870.4	exon|gene|transcript	126
chr17	81288732	81288858	ENSG00000157637.13	exon|gene|transcript	126
chr17	14305051	14305177	ENSG00000125430.9|ENSG00000266709.1	exon|gene|transcript	126
chr17	45833537	45833663	ENSG00000120088.16|ENSG00000263715.7|ENSG00000264589.5	exon|gene|transcript	126
chr17	14032100	14032226	ENSG00000236088.12	exon|gene|transcript	126
chr17	65051908	65052033	ENSG00000120063.10|ENSG00000266598.1	exon|gene|transcript	125
chr17	15063629	15063754	ENSG00000287307.1	exon|gene|transcript	125
chr17	44262726	44262851	ENSG00000004939.16	exon|gene|transcript	125
chr17	38850475	38850600	ENSG00000125691.14	exon|gene|transcript	125
chr17	7442403	7442528	ENSG00000161958.11|ENSG00000262880.1|ENSG00000263301.1|ENSG00000272884.1	exon|gene|transcript	125
chr17	58337447	58337572	ENSG00000265148.7	exon|gene|transcript	125
chr17	12790620	12790745	ENSG00000006740.18	exon|gene|transcript	125
chr17	31360956	31361081	ENSG00000196712.20	exon|gene|transcript	125
chr17	18506188	18506313	ENSG00000290658.1	exon|gene|transcript	125
chr17	63579448	63579573	ENSG00000136485.16|ENSG00000288894.1	exon|gene|transcript	125
chr17	64900591	64900716	ENSG00000176809.11|ENSG00000265218.1|ENSG00000266644.1	exon|gene|transcript	125
chr17	28387997	28388122	ENSG00000004139.14	exon|gene|transcript	125
chr17	10822118	10822243	ENSG00000279542.1|ENSG00000284876.1|ENSG00000285220.1	exon|gene|transcript	125
chr17	63949528	63949653	ENSG00000007314.12	exon|gene|transcript	125
chr17	35568235	35568360	ENSG00000267321.4	exon|gene|transcript	125
chr17	7222302	7222427	ENSG00000072778.20	exon|gene|transcript	125
chr17	19169543	19169668	ENSG00000261987.2|ENSG00000266311.6	exon|gene|transcript	125
chr17	15980242	15980367	ENSG00000214941.8	exon|gene|transcript	125
chr17	75079299	75079424	ENSG00000232724.1	exon|gene|transcript	125
chr17	46755373	46755498	ENSG00000073969.19	exon|gene|transcript	125
chr17	42269682	42269807	ENSG00000173757.11|ENSG00000267758.1	exon|gene|transcript	125
chr17	82411530	82411655	ENSG00000181396.13	exon|gene|transcript	125
chr17	69104999	69105124	ENSG00000154262.13	exon|gene|transcript	125
chr17	18422527	18422652	ENSG00000205266.11|ENSG00000290655.1	exon|gene|transcript	125
chr17	57253893	57254018	ENSG00000286732.1	exon|gene|transcript	125
chr17	19741231	19741356	ENSG00000108602.18	exon|gene|transcript	125
chr17	29645685	29645810	ENSG00000141298.19|ENSG00000264031.1|ENSG00000265625.1	exon|gene|transcript	125
chr17	72403370	72403495	ENSG00000227036.10	exon|gene|transcript	125
chr17	73799537	73799662	ENSG00000177338.14|ENSG00000234721.3	exon|gene|transcript	125
chr17	81250876	81251001	ENSG00000157637.13	exon|gene|transcript	125
chr17	15416108	15416233	ENSG00000266667.1	exon|gene|transcript	125
chr17	76742	76866	ENSG00000280279.1	exon|gene|transcript	124
chr17	20523399	20523523	ENSG00000205215.9|ENSG00000291198.1	exon|gene|transcript	124
chr17	58249441	58249565	ENSG00000167419.11	exon|gene|transcript	124
chr17	551095	551219	ENSG00000141252.21	exon|gene|transcript	124
chr17	77560719	77560843	ENSG00000267506.7	exon|gene|transcript	124
chr17	67974088	67974212	ENSG00000171634.19|ENSG00000279880.1	exon|gene|transcript	124
chr17	17777532	17777656	ENSG00000108557.20|ENSG00000226746.2	exon|gene|transcript	124
chr17	41334631	41334755	ENSG00000108516.5	exon|gene|transcript	124
chr17	32048977	32049101	ENSG00000185158.13	exon|gene|transcript	124
chr17	54955025	54955149	ENSG00000141198.16|ENSG00000166260.13	exon|gene|transcript	124
chr17	57079286	57079410	ENSG00000263004.3	exon|gene|transcript	124
chr17	50380187	50380311	ENSG00000108829.10|ENSG00000154920.15	exon|gene|transcript	124
chr17	7314166	7314290	ENSG00000132522.16|ENSG00000261915.6	exon|gene|transcript	124
chr17	16415322	16415446	ENSG00000264739.1	exon|gene|transcript	124
chr17	18420892	18421016	ENSG00000205266.11|ENSG00000290655.1	exon|gene|transcript	124
chr17	78624191	78624315	ENSG00000267123.7	exon|gene|transcript	124
chr17	8466805	8466929	ENSG00000166579.16	exon|gene|transcript	124
chr17	66085051	66085175	ENSG00000154240.18	exon|gene|transcript	124
chr17	20651976	20652100	ENSG00000236504.2	exon|gene|transcript	124
chr17	60460078	60460202	ENSG00000062725.10	exon|gene|transcript	124
chr17	50948135	50948259	ENSG00000251665.1	exon|gene|transcript	124
chr17	32334650	32334774	ENSG00000108666.11|ENSG00000265794.5	exon|gene|transcript	124
chr17	6894883	6895006	ENSG00000215067.12|ENSG00000262943.10|ENSG00000291084.1	exon|gene|transcript	123
chr17	6758469	6758592	ENSG00000132530.17	exon|gene|transcript	123
chr17	81402620	81402743	ENSG00000266074.11	exon|gene|transcript	123
chr17	18412411	18412534	ENSG00000220161.4	exon|gene|transcript	123
chr17	33569334	33569457	ENSG00000108684.15|ENSG00000265125.5	exon|gene|transcript	123
chr17	47455786	47455909	ENSG00000291120.1	exon|gene|transcript	123
chr17	15749192	15749315	ENSG00000267227.1	exon|gene|transcript	123
chr17	73244583	73244706	ENSG00000141219.16|ENSG00000265010.1	exon|gene|transcript	123
chr17	46830594	46830717	ENSG00000108379.11	exon|gene|transcript	123
chr17	18137840	18137963	ENSG00000091536.20	exon|gene|transcript	123
chr17	64901158	64901281	ENSG00000176809.11|ENSG00000265218.1	exon|gene|transcript	123
chr17	7754853	7754976	ENSG00000183914.15|ENSG00000293140.1	exon|gene|transcript	123
chr17	8492652	8492775	ENSG00000133026.14	exon|gene|transcript	123
chr17	19855746	19855869	ENSG00000083290.20|ENSG00000279251.1	exon|gene|transcript	123
chr17	18237357	18237480	ENSG00000131899.13	exon|gene|transcript	123
chr17	42874246	42874369	ENSG00000260105.7	exon|gene|transcript	123
chr17	79779591	79779714	ENSG00000173894.11	exon|gene|transcript	123
chr17	45554247	45554370	ENSG00000266504.1|ENSG00000267198.1|ENSG00000267246.1|ENSG00000291175.1	exon|gene|transcript	123
chr17	42614136	42614259	ENSG00000131462.9	exon|gene|transcript	123
chr17	6999182	6999305	ENSG00000108839.12|ENSG00000215067.12|ENSG00000267047.1	exon|gene|transcript	123
chr17	32003202	32003325	ENSG00000264300.2|ENSG00000293286.1	exon|gene|transcript	123
chr17	45897349	45897472	ENSG00000186868.18|ENSG00000279685.2	exon|gene|transcript	123
chr17	30732485	30732608	ENSG00000264538.8|ENSG00000290928.1	exon|gene|transcript	123
chr17	4536549	4536672	ENSG00000183018.9	exon|gene|transcript	123
chr17	39023393	39023516	ENSG00000277426.1	exon|gene|transcript	123
chr17	43376840	43376963	ENSG00000188825.16	exon|gene|transcript	123
chr17	67891451	67891573	ENSG00000171634.19	exon|gene|transcript	122
chr17	50990327	50990449	ENSG00000008294.22	exon|gene|transcript	122
chr17	28910711	28910833	ENSG00000109118.14	exon|gene|transcript	122
chr17	18500914	18501036	ENSG00000167494.10|ENSG00000290658.1	exon|gene|transcript	122
chr17	75621881	75622003	ENSG00000266714.11	exon|gene|transcript	122
chr17	8071387	8071509	ENSG00000275011.1	exon|gene|transcript	122
chr17	20443273	20443395	ENSG00000230528.8|ENSG00000287490.1|ENSG00000291195.1	exon|gene|transcript	122
chr17	76328864	76328986	ENSG00000161542.17	exon|gene|transcript	122
chr17	79801544	79801666	ENSG00000141570.11|ENSG00000262768.2	exon|gene|transcript	122
chr17	82617397	82617519	ENSG00000141568.21|ENSG00000141580.16	exon|gene|transcript	122
chr17	63810390	63810512	ENSG00000198231.14	exon|gene|transcript	122
chr17	39725204	39725326	ENSG00000141736.14	exon|gene|transcript	122
chr17	72033776	72033898	ENSG00000228639.8|ENSG00000256124.6|ENSG00000288605.1	exon|gene|transcript	122
chr17	18642838	18642960	ENSG00000189375.12|ENSG00000287058.1	exon|gene|transcript	122
chr17	21573413	21573535	ENSG00000212719.15	exon|gene|transcript	122
chr17	19379961	19380083	ENSG00000166484.20	exon|gene|transcript	122
chr17	15651992	15652114	ENSG00000221926.13|ENSG00000266261.1	exon|gene|transcript	122
chr17	15733713	15733835	ENSG00000214946.15|ENSG00000255104.9	exon|gene|transcript	122
chr17	72071109	72071231	ENSG00000234899.11|ENSG00000288605.1	exon|gene|transcript	122
chr17	72070886	72071008	ENSG00000234899.11|ENSG00000288605.1	exon|gene|transcript	122
chr17	49258542	49258664	ENSG00000177369.11	exon|gene|transcript	122
chr17	18099510	18099632	ENSG00000108591.10	exon|gene|transcript	122
chr17	76545914	76546036	ENSG00000161544.10|ENSG00000214140.11|ENSG00000267546.2	exon|gene|transcript	122
chr17	78897918	78898040	ENSG00000035862.13|ENSG00000178404.11|ENSG00000279339.1	exon|gene|transcript	122
chr17	28714905	28715027	ENSG00000109113.20	exon|gene|transcript	122
chr17	36996851	36996972	ENSG00000275700.6	exon|gene|transcript	121
chr17	36453967	36454088	ENSG00000274658.1	exon|gene|transcript	121
chr17	82981081	82981202	ENSG00000175711.9|ENSG00000262339.5	exon|gene|transcript	121
chr17	31337880	31338001	ENSG00000196712.20	exon|gene|transcript	121
chr17	18430226	18430347	ENSG00000186831.12|ENSG00000290656.1	exon|gene|transcript	121
chr17	20491322	20491443	ENSG00000263976.1	exon|gene|transcript	121
chr17	49972397	49972518	ENSG00000108813.12	exon|gene|transcript	121
chr17	18398498	18398619	ENSG00000204471.3	exon|gene|transcript	121
chr17	50214409	50214530	ENSG00000249406.3|ENSG00000263176.1	exon|gene|transcript	121
chr17	62268952	62269073	ENSG00000188755.11|ENSG00000290800.1	exon|gene|transcript	121
chr17	81085421	81085542	ENSG00000175866.16	exon|gene|transcript	121
chr17	59618880	59619001	ENSG00000273702.1	exon|gene|transcript	121
chr17	47891460	47891581	ENSG00000264920.4	exon|gene|transcript	121
chr17	60012378	60012499	ENSG00000238283.3|ENSG00000267104.2	exon|gene|transcript	121
chr17	59424291	59424412	ENSG00000265313.8	exon|gene|transcript	121
chr17	45262672	45262793	ENSG00000267278.6	exon|gene|transcript	121
chr17	27424538	27424659	ENSG00000266433.7|ENSG00000290422.1	exon|gene|transcript	121
chr17	80211038	80211159	ENSG00000141527.19|ENSG00000181523.13	exon|gene|transcript	121
chr17	22436809	22436930	ENSG00000293297.1	exon|gene|transcript	121
chr17	3578563	3578684	ENSG00000196689.13|ENSG00000263338.1	exon|gene|transcript	121
chr17	75079007	75079128	ENSG00000232724.1	exon|gene|transcript	121
chr17	28899402	28899523	ENSG00000167536.14	exon|gene|transcript	121
chr17	19560296	19560417	ENSG00000142494.13|ENSG00000262769.1	exon|gene|transcript	121
chr17	44596345	44596466	ENSG00000271222.1	exon|gene|transcript	121
chr17	32107215	32107336	ENSG00000263369.7|ENSG00000290975.1	exon|gene|transcript	121
chr17	20545822	20545943	ENSG00000235203.2|ENSG00000267075.1	exon|gene|transcript	121
chr17	79083951	79084072	ENSG00000167280.17	exon|gene|transcript	121
chr17	19208583	19208704	ENSG00000236022.6|ENSG00000263206.1	exon|gene|transcript	121
chr17	3879113	3879234	ENSG00000004660.15	exon|gene|transcript	121
chr17	6662890	6663010	ENSG00000256806.6|ENSG00000290366.1	exon|gene|transcript	120
chr17	18415727	18415847	ENSG00000290655.1	exon|gene|transcript	120
chr17	35404253	35404373	ENSG00000267547.1	exon|gene|transcript	120
chr17	40597536	40597656	ENSG00000279775.1	exon|gene|transcript	120
chr17	6999466	6999586	ENSG00000108839.12|ENSG00000215067.12|ENSG00000267047.1	exon|gene|transcript	120
chr17	30558797	30558917	ENSG00000266733.8|ENSG00000290404.1	exon|gene|transcript	120
chr17	21551426	21551546	ENSG00000212719.15	exon|gene|transcript	120
chr17	39079803	39079923	ENSG00000161381.14|ENSG00000293194.1	exon|gene|transcript	120
chr17	60002247	60002367	ENSG00000266992.1|ENSG00000267104.2	exon|gene|transcript	120
chr17	58095671	58095791	ENSG00000279207.1	exon|gene|transcript	120
chr17	17504004	17504124	ENSG00000286430.1	exon|gene|transcript	120
chr17	74963975	74964095	ENSG00000167861.16	exon|gene|transcript	120
chr17	17859374	17859494	ENSG00000175662.18|ENSG00000197815.4	exon|gene|transcript	120
chr17	59430800	59430920	ENSG00000265313.8	exon|gene|transcript	120
chr17	73750209	73750329	ENSG00000177338.14|ENSG00000263574.2	exon|gene|transcript	120
chr17	15765544	15765664	ENSG00000227255.1	exon|gene|transcript	120
chr17	20528567	20528687	ENSG00000291198.1	exon|gene|transcript	120
chr17	56224830	56224950	ENSG00000153930.13	exon|gene|transcript	120
chr17	82737813	82737933	ENSG00000167363.14	exon|gene|transcript	120
chr17	81018821	81018941	ENSG00000262873.2	exon|gene|transcript	120
chr17	47898111	47898231	ENSG00000167182.16|ENSG00000234494.8	exon|gene|transcript	120
chr17	27893080	27893200	ENSG00000232859.10|ENSG00000266202.1	exon|gene|transcript	120
chr17	82008916	82009036	ENSG00000169696.16	exon|gene|transcript	120
chr17	30956604	30956724	ENSG00000184060.11|ENSG00000230113.1	exon|gene|transcript	120
chr17	8318266	8318386	ENSG00000198844.12|ENSG00000226871.1	exon|gene|transcript	120
chr17	30631979	30632099	ENSG00000214719.13|ENSG00000250462.9|ENSG00000290450.1	exon|gene|transcript	120
chr17	60231526	60231646	ENSG00000170832.13|ENSG00000252577.1	exon|gene|transcript	120
chr17	40126406	40126526	ENSG00000188895.12	exon|gene|transcript	120
chr17	48995265	48995385	ENSG00000250838.1	exon|gene|transcript	120
chr17	9461211	9461331	ENSG00000170310.15|ENSG00000225751.2	exon|gene|transcript	120
chr17	50278996	50279116	ENSG00000167105.8	exon|gene|transcript	120
chr17	2376612	2376732	ENSG00000141258.13|ENSG00000263345.1	exon|gene|transcript	120
chr17	40863365	40863484	ENSG00000187242.6	exon|gene|transcript	119
chr17	31994444	31994563	ENSG00000178691.11	exon|gene|transcript	119
chr17	42387157	42387276	ENSG00000168610.17	exon|gene|transcript	119
chr17	31200155	31200274	ENSG00000196712.20	exon|gene|transcript	119
chr17	42751329	42751448	ENSG00000273650.1	exon|gene|transcript	119
chr17	28277217	28277336	ENSG00000265480.7|ENSG00000293325.1	exon|gene|transcript	119
chr17	38195752	38195871	ENSG00000291088.1	exon|gene|transcript	119
chr17	13303151	13303270	ENSG00000234634.2	exon|gene|transcript	119
chr17	73944395	73944514	ENSG00000285648.1	exon|gene|transcript	119
chr17	72021860	72021979	ENSG00000228639.8	exon|gene|transcript	119
chr17	70128642	70128761	ENSG00000153822.15|ENSG00000230258.6	exon|gene|transcript	119
chr17	2018983	2019102	ENSG00000185924.7|ENSG00000228133.3	exon|gene|transcript	119
chr17	9452196	9452315	ENSG00000170310.15|ENSG00000225751.2	exon|gene|transcript	119
chr17	80353666	80353785	ENSG00000173821.20|ENSG00000263069.6	exon|gene|transcript	119
chr17	5235113	5235232	ENSG00000261879.9	exon|gene|transcript	119
chr17	82230798	82230917	ENSG00000141526.18	exon|gene|transcript	119
chr17	68207374	68207493	ENSG00000196704.14|ENSG00000290793.1	exon|gene|transcript	119
chr17	2477566	2477685	ENSG00000127804.13	exon|gene|transcript	119
chr17	47621648	47621767	ENSG00000141279.18|ENSG00000263766.6	exon|gene|transcript	119
chr17	59671018	59671137	ENSG00000141367.13	exon|gene|transcript	119
chr17	17993503	17993622	ENSG00000171953.16|ENSG00000171962.19	exon|gene|transcript	119
chr17	43380905	43381024	ENSG00000188825.16	exon|gene|transcript	119
chr17	50363138	50363257	ENSG00000279792.1	exon|gene|transcript	119
chr17	48945004	48945123	ENSG00000289021.1	exon|gene|transcript	119
chr17	67021621	67021740	ENSG00000075461.6|ENSG00000264491.1	exon|gene|transcript	119
chr17	45844638	45844757	ENSG00000264589.5	exon|gene|transcript	119
chr17	76476207	76476326	ENSG00000129667.13	exon|gene|transcript	119
chr17	1497816	1497935	ENSG00000132376.20	exon|gene|transcript	119
chr17	45521306	45521425	ENSG00000214425.11|ENSG00000291175.1	exon|gene|transcript	119
chr17	16927677	16927796	ENSG00000128438.11|ENSG00000290698.1	exon|gene|transcript	119
chr17	62296908	62297026	ENSG00000263887.7	exon|gene|transcript	118
chr17	1730550	1730668	ENSG00000167716.19|ENSG00000262791.1	exon|gene|transcript	118
chr17	49255842	49255960	ENSG00000177369.11	exon|gene|transcript	118
chr17	63412709	63412827	ENSG00000170921.16|ENSG00000226797.2|ENSG00000263644.1	exon|gene|transcript	118
chr17	61070004	61070122	ENSG00000141376.24|ENSG00000227694.1|ENSG00000267207.1|ENSG00000267449.1	exon|gene|transcript	118
chr17	42310335	42310453	ENSG00000126561.18	exon|gene|transcript	118
chr17	6688035	6688153	ENSG00000141485.17|ENSG00000256806.6|ENSG00000290366.1	exon|gene|transcript	118
chr17	76152465	76152583	ENSG00000141576.16|ENSG00000267128.2	exon|gene|transcript	118
chr17	38725336	38725454	ENSG00000275023.5	exon|gene|transcript	118
chr17	43377695	43377813	ENSG00000188825.16	exon|gene|transcript	118
chr17	35863945	35864063	ENSG00000270379.6|ENSG00000270647.7	exon|gene|transcript	118
chr17	73834318	73834436	ENSG00000265927.1	exon|gene|transcript	118
chr17	73894883	73895001	ENSG00000266765.1	exon|gene|transcript	118
chr17	43176074	43176192	ENSG00000188554.15	exon|gene|transcript	118
chr17	21428262	21428380	ENSG00000212719.15	exon|gene|transcript	118
chr17	1055282	1055400	ENSG00000159842.16	exon|gene|transcript	118
chr17	32877843	32877961	ENSG00000236377.2	exon|gene|transcript	118
chr17	46998699	46998817	ENSG00000262633.2|ENSG00000262879.7|ENSG00000291209.1	exon|gene|transcript	118
chr17	29009798	29009916	ENSG00000179761.12|ENSG00000263613.1	exon|gene|transcript	118
chr17	27754836	27754954	ENSG00000266786.1	exon|gene|transcript	118
chr17	75078440	75078558	ENSG00000232724.1	exon|gene|transcript	118
chr17	45654024	45654142	ENSG00000263715.7|ENSG00000293460.1	exon|gene|transcript	118
chr17	12113039	12113157	ENSG00000065559.15	exon|gene|transcript	118
chr17	20749323	20749441	ENSG00000187870.7	exon|gene|transcript	118
chr17	64000965	64001083	ENSG00000224383.8	exon|gene|transcript	118
chr17	50077260	50077378	ENSG00000005884.18	exon|gene|transcript	118
chr17	38717953	38718071	ENSG00000275023.5|ENSG00000275665.1	exon|gene|transcript	118
chr17	37454170	37454288	ENSG00000275839.1|ENSG00000276234.5	exon|gene|transcript	118
chr17	10613744	10613862	ENSG00000214970.8|ENSG00000272975.1	exon|gene|transcript	118
chr17	33680758	33680876	ENSG00000108684.15|ENSG00000264643.1	exon|gene|transcript	118
chr17	3729360	3729477	ENSG00000083457.12|ENSG00000262358.1	exon|gene|transcript	117
chr17	6762037	6762154	ENSG00000132530.17	exon|gene|transcript	117
chr17	19363656	19363773	ENSG00000108641.20|ENSG00000286799.1	exon|gene|transcript	117
chr17	42272068	42272185	ENSG00000173757.11|ENSG00000236194.3|ENSG00000278829.1	exon|gene|transcript	117
chr17	21428380	21428497	ENSG00000212719.15	exon|gene|transcript	117
chr17	80245256	80245373	ENSG00000181045.15	exon|gene|transcript	117
chr17	39201871	39201988	ENSG00000108298.12	exon|gene|transcript	117
chr17	72603288	72603405	ENSG00000227036.10	exon|gene|transcript	117
chr17	76754087	76754204	ENSG00000092931.12	exon|gene|transcript	117
chr17	28306093	28306210	ENSG00000293325.1	exon|gene|transcript	117
chr17	28661103	28661220	ENSG00000132581.10	exon|gene|transcript	117
chr17	61784424	61784541	ENSG00000136492.10	exon|gene|transcript	117
chr17	39033925	39034042	ENSG00000214553.12|ENSG00000266048.1|ENSG00000290925.1	exon|gene|transcript	117
chr17	16068121	16068238	ENSG00000141027.23	exon|gene|transcript	117
chr17	16976022	16976139	ENSG00000230709.1	exon|gene|transcript	117
chr17	45642018	45642135	ENSG00000263715.7|ENSG00000293460.1	exon|gene|transcript	117
chr17	26999808	26999925	ENSG00000264734.1	exon|gene|transcript	117
chr17	50114440	50114557	ENSG00000167100.15	exon|gene|transcript	117
chr17	60123451	60123568	ENSG00000267248.5	exon|gene|transcript	117
chr17	58701862	58701979	ENSG00000108384.16	exon|gene|transcript	117
chr17	80205652	80205769	ENSG00000141527.19|ENSG00000262580.5	exon|gene|transcript	117
chr17	44119986	44120103	ENSG00000108840.16|ENSG00000267638.1	exon|gene|transcript	117
chr17	47279819	47279936	ENSG00000259207.10|ENSG00000259753.1|ENSG00000276790.1	exon|gene|transcript	117
chr17	68126548	68126665	ENSG00000267023.6|ENSG00000291214.1	exon|gene|transcript	117
chr17	56941158	56941275	ENSG00000121058.5|ENSG00000262298.1	exon|gene|transcript	117
chr17	15834050	15834167	ENSG00000227790.8|ENSG00000237057.3|ENSG00000290377.1	exon|gene|transcript	117
chr17	7011719	7011836	ENSG00000215067.12|ENSG00000267047.1	exon|gene|transcript	117
chr17	45652097	45652214	ENSG00000263715.7|ENSG00000293460.1	exon|gene|transcript	117
chr17	77281780	77281897	ENSG00000184640.20|ENSG00000263718.3	exon|gene|transcript	117
chr17	2674714	2674831	ENSG00000007168.14	exon|gene|transcript	117
chr17	45030442	45030558	ENSG00000136448.13|ENSG00000172992.13	exon|gene|transcript	116
chr17	27664099	27664215	ENSG00000265788.3	exon|gene|transcript	116
chr17	4817259	4817375	ENSG00000129219.14	exon|gene|transcript	116
chr17	76002612	76002728	ENSG00000250506.9|ENSG00000261408.7	exon|gene|transcript	116
chr17	28417376	28417492	ENSG00000265541.1	exon|gene|transcript	116
chr17	16791860	16791976	ENSG00000266302.6|ENSG00000272815.1|ENSG00000290976.1	exon|gene|transcript	116
chr17	6775822	6775938	ENSG00000279296.1	exon|gene|transcript	116
chr17	42494473	42494589	ENSG00000033627.18	exon|gene|transcript	116
chr17	79085734	79085850	ENSG00000167280.17	exon|gene|transcript	116
chr17	27655297	27655413	ENSG00000265788.3	exon|gene|transcript	116
chr17	28575006	28575122	ENSG00000109107.14|ENSG00000167524.17	exon|gene|transcript	116
chr17	79819082	79819198	ENSG00000262772.2	exon|gene|transcript	116
chr17	50520993	50521109	ENSG00000136449.16	exon|gene|transcript	116
chr17	19439025	19439141	ENSG00000235979.9	exon|gene|transcript	116
chr17	75897159	75897275	ENSG00000267342.1	exon|gene|transcript	116
chr17	64967909	64968025	ENSG00000291140.1	exon|gene|transcript	116
chr17	72089212	72089328	ENSG00000226101.2|ENSG00000234899.11|ENSG00000288605.1	exon|gene|transcript	116
chr17	18977051	18977167	ENSG00000154025.16|ENSG00000188522.16	exon|gene|transcript	116
chr17	61776963	61777079	ENSG00000136492.10	exon|gene|transcript	116
chr17	74672866	74672982	ENSG00000172794.20|ENSG00000264659.2	exon|gene|transcript	116
chr17	2695101	2695217	ENSG00000132361.18	exon|gene|transcript	116
chr17	39743470	39743586	ENSG00000141738.14	exon|gene|transcript	116
chr17	36147579	36147695	ENSG00000276241.1|ENSG00000289485.1	exon|gene|transcript	116
chr17	69249025	69249141	ENSG00000154265.16	exon|gene|transcript	116
chr17	50137292	50137408	ENSG00000108819.11|ENSG00000236472.1	exon|gene|transcript	116
chr17	36909455	36909571	ENSG00000277268.2	exon|gene|transcript	116
chr17	36596827	36596943	ENSG00000278535.5	exon|gene|transcript	116
chr17	16819512	16819628	ENSG00000226145.8|ENSG00000290977.1	exon|gene|transcript	116
chr17	18580494	18580610	ENSG00000154874.18|ENSG00000291090.1	exon|gene|transcript	116
chr17	72290475	72290591	ENSG00000227036.10	exon|gene|transcript	116
chr17	80970671	80970787	ENSG00000261924.1	exon|gene|transcript	116
chr17	39044387	39044503	ENSG00000214553.12|ENSG00000290925.1	exon|gene|transcript	116
chr17	32518607	32518723	ENSG00000176658.17|ENSG00000263717.1|ENSG00000265222.1|ENSG00000279781.1	exon|gene|transcript	116
chr17	46692451	46692567	ENSG00000073969.19	exon|gene|transcript	116
chr17	29155210	29155326	ENSG00000196535.20|ENSG00000263709.1	exon|gene|transcript	116
chr17	15735719	15735835	ENSG00000214946.15|ENSG00000233002.2|ENSG00000255104.9	exon|gene|transcript	116
chr17	47081919	47082035	ENSG00000262879.7	exon|gene|transcript	116
chr17	47819332	47819448	ENSG00000006025.13	exon|gene|transcript	116
chr17	28709988	28710104	ENSG00000167525.16	exon|gene|transcript	116
chr17	77088985	77089101	ENSG00000129657.16|ENSG00000234912.12	exon|gene|transcript	116
chr17	68102942	68103058	ENSG00000237854.6|ENSG00000291214.1	exon|gene|transcript	116
chr17	42323143	42323259	ENSG00000168610.17	exon|gene|transcript	116
chr17	15817813	15817929	ENSG00000237057.3	exon|gene|transcript	116
chr17	4893871	4893987	ENSG00000141503.17	exon|gene|transcript	116
chr17	42613733	42613848	ENSG00000131462.9	exon|gene|transcript	115
chr17	18422949	18423064	ENSG00000205266.11|ENSG00000290655.1	exon|gene|transcript	115
chr17	20521344	20521459	ENSG00000205215.9|ENSG00000291198.1	exon|gene|transcript	115
chr17	12635782	12635897	ENSG00000179136.8	exon|gene|transcript	115
chr17	59976655	59976770	ENSG00000266992.1|ENSG00000267104.2|ENSG00000267302.5	exon|gene|transcript	115
chr17	76578816	76578931	ENSG00000070731.11|ENSG00000163597.17	exon|gene|transcript	115
chr17	15829368	15829483	ENSG00000227790.8|ENSG00000237057.3	exon|gene|transcript	115
chr17	59137757	59137872	ENSG00000182628.13|ENSG00000211514.1	exon|gene|transcript	115
chr17	41628354	41628469	ENSG00000214514.9|ENSG00000290861.1	exon|gene|transcript	115
chr17	48937124	48937239	ENSG00000159210.10	exon|gene|transcript	115
chr17	20956709	20956824	ENSG00000233098.10|ENSG00000244456.2	exon|gene|transcript	115
chr17	75571551	75571666	ENSG00000073350.14	exon|gene|transcript	115
chr17	75267630	75267745	ENSG00000125457.15	exon|gene|transcript	115
chr17	32024468	32024583	ENSG00000185158.13|ENSG00000264497.1	exon|gene|transcript	115
chr17	9467307	9467422	ENSG00000170310.15|ENSG00000225751.2|ENSG00000262815.1	exon|gene|transcript	115
chr17	37650772	37650887	ENSG00000274244.1|ENSG00000277501.1	exon|gene|transcript	115
chr17	37643022	37643137	ENSG00000277501.1|ENSG00000278053.5	exon|gene|transcript	115
chr17	48704837	48704952	ENSG00000244649.5	exon|gene|transcript	115
chr17	46148124	46148239	ENSG00000120071.15	exon|gene|transcript	115
chr17	80201592	80201707	ENSG00000141527.19|ENSG00000262580.5	exon|gene|transcript	115
chr17	58965951	58966066	ENSG00000175175.6|ENSG00000263938.1	exon|gene|transcript	115
chr17	38119292	38119407	ENSG00000274615.1	exon|gene|transcript	115
chr17	38201104	38201219	ENSG00000274487.5|ENSG00000291088.1	exon|gene|transcript	115
chr17	81345165	81345280	ENSG00000287431.1	exon|gene|transcript	115
chr17	30629679	30629794	ENSG00000214719.13|ENSG00000250462.9	exon|gene|transcript	115
chr17	16923508	16923623	ENSG00000290698.1	exon|gene|transcript	115
chr17	75683547	75683662	ENSG00000161526.15|ENSG00000264270.1	exon|gene|transcript	115
chr17	42563845	42563960	ENSG00000068120.15	exon|gene|transcript	115
chr17	77470749	77470864	ENSG00000184640.20|ENSG00000267016.1|ENSG00000267263.1	exon|gene|transcript	115
chr17	36315194	36315309	ENSG00000261499.2	exon|gene|transcript	115
chr17	67719558	67719673	ENSG00000130935.10	exon|gene|transcript	115
chr17	49545115	49545229	ENSG00000249906.1|ENSG00000250310.2	exon|gene|transcript	114
chr17	81341469	81341583	ENSG00000287431.1	exon|gene|transcript	114
chr17	75574495	75574609	ENSG00000073350.14	exon|gene|transcript	114
chr17	27303635	27303749	ENSG00000109046.15	exon|gene|transcript	114
chr17	21075957	21076071	ENSG00000236819.2	exon|gene|transcript	114
chr17	37729174	37729288	ENSG00000275410.6	exon|gene|transcript	114
chr17	19594209	19594323	ENSG00000228983.10|ENSG00000262769.1|ENSG00000290454.1	exon|gene|transcript	114
chr17	45847510	45847624	ENSG00000264589.5	exon|gene|transcript	114
chr17	3601889	3602003	ENSG00000196689.13|ENSG00000261916.1|ENSG00000262304.2	exon|gene|transcript	114
chr17	14775759	14775873	ENSG00000205325.4	exon|gene|transcript	114
chr17	7026835	7026949	ENSG00000161940.11	exon|gene|transcript	114
chr17	6899592	6899706	ENSG00000215067.12|ENSG00000262943.10|ENSG00000291084.1	exon|gene|transcript	114
chr17	2415849	2415963	ENSG00000127804.13	exon|gene|transcript	114
chr17	72516675	72516789	ENSG00000227036.10	exon|gene|transcript	114
chr17	47973696	47973810	ENSG00000108465.15|ENSG00000263798.2	exon|gene|transcript	114
chr17	72470058	72470172	ENSG00000227036.10	exon|gene|transcript	114
chr17	47880043	47880157	ENSG00000266821.1	exon|gene|transcript	114
chr17	17993089	17993203	ENSG00000171953.16|ENSG00000171962.19	exon|gene|transcript	114
chr17	77881446	77881560	ENSG00000204283.4	exon|gene|transcript	114
chr17	77680258	77680372	ENSG00000285535.2	exon|gene|transcript	114
chr17	67975958	67976072	ENSG00000171634.19|ENSG00000279880.1	exon|gene|transcript	114
chr17	14033789	14033903	ENSG00000236088.12	exon|gene|transcript	114
chr17	15306887	15307001	ENSG00000125409.13|ENSG00000286792.1	exon|gene|transcript	114
chr17	36952771	36952885	ENSG00000275700.6	exon|gene|transcript	114
chr17	22423685	22423799	ENSG00000261020.1	exon|gene|transcript	114
chr17	39603653	39603767	ENSG00000171532.5	exon|gene|transcript	114
chr17	18722122	18722236	ENSG00000291110.1	exon|gene|transcript	114
chr17	82007623	82007737	ENSG00000169696.16	exon|gene|transcript	114
chr17	81392837	81392951	ENSG00000289913.1	exon|gene|transcript	114
chr17	58202753	58202867	ENSG00000121053.6|ENSG00000278627.1	exon|gene|transcript	114
chr17	75840110	75840224	ENSG00000092929.13	exon|gene|transcript	114
chr17	18735087	18735201	ENSG00000108448.24|ENSG00000291110.1	exon|gene|transcript	114
chr17	63702198	63702312	ENSG00000266173.7|ENSG00000279369.1	exon|gene|transcript	114
chr17	31021048	31021162	ENSG00000266865.9|ENSG00000291063.1	exon|gene|transcript	114
chr17	77560285	77560399	ENSG00000267506.7	exon|gene|transcript	114
chr17	78976824	78976938	ENSG00000108679.13	exon|gene|transcript	114
chr17	50476157	50476271	ENSG00000275897.1	exon|gene|transcript	114
chr17	40636280	40636394	ENSG00000073584.20|ENSG00000264058.2	exon|gene|transcript	114
chr17	50473289	50473403	ENSG00000167107.13	exon|gene|transcript	114
chr17	2391288	2391402	ENSG00000070444.15	exon|gene|transcript	114
chr17	6686400	6686513	ENSG00000141485.17|ENSG00000256806.6|ENSG00000290366.1	exon|gene|transcript	113
chr17	42272489	42272602	ENSG00000173757.11|ENSG00000236194.3|ENSG00000278829.1	exon|gene|transcript	113
chr17	20424591	20424704	ENSG00000189423.14|ENSG00000287490.1|ENSG00000291194.1	exon|gene|transcript	113
chr17	18383378	18383491	ENSG00000214860.5|ENSG00000264177.1	exon|gene|transcript	113
chr17	27577763	27577876	ENSG00000141068.17	exon|gene|transcript	113
chr17	20724836	20724949	ENSG00000226521.8|ENSG00000290430.1	exon|gene|transcript	113
chr17	5014193	5014306	ENSG00000129250.12	exon|gene|transcript	113
chr17	40027946	40028059	ENSG00000008838.21	exon|gene|transcript	113
chr17	18268228	18268341	ENSG00000260647.1	exon|gene|transcript	113
chr17	77211420	77211533	ENSG00000129657.16	exon|gene|transcript	113
chr17	57988553	57988666	ENSG00000280233.1	exon|gene|transcript	113
chr17	64972549	64972662	ENSG00000214174.11|ENSG00000291140.1	exon|gene|transcript	113
chr17	28021667	28021780	ENSG00000266190.1	exon|gene|transcript	113
chr17	80453849	80453962	ENSG00000260369.2	exon|gene|transcript	113
chr17	10612458	10612571	ENSG00000214970.8|ENSG00000272975.1	exon|gene|transcript	113
chr17	30782108	30782221	ENSG00000176390.12|ENSG00000265791.1|ENSG00000290928.1	exon|gene|transcript	113
chr17	42611932	42612045	ENSG00000131462.9	exon|gene|transcript	113
chr17	57095606	57095719	ENSG00000121057.13|ENSG00000263089.1	exon|gene|transcript	113
chr17	82155916	82156029	ENSG00000176155.21	exon|gene|transcript	113
chr17	61016963	61017076	ENSG00000141376.24	exon|gene|transcript	113
chr17	69521693	69521806	ENSG00000108984.16	exon|gene|transcript	113
chr17	42878959	42879072	ENSG00000213373.7	exon|gene|transcript	113
chr17	6189611	6189724	ENSG00000262231.2	exon|gene|transcript	113
chr17	19720513	19720626	ENSG00000262681.2	exon|gene|transcript	113
chr17	7844240	7844353	ENSG00000132510.11	exon|gene|transcript	113
chr17	40637095	40637207	ENSG00000073584.20|ENSG00000264058.2	exon|gene|transcript	112
chr17	20735735	20735847	ENSG00000226521.8	exon|gene|transcript	112
chr17	40341070	40341182	ENSG00000131759.18|ENSG00000265666.1	exon|gene|transcript	112
chr17	67944372	67944484	ENSG00000171634.19	exon|gene|transcript	112
chr17	7907488	7907600	ENSG00000170004.19	exon|gene|transcript	112
chr17	63834361	63834473	ENSG00000108604.18	exon|gene|transcript	112
chr17	28611931	28612043	ENSG00000167524.17|ENSG00000227543.5|ENSG00000258472.10	exon|gene|transcript	112
chr17	48933346	48933458	ENSG00000159210.10|ENSG00000230532.1	exon|gene|transcript	112
chr17	31892147	31892259	ENSG00000108651.10	exon|gene|transcript	112
chr17	27930808	27930920	ENSG00000260019.2|ENSG00000286589.1	exon|gene|transcript	112
chr17	47898600	47898712	ENSG00000167182.16|ENSG00000234494.8	exon|gene|transcript	112
chr17	62284276	62284388	ENSG00000263887.7	exon|gene|transcript	112
chr17	2460182	2460294	ENSG00000127804.13|ENSG00000280280.1	exon|gene|transcript	112
chr17	29571719	29571831	ENSG00000167543.16|ENSG00000264031.1	exon|gene|transcript	112
chr17	31041087	31041199	ENSG00000265798.7|ENSG00000290858.1|ENSG00000291063.1	exon|gene|transcript	112
chr17	47377653	47377765	ENSG00000178852.16	exon|gene|transcript	112
chr17	5114395	5114507	ENSG00000167840.14|ENSG00000234327.10	exon|gene|transcript	112
chr17	19714446	19714558	ENSG00000180638.19	exon|gene|transcript	112
chr17	2036956	2037068	ENSG00000108963.19	exon|gene|transcript	112
chr17	18418194	18418306	ENSG00000266162.1|ENSG00000290655.1	exon|gene|transcript	112
chr17	28373672	28373784	ENSG00000004139.14|ENSG00000258924.4|ENSG00000279532.1	exon|gene|transcript	112
chr17	28579252	28579364	ENSG00000076382.17|ENSG00000167524.17	exon|gene|transcript	112
chr17	12760537	12760649	ENSG00000141052.18|ENSG00000265489.1	exon|gene|transcript	112
chr17	72110604	72110716	ENSG00000234899.11|ENSG00000288605.1	exon|gene|transcript	112
chr17	72347920	72348032	ENSG00000227036.10|ENSG00000264026.2	exon|gene|transcript	112
chr17	45799389	45799501	ENSG00000120088.16|ENSG00000263715.7|ENSG00000264589.5	exon|gene|transcript	112
chr17	32028833	32028945	ENSG00000185158.13	exon|gene|transcript	112
chr17	64951497	64951609	ENSG00000272006.1|ENSG00000280299.1	exon|gene|transcript	112
chr17	72358384	72358496	ENSG00000227036.10	exon|gene|transcript	112
chr17	1891720	1891832	ENSG00000132383.12	exon|gene|transcript	112
chr17	64940605	64940717	ENSG00000272346.2|ENSG00000280299.1	exon|gene|transcript	112
chr17	81305879	81305991	ENSG00000185168.7	exon|gene|transcript	112
chr17	28951901	28952013	ENSG00000179761.12	exon|gene|transcript	112
chr17	65844168	65844280	ENSG00000154240.18	exon|gene|transcript	112
chr17	34178021	34178133	ENSG00000261156.6|ENSG00000264990.1	exon|gene|transcript	112
chr17	72358834	72358945	ENSG00000227036.10	exon|gene|transcript	111
chr17	46094396	46094507	ENSG00000120071.15	exon|gene|transcript	111
chr17	21535427	21535538	ENSG00000212719.15|ENSG00000266466.1	exon|gene|transcript	111
chr17	64503646	64503757	ENSG00000108654.16	exon|gene|transcript	111
chr17	50935262	50935373	ENSG00000247011.3	exon|gene|transcript	111
chr17	81907623	81907734	ENSG00000185813.11	exon|gene|transcript	111
chr17	35573876	35573987	ENSG00000267321.4	exon|gene|transcript	111
chr17	21532365	21532476	ENSG00000212719.15	exon|gene|transcript	111
chr17	64536858	64536969	ENSG00000258890.8	exon|gene|transcript	111
chr17	16832494	16832605	ENSG00000227300.13|ENSG00000290978.1	exon|gene|transcript	111
chr17	38750018	38750129	ENSG00000277182.2	exon|gene|transcript	111
chr17	657549	657660	ENSG00000141252.21	exon|gene|transcript	111
chr17	80801639	80801750	ENSG00000141564.16|ENSG00000262833.1	exon|gene|transcript	111
chr17	7317573	7317684	ENSG00000215041.10|ENSG00000261915.6	exon|gene|transcript	111
chr17	68158932	68159043	ENSG00000267708.1|ENSG00000291214.1	exon|gene|transcript	111
chr17	51336751	51336862	ENSG00000267452.3	exon|gene|transcript	111
chr17	51440317	51440428	ENSG00000267452.3	exon|gene|transcript	111
chr17	82960375	82960486	ENSG00000175711.9	exon|gene|transcript	111
chr17	19657609	19657720	ENSG00000072210.19	exon|gene|transcript	111
chr17	63152264	63152375	ENSG00000170921.16	exon|gene|transcript	111
chr17	71134617	71134728	ENSG00000260785.2	exon|gene|transcript	111
chr17	39742716	39742827	ENSG00000141738.14	exon|gene|transcript	111
chr17	58525201	58525312	ENSG00000108387.16|ENSG00000264672.6	exon|gene|transcript	111
chr17	82035689	82035800	ENSG00000169738.8|ENSG00000279372.1	exon|gene|transcript	111
chr17	27749783	27749894	ENSG00000266786.1	exon|gene|transcript	111
chr17	76550693	76550804	ENSG00000161544.10|ENSG00000214140.11|ENSG00000267543.1|ENSG00000267546.2	exon|gene|transcript	111
chr17	63996358	63996469	ENSG00000264954.2	exon|gene|transcript	111
chr17	76545784	76545895	ENSG00000161544.10|ENSG00000214140.11|ENSG00000267546.2	exon|gene|transcript	111
chr17	42957195	42957306	ENSG00000108825.18|ENSG00000266967.7	exon|gene|transcript	111
chr17	48893894	48894005	ENSG00000159199.14|ENSG00000293025.1	exon|gene|transcript	111
chr17	7836222	7836333	ENSG00000132510.11|ENSG00000288929.2	exon|gene|transcript	111
chr17	82392534	82392645	ENSG00000181396.13	exon|gene|transcript	111
chr17	15701356	15701467	ENSG00000187607.16|ENSG00000255104.9	exon|gene|transcript	111
chr17	77375798	77375909	ENSG00000184640.20|ENSG00000266998.2	exon|gene|transcript	111
chr17	67384985	67385096	ENSG00000154217.16|ENSG00000290052.1	exon|gene|transcript	111
chr17	36726144	36726255	ENSG00000275613.2	exon|gene|transcript	111
chr17	4718149	4718260	ENSG00000141480.18	exon|gene|transcript	111
chr17	82477813	82477924	ENSG00000141562.19|ENSG00000266445.1	exon|gene|transcript	111
chr17	40473569	40473680	ENSG00000279806.1	exon|gene|transcript	111
chr17	79848057	79848168	ENSG00000262343.1	exon|gene|transcript	111
chr17	30617679	30617790	ENSG00000214719.13|ENSG00000273609.1	exon|gene|transcript	111
chr17	67215787	67215898	ENSG00000198265.12	exon|gene|transcript	111
chr17	67613205	67613316	ENSG00000154217.16|ENSG00000279917.1	exon|gene|transcript	111
chr17	20863477	20863588	ENSG00000291074.1	exon|gene|transcript	111
chr17	18810829	18810940	ENSG00000265478.2	exon|gene|transcript	111
chr17	16433231	16433342	ENSG00000187688.15	exon|gene|transcript	111
chr17	28893231	28893342	ENSG00000132589.16|ENSG00000264304.1	exon|gene|transcript	111
chr17	28275605	28275716	ENSG00000260777.2|ENSG00000264029.1	exon|gene|transcript	111
chr17	42826970	42827081	ENSG00000126581.13|ENSG00000131467.12	exon|gene|transcript	111
chr17	7905165	7905276	ENSG00000170004.19	exon|gene|transcript	111
chr17	42478799	42478910	ENSG00000033627.18	exon|gene|transcript	111
chr17	9244786	9244897	ENSG00000273816.1	exon|gene|transcript	111
chr17	47456683	47456793	ENSG00000291120.1	exon|gene|transcript	110
chr17	10652290	10652400	ENSG00000109063.15	exon|gene|transcript	110
chr17	33793433	33793543	ENSG00000108684.15|ENSG00000283417.1	exon|gene|transcript	110
chr17	60014299	60014409	ENSG00000238283.3|ENSG00000267104.2	exon|gene|transcript	110
chr17	82060590	82060700	ENSG00000169718.18	exon|gene|transcript	110
chr17	42878827	42878937	ENSG00000213373.7	exon|gene|transcript	110
chr17	47047154	47047264	ENSG00000262633.2|ENSG00000262879.7|ENSG00000263142.6|ENSG00000291209.1	exon|gene|transcript	110
chr17	80826237	80826347	ENSG00000141564.16|ENSG00000287403.1	exon|gene|transcript	110
chr17	72839038	72839148	ENSG00000133195.12|ENSG00000264196.1	exon|gene|transcript	110
chr17	73834766	73834876	ENSG00000265927.1	exon|gene|transcript	110
chr17	31041970	31042080	ENSG00000265798.7|ENSG00000290858.1|ENSG00000291063.1	exon|gene|transcript	110
chr17	39108009	39108119	ENSG00000161381.14|ENSG00000293194.1	exon|gene|transcript	110
chr17	74775488	74775598	ENSG00000109065.12	exon|gene|transcript	110
chr17	50678937	50679047	ENSG00000108846.16	exon|gene|transcript	110
chr17	46034460	46034570	ENSG00000120071.15	exon|gene|transcript	110
chr17	37874203	37874313	ENSG00000290810.1	exon|gene|transcript	110
chr17	41501801	41501911	ENSG00000171401.15|ENSG00000229732.1	exon|gene|transcript	110
chr17	43517544	43517654	ENSG00000067596.12	exon|gene|transcript	110
chr17	28171232	28171342	ENSG00000087095.13	exon|gene|transcript	110
chr17	68346800	68346910	ENSG00000141337.13	exon|gene|transcript	110
chr17	72419241	72419351	ENSG00000227036.10	exon|gene|transcript	110
chr17	75706229	75706339	ENSG00000161526.15	exon|gene|transcript	110
chr17	50164454	50164564	ENSG00000108823.17|ENSG00000261959.1	exon|gene|transcript	110
chr17	7228044	7228154	ENSG00000004975.12	exon|gene|transcript	110
chr17	49915122	49915232	ENSG00000254039.1	exon|gene|transcript	110
chr17	18383587	18383697	ENSG00000214860.5|ENSG00000264177.1	exon|gene|transcript	110
chr17	58241942	58242052	ENSG00000167419.11|ENSG00000286788.1	exon|gene|transcript	110
chr17	18396565	18396675	ENSG00000204471.3	exon|gene|transcript	110
chr17	27422556	27422666	ENSG00000266433.7|ENSG00000290422.1	exon|gene|transcript	110
chr17	30249168	30249278	ENSG00000108578.15|ENSG00000266120.1	exon|gene|transcript	110
chr17	34579149	34579259	ENSG00000197322.4	exon|gene|transcript	110
chr17	36455928	36456038	ENSG00000274658.1	exon|gene|transcript	110
chr17	63863005	63863115	ENSG00000293480.1	exon|gene|transcript	110
chr17	27669653	27669763	ENSG00000265041.1	exon|gene|transcript	110
chr17	16068302	16068412	ENSG00000141027.23	exon|gene|transcript	110
chr17	31032838	31032948	ENSG00000291063.1	exon|gene|transcript	110
chr17	16842949	16843059	ENSG00000131885.18|ENSG00000291277.1	exon|gene|transcript	110
chr17	36116959	36117069	ENSG00000276241.1|ENSG00000289485.1	exon|gene|transcript	110
chr17	20666603	20666713	ENSG00000236504.2	exon|gene|transcript	110
chr17	78630031	78630141	ENSG00000267123.7	exon|gene|transcript	110
chr17	18977473	18977583	ENSG00000154025.16|ENSG00000188522.16	exon|gene|transcript	110
chr17	30556872	30556982	ENSG00000266733.8	exon|gene|transcript	110
chr17	78186818	78186928	ENSG00000167900.12	exon|gene|transcript	110
chr17	106754	106864	ENSG00000280136.2	exon|gene|transcript	110
chr17	80196030	80196139	ENSG00000141527.19	exon|gene|transcript	109
chr17	20710424	20710533	ENSG00000264874.1	exon|gene|transcript	109
chr17	48847954	48848063	ENSG00000136436.15	exon|gene|transcript	109
chr17	37247901	37248010	ENSG00000278540.5	exon|gene|transcript	109
chr17	49288345	49288454	ENSG00000177369.11|ENSG00000273500.1	exon|gene|transcript	109
chr17	37045227	37045336	ENSG00000275700.6|ENSG00000278638.2	exon|gene|transcript	109
chr17	20814619	20814728	ENSG00000226981.2	exon|gene|transcript	109
chr17	48931790	48931899	ENSG00000159210.10|ENSG00000230532.1	exon|gene|transcript	109
chr17	15417769	15417878	ENSG00000266667.1	exon|gene|transcript	109
chr17	56323222	56323331	ENSG00000153930.13	exon|gene|transcript	109
chr17	31873268	31873377	ENSG00000108651.10	exon|gene|transcript	109
chr17	42014465	42014574	ENSG00000168256.18|ENSG00000168259.17	exon|gene|transcript	109
chr17	20526101	20526210	ENSG00000266042.1|ENSG00000291198.1	exon|gene|transcript	109
chr17	19082436	19082545	ENSG00000230197.6|ENSG00000265746.1	exon|gene|transcript	109
chr17	15740627	15740736	ENSG00000214946.15|ENSG00000233002.2|ENSG00000255104.9	exon|gene|transcript	109
chr17	77258239	77258348	ENSG00000263718.3	exon|gene|transcript	109
chr17	16462832	16462941	ENSG00000175061.20|ENSG00000181350.12	exon|gene|transcript	109
chr17	48556779	48556888	ENSG00000120093.12|ENSG00000233101.10	exon|gene|transcript	109
chr17	72618455	72618564	ENSG00000227036.10	exon|gene|transcript	109
chr17	19312911	19313020	ENSG00000072134.16	exon|gene|transcript	109
chr17	62680308	62680417	ENSG00000011028.14|ENSG00000279713.1	exon|gene|transcript	109
chr17	49815631	49815740	ENSG00000136504.15	exon|gene|transcript	109
chr17	32141654	32141763	ENSG00000214708.4	exon|gene|transcript	109
chr17	31016894	31017003	ENSG00000266865.9|ENSG00000291063.1	exon|gene|transcript	109
chr17	77881906	77882015	ENSG00000204283.4	exon|gene|transcript	109
chr17	27431514	27431623	ENSG00000290422.1	exon|gene|transcript	109
chr17	44914916	44915025	ENSG00000131095.14	exon|gene|transcript	109
chr17	16849675	16849784	ENSG00000205312.9|ENSG00000290980.1	exon|gene|transcript	109
chr17	57601673	57601782	ENSG00000153944.12|ENSG00000263499.1	exon|gene|transcript	109
chr17	82593744	82593853	ENSG00000141568.21	exon|gene|transcript	109
chr17	46043229	46043338	ENSG00000120071.15	exon|gene|transcript	109
chr17	43451091	43451200	ENSG00000267151.5	exon|gene|transcript	109
chr17	18505678	18505787	ENSG00000290658.1	exon|gene|transcript	109
chr17	13005979	13006088	ENSG00000006744.19	exon|gene|transcript	109
chr17	37614930	37615039	ENSG00000274620.1|ENSG00000278053.5	exon|gene|transcript	109
chr17	59976023	59976132	ENSG00000266992.1|ENSG00000267104.2|ENSG00000267302.5	exon|gene|transcript	109
chr17	16809938	16810047	ENSG00000272815.1	exon|gene|transcript	109
chr17	29607877	29607985	ENSG00000198720.13|ENSG00000264031.1	exon|gene|transcript	108
chr17	72185453	72185561	ENSG00000234899.11|ENSG00000288605.1	exon|gene|transcript	108
chr17	18497566	18497674	ENSG00000167494.10|ENSG00000290658.1	exon|gene|transcript	108
chr17	18452954	18453062	ENSG00000227919.1|ENSG00000293139.1	exon|gene|transcript	108
chr17	18625447	18625555	ENSG00000291090.1	exon|gene|transcript	108
chr17	35844368	35844476	ENSG00000270647.7	exon|gene|transcript	108
chr17	81682149	81682257	ENSG00000214087.9	exon|gene|transcript	108
chr17	18704657	18704765	ENSG00000265693.1|ENSG00000291110.1	exon|gene|transcript	108
chr17	20437191	20437299	ENSG00000287490.1|ENSG00000291195.1	exon|gene|transcript	108
chr17	60014739	60014847	ENSG00000238283.3|ENSG00000267104.2	exon|gene|transcript	108
chr17	62607932	62608040	ENSG00000146872.19	exon|gene|transcript	108
chr17	63829743	63829851	ENSG00000087191.14|ENSG00000108592.17	exon|gene|transcript	108
chr17	50165165	50165273	ENSG00000108823.17|ENSG00000261959.1	exon|gene|transcript	108
chr17	4818385	4818493	ENSG00000129219.14	exon|gene|transcript	108
chr17	32053100	32053208	ENSG00000185158.13|ENSG00000278867.1	exon|gene|transcript	108
chr17	21632720	21632828	ENSG00000260157.4|ENSG00000291022.1	exon|gene|transcript	108
chr17	20446664	20446772	ENSG00000230528.8|ENSG00000287490.1|ENSG00000291195.1	exon|gene|transcript	108
chr17	38114778	38114886	ENSG00000274615.1	exon|gene|transcript	108
chr17	68427253	68427361	ENSG00000070540.13|ENSG00000267009.6	exon|gene|transcript	108
chr17	72422209	72422317	ENSG00000227036.10	exon|gene|transcript	108
chr17	46422476	46422584	ENSG00000260075.1	exon|gene|transcript	108
chr17	74204369	74204477	ENSG00000172809.13	exon|gene|transcript	108
chr17	42867170	42867278	ENSG00000291070.1	exon|gene|transcript	108
chr17	62238008	62238116	ENSG00000266365.1	exon|gene|transcript	108
chr17	62271356	62271464	ENSG00000188755.11|ENSG00000290800.1	exon|gene|transcript	108
chr17	36456369	36456477	ENSG00000274658.1	exon|gene|transcript	108
chr17	20731202	20731310	ENSG00000226521.8	exon|gene|transcript	108
chr17	10341350	10341458	ENSG00000006788.14|ENSG00000264067.1	exon|gene|transcript	108
chr17	75231231	75231339	ENSG00000125450.11	exon|gene|transcript	108
chr17	63860188	63860296	ENSG00000240280.8|ENSG00000293480.1	exon|gene|transcript	108
chr17	49703729	49703837	ENSG00000121073.15	exon|gene|transcript	108
chr17	27422140	27422248	ENSG00000266433.7|ENSG00000290422.1	exon|gene|transcript	108
chr17	10745706	10745814	ENSG00000240813.2|ENSG00000263400.8|ENSG00000264016.3|ENSG00000285220.1	exon|gene|transcript	108
chr17	15452512	15452620	ENSG00000239704.12|ENSG00000259024.7	exon|gene|transcript	108
chr17	32444090	32444198	ENSG00000279762.3	exon|gene|transcript	108
chr17	81232206	81232314	ENSG00000167302.11|ENSG00000260005.6	exon|gene|transcript	108
chr17	36234446	36234554	ENSG00000276755.1	exon|gene|transcript	108
chr17	32340970	32341078	ENSG00000108666.11|ENSG00000265794.5	exon|gene|transcript	108
chr17	63961431	63961539	ENSG00000007314.12	exon|gene|transcript	108
chr17	36310674	36310782	ENSG00000261499.2	exon|gene|transcript	108
chr17	18396127	18396235	ENSG00000204471.3	exon|gene|transcript	108
chr17	27670091	27670199	ENSG00000265041.1	exon|gene|transcript	108
chr17	30556434	30556542	ENSG00000266733.8	exon|gene|transcript	108
chr17	14957109	14957216	ENSG00000238212.3	exon|gene|transcript	107
chr17	30478854	30478961	ENSG00000108587.16	exon|gene|transcript	107
chr17	8042673	8042780	ENSG00000179593.16	exon|gene|transcript	107
chr17	7565587	7565694	ENSG00000161956.14|ENSG00000277957.1	exon|gene|transcript	107
chr17	60565332	60565439	ENSG00000266943.1|ENSG00000267772.1	exon|gene|transcript	107
chr17	83221442	83221549	ENSG00000262094.1	exon|gene|transcript	107
chr17	63710836	63710943	ENSG00000125695.12|ENSG00000266173.7	exon|gene|transcript	107
chr17	67632314	67632421	ENSG00000154217.16	exon|gene|transcript	107
chr17	72033898	72034005	ENSG00000228639.8|ENSG00000256124.6|ENSG00000288605.1	exon|gene|transcript	107
chr17	19150278	19150385	ENSG00000189152.11|ENSG00000266664.1	exon|gene|transcript	107
chr17	40190917	40191024	ENSG00000108352.13	exon|gene|transcript	107
chr17	75703158	75703265	ENSG00000161526.15	exon|gene|transcript	107
chr17	16433466	16433573	ENSG00000187688.15	exon|gene|transcript	107
chr17	18521145	18521252	ENSG00000273018.7|ENSG00000290659.1	exon|gene|transcript	107
chr17	64155113	64155220	ENSG00000136478.9	exon|gene|transcript	107
chr17	72591516	72591623	ENSG00000227036.10	exon|gene|transcript	107
chr17	10629734	10629841	ENSG00000109063.15	exon|gene|transcript	107
chr17	64004819	64004926	ENSG00000108622.11	exon|gene|transcript	107
chr17	46931959	46932066	ENSG00000108433.17|ENSG00000262633.2	exon|gene|transcript	107
chr17	41552430	41552537	ENSG00000226629.1	exon|gene|transcript	107
chr17	43386363	43386470	ENSG00000188825.16	exon|gene|transcript	107
chr17	48848455	48848562	ENSG00000136436.15	exon|gene|transcript	107
chr17	67944484	67944591	ENSG00000171634.19	exon|gene|transcript	107
chr17	57264273	57264380	ENSG00000153944.12	exon|gene|transcript	107
chr17	64968114	64968221	ENSG00000291140.1	exon|gene|transcript	107
chr17	18108387	18108494	ENSG00000279428.1	exon|gene|transcript	107
chr17	8231168	8231275	ENSG00000178971.17	exon|gene|transcript	107
chr17	80361141	80361248	ENSG00000173821.20|ENSG00000263069.6	exon|gene|transcript	107
chr17	5215186	5215293	ENSG00000161929.15|ENSG00000261879.9	exon|gene|transcript	107
chr17	7330540	7330647	ENSG00000224647.2	exon|gene|transcript	107
chr17	82658713	82658820	ENSG00000141542.11	exon|gene|transcript	107
chr17	6899760	6899867	ENSG00000215067.12|ENSG00000262943.10|ENSG00000291084.1	exon|gene|transcript	107
chr17	35908366	35908473	ENSG00000293240.1	exon|gene|transcript	107
chr17	32443827	32443934	ENSG00000279762.3	exon|gene|transcript	107
chr17	62288286	62288392	ENSG00000263887.7	exon|gene|transcript	106
chr17	30776296	30776402	ENSG00000176390.12|ENSG00000264538.8|ENSG00000290928.1	exon|gene|transcript	106
chr17	19380501	19380607	ENSG00000166484.20	exon|gene|transcript	106
chr17	16787234	16787340	ENSG00000266129.1|ENSG00000266302.6|ENSG00000290976.1	exon|gene|transcript	106
chr17	72445013	72445119	ENSG00000227036.10	exon|gene|transcript	106
chr17	51169459	51169565	ENSG00000011052.21|ENSG00000243678.12	exon|gene|transcript	106
chr17	42869241	42869347	ENSG00000260105.7|ENSG00000291070.1	exon|gene|transcript	106
chr17	50548703	50548809	ENSG00000006282.22	exon|gene|transcript	106
chr17	2088060	2088166	ENSG00000070366.14	exon|gene|transcript	106
chr17	41666920	41667026	ENSG00000278954.1	exon|gene|transcript	106
chr17	58694774	58694880	ENSG00000108384.16	exon|gene|transcript	106
chr17	10844964	10845070	ENSG00000263508.6|ENSG00000285220.1|ENSG00000289964.1	exon|gene|transcript	106
chr17	82571870	82571976	ENSG00000141568.21	exon|gene|transcript	106
chr17	70101735	70101841	ENSG00000153822.15|ENSG00000230258.6	exon|gene|transcript	106
chr17	36511258	36511364	ENSG00000278259.5	exon|gene|transcript	106
chr17	45508160	45508266	ENSG00000214425.11|ENSG00000291175.1	exon|gene|transcript	106
chr17	43938560	43938666	ENSG00000261514.2	exon|gene|transcript	106
chr17	44082151	44082257	ENSG00000108840.16	exon|gene|transcript	106
chr17	27988764	27988870	ENSG00000260019.2	exon|gene|transcript	106
chr17	37854402	37854508	ENSG00000276715.5|ENSG00000290810.1	exon|gene|transcript	106
chr17	15311654	15311760	ENSG00000125409.13|ENSG00000286792.1	exon|gene|transcript	106
chr17	32047901	32048007	ENSG00000185158.13	exon|gene|transcript	106
chr17	50113387	50113493	ENSG00000167100.15	exon|gene|transcript	106
chr17	78629703	78629809	ENSG00000267123.7	exon|gene|transcript	106
chr17	16930039	16930145	ENSG00000128438.11|ENSG00000240505.9|ENSG00000290698.1	exon|gene|transcript	106
chr17	36241700	36241806	ENSG00000278395.1	exon|gene|transcript	106
chr17	76087941	76088047	ENSG00000182473.22	exon|gene|transcript	106
chr17	58051156	58051262	ENSG00000285930.1	exon|gene|transcript	106
chr17	18099093	18099198	ENSG00000108591.10	exon|gene|transcript	105
chr17	12215162	12215267	ENSG00000265400.1	exon|gene|transcript	105
chr17	47669572	47669677	ENSG00000108424.11	exon|gene|transcript	105
chr17	47815463	47815568	ENSG00000006025.13	exon|gene|transcript	105
chr17	13299818	13299923	ENSG00000234634.2	exon|gene|transcript	105
chr17	5433853	5433958	ENSG00000108561.8	exon|gene|transcript	105
chr17	68527635	68527740	ENSG00000108946.17	exon|gene|transcript	105
chr17	16819258	16819363	ENSG00000226145.8|ENSG00000290977.1	exon|gene|transcript	105
chr17	43213891	43213996	ENSG00000184988.8	exon|gene|transcript	105
chr17	38124038	38124143	ENSG00000274615.1	exon|gene|transcript	105
chr17	38202630	38202735	ENSG00000274487.5|ENSG00000291088.1	exon|gene|transcript	105
chr17	72507173	72507278	ENSG00000227036.10	exon|gene|transcript	105
chr17	8327639	8327744	ENSG00000289984.1	exon|gene|transcript	105
chr17	56254115	56254220	ENSG00000153930.13	exon|gene|transcript	105
chr17	18098359	18098464	ENSG00000108591.10	exon|gene|transcript	105
chr17	2748077	2748182	ENSG00000221200.1|ENSG00000272920.1|ENSG00000277200.2	exon|gene|transcript	105
chr17	30633993	30634098	ENSG00000214719.13|ENSG00000250462.9|ENSG00000290450.1	exon|gene|transcript	105
chr17	35906167	35906272	ENSG00000293240.1	exon|gene|transcript	105
chr17	46330344	46330449	ENSG00000176681.15|ENSG00000228696.11	exon|gene|transcript	105
chr17	38196366	38196471	ENSG00000274487.5|ENSG00000291088.1	exon|gene|transcript	105
chr17	7331931	7332036	ENSG00000224647.2	exon|gene|transcript	105
chr17	50210697	50210802	ENSG00000249406.3	exon|gene|transcript	105
chr17	20857102	20857207	ENSG00000266369.1|ENSG00000291074.1	exon|gene|transcript	105
chr17	72081748	72081853	ENSG00000226101.2|ENSG00000234899.11|ENSG00000288605.1	exon|gene|transcript	105
chr17	36319955	36320060	ENSG00000261499.2	exon|gene|transcript	105
chr17	78628333	78628438	ENSG00000267123.7	exon|gene|transcript	105
chr17	1516951	1517056	ENSG00000236618.3	exon|gene|transcript	105
chr17	69521530	69521635	ENSG00000108984.16	exon|gene|transcript	105
chr17	58394905	58395010	ENSG00000108375.13|ENSG00000265148.7|ENSG00000285897.1	exon|gene|transcript	105
chr17	18256629	18256734	ENSG00000177731.16	exon|gene|transcript	105
chr17	5078001	5078106	ENSG00000262693.1	exon|gene|transcript	105
chr17	45513184	45513289	ENSG00000214425.11|ENSG00000291175.1	exon|gene|transcript	105
chr17	70019487	70019592	ENSG00000230258.6	exon|gene|transcript	105
chr17	75901554	75901659	ENSG00000204316.13|ENSG00000267426.5	exon|gene|transcript	105
chr17	36507512	36507617	ENSG00000278259.5	exon|gene|transcript	105
chr17	27577913	27578018	ENSG00000141068.17	exon|gene|transcript	105
chr17	27647164	27647269	ENSG00000168961.17	exon|gene|transcript	105
chr17	79918084	79918189	ENSG00000262585.1	exon|gene|transcript	105
chr17	32128244	32128349	ENSG00000277511.2	exon|gene|transcript	105
chr17	7335308	7335413	ENSG00000224647.2	exon|gene|transcript	105
chr17	62355863	62355968	ENSG00000172421.10	exon|gene|transcript	105
chr17	63150846	63150951	ENSG00000170921.16	exon|gene|transcript	105
chr17	78132235	78132340	ENSG00000141524.19|ENSG00000167895.16	exon|gene|transcript	105
chr17	78164557	78164662	ENSG00000187997.12	exon|gene|transcript	105
chr17	62350673	62350778	ENSG00000172421.10	exon|gene|transcript	105
chr17	19161189	19161294	ENSG00000262292.2	exon|gene|transcript	105
chr17	9540679	9540784	ENSG00000170310.15	exon|gene|transcript	105
chr17	62353901	62354006	ENSG00000172421.10	exon|gene|transcript	105
chr17	105559	105663	ENSG00000280136.2	exon|gene|transcript	104
chr17	55842726	55842830	ENSG00000141179.14|ENSG00000262052.1	exon|gene|transcript	104
chr17	68114421	68114525	ENSG00000237854.6|ENSG00000291214.1	exon|gene|transcript	104
chr17	77529181	77529285	ENSG00000267665.3	exon|gene|transcript	104
chr17	49914402	49914506	ENSG00000254039.1	exon|gene|transcript	104
chr17	82245426	82245530	ENSG00000141526.18|ENSG00000141551.15|ENSG00000275888.1	exon|gene|transcript	104
chr17	38718937	38719041	ENSG00000275023.5|ENSG00000275665.1	exon|gene|transcript	104
chr17	21220364	21220468	ENSG00000235530.7	exon|gene|transcript	104
chr17	39403669	39403773	ENSG00000266469.2	exon|gene|transcript	104
chr17	61407211	61407315	ENSG00000121068.14|ENSG00000267280.6	exon|gene|transcript	104
chr17	57448217	57448321	ENSG00000153944.12|ENSG00000279281.1	exon|gene|transcript	104
chr17	76395861	76395965	ENSG00000175931.13	exon|gene|transcript	104
chr17	21291589	21291693	ENSG00000034152.20	exon|gene|transcript	104
chr17	48560081	48560185	ENSG00000120093.12|ENSG00000233101.10|ENSG00000239552.2	exon|gene|transcript	104
chr17	78490001	78490105	ENSG00000187775.17|ENSG00000267432.6	exon|gene|transcript	104
chr17	81480938	81481042	ENSG00000278200.1	exon|gene|transcript	104
chr17	77564794	77564898	ENSG00000267466.1	exon|gene|transcript	104
chr17	76968927	76969031	ENSG00000267568.6|ENSG00000280122.1	exon|gene|transcript	104
chr17	42235365	42235469	ENSG00000173757.11|ENSG00000280295.1	exon|gene|transcript	104
chr17	41514754	41514858	ENSG00000171346.16	exon|gene|transcript	104
chr17	64500882	64500986	ENSG00000108654.16	exon|gene|transcript	104
chr17	68274079	68274183	ENSG00000108932.13|ENSG00000141337.13	exon|gene|transcript	104
chr17	22070434	22070538	ENSG00000265019.1	exon|gene|transcript	104
chr17	4486123	4486227	ENSG00000182557.8|ENSG00000262823.1	exon|gene|transcript	104
chr17	27675893	27675997	ENSG00000266771.1	exon|gene|transcript	104
chr17	32365487	32365591	ENSG00000010244.19	exon|gene|transcript	104
chr17	21530691	21530795	ENSG00000212719.15	exon|gene|transcript	104
chr17	40027541	40027645	ENSG00000008838.21|ENSG00000238793.1	exon|gene|transcript	104
chr17	81915335	81915439	ENSG00000187531.14	exon|gene|transcript	104
chr17	44315609	44315713	ENSG00000108309.14	exon|gene|transcript	104
chr17	71180109	71180212	ENSG00000260785.2	exon|gene|transcript	103
chr17	72349349	72349452	ENSG00000227036.10|ENSG00000264026.2	exon|gene|transcript	103
chr17	72533974	72534077	ENSG00000227036.10	exon|gene|transcript	103
chr17	36950405	36950508	ENSG00000275700.6	exon|gene|transcript	103
chr17	6898806	6898909	ENSG00000215067.12|ENSG00000262943.10|ENSG00000291084.1	exon|gene|transcript	103
chr17	8238288	8238391	ENSG00000178971.17	exon|gene|transcript	103
chr17	76154099	76154202	ENSG00000141576.16|ENSG00000267128.2	exon|gene|transcript	103
chr17	80081442	80081545	ENSG00000141519.15	exon|gene|transcript	103
chr17	47056261	47056364	ENSG00000262879.7	exon|gene|transcript	103
chr17	7317684	7317787	ENSG00000215041.10|ENSG00000261915.6	exon|gene|transcript	103
chr17	75841032	75841135	ENSG00000092929.13	exon|gene|transcript	103
chr17	39632198	39632301	ENSG00000131771.14	exon|gene|transcript	103
chr17	50791655	50791758	ENSG00000285829.1	exon|gene|transcript	103
chr17	77258136	77258239	ENSG00000263718.3	exon|gene|transcript	103
chr17	47675811	47675914	ENSG00000108424.11	exon|gene|transcript	103
chr17	81855768	81855871	ENSG00000185624.16	exon|gene|transcript	103
chr17	47170042	47170145	ENSG00000004897.12|ENSG00000261872.1	exon|gene|transcript	103
chr17	4717276	4717379	ENSG00000141480.18	exon|gene|transcript	103
chr17	72427349	72427452	ENSG00000227036.10|ENSG00000263680.2	exon|gene|transcript	103
chr17	53438555	53438658	ENSG00000262518.1|ENSG00000285939.2	exon|gene|transcript	103
chr17	26989188	26989291	ENSG00000264734.1	exon|gene|transcript	103
chr17	42879487	42879589	ENSG00000213373.7	exon|gene|transcript	102
chr17	39632973	39633075	ENSG00000131771.14	exon|gene|transcript	102
chr17	17684485	17684587	ENSG00000108557.20	exon|gene|transcript	102
chr17	80205332	80205434	ENSG00000141527.19|ENSG00000262580.5	exon|gene|transcript	102
chr17	27672701	27672803	ENSG00000265041.1	exon|gene|transcript	102
chr17	72598456	72598558	ENSG00000227036.10	exon|gene|transcript	102
chr17	36634399	36634501	ENSG00000275720.1	exon|gene|transcript	102
chr17	64783020	64783122	ENSG00000291117.1	exon|gene|transcript	102
chr17	7229943	7230045	ENSG00000004975.12	exon|gene|transcript	102
chr17	73737853	73737955	ENSG00000263574.2	exon|gene|transcript	102
chr17	75819581	75819683	ENSG00000132478.10|ENSG00000266980.1	exon|gene|transcript	102
chr17	45261901	45262003	ENSG00000184361.13|ENSG00000267278.6	exon|gene|transcript	102
chr17	29621616	29621718	ENSG00000167549.19|ENSG00000264007.1|ENSG00000264031.1	exon|gene|transcript	102
chr17	36576687	36576789	ENSG00000278311.5	exon|gene|transcript	102
chr17	68251285	68251387	ENSG00000196704.14	exon|gene|transcript	102
chr17	14729584	14729686	ENSG00000226130.1	exon|gene|transcript	102
chr17	64504374	64504476	ENSG00000108654.16	exon|gene|transcript	102
chr17	76720535	76720637	ENSG00000070495.15	exon|gene|transcript	102
chr17	78543754	78543856	ENSG00000187775.17	exon|gene|transcript	102
chr17	22436061	22436163	ENSG00000293297.1	exon|gene|transcript	102
chr17	6657033	6657135	ENSG00000256806.6|ENSG00000290366.1	exon|gene|transcript	102
chr17	63821843	63821945	ENSG00000108592.17	exon|gene|transcript	102
chr17	28061966	28062068	ENSG00000087095.13|ENSG00000252283.1	exon|gene|transcript	102
chr17	43778141	43778243	ENSG00000108861.9	exon|gene|transcript	102
chr17	22437888	22437990	ENSG00000293297.1	exon|gene|transcript	102
chr17	18705062	18705164	ENSG00000291110.1	exon|gene|transcript	102
chr17	36183517	36183619	ENSG00000274767.1	exon|gene|transcript	102
chr17	82659657	82659759	ENSG00000141542.11	exon|gene|transcript	102
chr17	63931890	63931992	ENSG00000007312.14	exon|gene|transcript	102
chr17	80137501	80137603	ENSG00000141543.12	exon|gene|transcript	102
chr17	42815670	42815772	ENSG00000126581.13	exon|gene|transcript	102
chr17	74106879	74106981	ENSG00000266357.6	exon|gene|transcript	102
chr17	30144639	30144741	ENSG00000126653.18|ENSG00000266987.1	exon|gene|transcript	102
chr17	72488213	72488315	ENSG00000227036.10	exon|gene|transcript	102
chr17	10860925	10861027	ENSG00000244753.2|ENSG00000263508.6|ENSG00000285220.1	exon|gene|transcript	102
chr17	1651788	1651890	ENSG00000174231.18	exon|gene|transcript	102
chr17	64966549	64966651	ENSG00000291140.1	exon|gene|transcript	102
chr17	20745058	20745160	ENSG00000187870.7	exon|gene|transcript	102
chr17	81514118	81514220	ENSG00000184009.13|ENSG00000229848.1	exon|gene|transcript	102
chr17	2044840	2044942	ENSG00000263050.1	exon|gene|transcript	102
chr17	16788777	16788878	ENSG00000264673.1|ENSG00000266302.6|ENSG00000272815.1|ENSG00000290976.1	exon|gene|transcript	101
chr17	79915256	79915357	ENSG00000262585.1	exon|gene|transcript	101
chr17	55638651	55638752	ENSG00000289016.1	exon|gene|transcript	101
chr17	32151403	32151504	ENSG00000126858.19|ENSG00000265293.2	exon|gene|transcript	101
chr17	81342482	81342583	ENSG00000287431.1	exon|gene|transcript	101
chr17	58006241	58006342	ENSG00000136450.13|ENSG00000266086.3	exon|gene|transcript	101
chr17	49496130	49496231	ENSG00000064300.9|ENSG00000279036.1	exon|gene|transcript	101
chr17	63837044	63837145	ENSG00000108604.18	exon|gene|transcript	101
chr17	49707522	49707623	ENSG00000121073.15	exon|gene|transcript	101
chr17	70313014	70313115	ENSG00000267109.1	exon|gene|transcript	101
chr17	42514187	42514288	ENSG00000033627.18|ENSG00000283929.1	exon|gene|transcript	101
chr17	73787428	73787529	ENSG00000177338.14|ENSG00000234721.3	exon|gene|transcript	101
chr17	62241535	62241636	ENSG00000266365.1	exon|gene|transcript	101
chr17	54217920	54218021	ENSG00000285939.2	exon|gene|transcript	101
chr17	20751370	20751471	ENSG00000187870.7	exon|gene|transcript	101
chr17	3602171	3602272	ENSG00000196689.13|ENSG00000261916.1|ENSG00000262304.2	exon|gene|transcript	101
chr17	67188217	67188318	ENSG00000198265.12	exon|gene|transcript	101
chr17	2965438	2965539	ENSG00000132359.17|ENSG00000262884.1	exon|gene|transcript	101
chr17	37021154	37021255	ENSG00000275700.6	exon|gene|transcript	101
chr17	47974035	47974136	ENSG00000108465.15|ENSG00000263798.2	exon|gene|transcript	101
chr17	321415	321516	ENSG00000181031.16|ENSG00000262920.5	exon|gene|transcript	101
chr17	62680960	62681061	ENSG00000011028.14|ENSG00000279713.1	exon|gene|transcript	101
chr17	28562340	28562441	ENSG00000087111.22|ENSG00000167524.17	exon|gene|transcript	101
chr17	50909636	50909737	ENSG00000229980.5|ENSG00000262006.1	exon|gene|transcript	101
chr17	42955740	42955841	ENSG00000108825.18|ENSG00000266967.7	exon|gene|transcript	101
chr17	8071584	8071685	ENSG00000275011.1	exon|gene|transcript	101
chr17	16862397	16862498	ENSG00000283033.1	exon|gene|transcript	101
chr17	29572705	29572806	ENSG00000167543.16|ENSG00000264031.1	exon|gene|transcript	101
chr17	57671473	57671574	ENSG00000153944.12	exon|gene|transcript	101
chr17	76546332	76546433	ENSG00000161544.10|ENSG00000214140.11|ENSG00000267546.2	exon|gene|transcript	101
chr17	20722034	20722135	ENSG00000226521.8|ENSG00000290430.1	exon|gene|transcript	101
chr17	81947354	81947455	ENSG00000235296.2	exon|gene|transcript	101
chr17	75225949	75226050	ENSG00000125450.11	exon|gene|transcript	101
chr17	3214115	3214216	ENSG00000172146.4	exon|gene|transcript	101
chr17	21015650	21015751	ENSG00000124422.12	exon|gene|transcript	101
chr17	47974688	47974789	ENSG00000108465.15|ENSG00000263798.2	exon|gene|transcript	101
chr17	76552089	76552190	ENSG00000214140.11|ENSG00000267546.2	exon|gene|transcript	101
chr17	48899130	48899231	ENSG00000270781.1|ENSG00000293025.1	exon|gene|transcript	101
chr17	19615788	19615888	ENSG00000231625.5	exon|gene|transcript	100
chr17	19624842	19624942	ENSG00000231625.5	exon|gene|transcript	100
chr17	41971697	41971797	ENSG00000173786.17	exon|gene|transcript	100
chr17	49972297	49972397	ENSG00000108813.12	exon|gene|transcript	100
chr17	81380484	81380584	ENSG00000262223.10	exon|gene|transcript	100
chr17	19095982	19096082	ENSG00000228157.4	exon|gene|transcript	100
chr17	77548827	77548927	ENSG00000267506.7|ENSG00000286534.1	exon|gene|transcript	100
chr17	81697191	81697291	ENSG00000185359.14|ENSG00000275902.1	exon|gene|transcript	100
chr17	20668208	20668308	ENSG00000236504.2	exon|gene|transcript	100
chr17	15444091	15444191	ENSG00000234324.1|ENSG00000239704.12|ENSG00000259024.7	exon|gene|transcript	100
chr17	36452146	36452246	ENSG00000274658.1	exon|gene|transcript	100
chr17	27668165	27668265	ENSG00000265041.1	exon|gene|transcript	100
chr17	19419080	19419180	ENSG00000227078.1|ENSG00000235979.9	exon|gene|transcript	100
chr17	50548453	50548553	ENSG00000006282.22	exon|gene|transcript	100
chr17	68042999	68043099	ENSG00000182481.10	exon|gene|transcript	100
chr17	79952882	79952982	ENSG00000167291.16|ENSG00000275516.1	exon|gene|transcript	100
chr17	45550632	45550732	ENSG00000267198.1|ENSG00000267246.1|ENSG00000291175.1	exon|gene|transcript	100
chr17	7012095	7012195	ENSG00000215067.12|ENSG00000267047.1	exon|gene|transcript	100
chr17	31575410	31575510	ENSG00000228768.3|ENSG00000283978.1	exon|gene|transcript	100
chr17	39044666	39044766	ENSG00000214553.12|ENSG00000290925.1	exon|gene|transcript	100
chr17	27665612	27665712	ENSG00000265788.3	exon|gene|transcript	100
chr17	41666643	41666743	ENSG00000278954.1	exon|gene|transcript	100
chr17	564885	564985	ENSG00000141252.21	exon|gene|transcript	100
chr17	35963511	35963611	ENSG00000273736.2|ENSG00000291030.1	exon|gene|transcript	100
chr17	30560616	30560716	ENSG00000266733.8|ENSG00000290404.1	exon|gene|transcript	100
chr17	43923514	43923614	ENSG00000267166.5	exon|gene|transcript	100
chr17	82255328	82255428	ENSG00000141526.18|ENSG00000141551.15	exon|gene|transcript	100
chr17	59998137	59998237	ENSG00000266992.1|ENSG00000267104.2	exon|gene|transcript	100
chr17	60010552	60010652	ENSG00000238283.3|ENSG00000267104.2	exon|gene|transcript	100
chr17	46409033	46409133	ENSG00000260075.1	exon|gene|transcript	100
chr17	37854302	37854402	ENSG00000276715.5|ENSG00000290810.1	exon|gene|transcript	100
chr17	80203294	80203394	ENSG00000141527.19|ENSG00000262580.5	exon|gene|transcript	100
chr17	42979804	42979904	ENSG00000108825.18|ENSG00000267060.7	exon|gene|transcript	100
chr17	42999315	42999415	ENSG00000131469.15	exon|gene|transcript	100
chr17	15850570	15850670	ENSG00000227790.8|ENSG00000290377.1	exon|gene|transcript	100
chr17	51337624	51337724	ENSG00000267452.3	exon|gene|transcript	100
chr17	60113792	60113892	ENSG00000267295.1	exon|gene|transcript	100
chr17	9810449	9810549	ENSG00000214978.8|ENSG00000283025.1	exon|gene|transcript	100
chr17	62267132	62267231	ENSG00000188755.11|ENSG00000290800.1	exon|gene|transcript	99
chr17	47482991	47483090	ENSG00000228782.10|ENSG00000291120.1	exon|gene|transcript	99
chr17	54953660	54953759	ENSG00000141198.16|ENSG00000166260.13	exon|gene|transcript	99
chr17	15864054	15864153	ENSG00000227790.8	exon|gene|transcript	99
chr17	50989539	50989638	ENSG00000008294.22	exon|gene|transcript	99
chr17	18424488	18424587	ENSG00000205266.11|ENSG00000290655.1	exon|gene|transcript	99
chr17	50700468	50700567	ENSG00000154945.7	exon|gene|transcript	99
chr17	754888	754987	ENSG00000293440.1	exon|gene|transcript	99
chr17	75074305	75074404	ENSG00000232724.1	exon|gene|transcript	99
chr17	29076356	29076455	ENSG00000196535.20	exon|gene|transcript	99
chr17	58273763	58273862	ENSG00000005381.9	exon|gene|transcript	99
chr17	42839012	42839111	ENSG00000131467.12	exon|gene|transcript	99
chr17	7954867	7954966	ENSG00000262492.1	exon|gene|transcript	99
chr17	35816716	35816815	ENSG00000270647.7|ENSG00000270871.1	exon|gene|transcript	99
chr17	73519280	73519379	ENSG00000069188.17|ENSG00000264985.4	exon|gene|transcript	99
chr17	2688755	2688854	ENSG00000272911.1	exon|gene|transcript	99
chr17	29582803	29582902	ENSG00000108262.16|ENSG00000264031.1	exon|gene|transcript	99
chr17	27663012	27663111	ENSG00000265788.3|ENSG00000290973.1	exon|gene|transcript	99
chr17	77530840	77530939	ENSG00000267665.3	exon|gene|transcript	99
chr17	27662797	27662896	ENSG00000265788.3|ENSG00000290973.1	exon|gene|transcript	99
chr17	47619807	47619906	ENSG00000141279.18|ENSG00000263766.6	exon|gene|transcript	99
chr17	60462569	60462668	ENSG00000062725.10	exon|gene|transcript	99
chr17	60633307	60633406	ENSG00000170836.13	exon|gene|transcript	99
chr17	8532382	8532481	ENSG00000133026.14	exon|gene|transcript	99
chr17	76546472	76546571	ENSG00000161544.10|ENSG00000214140.11|ENSG00000267546.2	exon|gene|transcript	99
chr17	17142213	17142312	ENSG00000133030.22	exon|gene|transcript	99
chr17	27025151	27025250	ENSG00000266736.1	exon|gene|transcript	99
chr17	36105125	36105224	ENSG00000275302.2	exon|gene|transcript	99
chr17	72172712	72172811	ENSG00000234899.11|ENSG00000288605.1	exon|gene|transcript	99
chr17	5235507	5235605	ENSG00000261879.9	exon|gene|transcript	98
chr17	53757772	53757870	ENSG00000233380.1|ENSG00000285939.2	exon|gene|transcript	98
chr17	8235959	8236057	ENSG00000178971.17	exon|gene|transcript	98
chr17	42128550	42128648	ENSG00000108774.15|ENSG00000267261.5	exon|gene|transcript	98
chr17	2366996	2367094	ENSG00000141258.13	exon|gene|transcript	98
chr17	36990675	36990773	ENSG00000275700.6	exon|gene|transcript	98
chr17	39044843	39044941	ENSG00000214553.12|ENSG00000290925.1	exon|gene|transcript	98
chr17	40717704	40717802	ENSG00000291165.1	exon|gene|transcript	98
chr17	6057952	6058050	ENSG00000179314.16|ENSG00000285471.1	exon|gene|transcript	98
chr17	75241516	75241614	ENSG00000125447.18	exon|gene|transcript	98
chr17	82294025	82294123	ENSG00000260563.3	exon|gene|transcript	98
chr17	64974729	64974827	ENSG00000291140.1	exon|gene|transcript	98
chr17	19742630	19742728	ENSG00000108602.18	exon|gene|transcript	98
chr17	18699359	18699457	ENSG00000291110.1	exon|gene|transcript	98
chr17	81125275	81125373	ENSG00000181409.14|ENSG00000207736.1	exon|gene|transcript	98
chr17	41515373	41515471	ENSG00000171346.16	exon|gene|transcript	98
chr17	82249066	82249164	ENSG00000141526.18|ENSG00000141551.15|ENSG00000280407.3	exon|gene|transcript	98
chr17	12081898	12081996	ENSG00000065559.15|ENSG00000266297.1	exon|gene|transcript	98
chr17	63811173	63811271	ENSG00000198231.14	exon|gene|transcript	98
chr17	45219208	45219306	ENSG00000267121.7	exon|gene|transcript	98
chr17	81915512	81915610	ENSG00000187531.14	exon|gene|transcript	98
chr17	82400702	82400800	ENSG00000181396.13|ENSG00000264812.1	exon|gene|transcript	98
chr17	1012163	1012261	ENSG00000159842.16	exon|gene|transcript	98
chr17	82661172	82661270	ENSG00000141542.11	exon|gene|transcript	98
chr17	18149387	18149485	ENSG00000091536.20	exon|gene|transcript	98
chr17	51334247	51334345	ENSG00000249383.2	exon|gene|transcript	98
chr17	7837103	7837201	ENSG00000132510.11|ENSG00000288748.1	exon|gene|transcript	98
chr17	81233503	81233601	ENSG00000167302.11|ENSG00000260005.6	exon|gene|transcript	98
chr17	39656909	39657007	ENSG00000131748.16	exon|gene|transcript	98
chr17	45908285	45908383	ENSG00000186868.18|ENSG00000262881.1	exon|gene|transcript	98
chr17	68424450	68424548	ENSG00000070540.13|ENSG00000207561.1|ENSG00000267009.6	exon|gene|transcript	98
chr17	68156587	68156684	ENSG00000267708.1|ENSG00000291214.1	exon|gene|transcript	97
chr17	77882053	77882150	ENSG00000204283.4	exon|gene|transcript	97
chr17	78120555	78120652	ENSG00000141524.19	exon|gene|transcript	97
chr17	39662367	39662464	ENSG00000131748.16	exon|gene|transcript	97
chr17	81481706	81481803	ENSG00000289140.1	exon|gene|transcript	97
chr17	46487044	46487141	ENSG00000260075.1	exon|gene|transcript	97
chr17	18727524	18727621	ENSG00000108448.24|ENSG00000291110.1	exon|gene|transcript	97
chr17	28706164	28706261	ENSG00000167525.16	exon|gene|transcript	97
chr17	4942941	4943038	ENSG00000108523.16	exon|gene|transcript	97
chr17	49846144	49846241	ENSG00000176358.16|ENSG00000204584.1	exon|gene|transcript	97
chr17	72077212	72077309	ENSG00000226101.2|ENSG00000234899.11|ENSG00000288605.1	exon|gene|transcript	97
chr17	38118186	38118283	ENSG00000274615.1	exon|gene|transcript	97
chr17	39658296	39658393	ENSG00000131748.16	exon|gene|transcript	97
chr17	18517192	18517289	ENSG00000233327.12|ENSG00000273018.7|ENSG00000290659.1	exon|gene|transcript	97
chr17	32476679	32476776	ENSG00000108671.11	exon|gene|transcript	97
chr17	45825485	45825582	ENSG00000120088.16|ENSG00000263715.7|ENSG00000264589.5	exon|gene|transcript	97
chr17	36314083	36314180	ENSG00000261499.2	exon|gene|transcript	97
chr17	39165139	39165236	ENSG00000141748.13|ENSG00000280177.1	exon|gene|transcript	97
chr17	19722133	19722230	ENSG00000262681.2	exon|gene|transcript	97
chr17	63798099	63798196	ENSG00000198231.14	exon|gene|transcript	97
chr17	75897929	75898026	ENSG00000267342.1	exon|gene|transcript	97
chr17	78251221	78251318	ENSG00000267676.1|ENSG00000283914.1	exon|gene|transcript	97
chr17	18400342	18400439	ENSG00000204471.3	exon|gene|transcript	97
chr17	20008626	20008723	ENSG00000261033.1	exon|gene|transcript	97
chr17	20321316	20321413	ENSG00000154898.17|ENSG00000263494.1|ENSG00000293363.2	exon|gene|transcript	97
chr17	38202237	38202334	ENSG00000274487.5|ENSG00000291088.1	exon|gene|transcript	97
chr17	59664689	59664786	ENSG00000141367.13	exon|gene|transcript	97
chr17	27578364	27578461	ENSG00000141068.17	exon|gene|transcript	97
chr17	6958864	6958961	ENSG00000215067.12|ENSG00000263316.1	exon|gene|transcript	97
chr17	18528364	18528461	ENSG00000227689.1|ENSG00000273018.7	exon|gene|transcript	97
chr17	49845909	49846006	ENSG00000176358.16|ENSG00000204584.1	exon|gene|transcript	97
chr17	20544002	20544099	ENSG00000235203.2	exon|gene|transcript	97
chr17	50065479	50065576	ENSG00000005884.18	exon|gene|transcript	97
chr17	8229446	8229543	ENSG00000178971.17	exon|gene|transcript	97
chr17	42760513	42760610	ENSG00000131477.11|ENSG00000197291.9	exon|gene|transcript	97
chr17	97268	97364	ENSG00000280136.2	exon|gene|transcript	96
chr17	97701	97797	ENSG00000280136.2	exon|gene|transcript	96
chr17	42190527	42190623	ENSG00000167925.17	exon|gene|transcript	96
chr17	18515674	18515770	ENSG00000233327.12|ENSG00000273018.7|ENSG00000290659.1	exon|gene|transcript	96
chr17	18380738	18380834	ENSG00000214860.5|ENSG00000264177.1	exon|gene|transcript	96
chr17	16848149	16848245	ENSG00000205312.9|ENSG00000290980.1	exon|gene|transcript	96
chr17	72638754	72638850	ENSG00000227036.10	exon|gene|transcript	96
chr17	50215261	50215357	ENSG00000249406.3|ENSG00000263176.1	exon|gene|transcript	96
chr17	15829483	15829579	ENSG00000227790.8|ENSG00000237057.3|ENSG00000290377.1	exon|gene|transcript	96
chr17	44646363	44646459	ENSG00000266979.1	exon|gene|transcript	96
chr17	36482460	36482556	ENSG00000289011.1	exon|gene|transcript	96
chr17	6659924	6660020	ENSG00000256806.6|ENSG00000274114.3|ENSG00000290366.1	exon|gene|transcript	96
chr17	45115490	45115586	ENSG00000161714.12	exon|gene|transcript	96
chr17	18732038	18732134	ENSG00000108448.24|ENSG00000291110.1	exon|gene|transcript	96
chr17	20681703	20681799	ENSG00000236504.2	exon|gene|transcript	96
chr17	28716393	28716489	ENSG00000109113.20	exon|gene|transcript	96
chr17	75848410	75848506	ENSG00000132471.12	exon|gene|transcript	96
chr17	63825830	63825926	ENSG00000108592.17	exon|gene|transcript	96
chr17	34080881	34080977	ENSG00000108684.15|ENSG00000263485.1|ENSG00000265356.2	exon|gene|transcript	96
chr17	78458468	78458564	ENSG00000187775.17	exon|gene|transcript	96
chr17	82920459	82920555	ENSG00000141556.22	exon|gene|transcript	96
chr17	32877433	32877529	ENSG00000236377.2	exon|gene|transcript	96
chr17	17013654	17013750	ENSG00000260328.1	exon|gene|transcript	96
chr17	68894783	68894879	ENSG00000141338.15	exon|gene|transcript	96
chr17	22706607	22706703	ENSG00000293001.1	exon|gene|transcript	96
chr17	63859458	63859554	ENSG00000240280.8|ENSG00000293480.1	exon|gene|transcript	96
chr17	80136131	80136227	ENSG00000141543.12	exon|gene|transcript	96
chr17	68642669	68642765	ENSG00000267659.5	exon|gene|transcript	96
chr17	46998180	46998276	ENSG00000262633.2|ENSG00000262879.7|ENSG00000291209.1	exon|gene|transcript	96
chr17	15260298	15260394	ENSG00000109099.16	exon|gene|transcript	96
chr17	2695603	2695699	ENSG00000132361.18	exon|gene|transcript	96
chr17	49702761	49702857	ENSG00000121073.15	exon|gene|transcript	96
chr17	59953948	59954044	ENSG00000189050.16|ENSG00000267318.1	exon|gene|transcript	96
chr17	57046655	57046751	ENSG00000293179.1	exon|gene|transcript	96
chr17	80334270	80334366	ENSG00000173821.20|ENSG00000276863.1	exon|gene|transcript	96
chr17	7509632	7509728	ENSG00000181222.19	exon|gene|transcript	96
chr17	72141684	72141780	ENSG00000234899.11|ENSG00000288605.1	exon|gene|transcript	96
chr17	63606440	63606536	ENSG00000136463.9|ENSG00000288894.1	exon|gene|transcript	96
chr17	62398046	62398142	ENSG00000172421.10|ENSG00000239527.1	exon|gene|transcript	96
chr17	409602	409698	ENSG00000241525.4	exon|gene|transcript	96
chr17	78120459	78120555	ENSG00000141524.19	exon|gene|transcript	96
chr17	7318172	7318268	ENSG00000215041.10|ENSG00000261915.6	exon|gene|transcript	96
chr17	43013379	43013475	ENSG00000068079.8	exon|gene|transcript	96
chr17	22524562	22524658	ENSG00000243655.2	exon|gene|transcript	96
chr17	72327995	72328091	ENSG00000227036.10	exon|gene|transcript	96
chr17	18177036	18177132	ENSG00000091536.20|ENSG00000266677.1	exon|gene|transcript	96
chr17	19591764	19591860	ENSG00000228983.10|ENSG00000262769.1|ENSG00000290454.1	exon|gene|transcript	96
chr17	29647962	29648058	ENSG00000141298.19|ENSG00000264031.1	exon|gene|transcript	96
chr17	58363178	58363274	ENSG00000108375.13|ENSG00000265148.7|ENSG00000285897.1	exon|gene|transcript	96
chr17	53437281	53437377	ENSG00000285939.2	exon|gene|transcript	96
chr17	4187497	4187592	ENSG00000185722.18	exon|gene|transcript	95
chr17	2373513	2373608	ENSG00000141258.13	exon|gene|transcript	95
chr17	8228629	8228724	ENSG00000178971.17	exon|gene|transcript	95
chr17	55857178	55857273	ENSG00000262052.1	exon|gene|transcript	95
chr17	35106290	35106385	ENSG00000185379.21|ENSG00000267618.5	exon|gene|transcript	95
chr17	44176642	44176737	ENSG00000161664.7|ENSG00000267080.8	exon|gene|transcript	95
chr17	20512559	20512654	ENSG00000231645.4	exon|gene|transcript	95
chr17	11288575	11288670	ENSG00000188803.15|ENSG00000264727.1	exon|gene|transcript	95
chr17	77528124	77528219	ENSG00000267665.3	exon|gene|transcript	95
chr17	67743383	67743478	ENSG00000130935.10	exon|gene|transcript	95
chr17	38602420	38602515	ENSG00000274996.1|ENSG00000277363.5	exon|gene|transcript	95
chr17	60011569	60011664	ENSG00000238283.3|ENSG00000267104.2	exon|gene|transcript	95
chr17	4691073	4691168	ENSG00000141456.16|ENSG00000235085.3	exon|gene|transcript	95
chr17	61383400	61383495	ENSG00000141376.24|ENSG00000266934.1|ENSG00000267131.1	exon|gene|transcript	95
chr17	18399332	18399427	ENSG00000204471.3	exon|gene|transcript	95
chr17	36453159	36453254	ENSG00000274658.1	exon|gene|transcript	95
chr17	69110705	69110800	ENSG00000154262.13	exon|gene|transcript	95
chr17	16840894	16840989	ENSG00000131885.18	exon|gene|transcript	95
chr17	18431753	18431848	ENSG00000186831.12	exon|gene|transcript	95
chr17	8379936	8380031	ENSG00000161970.15|ENSG00000263809.1|ENSG00000265749.6	exon|gene|transcript	95
chr17	78501088	78501183	ENSG00000187775.17|ENSG00000267432.6	exon|gene|transcript	95
chr17	20545014	20545109	ENSG00000235203.2	exon|gene|transcript	95
chr17	28952201	28952296	ENSG00000179761.12	exon|gene|transcript	95
chr17	43518248	43518343	ENSG00000067596.12	exon|gene|transcript	95
chr17	76805534	76805629	ENSG00000267065.2	exon|gene|transcript	95
chr17	41525273	41525368	ENSG00000171345.13	exon|gene|transcript	95
chr17	72583043	72583138	ENSG00000227036.10	exon|gene|transcript	95
chr17	74117144	74117239	ENSG00000266357.6	exon|gene|transcript	95
chr17	16829998	16830093	ENSG00000227300.13	exon|gene|transcript	95
chr17	30559631	30559726	ENSG00000266733.8|ENSG00000290404.1	exon|gene|transcript	95
chr17	43679340	43679435	ENSG00000267440.2	exon|gene|transcript	95
chr17	45508311	45508406	ENSG00000214425.11|ENSG00000291175.1	exon|gene|transcript	95
chr17	82436888	82436983	ENSG00000169660.17	exon|gene|transcript	95
chr17	4894949	4895044	ENSG00000141503.17	exon|gene|transcript	95
chr17	41326629	41326724	ENSG00000233014.1	exon|gene|transcript	95
chr17	43012949	43013044	ENSG00000068079.8	exon|gene|transcript	95
chr17	18722022	18722117	ENSG00000291110.1	exon|gene|transcript	95
chr17	7627044	7627139	ENSG00000129214.15|ENSG00000141504.12	exon|gene|transcript	95
chr17	82274186	82274281	ENSG00000287737.3	exon|gene|transcript	95
chr17	49255453	49255548	ENSG00000177369.11	exon|gene|transcript	95
chr17	75040981	75041076	ENSG00000167863.12|ENSG00000180901.11	exon|gene|transcript	95
chr17	82249602	82249697	ENSG00000141526.18|ENSG00000141551.15|ENSG00000280407.3	exon|gene|transcript	95
chr17	62268144	62268239	ENSG00000188755.11|ENSG00000290800.1	exon|gene|transcript	95
chr17	78449584	78449679	ENSG00000187775.17	exon|gene|transcript	95
chr17	8505603	8505698	ENSG00000133026.14	exon|gene|transcript	95
chr17	82055905	82056000	ENSG00000169727.14	exon|gene|transcript	95
chr17	48602137	48602232	ENSG00000108511.10|ENSG00000120093.12|ENSG00000233101.10	exon|gene|transcript	95
chr17	19271643	19271738	ENSG00000072134.16	exon|gene|transcript	95
chr17	42210497	42210592	ENSG00000173757.11	exon|gene|transcript	95
chr17	20501668	20501763	ENSG00000214822.9|ENSG00000291196.1	exon|gene|transcript	95
chr17	508573	508667	ENSG00000141252.21|ENSG00000263015.1	exon|gene|transcript	94
chr17	42564577	42564671	ENSG00000068120.15	exon|gene|transcript	94
chr17	78203629	78203723	ENSG00000183077.16	exon|gene|transcript	94
chr17	321516	321610	ENSG00000181031.16|ENSG00000262920.5	exon|gene|transcript	94
chr17	47678508	47678602	ENSG00000108424.11	exon|gene|transcript	94
chr17	11289465	11289559	ENSG00000188803.15|ENSG00000264727.1	exon|gene|transcript	94
chr17	7909843	7909937	ENSG00000170004.19	exon|gene|transcript	94
chr17	32512868	32512962	ENSG00000176658.17|ENSG00000263717.1|ENSG00000265222.1	exon|gene|transcript	94
chr17	8887426	8887520	ENSG00000141506.15	exon|gene|transcript	94
chr17	18528600	18528694	ENSG00000273018.7	exon|gene|transcript	94
chr17	29165387	29165481	ENSG00000196535.20	exon|gene|transcript	94
chr17	4547863	4547957	ENSG00000132382.15	exon|gene|transcript	94
chr17	75146452	75146546	ENSG00000189159.16|ENSG00000263786.1	exon|gene|transcript	94
chr17	8884992	8885086	ENSG00000141506.15	exon|gene|transcript	94
chr17	20981654	20981748	ENSG00000233098.10	exon|gene|transcript	94
chr17	46507243	46507337	ENSG00000185829.19|ENSG00000266497.1	exon|gene|transcript	94
chr17	18432050	18432144	ENSG00000290657.1	exon|gene|transcript	94
chr17	19381686	19381780	ENSG00000166484.20	exon|gene|transcript	94
chr17	41971797	41971891	ENSG00000173786.17	exon|gene|transcript	94
chr17	5033384	5033478	ENSG00000132517.15	exon|gene|transcript	94
chr17	72427774	72427868	ENSG00000227036.10|ENSG00000263680.2	exon|gene|transcript	94
chr17	2676410	2676504	ENSG00000007168.14	exon|gene|transcript	94
chr17	56987332	56987426	ENSG00000121064.13	exon|gene|transcript	94
chr17	30769871	30769965	ENSG00000176390.12|ENSG00000264538.8|ENSG00000290928.1	exon|gene|transcript	94
chr17	16347580	16347674	ENSG00000108474.17|ENSG00000166582.11	exon|gene|transcript	94
chr17	1468308	1468402	ENSG00000197879.17	exon|gene|transcript	94
chr17	79926500	79926594	ENSG00000262585.1	exon|gene|transcript	94
chr17	58212486	58212580	ENSG00000011143.19	exon|gene|transcript	94
chr17	8014764	8014858	ENSG00000132518.7|ENSG00000279174.1	exon|gene|transcript	94
chr17	45555711	45555805	ENSG00000266504.1|ENSG00000267198.1|ENSG00000267246.1|ENSG00000291175.1	exon|gene|transcript	94
chr17	33935476	33935570	ENSG00000108684.15|ENSG00000265356.2|ENSG00000279668.4	exon|gene|transcript	94
chr17	20512263	20512357	ENSG00000291196.1	exon|gene|transcript	94
chr17	63699162	63699256	ENSG00000136490.9|ENSG00000266173.7	exon|gene|transcript	94
chr17	19415423	19415517	ENSG00000128482.16	exon|gene|transcript	94
chr17	61354267	61354361	ENSG00000141376.24	exon|gene|transcript	94
chr17	14296485	14296579	ENSG00000262786.1	exon|gene|transcript	94
chr17	44177722	44177816	ENSG00000161664.7|ENSG00000267080.8	exon|gene|transcript	94
chr17	60435808	60435902	ENSG00000293252.1	exon|gene|transcript	94
chr17	16027279	16027373	ENSG00000011295.16	exon|gene|transcript	94
chr17	64532744	64532838	ENSG00000258890.8	exon|gene|transcript	94
chr17	42193188	42193282	ENSG00000167925.17	exon|gene|transcript	94
chr17	47974448	47974541	ENSG00000108465.15|ENSG00000263798.2	exon|gene|transcript	93
chr17	63872741	63872834	ENSG00000213218.11	exon|gene|transcript	93
chr17	10766678	10766771	ENSG00000263400.8|ENSG00000264016.3|ENSG00000285220.1	exon|gene|transcript	93
chr17	63910326	63910419	ENSG00000204414.14	exon|gene|transcript	93
chr17	16818848	16818941	ENSG00000226145.8|ENSG00000290977.1	exon|gene|transcript	93
chr17	77517429	77517522	ENSG00000267665.3	exon|gene|transcript	93
chr17	50909737	50909830	ENSG00000229980.5|ENSG00000262006.1	exon|gene|transcript	93
chr17	8381997	8382090	ENSG00000161970.15|ENSG00000263809.1	exon|gene|transcript	93
chr17	19379688	19379781	ENSG00000166484.20	exon|gene|transcript	93
chr17	56206485	56206578	ENSG00000153930.13	exon|gene|transcript	93
chr17	48894767	48894860	ENSG00000159199.14|ENSG00000293025.1	exon|gene|transcript	93
chr17	77491130	77491223	ENSG00000184640.20	exon|gene|transcript	93
chr17	65536553	65536646	ENSG00000168646.14	exon|gene|transcript	93
chr17	18514588	18514681	ENSG00000233327.12|ENSG00000273018.7|ENSG00000290659.1	exon|gene|transcript	93
chr17	13017237	13017330	ENSG00000006744.19	exon|gene|transcript	93
chr17	20519520	20519613	ENSG00000205215.9|ENSG00000291198.1	exon|gene|transcript	93
chr17	409234	409327	ENSG00000241525.4	exon|gene|transcript	93
chr17	21006802	21006895	ENSG00000124422.12	exon|gene|transcript	93
chr17	45896687	45896780	ENSG00000186868.18|ENSG00000279685.2	exon|gene|transcript	93
chr17	9437796	9437889	ENSG00000170310.15	exon|gene|transcript	93
chr17	33634964	33635057	ENSG00000108684.15|ENSG00000265115.1	exon|gene|transcript	93
chr17	7313474	7313567	ENSG00000132522.16|ENSG00000261915.6	exon|gene|transcript	93
chr17	32003109	32003202	ENSG00000264300.2	exon|gene|transcript	93
chr17	48047624	48047717	ENSG00000263412.3	exon|gene|transcript	93
chr17	61398214	61398307	ENSG00000267131.1|ENSG00000267280.6|ENSG00000289926.1	exon|gene|transcript	93
chr17	12985911	12986004	ENSG00000006740.18	exon|gene|transcript	93
chr17	8234655	8234748	ENSG00000178971.17	exon|gene|transcript	93
chr17	76401970	76402063	ENSG00000175931.13	exon|gene|transcript	93
chr17	36274190	36274283	ENSG00000261499.2	exon|gene|transcript	93
chr17	38709079	38709172	ENSG00000275023.5	exon|gene|transcript	93
chr17	75901424	75901517	ENSG00000204316.13|ENSG00000267426.5	exon|gene|transcript	93
chr17	39030165	39030258	ENSG00000214553.12|ENSG00000290925.1	exon|gene|transcript	93
chr17	44327135	44327228	ENSG00000288961.2	exon|gene|transcript	93
chr17	20429608	20429701	ENSG00000189423.14|ENSG00000287490.1|ENSG00000291194.1	exon|gene|transcript	93
chr17	44194674	44194767	ENSG00000087152.16	exon|gene|transcript	93
chr17	3212599	3212692	ENSG00000172146.4	exon|gene|transcript	93
chr17	80087513	80087606	ENSG00000141519.15	exon|gene|transcript	93
chr17	18424793	18424886	ENSG00000205266.11|ENSG00000290655.1	exon|gene|transcript	93
chr17	78845859	78845952	ENSG00000287539.1	exon|gene|transcript	93
chr17	42578103	42578196	ENSG00000287710.1	exon|gene|transcript	93
chr17	77724770	77724863	ENSG00000267790.1	exon|gene|transcript	93
chr17	44385716	44385809	ENSG00000005961.19	exon|gene|transcript	93
chr17	12758213	12758306	ENSG00000141052.18	exon|gene|transcript	93
chr17	20514633	20514726	ENSG00000231645.4|ENSG00000291197.1	exon|gene|transcript	93
chr17	42814008	42814101	ENSG00000126581.13	exon|gene|transcript	93
chr17	36162834	36162926	ENSG00000276241.1|ENSG00000282738.1	exon|gene|transcript	92
chr17	50064607	50064699	ENSG00000005884.18	exon|gene|transcript	92
chr17	82593652	82593744	ENSG00000141568.21	exon|gene|transcript	92
chr17	80382362	80382454	ENSG00000173821.20|ENSG00000263069.6	exon|gene|transcript	92
chr17	36500156	36500248	ENSG00000278259.5	exon|gene|transcript	92
chr17	50105278	50105370	ENSG00000005882.12	exon|gene|transcript	92
chr17	3977102	3977194	ENSG00000263312.1	exon|gene|transcript	92
chr17	40863610	40863702	ENSG00000187242.6	exon|gene|transcript	92
chr17	79298328	79298420	ENSG00000167281.20	exon|gene|transcript	92
chr17	41984207	41984299	ENSG00000168259.17	exon|gene|transcript	92
chr17	56987240	56987332	ENSG00000121064.13	exon|gene|transcript	92
chr17	30729790	30729882	ENSG00000263603.1|ENSG00000290928.1	exon|gene|transcript	92
chr17	76831949	76832041	ENSG00000287836.1	exon|gene|transcript	92
chr17	75742489	75742581	ENSG00000132470.14	exon|gene|transcript	92
chr17	75706092	75706184	ENSG00000161526.15	exon|gene|transcript	92
chr17	7945635	7945727	ENSG00000170037.14	exon|gene|transcript	92
chr17	50380095	50380187	ENSG00000108829.10|ENSG00000154920.15	exon|gene|transcript	92
chr17	67345652	67345744	ENSG00000197170.10	exon|gene|transcript	92
chr17	81923057	81923149	ENSG00000197063.11|ENSG00000264769.1	exon|gene|transcript	92
chr17	27746131	27746223	ENSG00000266786.1	exon|gene|transcript	92
chr17	28359519	28359611	ENSG00000244045.13|ENSG00000258924.4	exon|gene|transcript	92
chr17	2372488	2372580	ENSG00000141258.13	exon|gene|transcript	92
chr17	75621408	75621500	ENSG00000266714.11	exon|gene|transcript	92
chr17	28911237	28911329	ENSG00000109118.14	exon|gene|transcript	92
chr17	52534732	52534824	ENSG00000263317.1	exon|gene|transcript	92
chr17	10629937	10630029	ENSG00000109063.15	exon|gene|transcript	92
chr17	20997825	20997917	ENSG00000233098.10	exon|gene|transcript	92
chr17	39245575	39245667	ENSG00000265460.7|ENSG00000293195.1	exon|gene|transcript	92
chr17	753041	753133	ENSG00000179409.11|ENSG00000231784.9|ENSG00000293440.1	exon|gene|transcript	92
chr17	7674766	7674858	ENSG00000141510.18	exon|gene|transcript	92
chr17	8520999	8521091	ENSG00000133026.14	exon|gene|transcript	92
chr17	22567422	22567514	ENSG00000275480.1	exon|gene|transcript	92
chr17	75591884	75591976	ENSG00000266714.11	exon|gene|transcript	92
chr17	18440425	18440517	ENSG00000214856.12|ENSG00000290657.1	exon|gene|transcript	92
chr17	64536510	64536601	ENSG00000258890.8	exon|gene|transcript	91
chr17	64881090	64881181	ENSG00000176809.11|ENSG00000272134.1	exon|gene|transcript	91
chr17	20951430	20951521	ENSG00000233098.10	exon|gene|transcript	91
chr17	62239046	62239137	ENSG00000266365.1	exon|gene|transcript	91
chr17	18006788	18006879	ENSG00000171953.16|ENSG00000171962.19	exon|gene|transcript	91
chr17	63148227	63148318	ENSG00000170921.16	exon|gene|transcript	91
chr17	78899767	78899858	ENSG00000035862.13|ENSG00000178404.11|ENSG00000279339.1	exon|gene|transcript	91
chr17	59838121	59838212	ENSG00000062716.13	exon|gene|transcript	91
chr17	19661999	19662090	ENSG00000072210.19|ENSG00000252349.1	exon|gene|transcript	91
chr17	47491101	47491192	ENSG00000228782.10|ENSG00000291120.1	exon|gene|transcript	91
chr17	7229286	7229377	ENSG00000004975.12	exon|gene|transcript	91
chr17	31034071	31034162	ENSG00000291063.1	exon|gene|transcript	91
chr17	45255023	45255114	ENSG00000184361.13|ENSG00000267278.6	exon|gene|transcript	91
chr17	47169825	47169916	ENSG00000004897.12|ENSG00000261872.1	exon|gene|transcript	91
chr17	19019331	19019422	ENSG00000154025.16	exon|gene|transcript	91
chr17	36936922	36937013	ENSG00000273706.5	exon|gene|transcript	91
chr17	80417054	80417145	ENSG00000173818.17	exon|gene|transcript	91
chr17	29581381	29581472	ENSG00000108262.16|ENSG00000264031.1	exon|gene|transcript	91
chr17	44229127	44229218	ENSG00000267691.1	exon|gene|transcript	91
chr17	57522552	57522643	ENSG00000153944.12|ENSG00000266100.1	exon|gene|transcript	91
chr17	41810680	41810771	ENSG00000141696.13	exon|gene|transcript	91
chr17	69763891	69763982	ENSG00000227517.7	exon|gene|transcript	91
chr17	13957747	13957838	ENSG00000236088.12|ENSG00000266744.1	exon|gene|transcript	91
chr17	37729833	37729924	ENSG00000275410.6	exon|gene|transcript	91
chr17	58332047	58332138	ENSG00000265148.7|ENSG00000265206.6	exon|gene|transcript	91
chr17	10793682	10793773	ENSG00000263400.8|ENSG00000266114.1|ENSG00000285220.1	exon|gene|transcript	91
chr17	72090083	72090174	ENSG00000226101.2|ENSG00000234899.11|ENSG00000288605.1	exon|gene|transcript	91
chr17	75225829	75225920	ENSG00000125450.11	exon|gene|transcript	91
chr17	58242786	58242877	ENSG00000167419.11|ENSG00000286788.1	exon|gene|transcript	91
chr17	21211136	21211227	ENSG00000178307.10	exon|gene|transcript	91
chr17	71596475	71596566	ENSG00000225818.1	exon|gene|transcript	91
chr17	49369907	49369998	ENSG00000248714.7	exon|gene|transcript	91
chr17	60085112	60085203	ENSG00000261040.10|ENSG00000267416.2|ENSG00000293515.1	exon|gene|transcript	91
chr17	18524031	18524122	ENSG00000273018.7	exon|gene|transcript	91
chr17	63820938	63821029	ENSG00000108592.17	exon|gene|transcript	91
chr17	27418004	27418095	ENSG00000290422.1	exon|gene|transcript	91
chr17	64749917	64750008	ENSG00000215769.8|ENSG00000266820.1	exon|gene|transcript	91
chr17	36089862	36089953	ENSG00000277089.4|ENSG00000277632.2	exon|gene|transcript	91
chr17	22332319	22332410	ENSG00000266806.1	exon|gene|transcript	91
chr17	22285581	22285672	ENSG00000264956.2	exon|gene|transcript	91
chr17	37855122	37855212	ENSG00000276715.5|ENSG00000290810.1	exon|gene|transcript	90
chr17	65101206	65101296	ENSG00000108370.17	exon|gene|transcript	90
chr17	47668711	47668801	ENSG00000108424.11	exon|gene|transcript	90
chr17	31575268	31575358	ENSG00000228768.3|ENSG00000265976.1	exon|gene|transcript	90
chr17	64966853	64966943	ENSG00000291140.1	exon|gene|transcript	90
chr17	15700587	15700677	ENSG00000187607.16|ENSG00000255104.9	exon|gene|transcript	90
chr17	55642140	55642230	ENSG00000289016.1	exon|gene|transcript	90
chr17	5371536	5371626	ENSG00000029725.17|ENSG00000108559.13|ENSG00000263220.1	exon|gene|transcript	90
chr17	4893195	4893285	ENSG00000141503.17	exon|gene|transcript	90
chr17	81811131	81811221	ENSG00000215644.10	exon|gene|transcript	90
chr17	31572084	31572174	ENSG00000228768.3	exon|gene|transcript	90
chr17	78486133	78486223	ENSG00000187775.17|ENSG00000267432.6	exon|gene|transcript	90
chr17	18606619	18606709	ENSG00000154874.18|ENSG00000291090.1	exon|gene|transcript	90
chr17	17220436	17220526	ENSG00000154803.13|ENSG00000264187.1	exon|gene|transcript	90
chr17	47049055	47049145	ENSG00000262633.2|ENSG00000262879.7|ENSG00000263142.6|ENSG00000291209.1	exon|gene|transcript	90
chr17	20929755	20929845	ENSG00000233098.10	exon|gene|transcript	90
chr17	15261562	15261652	ENSG00000109099.16|ENSG00000265445.1|ENSG00000279660.1	exon|gene|transcript	90
chr17	45843650	45843740	ENSG00000264589.5	exon|gene|transcript	90
chr17	8142101	8142191	ENSG00000179094.16	exon|gene|transcript	90
chr17	7393376	7393466	ENSG00000187838.17|ENSG00000262481.5	exon|gene|transcript	90
chr17	62005639	62005729	ENSG00000108510.10|ENSG00000279133.1	exon|gene|transcript	90
chr17	18442644	18442734	ENSG00000214856.12|ENSG00000290657.1	exon|gene|transcript	90
chr17	76709955	76710045	ENSG00000182534.14|ENSG00000277382.1	exon|gene|transcript	90
chr17	49259926	49260016	ENSG00000177369.11	exon|gene|transcript	90
chr17	18428831	18428921	ENSG00000186831.12|ENSG00000290656.1	exon|gene|transcript	90
chr17	82749683	82749773	ENSG00000167363.14	exon|gene|transcript	90
chr17	68986607	68986697	ENSG00000154258.17|ENSG00000231749.3	exon|gene|transcript	90
chr17	18025250	18025340	ENSG00000171953.16	exon|gene|transcript	90
chr17	72404677	72404767	ENSG00000227036.10	exon|gene|transcript	90
chr17	72382272	72382362	ENSG00000227036.10	exon|gene|transcript	90
chr17	61380392	61380482	ENSG00000141376.24|ENSG00000267131.1	exon|gene|transcript	90
chr17	82217047	82217137	ENSG00000264548.1	exon|gene|transcript	90
chr17	27426459	27426549	ENSG00000266433.7|ENSG00000290422.1	exon|gene|transcript	90
chr17	69878965	69879055	ENSG00000227517.7	exon|gene|transcript	90
chr17	11288981	11289071	ENSG00000188803.15|ENSG00000264727.1	exon|gene|transcript	90
chr17	68128339	68128429	ENSG00000267023.6|ENSG00000278730.1|ENSG00000290646.1|ENSG00000291214.1	exon|gene|transcript	90
chr17	61159361	61159451	ENSG00000141376.24	exon|gene|transcript	90
chr17	42565568	42565658	ENSG00000068120.15	exon|gene|transcript	90
chr17	50078926	50079016	ENSG00000005884.18	exon|gene|transcript	90
chr17	15064858	15064948	ENSG00000287307.1	exon|gene|transcript	90
chr17	79925610	79925700	ENSG00000262188.4|ENSG00000262585.1	exon|gene|transcript	90
chr17	81339857	81339947	ENSG00000287431.1	exon|gene|transcript	90
chr17	73791712	73791802	ENSG00000177338.14|ENSG00000234721.3	exon|gene|transcript	90
chr17	45233981	45234071	ENSG00000184922.15	exon|gene|transcript	90
chr17	61125235	61125325	ENSG00000141376.24|ENSG00000286997.1	exon|gene|transcript	90
chr17	60256962	60257052	ENSG00000170832.13|ENSG00000275562.1	exon|gene|transcript	90
chr17	81608822	81608912	ENSG00000182446.15	exon|gene|transcript	90
chr17	72663822	72663912	ENSG00000133195.12|ENSG00000200783.1	exon|gene|transcript	90
chr17	44280037	44280127	ENSG00000285486.1	exon|gene|transcript	90
chr17	32434938	32435028	ENSG00000264373.1|ENSG00000279762.3	exon|gene|transcript	90
chr17	82906468	82906557	ENSG00000141556.22	exon|gene|transcript	89
chr17	12394585	12394674	ENSG00000286617.1	exon|gene|transcript	89
chr17	68154553	68154642	ENSG00000267708.1|ENSG00000291214.1	exon|gene|transcript	89
chr17	18701356	18701445	ENSG00000291110.1	exon|gene|transcript	89
chr17	28670303	28670392	ENSG00000109111.15|ENSG00000265205.1	exon|gene|transcript	89
chr17	19141347	19141436	ENSG00000189152.11|ENSG00000262319.1	exon|gene|transcript	89
chr17	14024976	14025065	ENSG00000141028.6|ENSG00000236088.12	exon|gene|transcript	89
chr17	82316409	82316498	ENSG00000173762.8	exon|gene|transcript	89
chr17	58721388	58721477	ENSG00000108384.16	exon|gene|transcript	89
chr17	2406175	2406264	ENSG00000127804.13	exon|gene|transcript	89
chr17	51333711	51333800	ENSG00000249383.2|ENSG00000249982.1	exon|gene|transcript	89
chr17	82279057	82279146	ENSG00000287737.3	exon|gene|transcript	89
chr17	19738453	19738542	ENSG00000108602.18|ENSG00000264785.1	exon|gene|transcript	89
chr17	43381571	43381660	ENSG00000188825.16	exon|gene|transcript	89
chr17	18736016	18736105	ENSG00000291110.1	exon|gene|transcript	89
chr17	75232968	75233057	ENSG00000125450.11	exon|gene|transcript	89
chr17	78364796	78364885	ENSG00000266970.3	exon|gene|transcript	89
chr17	35621274	35621363	ENSG00000006125.18	exon|gene|transcript	89
chr17	7016075	7016164	ENSG00000161939.19|ENSG00000258315.5|ENSG00000267047.1|ENSG00000267532.5	exon|gene|transcript	89
chr17	20865418	20865507	ENSG00000291074.1	exon|gene|transcript	89
chr17	40021325	40021414	ENSG00000008838.21	exon|gene|transcript	89
chr17	70128068	70128157	ENSG00000153822.15|ENSG00000230258.6	exon|gene|transcript	89
chr17	36575236	36575325	ENSG00000274756.1|ENSG00000278311.5	exon|gene|transcript	89
chr17	7332476	7332565	ENSG00000224647.2	exon|gene|transcript	89
chr17	19716894	19716983	ENSG00000180638.19	exon|gene|transcript	89
chr17	27754595	27754684	ENSG00000266786.1	exon|gene|transcript	89
chr17	7137555	7137644	ENSG00000289977.1	exon|gene|transcript	89
chr17	59666977	59667066	ENSG00000141367.13	exon|gene|transcript	89
chr17	61397585	61397674	ENSG00000267131.1|ENSG00000267280.6|ENSG00000289926.1	exon|gene|transcript	89
chr17	20836446	20836535	ENSG00000226981.2|ENSG00000291074.1	exon|gene|transcript	89
chr17	19033109	19033198	ENSG00000154016.14|ENSG00000279825.1	exon|gene|transcript	89
chr17	55612979	55613068	ENSG00000289016.1	exon|gene|transcript	89
chr17	75847930	75848019	ENSG00000132471.12	exon|gene|transcript	89
chr17	76049226	76049315	ENSG00000167881.15	exon|gene|transcript	89
chr17	6687666	6687755	ENSG00000141485.17|ENSG00000256806.6|ENSG00000290366.1	exon|gene|transcript	89
chr17	36490727	36490816	ENSG00000273611.5	exon|gene|transcript	89
chr17	80418517	80418606	ENSG00000173818.17	exon|gene|transcript	89
chr17	15806415	15806504	ENSG00000237057.3	exon|gene|transcript	89
chr17	64503098	64503187	ENSG00000108654.16	exon|gene|transcript	89
chr17	44375415	44375504	ENSG00000005961.19	exon|gene|transcript	89
chr17	44309943	44310032	ENSG00000108309.14|ENSG00000267750.6	exon|gene|transcript	89
chr17	8230651	8230740	ENSG00000178971.17	exon|gene|transcript	89
chr17	21524613	21524702	ENSG00000212719.15	exon|gene|transcript	89
chr17	15844296	15844385	ENSG00000227790.8|ENSG00000237057.3|ENSG00000290377.1	exon|gene|transcript	89
chr17	78165432	78165520	ENSG00000187997.12	exon|gene|transcript	88
chr17	68125793	68125881	ENSG00000267023.6|ENSG00000291214.1	exon|gene|transcript	88
chr17	2372254	2372342	ENSG00000141258.13	exon|gene|transcript	88
chr17	2371732	2371820	ENSG00000141258.13	exon|gene|transcript	88
chr17	34726082	34726170	ENSG00000264174.1	exon|gene|transcript	88
chr17	45404356	45404444	ENSG00000159314.13	exon|gene|transcript	88
chr17	50551410	50551498	ENSG00000006282.22	exon|gene|transcript	88
chr17	45247575	45247663	ENSG00000233483.5|ENSG00000293499.1	exon|gene|transcript	88
chr17	57912393	57912481	ENSG00000180891.13|ENSG00000264914.1	exon|gene|transcript	88
chr17	36932363	36932451	ENSG00000277268.2	exon|gene|transcript	88
chr17	49968846	49968934	ENSG00000108813.12	exon|gene|transcript	88
chr17	77388388	77388476	ENSG00000184640.20|ENSG00000287257.1	exon|gene|transcript	88
chr17	18155225	18155313	ENSG00000091536.20	exon|gene|transcript	88
chr17	59424738	59424826	ENSG00000265313.8	exon|gene|transcript	88
chr17	17779006	17779094	ENSG00000108557.20|ENSG00000226746.2|ENSG00000264167.1	exon|gene|transcript	88
chr17	62680630	62680718	ENSG00000011028.14|ENSG00000279713.1	exon|gene|transcript	88
chr17	4895832	4895920	ENSG00000141503.17	exon|gene|transcript	88
chr17	19661038	19661126	ENSG00000072210.19	exon|gene|transcript	88
chr17	29576131	29576219	ENSG00000108262.16|ENSG00000264031.1	exon|gene|transcript	88
chr17	17247560	17247648	ENSG00000141030.13	exon|gene|transcript	88
chr17	80204639	80204727	ENSG00000141527.19|ENSG00000262580.5	exon|gene|transcript	88
chr17	7177996	7178084	ENSG00000141505.12	exon|gene|transcript	88
chr17	63995469	63995557	ENSG00000264954.2	exon|gene|transcript	88
chr17	48936042	48936130	ENSG00000159210.10|ENSG00000230532.1	exon|gene|transcript	88
chr17	18280174	18280262	ENSG00000177302.16	exon|gene|transcript	88
chr17	8377129	8377217	ENSG00000263809.1|ENSG00000265749.6	exon|gene|transcript	88
chr17	63507961	63508049	ENSG00000224353.2|ENSG00000264813.6	exon|gene|transcript	88
chr17	17270807	17270895	ENSG00000141030.13	exon|gene|transcript	88
chr17	7227001	7227089	ENSG00000004975.12	exon|gene|transcript	88
chr17	7012195	7012283	ENSG00000215067.12|ENSG00000267047.1	exon|gene|transcript	88
chr17	71865945	71866033	ENSG00000283517.1	exon|gene|transcript	88
chr17	72026997	72027085	ENSG00000228639.8	exon|gene|transcript	88
chr17	34994186	34994274	ENSG00000005156.12	exon|gene|transcript	88
chr17	45553709	45553797	ENSG00000266504.1|ENSG00000267198.1|ENSG00000267246.1|ENSG00000291175.1	exon|gene|transcript	88
chr17	34577417	34577505	ENSG00000197322.4	exon|gene|transcript	88
chr17	35820075	35820163	ENSG00000270647.7|ENSG00000270871.1|ENSG00000270894.1	exon|gene|transcript	88
chr17	51444037	51444125	ENSG00000267452.3	exon|gene|transcript	88
chr17	78478929	78479017	ENSG00000187775.17	exon|gene|transcript	88
chr17	21783377	21783465	ENSG00000283566.2	exon|gene|transcript	88
chr17	39202900	39202988	ENSG00000108298.12	exon|gene|transcript	88
chr17	46509251	46509339	ENSG00000185829.19|ENSG00000266497.1	exon|gene|transcript	88
chr17	47918451	47918539	ENSG00000167182.16|ENSG00000234494.8	exon|gene|transcript	88
chr17	15736461	15736549	ENSG00000214946.15|ENSG00000233002.2|ENSG00000255104.9	exon|gene|transcript	88
chr17	29011009	29011097	ENSG00000179761.12	exon|gene|transcript	88
chr17	31034162	31034250	ENSG00000291063.1	exon|gene|transcript	88
chr17	81888900	81888987	ENSG00000183684.8	exon|gene|transcript	87
chr17	40630924	40631011	ENSG00000073584.20|ENSG00000264058.2	exon|gene|transcript	87
chr17	44175985	44176072	ENSG00000161664.7|ENSG00000267080.8	exon|gene|transcript	87
chr17	50051589	50051676	ENSG00000246640.2	exon|gene|transcript	87
chr17	27655826	27655913	ENSG00000265788.3	exon|gene|transcript	87
chr17	36137655	36137742	ENSG00000276241.1|ENSG00000289485.1	exon|gene|transcript	87
chr17	6898203	6898290	ENSG00000215067.12|ENSG00000262943.10|ENSG00000291084.1	exon|gene|transcript	87
chr17	9647573	9647660	ENSG00000154914.17|ENSG00000262296.1	exon|gene|transcript	87
chr17	19557210	19557297	ENSG00000142494.13|ENSG00000266079.5	exon|gene|transcript	87
chr17	44147770	44147857	ENSG00000125319.15	exon|gene|transcript	87
chr17	15063981	15064068	ENSG00000287307.1	exon|gene|transcript	87
chr17	82013253	82013340	ENSG00000169696.16	exon|gene|transcript	87
chr17	20431008	20431095	ENSG00000287490.1|ENSG00000291194.1	exon|gene|transcript	87
chr17	61398458	61398545	ENSG00000267131.1|ENSG00000267280.6|ENSG00000289926.1	exon|gene|transcript	87
chr17	67357431	67357518	ENSG00000197170.10	exon|gene|transcript	87
chr17	15258736	15258823	ENSG00000109099.16	exon|gene|transcript	87
chr17	49824264	49824351	ENSG00000136504.15	exon|gene|transcript	87
chr17	40474316	40474403	ENSG00000279806.1	exon|gene|transcript	87
chr17	50563696	50563783	ENSG00000006283.18|ENSG00000250976.1	exon|gene|transcript	87
chr17	8016578	8016665	ENSG00000132518.7	exon|gene|transcript	87
chr17	58331231	58331318	ENSG00000265148.7|ENSG00000265206.6|ENSG00000284353.1	exon|gene|transcript	87
chr17	7840370	7840457	ENSG00000132510.11	exon|gene|transcript	87
chr17	19423338	19423425	ENSG00000227078.1|ENSG00000235979.9	exon|gene|transcript	87
chr17	7227269	7227356	ENSG00000004975.12	exon|gene|transcript	87
chr17	20442787	20442874	ENSG00000230528.8|ENSG00000287490.1|ENSG00000291195.1	exon|gene|transcript	87
chr17	8231815	8231902	ENSG00000178971.17	exon|gene|transcript	87
chr17	56987153	56987240	ENSG00000121064.13	exon|gene|transcript	87
chr17	42868490	42868577	ENSG00000260105.7|ENSG00000291070.1	exon|gene|transcript	87
chr17	52986439	52986526	ENSG00000227011.4	exon|gene|transcript	87
chr17	37631639	37631726	ENSG00000278053.5	exon|gene|transcript	87
chr17	5504947	5505034	ENSG00000091592.17	exon|gene|transcript	87
chr17	7019439	7019526	ENSG00000267532.5	exon|gene|transcript	87
chr17	47491014	47491101	ENSG00000228782.10|ENSG00000291120.1	exon|gene|transcript	87
chr17	59995952	59996039	ENSG00000266992.1|ENSG00000267104.2|ENSG00000267302.5	exon|gene|transcript	87
chr17	7592070	7592157	ENSG00000129245.13|ENSG00000129255.16	exon|gene|transcript	87
chr17	9283173	9283260	ENSG00000170310.15|ENSG00000263708.2	exon|gene|transcript	87
chr17	31071911	31071998	ENSG00000291063.1	exon|gene|transcript	87
chr17	62808849	62808936	ENSG00000265000.1	exon|gene|transcript	87
chr17	21213152	21213239	ENSG00000178307.10	exon|gene|transcript	87
chr17	72431343	72431430	ENSG00000227036.10	exon|gene|transcript	87
chr17	34142946	34143033	ENSG00000108684.15|ENSG00000264791.1|ENSG00000265356.2	exon|gene|transcript	87
chr17	7498951	7499038	ENSG00000181222.19	exon|gene|transcript	87
chr17	63862918	63863005	ENSG00000293480.1	exon|gene|transcript	87
chr17	82425497	82425584	ENSG00000169660.17|ENSG00000279066.1	exon|gene|transcript	87
chr17	51336987	51337074	ENSG00000267452.3	exon|gene|transcript	87
chr17	19372114	19372201	ENSG00000108641.20	exon|gene|transcript	87
chr17	66432190	66432277	ENSG00000154229.12|ENSG00000289587.2	exon|gene|transcript	87
chr17	49607162	49607249	ENSG00000121067.19	exon|gene|transcript	87
chr17	20958471	20958558	ENSG00000233098.10	exon|gene|transcript	87
chr17	75619476	75619563	ENSG00000266714.11	exon|gene|transcript	87
chr17	72075826	72075913	ENSG00000226101.2|ENSG00000234899.11|ENSG00000288605.1	exon|gene|transcript	87
chr17	18501435	18501522	ENSG00000167494.10|ENSG00000290658.1	exon|gene|transcript	87
chr17	76561293	76561380	ENSG00000163597.17	exon|gene|transcript	87
chr17	78510506	78510593	ENSG00000187775.17	exon|gene|transcript	87
chr17	16822492	16822579	ENSG00000290977.1	exon|gene|transcript	87
chr17	76625918	76626005	ENSG00000070526.15|ENSG00000163597.17	exon|gene|transcript	87
chr17	80141694	80141781	ENSG00000141543.12	exon|gene|transcript	87
chr17	34479808	34479895	ENSG00000225582.2	exon|gene|transcript	87
chr17	58331700	58331787	ENSG00000265148.7|ENSG00000265206.6	exon|gene|transcript	87
chr17	50171427	50171513	ENSG00000108823.17|ENSG00000293483.1	exon|gene|transcript	86
chr17	30964982	30965068	ENSG00000265743.1	exon|gene|transcript	86
chr17	3721627	3721713	ENSG00000083457.12|ENSG00000262692.1	exon|gene|transcript	86
chr17	78836024	78836110	ENSG00000055483.20	exon|gene|transcript	86
chr17	30766502	30766588	ENSG00000264538.8|ENSG00000290928.1	exon|gene|transcript	86
chr17	5433767	5433853	ENSG00000108561.8	exon|gene|transcript	86
chr17	80970787	80970873	ENSG00000261924.1	exon|gene|transcript	86
chr17	59177168	59177254	ENSG00000068489.13|ENSG00000266537.1	exon|gene|transcript	86
chr17	33565835	33565921	ENSG00000108684.15|ENSG00000265125.5	exon|gene|transcript	86
chr17	18442122	18442208	ENSG00000214856.12|ENSG00000290657.1	exon|gene|transcript	86
chr17	18173694	18173780	ENSG00000091536.20|ENSG00000266677.1	exon|gene|transcript	86
chr17	60017178	60017264	ENSG00000238283.3|ENSG00000267104.2	exon|gene|transcript	86
chr17	39204187	39204273	ENSG00000108298.12	exon|gene|transcript	86
chr17	81915971	81916057	ENSG00000187531.14	exon|gene|transcript	86
chr17	82769413	82769499	ENSG00000141556.22	exon|gene|transcript	86
chr17	67736579	67736665	ENSG00000130935.10	exon|gene|transcript	86
chr17	67658014	67658100	ENSG00000154217.16|ENSG00000288109.1	exon|gene|transcript	86
chr17	76141517	76141603	ENSG00000267128.2	exon|gene|transcript	86
chr17	30969249	30969335	ENSG00000286194.1	exon|gene|transcript	86
chr17	69355132	69355218	ENSG00000252352.1	exon|gene|transcript	86
chr17	69115778	69115864	ENSG00000154262.13	exon|gene|transcript	86
chr17	69981287	69981373	ENSG00000237560.9	exon|gene|transcript	86
chr17	27421627	27421713	ENSG00000266433.7|ENSG00000290422.1	exon|gene|transcript	86
chr17	40349925	40350011	ENSG00000131759.18|ENSG00000278918.1	exon|gene|transcript	86
chr17	7224393	7224479	ENSG00000072778.20	exon|gene|transcript	86
chr17	18975709	18975795	ENSG00000154025.16|ENSG00000188522.16	exon|gene|transcript	86
chr17	16317688	16317774	ENSG00000108474.17	exon|gene|transcript	86
chr17	62573113	62573199	ENSG00000146872.19	exon|gene|transcript	86
chr17	8966875	8966961	ENSG00000266389.1	exon|gene|transcript	86
chr17	62273795	62273881	ENSG00000188755.11|ENSG00000290800.1	exon|gene|transcript	86
chr17	73750498	73750584	ENSG00000177338.14|ENSG00000263574.2	exon|gene|transcript	86
chr17	28256437	28256523	ENSG00000263788.1|ENSG00000264486.1	exon|gene|transcript	86
chr17	82740854	82740940	ENSG00000167363.14	exon|gene|transcript	86
chr17	43543879	43543965	ENSG00000067596.12|ENSG00000175832.13	exon|gene|transcript	86
chr17	43706062	43706148	ENSG00000267440.2	exon|gene|transcript	86
chr17	80081789	80081875	ENSG00000141519.15	exon|gene|transcript	86
chr17	34577127	34577213	ENSG00000197322.4	exon|gene|transcript	86
chr17	45985658	45985744	ENSG00000186868.18	exon|gene|transcript	86
chr17	31358882	31358968	ENSG00000196712.20	exon|gene|transcript	86
chr17	60134755	60134841	ENSG00000267248.5	exon|gene|transcript	86
chr17	18722246	18722332	ENSG00000108448.24|ENSG00000291110.1	exon|gene|transcript	86
chr17	46406663	46406749	ENSG00000260075.1	exon|gene|transcript	86
chr17	81913207	81913293	ENSG00000187531.14	exon|gene|transcript	86
chr17	28444062	28444148	ENSG00000263870.1	exon|gene|transcript	86
chr17	49236253	49236339	ENSG00000177369.11	exon|gene|transcript	86
chr17	16847851	16847936	ENSG00000205312.9|ENSG00000290980.1	exon|gene|transcript	85
chr17	40833114	40833199	ENSG00000167920.12	exon|gene|transcript	85
chr17	30615895	30615980	ENSG00000214719.13|ENSG00000248121.9|ENSG00000290395.1	exon|gene|transcript	85
chr17	18383185	18383270	ENSG00000214860.5|ENSG00000264177.1	exon|gene|transcript	85
chr17	16926868	16926953	ENSG00000128438.11|ENSG00000290698.1	exon|gene|transcript	85
chr17	28926781	28926866	ENSG00000109118.14|ENSG00000265845.2	exon|gene|transcript	85
chr17	44071504	44071589	ENSG00000141349.10	exon|gene|transcript	85
chr17	19555909	19555994	ENSG00000142494.13	exon|gene|transcript	85
chr17	36542080	36542165	ENSG00000278259.5	exon|gene|transcript	85
chr17	50170351	50170436	ENSG00000108823.17	exon|gene|transcript	85
chr17	77593440	77593525	ENSG00000285535.2	exon|gene|transcript	85
chr17	32051510	32051595	ENSG00000185158.13|ENSG00000278867.1	exon|gene|transcript	85
chr17	27579510	27579595	ENSG00000141068.17	exon|gene|transcript	85
chr17	63829117	63829202	ENSG00000087191.14|ENSG00000108592.17	exon|gene|transcript	85
chr17	50114798	50114883	ENSG00000167100.15	exon|gene|transcript	85
chr17	75877761	75877846	ENSG00000132481.7|ENSG00000267801.1	exon|gene|transcript	85
chr17	27425473	27425558	ENSG00000266433.7|ENSG00000290422.1	exon|gene|transcript	85
chr17	50548618	50548703	ENSG00000006282.22	exon|gene|transcript	85
chr17	43224026	43224111	ENSG00000236383.9	exon|gene|transcript	85
chr17	10844423	10844508	ENSG00000285220.1|ENSG00000289964.1	exon|gene|transcript	85
chr17	68274479	68274564	ENSG00000108932.13|ENSG00000141337.13	exon|gene|transcript	85
chr17	18246222	18246307	ENSG00000177731.16	exon|gene|transcript	85
chr17	8126401	8126486	ENSG00000288993.1	exon|gene|transcript	85
chr17	51256386	51256471	ENSG00000011258.16	exon|gene|transcript	85
chr17	17011913	17011998	ENSG00000260328.1	exon|gene|transcript	85
chr17	15261135	15261220	ENSG00000109099.16|ENSG00000265445.1|ENSG00000279660.1	exon|gene|transcript	85
chr17	16820658	16820743	ENSG00000226145.8|ENSG00000290977.1	exon|gene|transcript	85
chr17	81527243	81527328	ENSG00000229848.1	exon|gene|transcript	85
chr17	81916139	81916224	ENSG00000187531.14	exon|gene|transcript	85
chr17	30144061	30144146	ENSG00000126653.18|ENSG00000266987.1	exon|gene|transcript	85
chr17	80088104	80088189	ENSG00000141519.15	exon|gene|transcript	85
chr17	18253458	18253543	ENSG00000177731.16	exon|gene|transcript	85
chr17	17222701	17222786	ENSG00000154803.13|ENSG00000264187.1	exon|gene|transcript	85
chr17	38078261	38078346	ENSG00000274615.1	exon|gene|transcript	85
chr17	33969342	33969427	ENSG00000108684.15|ENSG00000265356.2|ENSG00000279668.4	exon|gene|transcript	85
chr17	46283309	46283394	ENSG00000228696.11|ENSG00000289729.1	exon|gene|transcript	85
chr17	80359975	80360060	ENSG00000173821.20|ENSG00000263069.6	exon|gene|transcript	85
chr17	38205657	38205742	ENSG00000274487.5|ENSG00000291088.1	exon|gene|transcript	85
chr17	47051315	47051400	ENSG00000262879.7|ENSG00000263142.6	exon|gene|transcript	85
chr17	72591969	72592054	ENSG00000227036.10	exon|gene|transcript	85
chr17	38724282	38724367	ENSG00000275023.5	exon|gene|transcript	85
chr17	82194170	82194255	ENSG00000176155.21	exon|gene|transcript	85
chr17	35809791	35809876	ENSG00000270647.7	exon|gene|transcript	85
chr17	78248330	78248415	ENSG00000283914.1	exon|gene|transcript	85
chr17	38242200	38242285	ENSG00000274487.5|ENSG00000291088.1	exon|gene|transcript	85
chr17	59281129	59281214	ENSG00000271063.1	exon|gene|transcript	85
chr17	33627053	33627138	ENSG00000108684.15|ENSG00000265115.1	exon|gene|transcript	85
chr17	83240391	83240476	ENSG00000293087.1	exon|gene|transcript	85
chr17	82949121	82949205	ENSG00000175711.9	exon|gene|transcript	84
chr17	27426932	27427016	ENSG00000266433.7|ENSG00000290422.1	exon|gene|transcript	84
chr17	62706385	62706469	ENSG00000173838.12|ENSG00000265702.2	exon|gene|transcript	84
chr17	1426363	1426447	ENSG00000167193.8|ENSG00000262777.1	exon|gene|transcript	84
chr17	6985281	6985365	ENSG00000215067.12	exon|gene|transcript	84
chr17	45894686	45894770	ENSG00000186868.18|ENSG00000264589.5	exon|gene|transcript	84
chr17	45639436	45639520	ENSG00000263715.7|ENSG00000293460.1	exon|gene|transcript	84
chr17	63588915	63588999	ENSG00000136485.16|ENSG00000288894.1	exon|gene|transcript	84
chr17	16440868	16440952	ENSG00000175061.20|ENSG00000266651.1	exon|gene|transcript	84
chr17	47816695	47816779	ENSG00000006025.13	exon|gene|transcript	84
chr17	77535824	77535908	ENSG00000267665.3	exon|gene|transcript	84
chr17	80377677	80377761	ENSG00000173821.20|ENSG00000263069.6	exon|gene|transcript	84
chr17	74210728	74210812	ENSG00000246731.3	exon|gene|transcript	84
chr17	7445185	7445269	ENSG00000170175.11|ENSG00000272884.1	exon|gene|transcript	84
chr17	60434212	60434296	ENSG00000293252.1	exon|gene|transcript	84
chr17	46973016	46973100	ENSG00000108433.17|ENSG00000262633.2|ENSG00000264999.1	exon|gene|transcript	84
chr17	17779283	17779367	ENSG00000108557.20|ENSG00000226746.2	exon|gene|transcript	84
chr17	63830935	63831019	ENSG00000087191.14	exon|gene|transcript	84
chr17	76079563	76079647	ENSG00000186919.13	exon|gene|transcript	84
chr17	21773753	21773837	ENSG00000283566.2	exon|gene|transcript	84
chr17	75020228	75020312	ENSG00000167862.10	exon|gene|transcript	84
chr17	8223935	8224019	ENSG00000178977.4	exon|gene|transcript	84
chr17	42021159	42021243	ENSG00000168256.18|ENSG00000168259.17	exon|gene|transcript	84
chr17	64931202	64931286	ENSG00000264057.2|ENSG00000290457.1	exon|gene|transcript	84
chr17	28226562	28226646	ENSG00000290671.1	exon|gene|transcript	84
chr17	50282467	50282551	ENSG00000251179.1	exon|gene|transcript	84
chr17	42877974	42878058	ENSG00000213373.7	exon|gene|transcript	84
chr17	35241414	35241498	ENSG00000266947.3	exon|gene|transcript	84
chr17	36585965	36586049	ENSG00000278311.5	exon|gene|transcript	84
chr17	49012442	49012526	ENSG00000159217.10|ENSG00000251461.3	exon|gene|transcript	84
chr17	81231493	81231577	ENSG00000167302.11|ENSG00000260005.6	exon|gene|transcript	84
chr17	6758632	6758716	ENSG00000132530.17	exon|gene|transcript	84
chr17	14382017	14382101	ENSG00000230647.3	exon|gene|transcript	84
chr17	18551027	18551111	ENSG00000154874.18|ENSG00000273018.7|ENSG00000291090.1	exon|gene|transcript	84
chr17	48646604	48646688	ENSG00000272763.1	exon|gene|transcript	84
chr17	30635487	30635571	ENSG00000214719.13|ENSG00000250462.9|ENSG00000290450.1	exon|gene|transcript	84
chr17	38365949	38366033	ENSG00000274211.6	exon|gene|transcript	84
chr17	35409684	35409768	ENSG00000267102.1|ENSG00000267745.1	exon|gene|transcript	84
chr17	8466354	8466438	ENSG00000166579.16	exon|gene|transcript	84
chr17	69109165	69109249	ENSG00000154262.13	exon|gene|transcript	84
chr17	12026886	12026970	ENSG00000065559.15	exon|gene|transcript	84
chr17	7573315	7573399	ENSG00000161960.16|ENSG00000264772.6|ENSG00000277957.1	exon|gene|transcript	84
chr17	63130863	63130947	ENSG00000170921.16|ENSG00000264513.1	exon|gene|transcript	84
chr17	12584637	12584721	ENSG00000179136.8	exon|gene|transcript	84
chr17	45987971	45988054	ENSG00000186868.18	exon|gene|transcript	83
chr17	20938577	20938660	ENSG00000233098.10	exon|gene|transcript	83
chr17	20863394	20863477	ENSG00000291074.1	exon|gene|transcript	83
chr17	30553694	30553777	ENSG00000266733.8	exon|gene|transcript	83
chr17	69982245	69982328	ENSG00000237560.9	exon|gene|transcript	83
chr17	61070258	61070341	ENSG00000141376.24|ENSG00000227694.1|ENSG00000267449.1	exon|gene|transcript	83
chr17	75039618	75039701	ENSG00000167863.12|ENSG00000180901.11	exon|gene|transcript	83
chr17	44209268	44209351	ENSG00000108312.16|ENSG00000267394.2	exon|gene|transcript	83
chr17	42614412	42614495	ENSG00000131462.9	exon|gene|transcript	83
chr17	8223191	8223274	ENSG00000178977.4	exon|gene|transcript	83
chr17	27672519	27672602	ENSG00000265041.1	exon|gene|transcript	83
chr17	46034285	46034368	ENSG00000120071.15	exon|gene|transcript	83
chr17	20550646	20550729	ENSG00000235203.2	exon|gene|transcript	83
chr17	62275544	62275627	ENSG00000290800.1	exon|gene|transcript	83
chr17	20548232	20548315	ENSG00000235203.2|ENSG00000267075.1	exon|gene|transcript	83
chr17	16864140	16864223	ENSG00000283033.1	exon|gene|transcript	83
chr17	6654140	6654223	ENSG00000256806.6|ENSG00000261996.1	exon|gene|transcript	83
chr17	68103058	68103141	ENSG00000237854.6|ENSG00000291214.1	exon|gene|transcript	83
chr17	68793548	68793631	ENSG00000267250.1	exon|gene|transcript	83
chr17	20526756	20526839	ENSG00000291198.1	exon|gene|transcript	83
chr17	30567699	30567782	ENSG00000231870.4	exon|gene|transcript	83
chr17	30570180	30570263	ENSG00000231870.4	exon|gene|transcript	83
chr17	56463823	56463906	ENSG00000153930.13	exon|gene|transcript	83
chr17	76950473	76950556	ENSG00000267568.6	exon|gene|transcript	83
chr17	18393713	18393796	ENSG00000204471.3	exon|gene|transcript	83
chr17	21260413	21260496	ENSG00000266563.1	exon|gene|transcript	83
chr17	64973352	64973435	ENSG00000214174.11|ENSG00000291140.1	exon|gene|transcript	83
chr17	65458033	65458116	ENSG00000263520.1	exon|gene|transcript	83
chr17	1712277	1712360	ENSG00000186594.16	exon|gene|transcript	83
chr17	18245660	18245743	ENSG00000177731.16	exon|gene|transcript	83
chr17	16831701	16831784	ENSG00000227300.13|ENSG00000290978.1	exon|gene|transcript	83
chr17	18245850	18245933	ENSG00000177731.16	exon|gene|transcript	83
chr17	41409855	41409938	ENSG00000225438.1|ENSG00000234859.5	exon|gene|transcript	83
chr17	61780756	61780839	ENSG00000136492.10	exon|gene|transcript	83
chr17	44731015	44731098	ENSG00000161692.18	exon|gene|transcript	83
chr17	44177230	44177313	ENSG00000161664.7|ENSG00000267080.8	exon|gene|transcript	83
chr17	40720994	40721077	ENSG00000229028.4	exon|gene|transcript	83
chr17	82449040	82449123	ENSG00000178927.19	exon|gene|transcript	83
chr17	46119966	46120049	ENSG00000120071.15	exon|gene|transcript	83
chr17	47035043	47035126	ENSG00000262633.2|ENSG00000262879.7|ENSG00000263142.6|ENSG00000291209.1	exon|gene|transcript	83
chr17	44349811	44349894	ENSG00000030582.19	exon|gene|transcript	83
chr17	35820248	35820331	ENSG00000270647.7|ENSG00000270871.1|ENSG00000270894.1	exon|gene|transcript	83
chr17	20503371	20503454	ENSG00000214822.9|ENSG00000291196.1	exon|gene|transcript	83
chr17	7579726	7579809	ENSG00000129226.14|ENSG00000264772.6	exon|gene|transcript	83
chr17	31029388	31029471	ENSG00000266865.9|ENSG00000291063.1	exon|gene|transcript	83
chr17	6895116	6895199	ENSG00000215067.12|ENSG00000262943.10|ENSG00000291084.1	exon|gene|transcript	83
chr17	80089680	80089763	ENSG00000141519.15	exon|gene|transcript	83
chr17	40168119	40168202	ENSG00000108349.17	exon|gene|transcript	83
chr17	40023560	40023643	ENSG00000008838.21	exon|gene|transcript	83
chr17	28734188	28734270	ENSG00000160602.14|ENSG00000265073.1	exon|gene|transcript	82
chr17	72640370	72640452	ENSG00000227036.10	exon|gene|transcript	82
chr17	42027967	42028049	ENSG00000187595.18	exon|gene|transcript	82
chr17	41323426	41323508	ENSG00000233014.1	exon|gene|transcript	82
chr17	64067628	64067710	ENSG00000178607.17|ENSG00000286629.1	exon|gene|transcript	82
chr17	30801219	30801301	ENSG00000176390.12	exon|gene|transcript	82
chr17	75130882	75130964	ENSG00000125458.7|ENSG00000279035.1	exon|gene|transcript	82
chr17	75930047	75930129	ENSG00000188878.20|ENSG00000267426.5	exon|gene|transcript	82
chr17	81690742	81690824	ENSG00000185359.14	exon|gene|transcript	82
chr17	62290850	62290932	ENSG00000263887.7	exon|gene|transcript	82
chr17	532911	532993	ENSG00000141252.21|ENSG00000263300.1	exon|gene|transcript	82
chr17	81695684	81695766	ENSG00000185359.14	exon|gene|transcript	82
chr17	56838620	56838702	ENSG00000121060.19|ENSG00000153933.10|ENSG00000214226.9	exon|gene|transcript	82
chr17	4817055	4817137	ENSG00000129219.14	exon|gene|transcript	82
chr17	69223627	69223709	ENSG00000154263.18	exon|gene|transcript	82
chr17	15858736	15858818	ENSG00000227790.8|ENSG00000290377.1	exon|gene|transcript	82
chr17	80388529	80388611	ENSG00000173821.20|ENSG00000263069.6	exon|gene|transcript	82
chr17	59838212	59838294	ENSG00000062716.13	exon|gene|transcript	82
chr17	44648914	44648996	ENSG00000266979.1	exon|gene|transcript	82
chr17	17096774	17096856	ENSG00000133030.22	exon|gene|transcript	82
chr17	39939337	39939419	ENSG00000204913.7|ENSG00000264968.1	exon|gene|transcript	82
chr17	40687037	40687119	ENSG00000224244.1	exon|gene|transcript	82
chr17	40114136	40114218	ENSG00000279199.1	exon|gene|transcript	82
chr17	45403709	45403791	ENSG00000159314.13	exon|gene|transcript	82
chr17	7223730	7223812	ENSG00000072778.20	exon|gene|transcript	82
chr17	4676162	4676244	ENSG00000141456.16|ENSG00000235085.3	exon|gene|transcript	82
chr17	67612577	67612659	ENSG00000154217.16|ENSG00000279917.1	exon|gene|transcript	82
chr17	69109007	69109089	ENSG00000154262.13	exon|gene|transcript	82
chr17	2613862	2613944	ENSG00000007168.14|ENSG00000262480.2	exon|gene|transcript	82
chr17	20416516	20416598	ENSG00000237911.2|ENSG00000291194.1	exon|gene|transcript	82
chr17	42760431	42760513	ENSG00000131477.11|ENSG00000197291.9	exon|gene|transcript	82
chr17	7924062	7924144	ENSG00000170049.10	exon|gene|transcript	82
chr17	28714710	28714792	ENSG00000109113.20	exon|gene|transcript	82
chr17	58352837	58352919	ENSG00000213246.7|ENSG00000265148.7|ENSG00000285897.1	exon|gene|transcript	82
chr17	7702910	7702992	ENSG00000141499.18	exon|gene|transcript	82
chr17	48579865	48579947	ENSG00000120093.12|ENSG00000233101.10|ENSG00000257178.5|ENSG00000284038.1	exon|gene|transcript	82
chr17	4553936	4554018	ENSG00000132382.15	exon|gene|transcript	82
chr17	38339334	38339416	ENSG00000277399.6	exon|gene|transcript	82
chr17	78618061	78618143	ENSG00000267123.7	exon|gene|transcript	82
chr17	1154142	1154224	ENSG00000159842.16	exon|gene|transcript	82
chr17	21532476	21532558	ENSG00000212719.15	exon|gene|transcript	82
chr17	46602441	46602523	ENSG00000073969.19	exon|gene|transcript	82
chr17	45539162	45539243	ENSG00000214425.11|ENSG00000291175.1	exon|gene|transcript	81
chr17	12762991	12763072	ENSG00000141052.18|ENSG00000265489.1	exon|gene|transcript	81
chr17	31873844	31873925	ENSG00000108651.10	exon|gene|transcript	81
chr17	7549904	7549985	ENSG00000239697.12|ENSG00000248871.1	exon|gene|transcript	81
chr17	44731246	44731327	ENSG00000161692.18	exon|gene|transcript	81
chr17	68919779	68919860	ENSG00000141338.15	exon|gene|transcript	81
chr17	56245733	56245814	ENSG00000153930.13	exon|gene|transcript	81
chr17	56462103	56462184	ENSG00000153930.13	exon|gene|transcript	81
chr17	78421830	78421911	ENSG00000087157.19	exon|gene|transcript	81
chr17	30555899	30555980	ENSG00000266733.8	exon|gene|transcript	81
chr17	39043198	39043279	ENSG00000214553.12|ENSG00000290925.1	exon|gene|transcript	81
chr17	39072485	39072566	ENSG00000161381.14|ENSG00000293194.1	exon|gene|transcript	81
chr17	28360653	28360734	ENSG00000244045.13|ENSG00000258924.4|ENSG00000284532.1	exon|gene|transcript	81
chr17	47670376	47670457	ENSG00000108424.11	exon|gene|transcript	81
chr17	5487045	5487126	ENSG00000167842.16	exon|gene|transcript	81
chr17	47028279	47028360	ENSG00000262633.2|ENSG00000262879.7|ENSG00000263142.6|ENSG00000291209.1	exon|gene|transcript	81
chr17	16789234	16789315	ENSG00000266302.6|ENSG00000272815.1|ENSG00000288235.1|ENSG00000290976.1	exon|gene|transcript	81
chr17	60134674	60134755	ENSG00000267248.5	exon|gene|transcript	81
chr17	46038343	46038424	ENSG00000120071.15	exon|gene|transcript	81
chr17	46042204	46042285	ENSG00000120071.15	exon|gene|transcript	81
chr17	42568388	42568469	ENSG00000108788.12	exon|gene|transcript	81
chr17	27019526	27019607	ENSG00000266736.1	exon|gene|transcript	81
chr17	75370946	75371027	ENSG00000177885.15|ENSG00000264853.1|ENSG00000265987.1	exon|gene|transcript	81
chr17	45651003	45651084	ENSG00000263715.7|ENSG00000293460.1	exon|gene|transcript	81
chr17	80340356	80340437	ENSG00000173821.20|ENSG00000280248.1	exon|gene|transcript	81
chr17	17863329	17863410	ENSG00000175662.18	exon|gene|transcript	81
chr17	59989263	59989344	ENSG00000266992.1|ENSG00000267104.2|ENSG00000267302.5	exon|gene|transcript	81
chr17	27670639	27670720	ENSG00000265041.1	exon|gene|transcript	81
chr17	60015290	60015371	ENSG00000238283.3|ENSG00000267104.2	exon|gene|transcript	81
chr17	47455286	47455367	ENSG00000291120.1	exon|gene|transcript	81
chr17	11997909	11997990	ENSG00000289910.1	exon|gene|transcript	81
chr17	20651538	20651619	ENSG00000236504.2	exon|gene|transcript	81
chr17	62271907	62271988	ENSG00000188755.11|ENSG00000290800.1	exon|gene|transcript	81
chr17	58202621	58202702	ENSG00000121053.6|ENSG00000278627.1	exon|gene|transcript	81
chr17	81034698	81034779	ENSG00000226137.5	exon|gene|transcript	81
chr17	48185937	48186018	ENSG00000141293.16|ENSG00000263787.1	exon|gene|transcript	81
chr17	48639110	48639191	ENSG00000272763.1	exon|gene|transcript	81
chr17	28715718	28715799	ENSG00000109113.20	exon|gene|transcript	81
chr17	49706122	49706203	ENSG00000121073.15	exon|gene|transcript	81
chr17	8235285	8235366	ENSG00000178971.17	exon|gene|transcript	81
chr17	78607927	78608008	ENSG00000267123.7	exon|gene|transcript	81
chr17	18395595	18395676	ENSG00000204471.3	exon|gene|transcript	81
chr17	7292993	7293074	ENSG00000006047.13	exon|gene|transcript	81
chr17	68144791	68144872	ENSG00000267023.6|ENSG00000290646.1|ENSG00000291214.1	exon|gene|transcript	81
chr17	16463166	16463247	ENSG00000175061.20|ENSG00000181350.12	exon|gene|transcript	81
chr17	79802210	79802291	ENSG00000262768.2	exon|gene|transcript	81
chr17	20548766	20548847	ENSG00000235203.2|ENSG00000267075.1	exon|gene|transcript	81
chr17	45171191	45171272	ENSG00000267288.2	exon|gene|transcript	81
chr17	18519490	18519571	ENSG00000233327.12|ENSG00000273018.7|ENSG00000290659.1	exon|gene|transcript	81
chr17	36456927	36457008	ENSG00000274658.1	exon|gene|transcript	81
chr17	20867170	20867251	ENSG00000291074.1	exon|gene|transcript	81
chr17	55872806	55872887	ENSG00000262052.1	exon|gene|transcript	81
chr17	35477993	35478074	ENSG00000205045.12|ENSG00000267349.1	exon|gene|transcript	81
chr17	29390058	29390138	ENSG00000264808.2|ENSG00000266111.2	exon|gene|transcript	80
chr17	42211860	42211940	ENSG00000173757.11	exon|gene|transcript	80
chr17	32088160	32088240	ENSG00000266379.7|ENSG00000290974.1|ENSG00000293288.1	exon|gene|transcript	80
chr17	31138032	31138112	ENSG00000196712.20|ENSG00000266371.1	exon|gene|transcript	80
chr17	31038574	31038654	ENSG00000265798.7|ENSG00000291063.1	exon|gene|transcript	80
chr17	61002647	61002727	ENSG00000141376.24	exon|gene|transcript	80
chr17	80203885	80203965	ENSG00000141527.19|ENSG00000262580.5	exon|gene|transcript	80
chr17	11199403	11199483	ENSG00000285541.1	exon|gene|transcript	80
chr17	75228080	75228160	ENSG00000125450.11	exon|gene|transcript	80
chr17	1578347	1578427	ENSG00000167703.15	exon|gene|transcript	80
chr17	64146229	64146309	ENSG00000266402.5	exon|gene|transcript	80
chr17	5426299	5426379	ENSG00000129197.15|ENSG00000263272.1	exon|gene|transcript	80
chr17	41514674	41514754	ENSG00000171346.16	exon|gene|transcript	80
chr17	76799051	76799131	ENSG00000267065.2	exon|gene|transcript	80
chr17	72082041	72082121	ENSG00000226101.2|ENSG00000234899.11|ENSG00000288605.1	exon|gene|transcript	80
chr17	58206384	58206464	ENSG00000011143.19	exon|gene|transcript	80
chr17	30607565	30607645	ENSG00000214719.13|ENSG00000248121.9|ENSG00000290395.1	exon|gene|transcript	80
chr17	64967150	64967230	ENSG00000291140.1	exon|gene|transcript	80
chr17	72354006	72354086	ENSG00000227036.10|ENSG00000264026.2	exon|gene|transcript	80
chr17	7330874	7330954	ENSG00000224647.2	exon|gene|transcript	80
chr17	58307530	58307610	ENSG00000005379.17	exon|gene|transcript	80
chr17	58521173	58521253	ENSG00000108387.16|ENSG00000264672.6	exon|gene|transcript	80
chr17	34174643	34174723	ENSG00000108684.15|ENSG00000261156.6	exon|gene|transcript	80
chr17	27930645	27930725	ENSG00000260019.2|ENSG00000286589.1	exon|gene|transcript	80
chr17	48856187	48856267	ENSG00000136436.15	exon|gene|transcript	80
chr17	7865317	7865397	ENSG00000183011.14|ENSG00000280046.1	exon|gene|transcript	80
chr17	4559456	4559536	ENSG00000167741.11	exon|gene|transcript	80
chr17	49824660	49824740	ENSG00000136504.15	exon|gene|transcript	80
chr17	15379863	15379943	ENSG00000266667.1	exon|gene|transcript	80
chr17	30115543	30115623	ENSG00000126653.18|ENSG00000265394.1	exon|gene|transcript	80
chr17	81915255	81915335	ENSG00000187531.14	exon|gene|transcript	80
chr17	41552069	41552149	ENSG00000226629.1	exon|gene|transcript	80
chr17	76950393	76950473	ENSG00000267568.6	exon|gene|transcript	80
chr17	28190940	28191020	ENSG00000087095.13	exon|gene|transcript	80
chr17	76856169	76856249	ENSG00000267535.2	exon|gene|transcript	80
chr17	56471238	56471318	ENSG00000153930.13|ENSG00000279606.1	exon|gene|transcript	80
chr17	35758245	35758325	ENSG00000271392.1|ENSG00000271447.6	exon|gene|transcript	80
chr17	8337768	8337848	ENSG00000266279.1	exon|gene|transcript	80
chr17	7243191	7243271	ENSG00000262526.2|ENSG00000279641.1	exon|gene|transcript	80
chr17	43168169	43168249	ENSG00000012048.25|ENSG00000267002.4|ENSG00000267595.1	exon|gene|transcript	80
chr17	28578292	28578372	ENSG00000076382.17|ENSG00000167524.17	exon|gene|transcript	80
chr17	63478819	63478898	ENSG00000159640.17	exon|gene|transcript	79
chr17	4955862	4955941	ENSG00000108515.18	exon|gene|transcript	79
chr17	40688648	40688727	ENSG00000224244.1	exon|gene|transcript	79
chr17	77264697	77264776	ENSG00000263718.3|ENSG00000265121.1	exon|gene|transcript	79
chr17	43082681	43082760	ENSG00000012048.25	exon|gene|transcript	79
chr17	18417569	18417648	ENSG00000290655.1	exon|gene|transcript	79
chr17	46562514	46562593	ENSG00000185829.19|ENSG00000232300.1	exon|gene|transcript	79
chr17	82230569	82230648	ENSG00000141526.18	exon|gene|transcript	79
chr17	76313600	76313679	ENSG00000161542.17	exon|gene|transcript	79
chr17	69594786	69594865	ENSG00000227517.7	exon|gene|transcript	79
chr17	18492545	18492624	ENSG00000171916.17	exon|gene|transcript	79
chr17	27661834	27661913	ENSG00000265788.3|ENSG00000290973.1	exon|gene|transcript	79
chr17	74446024	74446103	ENSG00000170412.18	exon|gene|transcript	79
chr17	17850952	17851031	ENSG00000175662.18	exon|gene|transcript	79
chr17	63835567	63835646	ENSG00000108604.18	exon|gene|transcript	79
chr17	74549398	74549477	ENSG00000236770.1	exon|gene|transcript	79
chr17	76061574	76061653	ENSG00000167881.15	exon|gene|transcript	79
chr17	20753862	20753941	ENSG00000187870.7	exon|gene|transcript	79
chr17	56995018	56995097	ENSG00000121064.13	exon|gene|transcript	79
chr17	50214840	50214919	ENSG00000249406.3|ENSG00000263176.1	exon|gene|transcript	79
chr17	18928445	18928524	ENSG00000141127.15	exon|gene|transcript	79
chr17	4150943	4151022	ENSG00000167740.10	exon|gene|transcript	79
chr17	32128120	32128199	ENSG00000277511.2	exon|gene|transcript	79
chr17	76001103	76001182	ENSG00000250506.9|ENSG00000261408.7	exon|gene|transcript	79
chr17	42190359	42190438	ENSG00000167925.17	exon|gene|transcript	79
chr17	75041660	75041739	ENSG00000167863.12|ENSG00000180901.11	exon|gene|transcript	79
chr17	45832507	45832586	ENSG00000120088.16|ENSG00000263715.7|ENSG00000264589.5	exon|gene|transcript	79
chr17	78420244	78420323	ENSG00000087157.19	exon|gene|transcript	79
chr17	64967571	64967650	ENSG00000291140.1	exon|gene|transcript	79
chr17	4673456	4673535	ENSG00000141456.16	exon|gene|transcript	79
chr17	81033319	81033398	ENSG00000226137.5	exon|gene|transcript	79
chr17	18125088	18125167	ENSG00000091536.20	exon|gene|transcript	79
chr17	75899674	75899753	ENSG00000204316.13|ENSG00000267342.1|ENSG00000267426.5	exon|gene|transcript	79
chr17	45218863	45218942	ENSG00000267121.7	exon|gene|transcript	79
chr17	1498122	1498201	ENSG00000132376.20	exon|gene|transcript	79
chr17	37045889	37045968	ENSG00000275700.6|ENSG00000278638.2	exon|gene|transcript	79
chr17	29609275	29609354	ENSG00000198720.13|ENSG00000264031.1	exon|gene|transcript	79
chr17	47899630	47899709	ENSG00000167182.16|ENSG00000234494.8	exon|gene|transcript	79
chr17	38751153	38751232	ENSG00000277182.2	exon|gene|transcript	79
chr17	5234628	5234707	ENSG00000161929.15|ENSG00000261879.9	exon|gene|transcript	79
chr17	10705615	10705694	ENSG00000170222.12|ENSG00000187824.9	exon|gene|transcript	79
chr17	38779851	38779930	ENSG00000276293.5	exon|gene|transcript	79
chr17	10608144	10608223	ENSG00000214970.8|ENSG00000272975.1	exon|gene|transcript	79
chr17	33290675	33290754	ENSG00000108684.15	exon|gene|transcript	79
chr17	20424704	20424783	ENSG00000189423.14|ENSG00000287490.1|ENSG00000291194.1	exon|gene|transcript	79
chr17	64531022	64531101	ENSG00000258890.8	exon|gene|transcript	79
chr17	82699046	82699124	ENSG00000289945.1	exon|gene|transcript	78
chr17	62236799	62236877	ENSG00000266365.1	exon|gene|transcript	78
chr17	82795553	82795631	ENSG00000141556.22|ENSG00000263098.1	exon|gene|transcript	78
chr17	6641387	6641465	ENSG00000129235.11	exon|gene|transcript	78
chr17	30561086	30561164	ENSG00000266733.8|ENSG00000290404.1	exon|gene|transcript	78
chr17	41996020	41996098	ENSG00000168259.17	exon|gene|transcript	78
chr17	27892321	27892399	ENSG00000232859.10|ENSG00000266202.1	exon|gene|transcript	78
chr17	47974789	47974867	ENSG00000108465.15|ENSG00000263798.2	exon|gene|transcript	78
chr17	72466534	72466612	ENSG00000227036.10	exon|gene|transcript	78
chr17	18423656	18423734	ENSG00000205266.11|ENSG00000290655.1	exon|gene|transcript	78
chr17	50548964	50549042	ENSG00000006282.22	exon|gene|transcript	78
chr17	3577810	3577888	ENSG00000196689.13	exon|gene|transcript	78
chr17	7016335	7016413	ENSG00000161939.19|ENSG00000258315.5|ENSG00000267047.1|ENSG00000267532.5	exon|gene|transcript	78
chr17	45221176	45221254	ENSG00000267121.7	exon|gene|transcript	78
chr17	19080431	19080509	ENSG00000230197.6	exon|gene|transcript	78
chr17	19206613	19206691	ENSG00000236022.6	exon|gene|transcript	78
chr17	72219949	72220027	ENSG00000234899.11|ENSG00000288605.1	exon|gene|transcript	78
chr17	331721	331799	ENSG00000181031.16|ENSG00000262061.7	exon|gene|transcript	78
chr17	4675195	4675273	ENSG00000141456.16|ENSG00000235085.3	exon|gene|transcript	78
chr17	82056391	82056469	ENSG00000169727.14	exon|gene|transcript	78
chr17	42868875	42868953	ENSG00000260105.7|ENSG00000291070.1	exon|gene|transcript	78
chr17	36297308	36297386	ENSG00000261499.2	exon|gene|transcript	78
chr17	30551621	30551699	ENSG00000279431.1	exon|gene|transcript	78
chr17	20726862	20726940	ENSG00000226521.8	exon|gene|transcript	78
chr17	44300328	44300406	ENSG00000267750.6	exon|gene|transcript	78
chr17	17778582	17778660	ENSG00000108557.20|ENSG00000226746.2|ENSG00000264167.1	exon|gene|transcript	78
chr17	78846757	78846835	ENSG00000267355.2	exon|gene|transcript	78
chr17	44320276	44320354	ENSG00000013306.16	exon|gene|transcript	78
chr17	15908554	15908632	ENSG00000227790.8	exon|gene|transcript	78
chr17	82154737	82154815	ENSG00000176155.21|ENSG00000265678.1	exon|gene|transcript	78
chr17	56914263	56914341	ENSG00000274213.2	exon|gene|transcript	78
chr17	36542165	36542243	ENSG00000278259.5	exon|gene|transcript	78
chr17	17859520	17859598	ENSG00000175662.18|ENSG00000197815.4	exon|gene|transcript	78
chr17	39108271	39108349	ENSG00000161381.14|ENSG00000293194.1	exon|gene|transcript	78
chr17	50086328	50086406	ENSG00000005884.18	exon|gene|transcript	78
chr17	2039676	2039754	ENSG00000108963.19	exon|gene|transcript	78
chr17	21782802	21782880	ENSG00000283566.2	exon|gene|transcript	78
chr17	60461915	60461993	ENSG00000062725.10	exon|gene|transcript	78
chr17	42724424	42724502	ENSG00000108799.13	exon|gene|transcript	78
chr17	12994884	12994962	ENSG00000006744.19	exon|gene|transcript	78
chr17	20631471	20631549	ENSG00000227685.1	exon|gene|transcript	78
chr17	30529687	30529765	ENSG00000264958.2	exon|gene|transcript	78
chr17	8144993	8145071	ENSG00000179094.16|ENSG00000284117.1	exon|gene|transcript	78
chr17	12986352	12986430	ENSG00000006740.18	exon|gene|transcript	78
chr17	75048879	75048957	ENSG00000180901.11	exon|gene|transcript	78
chr17	76558790	76558868	ENSG00000163597.17|ENSG00000274091.1	exon|gene|transcript	78
chr17	38219045	38219123	ENSG00000274487.5|ENSG00000291088.1	exon|gene|transcript	78
chr17	18122409	18122487	ENSG00000091536.20	exon|gene|transcript	78
chr17	58330800	58330878	ENSG00000265148.7	exon|gene|transcript	78
chr17	10880471	10880549	ENSG00000263508.6|ENSG00000285220.1	exon|gene|transcript	78
chr17	45508406	45508484	ENSG00000214425.11|ENSG00000291175.1	exon|gene|transcript	78
chr17	38101402	38101480	ENSG00000274615.1	exon|gene|transcript	78
chr17	1012395	1012473	ENSG00000159842.16	exon|gene|transcript	78
chr17	4682724	4682802	ENSG00000141456.16|ENSG00000235085.3	exon|gene|transcript	78
chr17	15815964	15816042	ENSG00000237057.3	exon|gene|transcript	78
chr17	21511529	21511607	ENSG00000212719.15	exon|gene|transcript	78
chr17	83226409	83226486	ENSG00000262094.1	exon|gene|transcript	77
chr17	31200310	31200387	ENSG00000196712.20	exon|gene|transcript	77
chr17	62626359	62626436	ENSG00000277463.1	exon|gene|transcript	77
chr17	63431925	63432002	ENSG00000265282.1	exon|gene|transcript	77
chr17	44880476	44880553	ENSG00000108883.13	exon|gene|transcript	77
chr17	77089416	77089493	ENSG00000129657.16|ENSG00000234912.12|ENSG00000275143.1|ENSG00000284250.1	exon|gene|transcript	77
chr17	77089497	77089574	ENSG00000129657.16|ENSG00000234912.12	exon|gene|transcript	77
chr17	35573579	35573656	ENSG00000267321.4	exon|gene|transcript	77
chr17	63700846	63700923	ENSG00000136490.9|ENSG00000266173.7|ENSG00000279369.1	exon|gene|transcript	77
chr17	41630476	41630553	ENSG00000214514.9|ENSG00000290861.1	exon|gene|transcript	77
chr17	41630553	41630630	ENSG00000214514.9|ENSG00000290861.1	exon|gene|transcript	77
chr17	18439907	18439984	ENSG00000290657.1	exon|gene|transcript	77
chr17	5387466	5387543	ENSG00000108559.13	exon|gene|transcript	77
chr17	7446737	7446814	ENSG00000170175.11	exon|gene|transcript	77
chr17	50214530	50214607	ENSG00000249406.3|ENSG00000263176.1	exon|gene|transcript	77
chr17	1716129	1716206	ENSG00000186594.16	exon|gene|transcript	77
chr17	69175618	69175695	ENSG00000154263.18	exon|gene|transcript	77
chr17	5701027	5701104	ENSG00000286356.1	exon|gene|transcript	77
chr17	8149384	8149461	ENSG00000179094.16	exon|gene|transcript	77
chr17	42956320	42956397	ENSG00000108825.18|ENSG00000266967.7	exon|gene|transcript	77
chr17	39201323	39201400	ENSG00000108298.12	exon|gene|transcript	77
chr17	57266282	57266359	ENSG00000153944.12	exon|gene|transcript	77
chr17	43517974	43518051	ENSG00000067596.12	exon|gene|transcript	77
chr17	76312792	76312869	ENSG00000161542.17	exon|gene|transcript	77
chr17	76154202	76154279	ENSG00000141576.16|ENSG00000267128.2	exon|gene|transcript	77
chr17	76733215	76733292	ENSG00000181038.14|ENSG00000267168.1	exon|gene|transcript	77
chr17	60075614	60075691	ENSG00000068097.16	exon|gene|transcript	77
chr17	3163004	3163081	ENSG00000261848.5	exon|gene|transcript	77
chr17	10698085	10698162	ENSG00000133028.12|ENSG00000170222.12	exon|gene|transcript	77
chr17	47490218	47490295	ENSG00000228782.10|ENSG00000291120.1	exon|gene|transcript	77
chr17	15833609	15833686	ENSG00000227790.8|ENSG00000237057.3|ENSG00000290377.1	exon|gene|transcript	77
chr17	59526479	59526556	ENSG00000265313.8	exon|gene|transcript	77
chr17	82060783	82060860	ENSG00000169718.18	exon|gene|transcript	77
chr17	28360576	28360653	ENSG00000244045.13|ENSG00000258924.4	exon|gene|transcript	77
chr17	21457356	21457433	ENSG00000212719.15|ENSG00000265043.1	exon|gene|transcript	77
chr17	16832753	16832830	ENSG00000290978.1	exon|gene|transcript	77
chr17	16791976	16792053	ENSG00000266302.6|ENSG00000272815.1|ENSG00000290976.1	exon|gene|transcript	77
chr17	48866445	48866522	ENSG00000136436.15	exon|gene|transcript	77
chr17	81345485	81345562	ENSG00000287431.1	exon|gene|transcript	77
chr17	47599743	47599820	ENSG00000141279.18	exon|gene|transcript	77
chr17	47816924	47817001	ENSG00000006025.13	exon|gene|transcript	77
chr17	37143606	37143683	ENSG00000275029.2|ENSG00000278540.5	exon|gene|transcript	77
chr17	42814673	42814750	ENSG00000126581.13	exon|gene|transcript	77
chr17	72085424	72085501	ENSG00000226101.2|ENSG00000234899.11|ENSG00000288605.1	exon|gene|transcript	77
chr17	72040731	72040808	ENSG00000228639.8|ENSG00000256124.6|ENSG00000288605.1	exon|gene|transcript	77
chr17	7321787	7321864	ENSG00000215041.10	exon|gene|transcript	77
chr17	58703518	58703595	ENSG00000108384.16	exon|gene|transcript	77
chr17	58702329	58702406	ENSG00000108384.16	exon|gene|transcript	77
chr17	76558202	76558279	ENSG00000163597.17	exon|gene|transcript	77
chr17	45267328	45267405	ENSG00000006062.18|ENSG00000267278.6	exon|gene|transcript	77
chr17	37828887	37828964	ENSG00000290810.1	exon|gene|transcript	77
chr17	2695526	2695603	ENSG00000132361.18	exon|gene|transcript	77
chr17	44908149	44908226	ENSG00000131095.14	exon|gene|transcript	77
chr17	3882025	3882101	ENSG00000004660.15	exon|gene|transcript	76
chr17	75758372	75758448	ENSG00000108479.13	exon|gene|transcript	76
chr17	45236256	45236332	ENSG00000184922.15	exon|gene|transcript	76
chr17	75691722	75691798	ENSG00000161526.15	exon|gene|transcript	76
chr17	45233731	45233807	ENSG00000184922.15	exon|gene|transcript	76
chr17	18312759	18312835	ENSG00000177302.16|ENSG00000237382.2	exon|gene|transcript	76
chr17	15632847	15632923	ENSG00000221926.13|ENSG00000251537.4	exon|gene|transcript	76
chr17	2680087	2680163	ENSG00000007168.14	exon|gene|transcript	76
chr17	18172299	18172375	ENSG00000091536.20	exon|gene|transcript	76
chr17	58242179	58242255	ENSG00000167419.11|ENSG00000286788.1	exon|gene|transcript	76
chr17	81133195	81133271	ENSG00000181409.14|ENSG00000221025.1	exon|gene|transcript	76
chr17	48848245	48848321	ENSG00000136436.15	exon|gene|transcript	76
chr17	75852274	75852350	ENSG00000132471.12	exon|gene|transcript	76
chr17	28925980	28926056	ENSG00000109118.14	exon|gene|transcript	76
chr17	795305	795381	ENSG00000277491.1	exon|gene|transcript	76
chr17	73742951	73743027	ENSG00000263574.2	exon|gene|transcript	76
chr17	37161704	37161780	ENSG00000278540.5	exon|gene|transcript	76
chr17	15268520	15268596	ENSG00000109099.16|ENSG00000286792.1	exon|gene|transcript	76
chr17	78428448	78428524	ENSG00000187775.17	exon|gene|transcript	76
chr17	82079608	82079684	ENSG00000169710.9	exon|gene|transcript	76
chr17	29617891	29617967	ENSG00000167549.19|ENSG00000264031.1	exon|gene|transcript	76
chr17	72470507	72470583	ENSG00000227036.10	exon|gene|transcript	76
chr17	72040439	72040515	ENSG00000228639.8|ENSG00000256124.6|ENSG00000288605.1	exon|gene|transcript	76
chr17	49004730	49004806	ENSG00000159217.10|ENSG00000251461.3	exon|gene|transcript	76
chr17	28633818	28633894	ENSG00000007202.16|ENSG00000264044.1	exon|gene|transcript	76
chr17	76558868	76558944	ENSG00000163597.17	exon|gene|transcript	76
chr17	29645402	29645478	ENSG00000141298.19|ENSG00000264031.1|ENSG00000265625.1	exon|gene|transcript	76
chr17	32091772	32091848	ENSG00000266379.7|ENSG00000290974.1|ENSG00000293288.1	exon|gene|transcript	76
chr17	19423553	19423629	ENSG00000227078.1|ENSG00000235979.9	exon|gene|transcript	76
chr17	3377526	3377602	ENSG00000221882.5|ENSG00000267129.1	exon|gene|transcript	76
chr17	62261860	62261936	ENSG00000266647.1	exon|gene|transcript	76
chr17	83011427	83011503	ENSG00000175711.9	exon|gene|transcript	76
chr17	36081633	36081709	ENSG00000277089.4	exon|gene|transcript	76
chr17	30541758	30541834	ENSG00000264958.2	exon|gene|transcript	76
chr17	14839968	14840044	ENSG00000238212.3	exon|gene|transcript	76
chr17	21655842	21655918	ENSG00000264617.1	exon|gene|transcript	76
chr17	754331	754407	ENSG00000293440.1	exon|gene|transcript	76
chr17	56153530	56153606	ENSG00000153930.13	exon|gene|transcript	76
chr17	46423065	46423141	ENSG00000260075.1	exon|gene|transcript	76
chr17	82382614	82382690	ENSG00000260011.2	exon|gene|transcript	76
chr17	14947740	14947816	ENSG00000226156.1|ENSG00000238212.3	exon|gene|transcript	76
chr17	7865751	7865827	ENSG00000183011.14|ENSG00000280046.1	exon|gene|transcript	76
chr17	81396982	81397058	ENSG00000266074.11|ENSG00000279692.1	exon|gene|transcript	76
chr17	16470914	16470990	ENSG00000175061.20|ENSG00000181350.12	exon|gene|transcript	76
chr17	7242667	7242743	ENSG00000262526.2|ENSG00000279641.1	exon|gene|transcript	76
chr17	18381252	18381328	ENSG00000214860.5|ENSG00000264177.1	exon|gene|transcript	76
chr17	52390514	52390590	ENSG00000263317.1	exon|gene|transcript	76
chr17	19534074	19534150	ENSG00000142494.13	exon|gene|transcript	76
chr17	20725644	20725720	ENSG00000226521.8	exon|gene|transcript	76
chr17	18422342	18422418	ENSG00000205266.11|ENSG00000290655.1	exon|gene|transcript	76
chr17	68199280	68199356	ENSG00000267472.1	exon|gene|transcript	76
chr17	20521990	20522066	ENSG00000205215.9|ENSG00000291198.1	exon|gene|transcript	76
chr17	69103936	69104012	ENSG00000154262.13	exon|gene|transcript	76
chr17	55283877	55283953	ENSG00000108924.14	exon|gene|transcript	76
chr17	32096989	32097065	ENSG00000264164.2	exon|gene|transcript	76
chr17	36187951	36188027	ENSG00000274767.1	exon|gene|transcript	76
chr17	81696747	81696823	ENSG00000185359.14	exon|gene|transcript	76
chr17	81613049	81613125	ENSG00000182446.15	exon|gene|transcript	76
chr17	50175487	50175562	ENSG00000108823.17|ENSG00000293483.1	exon|gene|transcript	75
chr17	62289289	62289364	ENSG00000263887.7	exon|gene|transcript	75
chr17	75778963	75779038	ENSG00000132475.10	exon|gene|transcript	75
chr17	79827525	79827600	ENSG00000262772.2	exon|gene|transcript	75
chr17	39028751	39028826	ENSG00000214553.12	exon|gene|transcript	75
chr17	59425308	59425383	ENSG00000265313.8	exon|gene|transcript	75
chr17	47973855	47973930	ENSG00000108465.15|ENSG00000263798.2	exon|gene|transcript	75
chr17	21276066	21276141	ENSG00000289453.2	exon|gene|transcript	75
chr17	75839942	75840017	ENSG00000092929.13	exon|gene|transcript	75
chr17	45273787	45273862	ENSG00000006062.18	exon|gene|transcript	75
chr17	70051302	70051377	ENSG00000230258.6|ENSG00000267603.1	exon|gene|transcript	75
chr17	42114282	42114357	ENSG00000108773.11	exon|gene|transcript	75
chr17	72384949	72385024	ENSG00000227036.10	exon|gene|transcript	75
chr17	15365466	15365541	ENSG00000279567.1	exon|gene|transcript	75
chr17	49887597	49887672	ENSG00000248954.1	exon|gene|transcript	75
chr17	80473861	80473936	ENSG00000171246.7	exon|gene|transcript	75
chr17	40928607	40928682	ENSG00000108244.17|ENSG00000234477.1	exon|gene|transcript	75
chr17	16282013	16282088	ENSG00000108474.17|ENSG00000221355.1	exon|gene|transcript	75
chr17	62699704	62699779	ENSG00000265702.2	exon|gene|transcript	75
chr17	82019694	82019769	ENSG00000169689.15	exon|gene|transcript	75
chr17	46476143	46476218	ENSG00000260075.1	exon|gene|transcript	75
chr17	39112014	39112089	ENSG00000161381.14|ENSG00000293194.1	exon|gene|transcript	75
chr17	8881712	8881787	ENSG00000141506.15	exon|gene|transcript	75
chr17	68140619	68140694	ENSG00000267023.6|ENSG00000290646.1|ENSG00000291214.1	exon|gene|transcript	75
chr17	75271647	75271722	ENSG00000263843.1	exon|gene|transcript	75
chr17	81666070	81666145	ENSG00000204237.5	exon|gene|transcript	75
chr17	28710898	28710973	ENSG00000167525.16	exon|gene|transcript	75
chr17	46041469	46041544	ENSG00000120071.15	exon|gene|transcript	75
chr17	9452430	9452505	ENSG00000170310.15|ENSG00000225751.2	exon|gene|transcript	75
chr17	31392282	31392357	ENSG00000131242.18	exon|gene|transcript	75
chr17	322273	322348	ENSG00000181031.16|ENSG00000262920.5	exon|gene|transcript	75
chr17	82741393	82741468	ENSG00000167363.14	exon|gene|transcript	75
chr17	27642348	27642423	ENSG00000168961.17	exon|gene|transcript	75
chr17	1154544	1154619	ENSG00000159842.16	exon|gene|transcript	75
chr17	28277336	28277411	ENSG00000293325.1	exon|gene|transcript	75
chr17	60001669	60001744	ENSG00000266992.1|ENSG00000267104.2	exon|gene|transcript	75
chr17	81388669	81388744	ENSG00000262877.5	exon|gene|transcript	75
chr17	60019148	60019223	ENSG00000287664.1	exon|gene|transcript	75
chr17	64758528	64758603	ENSG00000215769.8|ENSG00000266820.1	exon|gene|transcript	75
chr17	69594865	69594940	ENSG00000227517.7	exon|gene|transcript	75
chr17	17777302	17777377	ENSG00000108557.20|ENSG00000226746.2	exon|gene|transcript	75
chr17	46169530	46169605	ENSG00000120071.15	exon|gene|transcript	75
chr17	1735717	1735792	ENSG00000167716.19|ENSG00000262791.1	exon|gene|transcript	75
chr17	60030671	60030746	ENSG00000274378.1	exon|gene|transcript	75
chr17	81811810	81811885	ENSG00000215644.10	exon|gene|transcript	75
chr17	20338156	20338230	ENSG00000154898.17|ENSG00000293363.2	exon|gene|transcript	74
chr17	10861388	10861462	ENSG00000244753.2|ENSG00000263508.6|ENSG00000285220.1	exon|gene|transcript	74
chr17	19664117	19664191	ENSG00000072210.19	exon|gene|transcript	74
chr17	31297465	31297539	ENSG00000126861.5|ENSG00000196712.20	exon|gene|transcript	74
chr17	6649907	6649981	ENSG00000108590.11	exon|gene|transcript	74
chr17	44277961	44278035	ENSG00000285486.1	exon|gene|transcript	74
chr17	44213282	44213356	ENSG00000108312.16|ENSG00000267394.2	exon|gene|transcript	74
chr17	82929791	82929865	ENSG00000141556.22	exon|gene|transcript	74
chr17	75563463	75563537	ENSG00000073350.14	exon|gene|transcript	74
chr17	6449407	6449481	ENSG00000129195.16	exon|gene|transcript	74
chr17	68658647	68658721	ENSG00000267659.5	exon|gene|transcript	74
chr17	8375751	8375825	ENSG00000184619.8|ENSG00000263809.1|ENSG00000265749.6	exon|gene|transcript	74
chr17	42547605	42547679	ENSG00000108785.7|ENSG00000266929.1	exon|gene|transcript	74
chr17	75373662	75373736	ENSG00000177885.15|ENSG00000264853.1	exon|gene|transcript	74
chr17	10716001	10716075	ENSG00000187824.9|ENSG00000293151.1	exon|gene|transcript	74
chr17	1770759	1770833	ENSG00000132386.11	exon|gene|transcript	74
chr17	17141616	17141690	ENSG00000133030.22	exon|gene|transcript	74
chr17	50990668	50990742	ENSG00000008294.22	exon|gene|transcript	74
chr17	30830900	30830974	ENSG00000242439.1	exon|gene|transcript	74
chr17	80135929	80136003	ENSG00000141543.12	exon|gene|transcript	74
chr17	35810297	35810371	ENSG00000270647.7	exon|gene|transcript	74
chr17	18838031	18838105	ENSG00000250111.3	exon|gene|transcript	74
chr17	20652125	20652199	ENSG00000236504.2	exon|gene|transcript	74
chr17	78367192	78367266	ENSG00000266970.3	exon|gene|transcript	74
chr17	41970324	41970398	ENSG00000173786.17	exon|gene|transcript	74
chr17	72057734	72057808	ENSG00000228639.8|ENSG00000288605.1	exon|gene|transcript	74
chr17	7754319	7754393	ENSG00000183914.15|ENSG00000293140.1	exon|gene|transcript	74
chr17	45407813	45407887	ENSG00000159314.13	exon|gene|transcript	74
chr17	72083831	72083905	ENSG00000226101.2|ENSG00000234899.11|ENSG00000288605.1	exon|gene|transcript	74
chr17	45395908	45395982	ENSG00000159314.13	exon|gene|transcript	74
chr17	64968036	64968110	ENSG00000291140.1	exon|gene|transcript	74
chr17	15834192	15834266	ENSG00000227790.8|ENSG00000237057.3|ENSG00000290377.1	exon|gene|transcript	74
chr17	42981074	42981148	ENSG00000198863.8	exon|gene|transcript	74
chr17	82249164	82249238	ENSG00000141526.18|ENSG00000141551.15|ENSG00000280407.3	exon|gene|transcript	74
chr17	15850423	15850497	ENSG00000227790.8|ENSG00000290377.1	exon|gene|transcript	74
chr17	7348559	7348633	ENSG00000072818.12	exon|gene|transcript	74
chr17	20899057	20899131	ENSG00000233098.10	exon|gene|transcript	74
chr17	57265144	57265218	ENSG00000153944.12	exon|gene|transcript	74
chr17	59526872	59526946	ENSG00000265313.8	exon|gene|transcript	74
chr17	35191628	35191702	ENSG00000267744.1	exon|gene|transcript	74
chr17	39045132	39045206	ENSG00000214553.12|ENSG00000290925.1	exon|gene|transcript	74
chr17	76861756	76861830	ENSG00000267535.2	exon|gene|transcript	74
chr17	36491124	36491198	ENSG00000273611.5	exon|gene|transcript	74
chr17	17254945	17255019	ENSG00000141030.13	exon|gene|transcript	74
chr17	47054139	47054213	ENSG00000262879.7|ENSG00000263142.6	exon|gene|transcript	74
chr17	7237660	7237734	ENSG00000040633.13	exon|gene|transcript	74
chr17	20904727	20904800	ENSG00000233098.10	exon|gene|transcript	73
chr17	27707177	27707250	ENSG00000265833.1	exon|gene|transcript	73
chr17	34072252	34072325	ENSG00000108684.15|ENSG00000265356.2|ENSG00000279668.4	exon|gene|transcript	73
chr17	82019219	82019292	ENSG00000169689.15	exon|gene|transcript	73
chr17	75851230	75851303	ENSG00000132471.12	exon|gene|transcript	73
chr17	81247204	81247277	ENSG00000157637.13	exon|gene|transcript	73
chr17	48931717	48931790	ENSG00000159210.10	exon|gene|transcript	73
chr17	78091366	78091439	ENSG00000078687.18	exon|gene|transcript	73
chr17	44883575	44883648	ENSG00000108883.13	exon|gene|transcript	73
chr17	82060303	82060376	ENSG00000169718.18	exon|gene|transcript	73
chr17	42669621	42669694	ENSG00000068137.15	exon|gene|transcript	73
chr17	16844251	16844324	ENSG00000131885.18|ENSG00000291277.1	exon|gene|transcript	73
chr17	18028158	18028231	ENSG00000171953.16	exon|gene|transcript	73
chr17	15847790	15847863	ENSG00000227790.8|ENSG00000237057.3|ENSG00000290377.1	exon|gene|transcript	73
chr17	47880396	47880469	ENSG00000266821.1	exon|gene|transcript	73
chr17	15261062	15261135	ENSG00000109099.16|ENSG00000265445.1|ENSG00000279660.1	exon|gene|transcript	73
chr17	28388276	28388349	ENSG00000004139.14	exon|gene|transcript	73
chr17	18681320	18681393	ENSG00000240445.6|ENSG00000249459.12|ENSG00000290687.1	exon|gene|transcript	73
chr17	35241944	35242017	ENSG00000266947.3	exon|gene|transcript	73
chr17	57406929	57407002	ENSG00000153944.12	exon|gene|transcript	73
chr17	43518508	43518581	ENSG00000067596.12	exon|gene|transcript	73
chr17	18340813	18340886	ENSG00000176974.22|ENSG00000283772.1	exon|gene|transcript	73
chr17	76089320	76089393	ENSG00000182473.22	exon|gene|transcript	73
chr17	76088390	76088463	ENSG00000182473.22	exon|gene|transcript	73
chr17	50098678	50098751	ENSG00000005882.12|ENSG00000275025.1	exon|gene|transcript	73
chr17	77446832	77446905	ENSG00000184640.20|ENSG00000279801.1	exon|gene|transcript	73
chr17	81914530	81914603	ENSG00000187531.14	exon|gene|transcript	73
chr17	81869667	81869740	ENSG00000141522.12	exon|gene|transcript	73
chr17	68130249	68130322	ENSG00000267023.6|ENSG00000290646.1|ENSG00000291214.1	exon|gene|transcript	73
chr17	20515918	20515991	ENSG00000231645.4|ENSG00000291197.1	exon|gene|transcript	73
chr17	55771032	55771105	ENSG00000141179.14	exon|gene|transcript	73
chr17	80315650	80315723	ENSG00000173821.20|ENSG00000262979.1	exon|gene|transcript	73
chr17	39186422	39186495	ENSG00000067191.17	exon|gene|transcript	73
chr17	44349551	44349624	ENSG00000030582.19	exon|gene|transcript	73
chr17	42194235	42194308	ENSG00000167925.17	exon|gene|transcript	73
chr17	28618717	28618790	ENSG00000007202.16	exon|gene|transcript	73
chr17	67936608	67936681	ENSG00000171634.19	exon|gene|transcript	73
chr17	57565922	57565995	ENSG00000153944.12	exon|gene|transcript	73
chr17	28711197	28711270	ENSG00000167525.16	exon|gene|transcript	73
chr17	20743332	20743405	ENSG00000187870.7	exon|gene|transcript	73
chr17	50482456	50482529	ENSG00000136444.10	exon|gene|transcript	73
chr17	31023927	31024000	ENSG00000266865.9|ENSG00000291063.1	exon|gene|transcript	73
chr17	77882887	77882960	ENSG00000204283.4	exon|gene|transcript	73
chr17	52898433	52898506	ENSG00000226364.1	exon|gene|transcript	73
chr17	81511626	81511699	ENSG00000184009.13	exon|gene|transcript	73
chr17	10768044	10768117	ENSG00000263400.8|ENSG00000264016.3|ENSG00000285220.1	exon|gene|transcript	73
chr17	43361288	43361361	ENSG00000188825.16|ENSG00000279602.2	exon|gene|transcript	73
chr17	17477611	17477684	ENSG00000141026.6	exon|gene|transcript	73
chr17	45977701	45977774	ENSG00000186868.18	exon|gene|transcript	73
chr17	36070373	36070446	ENSG00000275385.2	exon|gene|transcript	73
chr17	18428417	18428490	ENSG00000186831.12|ENSG00000290656.1	exon|gene|transcript	73
chr17	61362732	61362805	ENSG00000141376.24|ENSG00000267131.1	exon|gene|transcript	73
chr17	75492789	75492862	ENSG00000177728.17	exon|gene|transcript	73
chr17	50562001	50562074	ENSG00000006283.18|ENSG00000250107.1	exon|gene|transcript	73
chr17	31278167	31278240	ENSG00000126861.5|ENSG00000196712.20	exon|gene|transcript	73
chr17	78160881	78160954	ENSG00000187997.12	exon|gene|transcript	73
chr17	62676531	62676604	ENSG00000011028.14	exon|gene|transcript	73
chr17	3824869	3824941	ENSG00000074356.17	exon|gene|transcript	72
chr17	62626124	62626196	ENSG00000277463.1	exon|gene|transcript	72
chr17	31294574	31294646	ENSG00000126861.5|ENSG00000196712.20	exon|gene|transcript	72
chr17	42388099	42388171	ENSG00000168610.17	exon|gene|transcript	72
chr17	80337513	80337585	ENSG00000173821.20	exon|gene|transcript	72
chr17	17858226	17858298	ENSG00000175662.18|ENSG00000197815.4	exon|gene|transcript	72
chr17	39034169	39034241	ENSG00000214553.12|ENSG00000290925.1	exon|gene|transcript	72
chr17	6657912	6657984	ENSG00000256806.6|ENSG00000274114.3|ENSG00000290366.1	exon|gene|transcript	72
chr17	72643808	72643880	ENSG00000263893.2	exon|gene|transcript	72
chr17	82636511	82636583	ENSG00000141568.21|ENSG00000141580.16	exon|gene|transcript	72
chr17	39042475	39042547	ENSG00000214553.12|ENSG00000290925.1	exon|gene|transcript	72
chr17	73167965	73168037	ENSG00000180616.9|ENSG00000264860.1	exon|gene|transcript	72
chr17	75832495	75832567	ENSG00000092929.13	exon|gene|transcript	72
chr17	21433669	21433741	ENSG00000212719.15	exon|gene|transcript	72
chr17	63478311	63478383	ENSG00000159640.17	exon|gene|transcript	72
chr17	63817000	63817072	ENSG00000198231.14	exon|gene|transcript	72
chr17	64892728	64892800	ENSG00000176809.11|ENSG00000265218.1|ENSG00000272220.1	exon|gene|transcript	72
chr17	82012083	82012155	ENSG00000169696.16	exon|gene|transcript	72
chr17	77482335	77482407	ENSG00000184640.20	exon|gene|transcript	72
chr17	78485887	78485959	ENSG00000187775.17|ENSG00000267432.6	exon|gene|transcript	72
chr17	28715122	28715194	ENSG00000109113.20	exon|gene|transcript	72
chr17	2965089	2965161	ENSG00000132359.17|ENSG00000262884.1	exon|gene|transcript	72
chr17	64786652	64786724	ENSG00000214176.12|ENSG00000291117.1	exon|gene|transcript	72
chr17	60426336	60426408	ENSG00000141371.13	exon|gene|transcript	72
chr17	35237909	35237981	ENSG00000266947.3	exon|gene|transcript	72
chr17	45404528	45404600	ENSG00000159314.13	exon|gene|transcript	72
chr17	37225399	37225471	ENSG00000278540.5	exon|gene|transcript	72
chr17	6756184	6756256	ENSG00000132530.17	exon|gene|transcript	72
chr17	31045209	31045281	ENSG00000265798.7|ENSG00000290858.1|ENSG00000291063.1	exon|gene|transcript	72
chr17	540504	540576	ENSG00000141252.21|ENSG00000263300.1	exon|gene|transcript	72
chr17	75899294	75899366	ENSG00000204316.13|ENSG00000267342.1|ENSG00000267426.5	exon|gene|transcript	72
chr17	28722581	28722653	ENSG00000198242.14|ENSG00000238578.1|ENSG00000264577.1	exon|gene|transcript	72
chr17	16766387	16766459	ENSG00000170160.19|ENSG00000266302.6	exon|gene|transcript	72
chr17	31042198	31042270	ENSG00000265798.7|ENSG00000290858.1|ENSG00000291063.1	exon|gene|transcript	72
chr17	18519571	18519643	ENSG00000233327.12|ENSG00000273018.7|ENSG00000290659.1	exon|gene|transcript	72
chr17	74954365	74954437	ENSG00000167861.16	exon|gene|transcript	72
chr17	45653668	45653740	ENSG00000263715.7|ENSG00000293460.1	exon|gene|transcript	72
chr17	22692833	22692905	ENSG00000293001.1	exon|gene|transcript	72
chr17	62274043	62274115	ENSG00000188755.11|ENSG00000290800.1	exon|gene|transcript	72
chr17	19633060	19633132	ENSG00000231625.5|ENSG00000290544.1	exon|gene|transcript	72
chr17	76969378	76969450	ENSG00000280122.1	exon|gene|transcript	72
chr17	16817991	16818063	ENSG00000290977.1	exon|gene|transcript	72
chr17	45542763	45542835	ENSG00000214425.11|ENSG00000291175.1	exon|gene|transcript	72
chr17	35989210	35989282	ENSG00000275431.1|ENSG00000275688.4	exon|gene|transcript	72
chr17	45539891	45539963	ENSG00000214425.11|ENSG00000291175.1	exon|gene|transcript	72
chr17	20550891	20550963	ENSG00000235203.2	exon|gene|transcript	72
chr17	47021849	47021921	ENSG00000262633.2|ENSG00000262879.7|ENSG00000263142.6|ENSG00000291209.1	exon|gene|transcript	72
chr17	80223179	80223251	ENSG00000181045.15	exon|gene|transcript	72
chr17	39193322	39193394	ENSG00000067191.17	exon|gene|transcript	72
chr17	61412873	61412945	ENSG00000187013.4	exon|gene|transcript	72
chr17	45545804	45545876	ENSG00000214425.11|ENSG00000267198.1|ENSG00000291175.1	exon|gene|transcript	72
chr17	45545604	45545676	ENSG00000214425.11|ENSG00000291175.1	exon|gene|transcript	72
chr17	60017426	60017498	ENSG00000238283.3|ENSG00000267104.2	exon|gene|transcript	72
chr17	7582360	7582432	ENSG00000233223.5	exon|gene|transcript	72
chr17	68147451	68147523	ENSG00000267023.6|ENSG00000290646.1|ENSG00000291214.1	exon|gene|transcript	72
chr17	18393479	18393551	ENSG00000204471.3	exon|gene|transcript	72
chr17	26991541	26991613	ENSG00000264734.1	exon|gene|transcript	72
chr17	68141283	68141355	ENSG00000267023.6|ENSG00000290646.1|ENSG00000291214.1	exon|gene|transcript	72
chr17	82106269	82106341	ENSG00000176155.21	exon|gene|transcript	72
chr17	43013194	43013266	ENSG00000068079.8	exon|gene|transcript	72
chr17	77558800	77558872	ENSG00000267506.7	exon|gene|transcript	72
chr17	18492624	18492696	ENSG00000171916.17	exon|gene|transcript	72
chr17	20451643	20451715	ENSG00000170298.16	exon|gene|transcript	72
chr17	42955273	42955345	ENSG00000108825.18|ENSG00000266967.7	exon|gene|transcript	72
chr17	80148472	80148544	ENSG00000279259.1	exon|gene|transcript	72
chr17	68126476	68126548	ENSG00000267023.6|ENSG00000291214.1	exon|gene|transcript	72
chr17	6899913	6899985	ENSG00000215067.12|ENSG00000262943.10|ENSG00000291084.1	exon|gene|transcript	72
chr17	37034667	37034739	ENSG00000275700.6|ENSG00000277579.1	exon|gene|transcript	72
chr17	45136427	45136499	ENSG00000181513.15	exon|gene|transcript	72
chr17	34071840	34071912	ENSG00000108684.15|ENSG00000265356.2|ENSG00000279668.4	exon|gene|transcript	72
chr17	58305171	58305243	ENSG00000005379.17	exon|gene|transcript	72
chr17	58337375	58337447	ENSG00000265148.7	exon|gene|transcript	72
chr17	58302447	58302519	ENSG00000005379.17	exon|gene|transcript	72
chr17	5425260	5425332	ENSG00000129197.15|ENSG00000263272.1	exon|gene|transcript	72
chr17	19673275	19673346	ENSG00000072210.19	exon|gene|transcript	71
chr17	59403232	59403303	ENSG00000266002.1	exon|gene|transcript	71
chr17	62031372	62031443	ENSG00000108510.10	exon|gene|transcript	71
chr17	34999235	34999306	ENSG00000005156.12	exon|gene|transcript	71
chr17	18607896	18607967	ENSG00000154874.18|ENSG00000291090.1	exon|gene|transcript	71
chr17	18622498	18622569	ENSG00000154874.18|ENSG00000291090.1	exon|gene|transcript	71
chr17	60526945	60527016	ENSG00000259349.4	exon|gene|transcript	71
chr17	57279946	57280017	ENSG00000153944.12|ENSG00000279555.1	exon|gene|transcript	71
chr17	76558515	76558586	ENSG00000163597.17	exon|gene|transcript	71
chr17	76147309	76147380	ENSG00000141576.16|ENSG00000267128.2	exon|gene|transcript	71
chr17	29576450	29576521	ENSG00000108262.16|ENSG00000264031.1	exon|gene|transcript	71
chr17	63719051	63719122	ENSG00000125695.12|ENSG00000266173.7	exon|gene|transcript	71
chr17	32094861	32094932	ENSG00000266379.7|ENSG00000290974.1|ENSG00000293288.1	exon|gene|transcript	71
chr17	66676371	66676442	ENSG00000154229.12|ENSG00000229330.2	exon|gene|transcript	71
chr17	47071478	47071549	ENSG00000262879.7	exon|gene|transcript	71
chr17	42755479	42755550	ENSG00000197291.9	exon|gene|transcript	71
chr17	20324182	20324253	ENSG00000154898.17|ENSG00000293363.2	exon|gene|transcript	71
chr17	67244281	67244352	ENSG00000198265.12|ENSG00000285877.1	exon|gene|transcript	71
chr17	82016869	82016940	ENSG00000169696.16	exon|gene|transcript	71
chr17	57992402	57992473	ENSG00000264112.1|ENSG00000266086.3	exon|gene|transcript	71
chr17	11727922	11727993	ENSG00000007174.18	exon|gene|transcript	71
chr17	13958206	13958277	ENSG00000236088.12|ENSG00000266744.1	exon|gene|transcript	71
chr17	76476458	76476529	ENSG00000129667.13	exon|gene|transcript	71
chr17	38451756	38451827	ENSG00000275832.5|ENSG00000276170.6	exon|gene|transcript	71
chr17	48892910	48892981	ENSG00000159199.14|ENSG00000293025.1	exon|gene|transcript	71
chr17	3676255	3676326	ENSG00000083454.23|ENSG00000257950.3	exon|gene|transcript	71
chr17	81906177	81906248	ENSG00000185813.11	exon|gene|transcript	71
chr17	81905447	81905518	ENSG00000185813.11	exon|gene|transcript	71
chr17	56994904	56994975	ENSG00000121064.13	exon|gene|transcript	71
chr17	11288354	11288425	ENSG00000188803.15|ENSG00000264727.1	exon|gene|transcript	71
chr17	80203706	80203777	ENSG00000141527.19|ENSG00000262580.5	exon|gene|transcript	71
chr17	60527016	60527087	ENSG00000259349.4	exon|gene|transcript	71
chr17	28247879	28247950	ENSG00000265060.3|ENSG00000266830.1|ENSG00000290672.1	exon|gene|transcript	71
chr17	60301527	60301598	ENSG00000170832.13	exon|gene|transcript	71
chr17	6899390	6899461	ENSG00000215067.12|ENSG00000262943.10|ENSG00000291084.1	exon|gene|transcript	71
chr17	62477767	62477838	ENSG00000146872.19	exon|gene|transcript	71
chr17	3879935	3880006	ENSG00000004660.15	exon|gene|transcript	71
chr17	20955965	20956036	ENSG00000233098.10	exon|gene|transcript	71
chr17	13017138	13017209	ENSG00000006744.19	exon|gene|transcript	71
chr17	39729761	39729832	ENSG00000141736.14|ENSG00000141741.12	exon|gene|transcript	71
chr17	80147440	80147511	ENSG00000279259.1	exon|gene|transcript	71
chr17	39684749	39684820	ENSG00000161395.14	exon|gene|transcript	71
chr17	20857246	20857317	ENSG00000266369.1|ENSG00000291074.1	exon|gene|transcript	71
chr17	55325756	55325827	ENSG00000262079.1	exon|gene|transcript	71
chr17	20522817	20522888	ENSG00000205215.9|ENSG00000291198.1	exon|gene|transcript	71
chr17	76670914	76670985	ENSG00000163597.17	exon|gene|transcript	71
chr17	2371415	2371486	ENSG00000141258.13	exon|gene|transcript	71
chr17	20893391	20893462	ENSG00000205212.8|ENSG00000233098.10|ENSG00000291074.1	exon|gene|transcript	71
chr17	15260020	15260091	ENSG00000109099.16	exon|gene|transcript	71
chr17	64527039	64527110	ENSG00000258890.8	exon|gene|transcript	71
chr17	50866855	50866926	ENSG00000141232.5|ENSG00000229980.5	exon|gene|transcript	71
chr17	75515988	75516059	ENSG00000182173.14	exon|gene|transcript	71
chr17	36074777	36074848	ENSG00000277089.4	exon|gene|transcript	71
chr17	50723965	50724036	ENSG00000108848.16|ENSG00000278963.1	exon|gene|transcript	71
chr17	74211162	74211233	ENSG00000246731.3	exon|gene|transcript	71
chr17	31033294	31033365	ENSG00000291063.1	exon|gene|transcript	71
chr17	73913152	73913223	ENSG00000288006.1	exon|gene|transcript	71
chr17	58331318	58331389	ENSG00000265148.7|ENSG00000265206.6	exon|gene|transcript	71
chr17	34182028	34182098	ENSG00000261156.6	exon|gene|transcript	70
chr17	43224616	43224686	ENSG00000236383.9	exon|gene|transcript	70
chr17	59619458	59619528	ENSG00000273702.1	exon|gene|transcript	70
chr17	81694853	81694923	ENSG00000185359.14	exon|gene|transcript	70
chr17	12009124	12009194	ENSG00000293152.1	exon|gene|transcript	70
chr17	64146082	64146152	ENSG00000199753.1|ENSG00000266402.5	exon|gene|transcript	70
chr17	59604286	59604356	ENSG00000108406.10	exon|gene|transcript	70
chr17	44912774	44912844	ENSG00000131095.14	exon|gene|transcript	70
chr17	39039467	39039537	ENSG00000214553.12|ENSG00000290925.1	exon|gene|transcript	70
chr17	73518453	73518523	ENSG00000069188.17|ENSG00000264985.4	exon|gene|transcript	70
chr17	68247737	68247807	ENSG00000196704.14|ENSG00000265100.2	exon|gene|transcript	70
chr17	35810066	35810136	ENSG00000270647.7	exon|gene|transcript	70
chr17	52987582	52987652	ENSG00000227011.4	exon|gene|transcript	70
chr17	75562496	75562566	ENSG00000073350.14	exon|gene|transcript	70
chr17	28747413	28747483	ENSG00000076604.16|ENSG00000265474.1	exon|gene|transcript	70
chr17	21511297	21511367	ENSG00000212719.15	exon|gene|transcript	70
chr17	32088890	32088960	ENSG00000266379.7|ENSG00000290974.1|ENSG00000293288.1	exon|gene|transcript	70
chr17	16463247	16463317	ENSG00000175061.20|ENSG00000181350.12	exon|gene|transcript	70
chr17	75558974	75559044	ENSG00000073350.14	exon|gene|transcript	70
chr17	77093897	77093967	ENSG00000129657.16|ENSG00000234912.12	exon|gene|transcript	70
chr17	74205559	74205629	ENSG00000172809.13	exon|gene|transcript	70
chr17	40819209	40819279	ENSG00000167920.12|ENSG00000186395.9	exon|gene|transcript	70
chr17	48851628	48851698	ENSG00000136436.15	exon|gene|transcript	70
chr17	28611796	28611866	ENSG00000167524.17|ENSG00000227543.5|ENSG00000258472.10	exon|gene|transcript	70
chr17	48815781	48815851	ENSG00000170703.16	exon|gene|transcript	70
chr17	74747335	74747405	ENSG00000266036.1	exon|gene|transcript	70
chr17	19274318	19274388	ENSG00000072134.16	exon|gene|transcript	70
chr17	16234070	16234140	ENSG00000108474.17	exon|gene|transcript	70
chr17	38703401	38703471	ENSG00000277969.2	exon|gene|transcript	70
chr17	32258753	32258823	ENSG00000287506.1	exon|gene|transcript	70
chr17	17383376	17383446	ENSG00000215030.5	exon|gene|transcript	70
chr17	63859554	63859624	ENSG00000240280.8|ENSG00000293480.1	exon|gene|transcript	70
chr17	28686916	28686986	ENSG00000109111.15	exon|gene|transcript	70
chr17	41835963	41836033	ENSG00000141698.17|ENSG00000161594.7	exon|gene|transcript	70
chr17	67638264	67638334	ENSG00000154217.16|ENSG00000279361.1	exon|gene|transcript	70
chr17	45404096	45404166	ENSG00000159314.13	exon|gene|transcript	70
chr17	32495653	32495723	ENSG00000176658.17|ENSG00000266718.2	exon|gene|transcript	70
chr17	34006549	34006619	ENSG00000108684.15|ENSG00000265356.2|ENSG00000279668.4|ENSG00000279674.1	exon|gene|transcript	70
chr17	81392570	81392640	ENSG00000289913.1	exon|gene|transcript	70
chr17	20938022	20938092	ENSG00000233098.10|ENSG00000265099.1	exon|gene|transcript	70
chr17	54938853	54938923	ENSG00000141198.16	exon|gene|transcript	70
chr17	68145525	68145595	ENSG00000267023.6|ENSG00000290646.1|ENSG00000291214.1	exon|gene|transcript	70
chr17	41004480	41004550	ENSG00000226776.1	exon|gene|transcript	70
chr17	40026331	40026401	ENSG00000008838.21|ENSG00000283721.1	exon|gene|transcript	70
chr17	18928723	18928793	ENSG00000141127.15	exon|gene|transcript	70
chr17	76474659	76474729	ENSG00000129667.13	exon|gene|transcript	70
chr17	1049979	1050049	ENSG00000159842.16	exon|gene|transcript	70
chr17	17477473	17477542	ENSG00000141026.6	exon|gene|transcript	69
chr17	27929584	27929653	ENSG00000260019.2	exon|gene|transcript	69
chr17	80139418	80139487	ENSG00000141543.12	exon|gene|transcript	69
chr17	42979444	42979513	ENSG00000108825.18|ENSG00000267060.7	exon|gene|transcript	69
chr17	20514564	20514633	ENSG00000231645.4	exon|gene|transcript	69
chr17	82032877	82032946	ENSG00000169750.9	exon|gene|transcript	69
chr17	30743300	30743369	ENSG00000264538.8|ENSG00000290928.1	exon|gene|transcript	69
chr17	77205206	77205275	ENSG00000129657.16	exon|gene|transcript	69
chr17	1682391	1682460	ENSG00000174231.18	exon|gene|transcript	69
chr17	81696094	81696163	ENSG00000185359.14	exon|gene|transcript	69
chr17	6892006	6892075	ENSG00000215067.12|ENSG00000291084.1	exon|gene|transcript	69
chr17	30769965	30770034	ENSG00000176390.12|ENSG00000264538.8|ENSG00000290928.1	exon|gene|transcript	69
chr17	50473824	50473893	ENSG00000167107.13	exon|gene|transcript	69
chr17	61379967	61380036	ENSG00000141376.24|ENSG00000267131.1	exon|gene|transcript	69
chr17	36104642	36104711	ENSG00000275302.2	exon|gene|transcript	69
chr17	27611308	27611377	ENSG00000141068.17	exon|gene|transcript	69
chr17	33100250	33100319	ENSG00000108684.15|ENSG00000280349.1	exon|gene|transcript	69
chr17	34161812	34161881	ENSG00000108684.15|ENSG00000263571.3	exon|gene|transcript	69
chr17	21511947	21512016	ENSG00000212719.15	exon|gene|transcript	69
chr17	12706066	12706135	ENSG00000141052.18|ENSG00000227274.1	exon|gene|transcript	69
chr17	81930684	81930753	ENSG00000265688.2	exon|gene|transcript	69
chr17	72354086	72354155	ENSG00000227036.10|ENSG00000264026.2	exon|gene|transcript	69
chr17	38195871	38195940	ENSG00000274487.5|ENSG00000291088.1	exon|gene|transcript	69
chr17	72465851	72465920	ENSG00000227036.10	exon|gene|transcript	69
chr17	40161932	40162001	ENSG00000108349.17|ENSG00000284144.1	exon|gene|transcript	69
chr17	42755144	42755213	ENSG00000197291.9	exon|gene|transcript	69
chr17	44207770	44207839	ENSG00000108312.16|ENSG00000267394.2|ENSG00000275107.1	exon|gene|transcript	69
chr17	16794465	16794534	ENSG00000266302.6|ENSG00000272815.1|ENSG00000290976.1	exon|gene|transcript	69
chr17	79921957	79922026	ENSG00000262188.4|ENSG00000262585.1	exon|gene|transcript	69
chr17	28722653	28722722	ENSG00000198242.14|ENSG00000264577.1	exon|gene|transcript	69
chr17	56995635	56995704	ENSG00000121064.13	exon|gene|transcript	69
chr17	75077993	75078062	ENSG00000232724.1	exon|gene|transcript	69
chr17	19586623	19586692	ENSG00000228983.10|ENSG00000262769.1|ENSG00000290454.1	exon|gene|transcript	69
chr17	45974315	45974384	ENSG00000186868.18	exon|gene|transcript	69
chr17	82468694	82468763	ENSG00000141562.19	exon|gene|transcript	69
chr17	41326183	41326252	ENSG00000233014.1	exon|gene|transcript	69
chr17	40114517	40114586	ENSG00000279199.1	exon|gene|transcript	69
chr17	46831378	46831447	ENSG00000108379.11	exon|gene|transcript	69
chr17	66278134	66278203	ENSG00000284242.1	exon|gene|transcript	69
chr17	3527955	3528024	ENSG00000167723.15	exon|gene|transcript	69
chr17	48705133	48705202	ENSG00000244649.5	exon|gene|transcript	69
chr17	76528924	76528993	ENSG00000161544.10|ENSG00000214140.11	exon|gene|transcript	69
chr17	15711368	15711437	ENSG00000187607.16|ENSG00000255104.9	exon|gene|transcript	69
chr17	81696531	81696600	ENSG00000185359.14	exon|gene|transcript	69
chr17	12642731	12642800	ENSG00000179136.8	exon|gene|transcript	69
chr17	50055628	50055697	ENSG00000246640.2	exon|gene|transcript	69
chr17	42955367	42955436	ENSG00000108825.18|ENSG00000266967.7	exon|gene|transcript	69
chr17	21632652	21632720	ENSG00000291022.1	exon|gene|transcript	68
chr17	82649894	82649962	ENSG00000279613.1	exon|gene|transcript	68
chr17	3577954	3578022	ENSG00000196689.13|ENSG00000263338.1	exon|gene|transcript	68
chr17	40084541	40084609	ENSG00000126351.13	exon|gene|transcript	68
chr17	13957996	13958064	ENSG00000236088.12|ENSG00000266744.1	exon|gene|transcript	68
chr17	65842879	65842947	ENSG00000154240.18	exon|gene|transcript	68
chr17	47323191	47323259	ENSG00000259753.1|ENSG00000263293.3	exon|gene|transcript	68
chr17	2415781	2415849	ENSG00000127804.13	exon|gene|transcript	68
chr17	68715996	68716064	ENSG00000267659.5|ENSG00000283376.1	exon|gene|transcript	68
chr17	68677590	68677658	ENSG00000267659.5	exon|gene|transcript	68
chr17	72592368	72592436	ENSG00000227036.10	exon|gene|transcript	68
chr17	7346739	7346807	ENSG00000072818.12	exon|gene|transcript	68
chr17	78493150	78493218	ENSG00000187775.17|ENSG00000267432.6	exon|gene|transcript	68
chr17	58508321	58508389	ENSG00000108389.10	exon|gene|transcript	68
chr17	74446468	74446536	ENSG00000170412.18	exon|gene|transcript	68
chr17	20724650	20724718	ENSG00000226521.8|ENSG00000290430.1	exon|gene|transcript	68
chr17	35885622	35885690	ENSG00000270240.2	exon|gene|transcript	68
chr17	50101852	50101920	ENSG00000005882.12|ENSG00000250282.1	exon|gene|transcript	68
chr17	76330482	76330550	ENSG00000161542.17	exon|gene|transcript	68
chr17	60461023	60461091	ENSG00000062725.10	exon|gene|transcript	68
chr17	18928267	18928335	ENSG00000141127.15	exon|gene|transcript	68
chr17	63830064	63830132	ENSG00000087191.14	exon|gene|transcript	68
chr17	48603858	48603926	ENSG00000108511.10|ENSG00000120093.12|ENSG00000233101.10	exon|gene|transcript	68
chr17	48203663	48203731	ENSG00000141293.16|ENSG00000263787.1	exon|gene|transcript	68
chr17	9924666	9924734	ENSG00000007237.19	exon|gene|transcript	68
chr17	48579629	48579697	ENSG00000120093.12|ENSG00000233101.10|ENSG00000257178.5	exon|gene|transcript	68
chr17	48580381	48580449	ENSG00000120093.12|ENSG00000233101.10|ENSG00000257178.5	exon|gene|transcript	68
chr17	63435243	63435311	ENSG00000008283.16	exon|gene|transcript	68
chr17	19595857	19595925	ENSG00000228983.10|ENSG00000262769.1|ENSG00000290454.1	exon|gene|transcript	68
chr17	71097785	71097853	ENSG00000260785.2	exon|gene|transcript	68
chr17	36952419	36952487	ENSG00000275700.6	exon|gene|transcript	68
chr17	12988602	12988670	ENSG00000006740.18	exon|gene|transcript	68
chr17	64779266	64779334	ENSG00000215769.8|ENSG00000291117.1	exon|gene|transcript	68
chr17	34576506	34576574	ENSG00000197322.4	exon|gene|transcript	68
chr17	64155630	64155698	ENSG00000136478.9	exon|gene|transcript	68
chr17	12201599	12201667	ENSG00000265400.1	exon|gene|transcript	68
chr17	16441230	16441298	ENSG00000175061.20|ENSG00000277512.1	exon|gene|transcript	68
chr17	7866015	7866083	ENSG00000183011.14|ENSG00000280046.1	exon|gene|transcript	68
chr17	13303883	13303951	ENSG00000234634.2	exon|gene|transcript	68
chr17	49706007	49706075	ENSG00000121073.15	exon|gene|transcript	68
chr17	75819051	75819119	ENSG00000132478.10|ENSG00000266980.1	exon|gene|transcript	68
chr17	71858620	71858688	ENSG00000283517.1	exon|gene|transcript	68
chr17	42708083	42708151	ENSG00000108799.13|ENSG00000275273.1	exon|gene|transcript	68
chr17	30732055	30732123	ENSG00000264538.8|ENSG00000290928.1	exon|gene|transcript	68
chr17	38451688	38451756	ENSG00000275832.5|ENSG00000276170.6	exon|gene|transcript	68
chr17	20938092	20938160	ENSG00000233098.10|ENSG00000265099.1	exon|gene|transcript	68
chr17	42955089	42955157	ENSG00000108825.18|ENSG00000266967.7	exon|gene|transcript	68
chr17	7229475	7229543	ENSG00000004975.12	exon|gene|transcript	68
chr17	32480077	32480145	ENSG00000108671.11	exon|gene|transcript	68
chr17	12672123	12672191	ENSG00000141052.18|ENSG00000227274.1	exon|gene|transcript	68
chr17	2373729	2373796	ENSG00000141258.13	exon|gene|transcript	67
chr17	29572057	29572124	ENSG00000167543.16|ENSG00000264031.1	exon|gene|transcript	67
chr17	43386575	43386642	ENSG00000188825.16	exon|gene|transcript	67
chr17	47676341	47676408	ENSG00000108424.11	exon|gene|transcript	67
chr17	28747754	28747821	ENSG00000076604.16	exon|gene|transcript	67
chr17	68932220	68932287	ENSG00000141338.15	exon|gene|transcript	67
chr17	43224549	43224616	ENSG00000236383.9	exon|gene|transcript	67
chr17	15064573	15064640	ENSG00000287307.1	exon|gene|transcript	67
chr17	77093967	77094034	ENSG00000129657.16|ENSG00000234912.12	exon|gene|transcript	67
chr17	6418197	6418264	ENSG00000129221.16|ENSG00000262818.1	exon|gene|transcript	67
chr17	28633751	28633818	ENSG00000007202.16|ENSG00000264044.1	exon|gene|transcript	67
chr17	62750645	62750712	ENSG00000173838.12|ENSG00000265702.2	exon|gene|transcript	67
chr17	58696083	58696150	ENSG00000108384.16	exon|gene|transcript	67
chr17	40598518	40598585	ENSG00000279775.1	exon|gene|transcript	67
chr17	58082715	58082782	ENSG00000266290.1	exon|gene|transcript	67
chr17	35573656	35573723	ENSG00000207297.1|ENSG00000267321.4	exon|gene|transcript	67
chr17	45245185	45245252	ENSG00000184922.15|ENSG00000293499.1	exon|gene|transcript	67
chr17	40193596	40193663	ENSG00000108352.13|ENSG00000274621.1	exon|gene|transcript	67
chr17	18440953	18441020	ENSG00000214856.12|ENSG00000290657.1	exon|gene|transcript	67
chr17	11998352	11998419	ENSG00000289910.1|ENSG00000293152.1	exon|gene|transcript	67
chr17	73662879	73662946	ENSG00000265935.1	exon|gene|transcript	67
chr17	31340196	31340263	ENSG00000196712.20	exon|gene|transcript	67
chr17	62138538	62138605	ENSG00000266066.1	exon|gene|transcript	67
chr17	20895953	20896020	ENSG00000205212.8|ENSG00000233098.10|ENSG00000291074.1	exon|gene|transcript	67
chr17	7346176	7346243	ENSG00000072818.12	exon|gene|transcript	67
chr17	34578870	34578937	ENSG00000197322.4	exon|gene|transcript	67
chr17	72083961	72084028	ENSG00000226101.2|ENSG00000234899.11|ENSG00000288605.1	exon|gene|transcript	67
chr17	72040515	72040582	ENSG00000228639.8|ENSG00000256124.6|ENSG00000288605.1	exon|gene|transcript	67
chr17	75785653	75785720	ENSG00000132475.10|ENSG00000132478.10	exon|gene|transcript	67
chr17	32411549	32411616	ENSG00000266385.1	exon|gene|transcript	67
chr17	44385214	44385281	ENSG00000005961.19	exon|gene|transcript	67
chr17	27419540	27419607	ENSG00000266433.7|ENSG00000290422.1	exon|gene|transcript	67
chr17	42954967	42955034	ENSG00000108825.18|ENSG00000266967.7	exon|gene|transcript	67
chr17	9377888	9377955	ENSG00000170310.15	exon|gene|transcript	67
chr17	60001229	60001296	ENSG00000266992.1|ENSG00000267104.2	exon|gene|transcript	67
chr17	28227998	28228065	ENSG00000290671.1	exon|gene|transcript	67
chr17	71202103	71202170	ENSG00000260785.2	exon|gene|transcript	67
chr17	39726494	39726561	ENSG00000141736.14|ENSG00000265178.1	exon|gene|transcript	67
chr17	45114366	45114433	ENSG00000161714.12|ENSG00000277249.1	exon|gene|transcript	67
chr17	75978466	75978533	ENSG00000161533.12	exon|gene|transcript	67
chr17	4744778	4744845	ENSG00000141497.14	exon|gene|transcript	67
chr17	77881043	77881110	ENSG00000204283.4	exon|gene|transcript	67
chr17	76399307	76399374	ENSG00000175931.13	exon|gene|transcript	67
chr17	80205882	80205949	ENSG00000141527.19|ENSG00000262580.5	exon|gene|transcript	67
chr17	32207029	32207096	ENSG00000126858.19	exon|gene|transcript	67
chr17	4008815	4008882	ENSG00000074755.15	exon|gene|transcript	67
chr17	74772672	74772739	ENSG00000109065.12	exon|gene|transcript	67
chr17	57278610	57278677	ENSG00000153944.12|ENSG00000279555.1	exon|gene|transcript	67
chr17	30203339	30203406	ENSG00000108576.10	exon|gene|transcript	67
chr17	45977510	45977577	ENSG00000186868.18	exon|gene|transcript	67
chr17	29567863	29567930	ENSG00000167543.16|ENSG00000264031.1|ENSG00000290082.1	exon|gene|transcript	67
chr17	62689370	62689437	ENSG00000011028.14	exon|gene|transcript	67
chr17	62791518	62791585	ENSG00000173838.12|ENSG00000287457.1	exon|gene|transcript	67
chr17	78621666	78621733	ENSG00000267123.7	exon|gene|transcript	67
chr17	46649500	46649567	ENSG00000073969.19	exon|gene|transcript	67
chr17	74671658	74671725	ENSG00000172794.20|ENSG00000264659.2	exon|gene|transcript	67
chr17	31032425	31032492	ENSG00000291063.1	exon|gene|transcript	67
chr17	18542087	18542154	ENSG00000273018.7|ENSG00000291090.1	exon|gene|transcript	67
chr17	16845815	16845881	ENSG00000291277.1	exon|gene|transcript	66
chr17	44321231	44321297	ENSG00000013306.16	exon|gene|transcript	66
chr17	42014098	42014164	ENSG00000168256.18|ENSG00000168259.17	exon|gene|transcript	66
chr17	40113505	40113571	ENSG00000279199.1	exon|gene|transcript	66
chr17	1426238	1426304	ENSG00000167193.8|ENSG00000262777.1	exon|gene|transcript	66
chr17	19438771	19438837	ENSG00000235979.9	exon|gene|transcript	66
chr17	77883189	77883255	ENSG00000204283.4	exon|gene|transcript	66
chr17	101108	101174	ENSG00000280136.2	exon|gene|transcript	66
chr17	20995486	20995552	ENSG00000233098.10	exon|gene|transcript	66
chr17	41406560	41406626	ENSG00000225438.1|ENSG00000234859.5	exon|gene|transcript	66
chr17	38111400	38111466	ENSG00000274615.1	exon|gene|transcript	66
chr17	38209050	38209116	ENSG00000274487.5|ENSG00000291088.1	exon|gene|transcript	66
chr17	20963721	20963787	ENSG00000233098.10|ENSG00000264660.2	exon|gene|transcript	66
chr17	76558944	76559010	ENSG00000163597.17	exon|gene|transcript	66
chr17	78368727	78368793	ENSG00000266970.3	exon|gene|transcript	66
chr17	7579006	7579072	ENSG00000264772.6	exon|gene|transcript	66
chr17	3656855	3656921	ENSG00000040531.16|ENSG00000262903.1	exon|gene|transcript	66
chr17	10533421	10533487	ENSG00000125414.19|ENSG00000272736.5|ENSG00000272975.1	exon|gene|transcript	66
chr17	18735950	18736016	ENSG00000291110.1	exon|gene|transcript	66
chr17	67965714	67965780	ENSG00000171634.19	exon|gene|transcript	66
chr17	10844742	10844808	ENSG00000263508.6|ENSG00000285220.1|ENSG00000289964.1	exon|gene|transcript	66
chr17	3953280	3953346	ENSG00000074370.18	exon|gene|transcript	66
chr17	81313919	81313985	ENSG00000185332.8	exon|gene|transcript	66
chr17	27425958	27426024	ENSG00000266433.7|ENSG00000290422.1	exon|gene|transcript	66
chr17	78421059	78421125	ENSG00000087157.19	exon|gene|transcript	66
chr17	74852737	74852803	ENSG00000161509.14	exon|gene|transcript	66
chr17	29617042	29617108	ENSG00000167549.19|ENSG00000264031.1	exon|gene|transcript	66
chr17	36586563	36586629	ENSG00000278311.5	exon|gene|transcript	66
chr17	20896020	20896086	ENSG00000233098.10|ENSG00000291074.1	exon|gene|transcript	66
chr17	30444078	30444144	ENSG00000108582.12	exon|gene|transcript	66
chr17	49821426	49821492	ENSG00000136504.15	exon|gene|transcript	66
chr17	18399813	18399879	ENSG00000204471.3	exon|gene|transcript	66
chr17	60011119	60011185	ENSG00000238283.3|ENSG00000267104.2	exon|gene|transcript	66
chr17	30734062	30734128	ENSG00000264538.8|ENSG00000290928.1	exon|gene|transcript	66
chr17	68151529	68151595	ENSG00000267023.6|ENSG00000291214.1	exon|gene|transcript	66
chr17	52987255	52987321	ENSG00000227011.4	exon|gene|transcript	66
chr17	20544562	20544628	ENSG00000235203.2	exon|gene|transcript	66
chr17	62267694	62267760	ENSG00000188755.11|ENSG00000290800.1	exon|gene|transcript	66
chr17	36452709	36452775	ENSG00000274658.1	exon|gene|transcript	66
chr17	38730485	38730551	ENSG00000277972.2	exon|gene|transcript	66
chr17	47894412	47894478	ENSG00000264920.4	exon|gene|transcript	66
chr17	47894051	47894117	ENSG00000264920.4	exon|gene|transcript	66
chr17	61862878	61862944	ENSG00000136492.10	exon|gene|transcript	66
chr17	20747505	20747571	ENSG00000187870.7	exon|gene|transcript	66
chr17	36307296	36307362	ENSG00000261499.2	exon|gene|transcript	66
chr17	59996664	59996730	ENSG00000266992.1|ENSG00000267104.2|ENSG00000267302.5	exon|gene|transcript	66
chr17	18426860	18426926	ENSG00000290656.1	exon|gene|transcript	66
chr17	30560116	30560182	ENSG00000266733.8|ENSG00000290404.1	exon|gene|transcript	66
chr17	30559565	30559631	ENSG00000266733.8|ENSG00000290404.1	exon|gene|transcript	66
chr17	50480084	50480150	ENSG00000136444.10	exon|gene|transcript	66
chr17	59838654	59838720	ENSG00000062716.13	exon|gene|transcript	66
chr17	78066257	78066323	ENSG00000078687.18|ENSG00000267463.1	exon|gene|transcript	66
chr17	45534620	45534686	ENSG00000131484.4|ENSG00000214425.11|ENSG00000291175.1	exon|gene|transcript	66
chr17	42409891	42409957	ENSG00000177469.13|ENSG00000289579.1	exon|gene|transcript	66
chr17	59619201	59619267	ENSG00000273702.1	exon|gene|transcript	66
chr17	47492393	47492459	ENSG00000228782.10|ENSG00000291120.1	exon|gene|transcript	66
chr17	6642511	6642577	ENSG00000129235.11	exon|gene|transcript	66
chr17	16926423	16926489	ENSG00000128438.11|ENSG00000290698.1	exon|gene|transcript	66
chr17	45147387	45147453	ENSG00000276728.2	exon|gene|transcript	66
chr17	7318356	7318422	ENSG00000215041.10|ENSG00000261915.6	exon|gene|transcript	66
chr17	65053061	65053127	ENSG00000120063.10|ENSG00000266598.1	exon|gene|transcript	66
chr17	331651	331717	ENSG00000181031.16|ENSG00000262061.7	exon|gene|transcript	66
chr17	62572846	62572912	ENSG00000146872.19	exon|gene|transcript	66
chr17	6758263	6758329	ENSG00000132530.17	exon|gene|transcript	66
chr17	62586474	62586539	ENSG00000146872.19	exon|gene|transcript	65
chr17	349011	349076	ENSG00000181031.16	exon|gene|transcript	65
chr17	17033989	17034054	ENSG00000287114.1|ENSG00000287910.1	exon|gene|transcript	65
chr17	18977318	18977383	ENSG00000154025.16|ENSG00000188522.16	exon|gene|transcript	65
chr17	18430559	18430624	ENSG00000186831.12|ENSG00000290656.1	exon|gene|transcript	65
chr17	64069889	64069954	ENSG00000178607.17|ENSG00000286629.1	exon|gene|transcript	65
chr17	31523817	31523882	ENSG00000131242.18	exon|gene|transcript	65
chr17	28247634	28247699	ENSG00000265060.3|ENSG00000266830.1|ENSG00000290672.1	exon|gene|transcript	65
chr17	82274281	82274346	ENSG00000287737.3	exon|gene|transcript	65
chr17	7626641	7626706	ENSG00000129214.15|ENSG00000141504.12	exon|gene|transcript	65
chr17	8125878	8125943	ENSG00000288993.1	exon|gene|transcript	65
chr17	59674635	59674700	ENSG00000141367.13|ENSG00000141378.15	exon|gene|transcript	65
chr17	16464040	16464105	ENSG00000175061.20|ENSG00000181350.12	exon|gene|transcript	65
chr17	78486506	78486571	ENSG00000187775.17|ENSG00000267432.6	exon|gene|transcript	65
chr17	44320992	44321057	ENSG00000013306.16	exon|gene|transcript	65
chr17	80047454	80047519	ENSG00000141519.15|ENSG00000289689.1	exon|gene|transcript	65
chr17	82053054	82053119	ENSG00000169727.14	exon|gene|transcript	65
chr17	68527774	68527839	ENSG00000108946.17	exon|gene|transcript	65
chr17	36170070	36170135	ENSG00000274808.6|ENSG00000276241.1	exon|gene|transcript	65
chr17	61776898	61776963	ENSG00000136492.10	exon|gene|transcript	65
chr17	10797806	10797871	ENSG00000263400.8|ENSG00000263429.4|ENSG00000284876.1|ENSG00000285220.1	exon|gene|transcript	65
chr17	16198378	16198443	ENSG00000141027.23	exon|gene|transcript	65
chr17	45170780	45170845	ENSG00000267288.2	exon|gene|transcript	65
chr17	63828759	63828824	ENSG00000087191.14|ENSG00000108592.17	exon|gene|transcript	65
chr17	18953561	18953626	ENSG00000154025.16|ENSG00000196893.3	exon|gene|transcript	65
chr17	18124881	18124946	ENSG00000091536.20	exon|gene|transcript	65
chr17	82484321	82484386	ENSG00000141562.19	exon|gene|transcript	65
chr17	28926663	28926728	ENSG00000109118.14|ENSG00000265845.2	exon|gene|transcript	65
chr17	72353906	72353971	ENSG00000227036.10|ENSG00000264026.2	exon|gene|transcript	65
chr17	61778502	61778567	ENSG00000136492.10	exon|gene|transcript	65
chr17	74785603	74785668	ENSG00000109066.14	exon|gene|transcript	65
chr17	40598231	40598296	ENSG00000279775.1	exon|gene|transcript	65
chr17	75813	75878	ENSG00000280279.1	exon|gene|transcript	65
chr17	75784520	75784585	ENSG00000132475.10|ENSG00000283853.1	exon|gene|transcript	65
chr17	56951714	56951779	ENSG00000121058.5|ENSG00000262623.1	exon|gene|transcript	65
chr17	57092144	57092209	ENSG00000121057.13|ENSG00000263089.1	exon|gene|transcript	65
chr17	21091184	21091249	ENSG00000236819.2	exon|gene|transcript	65
chr17	42564380	42564445	ENSG00000068120.15	exon|gene|transcript	65
chr17	15847931	15847996	ENSG00000227790.8|ENSG00000237057.3|ENSG00000290377.1	exon|gene|transcript	65
chr17	30869646	30869711	ENSG00000176208.9	exon|gene|transcript	65
chr17	42751626	42751691	ENSG00000273650.1	exon|gene|transcript	65
chr17	37489142	37489207	ENSG00000289110.1	exon|gene|transcript	65
chr17	59354337	59354402	ENSG00000175155.11	exon|gene|transcript	65
chr17	929890	929955	ENSG00000167693.17	exon|gene|transcript	65
chr17	929955	930020	ENSG00000167693.17	exon|gene|transcript	65
chr17	75939817	75939882	ENSG00000188878.20	exon|gene|transcript	65
chr17	44681937	44682002	ENSG00000180329.14|ENSG00000180336.18	exon|gene|transcript	65
chr17	45410166	45410231	ENSG00000159314.13	exon|gene|transcript	65
chr17	88640	88705	ENSG00000280136.2	exon|gene|transcript	65
chr17	57867240	57867305	ENSG00000180891.13	exon|gene|transcript	65
chr17	7576990	7577055	ENSG00000161960.16|ENSG00000264772.6|ENSG00000277957.1	exon|gene|transcript	65
chr17	78202751	78202816	ENSG00000183077.16	exon|gene|transcript	65
chr17	62004832	62004897	ENSG00000108510.10|ENSG00000279133.1	exon|gene|transcript	65
chr17	78608864	78608929	ENSG00000267123.7	exon|gene|transcript	65
chr17	42904040	42904105	ENSG00000131482.10	exon|gene|transcript	65
chr17	30735032	30735097	ENSG00000264538.8|ENSG00000290928.1	exon|gene|transcript	65
chr17	68127329	68127394	ENSG00000267023.6|ENSG00000278730.1|ENSG00000291214.1	exon|gene|transcript	65
chr17	28885947	28886011	ENSG00000132589.16	exon|gene|transcript	64
chr17	44308276	44308340	ENSG00000267750.6	exon|gene|transcript	64
chr17	30634098	30634162	ENSG00000214719.13|ENSG00000250462.9|ENSG00000290450.1	exon|gene|transcript	64
chr17	15267904	15267968	ENSG00000109099.16|ENSG00000286792.1	exon|gene|transcript	64
chr17	50052208	50052272	ENSG00000246640.2	exon|gene|transcript	64
chr17	76944198	76944262	ENSG00000167889.13	exon|gene|transcript	64
chr17	50086707	50086771	ENSG00000005884.18	exon|gene|transcript	64
chr17	43680265	43680329	ENSG00000267440.2	exon|gene|transcript	64
chr17	39717255	39717319	ENSG00000141736.14	exon|gene|transcript	64
chr17	60091800	60091864	ENSG00000293515.1	exon|gene|transcript	64
chr17	15277605	15277669	ENSG00000237377.2|ENSG00000286792.1	exon|gene|transcript	64
chr17	27083972	27084036	ENSG00000265646.2	exon|gene|transcript	64
chr17	7015156	7015220	ENSG00000161939.19|ENSG00000258315.5|ENSG00000267047.1	exon|gene|transcript	64
chr17	74212850	74212914	ENSG00000246731.3	exon|gene|transcript	64
chr17	2072822	2072886	ENSG00000070366.14|ENSG00000280333.1	exon|gene|transcript	64
chr17	42823879	42823943	ENSG00000126581.13|ENSG00000278447.1	exon|gene|transcript	64
chr17	81690609	81690673	ENSG00000185359.14	exon|gene|transcript	64
chr17	36089793	36089857	ENSG00000277089.4|ENSG00000277632.2	exon|gene|transcript	64
chr17	13002598	13002662	ENSG00000006744.19	exon|gene|transcript	64
chr17	81924418	81924482	ENSG00000197063.11|ENSG00000264769.1	exon|gene|transcript	64
chr17	81955332	81955396	ENSG00000185269.12|ENSG00000235296.2	exon|gene|transcript	64
chr17	77528955	77529019	ENSG00000267665.3	exon|gene|transcript	64
chr17	78677144	78677208	ENSG00000108669.18	exon|gene|transcript	64
chr17	78972704	78972768	ENSG00000108679.13	exon|gene|transcript	64
chr17	33533449	33533513	ENSG00000108684.15|ENSG00000265544.1	exon|gene|transcript	64
chr17	331802	331866	ENSG00000181031.16|ENSG00000262061.7	exon|gene|transcript	64
chr17	18431158	18431222	ENSG00000186831.12|ENSG00000290656.1	exon|gene|transcript	64
chr17	81614317	81614381	ENSG00000182446.15	exon|gene|transcript	64
chr17	16850107	16850171	ENSG00000205312.9|ENSG00000290980.1	exon|gene|transcript	64
chr17	58080993	58081057	ENSG00000266290.1	exon|gene|transcript	64
chr17	14770182	14770246	ENSG00000205325.4	exon|gene|transcript	64
chr17	9547297	9547361	ENSG00000170310.15|ENSG00000263051.1	exon|gene|transcript	64
chr17	40928360	40928424	ENSG00000108244.17|ENSG00000234477.1	exon|gene|transcript	64
chr17	72067683	72067747	ENSG00000234899.11|ENSG00000288605.1	exon|gene|transcript	64
chr17	37557139	37557203	ENSG00000275066.5	exon|gene|transcript	64
chr17	39245667	39245731	ENSG00000293195.1	exon|gene|transcript	64
chr17	68043363	68043427	ENSG00000182481.10	exon|gene|transcript	64
chr17	56997967	56998031	ENSG00000121064.13	exon|gene|transcript	64
chr17	1713055	1713119	ENSG00000186594.16	exon|gene|transcript	64
chr17	83220929	83220993	ENSG00000262094.1|ENSG00000262898.5	exon|gene|transcript	64
chr17	16317624	16317688	ENSG00000108474.17	exon|gene|transcript	64
chr17	10651668	10651732	ENSG00000109063.15	exon|gene|transcript	64
chr17	58720812	58720876	ENSG00000108384.16	exon|gene|transcript	64
chr17	44445805	44445869	ENSG00000186566.13	exon|gene|transcript	64
chr17	71871686	71871750	ENSG00000283517.1	exon|gene|transcript	64
chr17	64779414	64779478	ENSG00000215769.8|ENSG00000291117.1	exon|gene|transcript	64
chr17	44934617	44934681	ENSG00000186185.14|ENSG00000278223.1	exon|gene|transcript	64
chr17	39009638	39009702	ENSG00000266588.1	exon|gene|transcript	64
chr17	49366036	49366100	ENSG00000248714.7	exon|gene|transcript	64
chr17	72040582	72040646	ENSG00000228639.8|ENSG00000256124.6|ENSG00000288605.1	exon|gene|transcript	64
chr17	18517318	18517381	ENSG00000233327.12|ENSG00000273018.7|ENSG00000290659.1	exon|gene|transcript	63
chr17	38451625	38451688	ENSG00000275832.5|ENSG00000276170.6	exon|gene|transcript	63
chr17	45269311	45269374	ENSG00000006062.18|ENSG00000267278.6	exon|gene|transcript	63
chr17	48581417	48581480	ENSG00000120093.12|ENSG00000233101.10|ENSG00000257178.5	exon|gene|transcript	63
chr17	48012139	48012202	ENSG00000289599.2	exon|gene|transcript	63
chr17	47897377	47897440	ENSG00000167182.16|ENSG00000234494.8	exon|gene|transcript	63
chr17	80473444	80473507	ENSG00000171246.7	exon|gene|transcript	63
chr17	7836690	7836753	ENSG00000132510.11|ENSG00000288748.1	exon|gene|transcript	63
chr17	57278223	57278286	ENSG00000153944.12|ENSG00000279555.1	exon|gene|transcript	63
chr17	18104559	18104622	ENSG00000108591.10	exon|gene|transcript	63
chr17	18422750	18422813	ENSG00000205266.11|ENSG00000290655.1	exon|gene|transcript	63
chr17	68582514	68582577	ENSG00000108950.12|ENSG00000267461.1	exon|gene|transcript	63
chr17	8573750	8573813	ENSG00000133026.14	exon|gene|transcript	63
chr17	20556156	20556219	ENSG00000293327.1	exon|gene|transcript	63
chr17	81717693	81717756	ENSG00000183048.12|ENSG00000262660.1	exon|gene|transcript	63
chr17	33112096	33112159	ENSG00000108684.15|ENSG00000266535.1	exon|gene|transcript	63
chr17	41635413	41635476	ENSG00000290861.1	exon|gene|transcript	63
chr17	75848506	75848569	ENSG00000132471.12	exon|gene|transcript	63
chr17	36933445	36933508	ENSG00000277268.2	exon|gene|transcript	63
chr17	22287070	22287133	ENSG00000264956.2	exon|gene|transcript	63
chr17	19471211	19471274	ENSG00000235979.9	exon|gene|transcript	63
chr17	63829949	63830012	ENSG00000087191.14|ENSG00000108592.17	exon|gene|transcript	63
chr17	18093973	18094036	ENSG00000108591.10	exon|gene|transcript	63
chr17	46152903	46152966	ENSG00000120071.15	exon|gene|transcript	63
chr17	21091487	21091550	ENSG00000236819.2	exon|gene|transcript	63
chr17	67965358	67965421	ENSG00000171634.19	exon|gene|transcript	63
chr17	29114097	29114160	ENSG00000196535.20	exon|gene|transcript	63
chr17	1648735	1648798	ENSG00000167705.12	exon|gene|transcript	63
chr17	36499247	36499310	ENSG00000273611.5|ENSG00000278259.5	exon|gene|transcript	63
chr17	40636526	40636589	ENSG00000073584.20|ENSG00000264058.2	exon|gene|transcript	63
chr17	17777803	17777866	ENSG00000108557.20|ENSG00000226746.2|ENSG00000264167.1	exon|gene|transcript	63
chr17	20726614	20726677	ENSG00000226521.8	exon|gene|transcript	63
chr17	19810909	19810972	ENSG00000083290.20	exon|gene|transcript	63
chr17	44863532	44863595	ENSG00000108883.13	exon|gene|transcript	63
chr17	4939524	4939587	ENSG00000108528.14	exon|gene|transcript	63
chr17	13790758	13790821	ENSG00000236088.12	exon|gene|transcript	63
chr17	30478494	30478557	ENSG00000108587.16	exon|gene|transcript	63
chr17	20924362	20924425	ENSG00000233098.10	exon|gene|transcript	63
chr17	44865126	44865189	ENSG00000108883.13	exon|gene|transcript	63
chr17	43131207	43131270	ENSG00000012048.25|ENSG00000198496.12|ENSG00000285057.1	exon|gene|transcript	63
chr17	55273509	55273572	ENSG00000108924.14|ENSG00000263096.1	exon|gene|transcript	63
chr17	41515160	41515223	ENSG00000171346.16	exon|gene|transcript	63
chr17	78361099	78361162	ENSG00000266970.3	exon|gene|transcript	63
chr17	28858037	28858100	ENSG00000132591.12	exon|gene|transcript	63
chr17	6659861	6659924	ENSG00000256806.6|ENSG00000274114.3|ENSG00000290366.1	exon|gene|transcript	63
chr17	7579228	7579291	ENSG00000264772.6	exon|gene|transcript	63
chr17	6658491	6658554	ENSG00000256806.6|ENSG00000274114.3|ENSG00000290366.1	exon|gene|transcript	63
chr17	18517410	18517473	ENSG00000233327.12|ENSG00000273018.7|ENSG00000290659.1	exon|gene|transcript	63
chr17	64780614	64780677	ENSG00000215769.8|ENSG00000291117.1	exon|gene|transcript	63
chr17	8081031	8081094	ENSG00000179477.11|ENSG00000214999.3	exon|gene|transcript	63
chr17	35420630	35420693	ENSG00000172123.13	exon|gene|transcript	63
chr17	19714905	19714968	ENSG00000180638.19	exon|gene|transcript	63
chr17	30862740	30862803	ENSG00000176208.9|ENSG00000265334.1	exon|gene|transcript	63
chr17	76552026	76552089	ENSG00000214140.11|ENSG00000267546.2	exon|gene|transcript	63
chr17	46034368	46034431	ENSG00000120071.15	exon|gene|transcript	63
chr17	77530939	77531002	ENSG00000267665.3	exon|gene|transcript	63
chr17	42754744	42754807	ENSG00000197291.9	exon|gene|transcript	63
chr17	48545294	48545357	ENSG00000230148.8	exon|gene|transcript	63
chr17	57264512	57264575	ENSG00000153944.12	exon|gene|transcript	63
chr17	66416791	66416854	ENSG00000154229.12|ENSG00000264630.5	exon|gene|transcript	63
chr17	78458680	78458743	ENSG00000187775.17	exon|gene|transcript	63
chr17	20958326	20958389	ENSG00000233098.10|ENSG00000244456.2	exon|gene|transcript	63
chr17	39027047	39027110	ENSG00000266013.1	exon|gene|transcript	63
chr17	68919919	68919981	ENSG00000141338.15	exon|gene|transcript	62
chr17	76671990	76672052	ENSG00000261335.1	exon|gene|transcript	62
chr17	65941453	65941515	ENSG00000154240.18	exon|gene|transcript	62
chr17	15251634	15251696	ENSG00000109099.16|ENSG00000265110.1	exon|gene|transcript	62
chr17	15064166	15064228	ENSG00000287307.1	exon|gene|transcript	62
chr17	16023322	16023384	ENSG00000011295.16|ENSG00000275413.1	exon|gene|transcript	62
chr17	47033319	47033381	ENSG00000262633.2|ENSG00000262879.7|ENSG00000263142.6|ENSG00000291209.1	exon|gene|transcript	62
chr17	42329347	42329409	ENSG00000168610.17	exon|gene|transcript	62
chr17	28611481	28611543	ENSG00000167524.17|ENSG00000227543.5|ENSG00000258472.10	exon|gene|transcript	62
chr17	45636282	45636344	ENSG00000204650.15|ENSG00000263715.7|ENSG00000293460.1	exon|gene|transcript	62
chr17	41629175	41629237	ENSG00000214514.9|ENSG00000290861.1	exon|gene|transcript	62
chr17	49495483	49495545	ENSG00000064300.9|ENSG00000279036.1	exon|gene|transcript	62
chr17	81344726	81344788	ENSG00000287431.1	exon|gene|transcript	62
chr17	43138298	43138360	ENSG00000012048.25|ENSG00000198496.12	exon|gene|transcript	62
chr17	63390431	63390493	ENSG00000170921.16|ENSG00000226797.2	exon|gene|transcript	62
chr17	42669855	42669917	ENSG00000068137.15	exon|gene|transcript	62
chr17	50116090	50116152	ENSG00000167100.15	exon|gene|transcript	62
chr17	37576418	37576480	ENSG00000275066.5	exon|gene|transcript	62
chr17	57266660	57266722	ENSG00000153944.12	exon|gene|transcript	62
chr17	78617432	78617494	ENSG00000267123.7	exon|gene|transcript	62
chr17	8888891	8888953	ENSG00000141506.15	exon|gene|transcript	62
chr17	14866623	14866685	ENSG00000238212.3	exon|gene|transcript	62
chr17	29090098	29090160	ENSG00000196535.20	exon|gene|transcript	62
chr17	8222726	8222788	ENSG00000178977.4	exon|gene|transcript	62
chr17	28616197	28616259	ENSG00000007202.16|ENSG00000227543.5	exon|gene|transcript	62
chr17	60526407	60526469	ENSG00000259349.4	exon|gene|transcript	62
chr17	1424491	1424553	ENSG00000167193.8|ENSG00000262777.1	exon|gene|transcript	62
chr17	74958610	74958672	ENSG00000167861.16	exon|gene|transcript	62
chr17	15632674	15632736	ENSG00000221926.13|ENSG00000251537.4	exon|gene|transcript	62
chr17	14768917	14768979	ENSG00000205325.4	exon|gene|transcript	62
chr17	48545835	48545897	ENSG00000230148.8	exon|gene|transcript	62
chr17	74744940	74745002	ENSG00000172794.20	exon|gene|transcript	62
chr17	44208747	44208809	ENSG00000108312.16|ENSG00000267394.2	exon|gene|transcript	62
chr17	61120319	61120381	ENSG00000141376.24|ENSG00000286997.1	exon|gene|transcript	62
chr17	45103646	45103708	ENSG00000136448.13	exon|gene|transcript	62
chr17	81004108	81004170	ENSG00000176108.9|ENSG00000280351.2	exon|gene|transcript	62
chr17	72533309	72533371	ENSG00000227036.10	exon|gene|transcript	62
chr17	21300482	21300544	ENSG00000034152.20	exon|gene|transcript	62
chr17	11290749	11290811	ENSG00000188803.15|ENSG00000264727.1	exon|gene|transcript	62
chr17	40520762	40520824	ENSG00000266088.6	exon|gene|transcript	62
chr17	65689066	65689128	ENSG00000154240.18	exon|gene|transcript	62
chr17	19096361	19096423	ENSG00000228157.4	exon|gene|transcript	62
chr17	12632897	12632959	ENSG00000179136.8|ENSG00000287462.1	exon|gene|transcript	62
chr17	62681129	62681190	ENSG00000011028.14|ENSG00000279713.1	exon|gene|transcript	61
chr17	3720519	3720580	ENSG00000083457.12	exon|gene|transcript	61
chr17	27431314	27431375	ENSG00000290422.1	exon|gene|transcript	61
chr17	64934042	64934103	ENSG00000290457.1	exon|gene|transcript	61
chr17	16988462	16988523	ENSG00000230969.2	exon|gene|transcript	61
chr17	81693756	81693817	ENSG00000185359.14|ENSG00000277784.1	exon|gene|transcript	61
chr17	54991731	54991792	ENSG00000166263.13	exon|gene|transcript	61
chr17	51341250	51341311	ENSG00000267452.3	exon|gene|transcript	61
chr17	33955208	33955269	ENSG00000108684.15|ENSG00000265356.2|ENSG00000279668.4	exon|gene|transcript	61
chr17	36586935	36586996	ENSG00000278311.5	exon|gene|transcript	61
chr17	72592307	72592368	ENSG00000227036.10	exon|gene|transcript	61
chr17	68207148	68207209	ENSG00000196704.14|ENSG00000290793.1	exon|gene|transcript	61
chr17	20843756	20843817	ENSG00000226981.2|ENSG00000291074.1	exon|gene|transcript	61
chr17	50208991	50209052	ENSG00000249406.3	exon|gene|transcript	61
chr17	82216647	82216708	ENSG00000264548.1	exon|gene|transcript	61
chr17	2366527	2366588	ENSG00000141258.13	exon|gene|transcript	61
chr17	12213958	12214019	ENSG00000265400.1	exon|gene|transcript	61
chr17	39081188	39081249	ENSG00000161381.14|ENSG00000293194.1	exon|gene|transcript	61
chr17	61405122	61405183	ENSG00000121068.14|ENSG00000267280.6	exon|gene|transcript	61
chr17	39193736	39193797	ENSG00000067191.17	exon|gene|transcript	61
chr17	5387543	5387604	ENSG00000108559.13	exon|gene|transcript	61
chr17	82815345	82815406	ENSG00000141556.22	exon|gene|transcript	61
chr17	58078593	58078654	ENSG00000266290.1	exon|gene|transcript	61
chr17	17034722	17034783	ENSG00000287114.1|ENSG00000287910.1	exon|gene|transcript	61
chr17	80474522	80474583	ENSG00000171246.7	exon|gene|transcript	61
chr17	10406177	10406238	ENSG00000133020.4|ENSG00000272736.5|ENSG00000272975.1	exon|gene|transcript	61
chr17	58329344	58329405	ENSG00000265148.7	exon|gene|transcript	61
chr17	47100095	47100156	ENSG00000262879.7	exon|gene|transcript	61
chr17	49036549	49036610	ENSG00000159217.10	exon|gene|transcript	61
chr17	4181093	4181154	ENSG00000167740.10|ENSG00000185722.18	exon|gene|transcript	61
chr17	29012864	29012925	ENSG00000179761.12|ENSG00000238007.1	exon|gene|transcript	61
chr17	18699214	18699275	ENSG00000291110.1	exon|gene|transcript	61
chr17	16348088	16348149	ENSG00000108474.17|ENSG00000166582.11	exon|gene|transcript	61
chr17	29078503	29078564	ENSG00000196535.20	exon|gene|transcript	61
chr17	28861296	28861357	ENSG00000264066.7	exon|gene|transcript	61
chr17	1013043	1013104	ENSG00000159842.16	exon|gene|transcript	61
chr17	31039304	31039365	ENSG00000265798.7|ENSG00000291063.1	exon|gene|transcript	61
chr17	82763903	82763964	ENSG00000141556.22	exon|gene|transcript	61
chr17	64155220	64155281	ENSG00000136478.9	exon|gene|transcript	61
chr17	67637858	67637919	ENSG00000154217.16|ENSG00000279361.1	exon|gene|transcript	61
chr17	18699153	18699214	ENSG00000291110.1	exon|gene|transcript	61
chr17	81515061	81515122	ENSG00000184009.13|ENSG00000229848.1|ENSG00000289182.1	exon|gene|transcript	61
chr17	75900863	75900924	ENSG00000204316.13|ENSG00000267426.5	exon|gene|transcript	61
chr17	40850799	40850860	ENSG00000265359.1	exon|gene|transcript	61
chr17	40115381	40115442	ENSG00000279199.1	exon|gene|transcript	61
chr17	48704000	48704061	ENSG00000244649.5	exon|gene|transcript	61
chr17	48541262	48541323	ENSG00000173917.11	exon|gene|transcript	61
chr17	35190899	35190960	ENSG00000266981.1	exon|gene|transcript	61
chr17	2671491	2671552	ENSG00000007168.14	exon|gene|transcript	61
chr17	36320486	36320547	ENSG00000261499.2	exon|gene|transcript	61
chr17	73748124	73748185	ENSG00000263574.2	exon|gene|transcript	61
chr17	44186564	44186625	ENSG00000267080.8	exon|gene|transcript	61
chr17	48855802	48855863	ENSG00000136436.15	exon|gene|transcript	61
chr17	46193677	46193738	ENSG00000120071.15|ENSG00000214401.6	exon|gene|transcript	61
chr17	16923647	16923707	ENSG00000290698.1	exon|gene|transcript	60
chr17	7313844	7313904	ENSG00000132522.16|ENSG00000261915.6	exon|gene|transcript	60
chr17	20523998	20524058	ENSG00000291198.1	exon|gene|transcript	60
chr17	68149554	68149614	ENSG00000267023.6|ENSG00000291214.1	exon|gene|transcript	60
chr17	2415187	2415247	ENSG00000127804.13	exon|gene|transcript	60
chr17	18420357	18420417	ENSG00000290655.1	exon|gene|transcript	60
chr17	57922411	57922471	ENSG00000180891.13|ENSG00000264914.1	exon|gene|transcript	60
chr17	20547908	20547968	ENSG00000235203.2|ENSG00000267075.1	exon|gene|transcript	60
chr17	34006712	34006772	ENSG00000108684.15|ENSG00000265356.2|ENSG00000279668.4|ENSG00000279674.1	exon|gene|transcript	60
chr17	69433664	69433724	ENSG00000108984.16|ENSG00000278972.1	exon|gene|transcript	60
chr17	28557600	28557660	ENSG00000087111.22|ENSG00000167524.17	exon|gene|transcript	60
chr17	50076906	50076966	ENSG00000005884.18	exon|gene|transcript	60
chr17	47051202	47051262	ENSG00000262879.7|ENSG00000263142.6	exon|gene|transcript	60
chr17	58329106	58329166	ENSG00000265148.7	exon|gene|transcript	60
chr17	62780939	62780999	ENSG00000173838.12	exon|gene|transcript	60
chr17	58353387	58353447	ENSG00000265148.7|ENSG00000285897.1	exon|gene|transcript	60
chr17	19369792	19369852	ENSG00000108641.20|ENSG00000286799.1	exon|gene|transcript	60
chr17	2391402	2391462	ENSG00000070444.15	exon|gene|transcript	60
chr17	30637242	30637302	ENSG00000214719.13|ENSG00000250462.9|ENSG00000290450.1	exon|gene|transcript	60
chr17	40921429	40921489	ENSG00000234477.1	exon|gene|transcript	60
chr17	45907886	45907946	ENSG00000186868.18|ENSG00000262881.1	exon|gene|transcript	60
chr17	60258085	60258145	ENSG00000170832.13|ENSG00000275562.1	exon|gene|transcript	60
chr17	81327881	81327941	ENSG00000185332.8	exon|gene|transcript	60
chr17	39044606	39044666	ENSG00000214553.12|ENSG00000290925.1	exon|gene|transcript	60
chr17	29091125	29091185	ENSG00000196535.20	exon|gene|transcript	60
chr17	79917855	79917915	ENSG00000262585.1	exon|gene|transcript	60
chr17	37021286	37021346	ENSG00000275700.6	exon|gene|transcript	60
chr17	75271419	75271479	ENSG00000263843.1	exon|gene|transcript	60
chr17	12590688	12590748	ENSG00000179136.8	exon|gene|transcript	60
chr17	40636771	40636831	ENSG00000073584.20|ENSG00000264058.2	exon|gene|transcript	60
chr17	40632962	40633022	ENSG00000073584.20|ENSG00000264058.2	exon|gene|transcript	60
chr17	55641692	55641752	ENSG00000289016.1	exon|gene|transcript	60
chr17	47975098	47975158	ENSG00000108465.15|ENSG00000263798.2	exon|gene|transcript	60
chr17	16852326	16852386	ENSG00000290980.1	exon|gene|transcript	60
chr17	45825595	45825655	ENSG00000120088.16|ENSG00000263715.7|ENSG00000264589.5	exon|gene|transcript	60
chr17	15701240	15701300	ENSG00000187607.16|ENSG00000255104.9	exon|gene|transcript	60
chr17	62237062	62237122	ENSG00000266365.1	exon|gene|transcript	60
chr17	61367525	61367585	ENSG00000141376.24|ENSG00000267131.1	exon|gene|transcript	60
chr17	81031454	81031514	ENSG00000226137.5	exon|gene|transcript	60
chr17	28748682	28748742	ENSG00000076604.16	exon|gene|transcript	60
chr17	82457997	82458057	ENSG00000265458.3	exon|gene|transcript	60
chr17	7177768	7177828	ENSG00000141505.12	exon|gene|transcript	60
chr17	48894897	48894957	ENSG00000159199.14|ENSG00000293025.1	exon|gene|transcript	60
chr17	32035639	32035699	ENSG00000185158.13	exon|gene|transcript	60
chr17	48204469	48204529	ENSG00000141293.16|ENSG00000263787.1	exon|gene|transcript	60
chr17	75913819	75913879	ENSG00000188878.20|ENSG00000267426.5	exon|gene|transcript	60
chr17	62726480	62726540	ENSG00000173838.12|ENSG00000265702.2	exon|gene|transcript	60
chr17	63193930	63193990	ENSG00000170921.16|ENSG00000233635.2	exon|gene|transcript	60
chr17	98892	98951	ENSG00000280136.2	exon|gene|transcript	59
chr17	1660926	1660985	ENSG00000174231.18	exon|gene|transcript	59
chr17	42553064	42553123	ENSG00000108786.11|ENSG00000266929.1|ENSG00000266962.3	exon|gene|transcript	59
chr17	4944498	4944557	ENSG00000108523.16	exon|gene|transcript	59
chr17	63836827	63836886	ENSG00000108604.18	exon|gene|transcript	59
chr17	33111857	33111916	ENSG00000108684.15|ENSG00000266535.1	exon|gene|transcript	59
chr17	73911753	73911812	ENSG00000266765.1	exon|gene|transcript	59
chr17	2040422	2040481	ENSG00000108963.19	exon|gene|transcript	59
chr17	18450577	18450636	ENSG00000229526.3	exon|gene|transcript	59
chr17	36581538	36581597	ENSG00000278311.5	exon|gene|transcript	59
chr17	21433741	21433800	ENSG00000212719.15	exon|gene|transcript	59
chr17	39193824	39193883	ENSG00000067191.17	exon|gene|transcript	59
chr17	82247272	82247331	ENSG00000141526.18|ENSG00000141551.15	exon|gene|transcript	59
chr17	16832349	16832408	ENSG00000227300.13|ENSG00000290978.1	exon|gene|transcript	59
chr17	81682876	81682935	ENSG00000214087.9	exon|gene|transcript	59
chr17	4960318	4960377	ENSG00000091640.8	exon|gene|transcript	59
chr17	45147635	45147694	ENSG00000276728.2	exon|gene|transcript	59
chr17	45147095	45147154	ENSG00000276728.2	exon|gene|transcript	59
chr17	1496402	1496461	ENSG00000132376.20	exon|gene|transcript	59
chr17	45236535	45236594	ENSG00000184922.15	exon|gene|transcript	59
chr17	40350358	40350417	ENSG00000131759.18|ENSG00000278918.1	exon|gene|transcript	59
chr17	1426304	1426363	ENSG00000167193.8|ENSG00000262777.1	exon|gene|transcript	59
chr17	78399288	78399347	ENSG00000087157.19	exon|gene|transcript	59
chr17	7001542	7001601	ENSG00000108839.12|ENSG00000215067.12|ENSG00000267047.1	exon|gene|transcript	59
chr17	60128600	60128659	ENSG00000267248.5	exon|gene|transcript	59
chr17	7224552	7224611	ENSG00000072778.20	exon|gene|transcript	59
chr17	12590748	12590807	ENSG00000179136.8	exon|gene|transcript	59
chr17	8088088	8088147	ENSG00000264005.1	exon|gene|transcript	59
chr17	81846629	81846688	ENSG00000185624.16	exon|gene|transcript	59
chr17	81330525	81330584	ENSG00000185332.8	exon|gene|transcript	59
chr17	49544787	49544846	ENSG00000249906.1|ENSG00000250310.2	exon|gene|transcript	59
chr17	72027085	72027144	ENSG00000228639.8	exon|gene|transcript	59
chr17	46045247	46045306	ENSG00000120071.15	exon|gene|transcript	59
chr17	5034417	5034476	ENSG00000132517.15	exon|gene|transcript	59
chr17	27991579	27991638	ENSG00000260019.2	exon|gene|transcript	59
chr17	68525307	68525366	ENSG00000108946.17	exon|gene|transcript	59
chr17	50631826	50631885	ENSG00000251239.1	exon|gene|transcript	59
chr17	75763781	75763840	ENSG00000108479.13	exon|gene|transcript	59
chr17	21528309	21528368	ENSG00000212719.15	exon|gene|transcript	59
chr17	45897104	45897163	ENSG00000186868.18|ENSG00000279685.2	exon|gene|transcript	59
chr17	19560110	19560169	ENSG00000142494.13|ENSG00000262769.1	exon|gene|transcript	59
chr17	59355720	59355779	ENSG00000175155.11	exon|gene|transcript	59
chr17	59178472	59178531	ENSG00000068489.13|ENSG00000266537.1	exon|gene|transcript	59
chr17	48945704	48945763	ENSG00000289021.1	exon|gene|transcript	59
chr17	30663501	30663560	ENSG00000214719.13	exon|gene|transcript	59
chr17	72110177	72110236	ENSG00000234899.11|ENSG00000288605.1	exon|gene|transcript	59
chr17	43925453	43925512	ENSG00000267166.5	exon|gene|transcript	59
chr17	59363079	59363138	ENSG00000175155.11|ENSG00000278863.1	exon|gene|transcript	59
chr17	62231518	62231577	ENSG00000266365.1	exon|gene|transcript	59
chr17	82468542	82468601	ENSG00000141562.19	exon|gene|transcript	59
chr17	61383495	61383554	ENSG00000141376.24|ENSG00000266934.1|ENSG00000267131.1	exon|gene|transcript	59
chr17	27880366	27880425	ENSG00000232859.10|ENSG00000266202.1|ENSG00000266527.1	exon|gene|transcript	59
chr17	14768393	14768452	ENSG00000205325.4	exon|gene|transcript	59
chr17	18236547	18236606	ENSG00000131899.13	exon|gene|transcript	59
chr17	16794534	16794593	ENSG00000266302.6|ENSG00000272815.1|ENSG00000290976.1	exon|gene|transcript	59
chr17	18659997	18660056	ENSG00000287058.1|ENSG00000290687.1	exon|gene|transcript	59
chr17	47864862	47864921	ENSG00000264243.1	exon|gene|transcript	59
chr17	8206639	8206698	ENSG00000178999.13	exon|gene|transcript	59
chr17	81197392	81197451	ENSG00000141577.14|ENSG00000262115.1	exon|gene|transcript	59
chr17	17507931	17507990	ENSG00000133027.18|ENSG00000265511.1|ENSG00000286430.1	exon|gene|transcript	59
chr17	17487752	17487811	ENSG00000141026.6	exon|gene|transcript	59
chr17	69902757	69902816	ENSG00000227517.7	exon|gene|transcript	59
chr17	42661204	42661263	ENSG00000037042.9	exon|gene|transcript	59
chr17	48011333	48011392	ENSG00000289599.2	exon|gene|transcript	59
chr17	69105628	69105687	ENSG00000154262.13	exon|gene|transcript	59
chr17	65687465	65687524	ENSG00000154240.18	exon|gene|transcript	59
chr17	1712588	1712646	ENSG00000186594.16	exon|gene|transcript	58
chr17	64370152	64370210	ENSG00000261371.6	exon|gene|transcript	58
chr17	17817136	17817194	ENSG00000072310.18	exon|gene|transcript	58
chr17	12987042	12987100	ENSG00000006740.18	exon|gene|transcript	58
chr17	38719690	38719748	ENSG00000273627.1|ENSG00000275023.5|ENSG00000275665.1	exon|gene|transcript	58
chr17	43444706	43444764	ENSG00000267151.5	exon|gene|transcript	58
chr17	48680888	48680946	ENSG00000244649.5	exon|gene|transcript	58
chr17	39026656	39026714	ENSG00000277426.1	exon|gene|transcript	58
chr17	40027465	40027523	ENSG00000008838.21	exon|gene|transcript	58
chr17	4897145	4897203	ENSG00000141503.17	exon|gene|transcript	58
chr17	18486334	18486392	ENSG00000171916.17	exon|gene|transcript	58
chr17	81462558	81462616	ENSG00000266074.11	exon|gene|transcript	58
chr17	50530153	50530211	ENSG00000136449.16|ENSG00000250286.2	exon|gene|transcript	58
chr17	78012002	78012060	ENSG00000078687.18	exon|gene|transcript	58
chr17	41630418	41630476	ENSG00000214514.9|ENSG00000290861.1	exon|gene|transcript	58
chr17	30558006	30558064	ENSG00000266733.8|ENSG00000266775.1|ENSG00000290404.1	exon|gene|transcript	58
chr17	55637229	55637287	ENSG00000289016.1	exon|gene|transcript	58
chr17	79925013	79925071	ENSG00000262188.4|ENSG00000262585.1	exon|gene|transcript	58
chr17	62243068	62243126	ENSG00000266365.1	exon|gene|transcript	58
chr17	42837697	42837755	ENSG00000131467.12	exon|gene|transcript	58
chr17	32658521	32658579	ENSG00000176658.17|ENSG00000264458.1	exon|gene|transcript	58
chr17	74744559	74744617	ENSG00000172794.20	exon|gene|transcript	58
chr17	36937187	36937245	ENSG00000273706.5	exon|gene|transcript	58
chr17	74043451	74043509	ENSG00000266357.6	exon|gene|transcript	58
chr17	18810127	18810185	ENSG00000265478.2	exon|gene|transcript	58
chr17	45248579	45248637	ENSG00000233483.5|ENSG00000267278.6|ENSG00000293499.1	exon|gene|transcript	58
chr17	80195652	80195710	ENSG00000141527.19	exon|gene|transcript	58
chr17	45409313	45409371	ENSG00000159314.13	exon|gene|transcript	58
chr17	59107467	59107525	ENSG00000224738.2	exon|gene|transcript	58
chr17	81914192	81914250	ENSG00000187531.14	exon|gene|transcript	58
chr17	44216090	44216148	ENSG00000108312.16|ENSG00000267394.2	exon|gene|transcript	58
chr17	73243101	73243159	ENSG00000141219.16|ENSG00000265010.1	exon|gene|transcript	58
chr17	75877552	75877610	ENSG00000132481.7|ENSG00000267801.1	exon|gene|transcript	58
chr17	56995446	56995504	ENSG00000121064.13	exon|gene|transcript	58
chr17	28670112	28670170	ENSG00000109111.15|ENSG00000265205.1	exon|gene|transcript	58
chr17	28275985	28276043	ENSG00000293325.1	exon|gene|transcript	58
chr17	19675499	19675557	ENSG00000072210.19	exon|gene|transcript	58
chr17	41584413	41584471	ENSG00000186847.6	exon|gene|transcript	58
chr17	81018079	81018137	ENSG00000262873.2	exon|gene|transcript	58
chr17	76098018	76098076	ENSG00000182473.22|ENSG00000275360.1	exon|gene|transcript	58
chr17	72089120	72089178	ENSG00000226101.2|ENSG00000234899.11|ENSG00000288605.1	exon|gene|transcript	58
chr17	15259354	15259412	ENSG00000109099.16	exon|gene|transcript	58
chr17	66416231	66416289	ENSG00000154229.12|ENSG00000264630.5	exon|gene|transcript	58
chr17	74350905	74350963	ENSG00000196169.15	exon|gene|transcript	58
chr17	2082243	2082301	ENSG00000070366.14	exon|gene|transcript	58
chr17	83227648	83227705	ENSG00000262094.1|ENSG00000293087.1	exon|gene|transcript	57
chr17	82028683	82028740	ENSG00000169683.8	exon|gene|transcript	57
chr17	38731135	38731192	ENSG00000277972.2	exon|gene|transcript	57
chr17	77273984	77274041	ENSG00000263718.3	exon|gene|transcript	57
chr17	7420102	7420159	ENSG00000262880.1	exon|gene|transcript	57
chr17	29514665	29514722	ENSG00000160551.12	exon|gene|transcript	57
chr17	44486206	44486263	ENSG00000186566.13|ENSG00000283045.1	exon|gene|transcript	57
chr17	18859686	18859743	ENSG00000141127.15|ENSG00000264273.1	exon|gene|transcript	57
chr17	30571566	30571623	ENSG00000231870.4	exon|gene|transcript	57
chr17	45146725	45146782	ENSG00000276728.2	exon|gene|transcript	57
chr17	70073225	70073282	ENSG00000153822.15|ENSG00000230258.6	exon|gene|transcript	57
chr17	39730109	39730166	ENSG00000141736.14|ENSG00000141741.12	exon|gene|transcript	57
chr17	82273928	82273985	ENSG00000287737.3	exon|gene|transcript	57
chr17	41628604	41628661	ENSG00000214514.9|ENSG00000290861.1	exon|gene|transcript	57
chr17	53970975	53971032	ENSG00000285939.2	exon|gene|transcript	57
chr17	16080350	16080407	ENSG00000141027.23	exon|gene|transcript	57
chr17	7291474	7291531	ENSG00000006047.13	exon|gene|transcript	57
chr17	58897775	58897832	ENSG00000175175.6|ENSG00000241462.1	exon|gene|transcript	57
chr17	69250621	69250678	ENSG00000154265.16	exon|gene|transcript	57
chr17	6190453	6190510	ENSG00000262231.2	exon|gene|transcript	57
chr17	45974471	45974528	ENSG00000186868.18	exon|gene|transcript	57
chr17	8542049	8542106	ENSG00000133026.14	exon|gene|transcript	57
chr17	47099866	47099923	ENSG00000262879.7	exon|gene|transcript	57
chr17	44976511	44976568	ENSG00000136448.13|ENSG00000289024.1	exon|gene|transcript	57
chr17	62270969	62271026	ENSG00000188755.11|ENSG00000290800.1	exon|gene|transcript	57
chr17	37454874	37454931	ENSG00000275839.1|ENSG00000276234.5	exon|gene|transcript	57
chr17	15748703	15748760	ENSG00000233002.2|ENSG00000267227.1	exon|gene|transcript	57
chr17	30729468	30729525	ENSG00000263603.1|ENSG00000290928.1	exon|gene|transcript	57
chr17	63305524	63305581	ENSG00000170921.16|ENSG00000233635.2|ENSG00000263501.1	exon|gene|transcript	57
chr17	36498148	36498205	ENSG00000273611.5|ENSG00000278259.5	exon|gene|transcript	57
chr17	72599031	72599088	ENSG00000227036.10	exon|gene|transcript	57
chr17	17034518	17034575	ENSG00000287114.1|ENSG00000287910.1	exon|gene|transcript	57
chr17	75900924	75900981	ENSG00000204316.13|ENSG00000267426.5	exon|gene|transcript	57
chr17	65210605	65210662	ENSG00000108370.17	exon|gene|transcript	57
chr17	65185425	65185482	ENSG00000108370.17|ENSG00000265883.1	exon|gene|transcript	57
chr17	69104600	69104656	ENSG00000154262.13	exon|gene|transcript	56
chr17	81527483	81527539	ENSG00000229848.1	exon|gene|transcript	56
chr17	50190486	50190542	ENSG00000108821.14	exon|gene|transcript	56
chr17	45843190	45843246	ENSG00000264589.5	exon|gene|transcript	56
chr17	1661214	1661270	ENSG00000174231.18	exon|gene|transcript	56
chr17	28722525	28722581	ENSG00000198242.14|ENSG00000264577.1	exon|gene|transcript	56
chr17	57789676	57789732	ENSG00000222976.1|ENSG00000265542.5	exon|gene|transcript	56
chr17	46821107	46821163	ENSG00000108379.11	exon|gene|transcript	56
chr17	47673561	47673617	ENSG00000108424.11	exon|gene|transcript	56
chr17	82479937	82479993	ENSG00000141562.19	exon|gene|transcript	56
chr17	75940633	75940689	ENSG00000188878.20	exon|gene|transcript	56
chr17	82050869	82050925	ENSG00000169727.14|ENSG00000169733.12	exon|gene|transcript	56
chr17	34159042	34159098	ENSG00000108684.15|ENSG00000263571.3	exon|gene|transcript	56
chr17	36135795	36135851	ENSG00000276241.1|ENSG00000289485.1	exon|gene|transcript	56
chr17	50470132	50470188	ENSG00000167107.13	exon|gene|transcript	56
chr17	39112089	39112145	ENSG00000161381.14|ENSG00000293194.1	exon|gene|transcript	56
chr17	78347429	78347485	ENSG00000267737.1	exon|gene|transcript	56
chr17	7293418	7293474	ENSG00000006047.13	exon|gene|transcript	56
chr17	82056772	82056828	ENSG00000169727.14	exon|gene|transcript	56
chr17	72083905	72083961	ENSG00000226101.2|ENSG00000234899.11|ENSG00000288605.1	exon|gene|transcript	56
chr17	4179057	4179113	ENSG00000167740.10|ENSG00000185722.18	exon|gene|transcript	56
chr17	18727702	18727758	ENSG00000108448.24|ENSG00000291110.1	exon|gene|transcript	56
chr17	39028999	39029055	ENSG00000214553.12	exon|gene|transcript	56
chr17	45833081	45833137	ENSG00000120088.16|ENSG00000263715.7|ENSG00000264589.5	exon|gene|transcript	56
chr17	8147831	8147887	ENSG00000179094.16	exon|gene|transcript	56
chr17	74851283	74851339	ENSG00000161509.14	exon|gene|transcript	56
chr17	39402063	39402119	ENSG00000108306.13|ENSG00000266469.2	exon|gene|transcript	56
chr17	41452051	41452107	ENSG00000236473.1	exon|gene|transcript	56
chr17	15104436	15104492	ENSG00000287307.1	exon|gene|transcript	56
chr17	80135557	80135613	ENSG00000141543.12	exon|gene|transcript	56
chr17	19534514	19534570	ENSG00000142494.13	exon|gene|transcript	56
chr17	39192094	39192150	ENSG00000067191.17	exon|gene|transcript	56
chr17	82231869	82231925	ENSG00000141526.18	exon|gene|transcript	56
chr17	11199586	11199642	ENSG00000285541.1	exon|gene|transcript	56
chr17	247631	247687	ENSG00000181031.16	exon|gene|transcript	56
chr17	28247950	28248006	ENSG00000265060.3|ENSG00000266830.1|ENSG00000290672.1	exon|gene|transcript	56
chr17	82273867	82273923	ENSG00000287737.3	exon|gene|transcript	56
chr17	68400414	68400470	ENSG00000141337.13	exon|gene|transcript	56
chr17	36932836	36932892	ENSG00000277268.2	exon|gene|transcript	56
chr17	36940974	36941030	ENSG00000273706.5|ENSG00000276707.1	exon|gene|transcript	56
chr17	38208994	38209050	ENSG00000274487.5|ENSG00000291088.1	exon|gene|transcript	56
chr17	5223484	5223540	ENSG00000161929.15|ENSG00000261879.9	exon|gene|transcript	56
chr17	47981106	47981162	ENSG00000108465.15|ENSG00000263798.2|ENSG00000264701.1	exon|gene|transcript	56
chr17	8966766	8966822	ENSG00000266389.1	exon|gene|transcript	56
chr17	62005960	62006016	ENSG00000108510.10|ENSG00000242398.3|ENSG00000279133.1	exon|gene|transcript	56
chr17	51168022	51168078	ENSG00000011052.21|ENSG00000243678.12	exon|gene|transcript	56
chr17	5235057	5235113	ENSG00000261879.9	exon|gene|transcript	56
chr17	58214898	58214954	ENSG00000011143.19	exon|gene|transcript	56
chr17	61130702	61130758	ENSG00000141376.24|ENSG00000286997.1	exon|gene|transcript	56
chr17	18953668	18953724	ENSG00000154025.16|ENSG00000196893.3	exon|gene|transcript	56
chr17	50722745	50722801	ENSG00000108848.16|ENSG00000278963.1	exon|gene|transcript	56
chr17	76963892	76963948	ENSG00000267568.6	exon|gene|transcript	56
chr17	47049145	47049201	ENSG00000262633.2|ENSG00000262879.7|ENSG00000263142.6	exon|gene|transcript	56
chr17	2372580	2372636	ENSG00000141258.13	exon|gene|transcript	56
chr17	79024861	79024917	ENSG00000173918.15|ENSG00000265096.3	exon|gene|transcript	56
chr17	404467	404523	ENSG00000241525.4	exon|gene|transcript	56
chr17	81381940	81381996	ENSG00000262223.10	exon|gene|transcript	56
chr17	32756206	32756262	ENSG00000176658.17	exon|gene|transcript	56
chr17	30385236	30385292	ENSG00000108582.12	exon|gene|transcript	56
chr17	28723492	28723548	ENSG00000198242.14	exon|gene|transcript	56
chr17	75506742	75506798	ENSG00000177303.10	exon|gene|transcript	56
chr17	16349874	16349930	ENSG00000108474.17|ENSG00000166582.11	exon|gene|transcript	56
chr17	63931003	63931059	ENSG00000007312.14|ENSG00000285947.1	exon|gene|transcript	56
chr17	77396998	77397054	ENSG00000184640.20|ENSG00000264060.1	exon|gene|transcript	56
chr17	28264805	28264861	ENSG00000260777.2|ENSG00000264486.1	exon|gene|transcript	56
chr17	83098622	83098677	ENSG00000274370.1	exon|gene|transcript	55
chr17	19632696	19632751	ENSG00000231625.5|ENSG00000290544.1	exon|gene|transcript	55
chr17	68125389	68125444	ENSG00000291214.1	exon|gene|transcript	55
chr17	45508484	45508539	ENSG00000214425.11|ENSG00000291175.1	exon|gene|transcript	55
chr17	21075902	21075957	ENSG00000236819.2	exon|gene|transcript	55
chr17	45115244	45115299	ENSG00000161714.12	exon|gene|transcript	55
chr17	47929917	47929972	ENSG00000234494.8|ENSG00000266601.1	exon|gene|transcript	55
chr17	42955972	42956027	ENSG00000108825.18|ENSG00000266967.7	exon|gene|transcript	55
chr17	47879761	47879816	ENSG00000266821.1	exon|gene|transcript	55
chr17	76011520	76011575	ENSG00000167880.8	exon|gene|transcript	55
chr17	81690234	81690289	ENSG00000185359.14	exon|gene|transcript	55
chr17	72057849	72057904	ENSG00000228639.8|ENSG00000288605.1	exon|gene|transcript	55
chr17	78425059	78425114	ENSG00000087157.19|ENSG00000187775.17	exon|gene|transcript	55
chr17	45907753	45907808	ENSG00000186868.18|ENSG00000262881.1	exon|gene|transcript	55
chr17	58527086	58527141	ENSG00000108387.16|ENSG00000264672.6	exon|gene|transcript	55
chr17	41626326	41626381	ENSG00000290861.1	exon|gene|transcript	55
chr17	20724595	20724650	ENSG00000226521.8|ENSG00000290430.1	exon|gene|transcript	55
chr17	29639676	29639731	ENSG00000141298.19|ENSG00000263370.1|ENSG00000264031.1	exon|gene|transcript	55
chr17	33984186	33984241	ENSG00000108684.15|ENSG00000265356.2|ENSG00000279668.4	exon|gene|transcript	55
chr17	33976691	33976746	ENSG00000108684.15|ENSG00000263435.1|ENSG00000265356.2|ENSG00000279668.4	exon|gene|transcript	55
chr17	30090365	30090420	ENSG00000176927.16|ENSG00000265394.1	exon|gene|transcript	55
chr17	78165810	78165865	ENSG00000187997.12	exon|gene|transcript	55
chr17	60624802	60624857	ENSG00000170836.13	exon|gene|transcript	55
chr17	40777849	40777904	ENSG00000171446.7	exon|gene|transcript	55
chr17	30479971	30480026	ENSG00000108587.16	exon|gene|transcript	55
chr17	41628051	41628106	ENSG00000214514.9|ENSG00000290861.1	exon|gene|transcript	55
chr17	6894738	6894793	ENSG00000215067.12|ENSG00000262943.10|ENSG00000291084.1	exon|gene|transcript	55
chr17	20720530	20720585	ENSG00000226521.8|ENSG00000290430.1	exon|gene|transcript	55
chr17	71185595	71185650	ENSG00000260785.2	exon|gene|transcript	55
chr17	72422369	72422424	ENSG00000227036.10	exon|gene|transcript	55
chr17	35987744	35987799	ENSG00000275431.1|ENSG00000275688.4	exon|gene|transcript	55
chr17	59839658	59839713	ENSG00000062716.13	exon|gene|transcript	55
chr17	33541284	33541339	ENSG00000108684.15|ENSG00000265697.1	exon|gene|transcript	55
chr17	78845344	78845399	ENSG00000287539.1	exon|gene|transcript	55
chr17	47329850	47329905	ENSG00000178852.16|ENSG00000259753.1	exon|gene|transcript	55
chr17	62586226	62586281	ENSG00000146872.19	exon|gene|transcript	55
chr17	50536291	50536346	ENSG00000049283.19|ENSG00000250286.2	exon|gene|transcript	55
chr17	77093585	77093640	ENSG00000129657.16|ENSG00000234912.12	exon|gene|transcript	55
chr17	18440333	18440388	ENSG00000214856.12|ENSG00000290657.1	exon|gene|transcript	55
chr17	757096	757151	ENSG00000167699.14	exon|gene|transcript	55
chr17	7904073	7904128	ENSG00000170004.19	exon|gene|transcript	55
chr17	3160233	3160288	ENSG00000261848.5	exon|gene|transcript	55
chr17	55768846	55768901	ENSG00000141179.14	exon|gene|transcript	55
chr17	4483451	4483506	ENSG00000182557.8|ENSG00000262823.1	exon|gene|transcript	55
chr17	37883960	37884015	ENSG00000290810.1	exon|gene|transcript	55
chr17	58081308	58081363	ENSG00000266290.1	exon|gene|transcript	55
chr17	82737933	82737988	ENSG00000167363.14	exon|gene|transcript	55
chr17	68101414	68101469	ENSG00000265055.2	exon|gene|transcript	55
chr17	20337569	20337624	ENSG00000154898.17|ENSG00000293363.2	exon|gene|transcript	55
chr17	77281897	77281952	ENSG00000184640.20|ENSG00000263718.3	exon|gene|transcript	55
chr17	63996676	63996731	ENSG00000264954.2	exon|gene|transcript	55
chr17	81451103	81451157	ENSG00000266074.11|ENSG00000266189.1	exon|gene|transcript	54
chr17	81345912	81345966	ENSG00000287431.1	exon|gene|transcript	54
chr17	76153711	76153765	ENSG00000141576.16|ENSG00000267128.2	exon|gene|transcript	54
chr17	67956608	67956662	ENSG00000171634.19|ENSG00000279573.1	exon|gene|transcript	54
chr17	5536972	5537026	ENSG00000091592.17	exon|gene|transcript	54
chr17	6899706	6899760	ENSG00000215067.12|ENSG00000262943.10|ENSG00000291084.1	exon|gene|transcript	54
chr17	2712663	2712717	ENSG00000262050.2	exon|gene|transcript	54
chr17	50664368	50664422	ENSG00000108846.16	exon|gene|transcript	54
chr17	43386214	43386268	ENSG00000188825.16	exon|gene|transcript	54
chr17	17519026	17519080	ENSG00000133027.18	exon|gene|transcript	54
chr17	76154337	76154391	ENSG00000141576.16|ENSG00000267128.2	exon|gene|transcript	54
chr17	37018950	37019004	ENSG00000275700.6	exon|gene|transcript	54
chr17	21458110	21458164	ENSG00000212719.15|ENSG00000264023.1|ENSG00000265043.1	exon|gene|transcript	54
chr17	79135032	79135086	ENSG00000167281.20|ENSG00000266711.1	exon|gene|transcript	54
chr17	39243908	39243962	ENSG00000265460.7	exon|gene|transcript	54
chr17	15014804	15014858	ENSG00000232058.1	exon|gene|transcript	54
chr17	30576607	30576661	ENSG00000214719.13|ENSG00000231421.8	exon|gene|transcript	54
chr17	43067553	43067607	ENSG00000012048.25	exon|gene|transcript	54
chr17	28598841	28598895	ENSG00000076382.17|ENSG00000167524.17|ENSG00000227543.5|ENSG00000258472.10	exon|gene|transcript	54
chr17	82661080	82661134	ENSG00000141542.11	exon|gene|transcript	54
chr17	39606604	39606658	ENSG00000171532.5	exon|gene|transcript	54
chr17	61393944	61393998	ENSG00000267131.1|ENSG00000267280.6	exon|gene|transcript	54
chr17	68096047	68096101	ENSG00000265055.2	exon|gene|transcript	54
chr17	69433105	69433159	ENSG00000108984.16|ENSG00000278972.1	exon|gene|transcript	54
chr17	48581940	48581994	ENSG00000120093.12|ENSG00000233101.10|ENSG00000257178.5	exon|gene|transcript	54
chr17	48579947	48580001	ENSG00000120093.12|ENSG00000233101.10|ENSG00000257178.5	exon|gene|transcript	54
chr17	77323757	77323811	ENSG00000184640.20	exon|gene|transcript	54
chr17	60459846	60459900	ENSG00000062725.10	exon|gene|transcript	54
chr17	62369170	62369224	ENSG00000172421.10	exon|gene|transcript	54
chr17	62352932	62352986	ENSG00000172421.10	exon|gene|transcript	54
chr17	22287016	22287070	ENSG00000264956.2	exon|gene|transcript	54
chr17	16464263	16464317	ENSG00000175061.20|ENSG00000181350.12	exon|gene|transcript	54
chr17	72057665	72057719	ENSG00000228639.8|ENSG00000288605.1	exon|gene|transcript	54
chr17	48874859	48874913	ENSG00000293025.1	exon|gene|transcript	54
chr17	77527790	77527844	ENSG00000267665.3	exon|gene|transcript	54
chr17	82937216	82937270	ENSG00000141556.22	exon|gene|transcript	54
chr17	31337762	31337816	ENSG00000196712.20	exon|gene|transcript	54
chr17	28926406	28926460	ENSG00000109118.14|ENSG00000265845.2	exon|gene|transcript	54
chr17	49703294	49703348	ENSG00000121073.15	exon|gene|transcript	54
chr17	16842395	16842449	ENSG00000131885.18|ENSG00000290979.1	exon|gene|transcript	54
chr17	75076438	75076492	ENSG00000232724.1	exon|gene|transcript	54
chr17	14776076	14776130	ENSG00000205325.4	exon|gene|transcript	54
chr17	58216611	58216665	ENSG00000011143.19	exon|gene|transcript	54
chr17	60085931	60085985	ENSG00000261040.10|ENSG00000267416.2|ENSG00000293515.1	exon|gene|transcript	54
chr17	63835358	63835411	ENSG00000108604.18	exon|gene|transcript	53
chr17	32141975	32142028	ENSG00000214708.4	exon|gene|transcript	53
chr17	72642730	72642783	ENSG00000263893.2	exon|gene|transcript	53
chr17	41666240	41666293	ENSG00000278954.1	exon|gene|transcript	53
chr17	50664142	50664195	ENSG00000108846.16	exon|gene|transcript	53
chr17	72598070	72598123	ENSG00000227036.10	exon|gene|transcript	53
chr17	5019213	5019266	ENSG00000129250.12|ENSG00000227495.1	exon|gene|transcript	53
chr17	65119532	65119585	ENSG00000108370.17	exon|gene|transcript	53
chr17	45640707	45640760	ENSG00000263715.7|ENSG00000293460.1	exon|gene|transcript	53
chr17	43169756	43169809	ENSG00000012048.25|ENSG00000267002.4	exon|gene|transcript	53
chr17	12011224	12011277	ENSG00000293152.1	exon|gene|transcript	53
chr17	42661039	42661092	ENSG00000037042.9	exon|gene|transcript	53
chr17	30739325	30739378	ENSG00000264538.8|ENSG00000280069.1|ENSG00000290928.1	exon|gene|transcript	53
chr17	58007820	58007873	ENSG00000279069.2	exon|gene|transcript	53
chr17	28612977	28613030	ENSG00000167524.17|ENSG00000227543.5|ENSG00000258472.10	exon|gene|transcript	53
chr17	21445439	21445492	ENSG00000212719.15|ENSG00000287671.1	exon|gene|transcript	53
chr17	8493024	8493077	ENSG00000133026.14	exon|gene|transcript	53
chr17	74604927	74604980	ENSG00000261222.4	exon|gene|transcript	53
chr17	41667567	41667620	ENSG00000278954.1	exon|gene|transcript	53
chr17	80202932	80202985	ENSG00000141527.19|ENSG00000262580.5	exon|gene|transcript	53
chr17	78500461	78500514	ENSG00000187775.17|ENSG00000267432.6	exon|gene|transcript	53
chr17	72086492	72086545	ENSG00000226101.2|ENSG00000234899.11|ENSG00000288605.1	exon|gene|transcript	53
chr17	16446879	16446932	ENSG00000175061.20|ENSG00000181350.12	exon|gene|transcript	53
chr17	68125928	68125981	ENSG00000267023.6|ENSG00000291214.1	exon|gene|transcript	53
chr17	78502537	78502590	ENSG00000187775.17|ENSG00000267432.6	exon|gene|transcript	53
chr17	34481869	34481922	ENSG00000225582.2	exon|gene|transcript	53
chr17	28926728	28926781	ENSG00000109118.14|ENSG00000265845.2	exon|gene|transcript	53
chr17	72421171	72421224	ENSG00000227036.10	exon|gene|transcript	53
chr17	27301956	27302009	ENSG00000109046.15	exon|gene|transcript	53
chr17	82445504	82445557	ENSG00000178927.19	exon|gene|transcript	53
chr17	55288930	55288983	ENSG00000108924.14	exon|gene|transcript	53
chr17	41449048	41449101	ENSG00000236473.1	exon|gene|transcript	53
chr17	45653790	45653843	ENSG00000263715.7|ENSG00000293460.1	exon|gene|transcript	53
chr17	62270916	62270969	ENSG00000188755.11|ENSG00000290800.1	exon|gene|transcript	53
chr17	78113751	78113804	ENSG00000141524.19	exon|gene|transcript	53
chr17	63715387	63715440	ENSG00000125695.12|ENSG00000266173.7	exon|gene|transcript	53
chr17	80417945	80417998	ENSG00000173818.17	exon|gene|transcript	53
chr17	47490165	47490218	ENSG00000228782.10|ENSG00000291120.1	exon|gene|transcript	53
chr17	7314599	7314652	ENSG00000132522.16|ENSG00000261915.6	exon|gene|transcript	53
chr17	68524077	68524130	ENSG00000108946.17|ENSG00000267009.6	exon|gene|transcript	53
chr17	6655448	6655501	ENSG00000256806.6|ENSG00000264468.1|ENSG00000283301.1	exon|gene|transcript	53
chr17	50471135	50471188	ENSG00000167107.13	exon|gene|transcript	53
chr17	81890870	81890923	ENSG00000141552.18|ENSG00000183684.8	exon|gene|transcript	53
chr17	765266	765319	ENSG00000167699.14|ENSG00000262228.3	exon|gene|transcript	53
chr17	58302973	58303026	ENSG00000005379.17	exon|gene|transcript	53
chr17	82049842	82049895	ENSG00000169733.12	exon|gene|transcript	53
chr17	80477610	80477663	ENSG00000171246.7	exon|gene|transcript	53
chr17	61411978	61412031	ENSG00000187013.4	exon|gene|transcript	53
chr17	75703371	75703424	ENSG00000161526.15	exon|gene|transcript	53
chr17	80801939	80801992	ENSG00000141564.16|ENSG00000262833.1	exon|gene|transcript	53
chr17	44301609	44301662	ENSG00000267750.6	exon|gene|transcript	53
chr17	63507669	63507722	ENSG00000224353.2|ENSG00000264813.6	exon|gene|transcript	53
chr17	27560403	27560456	ENSG00000141068.17	exon|gene|transcript	53
chr17	3729555	3729608	ENSG00000083457.12|ENSG00000262358.1	exon|gene|transcript	53
chr17	82036643	82036696	ENSG00000169738.8	exon|gene|transcript	53
chr17	82036322	82036374	ENSG00000169738.8	exon|gene|transcript	52
chr17	41517165	41517217	ENSG00000171346.16|ENSG00000283796.1	exon|gene|transcript	52
chr17	6994656	6994708	ENSG00000215067.12|ENSG00000262089.1|ENSG00000267047.1	exon|gene|transcript	52
chr17	28606408	28606460	ENSG00000167524.17|ENSG00000227543.5|ENSG00000258472.10	exon|gene|transcript	52
chr17	43387417	43387469	ENSG00000188825.16	exon|gene|transcript	52
chr17	47054517	47054569	ENSG00000262879.7|ENSG00000263142.6	exon|gene|transcript	52
chr17	77211122	77211174	ENSG00000129657.16	exon|gene|transcript	52
chr17	77535422	77535474	ENSG00000267665.3	exon|gene|transcript	52
chr17	82249014	82249066	ENSG00000141526.18|ENSG00000141551.15	exon|gene|transcript	52
chr17	18727650	18727702	ENSG00000108448.24|ENSG00000291110.1	exon|gene|transcript	52
chr17	54771225	54771277	ENSG00000251809.1	exon|gene|transcript	52
chr17	16842897	16842949	ENSG00000131885.18	exon|gene|transcript	52
chr17	68101907	68101959	ENSG00000237854.6|ENSG00000291214.1	exon|gene|transcript	52
chr17	81240243	81240295	ENSG00000224877.4	exon|gene|transcript	52
chr17	82449348	82449400	ENSG00000178927.19	exon|gene|transcript	52
chr17	49004806	49004858	ENSG00000159217.10|ENSG00000251461.3	exon|gene|transcript	52
chr17	45508108	45508160	ENSG00000214425.11|ENSG00000291175.1	exon|gene|transcript	52
chr17	4788829	4788881	ENSG00000280254.1	exon|gene|transcript	52
chr17	61478362	61478414	ENSG00000121075.11	exon|gene|transcript	52
chr17	39045080	39045132	ENSG00000214553.12|ENSG00000290925.1	exon|gene|transcript	52
chr17	81339629	81339681	ENSG00000287431.1	exon|gene|transcript	52
chr17	80201385	80201437	ENSG00000141527.19|ENSG00000262580.5	exon|gene|transcript	52
chr17	82625483	82625535	ENSG00000141568.21|ENSG00000141580.16	exon|gene|transcript	52
chr17	49705071	49705123	ENSG00000121073.15	exon|gene|transcript	52
chr17	64780153	64780205	ENSG00000215769.8|ENSG00000291117.1	exon|gene|transcript	52
chr17	59526799	59526851	ENSG00000265313.8	exon|gene|transcript	52
chr17	51168118	51168170	ENSG00000011052.21|ENSG00000243678.12	exon|gene|transcript	52
chr17	7294177	7294229	ENSG00000006047.13	exon|gene|transcript	52
chr17	58303595	58303647	ENSG00000005379.17	exon|gene|transcript	52
chr17	46094507	46094559	ENSG00000120071.15	exon|gene|transcript	52
chr17	39250766	39250818	ENSG00000293195.1	exon|gene|transcript	52
chr17	69982145	69982197	ENSG00000237560.9	exon|gene|transcript	52
chr17	75900811	75900863	ENSG00000204316.13|ENSG00000267426.5	exon|gene|transcript	52
chr17	80945614	80945666	ENSG00000141564.16	exon|gene|transcript	52
chr17	50767328	50767380	ENSG00000167117.10	exon|gene|transcript	52
chr17	8382090	8382142	ENSG00000161970.15|ENSG00000263809.1	exon|gene|transcript	52
chr17	7342222	7342274	ENSG00000072818.12	exon|gene|transcript	52
chr17	30631927	30631979	ENSG00000214719.13|ENSG00000250462.9|ENSG00000290450.1	exon|gene|transcript	52
chr17	76538363	76538415	ENSG00000161544.10|ENSG00000214140.11	exon|gene|transcript	52
chr17	38196471	38196523	ENSG00000274487.5|ENSG00000291088.1	exon|gene|transcript	52
chr17	40631761	40631813	ENSG00000073584.20|ENSG00000264058.2	exon|gene|transcript	52
chr17	65688229	65688281	ENSG00000154240.18	exon|gene|transcript	52
chr17	47895740	47895792	ENSG00000264920.4	exon|gene|transcript	52
chr17	47816872	47816924	ENSG00000006025.13	exon|gene|transcript	52
chr17	187146	187198	ENSG00000273172.1	exon|gene|transcript	52
chr17	50478339	50478391	ENSG00000275897.1	exon|gene|transcript	52
chr17	75792478	75792530	ENSG00000132478.10	exon|gene|transcript	52
chr17	48912781	48912833	ENSG00000159202.18	exon|gene|transcript	52
chr17	63830012	63830064	ENSG00000087191.14	exon|gene|transcript	52
chr17	57253709	57253761	ENSG00000286732.1	exon|gene|transcript	52
chr17	58080460	58080512	ENSG00000266290.1	exon|gene|transcript	52
chr17	76547108	76547160	ENSG00000161544.10|ENSG00000214140.11|ENSG00000267546.2	exon|gene|transcript	52
chr17	75901659	75901711	ENSG00000204316.13|ENSG00000267426.5	exon|gene|transcript	52
chr17	81912614	81912666	ENSG00000187531.14	exon|gene|transcript	52
chr17	77526772	77526824	ENSG00000267665.3	exon|gene|transcript	52
chr17	63854819	63854871	ENSG00000293480.1	exon|gene|transcript	52
chr17	1672940	1672991	ENSG00000174231.18	exon|gene|transcript	51
chr17	42014858	42014909	ENSG00000168256.18|ENSG00000168259.17	exon|gene|transcript	51
chr17	41811080	41811131	ENSG00000141696.13	exon|gene|transcript	51
chr17	36599511	36599562	ENSG00000278535.5	exon|gene|transcript	51
chr17	33534442	33534493	ENSG00000108684.15|ENSG00000265697.1	exon|gene|transcript	51
chr17	35836080	35836131	ENSG00000270647.7	exon|gene|transcript	51
chr17	81715920	81715971	ENSG00000183048.12|ENSG00000262660.1	exon|gene|transcript	51
chr17	66416740	66416791	ENSG00000154229.12|ENSG00000264630.5	exon|gene|transcript	51
chr17	16818941	16818992	ENSG00000226145.8|ENSG00000290977.1	exon|gene|transcript	51
chr17	183975	184026	ENSG00000273172.1	exon|gene|transcript	51
chr17	57867305	57867356	ENSG00000180891.13	exon|gene|transcript	51
chr17	48048477	48048528	ENSG00000082641.16	exon|gene|transcript	51
chr17	4787838	4787889	ENSG00000280254.1	exon|gene|transcript	51
chr17	47017662	47017713	ENSG00000262633.2|ENSG00000262879.7|ENSG00000263142.6|ENSG00000291209.1	exon|gene|transcript	51
chr17	61120448	61120499	ENSG00000141376.24|ENSG00000286997.1	exon|gene|transcript	51
chr17	21448364	21448415	ENSG00000212719.15|ENSG00000287671.1	exon|gene|transcript	51
chr17	27753401	27753452	ENSG00000266786.1	exon|gene|transcript	51
chr17	58966367	58966418	ENSG00000175175.6|ENSG00000263938.1	exon|gene|transcript	51
chr17	31340645	31340696	ENSG00000196712.20	exon|gene|transcript	51
chr17	1364807	1364858	ENSG00000108953.17	exon|gene|transcript	51
chr17	31525230	31525281	ENSG00000131242.18	exon|gene|transcript	51
chr17	4485168	4485219	ENSG00000182557.8|ENSG00000262823.1	exon|gene|transcript	51
chr17	63710676	63710727	ENSG00000125695.12|ENSG00000266173.7	exon|gene|transcript	51
chr17	3439967	3440018	ENSG00000280268.1	exon|gene|transcript	51
chr17	67201077	67201128	ENSG00000198265.12	exon|gene|transcript	51
chr17	66787071	66787122	ENSG00000154229.12|ENSG00000207943.1	exon|gene|transcript	51
chr17	19380083	19380134	ENSG00000166484.20	exon|gene|transcript	51
chr17	9171791	9171842	ENSG00000065320.9|ENSG00000262966.2	exon|gene|transcript	51
chr17	72082364	72082415	ENSG00000226101.2|ENSG00000234899.11|ENSG00000288605.1	exon|gene|transcript	51
chr17	80207604	80207655	ENSG00000141527.19|ENSG00000181523.13	exon|gene|transcript	51
chr17	41213186	41213237	ENSG00000248807.1	exon|gene|transcript	51
chr17	36196405	36196456	ENSG00000274767.1|ENSG00000276085.1	exon|gene|transcript	51
chr17	7014907	7014958	ENSG00000161939.19|ENSG00000258315.5|ENSG00000267047.1	exon|gene|transcript	51
chr17	16046899	16046950	ENSG00000141027.23	exon|gene|transcript	51
chr17	49972055	49972106	ENSG00000108813.12	exon|gene|transcript	51
chr17	68134098	68134149	ENSG00000267023.6|ENSG00000277476.1|ENSG00000290646.1|ENSG00000291214.1	exon|gene|transcript	51
chr17	80147663	80147714	ENSG00000279259.1	exon|gene|transcript	51
chr17	76563531	76563582	ENSG00000163597.17	exon|gene|transcript	51
chr17	58249226	58249277	ENSG00000167419.11	exon|gene|transcript	51
chr17	32519269	32519320	ENSG00000176658.17|ENSG00000263717.1|ENSG00000265222.1|ENSG00000266599.1	exon|gene|transcript	51
chr17	58709746	58709797	ENSG00000108384.16	exon|gene|transcript	51
chr17	8220761	8220812	ENSG00000178977.4	exon|gene|transcript	51
chr17	48545508	48545559	ENSG00000230148.8	exon|gene|transcript	51
chr17	45268008	45268059	ENSG00000006062.18|ENSG00000267278.6	exon|gene|transcript	51
chr17	64075123	64075174	ENSG00000178607.17	exon|gene|transcript	51
chr17	76386341	76386392	ENSG00000176170.14	exon|gene|transcript	51
chr17	43145063	43145113	ENSG00000012048.25|ENSG00000198496.12|ENSG00000267681.1	exon|gene|transcript	50
chr17	63396453	63396503	ENSG00000170921.16|ENSG00000226797.2|ENSG00000263644.1	exon|gene|transcript	50
chr17	17817953	17818003	ENSG00000072310.18	exon|gene|transcript	50
chr17	17820521	17820571	ENSG00000072310.18	exon|gene|transcript	50
chr17	8318662	8318712	ENSG00000198844.12|ENSG00000226871.1	exon|gene|transcript	50
chr17	76154049	76154099	ENSG00000141576.16|ENSG00000267128.2	exon|gene|transcript	50
chr17	63579734	63579784	ENSG00000136485.16|ENSG00000288894.1	exon|gene|transcript	50
chr17	46830717	46830767	ENSG00000108379.11	exon|gene|transcript	50
chr17	63154990	63155040	ENSG00000170921.16	exon|gene|transcript	50
chr17	45510243	45510293	ENSG00000214425.11|ENSG00000291175.1	exon|gene|transcript	50
chr17	34165462	34165512	ENSG00000108684.15|ENSG00000263571.3	exon|gene|transcript	50
chr17	42328950	42329000	ENSG00000168610.17	exon|gene|transcript	50
chr17	55842676	55842726	ENSG00000141179.14|ENSG00000262052.1	exon|gene|transcript	50
chr17	55288880	55288930	ENSG00000108924.14	exon|gene|transcript	50
chr17	12704933	12704983	ENSG00000141052.18|ENSG00000227274.1	exon|gene|transcript	50
chr17	47072471	47072521	ENSG00000262879.7	exon|gene|transcript	50
chr17	42872640	42872690	ENSG00000260105.7|ENSG00000291070.1	exon|gene|transcript	50
chr17	27664603	27664653	ENSG00000265788.3	exon|gene|transcript	50
chr17	30787661	30787711	ENSG00000176390.12|ENSG00000290928.1	exon|gene|transcript	50
chr17	45403978	45404028	ENSG00000159314.13	exon|gene|transcript	50
chr17	68130153	68130203	ENSG00000267023.6|ENSG00000290646.1|ENSG00000291214.1	exon|gene|transcript	50
chr17	4208082	4208132	ENSG00000185722.18	exon|gene|transcript	50
chr17	82448809	82448859	ENSG00000178927.19	exon|gene|transcript	50
chr17	30573935	30573985	ENSG00000231421.8	exon|gene|transcript	50
chr17	76002996	76003046	ENSG00000250506.9|ENSG00000261408.7	exon|gene|transcript	50
chr17	75040041	75040091	ENSG00000167863.12|ENSG00000180901.11	exon|gene|transcript	50
chr17	45636344	45636394	ENSG00000204650.15|ENSG00000263715.7|ENSG00000293460.1	exon|gene|transcript	50
chr17	50450178	50450228	ENSG00000167107.13|ENSG00000262759.1	exon|gene|transcript	50
chr17	2396731	2396781	ENSG00000070444.15	exon|gene|transcript	50
chr17	45636394	45636444	ENSG00000204650.15|ENSG00000263715.7|ENSG00000293460.1	exon|gene|transcript	50
chr17	50215021	50215071	ENSG00000249406.3|ENSG00000263176.1	exon|gene|transcript	50
chr17	19062128	19062178	ENSG00000265185.6	exon|gene|transcript	50
chr17	8057571	8057621	ENSG00000263427.1	exon|gene|transcript	50
chr17	67272346	67272396	ENSG00000285877.1	exon|gene|transcript	50
chr17	80087776	80087826	ENSG00000141519.15	exon|gene|transcript	50
chr17	80116917	80116967	ENSG00000171298.14	exon|gene|transcript	50
chr17	32045486	32045536	ENSG00000185158.13	exon|gene|transcript	50
chr17	5233834	5233884	ENSG00000161929.15|ENSG00000261879.9	exon|gene|transcript	50
chr17	44023807	44023857	ENSG00000091947.10	exon|gene|transcript	50
chr17	74974680	74974730	ENSG00000263586.1	exon|gene|transcript	50
chr17	21208391	21208441	ENSG00000178307.10	exon|gene|transcript	50
chr17	74594159	74594209	ENSG00000182352.8	exon|gene|transcript	50
chr17	64822052	64822102	ENSG00000214176.12|ENSG00000284172.1|ENSG00000291117.1	exon|gene|transcript	50
chr17	39550466	39550516	ENSG00000167258.16	exon|gene|transcript	50
chr17	41626789	41626839	ENSG00000214514.9|ENSG00000290861.1	exon|gene|transcript	50
chr17	47899303	47899353	ENSG00000167182.16|ENSG00000234494.8	exon|gene|transcript	50
chr17	48028510	48028560	ENSG00000005243.10	exon|gene|transcript	50
chr17	35003186	35003236	ENSG00000005156.12	exon|gene|transcript	50
chr17	62354822	62354872	ENSG00000172421.10	exon|gene|transcript	50
chr17	31024376	31024426	ENSG00000266865.9|ENSG00000291063.1	exon|gene|transcript	50
chr17	74851962	74852012	ENSG00000161509.14	exon|gene|transcript	50
chr17	29618632	29618682	ENSG00000167549.19|ENSG00000264031.1	exon|gene|transcript	50
chr17	18525880	18525930	ENSG00000273018.7	exon|gene|transcript	50
chr17	18424587	18424637	ENSG00000205266.11|ENSG00000290655.1	exon|gene|transcript	50
chr17	40631711	40631761	ENSG00000073584.20|ENSG00000264058.2	exon|gene|transcript	50
chr17	75594759	75594809	ENSG00000266714.11	exon|gene|transcript	50
chr17	16932732	16932782	ENSG00000240505.9|ENSG00000290698.1	exon|gene|transcript	50
chr17	78170366	78170416	ENSG00000108639.8	exon|gene|transcript	50
chr17	30610893	30610942	ENSG00000214719.13|ENSG00000248121.9|ENSG00000290395.1	exon|gene|transcript	49
chr17	34989663	34989712	ENSG00000005156.12	exon|gene|transcript	49
chr17	14295577	14295626	ENSG00000262786.1	exon|gene|transcript	49
chr17	30562868	30562917	ENSG00000266733.8|ENSG00000290404.1	exon|gene|transcript	49
chr17	14304776	14304825	ENSG00000125430.9|ENSG00000266709.1	exon|gene|transcript	49
chr17	35119370	35119419	ENSG00000185379.21|ENSG00000267618.5	exon|gene|transcript	49
chr17	30759490	30759539	ENSG00000264538.8|ENSG00000290928.1	exon|gene|transcript	49
chr17	64155064	64155113	ENSG00000136478.9	exon|gene|transcript	49
chr17	1083627	1083676	ENSG00000159842.16	exon|gene|transcript	49
chr17	72404767	72404816	ENSG00000227036.10	exon|gene|transcript	49
chr17	62269616	62269665	ENSG00000188755.11|ENSG00000290800.1	exon|gene|transcript	49
chr17	18397923	18397972	ENSG00000204471.3	exon|gene|transcript	49
chr17	18551505	18551554	ENSG00000154874.18|ENSG00000273018.7|ENSG00000291090.1	exon|gene|transcript	49
chr17	69536065	69536114	ENSG00000108984.16	exon|gene|transcript	49
chr17	45830008	45830057	ENSG00000120088.16|ENSG00000263715.7|ENSG00000264589.5	exon|gene|transcript	49
chr17	36454631	36454680	ENSG00000274658.1	exon|gene|transcript	49
chr17	20502538	20502587	ENSG00000214822.9|ENSG00000291196.1	exon|gene|transcript	49
chr17	72039512	72039561	ENSG00000228639.8|ENSG00000256124.6|ENSG00000288605.1	exon|gene|transcript	49
chr17	9174811	9174860	ENSG00000065320.9|ENSG00000262966.2	exon|gene|transcript	49
chr17	22411888	22411937	ENSG00000276399.1	exon|gene|transcript	49
chr17	58532235	58532284	ENSG00000108387.16|ENSG00000264672.6	exon|gene|transcript	49
chr17	8479800	8479849	ENSG00000133026.14|ENSG00000166579.16	exon|gene|transcript	49
chr17	7223875	7223924	ENSG00000072778.20	exon|gene|transcript	49
chr17	81878617	81878666	ENSG00000263731.1	exon|gene|transcript	49
chr17	8887221	8887270	ENSG00000141506.15	exon|gene|transcript	49
chr17	32443719	32443768	ENSG00000279762.3	exon|gene|transcript	49
chr17	81236658	81236707	ENSG00000167302.11	exon|gene|transcript	49
chr17	70168575	70168624	ENSG00000267365.2	exon|gene|transcript	49
chr17	2232679	2232728	ENSG00000070366.14|ENSG00000225084.1	exon|gene|transcript	49
chr17	2371862	2371911	ENSG00000141258.13	exon|gene|transcript	49
chr17	14768566	14768615	ENSG00000205325.4	exon|gene|transcript	49
chr17	68152775	68152824	ENSG00000267708.1|ENSG00000291214.1	exon|gene|transcript	49
chr17	70313339	70313388	ENSG00000267109.1	exon|gene|transcript	49
chr17	49822679	49822728	ENSG00000136504.15	exon|gene|transcript	49
chr17	69819275	69819324	ENSG00000227517.7	exon|gene|transcript	49
chr17	18246544	18246593	ENSG00000177731.16	exon|gene|transcript	49
chr17	50118052	50118101	ENSG00000167100.15	exon|gene|transcript	49
chr17	16040699	16040748	ENSG00000011295.16|ENSG00000141027.23|ENSG00000227782.2	exon|gene|transcript	49
chr17	75099956	75100005	ENSG00000170190.16	exon|gene|transcript	49
chr17	16439610	16439659	ENSG00000175061.20	exon|gene|transcript	49
chr17	18441820	18441869	ENSG00000214856.12|ENSG00000290657.1	exon|gene|transcript	49
chr17	42661309	42661358	ENSG00000037042.9	exon|gene|transcript	49
chr17	31521865	31521914	ENSG00000131242.18	exon|gene|transcript	49
chr17	20546469	20546518	ENSG00000235203.2|ENSG00000267075.1	exon|gene|transcript	49
chr17	31525338	31525387	ENSG00000131242.18	exon|gene|transcript	49
chr17	60013042	60013091	ENSG00000238283.3|ENSG00000267104.2	exon|gene|transcript	49
chr17	51349023	51349072	ENSG00000267452.3	exon|gene|transcript	49
chr17	43148734	43148783	ENSG00000012048.25|ENSG00000198496.12|ENSG00000267002.4	exon|gene|transcript	49
chr17	43167800	43167849	ENSG00000012048.25|ENSG00000267002.4	exon|gene|transcript	49
chr17	81959421	81959470	ENSG00000185269.12	exon|gene|transcript	49
chr17	2215481	2215530	ENSG00000070366.14|ENSG00000236457.1	exon|gene|transcript	49
chr17	61407860	61407909	ENSG00000121068.14|ENSG00000267280.6	exon|gene|transcript	49
chr17	75628825	75628874	ENSG00000108469.15	exon|gene|transcript	49
chr17	76000753	76000802	ENSG00000261408.7	exon|gene|transcript	49
chr17	73519061	73519110	ENSG00000069188.17|ENSG00000264985.4	exon|gene|transcript	49
chr17	36938552	36938601	ENSG00000273706.5	exon|gene|transcript	49
chr17	36941194	36941243	ENSG00000273706.5|ENSG00000276707.1	exon|gene|transcript	49
chr17	16818800	16818848	ENSG00000226145.8|ENSG00000290977.1	exon|gene|transcript	48
chr17	50483487	50483535	ENSG00000136444.10	exon|gene|transcript	48
chr17	39173404	39173452	ENSG00000266101.1	exon|gene|transcript	48
chr17	68045345	68045393	ENSG00000182481.10	exon|gene|transcript	48
chr17	55560908	55560956	ENSG00000236319.3|ENSG00000293350.1	exon|gene|transcript	48
chr17	20956633	20956681	ENSG00000233098.10	exon|gene|transcript	48
chr17	8478687	8478735	ENSG00000133026.14|ENSG00000166579.16	exon|gene|transcript	48
chr17	15700539	15700587	ENSG00000187607.16|ENSG00000255104.9	exon|gene|transcript	48
chr17	28616284	28616332	ENSG00000007202.16|ENSG00000227543.5	exon|gene|transcript	48
chr17	19062371	19062419	ENSG00000265185.6	exon|gene|transcript	48
chr17	57072355	57072403	ENSG00000263004.3	exon|gene|transcript	48
chr17	80138972	80139020	ENSG00000141543.12	exon|gene|transcript	48
chr17	70022149	70022197	ENSG00000230258.6	exon|gene|transcript	48
chr17	7348257	7348305	ENSG00000072818.12	exon|gene|transcript	48
chr17	41870483	41870531	ENSG00000131473.17	exon|gene|transcript	48
chr17	72599088	72599136	ENSG00000227036.10	exon|gene|transcript	48
chr17	59960019	59960067	ENSG00000189050.16|ENSG00000267318.1	exon|gene|transcript	48
chr17	65688598	65688646	ENSG00000154240.18	exon|gene|transcript	48
chr17	42103229	42103277	ENSG00000108771.13	exon|gene|transcript	48
chr17	69520221	69520269	ENSG00000108984.16	exon|gene|transcript	48
chr17	50181114	50181162	ENSG00000293483.1	exon|gene|transcript	48
chr17	39550071	39550119	ENSG00000167258.16	exon|gene|transcript	48
chr17	39431188	39431236	ENSG00000125686.12	exon|gene|transcript	48
chr17	35002833	35002881	ENSG00000005156.12	exon|gene|transcript	48
chr17	48546691	48546739	ENSG00000230148.8	exon|gene|transcript	48
chr17	47976663	47976711	ENSG00000108465.15|ENSG00000263798.2	exon|gene|transcript	48
chr17	82981458	82981506	ENSG00000175711.9|ENSG00000262339.5	exon|gene|transcript	48
chr17	69018103	69018151	ENSG00000154258.17|ENSG00000231749.3	exon|gene|transcript	48
chr17	77198949	77198997	ENSG00000129657.16|ENSG00000262870.1	exon|gene|transcript	48
chr17	76156322	76156370	ENSG00000141576.16	exon|gene|transcript	48
chr17	63761351	63761399	ENSG00000108588.15	exon|gene|transcript	48
chr17	75652518	75652566	ENSG00000108469.15	exon|gene|transcript	48
chr17	8381949	8381997	ENSG00000161970.15|ENSG00000263809.1	exon|gene|transcript	48
chr17	72038279	72038327	ENSG00000228639.8|ENSG00000256124.6|ENSG00000288605.1	exon|gene|transcript	48
chr17	75077426	75077474	ENSG00000232724.1	exon|gene|transcript	48
chr17	82805320	82805368	ENSG00000141556.22	exon|gene|transcript	48
chr17	21090951	21090999	ENSG00000236819.2	exon|gene|transcript	48
chr17	44708861	44708909	ENSG00000161692.18	exon|gene|transcript	48
chr17	49495780	49495828	ENSG00000064300.9|ENSG00000279036.1	exon|gene|transcript	48
chr17	56998325	56998373	ENSG00000121064.13	exon|gene|transcript	48
chr17	19296908	19296956	ENSG00000072134.16|ENSG00000235397.1	exon|gene|transcript	48
chr17	57095001	57095049	ENSG00000121057.13|ENSG00000263089.1	exon|gene|transcript	48
chr17	81694748	81694796	ENSG00000185359.14	exon|gene|transcript	48
chr17	42690039	42690087	ENSG00000108797.12|ENSG00000267765.1	exon|gene|transcript	48
chr17	80205476	80205524	ENSG00000141527.19|ENSG00000262580.5	exon|gene|transcript	48
chr17	69982197	69982245	ENSG00000237560.9	exon|gene|transcript	48
chr17	16527765	16527813	ENSG00000286743.1	exon|gene|transcript	48
chr17	43782803	43782851	ENSG00000231256.8|ENSG00000267604.1	exon|gene|transcript	48
chr17	43388776	43388824	ENSG00000188825.16|ENSG00000288909.2	exon|gene|transcript	48
chr17	18140468	18140516	ENSG00000091536.20	exon|gene|transcript	48
chr17	82738199	82738247	ENSG00000167363.14	exon|gene|transcript	48
chr17	60085054	60085102	ENSG00000267416.2|ENSG00000293515.1	exon|gene|transcript	48
chr17	57268502	57268550	ENSG00000153944.12	exon|gene|transcript	48
chr17	82229171	82229219	ENSG00000141526.18	exon|gene|transcript	48
chr17	64829160	64829208	ENSG00000214176.12|ENSG00000291117.1	exon|gene|transcript	48
chr17	27527176	27527223	ENSG00000141068.17|ENSG00000263368.1	exon|gene|transcript	47
chr17	18527713	18527760	ENSG00000227689.1|ENSG00000273018.7	exon|gene|transcript	47
chr17	40475017	40475064	ENSG00000279806.1	exon|gene|transcript	47
chr17	82037183	82037230	ENSG00000169738.8	exon|gene|transcript	47
chr17	72463634	72463681	ENSG00000227036.10	exon|gene|transcript	47
chr17	58245380	58245427	ENSG00000167419.11|ENSG00000286788.1	exon|gene|transcript	47
chr17	65903253	65903300	ENSG00000154240.18	exon|gene|transcript	47
chr17	36510917	36510964	ENSG00000278259.5	exon|gene|transcript	47
chr17	21277435	21277482	ENSG00000289453.2	exon|gene|transcript	47
chr17	7383661	7383708	ENSG00000174292.13	exon|gene|transcript	47
chr17	48012092	48012139	ENSG00000289599.2	exon|gene|transcript	47
chr17	78249431	78249478	ENSG00000267676.1|ENSG00000283914.1	exon|gene|transcript	47
chr17	40649677	40649724	ENSG00000264058.2|ENSG00000278834.2	exon|gene|transcript	47
chr17	64503911	64503958	ENSG00000108654.16	exon|gene|transcript	47
chr17	38750280	38750327	ENSG00000277182.2	exon|gene|transcript	47
chr17	27303319	27303366	ENSG00000109046.15	exon|gene|transcript	47
chr17	50471188	50471235	ENSG00000167107.13	exon|gene|transcript	47
chr17	41621154	41621201	ENSG00000128422.18	exon|gene|transcript	47
chr17	6447415	6447462	ENSG00000129195.16	exon|gene|transcript	47
chr17	45241334	45241381	ENSG00000184922.15|ENSG00000233175.2	exon|gene|transcript	47
chr17	45251082	45251129	ENSG00000233483.5|ENSG00000267278.6	exon|gene|transcript	47
chr17	81966382	81966429	ENSG00000264735.1	exon|gene|transcript	47
chr17	11998419	11998466	ENSG00000289910.1|ENSG00000293152.1	exon|gene|transcript	47
chr17	44196166	44196213	ENSG00000087152.16	exon|gene|transcript	47
chr17	81344420	81344467	ENSG00000287431.1	exon|gene|transcript	47
chr17	35553444	35553491	ENSG00000236320.4|ENSG00000267359.1	exon|gene|transcript	47
chr17	76569906	76569953	ENSG00000070731.11|ENSG00000163597.17|ENSG00000267078.1	exon|gene|transcript	47
chr17	7220843	7220890	ENSG00000072778.20	exon|gene|transcript	47
chr17	45975115	45975162	ENSG00000186868.18	exon|gene|transcript	47
chr17	42669382	42669429	ENSG00000068137.15	exon|gene|transcript	47
chr17	82154815	82154862	ENSG00000176155.21	exon|gene|transcript	47
chr17	50053529	50053576	ENSG00000246640.2	exon|gene|transcript	47
chr17	18442437	18442484	ENSG00000214856.12|ENSG00000290657.1	exon|gene|transcript	47
chr17	31887313	31887360	ENSG00000108651.10	exon|gene|transcript	47
chr17	76558279	76558326	ENSG00000163597.17	exon|gene|transcript	47
chr17	17260474	17260521	ENSG00000141030.13	exon|gene|transcript	47
chr17	57046063	57046110	ENSG00000261192.2|ENSG00000293179.1	exon|gene|transcript	47
chr17	29086577	29086624	ENSG00000196535.20	exon|gene|transcript	47
chr17	69845439	69845486	ENSG00000227517.7	exon|gene|transcript	47
chr17	27929755	27929802	ENSG00000260019.2	exon|gene|transcript	47
chr17	896885	896932	ENSG00000167693.17	exon|gene|transcript	47
chr17	2307317	2307364	ENSG00000167720.13|ENSG00000262333.1	exon|gene|transcript	47
chr17	81847629	81847676	ENSG00000185624.16	exon|gene|transcript	47
chr17	30734896	30734943	ENSG00000264538.8|ENSG00000290928.1	exon|gene|transcript	47
chr17	18810635	18810682	ENSG00000265478.2	exon|gene|transcript	47
chr17	58100702	58100749	ENSG00000279207.1	exon|gene|transcript	47
chr17	17610438	17610485	ENSG00000264666.3	exon|gene|transcript	47
chr17	3441067	3441114	ENSG00000141255.13|ENSG00000280268.1	exon|gene|transcript	47
chr17	7325473	7325520	ENSG00000215041.10	exon|gene|transcript	47
chr17	16841538	16841585	ENSG00000131885.18|ENSG00000290979.1	exon|gene|transcript	47
chr17	68045538	68045585	ENSG00000182481.10	exon|gene|transcript	47
chr17	39659623	39659670	ENSG00000131748.16	exon|gene|transcript	47
chr17	56997055	56997102	ENSG00000121064.13	exon|gene|transcript	47
chr17	80212584	80212631	ENSG00000141527.19|ENSG00000181523.13	exon|gene|transcript	47
chr17	42758446	42758493	ENSG00000131477.11|ENSG00000197291.9	exon|gene|transcript	47
chr17	5019948	5019995	ENSG00000129250.12|ENSG00000227495.1	exon|gene|transcript	47
chr17	56473333	56473380	ENSG00000153930.13|ENSG00000279606.1	exon|gene|transcript	47
chr17	8431291	8431338	ENSG00000166579.16	exon|gene|transcript	47
chr17	20501923	20501970	ENSG00000214822.9|ENSG00000291196.1	exon|gene|transcript	47
chr17	62381968	62382015	ENSG00000172421.10|ENSG00000239809.1	exon|gene|transcript	47
chr17	16830568	16830615	ENSG00000227300.13	exon|gene|transcript	47
chr17	16830253	16830300	ENSG00000227300.13	exon|gene|transcript	47
chr17	73517201	73517248	ENSG00000069188.17|ENSG00000264985.4	exon|gene|transcript	47
chr17	6899985	6900032	ENSG00000215067.12|ENSG00000262943.10|ENSG00000291084.1	exon|gene|transcript	47
chr17	78203457	78203504	ENSG00000183077.16	exon|gene|transcript	47
chr17	50525833	50525880	ENSG00000136449.16|ENSG00000250286.2	exon|gene|transcript	47
chr17	5427045	5427092	ENSG00000129197.15|ENSG00000263272.1	exon|gene|transcript	47
chr17	45119043	45119089	ENSG00000161714.12	exon|gene|transcript	46
chr17	21774443	21774489	ENSG00000283566.2	exon|gene|transcript	46
chr17	61460223	61460269	ENSG00000121075.11|ENSG00000267137.1	exon|gene|transcript	46
chr17	44349379	44349425	ENSG00000030582.19	exon|gene|transcript	46
chr17	82052733	82052779	ENSG00000169727.14	exon|gene|transcript	46
chr17	73912189	73912235	ENSG00000288006.1	exon|gene|transcript	46
chr17	46983593	46983639	ENSG00000262633.2|ENSG00000262879.7|ENSG00000291209.1	exon|gene|transcript	46
chr17	2050294	2050340	ENSG00000267195.1	exon|gene|transcript	46
chr17	16819466	16819512	ENSG00000226145.8|ENSG00000290977.1	exon|gene|transcript	46
chr17	28689307	28689353	ENSG00000109111.15	exon|gene|transcript	46
chr17	56472057	56472103	ENSG00000153930.13|ENSG00000279606.1	exon|gene|transcript	46
chr17	38760384	38760430	ENSG00000277791.5	exon|gene|transcript	46
chr17	45396117	45396163	ENSG00000159314.13	exon|gene|transcript	46
chr17	18734876	18734922	ENSG00000108448.24|ENSG00000291110.1	exon|gene|transcript	46
chr17	10317635	10317681	ENSG00000006788.14|ENSG00000273388.1	exon|gene|transcript	46
chr17	6899867	6899913	ENSG00000215067.12|ENSG00000262943.10|ENSG00000291084.1	exon|gene|transcript	46
chr17	50741246	50741292	ENSG00000108848.16	exon|gene|transcript	46
chr17	39995790	39995836	ENSG00000108344.15	exon|gene|transcript	46
chr17	75491900	75491946	ENSG00000177728.17	exon|gene|transcript	46
chr17	78532812	78532858	ENSG00000187775.17|ENSG00000243426.3	exon|gene|transcript	46
chr17	35409601	35409647	ENSG00000267102.1|ENSG00000267745.1	exon|gene|transcript	46
chr17	42872404	42872450	ENSG00000260105.7|ENSG00000291070.1	exon|gene|transcript	46
chr17	36457489	36457535	ENSG00000274658.1	exon|gene|transcript	46
chr17	81480546	81480592	ENSG00000278200.1	exon|gene|transcript	46
chr17	27651333	27651379	ENSG00000265788.3	exon|gene|transcript	46
chr17	2101401	2101447	ENSG00000070366.14|ENSG00000262810.1	exon|gene|transcript	46
chr17	48541477	48541523	ENSG00000173917.11	exon|gene|transcript	46
chr17	74970746	74970792	ENSG00000167861.16|ENSG00000263586.1	exon|gene|transcript	46
chr17	31560016	31560062	ENSG00000207614.1	exon|gene|transcript	46
chr17	18638018	18638064	ENSG00000189375.12|ENSG00000262262.1	exon|gene|transcript	46
chr17	50087083	50087129	ENSG00000005884.18	exon|gene|transcript	46
chr17	48894449	48894495	ENSG00000159199.14|ENSG00000293025.1	exon|gene|transcript	46
chr17	62238831	62238877	ENSG00000266365.1	exon|gene|transcript	46
chr17	28256391	28256437	ENSG00000263788.1	exon|gene|transcript	46
chr17	55284011	55284057	ENSG00000108924.14	exon|gene|transcript	46
chr17	82060094	82060140	ENSG00000169718.18	exon|gene|transcript	46
chr17	32444614	32444660	ENSG00000108671.11|ENSG00000279762.3	exon|gene|transcript	46
chr17	21457894	21457940	ENSG00000212719.15|ENSG00000264023.1|ENSG00000265043.1	exon|gene|transcript	46
chr17	16794593	16794639	ENSG00000266302.6|ENSG00000272815.1|ENSG00000290976.1	exon|gene|transcript	46
chr17	8221112	8221158	ENSG00000178977.4	exon|gene|transcript	46
chr17	69624669	69624715	ENSG00000227517.7	exon|gene|transcript	46
chr17	7325162	7325208	ENSG00000215041.10	exon|gene|transcript	46
chr17	68130203	68130249	ENSG00000267023.6|ENSG00000290646.1|ENSG00000291214.1	exon|gene|transcript	46
chr17	30117965	30118011	ENSG00000126653.18	exon|gene|transcript	46
chr17	41832539	41832585	ENSG00000141698.17	exon|gene|transcript	46
chr17	16843864	16843910	ENSG00000131885.18|ENSG00000291277.1	exon|gene|transcript	46
chr17	82247072	82247118	ENSG00000141526.18|ENSG00000141551.15	exon|gene|transcript	46
chr17	82278707	82278753	ENSG00000287737.3	exon|gene|transcript	46
chr17	81344955	81345001	ENSG00000287431.1	exon|gene|transcript	46
chr17	12986756	12986802	ENSG00000006740.18	exon|gene|transcript	46
chr17	72088665	72088711	ENSG00000226101.2|ENSG00000234899.11|ENSG00000288605.1	exon|gene|transcript	46
chr17	18521078	18521124	ENSG00000273018.7|ENSG00000290659.1	exon|gene|transcript	46
chr17	58007475	58007521	ENSG00000279069.2	exon|gene|transcript	46
chr17	27647118	27647164	ENSG00000168961.17	exon|gene|transcript	46
chr17	64491743	64491789	ENSG00000256525.8|ENSG00000256826.1	exon|gene|transcript	46
chr17	68401313	68401359	ENSG00000141337.13	exon|gene|transcript	46
chr17	19596012	19596058	ENSG00000262769.1|ENSG00000290454.1	exon|gene|transcript	46
chr17	28882691	28882737	ENSG00000132589.16	exon|gene|transcript	46
chr17	44073893	44073939	ENSG00000141349.10	exon|gene|transcript	46
chr17	42554186	42554232	ENSG00000108786.11|ENSG00000266929.1|ENSG00000266962.3	exon|gene|transcript	46
chr17	5469948	5469994	ENSG00000262099.1	exon|gene|transcript	46
chr17	50470981	50471027	ENSG00000167107.13	exon|gene|transcript	46
chr17	10767006	10767052	ENSG00000263400.8|ENSG00000264016.3|ENSG00000285220.1	exon|gene|transcript	46
chr17	29015341	29015387	ENSG00000179761.12|ENSG00000238007.1	exon|gene|transcript	46
chr17	8337696	8337742	ENSG00000266279.1	exon|gene|transcript	46
chr17	4691168	4691214	ENSG00000141456.16|ENSG00000235085.3	exon|gene|transcript	46
chr17	45239065	45239111	ENSG00000184922.15|ENSG00000233175.2	exon|gene|transcript	46
chr17	8573813	8573858	ENSG00000133026.14	exon|gene|transcript	45
chr17	45508266	45508311	ENSG00000214425.11|ENSG00000291175.1	exon|gene|transcript	45
chr17	4789117	4789162	ENSG00000182327.8|ENSG00000280254.1	exon|gene|transcript	45
chr17	75595001	75595046	ENSG00000266714.11	exon|gene|transcript	45
chr17	42813902	42813947	ENSG00000126581.13	exon|gene|transcript	45
chr17	8483321	8483366	ENSG00000133026.14|ENSG00000166579.16	exon|gene|transcript	45
chr17	39108714	39108759	ENSG00000161381.14|ENSG00000293194.1	exon|gene|transcript	45
chr17	39144807	39144852	ENSG00000161381.14	exon|gene|transcript	45
chr17	50943396	50943441	ENSG00000247011.3	exon|gene|transcript	45
chr17	21529021	21529066	ENSG00000212719.15	exon|gene|transcript	45
chr17	75706184	75706229	ENSG00000161526.15	exon|gene|transcript	45
chr17	45910734	45910779	ENSG00000186868.18|ENSG00000262881.1	exon|gene|transcript	45
chr17	78503011	78503056	ENSG00000187775.17|ENSG00000267432.6	exon|gene|transcript	45
chr17	28468361	28468406	ENSG00000167524.17|ENSG00000263266.2	exon|gene|transcript	45
chr17	82012881	82012926	ENSG00000169696.16	exon|gene|transcript	45
chr17	16441298	16441343	ENSG00000175061.20	exon|gene|transcript	45
chr17	34949557	34949602	ENSG00000132141.14	exon|gene|transcript	45
chr17	58352512	58352557	ENSG00000213246.7|ENSG00000265148.7|ENSG00000285897.1	exon|gene|transcript	45
chr17	30558917	30558962	ENSG00000266733.8|ENSG00000290404.1	exon|gene|transcript	45
chr17	81686266	81686311	ENSG00000185359.14	exon|gene|transcript	45
chr17	38730714	38730759	ENSG00000277972.2	exon|gene|transcript	45
chr17	50274936	50274981	ENSG00000167105.8	exon|gene|transcript	45
chr17	6662323	6662368	ENSG00000256806.6|ENSG00000290366.1	exon|gene|transcript	45
chr17	47899929	47899974	ENSG00000167182.16|ENSG00000234494.8	exon|gene|transcript	45
chr17	47973810	47973855	ENSG00000108465.15|ENSG00000263798.2	exon|gene|transcript	45
chr17	79027502	79027547	ENSG00000173918.15|ENSG00000265096.3	exon|gene|transcript	45
chr17	47975053	47975098	ENSG00000108465.15|ENSG00000263798.2	exon|gene|transcript	45
chr17	38202735	38202780	ENSG00000274487.5|ENSG00000291088.1	exon|gene|transcript	45
chr17	50537300	50537345	ENSG00000049283.19|ENSG00000250286.2	exon|gene|transcript	45
chr17	48800115	48800160	ENSG00000170703.16	exon|gene|transcript	45
chr17	15308818	15308863	ENSG00000125409.13|ENSG00000286792.1	exon|gene|transcript	45
chr17	19385281	19385326	ENSG00000166482.12	exon|gene|transcript	45
chr17	48603926	48603971	ENSG00000108511.10|ENSG00000120093.12|ENSG00000233101.10	exon|gene|transcript	45
chr17	72353861	72353906	ENSG00000227036.10|ENSG00000264026.2	exon|gene|transcript	45
chr17	2642032	2642077	ENSG00000007168.14|ENSG00000279432.1	exon|gene|transcript	45
chr17	81915926	81915971	ENSG00000187531.14	exon|gene|transcript	45
chr17	75703265	75703310	ENSG00000161526.15	exon|gene|transcript	45
chr17	30731769	30731814	ENSG00000290928.1	exon|gene|transcript	45
chr17	35779323	35779368	ENSG00000271447.6	exon|gene|transcript	45
chr17	43519649	43519694	ENSG00000067596.12	exon|gene|transcript	45
chr17	80214569	80214614	ENSG00000141527.19|ENSG00000181523.13	exon|gene|transcript	45
chr17	28620015	28620060	ENSG00000007202.16	exon|gene|transcript	45
chr17	19590743	19590788	ENSG00000228983.10|ENSG00000262769.1|ENSG00000290454.1	exon|gene|transcript	45
chr17	71743423	71743468	ENSG00000286387.1	exon|gene|transcript	45
chr17	59353526	59353571	ENSG00000175155.11	exon|gene|transcript	45
chr17	49497145	49497190	ENSG00000064300.9|ENSG00000279036.1	exon|gene|transcript	45
chr17	72090572	72090617	ENSG00000226101.2|ENSG00000234899.11|ENSG00000288605.1	exon|gene|transcript	45
chr17	60433677	60433722	ENSG00000293252.1	exon|gene|transcript	45
chr17	55528037	55528082	ENSG00000293350.1	exon|gene|transcript	45
chr17	80940450	80940495	ENSG00000141564.16|ENSG00000262313.1	exon|gene|transcript	45
chr17	44216186	44216231	ENSG00000108312.16|ENSG00000267394.2	exon|gene|transcript	45
chr17	81239726	81239771	ENSG00000224877.4	exon|gene|transcript	45
chr17	5111338	5111383	ENSG00000167840.14|ENSG00000234327.10	exon|gene|transcript	45
chr17	45545899	45545944	ENSG00000214425.11|ENSG00000267198.1|ENSG00000291175.1	exon|gene|transcript	45
chr17	80418056	80418101	ENSG00000173818.17	exon|gene|transcript	45
chr17	78263542	78263587	ENSG00000204277.1	exon|gene|transcript	45
chr17	31008209	31008254	ENSG00000264148.1	exon|gene|transcript	45
chr17	1398832	1398877	ENSG00000108953.17	exon|gene|transcript	45
chr17	81385176	81385221	ENSG00000262223.10	exon|gene|transcript	45
chr17	43518397	43518442	ENSG00000067596.12	exon|gene|transcript	45
chr17	80047402	80047447	ENSG00000141519.15	exon|gene|transcript	45
chr17	17815329	17815373	ENSG00000072310.18	exon|gene|transcript	44
chr17	20591136	20591180	ENSG00000231258.2	exon|gene|transcript	44
chr17	45588292	45588336	ENSG00000285668.1	exon|gene|transcript	44
chr17	17345268	17345312	ENSG00000205309.14	exon|gene|transcript	44
chr17	19206258	19206302	ENSG00000236022.6	exon|gene|transcript	44
chr17	37221984	37222028	ENSG00000278540.5	exon|gene|transcript	44
chr17	15817527	15817571	ENSG00000237057.3	exon|gene|transcript	44
chr17	47395977	47396021	ENSG00000178852.16	exon|gene|transcript	44
chr17	5378232	5378276	ENSG00000029725.17|ENSG00000108559.13	exon|gene|transcript	44
chr17	56206924	56206968	ENSG00000153930.13	exon|gene|transcript	44
chr17	8486747	8486791	ENSG00000133026.14|ENSG00000166579.16	exon|gene|transcript	44
chr17	37408550	37408594	ENSG00000273965.1|ENSG00000276234.5	exon|gene|transcript	44
chr17	72034294	72034338	ENSG00000228639.8|ENSG00000256124.6|ENSG00000288605.1	exon|gene|transcript	44
chr17	44331272	44331316	ENSG00000267211.1	exon|gene|transcript	44
chr17	58330886	58330930	ENSG00000265148.7|ENSG00000265206.6	exon|gene|transcript	44
chr17	21529066	21529110	ENSG00000212719.15	exon|gene|transcript	44
chr17	40474087	40474131	ENSG00000279806.1	exon|gene|transcript	44
chr17	46196381	46196425	ENSG00000120071.15|ENSG00000214401.6	exon|gene|transcript	44
chr17	74670076	74670120	ENSG00000264659.2	exon|gene|transcript	44
chr17	19171958	19172002	ENSG00000266311.6	exon|gene|transcript	44
chr17	38852239	38852283	ENSG00000125691.14	exon|gene|transcript	44
chr17	41524621	41524665	ENSG00000171345.13	exon|gene|transcript	44
chr17	63830226	63830270	ENSG00000087191.14	exon|gene|transcript	44
chr17	20513484	20513528	ENSG00000231645.4	exon|gene|transcript	44
chr17	55283549	55283593	ENSG00000108924.14	exon|gene|transcript	44
chr17	49996915	49996959	ENSG00000248172.1	exon|gene|transcript	44
chr17	49255798	49255842	ENSG00000177369.11	exon|gene|transcript	44
chr17	72081997	72082041	ENSG00000226101.2|ENSG00000234899.11|ENSG00000288605.1	exon|gene|transcript	44
chr17	80203777	80203821	ENSG00000141527.19|ENSG00000262580.5	exon|gene|transcript	44
chr17	64787111	64787155	ENSG00000214176.12|ENSG00000291117.1	exon|gene|transcript	44
chr17	44277474	44277518	ENSG00000285486.1	exon|gene|transcript	44
chr17	42586891	42586935	ENSG00000141699.11	exon|gene|transcript	44
chr17	57267067	57267111	ENSG00000153944.12	exon|gene|transcript	44
chr17	61780401	61780445	ENSG00000136492.10	exon|gene|transcript	44
chr17	78271302	78271346	ENSG00000204277.1	exon|gene|transcript	44
chr17	7229543	7229587	ENSG00000004975.12	exon|gene|transcript	44
chr17	2679671	2679715	ENSG00000007168.14	exon|gene|transcript	44
chr17	82037569	82037613	ENSG00000169738.8	exon|gene|transcript	44
chr17	72469574	72469618	ENSG00000227036.10	exon|gene|transcript	44
chr17	76538415	76538459	ENSG00000161544.10|ENSG00000214140.11	exon|gene|transcript	44
chr17	19080076	19080120	ENSG00000230197.6	exon|gene|transcript	44
chr17	35002789	35002833	ENSG00000005156.12	exon|gene|transcript	44
chr17	6688205	6688249	ENSG00000141485.17|ENSG00000256806.6|ENSG00000290366.1	exon|gene|transcript	44
chr17	7227783	7227827	ENSG00000004975.12	exon|gene|transcript	44
chr17	38719223	38719267	ENSG00000275023.5|ENSG00000275665.1	exon|gene|transcript	44
chr17	41622872	41622916	ENSG00000128422.18	exon|gene|transcript	44
chr17	44859586	44859630	ENSG00000108883.13	exon|gene|transcript	44
chr17	75875474	75875518	ENSG00000132481.7	exon|gene|transcript	44
chr17	38716291	38716335	ENSG00000275023.5|ENSG00000275665.1	exon|gene|transcript	44
chr17	82932093	82932137	ENSG00000141556.22	exon|gene|transcript	44
chr17	28639642	28639686	ENSG00000007202.16	exon|gene|transcript	44
chr17	35987911	35987954	ENSG00000275431.1|ENSG00000275688.4	exon|gene|transcript	43
chr17	20559347	20559390	ENSG00000293327.1	exon|gene|transcript	43
chr17	74744516	74744559	ENSG00000172794.20	exon|gene|transcript	43
chr17	16850315	16850358	ENSG00000205312.9|ENSG00000290980.1	exon|gene|transcript	43
chr17	47941346	47941389	ENSG00000234494.8	exon|gene|transcript	43
chr17	27419769	27419812	ENSG00000266433.7|ENSG00000290422.1	exon|gene|transcript	43
chr17	47676097	47676140	ENSG00000108424.11	exon|gene|transcript	43
chr17	80204968	80205011	ENSG00000141527.19|ENSG00000262580.5	exon|gene|transcript	43
chr17	44085283	44085326	ENSG00000108840.16	exon|gene|transcript	43
chr17	20400520	20400563	ENSG00000154898.17	exon|gene|transcript	43
chr17	29107372	29107415	ENSG00000196535.20	exon|gene|transcript	43
chr17	48048003	48048046	ENSG00000263412.3	exon|gene|transcript	43
chr17	20416609	20416652	ENSG00000237911.2|ENSG00000287490.1|ENSG00000291194.1	exon|gene|transcript	43
chr17	7578244	7578287	ENSG00000161960.16|ENSG00000264772.6|ENSG00000277957.1	exon|gene|transcript	43
chr17	46044668	46044711	ENSG00000120071.15	exon|gene|transcript	43
chr17	74773310	74773353	ENSG00000109065.12	exon|gene|transcript	43
chr17	32114079	32114122	ENSG00000263369.7|ENSG00000290975.1	exon|gene|transcript	43
chr17	3681978	3682021	ENSG00000083454.23|ENSG00000257950.3	exon|gene|transcript	43
chr17	16708705	16708748	ENSG00000170160.19|ENSG00000266302.6	exon|gene|transcript	43
chr17	2670331	2670374	ENSG00000007168.14	exon|gene|transcript	43
chr17	19534313	19534356	ENSG00000142494.13	exon|gene|transcript	43
chr17	16788247	16788290	ENSG00000264673.1|ENSG00000266302.6|ENSG00000272815.1|ENSG00000290976.1	exon|gene|transcript	43
chr17	4960190	4960233	ENSG00000091640.8	exon|gene|transcript	43
chr17	44359535	44359578	ENSG00000161682.15	exon|gene|transcript	43
chr17	81691830	81691873	ENSG00000185359.14	exon|gene|transcript	43
chr17	50209080	50209123	ENSG00000249406.3	exon|gene|transcript	43
chr17	68513737	68513780	ENSG00000108946.17|ENSG00000267009.6	exon|gene|transcript	43
chr17	18543672	18543715	ENSG00000154874.18|ENSG00000273018.7|ENSG00000291090.1	exon|gene|transcript	43
chr17	6896763	6896806	ENSG00000215067.12|ENSG00000262943.10|ENSG00000291084.1	exon|gene|transcript	43
chr17	73931035	73931078	ENSG00000285648.1|ENSG00000288006.1	exon|gene|transcript	43
chr17	28580345	28580388	ENSG00000076382.17|ENSG00000167524.17|ENSG00000258472.10	exon|gene|transcript	43
chr17	39716064	39716107	ENSG00000141736.14	exon|gene|transcript	43
chr17	18386421	18386464	ENSG00000214860.5|ENSG00000264177.1	exon|gene|transcript	43
chr17	21528266	21528309	ENSG00000212719.15	exon|gene|transcript	43
chr17	74606037	74606080	ENSG00000261222.4	exon|gene|transcript	43
chr17	6641498	6641541	ENSG00000129235.11	exon|gene|transcript	43
chr17	34481826	34481869	ENSG00000225582.2	exon|gene|transcript	43
chr17	81343083	81343126	ENSG00000287431.1	exon|gene|transcript	43
chr17	60128912	60128955	ENSG00000267248.5	exon|gene|transcript	43
chr17	7223924	7223967	ENSG00000072778.20	exon|gene|transcript	43
chr17	67176397	67176440	ENSG00000198265.12	exon|gene|transcript	43
chr17	20956310	20956353	ENSG00000233098.10	exon|gene|transcript	43
chr17	37193415	37193458	ENSG00000278540.5	exon|gene|transcript	43
chr17	38809765	38809808	ENSG00000273559.5	exon|gene|transcript	43
chr17	73641085	73641128	ENSG00000069188.17|ENSG00000264750.1	exon|gene|transcript	43
chr17	72040646	72040689	ENSG00000228639.8|ENSG00000256124.6|ENSG00000288605.1	exon|gene|transcript	43
chr17	40131990	40132033	ENSG00000188895.12	exon|gene|transcript	43
chr17	81914250	81914293	ENSG00000187531.14	exon|gene|transcript	43
chr17	19589804	19589847	ENSG00000228983.10|ENSG00000262769.1|ENSG00000290454.1	exon|gene|transcript	43
chr17	58331188	58331231	ENSG00000265148.7|ENSG00000265206.6	exon|gene|transcript	43
chr17	65804392	65804435	ENSG00000154240.18	exon|gene|transcript	43
chr17	3882213	3882256	ENSG00000004660.15	exon|gene|transcript	43
chr17	7015603	7015646	ENSG00000161939.19|ENSG00000258315.5|ENSG00000267047.1	exon|gene|transcript	43
chr17	77534717	77534760	ENSG00000267665.3	exon|gene|transcript	43
chr17	78252115	78252158	ENSG00000267676.1	exon|gene|transcript	43
chr17	81379597	81379640	ENSG00000262223.10	exon|gene|transcript	43
chr17	77445347	77445389	ENSG00000184640.20|ENSG00000279801.1	exon|gene|transcript	42
chr17	76558010	76558052	ENSG00000163597.17	exon|gene|transcript	42
chr17	18246110	18246152	ENSG00000177731.16	exon|gene|transcript	42
chr17	35242614	35242656	ENSG00000266947.3|ENSG00000289211.1	exon|gene|transcript	42
chr17	10860534	10860576	ENSG00000244753.2|ENSG00000263508.6|ENSG00000285220.1	exon|gene|transcript	42
chr17	63437269	63437311	ENSG00000008283.16	exon|gene|transcript	42
chr17	48848166	48848208	ENSG00000136436.15	exon|gene|transcript	42
chr17	47839979	47840021	ENSG00000141295.14	exon|gene|transcript	42
chr17	42016544	42016586	ENSG00000168256.18|ENSG00000168259.17	exon|gene|transcript	42
chr17	75847351	75847393	ENSG00000132471.12	exon|gene|transcript	42
chr17	15993778	15993820	ENSG00000214941.8	exon|gene|transcript	42
chr17	1711446	1711488	ENSG00000186594.16	exon|gene|transcript	42
chr17	42016281	42016323	ENSG00000168256.18|ENSG00000168259.17	exon|gene|transcript	42
chr17	28606460	28606502	ENSG00000167524.17|ENSG00000227543.5|ENSG00000258472.10	exon|gene|transcript	42
chr17	28205082	28205124	ENSG00000287721.1	exon|gene|transcript	42
chr17	47033277	47033319	ENSG00000262633.2|ENSG00000262879.7|ENSG00000263142.6|ENSG00000291209.1	exon|gene|transcript	42
chr17	39187230	39187272	ENSG00000067191.17	exon|gene|transcript	42
chr17	57848735	57848777	ENSG00000181610.13	exon|gene|transcript	42
chr17	6688444	6688486	ENSG00000141485.17|ENSG00000256806.6|ENSG00000290366.1	exon|gene|transcript	42
chr17	38703784	38703826	ENSG00000275532.2|ENSG00000277969.2	exon|gene|transcript	42
chr17	80205434	80205476	ENSG00000141527.19|ENSG00000262580.5	exon|gene|transcript	42
chr17	27754085	27754127	ENSG00000266786.1	exon|gene|transcript	42
chr17	72583001	72583043	ENSG00000227036.10	exon|gene|transcript	42
chr17	28849276	28849318	ENSG00000173065.14|ENSG00000264138.1	exon|gene|transcript	42
chr17	57629046	57629088	ENSG00000153944.12	exon|gene|transcript	42
chr17	30576661	30576703	ENSG00000214719.13|ENSG00000231421.8	exon|gene|transcript	42
chr17	30574378	30574420	ENSG00000231421.8	exon|gene|transcript	42
chr17	7009847	7009889	ENSG00000108839.12|ENSG00000215067.12|ENSG00000267047.1	exon|gene|transcript	42
chr17	75835222	75835264	ENSG00000092929.13	exon|gene|transcript	42
chr17	2336705	2336747	ENSG00000289388.1	exon|gene|transcript	42
chr17	49494340	49494382	ENSG00000279036.1	exon|gene|transcript	42
chr17	60123087	60123129	ENSG00000267248.5	exon|gene|transcript	42
chr17	80418606	80418648	ENSG00000173818.17	exon|gene|transcript	42
chr17	49458096	49458138	ENSG00000249497.1|ENSG00000262039.1	exon|gene|transcript	42
chr17	5060365	5060407	ENSG00000262495.1	exon|gene|transcript	42
chr17	81233938	81233980	ENSG00000167302.11|ENSG00000260005.6	exon|gene|transcript	42
chr17	18241842	18241884	ENSG00000131899.13	exon|gene|transcript	42
chr17	40190798	40190840	ENSG00000108352.13	exon|gene|transcript	42
chr17	75704713	75704755	ENSG00000161526.15	exon|gene|transcript	42
chr17	28276043	28276085	ENSG00000265480.7|ENSG00000293325.1	exon|gene|transcript	42
chr17	55842830	55842872	ENSG00000262052.1	exon|gene|transcript	42
chr17	20523523	20523565	ENSG00000205215.9|ENSG00000291198.1	exon|gene|transcript	42
chr17	45219734	45219776	ENSG00000267121.7	exon|gene|transcript	42
chr17	35808855	35808897	ENSG00000270829.1	exon|gene|transcript	42
chr17	4943383	4943425	ENSG00000108523.16	exon|gene|transcript	42
chr17	58304832	58304874	ENSG00000005379.17	exon|gene|transcript	42
chr17	19449858	19449900	ENSG00000235979.9	exon|gene|transcript	42
chr17	39934610	39934652	ENSG00000204913.7|ENSG00000264968.1	exon|gene|transcript	42
chr17	20784644	20784686	ENSG00000226549.3	exon|gene|transcript	42
chr17	50764664	50764706	ENSG00000167117.10	exon|gene|transcript	42
chr17	18420850	18420892	ENSG00000205266.11|ENSG00000290655.1	exon|gene|transcript	42
chr17	59618552	59618594	ENSG00000273702.1	exon|gene|transcript	42
chr17	7291737	7291779	ENSG00000006047.13	exon|gene|transcript	42
chr17	39194970	39195012	ENSG00000067191.17	exon|gene|transcript	42
chr17	59962320	59962362	ENSG00000189050.16|ENSG00000267318.1	exon|gene|transcript	42
chr17	83144025	83144067	ENSG00000262898.5	exon|gene|transcript	42
chr17	78158594	78158636	ENSG00000187997.12|ENSG00000267679.1	exon|gene|transcript	42
chr17	72420570	72420611	ENSG00000227036.10	exon|gene|transcript	41
chr17	1055486	1055527	ENSG00000159842.16	exon|gene|transcript	41
chr17	1677230	1677271	ENSG00000174231.18	exon|gene|transcript	41
chr17	58330968	58331009	ENSG00000265148.7|ENSG00000265206.6	exon|gene|transcript	41
chr17	57955964	57956005	ENSG00000278642.1	exon|gene|transcript	41
chr17	14295511	14295552	ENSG00000262786.1	exon|gene|transcript	41
chr17	28661042	28661083	ENSG00000132581.10	exon|gene|transcript	41
chr17	18511220	18511261	ENSG00000273018.7	exon|gene|transcript	41
chr17	78400022	78400063	ENSG00000087157.19|ENSG00000200063.1	exon|gene|transcript	41
chr17	35106249	35106290	ENSG00000185379.21|ENSG00000267618.5	exon|gene|transcript	41
chr17	42820481	42820522	ENSG00000126581.13	exon|gene|transcript	41
chr17	42553389	42553430	ENSG00000108786.11|ENSG00000266929.1|ENSG00000266962.3	exon|gene|transcript	41
chr17	64829208	64829249	ENSG00000291117.1	exon|gene|transcript	41
chr17	35232566	35232607	ENSG00000266947.3	exon|gene|transcript	41
chr17	7222105	7222146	ENSG00000072778.20	exon|gene|transcript	41
chr17	18237213	18237254	ENSG00000131899.13	exon|gene|transcript	41
chr17	73309754	73309795	ENSG00000179604.10	exon|gene|transcript	41
chr17	39630047	39630088	ENSG00000131771.14	exon|gene|transcript	41
chr17	54947312	54947353	ENSG00000141198.16	exon|gene|transcript	41
chr17	2639880	2639921	ENSG00000007168.14|ENSG00000279432.1	exon|gene|transcript	41
chr17	80192161	80192202	ENSG00000141527.19	exon|gene|transcript	41
chr17	39167484	39167525	ENSG00000280177.1	exon|gene|transcript	41
chr17	49701766	49701807	ENSG00000121073.15	exon|gene|transcript	41
chr17	10535190	10535231	ENSG00000125414.19|ENSG00000272736.5|ENSG00000272975.1	exon|gene|transcript	41
chr17	27419812	27419853	ENSG00000266433.7|ENSG00000290422.1	exon|gene|transcript	41
chr17	62552080	62552121	ENSG00000146872.19|ENSG00000264546.1	exon|gene|transcript	41
chr17	62967549	62967590	ENSG00000170921.16|ENSG00000283538.3	exon|gene|transcript	41
chr17	18523064	18523105	ENSG00000273018.7	exon|gene|transcript	41
chr17	1712854	1712895	ENSG00000186594.16	exon|gene|transcript	41
chr17	549492	549533	ENSG00000141252.21	exon|gene|transcript	41
chr17	63996469	63996510	ENSG00000264954.2	exon|gene|transcript	41
chr17	50113298	50113339	ENSG00000167100.15	exon|gene|transcript	41
chr17	1398877	1398918	ENSG00000108953.17	exon|gene|transcript	41
chr17	30144560	30144601	ENSG00000126653.18|ENSG00000266987.1	exon|gene|transcript	41
chr17	46267477	46267518	ENSG00000261575.5|ENSG00000291018.1	exon|gene|transcript	41
chr17	72040808	72040849	ENSG00000228639.8|ENSG00000256124.6|ENSG00000288605.1	exon|gene|transcript	41
chr17	50461370	50461411	ENSG00000167107.13	exon|gene|transcript	41
chr17	81389889	81389930	ENSG00000262877.5	exon|gene|transcript	41
chr17	50188149	50188190	ENSG00000108821.14	exon|gene|transcript	41
chr17	46046059	46046100	ENSG00000120071.15	exon|gene|transcript	41
chr17	16819217	16819258	ENSG00000226145.8|ENSG00000290977.1	exon|gene|transcript	41
chr17	10878328	10878369	ENSG00000263508.6|ENSG00000285220.1	exon|gene|transcript	41
chr17	31034250	31034291	ENSG00000291063.1	exon|gene|transcript	41
chr17	28858332	28858373	ENSG00000132591.12	exon|gene|transcript	41
chr17	32280912	32280953	ENSG00000141314.13|ENSG00000263674.1	exon|gene|transcript	41
chr17	28633205	28633246	ENSG00000007202.16|ENSG00000264044.1	exon|gene|transcript	41
chr17	77258348	77258389	ENSG00000263718.3	exon|gene|transcript	41
chr17	78251318	78251359	ENSG00000267676.1|ENSG00000283914.1	exon|gene|transcript	41
chr17	50096039	50096080	ENSG00000005882.12	exon|gene|transcript	41
chr17	28633435	28633476	ENSG00000007202.16|ENSG00000264044.1	exon|gene|transcript	41
chr17	40835429	40835470	ENSG00000167920.12	exon|gene|transcript	41
chr17	27894235	27894276	ENSG00000232859.10	exon|gene|transcript	41
chr17	36950711	36950752	ENSG00000275700.6	exon|gene|transcript	41
chr17	7577165	7577206	ENSG00000161960.16|ENSG00000264772.6|ENSG00000277957.1	exon|gene|transcript	41
chr17	45240945	45240986	ENSG00000184922.15|ENSG00000233175.2	exon|gene|transcript	41
chr17	2235712	2235753	ENSG00000070366.14|ENSG00000278941.1	exon|gene|transcript	41
chr17	28925416	28925457	ENSG00000109118.14	exon|gene|transcript	41
chr17	74604101	74604141	ENSG00000261222.4	exon|gene|transcript	40
chr17	77548625	77548665	ENSG00000267506.7|ENSG00000286534.1	exon|gene|transcript	40
chr17	18395083	18395123	ENSG00000204471.3	exon|gene|transcript	40
chr17	60015853	60015893	ENSG00000238283.3|ENSG00000267104.2	exon|gene|transcript	40
chr17	50538197	50538237	ENSG00000049283.19|ENSG00000250286.2	exon|gene|transcript	40
chr17	47492353	47492393	ENSG00000228782.10|ENSG00000291120.1	exon|gene|transcript	40
chr17	27991726	27991766	ENSG00000260019.2	exon|gene|transcript	40
chr17	36543125	36543165	ENSG00000278259.5	exon|gene|transcript	40
chr17	61411515	61411555	ENSG00000267280.6	exon|gene|transcript	40
chr17	73835979	73836019	ENSG00000265927.1	exon|gene|transcript	40
chr17	2307386	2307426	ENSG00000167720.13|ENSG00000262333.1	exon|gene|transcript	40
chr17	27421587	27421627	ENSG00000266433.7|ENSG00000290422.1	exon|gene|transcript	40
chr17	548579	548619	ENSG00000141252.21	exon|gene|transcript	40
chr17	3213891	3213931	ENSG00000172146.4	exon|gene|transcript	40
chr17	63998518	63998558	ENSG00000224383.8|ENSG00000264954.2	exon|gene|transcript	40
chr17	46931318	46931358	ENSG00000108433.17|ENSG00000262633.2	exon|gene|transcript	40
chr17	5387952	5387992	ENSG00000108559.13	exon|gene|transcript	40
chr17	28599275	28599315	ENSG00000167524.17|ENSG00000227543.5|ENSG00000258472.10	exon|gene|transcript	40
chr17	46412830	46412870	ENSG00000260075.1	exon|gene|transcript	40
chr17	18263045	18263085	ENSG00000177427.13	exon|gene|transcript	40
chr17	17247847	17247887	ENSG00000141030.13	exon|gene|transcript	40
chr17	2020666	2020706	ENSG00000185924.7|ENSG00000228133.3|ENSG00000262869.1	exon|gene|transcript	40
chr17	81515174	81515214	ENSG00000184009.13|ENSG00000229848.1|ENSG00000289182.1	exon|gene|transcript	40
chr17	45829321	45829361	ENSG00000120088.16|ENSG00000263715.7|ENSG00000264589.5	exon|gene|transcript	40
chr17	81854893	81854933	ENSG00000185624.16	exon|gene|transcript	40
chr17	44262026	44262066	ENSG00000004939.16	exon|gene|transcript	40
chr17	30898945	30898985	ENSG00000172171.11	exon|gene|transcript	40
chr17	16850358	16850398	ENSG00000205312.9|ENSG00000290980.1	exon|gene|transcript	40
chr17	27412766	27412806	ENSG00000266356.1	exon|gene|transcript	40
chr17	777652	777692	ENSG00000167699.14	exon|gene|transcript	40
chr17	34155719	34155759	ENSG00000108684.15|ENSG00000263571.3|ENSG00000265356.2	exon|gene|transcript	40
chr17	72501716	72501756	ENSG00000227036.10	exon|gene|transcript	40
chr17	7350909	7350949	ENSG00000072818.12	exon|gene|transcript	40
chr17	44908858	44908898	ENSG00000131095.14	exon|gene|transcript	40
chr17	62272470	62272510	ENSG00000188755.11|ENSG00000290800.1	exon|gene|transcript	40
chr17	17981191	17981231	ENSG00000171953.16|ENSG00000171962.19|ENSG00000230273.1	exon|gene|transcript	40
chr17	75131905	75131945	ENSG00000279035.1	exon|gene|transcript	40
chr17	15782415	15782455	ENSG00000251829.1	exon|gene|transcript	40
chr17	72849593	72849633	ENSG00000133195.12	exon|gene|transcript	40
chr17	77482103	77482143	ENSG00000184640.20	exon|gene|transcript	40
chr17	44879515	44879555	ENSG00000108883.13	exon|gene|transcript	40
chr17	75288173	75288213	ENSG00000125454.12	exon|gene|transcript	40
chr17	44040256	44040296	ENSG00000161654.10	exon|gene|transcript	40
chr17	35809576	35809616	ENSG00000270647.7	exon|gene|transcript	40
chr17	43047703	43047743	ENSG00000012048.25	exon|gene|transcript	40
chr17	61036212	61036252	ENSG00000141376.24|ENSG00000267207.1	exon|gene|transcript	40
chr17	1654916	1654956	ENSG00000174231.18	exon|gene|transcript	40
chr17	80195990	80196030	ENSG00000141527.19	exon|gene|transcript	40
chr17	43125660	43125700	ENSG00000012048.25|ENSG00000198496.12	exon|gene|transcript	40
chr17	8545407	8545447	ENSG00000133026.14	exon|gene|transcript	40
chr17	45843873	45843913	ENSG00000264589.5	exon|gene|transcript	40
chr17	72384746	72384786	ENSG00000227036.10	exon|gene|transcript	40
chr17	72501756	72501796	ENSG00000227036.10	exon|gene|transcript	40
chr17	5215146	5215186	ENSG00000161929.15|ENSG00000261879.9	exon|gene|transcript	40
chr17	83125556	83125596	ENSG00000288807.1	exon|gene|transcript	40
chr17	7574910	7574950	ENSG00000161960.16|ENSG00000264772.6|ENSG00000277957.1	exon|gene|transcript	40
chr17	6758592	6758632	ENSG00000132530.17	exon|gene|transcript	40
chr17	32659338	32659378	ENSG00000176658.17|ENSG00000264458.1	exon|gene|transcript	40
chr17	45093644	45093684	ENSG00000136448.13	exon|gene|transcript	40
chr17	42683345	42683385	ENSG00000108797.12|ENSG00000184451.5|ENSG00000267765.1	exon|gene|transcript	40
chr17	27671204	27671244	ENSG00000265041.1	exon|gene|transcript	40
chr17	20549319	20549359	ENSG00000235203.2|ENSG00000267075.1	exon|gene|transcript	40
chr17	58526978	58527017	ENSG00000108387.16|ENSG00000264672.6	exon|gene|transcript	39
chr17	80316257	80316296	ENSG00000173821.20|ENSG00000262979.1	exon|gene|transcript	39
chr17	27930606	27930645	ENSG00000260019.2|ENSG00000286589.1	exon|gene|transcript	39
chr17	46299486	46299525	ENSG00000176681.15|ENSG00000228696.11	exon|gene|transcript	39
chr17	28881774	28881813	ENSG00000132589.16	exon|gene|transcript	39
chr17	72039595	72039634	ENSG00000228639.8|ENSG00000256124.6|ENSG00000288605.1	exon|gene|transcript	39
chr17	60219588	60219627	ENSG00000170832.13	exon|gene|transcript	39
chr17	1712360	1712399	ENSG00000186594.16	exon|gene|transcript	39
chr17	75829876	75829915	ENSG00000092929.13	exon|gene|transcript	39
chr17	75779607	75779646	ENSG00000132475.10	exon|gene|transcript	39
chr17	40318448	40318487	ENSG00000131759.18|ENSG00000287644.1	exon|gene|transcript	39
chr17	2680916	2680955	ENSG00000007168.14	exon|gene|transcript	39
chr17	50740266	50740305	ENSG00000108848.16	exon|gene|transcript	39
chr17	72089047	72089086	ENSG00000226101.2|ENSG00000234899.11|ENSG00000288605.1	exon|gene|transcript	39
chr17	6758224	6758263	ENSG00000132530.17	exon|gene|transcript	39
chr17	37426350	37426389	ENSG00000276234.5	exon|gene|transcript	39
chr17	50480574	50480613	ENSG00000136444.10	exon|gene|transcript	39
chr17	16463649	16463688	ENSG00000175061.20|ENSG00000181350.12	exon|gene|transcript	39
chr17	49012935	49012974	ENSG00000159217.10|ENSG00000251461.3	exon|gene|transcript	39
chr17	10792058	10792097	ENSG00000263400.8|ENSG00000266114.1|ENSG00000285220.1	exon|gene|transcript	39
chr17	1638139	1638178	ENSG00000074660.17	exon|gene|transcript	39
chr17	48680946	48680985	ENSG00000244649.5	exon|gene|transcript	39
chr17	28944670	28944709	ENSG00000109118.14|ENSG00000265845.2	exon|gene|transcript	39
chr17	47021542	47021581	ENSG00000262633.2|ENSG00000262879.7|ENSG00000263142.6|ENSG00000291209.1	exon|gene|transcript	39
chr17	63699984	63700023	ENSG00000136490.9|ENSG00000266173.7	exon|gene|transcript	39
chr17	63811280	63811319	ENSG00000198231.14	exon|gene|transcript	39
chr17	30571667	30571706	ENSG00000231870.4	exon|gene|transcript	39
chr17	20433144	20433183	ENSG00000287490.1|ENSG00000291194.1	exon|gene|transcript	39
chr17	82153429	82153468	ENSG00000176155.21|ENSG00000265678.1	exon|gene|transcript	39
chr17	9901114	9901153	ENSG00000109047.8	exon|gene|transcript	39
chr17	57095131	57095170	ENSG00000121057.13|ENSG00000263089.1	exon|gene|transcript	39
chr17	81956128	81956167	ENSG00000185269.12|ENSG00000235296.2	exon|gene|transcript	39
chr17	20416652	20416691	ENSG00000237911.2|ENSG00000287490.1|ENSG00000291194.1	exon|gene|transcript	39
chr17	75617638	75617677	ENSG00000266714.11	exon|gene|transcript	39
chr17	75652447	75652486	ENSG00000108469.15	exon|gene|transcript	39
chr17	191199	191238	ENSG00000273172.1	exon|gene|transcript	39
chr17	78124311	78124350	ENSG00000141524.19	exon|gene|transcript	39
chr17	31138216	31138255	ENSG00000196712.20|ENSG00000266371.1	exon|gene|transcript	39
chr17	78170095	78170134	ENSG00000108639.8	exon|gene|transcript	39
chr17	335774	335813	ENSG00000181031.16	exon|gene|transcript	39
chr17	18541446	18541485	ENSG00000273018.7|ENSG00000291090.1	exon|gene|transcript	39
chr17	45637161	45637200	ENSG00000263715.7|ENSG00000293460.1	exon|gene|transcript	39
chr17	79601741	79601780	ENSG00000167281.20|ENSG00000263278.2	exon|gene|transcript	39
chr17	4544656	4544695	ENSG00000132382.15	exon|gene|transcript	39
chr17	82037230	82037269	ENSG00000169738.8	exon|gene|transcript	39
chr17	67276117	67276156	ENSG00000264093.1	exon|gene|transcript	39
chr17	16804565	16804604	ENSG00000272815.1	exon|gene|transcript	39
chr17	33533604	33533643	ENSG00000108684.15|ENSG00000265544.1	exon|gene|transcript	39
chr17	32934324	32934363	ENSG00000006042.12	exon|gene|transcript	39
chr17	41835272	41835311	ENSG00000141698.17	exon|gene|transcript	39
chr17	9645265	9645304	ENSG00000154914.17|ENSG00000265349.1	exon|gene|transcript	39
chr17	77211697	77211736	ENSG00000129657.16	exon|gene|transcript	39
chr17	63489882	63489921	ENSG00000159640.17|ENSG00000264813.6	exon|gene|transcript	39
chr17	81019235	81019274	ENSG00000262873.2	exon|gene|transcript	39
chr17	51084211	51084250	ENSG00000008294.22|ENSG00000249870.1	exon|gene|transcript	39
chr17	48915771	48915810	ENSG00000159202.18	exon|gene|transcript	39
chr17	82085157	82085196	ENSG00000169710.9	exon|gene|transcript	39
chr17	45221443	45221482	ENSG00000184922.15|ENSG00000267121.7	exon|gene|transcript	39
chr17	49369798	49369837	ENSG00000248714.7	exon|gene|transcript	39
chr17	64150603	64150642	ENSG00000136478.9	exon|gene|transcript	39
chr17	69099563	69099602	ENSG00000154262.13|ENSG00000265331.1|ENSG00000283385.1	exon|gene|transcript	39
chr17	63857384	63857423	ENSG00000240280.8|ENSG00000293480.1	exon|gene|transcript	39
chr17	46911443	46911482	ENSG00000262031.1	exon|gene|transcript	39
chr17	22266629	22266668	ENSG00000264956.2	exon|gene|transcript	39
chr17	19330613	19330651	ENSG00000072134.16	exon|gene|transcript	38
chr17	37684214	37684252	ENSG00000277501.1	exon|gene|transcript	38
chr17	1648495	1648533	ENSG00000167705.12	exon|gene|transcript	38
chr17	35893706	35893744	ENSG00000293240.1	exon|gene|transcript	38
chr17	39657934	39657972	ENSG00000131748.16	exon|gene|transcript	38
chr17	75957420	75957458	ENSG00000161533.12	exon|gene|transcript	38
chr17	7685956	7685994	ENSG00000141510.18	exon|gene|transcript	38
chr17	42062403	42062441	ENSG00000187595.18	exon|gene|transcript	38
chr17	50989638	50989676	ENSG00000008294.22	exon|gene|transcript	38
chr17	4806850	4806888	ENSG00000262165.2	exon|gene|transcript	38
chr17	81034459	81034497	ENSG00000226137.5	exon|gene|transcript	38
chr17	45620636	45620674	ENSG00000263715.7|ENSG00000293460.1	exon|gene|transcript	38
chr17	67632238	67632276	ENSG00000154217.16	exon|gene|transcript	38
chr17	33981345	33981383	ENSG00000108684.15|ENSG00000265356.2|ENSG00000279668.4	exon|gene|transcript	38
chr17	77469654	77469692	ENSG00000184640.20|ENSG00000267016.1|ENSG00000267263.1	exon|gene|transcript	38
chr17	16414943	16414981	ENSG00000264739.1	exon|gene|transcript	38
chr17	27047896	27047934	ENSG00000266736.1	exon|gene|transcript	38
chr17	72469618	72469656	ENSG00000227036.10	exon|gene|transcript	38
chr17	18020960	18020998	ENSG00000171953.16	exon|gene|transcript	38
chr17	9852747	9852785	ENSG00000065325.13|ENSG00000265593.1	exon|gene|transcript	38
chr17	72220680	72220718	ENSG00000234899.11|ENSG00000288605.1	exon|gene|transcript	38
chr17	73163034	73163072	ENSG00000265469.1	exon|gene|transcript	38
chr17	7754815	7754853	ENSG00000183914.15|ENSG00000240480.2|ENSG00000293140.1	exon|gene|transcript	38
chr17	59118415	59118453	ENSG00000182628.13|ENSG00000224738.2	exon|gene|transcript	38
chr17	4482185	4482223	ENSG00000182557.8|ENSG00000262823.1	exon|gene|transcript	38
chr17	15062167	15062205	ENSG00000287307.1	exon|gene|transcript	38
chr17	36581717	36581755	ENSG00000278311.5	exon|gene|transcript	38
chr17	41525152	41525190	ENSG00000171345.13	exon|gene|transcript	38
chr17	76672205	76672243	ENSG00000261335.1	exon|gene|transcript	38
chr17	29140488	29140526	ENSG00000196535.20|ENSG00000263709.1	exon|gene|transcript	38
chr17	50114079	50114117	ENSG00000167100.15	exon|gene|transcript	38
chr17	49013916	49013954	ENSG00000159217.10	exon|gene|transcript	38
chr17	49255189	49255227	ENSG00000177369.11	exon|gene|transcript	38
chr17	29569879	29569917	ENSG00000167543.16|ENSG00000264031.1|ENSG00000264290.1	exon|gene|transcript	38
chr17	60477468	60477506	ENSG00000062725.10	exon|gene|transcript	38
chr17	42569832	42569870	ENSG00000108788.12	exon|gene|transcript	38
chr17	50478058	50478096	ENSG00000275897.1	exon|gene|transcript	38
chr17	50519416	50519454	ENSG00000136449.16	exon|gene|transcript	38
chr17	61778778	61778816	ENSG00000136492.10	exon|gene|transcript	38
chr17	50214944	50214982	ENSG00000249406.3|ENSG00000263176.1	exon|gene|transcript	38
chr17	5019354	5019392	ENSG00000129250.12|ENSG00000227495.1	exon|gene|transcript	38
chr17	40866486	40866524	ENSG00000187242.6	exon|gene|transcript	38
chr17	60526753	60526791	ENSG00000259349.4	exon|gene|transcript	38
chr17	11288462	11288500	ENSG00000188803.15|ENSG00000264727.1	exon|gene|transcript	38
chr17	42660765	42660803	ENSG00000037042.9	exon|gene|transcript	38
chr17	1736000	1736038	ENSG00000167716.19|ENSG00000262791.1	exon|gene|transcript	38
chr17	78203017	78203055	ENSG00000183077.16	exon|gene|transcript	38
chr17	2364557	2364595	ENSG00000141258.13	exon|gene|transcript	38
chr17	44349751	44349789	ENSG00000030582.19	exon|gene|transcript	38
chr17	82250179	82250217	ENSG00000141526.18|ENSG00000141551.15|ENSG00000280407.3	exon|gene|transcript	38
chr17	30252199	30252237	ENSG00000108578.15|ENSG00000266120.1	exon|gene|transcript	38
chr17	19031798	19031836	ENSG00000154016.14|ENSG00000279825.1	exon|gene|transcript	38
chr17	49577858	49577896	ENSG00000182575.8|ENSG00000250310.2	exon|gene|transcript	38
chr17	32878022	32878060	ENSG00000236377.2	exon|gene|transcript	38
chr17	6658154	6658192	ENSG00000256806.6|ENSG00000274114.3|ENSG00000290366.1	exon|gene|transcript	38
chr17	18523805	18523843	ENSG00000273018.7	exon|gene|transcript	38
chr17	191549	191587	ENSG00000273172.1	exon|gene|transcript	38
chr17	75848990	75849027	ENSG00000132471.12	exon|gene|transcript	37
chr17	45118253	45118290	ENSG00000161714.12	exon|gene|transcript	37
chr17	19743463	19743500	ENSG00000108602.18	exon|gene|transcript	37
chr17	81385246	81385283	ENSG00000262223.10	exon|gene|transcript	37
chr17	44316581	44316618	ENSG00000108309.14	exon|gene|transcript	37
chr17	63699624	63699661	ENSG00000136490.9|ENSG00000266173.7	exon|gene|transcript	37
chr17	19403395	19403432	ENSG00000287196.1	exon|gene|transcript	37
chr17	32495914	32495951	ENSG00000176658.17|ENSG00000266718.2	exon|gene|transcript	37
chr17	8314868	8314905	ENSG00000198844.12	exon|gene|transcript	37
chr17	20903279	20903316	ENSG00000233098.10	exon|gene|transcript	37
chr17	30519698	30519735	ENSG00000108587.16	exon|gene|transcript	37
chr17	82230345	82230382	ENSG00000141526.18	exon|gene|transcript	37
chr17	81682684	81682721	ENSG00000214087.9	exon|gene|transcript	37
chr17	15382084	15382121	ENSG00000266667.1	exon|gene|transcript	37
chr17	81329466	81329503	ENSG00000185332.8	exon|gene|transcript	37
chr17	13776549	13776586	ENSG00000236088.12	exon|gene|transcript	37
chr17	50114319	50114356	ENSG00000167100.15	exon|gene|transcript	37
chr17	81305325	81305362	ENSG00000185168.7	exon|gene|transcript	37
chr17	1652043	1652080	ENSG00000174231.18	exon|gene|transcript	37
chr17	77094946	77094983	ENSG00000129657.16|ENSG00000234912.12	exon|gene|transcript	37
chr17	714141	714178	ENSG00000141252.21	exon|gene|transcript	37
chr17	43476628	43476665	ENSG00000237888.1	exon|gene|transcript	37
chr17	67955825	67955862	ENSG00000171634.19|ENSG00000279573.1	exon|gene|transcript	37
chr17	80111732	80111769	ENSG00000171298.14	exon|gene|transcript	37
chr17	68145488	68145525	ENSG00000267023.6|ENSG00000290646.1|ENSG00000291214.1	exon|gene|transcript	37
chr17	57046275	57046312	ENSG00000261192.2|ENSG00000293179.1	exon|gene|transcript	37
chr17	8326809	8326846	ENSG00000289984.1	exon|gene|transcript	37
chr17	80428444	80428481	ENSG00000173818.17	exon|gene|transcript	37
chr17	15681050	15681087	ENSG00000221926.13	exon|gene|transcript	37
chr17	72221836	72221873	ENSG00000234899.11	exon|gene|transcript	37
chr17	81715971	81716008	ENSG00000183048.12|ENSG00000262660.1	exon|gene|transcript	37
chr17	18440388	18440425	ENSG00000214856.12|ENSG00000290657.1	exon|gene|transcript	37
chr17	2400407	2400444	ENSG00000070444.15	exon|gene|transcript	37
chr17	22693287	22693324	ENSG00000293001.1	exon|gene|transcript	37
chr17	81689322	81689359	ENSG00000185359.14	exon|gene|transcript	37
chr17	81686229	81686266	ENSG00000185359.14	exon|gene|transcript	37
chr17	55454045	55454082	ENSG00000261873.3	exon|gene|transcript	37
chr17	43927585	43927622	ENSG00000267420.1	exon|gene|transcript	37
chr17	59878334	59878371	ENSG00000108423.15	exon|gene|transcript	37
chr17	77089379	77089416	ENSG00000129657.16|ENSG00000234912.12|ENSG00000275143.1	exon|gene|transcript	37
chr17	2376815	2376852	ENSG00000141258.13|ENSG00000263345.1	exon|gene|transcript	37
chr17	50480197	50480234	ENSG00000136444.10	exon|gene|transcript	37
chr17	19166895	19166932	ENSG00000261987.2|ENSG00000266311.6	exon|gene|transcript	37
chr17	78126239	78126276	ENSG00000141524.19	exon|gene|transcript	37
chr17	19142710	19142747	ENSG00000189152.11|ENSG00000262319.1	exon|gene|transcript	37
chr17	40126823	40126860	ENSG00000188895.12	exon|gene|transcript	37
chr17	75740461	75740498	ENSG00000132470.14	exon|gene|transcript	37
chr17	45409831	45409868	ENSG00000159314.13	exon|gene|transcript	37
chr17	58245326	58245363	ENSG00000167419.11|ENSG00000286788.1	exon|gene|transcript	37
chr17	72583722	72583759	ENSG00000227036.10	exon|gene|transcript	37
chr17	31138142	31138179	ENSG00000196712.20|ENSG00000266371.1	exon|gene|transcript	37
chr17	27585960	27585997	ENSG00000141068.17	exon|gene|transcript	37
chr17	19211322	19211359	ENSG00000236022.6|ENSG00000263206.1	exon|gene|transcript	37
chr17	75901517	75901554	ENSG00000204316.13|ENSG00000267426.5	exon|gene|transcript	37
chr17	48848208	48848245	ENSG00000136436.15	exon|gene|transcript	37
chr17	48894860	48894897	ENSG00000159199.14|ENSG00000293025.1	exon|gene|transcript	37
chr17	42955224	42955261	ENSG00000108825.18|ENSG00000266967.7	exon|gene|transcript	37
chr17	67965022	67965059	ENSG00000171634.19	exon|gene|transcript	37
chr17	67891776	67891813	ENSG00000171634.19	exon|gene|transcript	37
chr17	81924177	81924214	ENSG00000197063.11|ENSG00000264769.1	exon|gene|transcript	37
chr17	75751812	75751848	ENSG00000108479.13|ENSG00000132470.14	exon|gene|transcript	36
chr17	75844072	75844108	ENSG00000092929.13	exon|gene|transcript	36
chr17	66639347	66639383	ENSG00000154229.12|ENSG00000251698.1	exon|gene|transcript	36
chr17	75878709	75878745	ENSG00000267801.1	exon|gene|transcript	36
chr17	30271457	30271493	ENSG00000108578.15	exon|gene|transcript	36
chr17	27930402	27930438	ENSG00000260019.2|ENSG00000286589.1	exon|gene|transcript	36
chr17	28861618	28861654	ENSG00000264066.7	exon|gene|transcript	36
chr17	60088160	60088196	ENSG00000261040.10|ENSG00000267416.2|ENSG00000293515.1	exon|gene|transcript	36
chr17	43519486	43519522	ENSG00000067596.12	exon|gene|transcript	36
chr17	31024340	31024376	ENSG00000266865.9|ENSG00000291063.1	exon|gene|transcript	36
chr17	49494712	49494748	ENSG00000279036.1	exon|gene|transcript	36
chr17	75832130	75832166	ENSG00000092929.13	exon|gene|transcript	36
chr17	45248012	45248048	ENSG00000233483.5|ENSG00000267278.6|ENSG00000293499.1	exon|gene|transcript	36
chr17	58525781	58525817	ENSG00000108387.16|ENSG00000264672.6	exon|gene|transcript	36
chr17	30553501	30553537	ENSG00000266733.8	exon|gene|transcript	36
chr17	73756424	73756460	ENSG00000177338.14|ENSG00000263574.2	exon|gene|transcript	36
chr17	41325696	41325732	ENSG00000233014.1	exon|gene|transcript	36
chr17	48931899	48931935	ENSG00000159210.10|ENSG00000230532.1	exon|gene|transcript	36
chr17	74450034	74450070	ENSG00000170412.18	exon|gene|transcript	36
chr17	29107567	29107603	ENSG00000196535.20	exon|gene|transcript	36
chr17	28633246	28633282	ENSG00000007202.16|ENSG00000264044.1	exon|gene|transcript	36
chr17	81702716	81702752	ENSG00000185359.14|ENSG00000262049.2	exon|gene|transcript	36
chr17	30809950	30809986	ENSG00000176390.12	exon|gene|transcript	36
chr17	80201707	80201743	ENSG00000141527.19|ENSG00000262580.5	exon|gene|transcript	36
chr17	44176383	44176419	ENSG00000161664.7|ENSG00000267080.8	exon|gene|transcript	36
chr17	45976921	45976957	ENSG00000186868.18	exon|gene|transcript	36
chr17	77547046	77547082	ENSG00000267506.7	exon|gene|transcript	36
chr17	51323632	51323668	ENSG00000249383.2	exon|gene|transcript	36
chr17	81136220	81136256	ENSG00000181409.14|ENSG00000263167.1	exon|gene|transcript	36
chr17	78630280	78630316	ENSG00000267123.7	exon|gene|transcript	36
chr17	7313124	7313160	ENSG00000132522.16|ENSG00000261915.6	exon|gene|transcript	36
chr17	45830057	45830093	ENSG00000120088.16|ENSG00000263715.7|ENSG00000264589.5	exon|gene|transcript	36
chr17	6995153	6995189	ENSG00000215067.12|ENSG00000262089.1|ENSG00000267047.1	exon|gene|transcript	36
chr17	57262114	57262150	ENSG00000153944.12	exon|gene|transcript	36
chr17	27752848	27752884	ENSG00000266786.1	exon|gene|transcript	36
chr17	48842454	48842490	ENSG00000136436.15	exon|gene|transcript	36
chr17	4072791	4072827	ENSG00000074755.15	exon|gene|transcript	36
chr17	44182745	44182781	ENSG00000267080.8	exon|gene|transcript	36
chr17	7293550	7293586	ENSG00000006047.13	exon|gene|transcript	36
chr17	75490095	75490131	ENSG00000177728.17	exon|gene|transcript	36
chr17	48307363	48307399	ENSG00000141293.16|ENSG00000235300.5	exon|gene|transcript	36
chr17	29010973	29011009	ENSG00000179761.12|ENSG00000263613.1	exon|gene|transcript	36
chr17	8520841	8520877	ENSG00000133026.14	exon|gene|transcript	36
chr17	11289859	11289895	ENSG00000188803.15|ENSG00000264727.1	exon|gene|transcript	36
chr17	183823	183859	ENSG00000273172.1	exon|gene|transcript	36
chr17	3728168	3728204	ENSG00000083457.12	exon|gene|transcript	36
chr17	28642335	28642370	ENSG00000007202.16	exon|gene|transcript	35
chr17	58508841	58508876	ENSG00000108389.10	exon|gene|transcript	35
chr17	72421136	72421171	ENSG00000227036.10	exon|gene|transcript	35
chr17	27430133	27430168	ENSG00000266433.7|ENSG00000290422.1	exon|gene|transcript	35
chr17	48590441	48590476	ENSG00000120093.12|ENSG00000233101.10	exon|gene|transcript	35
chr17	48575333	48575368	ENSG00000120093.12|ENSG00000233101.10	exon|gene|transcript	35
chr17	76553205	76553240	ENSG00000214140.11|ENSG00000267546.2	exon|gene|transcript	35
chr17	44023571	44023606	ENSG00000091947.10	exon|gene|transcript	35
chr17	47600117	47600152	ENSG00000141279.18	exon|gene|transcript	35
chr17	47891225	47891260	ENSG00000264920.4	exon|gene|transcript	35
chr17	82464200	82464235	ENSG00000141562.19|ENSG00000279744.1	exon|gene|transcript	35
chr17	72119458	72119493	ENSG00000234899.11|ENSG00000288605.1	exon|gene|transcript	35
chr17	16440539	16440574	ENSG00000175061.20|ENSG00000266651.1	exon|gene|transcript	35
chr17	41072306	41072341	ENSG00000237230.1	exon|gene|transcript	35
chr17	73743027	73743062	ENSG00000263574.2	exon|gene|transcript	35
chr17	72119413	72119448	ENSG00000234899.11|ENSG00000288605.1	exon|gene|transcript	35
chr17	49458588	49458623	ENSG00000249497.1|ENSG00000262039.1	exon|gene|transcript	35
chr17	49510816	49510851	ENSG00000064300.9|ENSG00000249906.1|ENSG00000277478.1	exon|gene|transcript	35
chr17	81251803	81251838	ENSG00000157637.13	exon|gene|transcript	35
chr17	49407157	49407192	ENSG00000167085.14|ENSG00000262039.1	exon|gene|transcript	35
chr17	82650268	82650303	ENSG00000279613.1	exon|gene|transcript	35
chr17	32602676	32602711	ENSG00000176658.17	exon|gene|transcript	35
chr17	10406238	10406273	ENSG00000133020.4|ENSG00000272736.5|ENSG00000272975.1	exon|gene|transcript	35
chr17	6695690	6695725	ENSG00000141485.17	exon|gene|transcript	35
chr17	10613709	10613744	ENSG00000214970.8|ENSG00000272975.1	exon|gene|transcript	35
chr17	80340574	80340609	ENSG00000173821.20|ENSG00000280248.1	exon|gene|transcript	35
chr17	60076321	60076356	ENSG00000068097.16	exon|gene|transcript	35
chr17	80058822	80058857	ENSG00000141519.15|ENSG00000289689.1	exon|gene|transcript	35
chr17	7576693	7576728	ENSG00000161960.16|ENSG00000264772.6|ENSG00000277957.1	exon|gene|transcript	35
chr17	82881589	82881624	ENSG00000141556.22	exon|gene|transcript	35
chr17	27346976	27347011	ENSG00000266313.2	exon|gene|transcript	35
chr17	4718114	4718149	ENSG00000141480.18	exon|gene|transcript	35
chr17	31873753	31873788	ENSG00000108651.10	exon|gene|transcript	35
chr17	63381460	63381495	ENSG00000170921.16|ENSG00000226797.2	exon|gene|transcript	35
chr17	28563907	28563942	ENSG00000087111.22|ENSG00000167524.17	exon|gene|transcript	35
chr17	75373257	75373292	ENSG00000177885.15|ENSG00000264853.1|ENSG00000265987.1	exon|gene|transcript	35
chr17	75920107	75920142	ENSG00000188878.20|ENSG00000267426.5	exon|gene|transcript	35
chr17	82153845	82153880	ENSG00000176155.21|ENSG00000265678.1	exon|gene|transcript	35
chr17	58709823	58709858	ENSG00000108384.16	exon|gene|transcript	35
chr17	35321971	35322006	ENSG00000267364.4	exon|gene|transcript	35
chr17	75492203	75492238	ENSG00000177728.17	exon|gene|transcript	35
chr17	81914051	81914086	ENSG00000187531.14	exon|gene|transcript	35
chr17	27587639	27587674	ENSG00000141068.17	exon|gene|transcript	35
chr17	9305608	9305643	ENSG00000170310.15|ENSG00000263708.2	exon|gene|transcript	35
chr17	44911480	44911515	ENSG00000131095.14	exon|gene|transcript	35
chr17	12637010	12637045	ENSG00000179136.8	exon|gene|transcript	35
chr17	7582662	7582697	ENSG00000233223.5	exon|gene|transcript	35
chr17	39657852	39657887	ENSG00000131748.16	exon|gene|transcript	35
chr17	50551904	50551939	ENSG00000006282.22	exon|gene|transcript	35
chr17	7291182	7291217	ENSG00000006047.13	exon|gene|transcript	35
chr17	1769740	1769775	ENSG00000132386.11	exon|gene|transcript	35
chr17	19657476	19657511	ENSG00000072210.19	exon|gene|transcript	35
chr17	18430879	18430914	ENSG00000186831.12|ENSG00000290656.1	exon|gene|transcript	35
chr17	46033044	46033079	ENSG00000120071.15	exon|gene|transcript	35
chr17	64593404	64593439	ENSG00000108854.16	exon|gene|transcript	35
chr17	18698734	18698769	ENSG00000291110.1	exon|gene|transcript	35
chr17	55527921	55527956	ENSG00000293350.1	exon|gene|transcript	35
chr17	17766267	17766302	ENSG00000108557.20|ENSG00000237328.1	exon|gene|transcript	35
chr17	30456526	30456561	ENSG00000108582.12	exon|gene|transcript	35
chr17	64370210	64370245	ENSG00000261371.6	exon|gene|transcript	35
chr17	74213212	74213247	ENSG00000246731.3	exon|gene|transcript	35
chr17	81389288	81389323	ENSG00000262877.5	exon|gene|transcript	35
chr17	70168857	70168892	ENSG00000123700.5|ENSG00000267365.2	exon|gene|transcript	35
chr17	80802151	80802185	ENSG00000141564.16|ENSG00000262833.1	exon|gene|transcript	34
chr17	12635065	12635099	ENSG00000179136.8	exon|gene|transcript	34
chr17	42323354	42323388	ENSG00000168610.17	exon|gene|transcript	34
chr17	18541485	18541519	ENSG00000273018.7|ENSG00000291090.1	exon|gene|transcript	34
chr17	62606095	62606129	ENSG00000146872.19	exon|gene|transcript	34
chr17	62920574	62920608	ENSG00000283538.3	exon|gene|transcript	34
chr17	20342494	20342528	ENSG00000154898.17|ENSG00000293363.2	exon|gene|transcript	34
chr17	57266759	57266793	ENSG00000153944.12	exon|gene|transcript	34
chr17	18603569	18603603	ENSG00000154874.18|ENSG00000291090.1	exon|gene|transcript	34
chr17	64940167	64940201	ENSG00000266155.2	exon|gene|transcript	34
chr17	3894678	3894712	ENSG00000004660.15	exon|gene|transcript	34
chr17	79926137	79926171	ENSG00000262585.1	exon|gene|transcript	34
chr17	19664539	19664573	ENSG00000072210.19	exon|gene|transcript	34
chr17	59362669	59362703	ENSG00000175155.11|ENSG00000278863.1	exon|gene|transcript	34
chr17	78075351	78075385	ENSG00000078687.18	exon|gene|transcript	34
chr17	7017525	7017559	ENSG00000267047.1|ENSG00000267532.5	exon|gene|transcript	34
chr17	53971616	53971650	ENSG00000285939.2	exon|gene|transcript	34
chr17	39044572	39044606	ENSG00000214553.12|ENSG00000290925.1	exon|gene|transcript	34
chr17	29566051	29566085	ENSG00000167543.16|ENSG00000168792.5|ENSG00000264031.1	exon|gene|transcript	34
chr17	73755721	73755755	ENSG00000177338.14|ENSG00000263574.2	exon|gene|transcript	34
chr17	28633401	28633435	ENSG00000007202.16|ENSG00000264044.1	exon|gene|transcript	34
chr17	38202071	38202105	ENSG00000274487.5|ENSG00000291088.1	exon|gene|transcript	34
chr17	7220224	7220258	ENSG00000072778.20	exon|gene|transcript	34
chr17	49602007	49602041	ENSG00000121067.19	exon|gene|transcript	34
chr17	20904558	20904592	ENSG00000233098.10	exon|gene|transcript	34
chr17	19418911	19418945	ENSG00000235979.9	exon|gene|transcript	34
chr17	61399238	61399272	ENSG00000267131.1|ENSG00000267280.6	exon|gene|transcript	34
chr17	49149077	49149111	ENSG00000167080.9|ENSG00000240995.2	exon|gene|transcript	34
chr17	72084989	72085023	ENSG00000226101.2|ENSG00000234899.11|ENSG00000288605.1	exon|gene|transcript	34
chr17	60527087	60527121	ENSG00000259349.4	exon|gene|transcript	34
chr17	60586307	60586341	ENSG00000267772.1	exon|gene|transcript	34
chr17	7224069	7224103	ENSG00000072778.20	exon|gene|transcript	34
chr17	49573974	49574008	ENSG00000249906.1|ENSG00000250310.2	exon|gene|transcript	34
chr17	83221408	83221442	ENSG00000262094.1|ENSG00000262898.5	exon|gene|transcript	34
chr17	28656269	28656303	ENSG00000132581.10	exon|gene|transcript	34
chr17	38118407	38118441	ENSG00000274615.1	exon|gene|transcript	34
chr17	72089178	72089212	ENSG00000226101.2|ENSG00000234899.11|ENSG00000288605.1	exon|gene|transcript	34
chr17	21512236	21512270	ENSG00000212719.15	exon|gene|transcript	34
chr17	17509545	17509579	ENSG00000133027.18|ENSG00000286430.1	exon|gene|transcript	34
chr17	1716095	1716129	ENSG00000186594.16	exon|gene|transcript	34
chr17	29053595	29053629	ENSG00000179761.12	exon|gene|transcript	34
chr17	28307216	28307250	ENSG00000293325.1	exon|gene|transcript	34
chr17	18595147	18595181	ENSG00000154874.18|ENSG00000291090.1	exon|gene|transcript	34
chr17	41968033	41968067	ENSG00000173786.17	exon|gene|transcript	34
chr17	42345413	42345447	ENSG00000168610.17	exon|gene|transcript	34
chr17	35443920	35443954	ENSG00000154760.14	exon|gene|transcript	34
chr17	62138871	62138905	ENSG00000266066.1	exon|gene|transcript	34
chr17	45895513	45895547	ENSG00000186868.18|ENSG00000264589.5	exon|gene|transcript	34
chr17	77211736	77211770	ENSG00000129657.16	exon|gene|transcript	34
chr17	43105830	43105864	ENSG00000012048.25	exon|gene|transcript	34
chr17	45826980	45827014	ENSG00000120088.16|ENSG00000263715.7|ENSG00000264589.5	exon|gene|transcript	34
chr17	36314308	36314342	ENSG00000261499.2	exon|gene|transcript	34
chr17	8176974	8177008	ENSG00000266824.1	exon|gene|transcript	34
chr17	33624088	33624122	ENSG00000108684.15|ENSG00000265125.5	exon|gene|transcript	34
chr17	50743671	50743705	ENSG00000108848.16	exon|gene|transcript	34
chr17	41627728	41627762	ENSG00000214514.9|ENSG00000290861.1	exon|gene|transcript	34
chr17	28861864	28861898	ENSG00000264066.7	exon|gene|transcript	34
chr17	36499310	36499344	ENSG00000278259.5	exon|gene|transcript	34
chr17	27662896	27662930	ENSG00000265788.3|ENSG00000290973.1	exon|gene|transcript	34
chr17	76849955	76849989	ENSG00000267535.2	exon|gene|transcript	34
chr17	50379567	50379601	ENSG00000108829.10|ENSG00000154920.15	exon|gene|transcript	34
chr17	60018941	60018975	ENSG00000267104.2	exon|gene|transcript	34
chr17	7227862	7227896	ENSG00000004975.12	exon|gene|transcript	34
chr17	76627238	76627272	ENSG00000070526.15|ENSG00000163597.17	exon|gene|transcript	34
chr17	61462878	61462912	ENSG00000121075.11|ENSG00000267137.1	exon|gene|transcript	34
chr17	20350937	20350971	ENSG00000154898.17	exon|gene|transcript	34
chr17	79601992	79602026	ENSG00000167281.20|ENSG00000263278.2	exon|gene|transcript	34
chr17	7702846	7702880	ENSG00000141499.18	exon|gene|transcript	34
chr17	46831149	46831182	ENSG00000108379.11	exon|gene|transcript	33
chr17	73835946	73835979	ENSG00000265927.1	exon|gene|transcript	33
chr17	18735427	18735460	ENSG00000108448.24|ENSG00000291110.1	exon|gene|transcript	33
chr17	34479895	34479928	ENSG00000225582.2	exon|gene|transcript	33
chr17	65688331	65688364	ENSG00000154240.18	exon|gene|transcript	33
chr17	81030200	81030233	ENSG00000226137.5	exon|gene|transcript	33
chr17	79802003	79802036	ENSG00000262768.2	exon|gene|transcript	33
chr17	45240625	45240658	ENSG00000184922.15|ENSG00000233175.2	exon|gene|transcript	33
chr17	45161477	45161510	ENSG00000168517.11|ENSG00000224505.4	exon|gene|transcript	33
chr17	38257152	38257185	ENSG00000291088.1	exon|gene|transcript	33
chr17	82483332	82483365	ENSG00000141562.19|ENSG00000266236.1	exon|gene|transcript	33
chr17	43814361	43814394	ENSG00000161647.19	exon|gene|transcript	33
chr17	43917208	43917241	ENSG00000267496.4|ENSG00000282199.1	exon|gene|transcript	33
chr17	21532973	21533006	ENSG00000212719.15|ENSG00000266466.1	exon|gene|transcript	33
chr17	21533006	21533039	ENSG00000212719.15|ENSG00000266466.1	exon|gene|transcript	33
chr17	61406308	61406341	ENSG00000121068.14|ENSG00000267280.6	exon|gene|transcript	33
chr17	17820056	17820089	ENSG00000072310.18	exon|gene|transcript	33
chr17	70051377	70051410	ENSG00000230258.6|ENSG00000267603.1	exon|gene|transcript	33
chr17	36725347	36725380	ENSG00000275613.2	exon|gene|transcript	33
chr17	30285506	30285539	ENSG00000108578.15	exon|gene|transcript	33
chr17	15271638	15271671	ENSG00000109099.16|ENSG00000286792.1	exon|gene|transcript	33
chr17	81385140	81385173	ENSG00000262223.10	exon|gene|transcript	33
chr17	42718067	42718100	ENSG00000108799.13	exon|gene|transcript	33
chr17	46931576	46931609	ENSG00000108433.17|ENSG00000262633.2	exon|gene|transcript	33
chr17	81384945	81384978	ENSG00000262223.10	exon|gene|transcript	33
chr17	50161243	50161276	ENSG00000253730.1	exon|gene|transcript	33
chr17	50164111	50164144	ENSG00000261959.1	exon|gene|transcript	33
chr17	43376963	43376996	ENSG00000188825.16	exon|gene|transcript	33
chr17	36511225	36511258	ENSG00000278259.5	exon|gene|transcript	33
chr17	10844533	10844566	ENSG00000285220.1|ENSG00000289964.1	exon|gene|transcript	33
chr17	39707422	39707455	ENSG00000141736.14	exon|gene|transcript	33
chr17	33792108	33792141	ENSG00000108684.15|ENSG00000283417.1	exon|gene|transcript	33
chr17	18698334	18698367	ENSG00000291110.1	exon|gene|transcript	33
chr17	46039907	46039940	ENSG00000120071.15	exon|gene|transcript	33
chr17	50536346	50536379	ENSG00000049283.19|ENSG00000250286.2	exon|gene|transcript	33
chr17	30792406	30792439	ENSG00000176390.12|ENSG00000266490.1	exon|gene|transcript	33
chr17	19654872	19654905	ENSG00000072210.19	exon|gene|transcript	33
chr17	36491198	36491231	ENSG00000273611.5|ENSG00000274164.1	exon|gene|transcript	33
chr17	29133760	29133793	ENSG00000196535.20	exon|gene|transcript	33
chr17	74603736	74603769	ENSG00000261222.4	exon|gene|transcript	33
chr17	82163357	82163390	ENSG00000176155.21	exon|gene|transcript	33
chr17	75273639	75273672	ENSG00000125454.12|ENSG00000263843.1	exon|gene|transcript	33
chr17	8384442	8384475	ENSG00000288750.1	exon|gene|transcript	33
chr17	68152835	68152868	ENSG00000267708.1|ENSG00000291214.1	exon|gene|transcript	33
chr17	6896553	6896586	ENSG00000215067.12|ENSG00000262943.10|ENSG00000291084.1	exon|gene|transcript	33
chr17	41971343	41971376	ENSG00000173786.17	exon|gene|transcript	33
chr17	6641465	6641498	ENSG00000129235.11	exon|gene|transcript	33
chr17	45646605	45646638	ENSG00000263715.7|ENSG00000293460.1	exon|gene|transcript	33
chr17	42878526	42878559	ENSG00000213373.7	exon|gene|transcript	33
chr17	56156543	56156576	ENSG00000153930.13	exon|gene|transcript	33
chr17	67260271	67260304	ENSG00000285877.1	exon|gene|transcript	33
chr17	16791704	16791737	ENSG00000266302.6|ENSG00000272815.1|ENSG00000290976.1	exon|gene|transcript	33
chr17	64876997	64877030	ENSG00000176809.11	exon|gene|transcript	33
chr17	18524849	18524882	ENSG00000273018.7	exon|gene|transcript	33
chr17	18523966	18523999	ENSG00000273018.7	exon|gene|transcript	33
chr17	34051703	34051736	ENSG00000108684.15|ENSG00000265356.2|ENSG00000279668.4	exon|gene|transcript	33
chr17	18542154	18542187	ENSG00000154874.18|ENSG00000273018.7|ENSG00000291090.1	exon|gene|transcript	33
chr17	64934170	64934203	ENSG00000290457.1	exon|gene|transcript	33
chr17	7350093	7350126	ENSG00000072818.12	exon|gene|transcript	33
chr17	75897484	75897517	ENSG00000267342.1	exon|gene|transcript	33
chr17	16164945	16164978	ENSG00000141027.23	exon|gene|transcript	33
chr17	82956769	82956801	ENSG00000175711.9	exon|gene|transcript	32
chr17	31045549	31045581	ENSG00000265798.7|ENSG00000290858.1|ENSG00000291063.1	exon|gene|transcript	32
chr17	13100491	13100523	ENSG00000273098.3	exon|gene|transcript	32
chr17	656731	656763	ENSG00000141252.21	exon|gene|transcript	32
chr17	32432809	32432841	ENSG00000264083.1|ENSG00000279762.3	exon|gene|transcript	32
chr17	82769562	82769594	ENSG00000141556.22	exon|gene|transcript	32
chr17	29675842	29675874	ENSG00000141298.19|ENSG00000264031.1	exon|gene|transcript	32
chr17	38852732	38852764	ENSG00000125691.14	exon|gene|transcript	32
chr17	81018492	81018524	ENSG00000262873.2	exon|gene|transcript	32
chr17	39165401	39165433	ENSG00000141748.13|ENSG00000280177.1	exon|gene|transcript	32
chr17	82160055	82160087	ENSG00000176155.21|ENSG00000266654.1	exon|gene|transcript	32
chr17	13793275	13793307	ENSG00000236088.12	exon|gene|transcript	32
chr17	30577208	30577240	ENSG00000214719.13	exon|gene|transcript	32
chr17	30631895	30631927	ENSG00000214719.13|ENSG00000250462.9|ENSG00000290450.1	exon|gene|transcript	32
chr17	81691873	81691905	ENSG00000185359.14	exon|gene|transcript	32
chr17	1012557	1012589	ENSG00000159842.16	exon|gene|transcript	32
chr17	29617445	29617477	ENSG00000167549.19|ENSG00000264031.1	exon|gene|transcript	32
chr17	81231365	81231397	ENSG00000167302.11|ENSG00000260005.6	exon|gene|transcript	32
chr17	7191452	7191484	ENSG00000132535.22	exon|gene|transcript	32
chr17	7192294	7192326	ENSG00000132535.22|ENSG00000279812.1	exon|gene|transcript	32
chr17	3647572	3647604	ENSG00000040531.16	exon|gene|transcript	32
chr17	81689034	81689066	ENSG00000185359.14	exon|gene|transcript	32
chr17	15787786	15787818	ENSG00000265519.1	exon|gene|transcript	32
chr17	44221962	44221994	ENSG00000260793.4|ENSG00000288877.2	exon|gene|transcript	32
chr17	76049564	76049596	ENSG00000167881.15	exon|gene|transcript	32
chr17	75684010	75684042	ENSG00000161526.15|ENSG00000264270.1	exon|gene|transcript	32
chr17	27333376	27333408	ENSG00000266313.2	exon|gene|transcript	32
chr17	5536940	5536972	ENSG00000091592.17	exon|gene|transcript	32
chr17	77491497	77491529	ENSG00000184640.20	exon|gene|transcript	32
chr17	77098184	77098216	ENSG00000129657.16|ENSG00000234912.12	exon|gene|transcript	32
chr17	16563232	16563264	ENSG00000141040.15	exon|gene|transcript	32
chr17	58519861	58519893	ENSG00000264672.6	exon|gene|transcript	32
chr17	64785221	64785253	ENSG00000291117.1	exon|gene|transcript	32
chr17	19560493	19560525	ENSG00000142494.13|ENSG00000262769.1	exon|gene|transcript	32
chr17	51169856	51169888	ENSG00000011052.21|ENSG00000243678.12	exon|gene|transcript	32
chr17	51042523	51042555	ENSG00000008294.22|ENSG00000249870.1	exon|gene|transcript	32
chr17	2396480	2396512	ENSG00000070444.15	exon|gene|transcript	32
chr17	18420818	18420850	ENSG00000205266.11|ENSG00000290655.1	exon|gene|transcript	32
chr17	8233032	8233064	ENSG00000178971.17	exon|gene|transcript	32
chr17	2023595	2023627	ENSG00000185924.7|ENSG00000262869.1	exon|gene|transcript	32
chr17	73202967	73202999	ENSG00000166685.13|ENSG00000277728.1	exon|gene|transcript	32
chr17	48894316	48894348	ENSG00000159199.14|ENSG00000293025.1	exon|gene|transcript	32
chr17	50171698	50171730	ENSG00000108823.17|ENSG00000188662.9|ENSG00000293483.1	exon|gene|transcript	32
chr17	60550766	60550798	ENSG00000259349.4	exon|gene|transcript	32
chr17	72089086	72089118	ENSG00000226101.2|ENSG00000234899.11|ENSG00000288605.1	exon|gene|transcript	32
chr17	72118351	72118383	ENSG00000234899.11|ENSG00000288605.1	exon|gene|transcript	32
chr17	67737038	67737070	ENSG00000130935.10	exon|gene|transcript	32
chr17	58082231	58082263	ENSG00000266290.1	exon|gene|transcript	32
chr17	68140694	68140726	ENSG00000267023.6|ENSG00000290646.1|ENSG00000291214.1	exon|gene|transcript	32
chr17	61120181	61120213	ENSG00000141376.24|ENSG00000286997.1	exon|gene|transcript	32
chr17	17777680	17777712	ENSG00000108557.20|ENSG00000226746.2	exon|gene|transcript	32
chr17	17759354	17759386	ENSG00000108557.20|ENSG00000237328.1	exon|gene|transcript	32
chr17	75272397	75272429	ENSG00000263843.1	exon|gene|transcript	32
chr17	5704024	5704056	ENSG00000286356.1	exon|gene|transcript	32
chr17	43388824	43388856	ENSG00000188825.16|ENSG00000288909.2	exon|gene|transcript	32
chr17	42561618	42561650	ENSG00000068120.15|ENSG00000266929.1	exon|gene|transcript	32
chr17	42309933	42309965	ENSG00000126561.18	exon|gene|transcript	32
chr17	42561586	42561618	ENSG00000068120.15|ENSG00000266929.1	exon|gene|transcript	32
chr17	43079301	43079333	ENSG00000012048.25|ENSG00000240828.1	exon|gene|transcript	32
chr17	40633303	40633335	ENSG00000073584.20|ENSG00000264058.2	exon|gene|transcript	32
chr17	16439659	16439691	ENSG00000175061.20	exon|gene|transcript	32
chr17	61413155	61413187	ENSG00000187013.4	exon|gene|transcript	32
chr17	81690289	81690320	ENSG00000185359.14	exon|gene|transcript	31
chr17	31380196	31380227	ENSG00000196712.20	exon|gene|transcript	31
chr17	62626453	62626484	ENSG00000274565.1	exon|gene|transcript	31
chr17	7573284	7573315	ENSG00000161960.16|ENSG00000264772.6|ENSG00000277957.1	exon|gene|transcript	31
chr17	19219792	19219823	ENSG00000072134.16|ENSG00000281856.1	exon|gene|transcript	31
chr17	12010739	12010770	ENSG00000241185.3|ENSG00000293152.1	exon|gene|transcript	31
chr17	81694393	81694424	ENSG00000185359.14	exon|gene|transcript	31
chr17	35554704	35554735	ENSG00000236320.4|ENSG00000267359.1	exon|gene|transcript	31
chr17	67355391	67355422	ENSG00000197170.10	exon|gene|transcript	31
chr17	58720957	58720988	ENSG00000108384.16	exon|gene|transcript	31
chr17	4959983	4960014	ENSG00000091640.8	exon|gene|transcript	31
chr17	54990957	54990988	ENSG00000166263.13	exon|gene|transcript	31
chr17	18519643	18519674	ENSG00000233327.12|ENSG00000273018.7|ENSG00000290659.1	exon|gene|transcript	31
chr17	4816905	4816936	ENSG00000129219.14	exon|gene|transcript	31
chr17	50471422	50471453	ENSG00000167107.13	exon|gene|transcript	31
chr17	68145595	68145626	ENSG00000267023.6|ENSG00000290646.1|ENSG00000291214.1	exon|gene|transcript	31
chr17	5060784	5060815	ENSG00000262495.1	exon|gene|transcript	31
chr17	49407442	49407473	ENSG00000167085.14|ENSG00000262039.1	exon|gene|transcript	31
chr17	49823295	49823326	ENSG00000136504.15	exon|gene|transcript	31
chr17	49824884	49824915	ENSG00000136504.15	exon|gene|transcript	31
chr17	5235643	5235674	ENSG00000261879.9	exon|gene|transcript	31
chr17	72324021	72324052	ENSG00000227036.10	exon|gene|transcript	31
chr17	63834328	63834359	ENSG00000108604.18	exon|gene|transcript	31
chr17	73518211	73518242	ENSG00000069188.17|ENSG00000264985.4	exon|gene|transcript	31
chr17	18441299	18441330	ENSG00000214856.12|ENSG00000290657.1	exon|gene|transcript	31
chr17	44868350	44868381	ENSG00000108883.13	exon|gene|transcript	31
chr17	45987210	45987241	ENSG00000186868.18	exon|gene|transcript	31
chr17	45647163	45647194	ENSG00000263715.7|ENSG00000293460.1	exon|gene|transcript	31
chr17	75621825	75621856	ENSG00000266714.11	exon|gene|transcript	31
chr17	6985108	6985139	ENSG00000215067.12	exon|gene|transcript	31
chr17	41626597	41626628	ENSG00000214514.9|ENSG00000290861.1	exon|gene|transcript	31
chr17	7613957	7613988	ENSG00000129214.15|ENSG00000129245.13	exon|gene|transcript	31
chr17	81392332	81392363	ENSG00000289913.1	exon|gene|transcript	31
chr17	7291531	7291562	ENSG00000006047.13	exon|gene|transcript	31
chr17	81689361	81689392	ENSG00000185359.14	exon|gene|transcript	31
chr17	63435656	63435687	ENSG00000008283.16	exon|gene|transcript	31
chr17	38715327	38715358	ENSG00000275023.5|ENSG00000275665.1	exon|gene|transcript	31
chr17	37632081	37632112	ENSG00000278053.5	exon|gene|transcript	31
chr17	38855639	38855670	ENSG00000244086.1	exon|gene|transcript	31
chr17	7840339	7840370	ENSG00000132510.11	exon|gene|transcript	31
chr17	31963822	31963853	ENSG00000178691.11|ENSG00000253058.1	exon|gene|transcript	31
chr17	7548859	7548890	ENSG00000239697.12	exon|gene|transcript	31
chr17	82440361	82440392	ENSG00000169660.17	exon|gene|transcript	31
chr17	81697160	81697191	ENSG00000185359.14|ENSG00000275902.1	exon|gene|transcript	31
chr17	81696063	81696094	ENSG00000185359.14	exon|gene|transcript	31
chr17	32141225	32141256	ENSG00000214708.4	exon|gene|transcript	31
chr17	32150983	32151014	ENSG00000126858.19|ENSG00000265293.2	exon|gene|transcript	31
chr17	16831407	16831438	ENSG00000227300.13	exon|gene|transcript	31
chr17	79916395	79916426	ENSG00000262585.1	exon|gene|transcript	31
chr17	45459764	45459795	ENSG00000225190.12|ENSG00000236234.1	exon|gene|transcript	31
chr17	50998412	50998443	ENSG00000008294.22	exon|gene|transcript	31
chr17	51333097	51333128	ENSG00000249383.2|ENSG00000249982.1	exon|gene|transcript	31
chr17	20725613	20725644	ENSG00000226521.8|ENSG00000290430.1	exon|gene|transcript	31
chr17	50215357	50215388	ENSG00000249406.3	exon|gene|transcript	31
chr17	76049033	76049064	ENSG00000167881.15	exon|gene|transcript	31
chr17	76633594	76633625	ENSG00000070526.15|ENSG00000163597.17	exon|gene|transcript	31
chr17	44894385	44894416	ENSG00000108883.13	exon|gene|transcript	31
chr17	42668374	42668405	ENSG00000068137.15	exon|gene|transcript	31
chr17	41623092	41623123	ENSG00000128422.18	exon|gene|transcript	31
chr17	79991976	79992007	ENSG00000167291.16|ENSG00000262172.1	exon|gene|transcript	31
chr17	40295456	40295487	ENSG00000094804.12	exon|gene|transcript	31
chr17	79919611	79919642	ENSG00000262188.4|ENSG00000262585.1	exon|gene|transcript	31
chr17	16344711	16344742	ENSG00000108474.17|ENSG00000166582.11	exon|gene|transcript	31
chr17	16653939	16653970	ENSG00000264765.1	exon|gene|transcript	31
chr17	77536252	77536283	ENSG00000267665.3	exon|gene|transcript	31
chr17	40166861	40166892	ENSG00000108349.17	exon|gene|transcript	31
chr17	35460345	35460375	ENSG00000267312.1	exon|gene|transcript	30
chr17	14029801	14029831	ENSG00000236088.12	exon|gene|transcript	30
chr17	30730152	30730182	ENSG00000263603.1|ENSG00000290928.1	exon|gene|transcript	30
chr17	32203859	32203889	ENSG00000126858.19	exon|gene|transcript	30
chr17	31887649	31887679	ENSG00000108651.10	exon|gene|transcript	30
chr17	33955023	33955053	ENSG00000108684.15|ENSG00000265356.2|ENSG00000279668.4	exon|gene|transcript	30
chr17	39743301	39743331	ENSG00000141738.14	exon|gene|transcript	30
chr17	29165481	29165511	ENSG00000196535.20	exon|gene|transcript	30
chr17	1013164	1013194	ENSG00000159842.16	exon|gene|transcript	30
chr17	15743650	15743680	ENSG00000214946.15|ENSG00000233002.2|ENSG00000255104.9	exon|gene|transcript	30
chr17	7702880	7702910	ENSG00000141499.18	exon|gene|transcript	30
chr17	81085064	81085094	ENSG00000175866.16	exon|gene|transcript	30
chr17	81688514	81688544	ENSG00000185359.14	exon|gene|transcript	30
chr17	37844488	37844518	ENSG00000290810.1	exon|gene|transcript	30
chr17	81307788	81307818	ENSG00000185168.7	exon|gene|transcript	30
chr17	7222146	7222176	ENSG00000072778.20	exon|gene|transcript	30
chr17	81689174	81689204	ENSG00000185359.14	exon|gene|transcript	30
chr17	35573723	35573753	ENSG00000207297.1|ENSG00000267321.4	exon|gene|transcript	30
chr17	81703156	81703186	ENSG00000262049.2	exon|gene|transcript	30
chr17	81692056	81692086	ENSG00000185359.14	exon|gene|transcript	30
chr17	19219347	19219377	ENSG00000072134.16|ENSG00000281856.1	exon|gene|transcript	30
chr17	81689855	81689885	ENSG00000185359.14	exon|gene|transcript	30
chr17	30646244	30646274	ENSG00000214719.13	exon|gene|transcript	30
chr17	40835359	40835389	ENSG00000167920.12	exon|gene|transcript	30
chr17	41448182	41448212	ENSG00000236473.1	exon|gene|transcript	30
chr17	11199315	11199345	ENSG00000285541.1	exon|gene|transcript	30
chr17	40115176	40115206	ENSG00000279199.1	exon|gene|transcript	30
chr17	80058337	80058367	ENSG00000141519.15|ENSG00000289689.1	exon|gene|transcript	30
chr17	42115692	42115722	ENSG00000108773.11	exon|gene|transcript	30
chr17	45978344	45978374	ENSG00000186868.18	exon|gene|transcript	30
chr17	75902154	75902184	ENSG00000204316.13|ENSG00000267426.5	exon|gene|transcript	30
chr17	43490463	43490493	ENSG00000067596.12	exon|gene|transcript	30
chr17	75843769	75843799	ENSG00000092929.13	exon|gene|transcript	30
chr17	27411437	27411467	ENSG00000266356.1	exon|gene|transcript	30
chr17	41622324	41622354	ENSG00000128422.18	exon|gene|transcript	30
chr17	41819179	41819209	ENSG00000141756.20	exon|gene|transcript	30
chr17	28265551	28265581	ENSG00000260777.2	exon|gene|transcript	30
chr17	77264179	77264209	ENSG00000263718.3|ENSG00000265121.1	exon|gene|transcript	30
chr17	17820742	17820772	ENSG00000072310.18	exon|gene|transcript	30
chr17	21641356	21641386	ENSG00000291022.1	exon|gene|transcript	30
chr17	46352267	46352297	ENSG00000228696.11	exon|gene|transcript	30
chr17	46196693	46196723	ENSG00000120071.15|ENSG00000214401.6	exon|gene|transcript	30
chr17	46092952	46092982	ENSG00000120071.15	exon|gene|transcript	30
chr17	75272615	75272645	ENSG00000263843.1	exon|gene|transcript	30
chr17	6189724	6189754	ENSG00000262231.2	exon|gene|transcript	30
chr17	18332899	18332929	ENSG00000176974.22	exon|gene|transcript	30
chr17	72598040	72598070	ENSG00000227036.10	exon|gene|transcript	30
chr17	47892559	47892589	ENSG00000264920.4	exon|gene|transcript	30
chr17	47839858	47839888	ENSG00000141295.14	exon|gene|transcript	30
chr17	21440243	21440273	ENSG00000212719.15	exon|gene|transcript	30
chr17	48602078	48602108	ENSG00000108511.10|ENSG00000120093.12|ENSG00000233101.10	exon|gene|transcript	30
chr17	48559585	48559615	ENSG00000120093.12|ENSG00000233101.10|ENSG00000239552.2	exon|gene|transcript	30
chr17	48636867	48636897	ENSG00000272763.1	exon|gene|transcript	30
chr17	72119493	72119523	ENSG00000234899.11|ENSG00000288605.1	exon|gene|transcript	30
chr17	61034635	61034665	ENSG00000141376.24|ENSG00000267207.1	exon|gene|transcript	30
chr17	18735460	18735490	ENSG00000291110.1	exon|gene|transcript	30
chr17	50118130	50118160	ENSG00000167100.15	exon|gene|transcript	30
chr17	70333515	70333545	ENSG00000267109.1	exon|gene|transcript	30
chr17	20938489	20938519	ENSG00000233098.10	exon|gene|transcript	30
chr17	20981624	20981654	ENSG00000233098.10|ENSG00000266009.1	exon|gene|transcript	30
chr17	60135901	60135931	ENSG00000267095.1|ENSG00000286435.1	exon|gene|transcript	30
chr17	69012251	69012281	ENSG00000154258.17|ENSG00000231749.3	exon|gene|transcript	30
chr17	8481146	8481176	ENSG00000133026.14|ENSG00000166579.16	exon|gene|transcript	30
chr17	57994108	57994138	ENSG00000264112.1|ENSG00000266086.3	exon|gene|transcript	30
chr17	2672757	2672787	ENSG00000007168.14	exon|gene|transcript	30
chr17	58329753	58329783	ENSG00000265148.7	exon|gene|transcript	30
chr17	58476137	58476167	ENSG00000176160.11|ENSG00000266648.1	exon|gene|transcript	30
chr17	65117089	65117119	ENSG00000108370.17	exon|gene|transcript	30
chr17	64812461	64812491	ENSG00000214176.12|ENSG00000291117.1	exon|gene|transcript	30
chr17	59679366	59679396	ENSG00000141367.13|ENSG00000141378.15	exon|gene|transcript	30
chr17	46034431	46034460	ENSG00000120071.15	exon|gene|transcript	29
chr17	1995674	1995703	ENSG00000185924.7|ENSG00000262445.3	exon|gene|transcript	29
chr17	22423286	22423315	ENSG00000261020.1	exon|gene|transcript	29
chr17	9808800	9808829	ENSG00000214978.8|ENSG00000278944.1|ENSG00000283025.1	exon|gene|transcript	29
chr17	37368698	37368727	ENSG00000278540.5	exon|gene|transcript	29
chr17	4817972	4818001	ENSG00000129219.14	exon|gene|transcript	29
chr17	2037152	2037181	ENSG00000108963.19	exon|gene|transcript	29
chr17	30803871	30803900	ENSG00000176390.12|ENSG00000276250.1	exon|gene|transcript	29
chr17	31022042	31022071	ENSG00000266865.9|ENSG00000291063.1	exon|gene|transcript	29
chr17	68133708	68133737	ENSG00000267023.6|ENSG00000277476.1|ENSG00000290646.1|ENSG00000291214.1	exon|gene|transcript	29
chr17	45636444	45636473	ENSG00000263715.7|ENSG00000293460.1	exon|gene|transcript	29
chr17	9804314	9804343	ENSG00000214978.8|ENSG00000278944.1|ENSG00000282882.2	exon|gene|transcript	29
chr17	9807460	9807489	ENSG00000214978.8|ENSG00000278944.1|ENSG00000283025.1	exon|gene|transcript	29
chr17	47582712	47582741	ENSG00000141279.18	exon|gene|transcript	29
chr17	3591157	3591186	ENSG00000196689.13|ENSG00000262304.2	exon|gene|transcript	29
chr17	45372028	45372057	ENSG00000267446.1	exon|gene|transcript	29
chr17	57868436	57868465	ENSG00000180891.13	exon|gene|transcript	29
chr17	18517289	18517318	ENSG00000233327.12|ENSG00000273018.7|ENSG00000290659.1	exon|gene|transcript	29
chr17	32344095	32344124	ENSG00000108666.11|ENSG00000263749.2|ENSG00000265794.5	exon|gene|transcript	29
chr17	63862889	63862918	ENSG00000293480.1	exon|gene|transcript	29
chr17	45221414	45221443	ENSG00000267121.7	exon|gene|transcript	29
chr17	59707243	59707272	ENSG00000062716.13|ENSG00000141378.15	exon|gene|transcript	29
chr17	45220425	45220454	ENSG00000267121.7	exon|gene|transcript	29
chr17	59430462	59430491	ENSG00000265313.8	exon|gene|transcript	29
chr17	30774180	30774209	ENSG00000176390.12|ENSG00000264538.8|ENSG00000290928.1	exon|gene|transcript	29
chr17	45553680	45553709	ENSG00000267198.1|ENSG00000267246.1|ENSG00000291175.1	exon|gene|transcript	29
chr17	45586900	45586929	ENSG00000264070.1|ENSG00000285668.1	exon|gene|transcript	29
chr17	45558738	45558767	ENSG00000266504.1|ENSG00000267198.1|ENSG00000291175.1	exon|gene|transcript	29
chr17	18625254	18625283	ENSG00000154874.18|ENSG00000291090.1	exon|gene|transcript	29
chr17	81390160	81390189	ENSG00000262877.5	exon|gene|transcript	29
chr17	36598257	36598286	ENSG00000278535.5	exon|gene|transcript	29
chr17	64785192	64785221	ENSG00000291117.1	exon|gene|transcript	29
chr17	50909245	50909274	ENSG00000229980.5	exon|gene|transcript	29
chr17	13776631	13776660	ENSG00000236088.12	exon|gene|transcript	29
chr17	39629436	39629465	ENSG00000131771.14	exon|gene|transcript	29
chr17	39658267	39658296	ENSG00000131748.16	exon|gene|transcript	29
chr17	57616084	57616113	ENSG00000153944.12	exon|gene|transcript	29
chr17	5248153	5248182	ENSG00000261879.9	exon|gene|transcript	29
chr17	4782639	4782668	ENSG00000142484.7	exon|gene|transcript	29
chr17	18517381	18517410	ENSG00000233327.12|ENSG00000273018.7|ENSG00000290659.1	exon|gene|transcript	29
chr17	41504184	41504213	ENSG00000171401.15	exon|gene|transcript	29
chr17	50214380	50214409	ENSG00000249406.3|ENSG00000263176.1	exon|gene|transcript	29
chr17	78972768	78972797	ENSG00000108679.13	exon|gene|transcript	29
chr17	14725728	14725757	ENSG00000226130.1	exon|gene|transcript	29
chr17	58082040	58082069	ENSG00000266290.1	exon|gene|transcript	29
chr17	16812417	16812446	ENSG00000272815.1	exon|gene|transcript	29
chr17	48602108	48602137	ENSG00000108511.10|ENSG00000120093.12|ENSG00000233101.10	exon|gene|transcript	29
chr17	1472228	1472257	ENSG00000197879.17	exon|gene|transcript	29
chr17	18523776	18523805	ENSG00000273018.7	exon|gene|transcript	29
chr17	50196566	50196595	ENSG00000108821.14	exon|gene|transcript	29
chr17	81239913	81239942	ENSG00000224877.4	exon|gene|transcript	29
chr17	31136358	31136387	ENSG00000196712.20|ENSG00000266371.1	exon|gene|transcript	29
chr17	75225920	75225949	ENSG00000125450.11	exon|gene|transcript	29
chr17	18727621	18727650	ENSG00000108448.24|ENSG00000291110.1	exon|gene|transcript	29
chr17	49702087	49702116	ENSG00000121073.15	exon|gene|transcript	29
chr17	7192153	7192182	ENSG00000132535.22	exon|gene|transcript	29
chr17	21535020	21535049	ENSG00000212719.15|ENSG00000266466.1	exon|gene|transcript	29
chr17	6899461	6899490	ENSG00000215067.12|ENSG00000262943.10|ENSG00000291084.1	exon|gene|transcript	29
chr17	49702420	49702449	ENSG00000121073.15	exon|gene|transcript	29
chr17	63390052	63390081	ENSG00000170921.16|ENSG00000226797.2	exon|gene|transcript	29
chr17	81690982	81691011	ENSG00000185359.14	exon|gene|transcript	29
chr17	35367265	35367294	ENSG00000172716.17	exon|gene|transcript	29
chr17	77883485	77883514	ENSG00000204283.4	exon|gene|transcript	29
chr17	77728530	77728559	ENSG00000267790.1	exon|gene|transcript	29
chr17	64969396	64969425	ENSG00000214174.11|ENSG00000291140.1	exon|gene|transcript	29
chr17	49506269	49506298	ENSG00000064300.9|ENSG00000249906.1	exon|gene|transcript	29
chr17	30568077	30568106	ENSG00000231870.4	exon|gene|transcript	29
chr17	4572486	4572515	ENSG00000262519.1	exon|gene|transcript	29
chr17	78120898	78120927	ENSG00000141524.19	exon|gene|transcript	29
chr17	81693399	81693428	ENSG00000185359.14	exon|gene|transcript	29
chr17	28617318	28617347	ENSG00000007202.16|ENSG00000227543.5	exon|gene|transcript	29
chr17	65903315	65903344	ENSG00000154240.18	exon|gene|transcript	29
chr17	6693230	6693259	ENSG00000141485.17|ENSG00000290366.1	exon|gene|transcript	29
chr17	44176613	44176642	ENSG00000161664.7|ENSG00000267080.8	exon|gene|transcript	29
chr17	34479928	34479957	ENSG00000225582.2	exon|gene|transcript	29
chr17	82050555	82050584	ENSG00000169733.12	exon|gene|transcript	29
chr17	48046875	48046904	ENSG00000263412.3	exon|gene|transcript	29
chr17	76551750	76551779	ENSG00000214140.11|ENSG00000267546.2	exon|gene|transcript	29
chr17	28264861	28264890	ENSG00000260777.2|ENSG00000264486.1	exon|gene|transcript	29
chr17	82188189	82188218	ENSG00000176155.21	exon|gene|transcript	29
chr17	50551939	50551968	ENSG00000006282.22	exon|gene|transcript	29
chr17	77484099	77484128	ENSG00000184640.20	exon|gene|transcript	29
chr17	35863559	35863588	ENSG00000270379.6|ENSG00000270647.7	exon|gene|transcript	29
chr17	50767011	50767039	ENSG00000167117.10	exon|gene|transcript	28
chr17	80316077	80316105	ENSG00000173821.20|ENSG00000262979.1	exon|gene|transcript	28
chr17	81481330	81481358	ENSG00000278200.1	exon|gene|transcript	28
chr17	13755806	13755834	ENSG00000236088.12	exon|gene|transcript	28
chr17	19664821	19664849	ENSG00000072210.19	exon|gene|transcript	28
chr17	74958763	74958791	ENSG00000167861.16	exon|gene|transcript	28
chr17	62036948	62036976	ENSG00000108510.10|ENSG00000285879.1	exon|gene|transcript	28
chr17	60128955	60128983	ENSG00000267248.5	exon|gene|transcript	28
chr17	75339119	75339147	ENSG00000177885.15|ENSG00000228007.1	exon|gene|transcript	28
chr17	54938780	54938808	ENSG00000141198.16	exon|gene|transcript	28
chr17	17235804	17235832	ENSG00000154803.13|ENSG00000264187.1|ENSG00000266498.1	exon|gene|transcript	28
chr17	60083571	60083599	ENSG00000267416.2|ENSG00000293515.1	exon|gene|transcript	28
chr17	26989402	26989430	ENSG00000264734.1	exon|gene|transcript	28
chr17	74212735	74212763	ENSG00000246731.3	exon|gene|transcript	28
chr17	81965681	81965709	ENSG00000264735.1	exon|gene|transcript	28
chr17	14421444	14421472	ENSG00000230647.3	exon|gene|transcript	28
chr17	16820618	16820646	ENSG00000226145.8|ENSG00000290977.1	exon|gene|transcript	28
chr17	20903880	20903908	ENSG00000233098.10	exon|gene|transcript	28
chr17	45842858	45842886	ENSG00000264589.5	exon|gene|transcript	28
chr17	20956681	20956709	ENSG00000233098.10|ENSG00000244456.2	exon|gene|transcript	28
chr17	41638686	41638714	ENSG00000290861.1	exon|gene|transcript	28
chr17	35845244	35845272	ENSG00000270647.7	exon|gene|transcript	28
chr17	20958693	20958721	ENSG00000233098.10	exon|gene|transcript	28
chr17	49317983	49318011	ENSG00000177369.11|ENSG00000198740.9	exon|gene|transcript	28
chr17	35824198	35824226	ENSG00000270647.7|ENSG00000270871.1	exon|gene|transcript	28
chr17	66278231	66278259	ENSG00000284242.1	exon|gene|transcript	28
chr17	19557559	19557587	ENSG00000142494.13|ENSG00000266079.5	exon|gene|transcript	28
chr17	50135649	50135677	ENSG00000108819.11|ENSG00000236472.1	exon|gene|transcript	28
chr17	50172404	50172432	ENSG00000108823.17|ENSG00000293483.1	exon|gene|transcript	28
chr17	48602490	48602518	ENSG00000108511.10|ENSG00000120093.12|ENSG00000233101.10	exon|gene|transcript	28
chr17	7229447	7229475	ENSG00000004975.12	exon|gene|transcript	28
chr17	6690033	6690061	ENSG00000141485.17|ENSG00000256806.6|ENSG00000290366.1	exon|gene|transcript	28
chr17	69032715	69032743	ENSG00000154258.17|ENSG00000231749.3	exon|gene|transcript	28
chr17	48294346	48294374	ENSG00000141293.16|ENSG00000235300.5	exon|gene|transcript	28
chr17	77470864	77470892	ENSG00000184640.20|ENSG00000267016.1|ENSG00000267263.1	exon|gene|transcript	28
chr17	18420417	18420445	ENSG00000290655.1	exon|gene|transcript	28
chr17	43609989	43610017	ENSG00000067596.12	exon|gene|transcript	28
chr17	27930578	27930606	ENSG00000260019.2|ENSG00000286589.1	exon|gene|transcript	28
chr17	39026714	39026742	ENSG00000266013.1|ENSG00000277426.1	exon|gene|transcript	28
chr17	81305297	81305325	ENSG00000185168.7	exon|gene|transcript	28
chr17	73786821	73786849	ENSG00000177338.14|ENSG00000234721.3	exon|gene|transcript	28
chr17	44374470	44374498	ENSG00000005961.19	exon|gene|transcript	28
chr17	74204190	74204218	ENSG00000172809.13	exon|gene|transcript	28
chr17	32504570	32504598	ENSG00000176658.17|ENSG00000280245.1	exon|gene|transcript	28
chr17	47895816	47895844	ENSG00000264920.4	exon|gene|transcript	28
chr17	27465513	27465541	ENSG00000141068.17|ENSG00000265801.1	exon|gene|transcript	28
chr17	6686680	6686708	ENSG00000141485.17|ENSG00000256806.6|ENSG00000290366.1	exon|gene|transcript	28
chr17	83227620	83227648	ENSG00000262094.1|ENSG00000293087.1	exon|gene|transcript	28
chr17	20523970	20523998	ENSG00000291198.1	exon|gene|transcript	28
chr17	16852298	16852326	ENSG00000290980.1	exon|gene|transcript	28
chr17	73521379	73521407	ENSG00000069188.17|ENSG00000264985.4	exon|gene|transcript	28
chr17	21456980	21457008	ENSG00000212719.15|ENSG00000265043.1	exon|gene|transcript	28
chr17	3005340	3005368	ENSG00000132359.17	exon|gene|transcript	28
chr17	35906272	35906300	ENSG00000293240.1	exon|gene|transcript	28
chr17	61394621	61394649	ENSG00000267131.1|ENSG00000267280.6	exon|gene|transcript	28
chr17	7243444	7243472	ENSG00000262526.2|ENSG00000279641.1	exon|gene|transcript	28
chr17	62275627	62275655	ENSG00000290800.1	exon|gene|transcript	28
chr17	7290535	7290563	ENSG00000006047.13	exon|gene|transcript	28
chr17	27894552	27894580	ENSG00000232859.10	exon|gene|transcript	28
chr17	5223456	5223484	ENSG00000161929.15|ENSG00000261879.9	exon|gene|transcript	28
chr17	27708110	27708138	ENSG00000266416.1	exon|gene|transcript	28
chr17	58694902	58694930	ENSG00000108384.16	exon|gene|transcript	28
chr17	8553927	8553954	ENSG00000133026.14	exon|gene|transcript	27
chr17	13095700	13095727	ENSG00000273098.3	exon|gene|transcript	27
chr17	9647019	9647046	ENSG00000154914.17|ENSG00000262296.1	exon|gene|transcript	27
chr17	55325926	55325953	ENSG00000262079.1	exon|gene|transcript	27
chr17	81063739	81063766	ENSG00000175866.16	exon|gene|transcript	27
chr17	81165747	81165774	ENSG00000181409.14|ENSG00000225180.8	exon|gene|transcript	27
chr17	46922810	46922837	ENSG00000261886.1	exon|gene|transcript	27
chr17	30904038	30904065	ENSG00000172171.11	exon|gene|transcript	27
chr17	74443084	74443111	ENSG00000170412.18	exon|gene|transcript	27
chr17	45646203	45646230	ENSG00000263715.7|ENSG00000293460.1	exon|gene|transcript	27
chr17	13000790	13000817	ENSG00000006744.19	exon|gene|transcript	27
chr17	37387417	37387444	ENSG00000276054.1|ENSG00000278505.5|ENSG00000278540.5	exon|gene|transcript	27
chr17	80202631	80202658	ENSG00000141527.19|ENSG00000262580.5	exon|gene|transcript	27
chr17	68879678	68879705	ENSG00000141338.15	exon|gene|transcript	27
chr17	50893831	50893858	ENSG00000229980.5	exon|gene|transcript	27
chr17	39192067	39192094	ENSG00000067191.17	exon|gene|transcript	27
chr17	59185204	59185231	ENSG00000068489.13	exon|gene|transcript	27
chr17	62550280	62550307	ENSG00000146872.19|ENSG00000264546.1	exon|gene|transcript	27
chr17	39193797	39193824	ENSG00000067191.17	exon|gene|transcript	27
chr17	58006785	58006812	ENSG00000136450.13|ENSG00000266086.3|ENSG00000279069.2	exon|gene|transcript	27
chr17	81388388	81388415	ENSG00000262877.5	exon|gene|transcript	27
chr17	29451680	29451707	ENSG00000160551.12	exon|gene|transcript	27
chr17	73760934	73760961	ENSG00000177338.14	exon|gene|transcript	27
chr17	45395881	45395908	ENSG00000159314.13	exon|gene|transcript	27
chr17	82277907	82277934	ENSG00000287737.3	exon|gene|transcript	27
chr17	30954390	30954417	ENSG00000184060.11	exon|gene|transcript	27
chr17	30479807	30479834	ENSG00000108587.16	exon|gene|transcript	27
chr17	1714370	1714397	ENSG00000186594.16	exon|gene|transcript	27
chr17	76805920	76805947	ENSG00000267065.2	exon|gene|transcript	27
chr17	18620238	18620265	ENSG00000154874.18|ENSG00000291090.1	exon|gene|transcript	27
chr17	43388578	43388605	ENSG00000188825.16|ENSG00000288909.2	exon|gene|transcript	27
chr17	44223239	44223266	ENSG00000260793.4	exon|gene|transcript	27
chr17	34577593	34577620	ENSG00000197322.4	exon|gene|transcript	27
chr17	81686901	81686928	ENSG00000185359.14	exon|gene|transcript	27
chr17	81899542	81899569	ENSG00000141552.18	exon|gene|transcript	27
chr17	30600864	30600891	ENSG00000214719.13|ENSG00000248121.9|ENSG00000290395.1	exon|gene|transcript	27
chr17	63849397	63849424	ENSG00000293480.1	exon|gene|transcript	27
chr17	14374201	14374228	ENSG00000230647.3	exon|gene|transcript	27
chr17	77373964	77373991	ENSG00000184640.20|ENSG00000266998.2	exon|gene|transcript	27
chr17	36535606	36535633	ENSG00000277161.2|ENSG00000278259.5	exon|gene|transcript	27
chr17	29051955	29051982	ENSG00000179761.12	exon|gene|transcript	27
chr17	50557269	50557296	ENSG00000250107.1	exon|gene|transcript	27
chr17	40027034	40027061	ENSG00000008838.21	exon|gene|transcript	27
chr17	42954848	42954875	ENSG00000108825.18|ENSG00000266967.7	exon|gene|transcript	27
chr17	18953927	18953954	ENSG00000154025.16|ENSG00000196893.3	exon|gene|transcript	27
chr17	20891136	20891163	ENSG00000233098.10|ENSG00000291074.1	exon|gene|transcript	27
chr17	28861235	28861262	ENSG00000264066.7	exon|gene|transcript	27
chr17	61397923	61397950	ENSG00000267131.1|ENSG00000267280.6|ENSG00000289926.1	exon|gene|transcript	27
chr17	66415734	66415761	ENSG00000154229.12|ENSG00000264630.5	exon|gene|transcript	27
chr17	10535045	10535072	ENSG00000125414.19|ENSG00000272736.5|ENSG00000272975.1	exon|gene|transcript	27
chr17	10537835	10537862	ENSG00000125414.19|ENSG00000272736.5|ENSG00000272975.1	exon|gene|transcript	27
chr17	41835471	41835498	ENSG00000141698.17	exon|gene|transcript	27
chr17	72037104	72037131	ENSG00000228639.8|ENSG00000256124.6|ENSG00000288605.1	exon|gene|transcript	27
chr17	28580144	28580171	ENSG00000076382.17|ENSG00000167524.17|ENSG00000258472.10	exon|gene|transcript	27
chr17	16695279	16695306	ENSG00000170160.19|ENSG00000266302.6	exon|gene|transcript	27
chr17	19811179	19811206	ENSG00000083290.20	exon|gene|transcript	27
chr17	4610704	4610731	ENSG00000261863.1	exon|gene|transcript	27
chr17	48895128	48895155	ENSG00000159199.14|ENSG00000293025.1	exon|gene|transcript	27
chr17	35231819	35231846	ENSG00000266947.3	exon|gene|transcript	27
chr17	58347584	58347611	ENSG00000213246.7|ENSG00000265148.7|ENSG00000285897.1	exon|gene|transcript	27
chr17	35568208	35568235	ENSG00000267321.4	exon|gene|transcript	27
chr17	78709600	78709627	ENSG00000108669.18	exon|gene|transcript	27
chr17	49706075	49706102	ENSG00000121073.15	exon|gene|transcript	27
chr17	71098801	71098828	ENSG00000260785.2	exon|gene|transcript	27
chr17	2336303	2336330	ENSG00000167721.11	exon|gene|transcript	27
chr17	81238132	81238159	ENSG00000167302.11	exon|gene|transcript	27
chr17	81238159	81238186	ENSG00000167302.11	exon|gene|transcript	27
chr17	7863731	7863758	ENSG00000183011.14|ENSG00000280046.1	exon|gene|transcript	27
chr17	37567220	37567247	ENSG00000275066.5	exon|gene|transcript	27
chr17	75145767	75145794	ENSG00000189159.16|ENSG00000263786.1	exon|gene|transcript	27
chr17	56473191	56473218	ENSG00000153930.13|ENSG00000279606.1	exon|gene|transcript	27
chr17	8462776	8462803	ENSG00000166579.16	exon|gene|transcript	27
chr17	75132667	75132694	ENSG00000279035.1	exon|gene|transcript	27
chr17	74584792	74584819	ENSG00000182352.8|ENSG00000204345.1	exon|gene|transcript	27
chr17	82715651	82715678	ENSG00000263063.1	exon|gene|transcript	27
chr17	12761384	12761411	ENSG00000141052.18|ENSG00000265489.1	exon|gene|transcript	27
chr17	82978720	82978746	ENSG00000175711.9|ENSG00000262339.5	exon|gene|transcript	26
chr17	31199827	31199853	ENSG00000196712.20	exon|gene|transcript	26
chr17	81304028	81304054	ENSG00000185168.7	exon|gene|transcript	26
chr17	83105955	83105981	ENSG00000261888.1	exon|gene|transcript	26
chr17	8478311	8478337	ENSG00000133026.14|ENSG00000166579.16	exon|gene|transcript	26
chr17	29793867	29793893	ENSG00000141298.19	exon|gene|transcript	26
chr17	81696998	81697024	ENSG00000185359.14	exon|gene|transcript	26
chr17	16439364	16439390	ENSG00000175061.20	exon|gene|transcript	26
chr17	28691542	28691568	ENSG00000109111.15	exon|gene|transcript	26
chr17	7895542	7895568	ENSG00000170004.19	exon|gene|transcript	26
chr17	78475833	78475859	ENSG00000187775.17	exon|gene|transcript	26
chr17	76154617	76154643	ENSG00000141576.16|ENSG00000267128.2	exon|gene|transcript	26
chr17	7036581	7036607	ENSG00000174327.7	exon|gene|transcript	26
chr17	30285480	30285506	ENSG00000108578.15	exon|gene|transcript	26
chr17	7224884	7224910	ENSG00000072778.20	exon|gene|transcript	26
chr17	75763554	75763580	ENSG00000108479.13	exon|gene|transcript	26
chr17	35885507	35885533	ENSG00000270240.2	exon|gene|transcript	26
chr17	71168661	71168687	ENSG00000260785.2	exon|gene|transcript	26
chr17	49939676	49939702	ENSG00000249176.1	exon|gene|transcript	26
chr17	78360419	78360445	ENSG00000266970.3	exon|gene|transcript	26
chr17	42326199	42326225	ENSG00000168610.17	exon|gene|transcript	26
chr17	79047183	79047209	ENSG00000173918.15	exon|gene|transcript	26
chr17	77527858	77527884	ENSG00000267665.3	exon|gene|transcript	26
chr17	61776872	61776898	ENSG00000136492.10	exon|gene|transcript	26
chr17	61465792	61465818	ENSG00000121075.11	exon|gene|transcript	26
chr17	50051394	50051420	ENSG00000246640.2	exon|gene|transcript	26
chr17	28548147	28548173	ENSG00000109103.12|ENSG00000167524.17	exon|gene|transcript	26
chr17	62006271	62006297	ENSG00000108510.10|ENSG00000279133.1	exon|gene|transcript	26
chr17	69108327	69108353	ENSG00000154262.13	exon|gene|transcript	26
chr17	72340500	72340526	ENSG00000227036.10	exon|gene|transcript	26
chr17	39706748	39706774	ENSG00000141736.14	exon|gene|transcript	26
chr17	43370105	43370131	ENSG00000188825.16	exon|gene|transcript	26
chr17	18021238	18021264	ENSG00000171953.16	exon|gene|transcript	26
chr17	76559010	76559036	ENSG00000163597.17	exon|gene|transcript	26
chr17	69027114	69027140	ENSG00000154258.17|ENSG00000231749.3	exon|gene|transcript	26
chr17	58525668	58525694	ENSG00000108387.16|ENSG00000264672.6	exon|gene|transcript	26
chr17	34479285	34479311	ENSG00000225582.2	exon|gene|transcript	26
chr17	4988554	4988580	ENSG00000196388.9|ENSG00000262227.2	exon|gene|transcript	26
chr17	77274190	77274216	ENSG00000263718.3	exon|gene|transcript	26
chr17	40168599	40168625	ENSG00000108349.17	exon|gene|transcript	26
chr17	16416412	16416438	ENSG00000187688.15|ENSG00000264739.1	exon|gene|transcript	26
chr17	30562842	30562868	ENSG00000266733.8|ENSG00000290404.1	exon|gene|transcript	26
chr17	5192137	5192163	ENSG00000261879.9	exon|gene|transcript	26
chr17	50764433	50764459	ENSG00000167117.10	exon|gene|transcript	26
chr17	30665277	30665303	ENSG00000214719.13	exon|gene|transcript	26
chr17	50944368	50944394	ENSG00000247011.3|ENSG00000251665.1	exon|gene|transcript	26
chr17	4675433	4675459	ENSG00000141456.16|ENSG00000235085.3	exon|gene|transcript	26
chr17	44775557	44775583	ENSG00000073670.14	exon|gene|transcript	26
chr17	16923969	16923995	ENSG00000290698.1	exon|gene|transcript	26
chr17	2414394	2414420	ENSG00000127804.13	exon|gene|transcript	26
chr17	19597896	19597922	ENSG00000262769.1	exon|gene|transcript	26
chr17	83220903	83220929	ENSG00000262094.1|ENSG00000262898.5	exon|gene|transcript	26
chr17	22436035	22436061	ENSG00000266885.3|ENSG00000293297.1	exon|gene|transcript	26
chr17	37802605	37802631	ENSG00000275173.1	exon|gene|transcript	26
chr17	54959253	54959279	ENSG00000141198.16|ENSG00000166260.13	exon|gene|transcript	26
chr17	59934879	59934905	ENSG00000108443.14	exon|gene|transcript	26
chr17	47279567	47279593	ENSG00000259207.10|ENSG00000259753.1|ENSG00000276790.1	exon|gene|transcript	26
chr17	2701113	2701139	ENSG00000132361.18	exon|gene|transcript	26
chr17	81344229	81344255	ENSG00000287431.1	exon|gene|transcript	26
chr17	47980566	47980592	ENSG00000108465.15|ENSG00000263798.2|ENSG00000264701.1	exon|gene|transcript	26
chr17	68879511	68879537	ENSG00000141338.15	exon|gene|transcript	26
chr17	16848097	16848123	ENSG00000205312.9|ENSG00000290980.1	exon|gene|transcript	26
chr17	63125107	63125133	ENSG00000170921.16|ENSG00000264513.1	exon|gene|transcript	26
chr17	81400715	81400741	ENSG00000266074.11|ENSG00000266392.1	exon|gene|transcript	26
chr17	44407240	44407266	ENSG00000186566.13	exon|gene|transcript	26
chr17	63800150	63800176	ENSG00000198231.14	exon|gene|transcript	26
chr17	16848123	16848149	ENSG00000205312.9|ENSG00000290980.1	exon|gene|transcript	26
chr17	4718345	4718370	ENSG00000141480.18	exon|gene|transcript	25
chr17	15475600	15475625	ENSG00000239704.12|ENSG00000259024.7	exon|gene|transcript	25
chr17	20447224	20447249	ENSG00000291195.1	exon|gene|transcript	25
chr17	61121722	61121747	ENSG00000141376.24|ENSG00000286997.1	exon|gene|transcript	25
chr17	74593394	74593419	ENSG00000182352.8	exon|gene|transcript	25
chr17	77534687	77534712	ENSG00000267665.3	exon|gene|transcript	25
chr17	28617347	28617372	ENSG00000007202.16|ENSG00000227543.5	exon|gene|transcript	25
chr17	28616259	28616284	ENSG00000007202.16|ENSG00000227543.5	exon|gene|transcript	25
chr17	43381196	43381221	ENSG00000188825.16	exon|gene|transcript	25
chr17	43389466	43389491	ENSG00000288909.2	exon|gene|transcript	25
chr17	27748103	27748128	ENSG00000266786.1	exon|gene|transcript	25
chr17	6690095	6690120	ENSG00000141485.17|ENSG00000256806.6|ENSG00000290366.1	exon|gene|transcript	25
chr17	18422317	18422342	ENSG00000205266.11|ENSG00000290655.1	exon|gene|transcript	25
chr17	20633234	20633259	ENSG00000266364.1	exon|gene|transcript	25
chr17	2375346	2375371	ENSG00000141258.13|ENSG00000263345.1	exon|gene|transcript	25
chr17	39835036	39835061	ENSG00000161405.17|ENSG00000264663.1	exon|gene|transcript	25
chr17	58216516	58216541	ENSG00000011143.19	exon|gene|transcript	25
chr17	50214919	50214944	ENSG00000249406.3|ENSG00000263176.1	exon|gene|transcript	25
chr17	40525719	40525744	ENSG00000266088.6	exon|gene|transcript	25
chr17	35121497	35121522	ENSG00000185379.21	exon|gene|transcript	25
chr17	28248139	28248164	ENSG00000265060.3|ENSG00000290672.1	exon|gene|transcript	25
chr17	28265215	28265240	ENSG00000260777.2|ENSG00000264486.1	exon|gene|transcript	25
chr17	77481982	77482007	ENSG00000184640.20	exon|gene|transcript	25
chr17	77527760	77527785	ENSG00000267665.3	exon|gene|transcript	25
chr17	3213757	3213782	ENSG00000172146.4	exon|gene|transcript	25
chr17	81914167	81914192	ENSG00000187531.14	exon|gene|transcript	25
chr17	28899377	28899402	ENSG00000167536.14|ENSG00000266642.2	exon|gene|transcript	25
chr17	58325918	58325943	ENSG00000005379.17|ENSG00000265148.7	exon|gene|transcript	25
chr17	2675301	2675326	ENSG00000007168.14	exon|gene|transcript	25
chr17	78427108	78427133	ENSG00000187775.17	exon|gene|transcript	25
chr17	66415896	66415921	ENSG00000154229.12|ENSG00000264630.5	exon|gene|transcript	25
chr17	60088196	60088221	ENSG00000261040.10|ENSG00000267416.2|ENSG00000293515.1	exon|gene|transcript	25
chr17	49815401	49815426	ENSG00000136504.15	exon|gene|transcript	25
chr17	81888875	81888900	ENSG00000183684.8	exon|gene|transcript	25
chr17	58351998	58352023	ENSG00000213246.7|ENSG00000265148.7|ENSG00000285897.1	exon|gene|transcript	25
chr17	20958301	20958326	ENSG00000233098.10|ENSG00000244456.2	exon|gene|transcript	25
chr17	65797115	65797140	ENSG00000154240.18	exon|gene|transcript	25
chr17	70019462	70019487	ENSG00000230258.6	exon|gene|transcript	25
chr17	48639085	48639110	ENSG00000272763.1	exon|gene|transcript	25
chr17	72592640	72592665	ENSG00000227036.10	exon|gene|transcript	25
chr17	6661413	6661438	ENSG00000256806.6|ENSG00000290366.1	exon|gene|transcript	25
chr17	6661388	6661413	ENSG00000256806.6|ENSG00000274114.3|ENSG00000290366.1	exon|gene|transcript	25
chr17	20416491	20416516	ENSG00000237911.2|ENSG00000291194.1	exon|gene|transcript	25
chr17	75904358	75904383	ENSG00000204316.13|ENSG00000267426.5	exon|gene|transcript	25
chr17	81385221	81385246	ENSG00000262223.10	exon|gene|transcript	25
chr17	47932971	47932996	ENSG00000234494.8|ENSG00000266601.1	exon|gene|transcript	25
chr17	51160081	51160106	ENSG00000011052.21|ENSG00000239672.8	exon|gene|transcript	25
chr17	68540958	68540983	ENSG00000108946.17|ENSG00000108950.12	exon|gene|transcript	25
chr17	81401951	81401976	ENSG00000266074.11	exon|gene|transcript	25
chr17	18026673	18026698	ENSG00000171953.16|ENSG00000280198.1	exon|gene|transcript	25
chr17	72422859	72422884	ENSG00000227036.10	exon|gene|transcript	25
chr17	72428273	72428298	ENSG00000227036.10|ENSG00000263680.2	exon|gene|transcript	25
chr17	59425128	59425153	ENSG00000265313.8	exon|gene|transcript	25
chr17	80203394	80203419	ENSG00000141527.19|ENSG00000262580.5	exon|gene|transcript	25
chr17	38750614	38750639	ENSG00000277182.2	exon|gene|transcript	25
chr17	80414939	80414964	ENSG00000263069.6	exon|gene|transcript	25
chr17	45408918	45408943	ENSG00000159314.13	exon|gene|transcript	25
chr17	54670395	54670420	ENSG00000288036.1	exon|gene|transcript	25
chr17	32518999	32519024	ENSG00000176658.17|ENSG00000263717.1|ENSG00000265222.1|ENSG00000266599.1	exon|gene|transcript	25
chr17	7439308	7439333	ENSG00000161958.11|ENSG00000262880.1|ENSG00000263301.1	exon|gene|transcript	25
chr17	60135533	60135558	ENSG00000267248.5|ENSG00000286435.1	exon|gene|transcript	25
chr17	11881183	11881208	ENSG00000007174.18|ENSG00000263684.2	exon|gene|transcript	25
chr17	38724520	38724545	ENSG00000275023.5	exon|gene|transcript	25
chr17	59934144	59934169	ENSG00000108443.14	exon|gene|transcript	25
chr17	22692808	22692833	ENSG00000293001.1	exon|gene|transcript	25
chr17	8126167	8126192	ENSG00000288993.1	exon|gene|transcript	25
chr17	13002359	13002384	ENSG00000006744.19	exon|gene|transcript	25
chr17	73942061	73942086	ENSG00000285648.1	exon|gene|transcript	25
chr17	20522066	20522091	ENSG00000205215.9|ENSG00000291198.1	exon|gene|transcript	25
chr17	59679519	59679544	ENSG00000141367.13|ENSG00000141378.15	exon|gene|transcript	25
chr17	45646232	45646257	ENSG00000263715.7|ENSG00000293460.1	exon|gene|transcript	25
chr17	75387489	75387514	ENSG00000177885.15	exon|gene|transcript	25
chr17	31233213	31233237	ENSG00000196712.20	exon|gene|transcript	24
chr17	83125326	83125350	ENSG00000288807.1	exon|gene|transcript	24
chr17	57084924	57084948	ENSG00000263004.3	exon|gene|transcript	24
chr17	34981488	34981512	ENSG00000005156.12	exon|gene|transcript	24
chr17	43190584	43190608	ENSG00000188554.15	exon|gene|transcript	24
chr17	76613917	76613941	ENSG00000163597.17	exon|gene|transcript	24
chr17	44185824	44185848	ENSG00000267080.8	exon|gene|transcript	24
chr17	7282946	7282970	ENSG00000181856.15|ENSG00000263342.1	exon|gene|transcript	24
chr17	78494173	78494197	ENSG00000187775.17|ENSG00000267432.6	exon|gene|transcript	24
chr17	63854795	63854819	ENSG00000293480.1	exon|gene|transcript	24
chr17	50094591	50094615	ENSG00000276851.1	exon|gene|transcript	24
chr17	47580507	47580531	ENSG00000141279.18	exon|gene|transcript	24
chr17	76479009	76479033	ENSG00000129667.13	exon|gene|transcript	24
chr17	81341852	81341876	ENSG00000287431.1	exon|gene|transcript	24
chr17	9764185	9764209	ENSG00000282882.2	exon|gene|transcript	24
chr17	81103723	81103747	ENSG00000175866.16	exon|gene|transcript	24
chr17	42673296	42673320	ENSG00000068137.15	exon|gene|transcript	24
chr17	42755213	42755237	ENSG00000197291.9	exon|gene|transcript	24
chr17	78139240	78139264	ENSG00000167895.16	exon|gene|transcript	24
chr17	81914702	81914726	ENSG00000187531.14	exon|gene|transcript	24
chr17	36599050	36599074	ENSG00000278535.5	exon|gene|transcript	24
chr17	50791350	50791374	ENSG00000285829.1	exon|gene|transcript	24
chr17	19403282	19403306	ENSG00000287196.1	exon|gene|transcript	24
chr17	18099394	18099418	ENSG00000108591.10	exon|gene|transcript	24
chr17	82864291	82864315	ENSG00000141556.22	exon|gene|transcript	24
chr17	63414406	63414430	ENSG00000170921.16|ENSG00000226797.2|ENSG00000263644.1	exon|gene|transcript	24
chr17	81003484	81003508	ENSG00000176108.9|ENSG00000280351.2	exon|gene|transcript	24
chr17	45397204	45397228	ENSG00000159314.13|ENSG00000267344.1	exon|gene|transcript	24
chr17	45327383	45327407	ENSG00000199953.1	exon|gene|transcript	24
chr17	64762686	64762710	ENSG00000215769.8|ENSG00000263647.1	exon|gene|transcript	24
chr17	32906587	32906611	ENSG00000236377.2	exon|gene|transcript	24
chr17	41807461	41807485	ENSG00000141696.13	exon|gene|transcript	24
chr17	75263104	75263128	ENSG00000125445.11	exon|gene|transcript	24
chr17	45829190	45829214	ENSG00000120088.16|ENSG00000263715.7|ENSG00000264589.5	exon|gene|transcript	24
chr17	38491532	38491556	ENSG00000275832.5	exon|gene|transcript	24
chr17	4952147	4952171	ENSG00000108515.18	exon|gene|transcript	24
chr17	51040427	51040451	ENSG00000008294.22	exon|gene|transcript	24
chr17	40349113	40349137	ENSG00000131759.18|ENSG00000278918.1	exon|gene|transcript	24
chr17	42954047	42954071	ENSG00000108825.18|ENSG00000266967.7	exon|gene|transcript	24
chr17	81636396	81636420	ENSG00000182446.15	exon|gene|transcript	24
chr17	78132030	78132054	ENSG00000141524.19|ENSG00000167895.16	exon|gene|transcript	24
chr17	80102267	80102291	ENSG00000171298.14	exon|gene|transcript	24
chr17	58202351	58202375	ENSG00000121053.6|ENSG00000278627.1	exon|gene|transcript	24
chr17	58080673	58080697	ENSG00000266290.1	exon|gene|transcript	24
chr17	80353994	80354018	ENSG00000173821.20|ENSG00000263069.6	exon|gene|transcript	24
chr17	4691049	4691073	ENSG00000141456.16|ENSG00000235085.3	exon|gene|transcript	24
chr17	20555559	20555583	ENSG00000293327.1	exon|gene|transcript	24
chr17	72040689	72040713	ENSG00000228639.8|ENSG00000256124.6|ENSG00000288605.1	exon|gene|transcript	24
chr17	35963487	35963511	ENSG00000291030.1	exon|gene|transcript	24
chr17	36089545	36089569	ENSG00000277089.4|ENSG00000277632.2	exon|gene|transcript	24
chr17	45030279	45030303	ENSG00000136448.13|ENSG00000172992.13	exon|gene|transcript	24
chr17	58250920	58250944	ENSG00000167419.11	exon|gene|transcript	24
chr17	39657910	39657934	ENSG00000131748.16	exon|gene|transcript	24
chr17	44071356	44071380	ENSG00000141349.10	exon|gene|transcript	24
chr17	44115971	44115995	ENSG00000108840.16|ENSG00000267638.1	exon|gene|transcript	24
chr17	43370049	43370072	ENSG00000188825.16	exon|gene|transcript	23
chr17	74775598	74775621	ENSG00000109065.12	exon|gene|transcript	23
chr17	5512039	5512062	ENSG00000091592.17|ENSG00000282980.1	exon|gene|transcript	23
chr17	61135931	61135954	ENSG00000141376.24|ENSG00000286997.1	exon|gene|transcript	23
chr17	45895490	45895513	ENSG00000186868.18|ENSG00000264589.5	exon|gene|transcript	23
chr17	46093853	46093876	ENSG00000120071.15	exon|gene|transcript	23
chr17	31873925	31873948	ENSG00000108651.10|ENSG00000263990.1	exon|gene|transcript	23
chr17	7502701	7502724	ENSG00000181222.19	exon|gene|transcript	23
chr17	1872188	1872211	ENSG00000132383.12	exon|gene|transcript	23
chr17	77088469	77088492	ENSG00000234912.12	exon|gene|transcript	23
chr17	80826680	80826703	ENSG00000141564.16|ENSG00000287403.1	exon|gene|transcript	23
chr17	15763615	15763638	ENSG00000233193.1	exon|gene|transcript	23
chr17	34004698	34004721	ENSG00000108684.15|ENSG00000265356.2|ENSG00000279668.4|ENSG00000279674.1	exon|gene|transcript	23
chr17	48037224	48037247	ENSG00000005243.10|ENSG00000207947.3	exon|gene|transcript	23
chr17	14946000	14946023	ENSG00000238212.3	exon|gene|transcript	23
chr17	14024916	14024939	ENSG00000141028.6|ENSG00000236088.12	exon|gene|transcript	23
chr17	40882548	40882571	ENSG00000171431.4	exon|gene|transcript	23
chr17	754308	754331	ENSG00000293440.1	exon|gene|transcript	23
chr17	6642927	6642950	ENSG00000129235.11	exon|gene|transcript	23
chr17	19452783	19452806	ENSG00000235979.9	exon|gene|transcript	23
chr17	55327091	55327114	ENSG00000262079.1	exon|gene|transcript	23
chr17	81027867	81027890	ENSG00000262873.2	exon|gene|transcript	23
chr17	601896	601919	ENSG00000141252.21	exon|gene|transcript	23
chr17	57633160	57633183	ENSG00000153944.12	exon|gene|transcript	23
chr17	38205634	38205657	ENSG00000274487.5|ENSG00000291088.1	exon|gene|transcript	23
chr17	28611543	28611566	ENSG00000167524.17|ENSG00000227543.5|ENSG00000258472.10	exon|gene|transcript	23
chr17	18661913	18661936	ENSG00000287058.1|ENSG00000290687.1	exon|gene|transcript	23
chr17	72516789	72516812	ENSG00000227036.10	exon|gene|transcript	23
chr17	1228207	1228230	ENSG00000159842.16	exon|gene|transcript	23
chr17	4943067	4943090	ENSG00000108523.16	exon|gene|transcript	23
chr17	51341683	51341706	ENSG00000267452.3	exon|gene|transcript	23
chr17	77493076	77493099	ENSG00000184640.20	exon|gene|transcript	23
chr17	61399215	61399238	ENSG00000267131.1|ENSG00000267280.6	exon|gene|transcript	23
chr17	57832725	57832748	ENSG00000265542.5	exon|gene|transcript	23
chr17	2040481	2040504	ENSG00000108963.19	exon|gene|transcript	23
chr17	13777326	13777349	ENSG00000236088.12	exon|gene|transcript	23
chr17	13793007	13793030	ENSG00000236088.12	exon|gene|transcript	23
chr17	3945246	3945269	ENSG00000074370.18	exon|gene|transcript	23
chr17	62550656	62550679	ENSG00000146872.19|ENSG00000264546.1	exon|gene|transcript	23
chr17	11873429	11873452	ENSG00000007174.18	exon|gene|transcript	23
chr17	38716038	38716061	ENSG00000275023.5|ENSG00000275665.1	exon|gene|transcript	23
chr17	45240922	45240945	ENSG00000184922.15|ENSG00000233175.2	exon|gene|transcript	23
chr17	45221647	45221670	ENSG00000184922.15|ENSG00000267121.7	exon|gene|transcript	23
chr17	64758603	64758626	ENSG00000215769.8	exon|gene|transcript	23
chr17	44327530	44327553	ENSG00000288961.2	exon|gene|transcript	23
chr17	64892800	64892823	ENSG00000176809.11|ENSG00000265218.1|ENSG00000272220.1	exon|gene|transcript	23
chr17	67020173	67020196	ENSG00000075461.6|ENSG00000264491.1	exon|gene|transcript	23
chr17	50180894	50180917	ENSG00000293483.1	exon|gene|transcript	23
chr17	47679996	47680019	ENSG00000108424.11	exon|gene|transcript	23
chr17	7002483	7002506	ENSG00000108839.12|ENSG00000215067.12|ENSG00000267047.1	exon|gene|transcript	23
chr17	78899034	78899057	ENSG00000035862.13|ENSG00000178404.11|ENSG00000279339.1	exon|gene|transcript	23
chr17	64054226	64054249	ENSG00000178607.17	exon|gene|transcript	23
chr17	68989118	68989141	ENSG00000154258.17|ENSG00000231749.3	exon|gene|transcript	23
chr17	50559304	50559327	ENSG00000250107.1	exon|gene|transcript	23
chr17	58099357	58099380	ENSG00000279207.1	exon|gene|transcript	23
chr17	49703837	49703860	ENSG00000121073.15	exon|gene|transcript	23
chr17	30567885	30567908	ENSG00000231870.4	exon|gene|transcript	23
chr17	10736615	10736638	ENSG00000263400.8|ENSG00000285220.1	exon|gene|transcript	23
chr17	7017079	7017102	ENSG00000161939.19|ENSG00000258315.5|ENSG00000267047.1|ENSG00000267532.5	exon|gene|transcript	23
chr17	40020482	40020505	ENSG00000008838.21	exon|gene|transcript	23
chr17	64822029	64822052	ENSG00000214176.12|ENSG00000284172.1|ENSG00000291117.1	exon|gene|transcript	23
chr17	19816465	19816488	ENSG00000083290.20	exon|gene|transcript	23
chr17	30564416	30564439	ENSG00000259928.1	exon|gene|transcript	23
chr17	76145353	76145376	ENSG00000141576.16|ENSG00000267128.2	exon|gene|transcript	23
chr17	80088189	80088212	ENSG00000141519.15	exon|gene|transcript	23
chr17	80359652	80359675	ENSG00000173821.20|ENSG00000263069.6	exon|gene|transcript	23
chr17	16841840	16841863	ENSG00000131885.18|ENSG00000290979.1	exon|gene|transcript	23
chr17	64892845	64892868	ENSG00000176809.11|ENSG00000265218.1	exon|gene|transcript	23
chr17	81947730	81947753	ENSG00000235296.2	exon|gene|transcript	23
chr17	59965165	59965188	ENSG00000267104.2|ENSG00000267302.5|ENSG00000267318.1	exon|gene|transcript	23
chr17	73944282	73944305	ENSG00000285648.1	exon|gene|transcript	23
chr17	27412081	27412104	ENSG00000266356.1	exon|gene|transcript	23
chr17	77724572	77724595	ENSG00000267790.1	exon|gene|transcript	23
chr17	15259997	15260020	ENSG00000109099.16	exon|gene|transcript	23
chr17	20578656	20578679	ENSG00000264422.1	exon|gene|transcript	23
chr17	48894348	48894371	ENSG00000159199.14|ENSG00000293025.1	exon|gene|transcript	23
chr17	68750529	68750552	ENSG00000267659.5	exon|gene|transcript	23
chr17	48853012	48853035	ENSG00000136436.15	exon|gene|transcript	23
chr17	45545876	45545899	ENSG00000214425.11|ENSG00000267198.1|ENSG00000291175.1	exon|gene|transcript	23
chr17	17684827	17684850	ENSG00000108557.20	exon|gene|transcript	23
chr17	21166288	21166311	ENSG00000109016.18	exon|gene|transcript	23
chr17	7177186	7177209	ENSG00000141505.12	exon|gene|transcript	23
chr17	20436911	20436934	ENSG00000287490.1|ENSG00000291195.1	exon|gene|transcript	23
chr17	56997102	56997125	ENSG00000121064.13	exon|gene|transcript	23
chr17	81690830	81690853	ENSG00000185359.14	exon|gene|transcript	23
chr17	41411323	41411346	ENSG00000225438.1|ENSG00000234859.5	exon|gene|transcript	23
chr17	7596457	7596480	ENSG00000129245.13	exon|gene|transcript	23
chr17	28747690	28747713	ENSG00000076604.16	exon|gene|transcript	23
chr17	28723469	28723492	ENSG00000198242.14|ENSG00000238649.1	exon|gene|transcript	23
chr17	5235973	5235995	ENSG00000261879.9	exon|gene|transcript	22
chr17	45161510	45161532	ENSG00000168517.11|ENSG00000224505.4	exon|gene|transcript	22
chr17	74872316	74872338	ENSG00000161513.12	exon|gene|transcript	22
chr17	28747732	28747754	ENSG00000076604.16	exon|gene|transcript	22
chr17	81696041	81696063	ENSG00000185359.14	exon|gene|transcript	22
chr17	37643295	37643317	ENSG00000277501.1|ENSG00000278053.5	exon|gene|transcript	22
chr17	7178116	7178138	ENSG00000141505.12	exon|gene|transcript	22
chr17	80204896	80204918	ENSG00000141527.19|ENSG00000262580.5	exon|gene|transcript	22
chr17	47054117	47054139	ENSG00000262879.7|ENSG00000263142.6	exon|gene|transcript	22
chr17	47188901	47188923	ENSG00000004897.12	exon|gene|transcript	22
chr17	67385692	67385714	ENSG00000154217.16|ENSG00000290052.1	exon|gene|transcript	22
chr17	4675774	4675796	ENSG00000141456.16|ENSG00000235085.3	exon|gene|transcript	22
chr17	74154069	74154091	ENSG00000266357.6	exon|gene|transcript	22
chr17	6634988	6635010	ENSG00000198920.11|ENSG00000282936.3	exon|gene|transcript	22
chr17	32996820	32996842	ENSG00000141316.13	exon|gene|transcript	22
chr17	72094713	72094735	ENSG00000226101.2|ENSG00000234899.11|ENSG00000288605.1	exon|gene|transcript	22
chr17	48841887	48841909	ENSG00000136436.15	exon|gene|transcript	22
chr17	69099541	69099563	ENSG00000154262.13|ENSG00000265331.1	exon|gene|transcript	22
chr17	63931224	63931246	ENSG00000007312.14|ENSG00000285947.1	exon|gene|transcript	22
chr17	79827663	79827685	ENSG00000262772.2	exon|gene|transcript	22
chr17	5108785	5108807	ENSG00000167840.14|ENSG00000234327.10	exon|gene|transcript	22
chr17	73760961	73760983	ENSG00000177338.14	exon|gene|transcript	22
chr17	40520824	40520846	ENSG00000266088.6	exon|gene|transcript	22
chr17	78494013	78494035	ENSG00000187775.17|ENSG00000267432.6	exon|gene|transcript	22
chr17	44731224	44731246	ENSG00000161692.18	exon|gene|transcript	22
chr17	44913517	44913539	ENSG00000131095.14	exon|gene|transcript	22
chr17	19379197	19379219	ENSG00000166484.20	exon|gene|transcript	22
chr17	58273391	58273413	ENSG00000005381.9	exon|gene|transcript	22
chr17	36503074	36503096	ENSG00000278259.5	exon|gene|transcript	22
chr17	20979762	20979784	ENSG00000233098.10|ENSG00000264660.2	exon|gene|transcript	22
chr17	60134869	60134891	ENSG00000267248.5	exon|gene|transcript	22
chr17	18440311	18440333	ENSG00000214856.12|ENSG00000290657.1	exon|gene|transcript	22
chr17	19438884	19438906	ENSG00000235979.9	exon|gene|transcript	22
chr17	42577057	42577079	ENSG00000131470.15	exon|gene|transcript	22
chr17	42553887	42553909	ENSG00000108786.11|ENSG00000266929.1|ENSG00000266962.3	exon|gene|transcript	22
chr17	1678495	1678517	ENSG00000174231.18	exon|gene|transcript	22
chr17	58524825	58524847	ENSG00000108387.16|ENSG00000264672.6	exon|gene|transcript	22
chr17	81388916	81388938	ENSG00000262877.5	exon|gene|transcript	22
chr17	5111618	5111640	ENSG00000167840.14|ENSG00000234327.10	exon|gene|transcript	22
chr17	36722557	36722579	ENSG00000275613.2	exon|gene|transcript	22
chr17	61863208	61863230	ENSG00000136492.10	exon|gene|transcript	22
chr17	44349789	44349811	ENSG00000030582.19	exon|gene|transcript	22
chr17	5387110	5387132	ENSG00000108559.13	exon|gene|transcript	22
chr17	64534515	64534537	ENSG00000258890.8	exon|gene|transcript	22
chr17	64892823	64892845	ENSG00000176809.11|ENSG00000265218.1|ENSG00000272220.1	exon|gene|transcript	22
chr17	72403342	72403364	ENSG00000227036.10	exon|gene|transcript	22
chr17	34479311	34479333	ENSG00000225582.2	exon|gene|transcript	22
chr17	39046319	39046341	ENSG00000290925.1	exon|gene|transcript	22
chr17	81396626	81396648	ENSG00000266074.11|ENSG00000279692.1	exon|gene|transcript	22
chr17	76158501	76158523	ENSG00000141576.16	exon|gene|transcript	22
chr17	21519558	21519580	ENSG00000212719.15|ENSG00000265265.1	exon|gene|transcript	22
chr17	46551783	46551805	ENSG00000185829.19|ENSG00000238083.10	exon|gene|transcript	22
chr17	33976530	33976552	ENSG00000108684.15|ENSG00000263435.1|ENSG00000265356.2|ENSG00000279668.4	exon|gene|transcript	22
chr17	32034043	32034065	ENSG00000185158.13	exon|gene|transcript	22
chr17	14780664	14780686	ENSG00000205325.4	exon|gene|transcript	22
chr17	58526659	58526681	ENSG00000108387.16|ENSG00000264672.6	exon|gene|transcript	22
chr17	42818764	42818786	ENSG00000126581.13	exon|gene|transcript	22
chr17	42955345	42955367	ENSG00000108825.18|ENSG00000266967.7	exon|gene|transcript	22
chr17	34997695	34997717	ENSG00000005156.12	exon|gene|transcript	22
chr17	29617477	29617499	ENSG00000167549.19|ENSG00000264031.1	exon|gene|transcript	22
chr17	58247142	58247164	ENSG00000167419.11|ENSG00000286788.1	exon|gene|transcript	22
chr17	1039538	1039560	ENSG00000159842.16	exon|gene|transcript	22
chr17	74853258	74853280	ENSG00000161509.14	exon|gene|transcript	22
chr17	62006938	62006960	ENSG00000108510.10|ENSG00000279133.1	exon|gene|transcript	22
chr17	68042882	68042904	ENSG00000182481.10	exon|gene|transcript	22
chr17	4821770	4821792	ENSG00000129219.14	exon|gene|transcript	22
chr17	38724569	38724591	ENSG00000275023.5	exon|gene|transcript	22
chr17	8103493	8103515	ENSG00000179148.10	exon|gene|transcript	22
chr17	80207575	80207596	ENSG00000141527.19|ENSG00000181523.13	exon|gene|transcript	21
chr17	7575658	7575679	ENSG00000161960.16|ENSG00000264772.6|ENSG00000277957.1	exon|gene|transcript	21
chr17	75900773	75900794	ENSG00000204316.13|ENSG00000267426.5	exon|gene|transcript	21
chr17	62265016	62265037	ENSG00000188755.11|ENSG00000290800.1	exon|gene|transcript	21
chr17	20321295	20321316	ENSG00000263494.1|ENSG00000293363.2	exon|gene|transcript	21
chr17	19095241	19095262	ENSG00000228157.4	exon|gene|transcript	21
chr17	44948358	44948379	ENSG00000267334.1	exon|gene|transcript	21
chr17	62029276	62029297	ENSG00000108510.10	exon|gene|transcript	21
chr17	7144592	7144613	ENSG00000289977.1	exon|gene|transcript	21
chr17	81285426	81285447	ENSG00000157637.13	exon|gene|transcript	21
chr17	32936447	32936468	ENSG00000006042.12	exon|gene|transcript	21
chr17	72085152	72085173	ENSG00000226101.2|ENSG00000234899.11|ENSG00000288605.1	exon|gene|transcript	21
chr17	39427479	39427500	ENSG00000125686.12	exon|gene|transcript	21
chr17	81384924	81384945	ENSG00000262223.10	exon|gene|transcript	21
chr17	1712904	1712925	ENSG00000186594.16	exon|gene|transcript	21
chr17	75394128	75394149	ENSG00000177885.15|ENSG00000265342.1	exon|gene|transcript	21
chr17	72586804	72586825	ENSG00000227036.10	exon|gene|transcript	21
chr17	75702925	75702946	ENSG00000161526.15	exon|gene|transcript	21
chr17	72323299	72323320	ENSG00000227036.10	exon|gene|transcript	21
chr17	18625555	18625576	ENSG00000291090.1	exon|gene|transcript	21
chr17	80365295	80365316	ENSG00000173821.20|ENSG00000263069.6	exon|gene|transcript	21
chr17	19741210	19741231	ENSG00000108602.18	exon|gene|transcript	21
chr17	75634202	75634223	ENSG00000108469.15|ENSG00000204323.5	exon|gene|transcript	21
chr17	18521124	18521145	ENSG00000273018.7|ENSG00000290659.1	exon|gene|transcript	21
chr17	40161911	40161932	ENSG00000108349.17	exon|gene|transcript	21
chr17	7347991	7348012	ENSG00000072818.12	exon|gene|transcript	21
chr17	30726364	30726385	ENSG00000265443.1|ENSG00000290928.1	exon|gene|transcript	21
chr17	19649673	19649694	ENSG00000072210.19|ENSG00000264932.3	exon|gene|transcript	21
chr17	44178183	44178204	ENSG00000161664.7|ENSG00000267080.8	exon|gene|transcript	21
chr17	82214491	82214512	ENSG00000264548.1	exon|gene|transcript	21
chr17	16746206	16746227	ENSG00000170160.19|ENSG00000226478.3|ENSG00000266302.6	exon|gene|transcript	21
chr17	8015904	8015925	ENSG00000132518.7|ENSG00000279174.1	exon|gene|transcript	21
chr17	45558385	45558406	ENSG00000266504.1|ENSG00000267198.1|ENSG00000267246.1|ENSG00000291175.1	exon|gene|transcript	21
chr17	18248738	18248759	ENSG00000177731.16	exon|gene|transcript	21
chr17	82229867	82229888	ENSG00000141526.18	exon|gene|transcript	21
chr17	50662177	50662198	ENSG00000108846.16	exon|gene|transcript	21
chr17	68693969	68693990	ENSG00000267659.5|ENSG00000283376.1	exon|gene|transcript	21
chr17	7224103	7224124	ENSG00000072778.20	exon|gene|transcript	21
chr17	45404681	45404702	ENSG00000159314.13	exon|gene|transcript	21
chr17	41971376	41971397	ENSG00000173786.17	exon|gene|transcript	21
chr17	54066360	54066381	ENSG00000285939.2	exon|gene|transcript	21
chr17	64503625	64503646	ENSG00000108654.16	exon|gene|transcript	21
chr17	80382454	80382475	ENSG00000173821.20|ENSG00000263069.6	exon|gene|transcript	21
chr17	42874669	42874690	ENSG00000213373.7	exon|gene|transcript	21
chr17	81917499	81917520	ENSG00000187531.14	exon|gene|transcript	21
chr17	80381003	80381024	ENSG00000173821.20|ENSG00000263069.6	exon|gene|transcript	21
chr17	35809616	35809637	ENSG00000270647.7	exon|gene|transcript	21
chr17	18704618	18704639	ENSG00000291110.1	exon|gene|transcript	21
chr17	44908226	44908247	ENSG00000131095.14	exon|gene|transcript	21
chr17	44687748	44687769	ENSG00000180329.14|ENSG00000180336.18	exon|gene|transcript	21
chr17	57212991	57213012	ENSG00000285785.1	exon|gene|transcript	21
chr17	34002429	34002450	ENSG00000108684.15|ENSG00000265356.2|ENSG00000279668.4|ENSG00000279674.1	exon|gene|transcript	21
chr17	48045613	48045634	ENSG00000263412.3	exon|gene|transcript	21
chr17	41325408	41325429	ENSG00000233014.1	exon|gene|transcript	21
chr17	49822530	49822551	ENSG00000136504.15	exon|gene|transcript	21
chr17	38144217	38144238	ENSG00000274663.1	exon|gene|transcript	21
chr17	37940720	37940741	ENSG00000277488.1	exon|gene|transcript	21
chr17	7224611	7224632	ENSG00000072778.20	exon|gene|transcript	21
chr17	61380217	61380238	ENSG00000141376.24|ENSG00000267131.1	exon|gene|transcript	21
chr17	82247570	82247591	ENSG00000141526.18|ENSG00000141551.15	exon|gene|transcript	21
chr17	49966155	49966176	ENSG00000199492.1	exon|gene|transcript	21
chr17	47581041	47581062	ENSG00000141279.18	exon|gene|transcript	21
chr17	5930403	5930424	ENSG00000284837.1|ENSG00000285471.1	exon|gene|transcript	21
chr17	21550995	21551016	ENSG00000212719.15	exon|gene|transcript	21
chr17	81341244	81341265	ENSG00000287431.1	exon|gene|transcript	21
chr17	36941510	36941531	ENSG00000273706.5|ENSG00000276707.1	exon|gene|transcript	21
chr17	32142284	32142305	ENSG00000214708.4	exon|gene|transcript	21
chr17	6057806	6057827	ENSG00000179314.16|ENSG00000285471.1	exon|gene|transcript	21
chr17	32259021	32259042	ENSG00000287506.1	exon|gene|transcript	21
chr17	6189339	6189360	ENSG00000262231.2	exon|gene|transcript	21
chr17	34938563	34938584	ENSG00000132141.14|ENSG00000285559.1	exon|gene|transcript	21
chr17	27991766	27991787	ENSG00000260019.2	exon|gene|transcript	21
chr17	72325517	72325538	ENSG00000227036.10	exon|gene|transcript	21
chr17	321610	321631	ENSG00000181031.16|ENSG00000262920.5	exon|gene|transcript	21
chr17	46504609	46504630	ENSG00000185829.19|ENSG00000266497.1	exon|gene|transcript	21
chr17	63822168	63822189	ENSG00000108592.17	exon|gene|transcript	21
chr17	7577544	7577565	ENSG00000161960.16|ENSG00000264772.6|ENSG00000277957.1	exon|gene|transcript	21
chr17	74973145	74973166	ENSG00000167861.16|ENSG00000263586.1	exon|gene|transcript	21
chr17	46041071	46041091	ENSG00000120071.15	exon|gene|transcript	20
chr17	6189412	6189432	ENSG00000262231.2	exon|gene|transcript	20
chr17	32519024	32519044	ENSG00000176658.17|ENSG00000263717.1|ENSG00000265222.1|ENSG00000266599.1	exon|gene|transcript	20
chr17	49823643	49823663	ENSG00000136504.15	exon|gene|transcript	20
chr17	46267518	46267538	ENSG00000261575.5|ENSG00000291018.1	exon|gene|transcript	20
chr17	5240064	5240084	ENSG00000261879.9	exon|gene|transcript	20
chr17	422307	422327	ENSG00000187624.9	exon|gene|transcript	20
chr17	31008783	31008803	ENSG00000266865.9|ENSG00000291063.1	exon|gene|transcript	20
chr17	45160171	45160191	ENSG00000224505.4	exon|gene|transcript	20
chr17	19555572	19555592	ENSG00000142494.13	exon|gene|transcript	20
chr17	7439859	7439879	ENSG00000161958.11|ENSG00000262880.1|ENSG00000263301.1|ENSG00000272884.1	exon|gene|transcript	20
chr17	41967762	41967782	ENSG00000173786.17	exon|gene|transcript	20
chr17	7293074	7293094	ENSG00000006047.13	exon|gene|transcript	20
chr17	47895796	47895816	ENSG00000264920.4	exon|gene|transcript	20
chr17	50053111	50053131	ENSG00000246640.2	exon|gene|transcript	20
chr17	50171513	50171533	ENSG00000108823.17|ENSG00000188662.9|ENSG00000293483.1	exon|gene|transcript	20
chr17	27644581	27644601	ENSG00000168961.17	exon|gene|transcript	20
chr17	58243055	58243075	ENSG00000167419.11|ENSG00000286788.1	exon|gene|transcript	20
chr17	49255960	49255980	ENSG00000177369.11	exon|gene|transcript	20
chr17	49260198	49260218	ENSG00000177369.11	exon|gene|transcript	20
chr17	63854775	63854795	ENSG00000293480.1	exon|gene|transcript	20
chr17	73755900	73755920	ENSG00000177338.14|ENSG00000263574.2	exon|gene|transcript	20
chr17	16849184	16849204	ENSG00000205312.9|ENSG00000290980.1	exon|gene|transcript	20
chr17	16350639	16350659	ENSG00000108474.17|ENSG00000166582.11	exon|gene|transcript	20
chr17	50209052	50209072	ENSG00000249406.3	exon|gene|transcript	20
chr17	45263061	45263081	ENSG00000267278.6	exon|gene|transcript	20
chr17	78342794	78342814	ENSG00000267737.1	exon|gene|transcript	20
chr17	44303460	44303480	ENSG00000267750.6	exon|gene|transcript	20
chr17	6898909	6898929	ENSG00000215067.12|ENSG00000262943.10|ENSG00000291084.1	exon|gene|transcript	20
chr17	42548195	42548215	ENSG00000108785.7|ENSG00000266929.1	exon|gene|transcript	20
chr17	28612084	28612104	ENSG00000167524.17|ENSG00000227543.5|ENSG00000258472.10	exon|gene|transcript	20
chr17	58008769	58008789	ENSG00000279069.2	exon|gene|transcript	20
chr17	69012083	69012103	ENSG00000154258.17|ENSG00000231749.3	exon|gene|transcript	20
chr17	81572088	81572108	ENSG00000182446.15	exon|gene|transcript	20
chr17	7018610	7018630	ENSG00000267047.1|ENSG00000267532.5	exon|gene|transcript	20
chr17	7043238	7043258	ENSG00000174326.15	exon|gene|transcript	20
chr17	51256570	51256590	ENSG00000011258.16	exon|gene|transcript	20
chr17	34997717	34997737	ENSG00000005156.12	exon|gene|transcript	20
chr17	34481961	34481981	ENSG00000225582.2	exon|gene|transcript	20
chr17	34003583	34003603	ENSG00000108684.15|ENSG00000265356.2|ENSG00000279668.4|ENSG00000279674.1	exon|gene|transcript	20
chr17	82026878	82026898	ENSG00000169683.8	exon|gene|transcript	20
chr17	38751709	38751729	ENSG00000277182.2	exon|gene|transcript	20
chr17	76383509	76383529	ENSG00000161542.17|ENSG00000176170.14	exon|gene|transcript	20
chr17	44222516	44222536	ENSG00000260793.4	exon|gene|transcript	20
chr17	81917747	81917767	ENSG00000187531.14	exon|gene|transcript	20
chr17	61955361	61955381	ENSG00000108510.10	exon|gene|transcript	20
chr17	80216895	80216915	ENSG00000181523.13	exon|gene|transcript	20
chr17	80221115	80221135	ENSG00000181045.15	exon|gene|transcript	20
chr17	1154427	1154447	ENSG00000159842.16	exon|gene|transcript	20
chr17	55721798	55721818	ENSG00000166292.12	exon|gene|transcript	20
chr17	19274298	19274318	ENSG00000072134.16	exon|gene|transcript	20
chr17	783327	783347	ENSG00000171861.11	exon|gene|transcript	20
chr17	82017113	82017133	ENSG00000169696.16	exon|gene|transcript	20
chr17	21219282	21219302	ENSG00000235530.7	exon|gene|transcript	20
chr17	21172416	21172436	ENSG00000109016.18	exon|gene|transcript	20
chr17	48559909	48559929	ENSG00000120093.12|ENSG00000233101.10|ENSG00000239552.2	exon|gene|transcript	20
chr17	48465446	48465466	ENSG00000264451.1	exon|gene|transcript	20
chr17	48600446	48600466	ENSG00000108511.10|ENSG00000120093.12|ENSG00000233101.10	exon|gene|transcript	20
chr17	62627492	62627512	ENSG00000274565.1	exon|gene|transcript	20
chr17	43389834	43389854	ENSG00000288909.2	exon|gene|transcript	20
chr17	77099466	77099486	ENSG00000129657.16|ENSG00000234912.12	exon|gene|transcript	20
chr17	16819363	16819383	ENSG00000226145.8|ENSG00000290977.1	exon|gene|transcript	20
chr17	12987152	12987172	ENSG00000006740.18	exon|gene|transcript	20
chr17	38207972	38207992	ENSG00000274487.5|ENSG00000291088.1	exon|gene|transcript	20
chr17	82453180	82453200	ENSG00000265458.3	exon|gene|transcript	20
chr17	15276639	15276659	ENSG00000237377.2|ENSG00000286792.1	exon|gene|transcript	20
chr17	47051295	47051315	ENSG00000262879.7|ENSG00000263142.6	exon|gene|transcript	20
chr17	61407638	61407658	ENSG00000121068.14|ENSG00000267280.6	exon|gene|transcript	20
chr17	4743746	4743766	ENSG00000141497.14	exon|gene|transcript	20
chr17	67785273	67785293	ENSG00000213179.4	exon|gene|transcript	20
chr17	6374316	6374336	ENSG00000285593.1	exon|gene|transcript	20
chr17	73800583	73800603	ENSG00000177338.14|ENSG00000234721.3	exon|gene|transcript	20
chr17	44308256	44308276	ENSG00000267750.6	exon|gene|transcript	20
chr17	65100905	65100925	ENSG00000108370.17	exon|gene|transcript	20
chr17	39629502	39629522	ENSG00000131771.14	exon|gene|transcript	20
chr17	59837930	59837950	ENSG00000062716.13	exon|gene|transcript	20
chr17	73786802	73786821	ENSG00000177338.14|ENSG00000234721.3	exon|gene|transcript	19
chr17	78169731	78169750	ENSG00000108639.8	exon|gene|transcript	19
chr17	63997903	63997922	ENSG00000264954.2	exon|gene|transcript	19
chr17	81845991	81846010	ENSG00000185624.16	exon|gene|transcript	19
chr17	81683668	81683687	ENSG00000185359.14|ENSG00000214087.9	exon|gene|transcript	19
chr17	40374157	40374176	ENSG00000252618.1	exon|gene|transcript	19
chr17	18540998	18541017	ENSG00000273018.7|ENSG00000291090.1	exon|gene|transcript	19
chr17	79018995	79019014	ENSG00000265096.3	exon|gene|transcript	19
chr17	47933087	47933106	ENSG00000234494.8|ENSG00000266601.1	exon|gene|transcript	19
chr17	58303227	58303246	ENSG00000005379.17	exon|gene|transcript	19
chr17	28901732	28901751	ENSG00000167536.14	exon|gene|transcript	19
chr17	40141528	40141547	ENSG00000108349.17	exon|gene|transcript	19
chr17	16040089	16040108	ENSG00000011295.16|ENSG00000141027.23	exon|gene|transcript	19
chr17	39730056	39730075	ENSG00000141736.14|ENSG00000141741.12	exon|gene|transcript	19
chr17	73776738	73776757	ENSG00000177338.14	exon|gene|transcript	19
chr17	19453584	19453603	ENSG00000235979.9	exon|gene|transcript	19
chr17	74599929	74599948	ENSG00000261222.4	exon|gene|transcript	19
chr17	72725516	72725535	ENSG00000133195.12	exon|gene|transcript	19
chr17	45220945	45220964	ENSG00000267121.7	exon|gene|transcript	19
chr17	27577472	27577491	ENSG00000141068.17	exon|gene|transcript	19
chr17	12973597	12973616	ENSG00000006740.18|ENSG00000280168.1	exon|gene|transcript	19
chr17	4717435	4717454	ENSG00000141480.18	exon|gene|transcript	19
chr17	21573394	21573413	ENSG00000212719.15	exon|gene|transcript	19
chr17	3730474	3730493	ENSG00000083457.12|ENSG00000262358.1	exon|gene|transcript	19
chr17	62065832	62065851	ENSG00000289293.1	exon|gene|transcript	19
chr17	19719272	19719291	ENSG00000262681.2	exon|gene|transcript	19
chr17	17677641	17677660	ENSG00000223979.2	exon|gene|transcript	19
chr17	76545895	76545914	ENSG00000161544.10|ENSG00000214140.11|ENSG00000267546.2	exon|gene|transcript	19
chr17	74249324	74249343	ENSG00000141540.11	exon|gene|transcript	19
chr17	2087999	2088018	ENSG00000070366.14	exon|gene|transcript	19
chr17	81018473	81018492	ENSG00000262873.2	exon|gene|transcript	19
chr17	38853629	38853648	ENSG00000125691.14	exon|gene|transcript	19
chr17	34574122	34574141	ENSG00000197322.4	exon|gene|transcript	19
chr17	16794639	16794658	ENSG00000266302.6|ENSG00000272815.1|ENSG00000290976.1	exon|gene|transcript	19
chr17	42794217	42794236	ENSG00000126562.17	exon|gene|transcript	19
chr17	80382343	80382362	ENSG00000173821.20|ENSG00000263069.6	exon|gene|transcript	19
chr17	36936563	36936582	ENSG00000277268.2	exon|gene|transcript	19
chr17	18177336	18177355	ENSG00000091536.20|ENSG00000266677.1	exon|gene|transcript	19
chr17	64146309	64146328	ENSG00000266402.5	exon|gene|transcript	19
chr17	28417143	28417162	ENSG00000265541.1	exon|gene|transcript	19
chr17	20403226	20403245	ENSG00000154898.17	exon|gene|transcript	19
chr17	61405861	61405880	ENSG00000121068.14|ENSG00000267280.6	exon|gene|transcript	19
chr17	49252674	49252693	ENSG00000177369.11	exon|gene|transcript	19
chr17	18521059	18521078	ENSG00000273018.7|ENSG00000290659.1	exon|gene|transcript	19
chr17	76383307	76383326	ENSG00000161542.17|ENSG00000176170.14	exon|gene|transcript	19
chr17	7227957	7227976	ENSG00000004975.12	exon|gene|transcript	19
chr17	47162353	47162372	ENSG00000004897.12|ENSG00000262265.2	exon|gene|transcript	19
chr17	50674361	50674380	ENSG00000108846.16	exon|gene|transcript	19
chr17	44302331	44302350	ENSG00000267750.6	exon|gene|transcript	19
chr17	29076316	29076335	ENSG00000196535.20	exon|gene|transcript	19
chr17	1685132	1685151	ENSG00000277597.2	exon|gene|transcript	19
chr17	60088676	60088695	ENSG00000267416.2|ENSG00000293515.1	exon|gene|transcript	19
chr17	4705198	4705217	ENSG00000213939.4|ENSG00000244184.1	exon|gene|transcript	19
chr17	69023240	69023259	ENSG00000154258.17|ENSG00000231749.3	exon|gene|transcript	19
chr17	35478185	35478204	ENSG00000205045.12|ENSG00000267349.1	exon|gene|transcript	19
chr17	72421573	72421592	ENSG00000227036.10	exon|gene|transcript	19
chr17	1711518	1711537	ENSG00000186594.16	exon|gene|transcript	19
chr17	7345623	7345642	ENSG00000072818.12	exon|gene|transcript	19
chr17	77530258	77530277	ENSG00000267665.3	exon|gene|transcript	19
chr17	72089328	72089347	ENSG00000226101.2|ENSG00000234899.11|ENSG00000288605.1	exon|gene|transcript	19
chr17	1717036	1717055	ENSG00000167716.19|ENSG00000186594.16	exon|gene|transcript	19
chr17	67993321	67993339	ENSG00000186665.10	exon|gene|transcript	18
chr17	58247367	58247385	ENSG00000167419.11|ENSG00000286788.1	exon|gene|transcript	18
chr17	70169250	70169268	ENSG00000123700.5|ENSG00000267365.2	exon|gene|transcript	18
chr17	69961567	69961585	ENSG00000237560.9	exon|gene|transcript	18
chr17	75901182	75901200	ENSG00000204316.13|ENSG00000267426.5	exon|gene|transcript	18
chr17	13096968	13096986	ENSG00000273098.3	exon|gene|transcript	18
chr17	8221359	8221377	ENSG00000178977.4	exon|gene|transcript	18
chr17	70168385	70168403	ENSG00000267365.2	exon|gene|transcript	18
chr17	59996954	59996972	ENSG00000266992.1|ENSG00000267104.2|ENSG00000267302.5	exon|gene|transcript	18
chr17	18704639	18704657	ENSG00000265693.1|ENSG00000291110.1	exon|gene|transcript	18
chr17	60088695	60088713	ENSG00000267416.2|ENSG00000293515.1	exon|gene|transcript	18
chr17	17814748	17814766	ENSG00000072310.18	exon|gene|transcript	18
chr17	4787341	4787359	ENSG00000280254.1	exon|gene|transcript	18
chr17	67956983	67957001	ENSG00000171634.19|ENSG00000279573.1	exon|gene|transcript	18
chr17	37579416	37579434	ENSG00000275066.5	exon|gene|transcript	18
chr17	47895061	47895079	ENSG00000264920.4	exon|gene|transcript	18
chr17	50065734	50065752	ENSG00000005884.18	exon|gene|transcript	18
chr17	18658428	18658446	ENSG00000287058.1|ENSG00000290687.1	exon|gene|transcript	18
chr17	45266518	45266536	ENSG00000006062.18|ENSG00000267278.6	exon|gene|transcript	18
chr17	44374760	44374778	ENSG00000005961.19	exon|gene|transcript	18
chr17	62935379	62935397	ENSG00000283538.3	exon|gene|transcript	18
chr17	16851890	16851908	ENSG00000205312.9|ENSG00000290980.1	exon|gene|transcript	18
chr17	79020120	79020138	ENSG00000265096.3	exon|gene|transcript	18
chr17	45266681	45266699	ENSG00000006062.18|ENSG00000267278.6	exon|gene|transcript	18
chr17	41090363	41090381	ENSG00000287602.1	exon|gene|transcript	18
chr17	67245074	67245092	ENSG00000198265.12|ENSG00000266473.1|ENSG00000285877.1	exon|gene|transcript	18
chr17	20337404	20337422	ENSG00000154898.17|ENSG00000293363.2	exon|gene|transcript	18
chr17	69233942	69233960	ENSG00000154263.18|ENSG00000278873.1	exon|gene|transcript	18
chr17	50190308	50190326	ENSG00000108821.14	exon|gene|transcript	18
chr17	79849958	79849976	ENSG00000262343.1	exon|gene|transcript	18
chr17	58835976	58835994	ENSG00000175175.6|ENSG00000251865.1	exon|gene|transcript	18
chr17	33634850	33634868	ENSG00000108684.15|ENSG00000265115.1	exon|gene|transcript	18
chr17	30579664	30579682	ENSG00000214719.13	exon|gene|transcript	18
chr17	16439037	16439055	ENSG00000175061.20	exon|gene|transcript	18
chr17	20931771	20931789	ENSG00000233098.10	exon|gene|transcript	18
chr17	18528694	18528712	ENSG00000273018.7	exon|gene|transcript	18
chr17	49365698	49365716	ENSG00000248714.7	exon|gene|transcript	18
chr17	75692527	75692545	ENSG00000161526.15	exon|gene|transcript	18
chr17	78203355	78203373	ENSG00000183077.16	exon|gene|transcript	18
chr17	82278556	82278574	ENSG00000287737.3	exon|gene|transcript	18
chr17	50163759	50163777	ENSG00000261959.1	exon|gene|transcript	18
chr17	72040713	72040731	ENSG00000228639.8|ENSG00000256124.6|ENSG00000288605.1	exon|gene|transcript	18
chr17	49494222	49494240	ENSG00000279036.1	exon|gene|transcript	18
chr17	71202185	71202203	ENSG00000260785.2	exon|gene|transcript	18
chr17	41550847	41550865	ENSG00000226629.1	exon|gene|transcript	18
chr17	35863686	35863704	ENSG00000270379.6|ENSG00000270647.7	exon|gene|transcript	18
chr17	81638107	81638125	ENSG00000182446.15|ENSG00000182612.11	exon|gene|transcript	18
chr17	78115051	78115069	ENSG00000141524.19	exon|gene|transcript	18
chr17	81395635	81395653	ENSG00000266074.11|ENSG00000279692.1	exon|gene|transcript	18
chr17	81638036	81638054	ENSG00000182446.15|ENSG00000182612.11	exon|gene|transcript	18
chr17	18098464	18098482	ENSG00000108591.10	exon|gene|transcript	18
chr17	50764069	50764087	ENSG00000167117.10	exon|gene|transcript	18
chr17	29076737	29076755	ENSG00000196535.20	exon|gene|transcript	18
chr17	47941392	47941410	ENSG00000234494.8	exon|gene|transcript	18
chr17	44307087	44307105	ENSG00000252628.2|ENSG00000267750.6	exon|gene|transcript	18
chr17	44303991	44304009	ENSG00000221496.2|ENSG00000267750.6	exon|gene|transcript	18
chr17	5426941	5426959	ENSG00000129197.15|ENSG00000263272.1	exon|gene|transcript	18
chr17	19560169	19560187	ENSG00000142494.13|ENSG00000262769.1	exon|gene|transcript	18
chr17	10766988	10767006	ENSG00000263400.8|ENSG00000264016.3|ENSG00000285220.1	exon|gene|transcript	18
chr17	68672112	68672130	ENSG00000267659.5	exon|gene|transcript	18
chr17	76382976	76382994	ENSG00000161542.17|ENSG00000176170.14	exon|gene|transcript	18
chr17	64188436	64188454	ENSG00000136478.9	exon|gene|transcript	18
chr17	29334106	29334124	ENSG00000264808.2	exon|gene|transcript	18
chr17	39165595	39165613	ENSG00000141748.13|ENSG00000280177.1	exon|gene|transcript	18
chr17	30481324	30481342	ENSG00000108587.16	exon|gene|transcript	18
chr17	16683655	16683673	ENSG00000231458.2	exon|gene|transcript	18
chr17	68199064	68199082	ENSG00000267472.1	exon|gene|transcript	18
chr17	1399650	1399668	ENSG00000108953.17	exon|gene|transcript	18
chr17	34996355	34996373	ENSG00000005156.12	exon|gene|transcript	18
chr17	42794153	42794171	ENSG00000126562.17	exon|gene|transcript	18
chr17	45650636	45650654	ENSG00000263715.7|ENSG00000293460.1	exon|gene|transcript	18
chr17	45672884	45672902	ENSG00000263715.7	exon|gene|transcript	18
chr17	18769476	18769494	ENSG00000171931.13	exon|gene|transcript	18
chr17	7835995	7836013	ENSG00000132510.11|ENSG00000288929.2	exon|gene|transcript	18
chr17	20493895	20493913	ENSG00000230088.1	exon|gene|transcript	18
chr17	38197527	38197545	ENSG00000274487.5|ENSG00000291088.1	exon|gene|transcript	18
chr17	76545529	76545547	ENSG00000161544.10|ENSG00000214140.11	exon|gene|transcript	18
chr17	82022803	82022821	ENSG00000169689.15	exon|gene|transcript	18
chr17	38751437	38751455	ENSG00000277182.2	exon|gene|transcript	18
chr17	38855387	38855405	ENSG00000244086.1	exon|gene|transcript	18
chr17	14032427	14032445	ENSG00000236088.12	exon|gene|transcript	18
chr17	83200179	83200197	ENSG00000262898.5	exon|gene|transcript	18
chr17	770507	770525	ENSG00000167699.14	exon|gene|transcript	18
chr17	77374694	77374712	ENSG00000184640.20|ENSG00000266998.2	exon|gene|transcript	18
chr17	77095834	77095852	ENSG00000129657.16|ENSG00000234912.12	exon|gene|transcript	18
chr17	60808076	60808094	ENSG00000141376.24	exon|gene|transcript	18
chr17	81025424	81025442	ENSG00000262098.1|ENSG00000262873.2	exon|gene|transcript	18
chr17	57093064	57093082	ENSG00000121057.13|ENSG00000263089.1	exon|gene|transcript	18
chr17	17765961	17765979	ENSG00000108557.20|ENSG00000237328.1	exon|gene|transcript	18
chr17	83105904	83105921	ENSG00000261888.1	exon|gene|transcript	17
chr17	62626436	62626453	ENSG00000274565.1|ENSG00000277463.1	exon|gene|transcript	17
chr17	42866178	42866195	ENSG00000291070.1	exon|gene|transcript	17
chr17	14775316	14775333	ENSG00000205325.4	exon|gene|transcript	17
chr17	551584	551601	ENSG00000141252.21	exon|gene|transcript	17
chr17	7348475	7348492	ENSG00000072818.12	exon|gene|transcript	17
chr17	63830189	63830206	ENSG00000087191.14	exon|gene|transcript	17
chr17	76540470	76540487	ENSG00000161544.10|ENSG00000214140.11	exon|gene|transcript	17
chr17	37033744	37033761	ENSG00000275700.6|ENSG00000276326.1	exon|gene|transcript	17
chr17	38852936	38852953	ENSG00000125691.14|ENSG00000199293.1	exon|gene|transcript	17
chr17	80463496	80463513	ENSG00000279273.1	exon|gene|transcript	17
chr17	42576676	42576693	ENSG00000131470.15	exon|gene|transcript	17
chr17	48852628	48852645	ENSG00000136436.15	exon|gene|transcript	17
chr17	11289602	11289619	ENSG00000188803.15|ENSG00000264727.1	exon|gene|transcript	17
chr17	58693870	58693887	ENSG00000108384.16	exon|gene|transcript	17
chr17	28275430	28275447	ENSG00000260777.2|ENSG00000264029.1	exon|gene|transcript	17
chr17	48602232	48602249	ENSG00000108511.10|ENSG00000120093.12|ENSG00000233101.10	exon|gene|transcript	17
chr17	63706237	63706254	ENSG00000125695.12|ENSG00000266173.7	exon|gene|transcript	17
chr17	6689937	6689954	ENSG00000141485.17|ENSG00000256806.6|ENSG00000290366.1	exon|gene|transcript	17
chr17	61003799	61003816	ENSG00000141376.24	exon|gene|transcript	17
chr17	34164496	34164513	ENSG00000108684.15|ENSG00000263571.3	exon|gene|transcript	17
chr17	42546843	42546860	ENSG00000108785.7|ENSG00000266929.1	exon|gene|transcript	17
chr17	58519034	58519051	ENSG00000289147.2	exon|gene|transcript	17
chr17	36081495	36081512	ENSG00000277089.4	exon|gene|transcript	17
chr17	7107818	7107835	ENSG00000161944.17	exon|gene|transcript	17
chr17	35846373	35846390	ENSG00000270647.7	exon|gene|transcript	17
chr17	51334026	51334043	ENSG00000249383.2|ENSG00000249982.1	exon|gene|transcript	17
chr17	28715438	28715455	ENSG00000109113.20	exon|gene|transcript	17
chr17	78617700	78617717	ENSG00000267123.7	exon|gene|transcript	17
chr17	35574296	35574313	ENSG00000267321.4	exon|gene|transcript	17
chr17	49708458	49708475	ENSG00000121073.15|ENSG00000250751.1	exon|gene|transcript	17
chr17	39191704	39191721	ENSG00000067191.17	exon|gene|transcript	17
chr17	47840173	47840190	ENSG00000141295.14	exon|gene|transcript	17
chr17	45220408	45220425	ENSG00000267121.7	exon|gene|transcript	17
chr17	75900794	75900811	ENSG00000204316.13|ENSG00000267426.5	exon|gene|transcript	17
chr17	47895148	47895165	ENSG00000264920.4	exon|gene|transcript	17
chr17	70067491	70067508	ENSG00000153822.15|ENSG00000230258.6|ENSG00000267603.1	exon|gene|transcript	17
chr17	78114474	78114491	ENSG00000141524.19	exon|gene|transcript	17
chr17	44325604	44325621	ENSG00000288961.2	exon|gene|transcript	17
chr17	7059187	7059204	ENSG00000262067.1	exon|gene|transcript	17
chr17	28655539	28655556	ENSG00000132581.10	exon|gene|transcript	17
chr17	7017910	7017927	ENSG00000267047.1|ENSG00000267532.5|ENSG00000284027.1	exon|gene|transcript	17
chr17	65688756	65688773	ENSG00000154240.18	exon|gene|transcript	17
chr17	81859387	81859404	ENSG00000185624.16	exon|gene|transcript	17
chr17	81859749	81859766	ENSG00000185624.16	exon|gene|transcript	17
chr17	42102783	42102800	ENSG00000108771.13	exon|gene|transcript	17
chr17	76162002	76162019	ENSG00000141576.16	exon|gene|transcript	17
chr17	82060140	82060157	ENSG00000169718.18	exon|gene|transcript	17
chr17	75273743	75273760	ENSG00000125454.12|ENSG00000263843.1	exon|gene|transcript	17
chr17	17779094	17779111	ENSG00000108557.20|ENSG00000226746.2	exon|gene|transcript	17
chr17	45830399	45830416	ENSG00000120088.16|ENSG00000263715.7|ENSG00000264589.5	exon|gene|transcript	17
chr17	74351183	74351200	ENSG00000196169.15	exon|gene|transcript	17
chr17	81339182	81339199	ENSG00000287431.1	exon|gene|transcript	17
chr17	39743375	39743392	ENSG00000141738.14	exon|gene|transcript	17
chr17	47053444	47053461	ENSG00000262879.7|ENSG00000263142.6	exon|gene|transcript	17
chr17	32509953	32509970	ENSG00000176658.17|ENSG00000265222.1	exon|gene|transcript	17
chr17	45448095	45448112	ENSG00000225190.12	exon|gene|transcript	17
chr17	82266707	82266724	ENSG00000141551.15	exon|gene|transcript	17
chr17	45895028	45895045	ENSG00000186868.18|ENSG00000264589.5	exon|gene|transcript	17
chr17	74590501	74590518	ENSG00000182352.8|ENSG00000204345.1	exon|gene|transcript	17
chr17	50164888	50164905	ENSG00000108823.17|ENSG00000261959.1	exon|gene|transcript	17
chr17	8064124	8064141	ENSG00000275011.1	exon|gene|transcript	17
chr17	8080485	8080502	ENSG00000179477.11|ENSG00000214999.3	exon|gene|transcript	17
chr17	74607229	74607246	ENSG00000261222.4	exon|gene|transcript	17
chr17	30980208	30980225	ENSG00000181481.14|ENSG00000266340.1	exon|gene|transcript	17
chr17	82016080	82016097	ENSG00000169696.16	exon|gene|transcript	17
chr17	12549880	12549897	ENSG00000179136.8	exon|gene|transcript	17
chr17	37642719	37642736	ENSG00000278053.5	exon|gene|transcript	17
chr17	20447207	20447224	ENSG00000287490.1|ENSG00000291195.1	exon|gene|transcript	17
chr17	82960358	82960375	ENSG00000175711.9	exon|gene|transcript	17
chr17	5235605	5235622	ENSG00000261879.9	exon|gene|transcript	17
chr17	40523638	40523655	ENSG00000266088.6	exon|gene|transcript	17
chr17	66267831	66267848	ENSG00000252653.1	exon|gene|transcript	17
chr17	40342010	40342027	ENSG00000131759.18|ENSG00000265666.1	exon|gene|transcript	17
chr17	18388201	18388218	ENSG00000214860.5|ENSG00000264177.1	exon|gene|transcript	17
chr17	79598097	79598114	ENSG00000167281.20|ENSG00000263278.2	exon|gene|transcript	17
chr17	28861694	28861711	ENSG00000264066.7|ENSG00000284085.1	exon|gene|transcript	17
chr17	63715204	63715221	ENSG00000125695.12|ENSG00000266173.7	exon|gene|transcript	17
chr17	40835100	40835117	ENSG00000167920.12	exon|gene|transcript	17
chr17	79018377	79018394	ENSG00000265096.3	exon|gene|transcript	17
chr17	61383914	61383931	ENSG00000141376.24|ENSG00000266934.1|ENSG00000267131.1	exon|gene|transcript	17
chr17	58215444	58215461	ENSG00000011143.19	exon|gene|transcript	17
chr17	4675459	4675476	ENSG00000141456.16|ENSG00000235085.3	exon|gene|transcript	17
chr17	82696853	82696870	ENSG00000141542.11	exon|gene|transcript	17
chr17	60002367	60002384	ENSG00000266992.1|ENSG00000267104.2	exon|gene|transcript	17
chr17	80197224	80197241	ENSG00000141527.19	exon|gene|transcript	17
chr17	77571519	77571535	ENSG00000279572.1	exon|gene|transcript	16
chr17	57264782	57264798	ENSG00000153944.12	exon|gene|transcript	16
chr17	18253870	18253886	ENSG00000177731.16	exon|gene|transcript	16
chr17	19495465	19495481	ENSG00000142494.13	exon|gene|transcript	16
chr17	82229478	82229494	ENSG00000141526.18	exon|gene|transcript	16
chr17	28557157	28557173	ENSG00000087111.22|ENSG00000167524.17	exon|gene|transcript	16
chr17	64972533	64972549	ENSG00000214174.11|ENSG00000291140.1	exon|gene|transcript	16
chr17	28331385	28331401	ENSG00000109083.14	exon|gene|transcript	16
chr17	61404769	61404785	ENSG00000121068.14|ENSG00000267280.6	exon|gene|transcript	16
chr17	14304458	14304474	ENSG00000125430.9|ENSG00000266709.1	exon|gene|transcript	16
chr17	44280891	44280907	ENSG00000285486.1	exon|gene|transcript	16
chr17	5223316	5223332	ENSG00000161929.15|ENSG00000261879.9	exon|gene|transcript	16
chr17	44223291	44223307	ENSG00000260793.4	exon|gene|transcript	16
chr17	44310738	44310754	ENSG00000108309.14|ENSG00000267750.6	exon|gene|transcript	16
chr17	42775332	42775348	ENSG00000131475.7	exon|gene|transcript	16
chr17	77099180	77099196	ENSG00000129657.16|ENSG00000234912.12	exon|gene|transcript	16
chr17	68206785	68206801	ENSG00000196704.14|ENSG00000290793.1	exon|gene|transcript	16
chr17	4893309	4893325	ENSG00000141503.17	exon|gene|transcript	16
chr17	62737899	62737915	ENSG00000173838.12|ENSG00000265702.2	exon|gene|transcript	16
chr17	62138229	62138245	ENSG00000266066.1	exon|gene|transcript	16
chr17	74861488	74861504	ENSG00000161509.14	exon|gene|transcript	16
chr17	37537177	37537193	ENSG00000275066.5	exon|gene|transcript	16
chr17	37855212	37855228	ENSG00000276715.5|ENSG00000290810.1	exon|gene|transcript	16
chr17	11630453	11630469	ENSG00000007174.18	exon|gene|transcript	16
chr17	35313454	35313470	ENSG00000267364.4	exon|gene|transcript	16
chr17	34991636	34991652	ENSG00000005156.12	exon|gene|transcript	16
chr17	38257136	38257152	ENSG00000274487.5|ENSG00000291088.1	exon|gene|transcript	16
chr17	32265264	32265280	ENSG00000287506.1	exon|gene|transcript	16
chr17	27880538	27880554	ENSG00000232859.10|ENSG00000266202.1|ENSG00000266527.1	exon|gene|transcript	16
chr17	48629635	48629651	ENSG00000242207.1|ENSG00000260027.5	exon|gene|transcript	16
chr17	81857139	81857155	ENSG00000185624.16	exon|gene|transcript	16
chr17	4675362	4675378	ENSG00000141456.16|ENSG00000235085.3	exon|gene|transcript	16
chr17	16439903	16439919	ENSG00000175061.20	exon|gene|transcript	16
chr17	28858021	28858037	ENSG00000132591.12	exon|gene|transcript	16
chr17	28747713	28747729	ENSG00000076604.16	exon|gene|transcript	16
chr17	28720890	28720906	ENSG00000198242.14	exon|gene|transcript	16
chr17	44708845	44708861	ENSG00000161692.18	exon|gene|transcript	16
chr17	44913680	44913696	ENSG00000131095.14	exon|gene|transcript	16
chr17	75848175	75848191	ENSG00000132471.12	exon|gene|transcript	16
chr17	36932603	36932619	ENSG00000277268.2	exon|gene|transcript	16
chr17	18441020	18441036	ENSG00000214856.12|ENSG00000290657.1	exon|gene|transcript	16
chr17	19630666	19630682	ENSG00000231625.5|ENSG00000290544.1	exon|gene|transcript	16
chr17	8318461	8318477	ENSG00000198844.12|ENSG00000226871.1	exon|gene|transcript	16
chr17	16439077	16439093	ENSG00000175061.20	exon|gene|transcript	16
chr17	78628317	78628333	ENSG00000267123.7	exon|gene|transcript	16
chr17	16439393	16439409	ENSG00000175061.20	exon|gene|transcript	16
chr17	63151244	63151260	ENSG00000170921.16	exon|gene|transcript	16
chr17	1399483	1399499	ENSG00000108953.17	exon|gene|transcript	16
chr17	26999925	26999941	ENSG00000264734.1	exon|gene|transcript	16
chr17	47056407	47056423	ENSG00000262879.7	exon|gene|transcript	16
chr17	29569674	29569690	ENSG00000167543.16|ENSG00000264031.1|ENSG00000264290.1	exon|gene|transcript	16
chr17	32258688	32258704	ENSG00000287506.1	exon|gene|transcript	16
chr17	78130871	78130887	ENSG00000141524.19|ENSG00000167895.16	exon|gene|transcript	16
chr17	8576815	8576831	ENSG00000133026.14	exon|gene|transcript	16
chr17	60134853	60134869	ENSG00000267248.5	exon|gene|transcript	16
chr17	47895515	47895531	ENSG00000264920.4	exon|gene|transcript	16
chr17	41517066	41517082	ENSG00000171346.16	exon|gene|transcript	16
chr17	72029137	72029153	ENSG00000228639.8	exon|gene|transcript	16
chr17	10320496	10320512	ENSG00000006788.14|ENSG00000264067.1	exon|gene|transcript	16
chr17	10590759	10590775	ENSG00000214970.8|ENSG00000272975.1	exon|gene|transcript	16
chr17	28599839	28599855	ENSG00000167524.17|ENSG00000227543.5|ENSG00000258472.10	exon|gene|transcript	16
chr17	67613404	67613420	ENSG00000154217.16|ENSG00000279917.1	exon|gene|transcript	16
chr17	61861892	61861908	ENSG00000136492.10	exon|gene|transcript	16
chr17	49461224	49461240	ENSG00000249497.1|ENSG00000262039.1	exon|gene|transcript	16
chr17	46558829	46558845	ENSG00000185829.19|ENSG00000232300.1	exon|gene|transcript	16
chr17	50065367	50065383	ENSG00000005884.18	exon|gene|transcript	16
chr17	714497	714513	ENSG00000141252.21	exon|gene|transcript	16
chr17	30770034	30770050	ENSG00000176390.12|ENSG00000264538.8|ENSG00000290928.1	exon|gene|transcript	16
chr17	58306413	58306429	ENSG00000005379.17	exon|gene|transcript	16
chr17	58325517	58325533	ENSG00000005379.17|ENSG00000265148.7	exon|gene|transcript	16
chr17	79598274	79598290	ENSG00000167281.20|ENSG00000263278.2	exon|gene|transcript	16
chr17	36073655	36073671	ENSG00000277089.4	exon|gene|transcript	16
chr17	80149782	80149798	ENSG00000275479.1	exon|gene|transcript	16
chr17	80203521	80203537	ENSG00000141527.19|ENSG00000262580.5	exon|gene|transcript	16
chr17	18423533	18423549	ENSG00000205266.11|ENSG00000290655.1	exon|gene|transcript	16
chr17	79923994	79924010	ENSG00000262188.4|ENSG00000262585.1	exon|gene|transcript	16
chr17	18731219	18731235	ENSG00000108448.24|ENSG00000291110.1	exon|gene|transcript	16
chr17	32627738	32627754	ENSG00000176658.17|ENSG00000264458.1	exon|gene|transcript	16
chr17	32499661	32499677	ENSG00000176658.17|ENSG00000266718.2	exon|gene|transcript	16
chr17	45533390	45533406	ENSG00000214425.11|ENSG00000266918.1|ENSG00000291175.1	exon|gene|transcript	16
chr17	58081384	58081400	ENSG00000266290.1	exon|gene|transcript	16
chr17	82246197	82246213	ENSG00000141526.18|ENSG00000141551.15	exon|gene|transcript	16
chr17	3894342	3894358	ENSG00000004660.15	exon|gene|transcript	16
chr17	69110228	69110244	ENSG00000154262.13	exon|gene|transcript	16
chr17	83221174	83221190	ENSG00000262094.1|ENSG00000262898.5	exon|gene|transcript	16
chr17	28901919	28901935	ENSG00000167536.14	exon|gene|transcript	16
chr17	59618792	59618808	ENSG00000273702.1	exon|gene|transcript	16
chr17	44093489	44093505	ENSG00000108840.16	exon|gene|transcript	16
chr17	44079277	44079293	ENSG00000108840.16|ENSG00000141349.10	exon|gene|transcript	16
chr17	58709638	58709654	ENSG00000108384.16	exon|gene|transcript	16
chr17	83200010	83200026	ENSG00000262898.5	exon|gene|transcript	16
chr17	19453607	19453623	ENSG00000235979.9	exon|gene|transcript	16
chr17	83105198	83105214	ENSG00000261888.1	exon|gene|transcript	16
chr17	72383042	72383058	ENSG00000227036.10	exon|gene|transcript	16
chr17	74851757	74851773	ENSG00000161509.14	exon|gene|transcript	16
chr17	18139354	18139369	ENSG00000091536.20	exon|gene|transcript	15
chr17	43917193	43917208	ENSG00000267496.4|ENSG00000282199.1	exon|gene|transcript	15
chr17	76557874	76557889	ENSG00000163597.17	exon|gene|transcript	15
chr17	44071611	44071626	ENSG00000141349.10	exon|gene|transcript	15
chr17	8445025	8445040	ENSG00000166579.16	exon|gene|transcript	15
chr17	8079959	8079974	ENSG00000179477.11|ENSG00000214999.3	exon|gene|transcript	15
chr17	46014324	46014339	ENSG00000186868.18	exon|gene|transcript	15
chr17	61070341	61070356	ENSG00000141376.24|ENSG00000267449.1	exon|gene|transcript	15
chr17	83106895	83106910	ENSG00000261888.1	exon|gene|transcript	15
chr17	74853140	74853155	ENSG00000161509.14	exon|gene|transcript	15
chr17	61069855	61069870	ENSG00000141376.24|ENSG00000267207.1|ENSG00000267449.1	exon|gene|transcript	15
chr17	10622969	10622984	ENSG00000214970.8|ENSG00000272975.1	exon|gene|transcript	15
chr17	75629692	75629707	ENSG00000108469.15	exon|gene|transcript	15
chr17	18528585	18528600	ENSG00000273018.7	exon|gene|transcript	15
chr17	28899284	28899299	ENSG00000167536.14|ENSG00000266642.2	exon|gene|transcript	15
chr17	40086955	40086970	ENSG00000126351.13	exon|gene|transcript	15
chr17	61478414	61478429	ENSG00000121075.11	exon|gene|transcript	15
chr17	18388012	18388027	ENSG00000214860.5|ENSG00000264177.1	exon|gene|transcript	15
chr17	28861603	28861618	ENSG00000264066.7|ENSG00000283819.1	exon|gene|transcript	15
chr17	32445009	32445024	ENSG00000108671.11|ENSG00000279762.3	exon|gene|transcript	15
chr17	40479842	40479857	ENSG00000131746.13	exon|gene|transcript	15
chr17	2674992	2675007	ENSG00000007168.14	exon|gene|transcript	15
chr17	65903300	65903315	ENSG00000154240.18	exon|gene|transcript	15
chr17	18007828	18007843	ENSG00000171953.16|ENSG00000171962.19	exon|gene|transcript	15
chr17	21512582	21512597	ENSG00000212719.15	exon|gene|transcript	15
chr17	50113701	50113716	ENSG00000167100.15	exon|gene|transcript	15
chr17	36196471	36196486	ENSG00000276085.1	exon|gene|transcript	15
chr17	20576882	20576897	ENSG00000264422.1	exon|gene|transcript	15
chr17	39658693	39658708	ENSG00000131748.16	exon|gene|transcript	15
chr17	59839301	59839316	ENSG00000062716.13	exon|gene|transcript	15
chr17	28716740	28716755	ENSG00000109113.20	exon|gene|transcript	15
chr17	75876492	75876507	ENSG00000132481.7|ENSG00000267801.1	exon|gene|transcript	15
chr17	5235622	5235637	ENSG00000261879.9	exon|gene|transcript	15
chr17	18976196	18976211	ENSG00000154025.16|ENSG00000188522.16	exon|gene|transcript	15
chr17	63689982	63689997	ENSG00000198909.8|ENSG00000266173.7	exon|gene|transcript	15
chr17	35478454	35478469	ENSG00000205045.12	exon|gene|transcript	15
chr17	72839703	72839718	ENSG00000133195.12|ENSG00000264196.1	exon|gene|transcript	15
chr17	16439062	16439077	ENSG00000175061.20	exon|gene|transcript	15
chr17	20126473	20126488	ENSG00000128487.19|ENSG00000212186.1	exon|gene|transcript	15
chr17	49932737	49932752	ENSG00000254039.1	exon|gene|transcript	15
chr17	8384018	8384033	ENSG00000288750.1	exon|gene|transcript	15
chr17	18659497	18659512	ENSG00000287058.1|ENSG00000290687.1	exon|gene|transcript	15
chr17	47053461	47053476	ENSG00000262879.7|ENSG00000263142.6	exon|gene|transcript	15
chr17	60258014	60258029	ENSG00000170832.13|ENSG00000275562.1	exon|gene|transcript	15
chr17	20938550	20938565	ENSG00000233098.10	exon|gene|transcript	15
chr17	78420879	78420894	ENSG00000087157.19	exon|gene|transcript	15
chr17	20938522	20938537	ENSG00000233098.10	exon|gene|transcript	15
chr17	10537649	10537664	ENSG00000125414.19|ENSG00000272736.5|ENSG00000272975.1	exon|gene|transcript	15
chr17	30768833	30768848	ENSG00000264538.8|ENSG00000290928.1	exon|gene|transcript	15
chr17	76071960	76071975	ENSG00000167881.15|ENSG00000186919.13	exon|gene|transcript	15
chr17	49510885	49510900	ENSG00000064300.9|ENSG00000249906.1|ENSG00000277478.1	exon|gene|transcript	15
chr17	49496392	49496407	ENSG00000064300.9|ENSG00000279036.1	exon|gene|transcript	15
chr17	49255548	49255563	ENSG00000177369.11	exon|gene|transcript	15
chr17	19744858	19744873	ENSG00000108602.18	exon|gene|transcript	15
chr17	16849421	16849436	ENSG00000205312.9|ENSG00000290980.1	exon|gene|transcript	15
chr17	72057719	72057734	ENSG00000228639.8|ENSG00000288605.1	exon|gene|transcript	15
chr17	45648520	45648535	ENSG00000263715.7|ENSG00000293460.1	exon|gene|transcript	15
chr17	17149922	17149937	ENSG00000133030.22	exon|gene|transcript	15
chr17	81340644	81340659	ENSG00000287431.1	exon|gene|transcript	15
chr17	15761829	15761844	ENSG00000233193.1	exon|gene|transcript	15
chr17	64972998	64973013	ENSG00000214174.11|ENSG00000291140.1	exon|gene|transcript	15
chr17	44313969	44313984	ENSG00000108309.14|ENSG00000267750.6	exon|gene|transcript	15
chr17	47974541	47974556	ENSG00000108465.15|ENSG00000263798.2	exon|gene|transcript	15
chr17	42410922	42410937	ENSG00000177469.13|ENSG00000289579.1	exon|gene|transcript	15
chr17	20981972	20981987	ENSG00000233098.10	exon|gene|transcript	15
chr17	61777216	61777231	ENSG00000136492.10	exon|gene|transcript	15
chr17	27880943	27880958	ENSG00000232859.10|ENSG00000266202.1|ENSG00000266527.1	exon|gene|transcript	15
chr17	4639132	4639147	ENSG00000161905.13	exon|gene|transcript	15
chr17	30601651	30601666	ENSG00000214719.13|ENSG00000248121.9|ENSG00000290395.1	exon|gene|transcript	15
chr17	43706336	43706351	ENSG00000267440.2	exon|gene|transcript	15
chr17	77094765	77094780	ENSG00000129657.16|ENSG00000234912.12	exon|gene|transcript	15
chr17	13880301	13880316	ENSG00000236088.12	exon|gene|transcript	15
chr17	38852407	38852422	ENSG00000125691.14	exon|gene|transcript	15
chr17	57629909	57629924	ENSG00000153944.12	exon|gene|transcript	15
chr17	32284388	32284403	ENSG00000141314.13	exon|gene|transcript	15
chr17	59976008	59976023	ENSG00000266992.1|ENSG00000267104.2|ENSG00000267302.5	exon|gene|transcript	15
chr17	75130867	75130882	ENSG00000125458.7	exon|gene|transcript	15
chr17	81239898	81239913	ENSG00000224877.4	exon|gene|transcript	15
chr17	37541614	37541629	ENSG00000275066.5	exon|gene|transcript	15
chr17	31392543	31392558	ENSG00000131242.18	exon|gene|transcript	15
chr17	62737884	62737899	ENSG00000173838.12|ENSG00000265702.2	exon|gene|transcript	15
chr17	83106494	83106509	ENSG00000261888.1	exon|gene|transcript	15
chr17	31045923	31045937	ENSG00000265798.7|ENSG00000290858.1|ENSG00000291063.1	exon|gene|transcript	14
chr17	42306226	42306240	ENSG00000126561.18	exon|gene|transcript	14
chr17	5020079	5020093	ENSG00000129250.12|ENSG00000227495.1	exon|gene|transcript	14
chr17	22413130	22413144	ENSG00000276399.1	exon|gene|transcript	14
chr17	32048007	32048021	ENSG00000185158.13	exon|gene|transcript	14
chr17	41771632	41771646	ENSG00000173801.17	exon|gene|transcript	14
chr17	6895102	6895116	ENSG00000215067.12|ENSG00000262943.10|ENSG00000291084.1	exon|gene|transcript	14
chr17	78125079	78125093	ENSG00000141524.19	exon|gene|transcript	14
chr17	42681992	42682006	ENSG00000184451.5|ENSG00000267042.1	exon|gene|transcript	14
chr17	32444826	32444840	ENSG00000108671.11|ENSG00000279762.3	exon|gene|transcript	14
chr17	77722953	77722967	ENSG00000267790.1	exon|gene|transcript	14
chr17	46196810	46196824	ENSG00000120071.15|ENSG00000214401.6	exon|gene|transcript	14
chr17	59881134	59881148	ENSG00000108423.15	exon|gene|transcript	14
chr17	59837916	59837930	ENSG00000062716.13	exon|gene|transcript	14
chr17	6189360	6189374	ENSG00000262231.2	exon|gene|transcript	14
chr17	18661936	18661950	ENSG00000249459.12|ENSG00000287058.1|ENSG00000290687.1	exon|gene|transcript	14
chr17	18619912	18619926	ENSG00000154874.18|ENSG00000291090.1	exon|gene|transcript	14
chr17	50909622	50909636	ENSG00000229980.5	exon|gene|transcript	14
chr17	58966218	58966232	ENSG00000175175.6|ENSG00000263938.1	exon|gene|transcript	14
chr17	64780876	64780890	ENSG00000215769.8|ENSG00000291117.1	exon|gene|transcript	14
chr17	50526267	50526281	ENSG00000136449.16|ENSG00000250286.2	exon|gene|transcript	14
chr17	74256948	74256962	ENSG00000141540.11|ENSG00000264272.1	exon|gene|transcript	14
chr17	77527844	77527858	ENSG00000267665.3	exon|gene|transcript	14
chr17	50460662	50460676	ENSG00000167107.13	exon|gene|transcript	14
chr17	72323143	72323157	ENSG00000227036.10	exon|gene|transcript	14
chr17	30758171	30758185	ENSG00000264538.8|ENSG00000290928.1	exon|gene|transcript	14
chr17	74549529	74549543	ENSG00000236770.1	exon|gene|transcript	14
chr17	40480861	40480875	ENSG00000131746.13	exon|gene|transcript	14
chr17	50175172	50175186	ENSG00000108823.17|ENSG00000293483.1	exon|gene|transcript	14
chr17	10768030	10768044	ENSG00000263400.8|ENSG00000264016.3|ENSG00000285220.1	exon|gene|transcript	14
chr17	79992827	79992841	ENSG00000167291.16|ENSG00000262172.1	exon|gene|transcript	14
chr17	29010959	29010973	ENSG00000179761.12|ENSG00000263613.1	exon|gene|transcript	14
chr17	9553965	9553979	ENSG00000170310.15|ENSG00000271851.1	exon|gene|transcript	14
chr17	58304639	58304653	ENSG00000005379.17	exon|gene|transcript	14
chr17	8222486	8222500	ENSG00000178977.4	exon|gene|transcript	14
chr17	47895013	47895027	ENSG00000264920.4	exon|gene|transcript	14
chr17	37051227	37051241	ENSG00000275700.6|ENSG00000278638.2	exon|gene|transcript	14
chr17	75900077	75900091	ENSG00000204316.13|ENSG00000267342.1|ENSG00000267426.5	exon|gene|transcript	14
chr17	8976852	8976866	ENSG00000265975.1	exon|gene|transcript	14
chr17	81857796	81857810	ENSG00000185624.16	exon|gene|transcript	14
chr17	47974561	47974575	ENSG00000108465.15|ENSG00000263798.2	exon|gene|transcript	14
chr17	47303459	47303473	ENSG00000259207.10|ENSG00000259753.1|ENSG00000263293.3	exon|gene|transcript	14
chr17	68247360	68247374	ENSG00000196704.14|ENSG00000265100.2	exon|gene|transcript	14
chr17	81947606	81947620	ENSG00000235296.2	exon|gene|transcript	14
chr17	45482525	45482539	ENSG00000225190.12	exon|gene|transcript	14
chr17	27892228	27892242	ENSG00000232859.10|ENSG00000266202.1	exon|gene|transcript	14
chr17	38715577	38715591	ENSG00000275023.5|ENSG00000275665.1	exon|gene|transcript	14
chr17	35242814	35242828	ENSG00000266947.3|ENSG00000289211.1	exon|gene|transcript	14
chr17	48545494	48545508	ENSG00000230148.8	exon|gene|transcript	14
chr17	34943562	34943576	ENSG00000132141.14	exon|gene|transcript	14
chr17	14069271	14069285	ENSG00000236088.12	exon|gene|transcript	14
chr17	30607551	30607565	ENSG00000214719.13|ENSG00000248121.9|ENSG00000290395.1	exon|gene|transcript	14
chr17	19046997	19047011	ENSG00000154016.14	exon|gene|transcript	14
chr17	80379455	80379469	ENSG00000173821.20|ENSG00000263069.6	exon|gene|transcript	14
chr17	4939045	4939059	ENSG00000108528.14	exon|gene|transcript	14
chr17	68457499	68457513	ENSG00000070540.13|ENSG00000267009.6	exon|gene|transcript	14
chr17	19379947	19379961	ENSG00000166484.20	exon|gene|transcript	14
chr17	64847385	64847399	ENSG00000272400.1	exon|gene|transcript	14
chr17	80353497	80353511	ENSG00000173821.20|ENSG00000263069.6	exon|gene|transcript	14
chr17	39195167	39195181	ENSG00000067191.17	exon|gene|transcript	14
chr17	29334515	29334529	ENSG00000264808.2	exon|gene|transcript	14
chr17	44302488	44302502	ENSG00000267750.6	exon|gene|transcript	14
chr17	48162656	48162670	ENSG00000141293.16	exon|gene|transcript	14
chr17	67966060	67966074	ENSG00000171634.19	exon|gene|transcript	14
chr17	67956022	67956036	ENSG00000171634.19|ENSG00000279573.1	exon|gene|transcript	14
chr17	76001015	76001029	ENSG00000250506.9|ENSG00000261408.7	exon|gene|transcript	14
chr17	5240980	5240994	ENSG00000261879.9|ENSG00000263164.1	exon|gene|transcript	14
chr17	81536324	81536338	ENSG00000186765.12	exon|gene|transcript	14
chr17	36196457	36196471	ENSG00000274767.1|ENSG00000276085.1	exon|gene|transcript	14
chr17	8176026	8176040	ENSG00000179029.15	exon|gene|transcript	14
chr17	32006674	32006688	ENSG00000293286.1	exon|gene|transcript	14
chr17	42319872	42319886	ENSG00000168610.17	exon|gene|transcript	14
chr17	28599468	28599482	ENSG00000167524.17|ENSG00000227543.5|ENSG00000258472.10	exon|gene|transcript	14
chr17	45639153	45639166	ENSG00000263715.7|ENSG00000293460.1	exon|gene|transcript	13
chr17	45646112	45646125	ENSG00000263715.7|ENSG00000293460.1	exon|gene|transcript	13
chr17	39939588	39939601	ENSG00000204913.7|ENSG00000264968.1	exon|gene|transcript	13
chr17	45825582	45825595	ENSG00000120088.16|ENSG00000263715.7|ENSG00000264589.5	exon|gene|transcript	13
chr17	2374281	2374294	ENSG00000141258.13	exon|gene|transcript	13
chr17	43012309	43012322	ENSG00000068079.8	exon|gene|transcript	13
chr17	39716433	39716446	ENSG00000141736.14	exon|gene|transcript	13
chr17	64973339	64973352	ENSG00000214174.11|ENSG00000291140.1	exon|gene|transcript	13
chr17	68128317	68128330	ENSG00000267023.6|ENSG00000278730.1|ENSG00000291214.1	exon|gene|transcript	13
chr17	68134085	68134098	ENSG00000267023.6|ENSG00000277476.1|ENSG00000290646.1|ENSG00000291214.1	exon|gene|transcript	13
chr17	50944017	50944030	ENSG00000247011.3	exon|gene|transcript	13
chr17	75684631	75684644	ENSG00000161526.15|ENSG00000264270.1	exon|gene|transcript	13
chr17	18421226	18421239	ENSG00000205266.11|ENSG00000290655.1	exon|gene|transcript	13
chr17	50359061	50359074	ENSG00000015532.10	exon|gene|transcript	13
chr17	40084433	40084446	ENSG00000126351.13	exon|gene|transcript	13
chr17	22524737	22524750	ENSG00000243655.2|ENSG00000264168.2	exon|gene|transcript	13
chr17	63837427	63837440	ENSG00000108604.18	exon|gene|transcript	13
chr17	42812419	42812432	ENSG00000126581.13	exon|gene|transcript	13
chr17	20890813	20890826	ENSG00000233098.10|ENSG00000291074.1	exon|gene|transcript	13
chr17	79019603	79019616	ENSG00000265096.3	exon|gene|transcript	13
chr17	72342557	72342570	ENSG00000227036.10	exon|gene|transcript	13
chr17	74062831	74062844	ENSG00000266357.6	exon|gene|transcript	13
chr17	2037181	2037194	ENSG00000108963.19	exon|gene|transcript	13
chr17	5425140	5425153	ENSG00000129197.15|ENSG00000263272.1	exon|gene|transcript	13
chr17	13002384	13002397	ENSG00000006744.19	exon|gene|transcript	13
chr17	28715705	28715718	ENSG00000109113.20	exon|gene|transcript	13
chr17	20958389	20958402	ENSG00000233098.10|ENSG00000244456.2	exon|gene|transcript	13
chr17	13000667	13000680	ENSG00000006744.19	exon|gene|transcript	13
chr17	30906615	30906628	ENSG00000184060.11	exon|gene|transcript	13
chr17	64504198	64504211	ENSG00000108654.16	exon|gene|transcript	13
chr17	62549969	62549982	ENSG00000146872.19|ENSG00000264546.1	exon|gene|transcript	13
chr17	17178413	17178426	ENSG00000133030.22|ENSG00000243370.3|ENSG00000263624.1	exon|gene|transcript	13
chr17	63833420	63833433	ENSG00000108604.18	exon|gene|transcript	13
chr17	10802495	10802508	ENSG00000263400.8|ENSG00000263429.4|ENSG00000284876.1|ENSG00000285220.1	exon|gene|transcript	13
chr17	64782481	64782494	ENSG00000291117.1	exon|gene|transcript	13
chr17	30861921	30861934	ENSG00000176208.9|ENSG00000212190.1|ENSG00000265334.1	exon|gene|transcript	13
chr17	64491551	64491564	ENSG00000256525.8|ENSG00000256826.1	exon|gene|transcript	13
chr17	32518466	32518479	ENSG00000176658.17|ENSG00000263717.1|ENSG00000265222.1|ENSG00000279781.1	exon|gene|transcript	13
chr17	32496278	32496291	ENSG00000176658.17|ENSG00000266718.2	exon|gene|transcript	13
chr17	78630316	78630329	ENSG00000267123.7	exon|gene|transcript	13
chr17	20938537	20938550	ENSG00000233098.10	exon|gene|transcript	13
chr17	71132457	71132470	ENSG00000260785.2	exon|gene|transcript	13
chr17	2364520	2364533	ENSG00000141258.13	exon|gene|transcript	13
chr17	46018202	46018215	ENSG00000186868.18	exon|gene|transcript	13
chr17	1711488	1711501	ENSG00000186594.16	exon|gene|transcript	13
chr17	49705281	49705294	ENSG00000121073.15	exon|gene|transcript	13
chr17	18659819	18659832	ENSG00000287058.1|ENSG00000290687.1	exon|gene|transcript	13
chr17	28606588	28606601	ENSG00000167524.17|ENSG00000227543.5|ENSG00000258472.10	exon|gene|transcript	13
chr17	72082121	72082134	ENSG00000226101.2|ENSG00000234899.11|ENSG00000288605.1	exon|gene|transcript	13
chr17	83227705	83227718	ENSG00000262094.1|ENSG00000293087.1	exon|gene|transcript	13
chr17	31290710	31290723	ENSG00000126861.5|ENSG00000196712.20	exon|gene|transcript	13
chr17	31047707	31047720	ENSG00000265798.7|ENSG00000290858.1|ENSG00000291063.1	exon|gene|transcript	13
chr17	49256156	49256169	ENSG00000177369.11	exon|gene|transcript	13
chr17	82867112	82867125	ENSG00000141556.22	exon|gene|transcript	13
chr17	18528572	18528585	ENSG00000273018.7	exon|gene|transcript	13
chr17	58207373	58207386	ENSG00000011143.19	exon|gene|transcript	13
chr17	49231544	49231557	ENSG00000177369.11	exon|gene|transcript	13
chr17	72040190	72040203	ENSG00000228639.8|ENSG00000256124.6|ENSG00000288605.1	exon|gene|transcript	13
chr17	44692278	44692291	ENSG00000279879.1	exon|gene|transcript	13
chr17	18527556	18527569	ENSG00000227689.1|ENSG00000273018.7	exon|gene|transcript	13
chr17	45248184	45248197	ENSG00000233483.5|ENSG00000267278.6|ENSG00000293499.1	exon|gene|transcript	13
chr17	57253405	57253418	ENSG00000286732.1	exon|gene|transcript	13
chr17	58211022	58211035	ENSG00000011143.19	exon|gene|transcript	13
chr17	16851501	16851514	ENSG00000205312.9|ENSG00000290980.1	exon|gene|transcript	13
chr17	81811328	81811341	ENSG00000215644.10	exon|gene|transcript	13
chr17	58304277	58304290	ENSG00000005379.17	exon|gene|transcript	13
chr17	56995433	56995446	ENSG00000121064.13	exon|gene|transcript	13
chr17	15682951	15682964	ENSG00000221926.13	exon|gene|transcript	13
chr17	47978713	47978726	ENSG00000108465.15|ENSG00000263798.2	exon|gene|transcript	13
chr17	48048864	48048877	ENSG00000082641.16	exon|gene|transcript	13
chr17	44175972	44175985	ENSG00000161664.7|ENSG00000267080.8	exon|gene|transcript	13
chr17	55777374	55777387	ENSG00000141179.14	exon|gene|transcript	13
chr17	30577096	30577109	ENSG00000214719.13	exon|gene|transcript	13
chr17	81085100	81085113	ENSG00000175866.16	exon|gene|transcript	13
chr17	7348981	7348994	ENSG00000072818.12	exon|gene|transcript	13
chr17	18595134	18595147	ENSG00000154874.18|ENSG00000291090.1	exon|gene|transcript	13
chr17	19063906	19063919	ENSG00000262074.7	exon|gene|transcript	13
chr17	50947660	50947673	ENSG00000251665.1	exon|gene|transcript	13
chr17	76967802	76967815	ENSG00000267568.6|ENSG00000280122.1	exon|gene|transcript	13
chr17	80363474	80363487	ENSG00000173821.20|ENSG00000263069.6	exon|gene|transcript	13
chr17	16024604	16024617	ENSG00000011295.16	exon|gene|transcript	13
chr17	18427361	18427374	ENSG00000186831.12|ENSG00000290656.1	exon|gene|transcript	13
chr17	16816413	16816426	ENSG00000272815.1	exon|gene|transcript	13
chr17	47009029	47009042	ENSG00000262633.2|ENSG00000262879.7|ENSG00000291209.1	exon|gene|transcript	13
chr17	16977617	16977630	ENSG00000230709.1	exon|gene|transcript	13
chr17	65873648	65873661	ENSG00000154240.18	exon|gene|transcript	13
chr17	8493885	8493898	ENSG00000133026.14	exon|gene|transcript	13
chr17	42548564	42548576	ENSG00000108785.7|ENSG00000266929.1	exon|gene|transcript	12
chr17	32338006	32338018	ENSG00000108666.11|ENSG00000265794.5	exon|gene|transcript	12
chr17	8544005	8544017	ENSG00000133026.14	exon|gene|transcript	12
chr17	78421469	78421481	ENSG00000087157.19	exon|gene|transcript	12
chr17	49706334	49706346	ENSG00000121073.15	exon|gene|transcript	12
chr17	59995619	59995631	ENSG00000266992.1|ENSG00000267104.2|ENSG00000267302.5	exon|gene|transcript	12
chr17	20938565	20938577	ENSG00000233098.10	exon|gene|transcript	12
chr17	62790959	62790971	ENSG00000173838.12|ENSG00000287457.1	exon|gene|transcript	12
chr17	41665565	41665577	ENSG00000278954.1	exon|gene|transcript	12
chr17	78254404	78254416	ENSG00000267676.1	exon|gene|transcript	12
chr17	18253719	18253731	ENSG00000177731.16	exon|gene|transcript	12
chr17	22437487	22437499	ENSG00000293297.1	exon|gene|transcript	12
chr17	28635938	28635950	ENSG00000007202.16|ENSG00000264044.1	exon|gene|transcript	12
chr17	46372854	46372866	ENSG00000260075.1	exon|gene|transcript	12
chr17	21572862	21572874	ENSG00000212719.15	exon|gene|transcript	12
chr17	79234709	79234721	ENSG00000167281.20	exon|gene|transcript	12
chr17	79823112	79823124	ENSG00000262772.2	exon|gene|transcript	12
chr17	79711341	79711353	ENSG00000267719.1	exon|gene|transcript	12
chr17	72115958	72115970	ENSG00000234899.11|ENSG00000288605.1	exon|gene|transcript	12
chr17	61412358	61412370	ENSG00000187013.4	exon|gene|transcript	12
chr17	70169083	70169095	ENSG00000123700.5|ENSG00000267365.2	exon|gene|transcript	12
chr17	50097564	50097576	ENSG00000005882.12	exon|gene|transcript	12
chr17	50088212	50088224	ENSG00000005884.18	exon|gene|transcript	12
chr17	61478350	61478362	ENSG00000121075.11	exon|gene|transcript	12
chr17	18975894	18975906	ENSG00000154025.16|ENSG00000188522.16	exon|gene|transcript	12
chr17	63509725	63509737	ENSG00000224353.2|ENSG00000264813.6	exon|gene|transcript	12
chr17	41071945	41071957	ENSG00000237230.1	exon|gene|transcript	12
chr17	59526860	59526872	ENSG00000265313.8	exon|gene|transcript	12
chr17	32499208	32499220	ENSG00000176658.17|ENSG00000266718.2	exon|gene|transcript	12
chr17	39656897	39656909	ENSG00000131748.16	exon|gene|transcript	12
chr17	39660273	39660285	ENSG00000131748.16	exon|gene|transcript	12
chr17	2039359	2039371	ENSG00000108963.19	exon|gene|transcript	12
chr17	16040885	16040897	ENSG00000011295.16|ENSG00000141027.23|ENSG00000227782.2	exon|gene|transcript	12
chr17	80071410	80071422	ENSG00000141519.15|ENSG00000289689.1	exon|gene|transcript	12
chr17	28950682	28950694	ENSG00000109118.14|ENSG00000179761.12	exon|gene|transcript	12
chr17	39927843	39927855	ENSG00000204913.7|ENSG00000264968.1	exon|gene|transcript	12
chr17	7346295	7346307	ENSG00000072818.12	exon|gene|transcript	12
chr17	46830994	46831006	ENSG00000108379.11	exon|gene|transcript	12
chr17	72324539	72324551	ENSG00000227036.10	exon|gene|transcript	12
chr17	763564	763576	ENSG00000167699.14|ENSG00000262228.3	exon|gene|transcript	12
chr17	1711506	1711518	ENSG00000186594.16	exon|gene|transcript	12
chr17	40317998	40318010	ENSG00000131759.18|ENSG00000287644.1	exon|gene|transcript	12
chr17	42955261	42955273	ENSG00000108825.18|ENSG00000266967.7	exon|gene|transcript	12
chr17	28248164	28248176	ENSG00000290672.1	exon|gene|transcript	12
chr17	19093464	19093476	ENSG00000228157.4	exon|gene|transcript	12
chr17	33981588	33981600	ENSG00000108684.15|ENSG00000265356.2|ENSG00000279668.4	exon|gene|transcript	12
chr17	77088029	77088041	ENSG00000234912.12	exon|gene|transcript	12
chr17	64804829	64804841	ENSG00000214176.12|ENSG00000291117.1	exon|gene|transcript	12
chr17	19580221	19580233	ENSG00000228983.10|ENSG00000262769.1|ENSG00000290454.1	exon|gene|transcript	12
chr17	3240663	3240675	ENSG00000290747.1	exon|gene|transcript	12
chr17	72355016	72355028	ENSG00000227036.10|ENSG00000264026.2	exon|gene|transcript	12
chr17	48597122	48597134	ENSG00000108511.10|ENSG00000120093.12|ENSG00000233101.10	exon|gene|transcript	12
chr17	35191343	35191355	ENSG00000267744.1	exon|gene|transcript	12
chr17	38853289	38853301	ENSG00000125691.14	exon|gene|transcript	12
chr17	16820646	16820658	ENSG00000226145.8|ENSG00000290977.1	exon|gene|transcript	12
chr17	39245089	39245101	ENSG00000265460.7|ENSG00000293195.1	exon|gene|transcript	12
chr17	38996612	38996624	ENSG00000265428.1	exon|gene|transcript	12
chr17	29569380	29569392	ENSG00000167543.16|ENSG00000264031.1	exon|gene|transcript	12
chr17	48580795	48580807	ENSG00000120093.12|ENSG00000233101.10|ENSG00000257178.5	exon|gene|transcript	12
chr17	34579137	34579149	ENSG00000197322.4	exon|gene|transcript	12
chr17	30607645	30607657	ENSG00000214719.13|ENSG00000248121.9|ENSG00000290395.1	exon|gene|transcript	12
chr17	5114383	5114395	ENSG00000167840.14|ENSG00000234327.10	exon|gene|transcript	12
chr17	72403330	72403342	ENSG00000227036.10	exon|gene|transcript	12
chr17	7945354	7945366	ENSG00000170037.14	exon|gene|transcript	12
chr17	67471573	67471585	ENSG00000154217.16|ENSG00000207688.2|ENSG00000263690.2	exon|gene|transcript	12
chr17	30168202	30168214	ENSG00000126653.18	exon|gene|transcript	12
chr17	36940209	36940221	ENSG00000273706.5|ENSG00000276707.1	exon|gene|transcript	12
chr17	7222654	7222666	ENSG00000072778.20	exon|gene|transcript	12
chr17	30252126	30252138	ENSG00000108578.15|ENSG00000266120.1	exon|gene|transcript	12
chr17	30150378	30150390	ENSG00000126653.18	exon|gene|transcript	12
chr17	45255011	45255023	ENSG00000184361.13|ENSG00000267278.6	exon|gene|transcript	12
chr17	68045109	68045121	ENSG00000182481.10	exon|gene|transcript	12
chr17	8477967	8477979	ENSG00000133026.14|ENSG00000166579.16	exon|gene|transcript	12
chr17	44279125	44279137	ENSG00000285486.1	exon|gene|transcript	12
chr17	16926953	16926965	ENSG00000128438.11|ENSG00000290698.1	exon|gene|transcript	12
chr17	16923113	16923125	ENSG00000290698.1	exon|gene|transcript	12
chr17	58077179	58077191	ENSG00000266290.1	exon|gene|transcript	12
chr17	35845552	35845564	ENSG00000270647.7	exon|gene|transcript	12
chr17	65873636	65873648	ENSG00000154240.18	exon|gene|transcript	12
chr17	35849247	35849259	ENSG00000270647.7	exon|gene|transcript	12
chr17	67638673	67638685	ENSG00000154217.16|ENSG00000279361.1	exon|gene|transcript	12
chr17	81401392	81401404	ENSG00000266074.11	exon|gene|transcript	12
chr17	7229274	7229286	ENSG00000004975.12	exon|gene|transcript	12
chr17	30564161	30564173	ENSG00000259928.1	exon|gene|transcript	12
chr17	27585765	27585777	ENSG00000141068.17	exon|gene|transcript	12
chr17	45171363	45171375	ENSG00000267288.2	exon|gene|transcript	12
chr17	58246277	58246289	ENSG00000167419.11|ENSG00000286788.1	exon|gene|transcript	12
chr17	42234070	42234082	ENSG00000173757.11|ENSG00000280295.1	exon|gene|transcript	12
chr17	44947985	44947997	ENSG00000267334.1	exon|gene|transcript	12
chr17	7509915	7509927	ENSG00000181222.19	exon|gene|transcript	12
chr17	8916425	8916437	ENSG00000141506.15	exon|gene|transcript	12
chr17	31225082	31225094	ENSG00000196712.20	exon|gene|transcript	12
chr17	82769026	82769038	ENSG00000141556.22	exon|gene|transcript	12
chr17	67176542	67176553	ENSG00000198265.12	exon|gene|transcript	11
chr17	75852125	75852136	ENSG00000132471.12	exon|gene|transcript	11
chr17	41635402	41635413	ENSG00000290861.1	exon|gene|transcript	11
chr17	31575510	31575521	ENSG00000228768.3|ENSG00000283978.1	exon|gene|transcript	11
chr17	71097774	71097785	ENSG00000260785.2	exon|gene|transcript	11
chr17	20416598	20416609	ENSG00000237911.2|ENSG00000291194.1	exon|gene|transcript	11
chr17	42546953	42546964	ENSG00000108785.7|ENSG00000266929.1	exon|gene|transcript	11
chr17	19652632	19652643	ENSG00000072210.19	exon|gene|transcript	11
chr17	58059647	58059658	ENSG00000285930.1	exon|gene|transcript	11
chr17	7291779	7291790	ENSG00000006047.13	exon|gene|transcript	11
chr17	22299374	22299385	ENSG00000178130.9	exon|gene|transcript	11
chr17	22437036	22437047	ENSG00000293297.1	exon|gene|transcript	11
chr17	28715507	28715518	ENSG00000109113.20	exon|gene|transcript	11
chr17	18551694	18551705	ENSG00000154874.18|ENSG00000273018.7|ENSG00000291090.1	exon|gene|transcript	11
chr17	66278548	66278559	ENSG00000284242.1	exon|gene|transcript	11
chr17	66412751	66412762	ENSG00000154229.12|ENSG00000264630.5	exon|gene|transcript	11
chr17	17814482	17814493	ENSG00000072310.18	exon|gene|transcript	11
chr17	42709543	42709554	ENSG00000108799.13	exon|gene|transcript	11
chr17	72502323	72502334	ENSG00000227036.10	exon|gene|transcript	11
chr17	8081441	8081452	ENSG00000179477.11|ENSG00000214999.3	exon|gene|transcript	11
chr17	21439898	21439909	ENSG00000212719.15	exon|gene|transcript	11
chr17	21456512	21456523	ENSG00000212719.15|ENSG00000265043.1	exon|gene|transcript	11
chr17	32432413	32432424	ENSG00000264083.1|ENSG00000279762.3	exon|gene|transcript	11
chr17	49026391	49026402	ENSG00000159217.10	exon|gene|transcript	11
chr17	32426878	32426889	ENSG00000279762.3	exon|gene|transcript	11
chr17	82426499	82426510	ENSG00000169660.17|ENSG00000279066.1	exon|gene|transcript	11
chr17	76313809	76313820	ENSG00000161542.17	exon|gene|transcript	11
chr17	35808661	35808672	ENSG00000270829.1	exon|gene|transcript	11
chr17	36932181	36932192	ENSG00000277268.2	exon|gene|transcript	11
chr17	81340926	81340937	ENSG00000287431.1	exon|gene|transcript	11
chr17	13100315	13100326	ENSG00000273098.3	exon|gene|transcript	11
chr17	18625092	18625103	ENSG00000154874.18|ENSG00000291090.1	exon|gene|transcript	11
chr17	7923831	7923842	ENSG00000170049.10	exon|gene|transcript	11
chr17	61775877	61775888	ENSG00000136492.10	exon|gene|transcript	11
chr17	72090774	72090785	ENSG00000226101.2|ENSG00000234899.11|ENSG00000288605.1	exon|gene|transcript	11
chr17	47941335	47941346	ENSG00000234494.8	exon|gene|transcript	11
chr17	35409590	35409601	ENSG00000267745.1	exon|gene|transcript	11
chr17	49366413	49366424	ENSG00000248714.7	exon|gene|transcript	11
chr17	39658393	39658404	ENSG00000131748.16	exon|gene|transcript	11
chr17	17035046	17035057	ENSG00000287114.1|ENSG00000287910.1	exon|gene|transcript	11
chr17	51334973	51334984	ENSG00000249383.2	exon|gene|transcript	11
chr17	43811560	43811571	ENSG00000161647.19	exon|gene|transcript	11
chr17	30600891	30600902	ENSG00000214719.13|ENSG00000248121.9|ENSG00000290395.1	exon|gene|transcript	11
chr17	14382101	14382112	ENSG00000230647.3	exon|gene|transcript	11
chr17	68206484	68206495	ENSG00000196704.14|ENSG00000290793.1	exon|gene|transcript	11
chr17	81929475	81929486	ENSG00000265688.2	exon|gene|transcript	11
chr17	11617399	11617410	ENSG00000007174.18	exon|gene|transcript	11
chr17	21213441	21213452	ENSG00000178307.10	exon|gene|transcript	11
chr17	79925700	79925711	ENSG00000262188.4|ENSG00000262585.1	exon|gene|transcript	11
chr17	20789584	20789595	ENSG00000264662.1	exon|gene|transcript	11
chr17	48704234	48704245	ENSG00000244649.5	exon|gene|transcript	11
chr17	79923676	79923687	ENSG00000262188.4|ENSG00000262585.1	exon|gene|transcript	11
chr17	76475881	76475892	ENSG00000129667.13	exon|gene|transcript	11
chr17	45733515	45733526	ENSG00000263715.7|ENSG00000265964.1	exon|gene|transcript	11
chr17	19594323	19594334	ENSG00000228983.10|ENSG00000262769.1|ENSG00000290454.1	exon|gene|transcript	11
chr17	75783388	75783399	ENSG00000132475.10	exon|gene|transcript	11
chr17	58527144	58527155	ENSG00000108387.16|ENSG00000264672.6	exon|gene|transcript	11
chr17	44278068	44278079	ENSG00000285486.1	exon|gene|transcript	11
chr17	51503222	51503233	ENSG00000187504.6|ENSG00000267452.3	exon|gene|transcript	11
chr17	21573735	21573746	ENSG00000212719.15|ENSG00000266050.3	exon|gene|transcript	11
chr17	29512358	29512369	ENSG00000160551.12	exon|gene|transcript	11
chr17	46547179	46547190	ENSG00000185829.19|ENSG00000238083.10	exon|gene|transcript	11
chr17	7010126	7010137	ENSG00000108839.12|ENSG00000215067.12|ENSG00000267047.1	exon|gene|transcript	11
chr17	4987975	4987986	ENSG00000262227.2	exon|gene|transcript	11
chr17	43012136	43012147	ENSG00000068079.8	exon|gene|transcript	11
chr17	76943947	76943958	ENSG00000167889.13	exon|gene|transcript	11
chr17	39243962	39243973	ENSG00000265460.7|ENSG00000293195.1	exon|gene|transcript	11
chr17	39622278	39622289	ENSG00000214546.4	exon|gene|transcript	11
chr17	42203417	42203428	ENSG00000173757.11	exon|gene|transcript	11
chr17	46193738	46193749	ENSG00000120071.15|ENSG00000214401.6	exon|gene|transcript	11
chr17	18331762	18331773	ENSG00000176974.22	exon|gene|transcript	11
chr17	28612552	28612563	ENSG00000167524.17|ENSG00000227543.5|ENSG00000258472.10	exon|gene|transcript	11
chr17	33827698	33827709	ENSG00000108684.15|ENSG00000279668.4	exon|gene|transcript	11
chr17	43144727	43144738	ENSG00000012048.25|ENSG00000198496.12	exon|gene|transcript	11
chr17	40835082	40835092	ENSG00000167920.12	exon|gene|transcript	10
chr17	72120762	72120772	ENSG00000234899.11|ENSG00000288605.1	exon|gene|transcript	10
chr17	13004098	13004108	ENSG00000006744.19	exon|gene|transcript	10
chr17	28384711	28384721	ENSG00000004139.14	exon|gene|transcript	10
chr17	32632469	32632479	ENSG00000176658.17|ENSG00000264458.1	exon|gene|transcript	10
chr17	42761135	42761145	ENSG00000131477.11|ENSG00000197291.9	exon|gene|transcript	10
chr17	30633380	30633390	ENSG00000214719.13|ENSG00000250462.9|ENSG00000290450.1	exon|gene|transcript	10
chr17	4883195	4883205	ENSG00000141503.17|ENSG00000264113.2	exon|gene|transcript	10
chr17	72403311	72403321	ENSG00000227036.10	exon|gene|transcript	10
chr17	40019645	40019655	ENSG00000008838.21	exon|gene|transcript	10
chr17	34989870	34989880	ENSG00000005156.12	exon|gene|transcript	10
chr17	50056067	50056077	ENSG00000005884.18	exon|gene|transcript	10
chr17	47450868	47450878	ENSG00000291120.1	exon|gene|transcript	10
chr17	42577933	42577943	ENSG00000287710.1	exon|gene|transcript	10
chr17	27662947	27662957	ENSG00000265788.3|ENSG00000290973.1	exon|gene|transcript	10
chr17	16791662	16791672	ENSG00000266302.6|ENSG00000272815.1|ENSG00000290976.1	exon|gene|transcript	10
chr17	6954097	6954107	ENSG00000215067.12|ENSG00000263316.1|ENSG00000291084.1	exon|gene|transcript	10
chr17	40687358	40687368	ENSG00000224244.1	exon|gene|transcript	10
chr17	48707328	48707338	ENSG00000244649.5	exon|gene|transcript	10
chr17	79018793	79018803	ENSG00000265096.3	exon|gene|transcript	10
chr17	29863401	29863411	ENSG00000141298.19|ENSG00000263477.1	exon|gene|transcript	10
chr17	57078831	57078841	ENSG00000263004.3	exon|gene|transcript	10
chr17	61478779	61478789	ENSG00000121075.11	exon|gene|transcript	10
chr17	60085985	60085995	ENSG00000261040.10|ENSG00000267416.2|ENSG00000293515.1	exon|gene|transcript	10
chr17	60550756	60550766	ENSG00000259349.4	exon|gene|transcript	10
chr17	61406130	61406140	ENSG00000121068.14|ENSG00000267280.6	exon|gene|transcript	10
chr17	28861654	28861664	ENSG00000264066.7|ENSG00000284085.1	exon|gene|transcript	10
chr17	72119448	72119458	ENSG00000234899.11|ENSG00000288605.1	exon|gene|transcript	10
chr17	76043374	76043384	ENSG00000167881.15	exon|gene|transcript	10
chr17	70053385	70053395	ENSG00000230258.6|ENSG00000267603.1	exon|gene|transcript	10
chr17	44646694	44646704	ENSG00000266979.1	exon|gene|transcript	10
chr17	27578742	27578752	ENSG00000141068.17	exon|gene|transcript	10
chr17	65873661	65873671	ENSG00000154240.18	exon|gene|transcript	10
chr17	16439692	16439702	ENSG00000175061.20	exon|gene|transcript	10
chr17	49705896	49705906	ENSG00000121073.15	exon|gene|transcript	10
chr17	8206739	8206749	ENSG00000178999.13	exon|gene|transcript	10
chr17	6658481	6658491	ENSG00000256806.6|ENSG00000274114.3|ENSG00000290366.1	exon|gene|transcript	10
chr17	19303814	19303824	ENSG00000072134.16|ENSG00000235397.1	exon|gene|transcript	10
chr17	1716220	1716230	ENSG00000186594.16	exon|gene|transcript	10
chr17	81639147	81639157	ENSG00000182446.15|ENSG00000182612.11	exon|gene|transcript	10
chr17	77884033	77884043	ENSG00000204283.4	exon|gene|transcript	10
chr17	27426549	27426559	ENSG00000266433.7|ENSG00000290422.1	exon|gene|transcript	10
chr17	44891856	44891866	ENSG00000108883.13	exon|gene|transcript	10
chr17	41423751	41423761	ENSG00000108417.4|ENSG00000234859.5	exon|gene|transcript	10
chr17	22286277	22286287	ENSG00000264956.2	exon|gene|transcript	10
chr17	47840422	47840432	ENSG00000141295.14	exon|gene|transcript	10
chr17	78420027	78420037	ENSG00000087157.19	exon|gene|transcript	10
chr17	27425558	27425568	ENSG00000266433.7|ENSG00000290422.1	exon|gene|transcript	10
chr17	28660487	28660497	ENSG00000132581.10	exon|gene|transcript	10
chr17	31382106	31382116	ENSG00000196712.20	exon|gene|transcript	10
chr17	31713752	31713762	ENSG00000202026.1	exon|gene|transcript	10
chr17	31526312	31526322	ENSG00000131242.18	exon|gene|transcript	10
chr17	72075913	72075923	ENSG00000226101.2|ENSG00000234899.11|ENSG00000288605.1	exon|gene|transcript	10
chr17	2082233	2082243	ENSG00000070366.14	exon|gene|transcript	10
chr17	18551705	18551715	ENSG00000154874.18|ENSG00000291090.1	exon|gene|transcript	10
chr17	77264510	77264520	ENSG00000263718.3|ENSG00000265121.1	exon|gene|transcript	10
chr17	8965955	8965965	ENSG00000266389.1	exon|gene|transcript	10
chr17	2072946	2072956	ENSG00000070366.14|ENSG00000280333.1	exon|gene|transcript	10
chr17	39053205	39053215	ENSG00000290925.1	exon|gene|transcript	10
chr17	42981498	42981508	ENSG00000198863.8	exon|gene|transcript	10
chr17	4364280	4364290	ENSG00000132388.13|ENSG00000263882.2	exon|gene|transcript	10
chr17	7350589	7350599	ENSG00000072818.12	exon|gene|transcript	10
chr17	77445002	77445012	ENSG00000184640.20|ENSG00000279801.1	exon|gene|transcript	10
chr17	51445678	51445688	ENSG00000267452.3	exon|gene|transcript	10
chr17	60134841	60134851	ENSG00000267248.5	exon|gene|transcript	10
chr17	4987814	4987824	ENSG00000262227.2	exon|gene|transcript	10
chr17	48590480	48590490	ENSG00000120093.12|ENSG00000233101.10	exon|gene|transcript	10
chr17	39080290	39080300	ENSG00000161381.14|ENSG00000293194.1	exon|gene|transcript	10
chr17	4889763	4889773	ENSG00000141503.17	exon|gene|transcript	10
chr17	50791544	50791554	ENSG00000285829.1	exon|gene|transcript	10
chr17	82104837	82104847	ENSG00000176155.21	exon|gene|transcript	10
chr17	1361670	1361680	ENSG00000108953.17	exon|gene|transcript	10
chr17	45397194	45397204	ENSG00000159314.13|ENSG00000267344.1	exon|gene|transcript	10
chr17	81023662	81023672	ENSG00000262098.1|ENSG00000262873.2	exon|gene|transcript	10
chr17	74449703	74449713	ENSG00000170412.18	exon|gene|transcript	10
chr17	42794479	42794489	ENSG00000126562.17	exon|gene|transcript	10
chr17	18490190	18490200	ENSG00000171916.17	exon|gene|transcript	10
chr17	55551910	55551920	ENSG00000200107.1|ENSG00000293350.1	exon|gene|transcript	10
chr17	35325403	35325413	ENSG00000267364.4	exon|gene|transcript	10
chr17	16844324	16844334	ENSG00000131885.18|ENSG00000291277.1	exon|gene|transcript	10
chr17	50462933	50462943	ENSG00000167107.13	exon|gene|transcript	10
chr17	16326895	16326905	ENSG00000108474.17	exon|gene|transcript	10
chr17	76546946	76546956	ENSG00000161544.10|ENSG00000214140.11|ENSG00000267546.2	exon|gene|transcript	10
chr17	74446781	74446791	ENSG00000170412.18	exon|gene|transcript	10
chr17	75141340	75141350	ENSG00000189159.16|ENSG00000265800.1	exon|gene|transcript	10
chr17	4893640	4893650	ENSG00000141503.17	exon|gene|transcript	10
chr17	17859064	17859074	ENSG00000175662.18|ENSG00000197815.4	exon|gene|transcript	10
chr17	17859887	17859897	ENSG00000175662.18|ENSG00000197815.4	exon|gene|transcript	10
chr17	14421016	14421026	ENSG00000230647.3	exon|gene|transcript	10
chr17	47052677	47052687	ENSG00000262879.7|ENSG00000263142.6	exon|gene|transcript	10
chr17	50215767	50215777	ENSG00000249406.3	exon|gene|transcript	10
chr17	40399131	40399141	ENSG00000131747.15	exon|gene|transcript	10
chr17	41667799	41667808	ENSG00000278954.1	exon|gene|transcript	9
chr17	83220425	83220434	ENSG00000262898.5	exon|gene|transcript	9
chr17	17485226	17485235	ENSG00000141026.6	exon|gene|transcript	9
chr17	31023605	31023614	ENSG00000266865.9|ENSG00000291063.1	exon|gene|transcript	9
chr17	15062275	15062284	ENSG00000287307.1	exon|gene|transcript	9
chr17	49824740	49824749	ENSG00000136504.15	exon|gene|transcript	9
chr17	41402491	41402500	ENSG00000234859.5	exon|gene|transcript	9
chr17	72030730	72030739	ENSG00000228639.8|ENSG00000256124.6	exon|gene|transcript	9
chr17	44982763	44982772	ENSG00000136448.13|ENSG00000267788.1|ENSG00000289024.1	exon|gene|transcript	9
chr17	18722236	18722245	ENSG00000108448.24|ENSG00000291110.1	exon|gene|transcript	9
chr17	74593206	74593215	ENSG00000182352.8	exon|gene|transcript	9
chr17	63728324	63728333	ENSG00000125695.12|ENSG00000266173.7	exon|gene|transcript	9
chr17	20155741	20155750	ENSG00000128487.19	exon|gene|transcript	9
chr17	1716211	1716220	ENSG00000186594.16	exon|gene|transcript	9
chr17	81682675	81682684	ENSG00000214087.9	exon|gene|transcript	9
chr17	82480642	82480651	ENSG00000141562.19	exon|gene|transcript	9
chr17	28734378	28734387	ENSG00000160602.14|ENSG00000265073.1	exon|gene|transcript	9
chr17	36599898	36599907	ENSG00000278535.5	exon|gene|transcript	9
chr17	18519481	18519490	ENSG00000233327.12|ENSG00000273018.7|ENSG00000290659.1	exon|gene|transcript	9
chr17	81343630	81343639	ENSG00000287431.1	exon|gene|transcript	9
chr17	16439020	16439029	ENSG00000175061.20	exon|gene|transcript	9
chr17	18246152	18246161	ENSG00000177731.16	exon|gene|transcript	9
chr17	76090483	76090492	ENSG00000182473.22|ENSG00000279382.1	exon|gene|transcript	9
chr17	37450564	37450573	ENSG00000276234.5	exon|gene|transcript	9
chr17	7178484	7178493	ENSG00000141505.12	exon|gene|transcript	9
chr17	3690282	3690291	ENSG00000083454.23|ENSG00000257950.3	exon|gene|transcript	9
chr17	19371343	19371352	ENSG00000108641.20	exon|gene|transcript	9
chr17	68101898	68101907	ENSG00000291214.1	exon|gene|transcript	9
chr17	19219377	19219386	ENSG00000072134.16|ENSG00000281856.1	exon|gene|transcript	9
chr17	10611907	10611916	ENSG00000214970.8|ENSG00000272975.1	exon|gene|transcript	9
chr17	76145644	76145653	ENSG00000141576.16|ENSG00000267128.2	exon|gene|transcript	9
chr17	18551685	18551694	ENSG00000154874.18|ENSG00000273018.7|ENSG00000291090.1	exon|gene|transcript	9
chr17	48908938	48908947	ENSG00000159202.18|ENSG00000293025.1	exon|gene|transcript	9
chr17	36861673	36861682	ENSG00000277268.2	exon|gene|transcript	9
chr17	36990488	36990497	ENSG00000275700.6	exon|gene|transcript	9
chr17	28551913	28551922	ENSG00000109103.12|ENSG00000167524.17	exon|gene|transcript	9
chr17	44351163	44351172	ENSG00000030582.19	exon|gene|transcript	9
chr17	7224632	7224641	ENSG00000072778.20	exon|gene|transcript	9
chr17	7674659	7674668	ENSG00000141510.18	exon|gene|transcript	9
chr17	77617592	77617601	ENSG00000285535.2	exon|gene|transcript	9
chr17	42565461	42565470	ENSG00000068120.15	exon|gene|transcript	9
chr17	58244081	58244090	ENSG00000167419.11|ENSG00000286788.1	exon|gene|transcript	9
chr17	72030372	72030381	ENSG00000228639.8|ENSG00000256124.6	exon|gene|transcript	9
chr17	35854945	35854954	ENSG00000270379.6|ENSG00000270647.7	exon|gene|transcript	9
chr17	81857448	81857457	ENSG00000185624.16	exon|gene|transcript	9
chr17	65180025	65180034	ENSG00000108370.17	exon|gene|transcript	9
chr17	38706919	38706928	ENSG00000275023.5	exon|gene|transcript	9
chr17	73789344	73789353	ENSG00000177338.14|ENSG00000234721.3	exon|gene|transcript	9
chr17	40342353	40342362	ENSG00000131759.18|ENSG00000265666.1	exon|gene|transcript	9
chr17	1712895	1712904	ENSG00000186594.16	exon|gene|transcript	9
chr17	21429201	21429210	ENSG00000212719.15	exon|gene|transcript	9
chr17	45847689	45847698	ENSG00000264589.5	exon|gene|transcript	9
chr17	16976181	16976190	ENSG00000230709.1	exon|gene|transcript	9
chr17	7342474	7342483	ENSG00000072818.12	exon|gene|transcript	9
chr17	48590432	48590441	ENSG00000120093.12|ENSG00000233101.10	exon|gene|transcript	9
chr17	80415946	80415955	ENSG00000173818.17	exon|gene|transcript	9
chr17	40474746	40474755	ENSG00000279806.1	exon|gene|transcript	9
chr17	2215684	2215693	ENSG00000070366.14|ENSG00000236457.1	exon|gene|transcript	9
chr17	43917584	43917593	ENSG00000267496.4|ENSG00000282199.1	exon|gene|transcript	9
chr17	45454837	45454846	ENSG00000225190.12|ENSG00000236234.1	exon|gene|transcript	9
chr17	5223848	5223857	ENSG00000161929.15|ENSG00000261879.9	exon|gene|transcript	9
chr17	68128330	68128339	ENSG00000267023.6|ENSG00000278730.1|ENSG00000291214.1	exon|gene|transcript	9
chr17	47141843	47141852	ENSG00000004897.12	exon|gene|transcript	9
chr17	63834845	63834854	ENSG00000108604.18	exon|gene|transcript	9
chr17	9176178	9176187	ENSG00000065320.9|ENSG00000262966.2	exon|gene|transcript	9
chr17	75241855	75241864	ENSG00000125447.18	exon|gene|transcript	9
chr17	4536253	4536262	ENSG00000183018.9	exon|gene|transcript	9
chr17	50990022	50990031	ENSG00000008294.22	exon|gene|transcript	9
chr17	34479271	34479280	ENSG00000225582.2	exon|gene|transcript	9
chr17	16817982	16817991	ENSG00000290977.1	exon|gene|transcript	9
chr17	48601654	48601663	ENSG00000108511.10|ENSG00000120093.12|ENSG00000233101.10	exon|gene|transcript	9
chr17	43122616	43122625	ENSG00000012048.25	exon|gene|transcript	9
chr17	1155974	1155983	ENSG00000159842.16|ENSG00000275997.1	exon|gene|transcript	9
chr17	59425727	59425736	ENSG00000265313.8	exon|gene|transcript	9
chr17	59355985	59355994	ENSG00000175155.11	exon|gene|transcript	9
chr17	50687350	50687359	ENSG00000108846.16	exon|gene|transcript	9
chr17	2082301	2082310	ENSG00000070366.14	exon|gene|transcript	9
chr17	33816752	33816761	ENSG00000108684.15|ENSG00000283417.1	exon|gene|transcript	9
chr17	42270998	42271007	ENSG00000173757.11|ENSG00000236194.3	exon|gene|transcript	9
chr17	62564972	62564981	ENSG00000146872.19	exon|gene|transcript	9
chr17	11157738	11157747	ENSG00000243346.3	exon|gene|transcript	9
chr17	7577206	7577215	ENSG00000161960.16|ENSG00000264772.6|ENSG00000277957.1	exon|gene|transcript	9
chr17	42021313	42021322	ENSG00000168256.18|ENSG00000168259.17	exon|gene|transcript	9
chr17	74672702	74672711	ENSG00000172794.20|ENSG00000264659.2	exon|gene|transcript	9
chr17	12982612	12982620	ENSG00000006740.18|ENSG00000277621.1	exon|gene|transcript	8
chr17	32048021	32048029	ENSG00000185158.13	exon|gene|transcript	8
chr17	75507681	75507689	ENSG00000177303.10	exon|gene|transcript	8
chr17	19161417	19161425	ENSG00000262292.2	exon|gene|transcript	8
chr17	83199667	83199675	ENSG00000262898.5	exon|gene|transcript	8
chr17	83145027	83145035	ENSG00000262898.5	exon|gene|transcript	8
chr17	78360452	78360460	ENSG00000266970.3	exon|gene|transcript	8
chr17	75394955	75394963	ENSG00000177885.15|ENSG00000265342.1	exon|gene|transcript	8
chr17	75494887	75494895	ENSG00000177728.17	exon|gene|transcript	8
chr17	72342570	72342578	ENSG00000227036.10	exon|gene|transcript	8
chr17	82016300	82016308	ENSG00000169696.16	exon|gene|transcript	8
chr17	47009153	47009161	ENSG00000262633.2|ENSG00000262879.7|ENSG00000291209.1	exon|gene|transcript	8
chr17	18588291	18588299	ENSG00000154874.18|ENSG00000291090.1	exon|gene|transcript	8
chr17	30634162	30634170	ENSG00000214719.13|ENSG00000250462.9|ENSG00000290450.1	exon|gene|transcript	8
chr17	13931022	13931030	ENSG00000236088.12	exon|gene|transcript	8
chr17	82229644	82229652	ENSG00000141526.18	exon|gene|transcript	8
chr17	43138213	43138221	ENSG00000012048.25|ENSG00000198496.12	exon|gene|transcript	8
chr17	47017717	47017725	ENSG00000262633.2|ENSG00000262879.7|ENSG00000263142.6|ENSG00000291209.1	exon|gene|transcript	8
chr17	59362904	59362912	ENSG00000175155.11|ENSG00000278863.1	exon|gene|transcript	8
chr17	16046891	16046899	ENSG00000141027.23	exon|gene|transcript	8
chr17	80148210	80148218	ENSG00000279259.1	exon|gene|transcript	8
chr17	50766809	50766817	ENSG00000167117.10	exon|gene|transcript	8
chr17	80207596	80207604	ENSG00000141527.19|ENSG00000181523.13	exon|gene|transcript	8
chr17	4969602	4969610	ENSG00000108509.21	exon|gene|transcript	8
chr17	19077774	19077782	ENSG00000230197.6	exon|gene|transcript	8
chr17	79925919	79925927	ENSG00000262188.4|ENSG00000262585.1	exon|gene|transcript	8
chr17	79992281	79992289	ENSG00000167291.16|ENSG00000262172.1	exon|gene|transcript	8
chr17	51445341	51445349	ENSG00000267452.3	exon|gene|transcript	8
chr17	34980890	34980898	ENSG00000005156.12|ENSG00000132141.14	exon|gene|transcript	8
chr17	21127952	21127960	ENSG00000109016.18	exon|gene|transcript	8
chr17	30607657	30607665	ENSG00000214719.13|ENSG00000248121.9|ENSG00000290395.1	exon|gene|transcript	8
chr17	45732702	45732710	ENSG00000263715.7|ENSG00000265547.1	exon|gene|transcript	8
chr17	19486974	19486982	ENSG00000235979.9	exon|gene|transcript	8
chr17	64940717	64940725	ENSG00000280299.1	exon|gene|transcript	8
chr17	45553797	45553805	ENSG00000266504.1|ENSG00000267198.1|ENSG00000267246.1|ENSG00000291175.1	exon|gene|transcript	8
chr17	28264797	28264805	ENSG00000260777.2|ENSG00000264486.1	exon|gene|transcript	8
chr17	43012941	43012949	ENSG00000068079.8	exon|gene|transcript	8
chr17	29015662	29015670	ENSG00000179761.12|ENSG00000238007.1	exon|gene|transcript	8
chr17	82007434	82007442	ENSG00000169696.16	exon|gene|transcript	8
chr17	50995952	50995960	ENSG00000008294.22	exon|gene|transcript	8
chr17	72326422	72326430	ENSG00000227036.10	exon|gene|transcript	8
chr17	4977192	4977200	ENSG00000108509.21	exon|gene|transcript	8
chr17	43370966	43370974	ENSG00000188825.16	exon|gene|transcript	8
chr17	72324531	72324539	ENSG00000227036.10	exon|gene|transcript	8
chr17	80025860	80025868	ENSG00000167291.16|ENSG00000261978.1	exon|gene|transcript	8
chr17	75268373	75268381	ENSG00000125457.15	exon|gene|transcript	8
chr17	6480383	6480391	ENSG00000091622.16	exon|gene|transcript	8
chr17	28264062	28264070	ENSG00000260777.2|ENSG00000264486.1	exon|gene|transcript	8
chr17	7885222	7885230	ENSG00000170004.19|ENSG00000183011.14	exon|gene|transcript	8
chr17	16559020	16559028	ENSG00000141040.15|ENSG00000266803.1	exon|gene|transcript	8
chr17	72599136	72599144	ENSG00000227036.10	exon|gene|transcript	8
chr17	64146021	64146029	ENSG00000266402.5	exon|gene|transcript	8
chr17	19174428	19174436	ENSG00000266311.6	exon|gene|transcript	8
chr17	19203824	19203832	ENSG00000236022.6	exon|gene|transcript	8
chr17	18517184	18517192	ENSG00000233327.12|ENSG00000273018.7|ENSG00000290659.1	exon|gene|transcript	8
chr17	27652005	27652013	ENSG00000265788.3	exon|gene|transcript	8
chr17	47488947	47488955	ENSG00000228782.10|ENSG00000291120.1	exon|gene|transcript	8
chr17	75031158	75031166	ENSG00000252545.1	exon|gene|transcript	8
chr17	75032867	75032875	ENSG00000180901.11	exon|gene|transcript	8
chr17	36932892	36932900	ENSG00000277268.2	exon|gene|transcript	8
chr17	13004015	13004023	ENSG00000006744.19	exon|gene|transcript	8
chr17	20903148	20903156	ENSG00000233098.10	exon|gene|transcript	8
chr17	16727106	16727114	ENSG00000170160.19|ENSG00000266302.6	exon|gene|transcript	8
chr17	75077816	75077824	ENSG00000232724.1	exon|gene|transcript	8
chr17	15260091	15260099	ENSG00000109099.16	exon|gene|transcript	8
chr17	1585904	1585912	ENSG00000167703.15	exon|gene|transcript	8
chr17	74443076	74443084	ENSG00000170412.18	exon|gene|transcript	8
chr17	30168102	30168110	ENSG00000126653.18	exon|gene|transcript	8
chr17	76153124	76153132	ENSG00000141576.16|ENSG00000267128.2	exon|gene|transcript	8
chr17	81810034	81810042	ENSG00000215644.10	exon|gene|transcript	8
chr17	58330878	58330886	ENSG00000265148.7|ENSG00000265206.6	exon|gene|transcript	8
chr17	37461819	37461827	ENSG00000276234.5	exon|gene|transcript	8
chr17	79018636	79018644	ENSG00000265096.3	exon|gene|transcript	8
chr17	50123590	50123598	ENSG00000167100.15	exon|gene|transcript	8
chr17	40835092	40835100	ENSG00000167920.12	exon|gene|transcript	8
chr17	72173542	72173550	ENSG00000234899.11|ENSG00000288605.1	exon|gene|transcript	8
chr17	50209072	50209080	ENSG00000249406.3	exon|gene|transcript	8
chr17	72221381	72221389	ENSG00000234899.11	exon|gene|transcript	8
chr17	60565324	60565332	ENSG00000266943.1|ENSG00000267772.1	exon|gene|transcript	8
chr17	38195736	38195744	ENSG00000291088.1	exon|gene|transcript	8
chr17	38195744	38195752	ENSG00000291088.1	exon|gene|transcript	8
chr17	5234294	5234302	ENSG00000161929.15|ENSG00000261879.9	exon|gene|transcript	8
chr17	72586626	72586634	ENSG00000227036.10	exon|gene|transcript	8
chr17	4788463	4788471	ENSG00000280254.1	exon|gene|transcript	8
chr17	19571018	19571026	ENSG00000142494.13|ENSG00000262769.1	exon|gene|transcript	8
chr17	19580233	19580241	ENSG00000228983.10|ENSG00000262769.1|ENSG00000290454.1	exon|gene|transcript	8
chr17	76559495	76559503	ENSG00000163597.17	exon|gene|transcript	8
chr17	20416980	20416988	ENSG00000287490.1|ENSG00000291194.1	exon|gene|transcript	8
chr17	1716235	1716243	ENSG00000186594.16	exon|gene|transcript	8
chr17	57602000	57602008	ENSG00000153944.12|ENSG00000263499.1	exon|gene|transcript	8
chr17	72614956	72614964	ENSG00000227036.10	exon|gene|transcript	8
chr17	71596566	71596574	ENSG00000225818.1	exon|gene|transcript	8
chr17	19535461	19535469	ENSG00000142494.13	exon|gene|transcript	8
chr17	71298210	71298218	ENSG00000238759.1	exon|gene|transcript	8
chr17	78676941	78676949	ENSG00000108669.18	exon|gene|transcript	8
chr17	66404163	66404171	ENSG00000154229.12|ENSG00000264630.5	exon|gene|transcript	8
chr17	17616499	17616507	ENSG00000279200.1	exon|gene|transcript	8
chr17	46041321	46041329	ENSG00000120071.15	exon|gene|transcript	8
chr17	17592024	17592032	ENSG00000264666.3	exon|gene|transcript	8
chr17	75900437	75900445	ENSG00000204316.13|ENSG00000267426.5	exon|gene|transcript	8
chr17	81005022	81005029	ENSG00000176108.9|ENSG00000280351.2	exon|gene|transcript	7
chr17	20789209	20789216	ENSG00000264215.1	exon|gene|transcript	7
chr17	80970511	80970518	ENSG00000261924.1	exon|gene|transcript	7
chr17	27930045	27930052	ENSG00000260019.2	exon|gene|transcript	7
chr17	11853238	11853245	ENSG00000007174.18	exon|gene|transcript	7
chr17	38730406	38730413	ENSG00000277972.2	exon|gene|transcript	7
chr17	80968396	80968403	ENSG00000261924.1	exon|gene|transcript	7
chr17	43170943	43170950	ENSG00000188554.15|ENSG00000267002.4	exon|gene|transcript	7
chr17	29107627	29107634	ENSG00000196535.20	exon|gene|transcript	7
chr17	62929578	62929585	ENSG00000283538.3	exon|gene|transcript	7
chr17	50551222	50551229	ENSG00000006282.22	exon|gene|transcript	7
chr17	43114580	43114587	ENSG00000012048.25	exon|gene|transcript	7
chr17	80047447	80047454	ENSG00000141519.15|ENSG00000289689.1	exon|gene|transcript	7
chr17	78360445	78360452	ENSG00000266970.3	exon|gene|transcript	7
chr17	12393483	12393490	ENSG00000286617.1	exon|gene|transcript	7
chr17	75517001	75517008	ENSG00000182173.14	exon|gene|transcript	7
chr17	75517072	75517079	ENSG00000182173.14	exon|gene|transcript	7
chr17	82154217	82154224	ENSG00000176155.21|ENSG00000265678.1	exon|gene|transcript	7
chr17	62737915	62737922	ENSG00000173838.12|ENSG00000265702.2	exon|gene|transcript	7
chr17	7594671	7594678	ENSG00000129245.13	exon|gene|transcript	7
chr17	16558978	16558985	ENSG00000141040.15|ENSG00000266803.1	exon|gene|transcript	7
chr17	30970277	30970284	ENSG00000286194.1	exon|gene|transcript	7
chr17	28599832	28599839	ENSG00000167524.17|ENSG00000227543.5|ENSG00000258472.10	exon|gene|transcript	7
chr17	74672711	74672718	ENSG00000172794.20|ENSG00000264659.2	exon|gene|transcript	7
chr17	30965363	30965370	ENSG00000265743.1	exon|gene|transcript	7
chr17	46329332	46329339	ENSG00000176681.15|ENSG00000228696.11	exon|gene|transcript	7
chr17	50186962	50186969	ENSG00000108821.14	exon|gene|transcript	7
chr17	40133526	40133533	ENSG00000188895.12	exon|gene|transcript	7
chr17	68428552	68428559	ENSG00000070540.13|ENSG00000267009.6	exon|gene|transcript	7
chr17	29512677	29512684	ENSG00000160551.12	exon|gene|transcript	7
chr17	39073326	39073333	ENSG00000161381.14|ENSG00000293194.1	exon|gene|transcript	7
chr17	75517262	75517269	ENSG00000182173.14	exon|gene|transcript	7
chr17	3930434	3930441	ENSG00000074370.18	exon|gene|transcript	7
chr17	28227678	28227685	ENSG00000237575.5|ENSG00000290671.1	exon|gene|transcript	7
chr17	14297444	14297451	ENSG00000262786.1	exon|gene|transcript	7
chr17	59185432	59185439	ENSG00000068489.13	exon|gene|transcript	7
chr17	77094983	77094990	ENSG00000129657.16|ENSG00000234912.12	exon|gene|transcript	7
chr17	28929965	28929972	ENSG00000109118.14|ENSG00000265845.2	exon|gene|transcript	7
chr17	48601482	48601489	ENSG00000108511.10|ENSG00000120093.12|ENSG00000233101.10	exon|gene|transcript	7
chr17	7835836	7835843	ENSG00000132510.11|ENSG00000288929.2	exon|gene|transcript	7
chr17	72323122	72323129	ENSG00000227036.10	exon|gene|transcript	7
chr17	44218502	44218509	ENSG00000108312.16	exon|gene|transcript	7
chr17	76477649	76477656	ENSG00000129667.13	exon|gene|transcript	7
chr17	48705350	48705357	ENSG00000244649.5	exon|gene|transcript	7
chr17	62036825	62036832	ENSG00000108510.10|ENSG00000285879.1	exon|gene|transcript	7
chr17	79711049	79711056	ENSG00000267719.1	exon|gene|transcript	7
chr17	72422602	72422609	ENSG00000227036.10	exon|gene|transcript	7
chr17	61874083	61874090	ENSG00000108506.14|ENSG00000202361.1	exon|gene|transcript	7
chr17	52985512	52985519	ENSG00000227011.4	exon|gene|transcript	7
chr17	29581472	29581479	ENSG00000108262.16|ENSG00000264031.1	exon|gene|transcript	7
chr17	76559036	76559043	ENSG00000163597.17	exon|gene|transcript	7
chr17	22532165	22532172	ENSG00000284263.1|ENSG00000284328.1	exon|gene|transcript	7
chr17	76093366	76093373	ENSG00000182473.22	exon|gene|transcript	7
chr17	13100595	13100602	ENSG00000273098.3	exon|gene|transcript	7
chr17	14840115	14840122	ENSG00000238212.3	exon|gene|transcript	7
chr17	65751097	65751104	ENSG00000154240.18	exon|gene|transcript	7
chr17	57094908	57094915	ENSG00000121057.13|ENSG00000263089.1	exon|gene|transcript	7
chr17	48011326	48011333	ENSG00000289599.2	exon|gene|transcript	7
chr17	76154643	76154650	ENSG00000141576.16|ENSG00000267128.2	exon|gene|transcript	7
chr17	49013554	49013561	ENSG00000159217.10|ENSG00000251461.3	exon|gene|transcript	7
chr17	3682235	3682242	ENSG00000083454.23|ENSG00000257950.3	exon|gene|transcript	7
chr17	1714363	1714370	ENSG00000186594.16	exon|gene|transcript	7
chr17	42668811	42668818	ENSG00000068137.15	exon|gene|transcript	7
chr17	79008062	79008069	ENSG00000171302.17	exon|gene|transcript	7
chr17	61481448	61481455	ENSG00000121075.11	exon|gene|transcript	7
chr17	20864683	20864690	ENSG00000291074.1	exon|gene|transcript	7
chr17	58351734	58351741	ENSG00000213246.7|ENSG00000265148.7|ENSG00000285897.1	exon|gene|transcript	7
chr17	44309897	44309904	ENSG00000108309.14|ENSG00000267750.6	exon|gene|transcript	7
chr17	56215821	56215828	ENSG00000153930.13	exon|gene|transcript	7
chr17	7840634	7840641	ENSG00000132510.11	exon|gene|transcript	7
chr17	4541891	4541898	ENSG00000132382.15	exon|gene|transcript	7
chr17	759322	759329	ENSG00000167699.14	exon|gene|transcript	7
chr17	82246410	82246417	ENSG00000141526.18|ENSG00000141551.15	exon|gene|transcript	7
chr17	32880179	32880186	ENSG00000236377.2	exon|gene|transcript	7
chr17	75131526	75131533	ENSG00000125458.7|ENSG00000279035.1	exon|gene|transcript	7
chr17	75835063	75835070	ENSG00000092929.13	exon|gene|transcript	7
chr17	19796282	19796289	ENSG00000083290.20	exon|gene|transcript	7
chr17	55612972	55612979	ENSG00000289016.1	exon|gene|transcript	7
chr17	62035943	62035950	ENSG00000108510.10|ENSG00000285879.1	exon|gene|transcript	7
chr17	36933146	36933153	ENSG00000277268.2	exon|gene|transcript	7
chr17	8544213	8544220	ENSG00000133026.14	exon|gene|transcript	7
chr17	6190510	6190517	ENSG00000262231.2	exon|gene|transcript	7
chr17	18513277	18513284	ENSG00000273018.7|ENSG00000290659.1	exon|gene|transcript	7
chr17	67256860	67256867	ENSG00000285877.1	exon|gene|transcript	7
chr17	81443917	81443924	ENSG00000266074.11	exon|gene|transcript	7
chr17	81401739	81401746	ENSG00000266074.11	exon|gene|transcript	7
chr17	4704363	4704370	ENSG00000244184.1	exon|gene|transcript	7
chr17	46035513	46035520	ENSG00000120071.15|ENSG00000262372.1	exon|gene|transcript	7
chr17	12988381	12988388	ENSG00000006740.18	exon|gene|transcript	7
chr17	71202170	71202177	ENSG00000260785.2	exon|gene|transcript	7
chr17	30550492	30550499	ENSG00000263860.1	exon|gene|transcript	7
chr17	82419883	82419890	ENSG00000169660.17	exon|gene|transcript	7
chr17	17815781	17815788	ENSG00000072310.18	exon|gene|transcript	7
chr17	73750727	73750734	ENSG00000177338.14|ENSG00000263574.2	exon|gene|transcript	7
chr17	42569499	42569506	ENSG00000108788.12	exon|gene|transcript	7
chr17	8230856	8230863	ENSG00000178971.17	exon|gene|transcript	7
chr17	73518763	73518770	ENSG00000069188.17|ENSG00000264985.4	exon|gene|transcript	7
chr17	58082609	58082616	ENSG00000266290.1	exon|gene|transcript	7
chr17	67613566	67613573	ENSG00000154217.16|ENSG00000279917.1	exon|gene|transcript	7
chr17	6898799	6898806	ENSG00000215067.12|ENSG00000262943.10|ENSG00000291084.1	exon|gene|transcript	7
chr17	6895095	6895102	ENSG00000215067.12|ENSG00000262943.10|ENSG00000291084.1	exon|gene|transcript	7
chr17	20958404	20958411	ENSG00000233098.10	exon|gene|transcript	7
chr17	42331531	42331538	ENSG00000168610.17	exon|gene|transcript	7
chr17	75904884	75904891	ENSG00000204316.13|ENSG00000267426.5	exon|gene|transcript	7
chr17	47678907	47678914	ENSG00000108424.11	exon|gene|transcript	7
chr17	58080883	58080890	ENSG00000266290.1	exon|gene|transcript	7
chr17	81608912	81608919	ENSG00000182446.15	exon|gene|transcript	7
chr17	2692306	2692313	ENSG00000132361.18	exon|gene|transcript	7
chr17	58081709	58081716	ENSG00000266290.1	exon|gene|transcript	7
chr17	36089331	36089338	ENSG00000277089.4|ENSG00000277632.2	exon|gene|transcript	7
chr17	7858824	7858831	ENSG00000182224.12|ENSG00000183011.14	exon|gene|transcript	7
chr17	19458194	19458201	ENSG00000231477.2|ENSG00000235979.9	exon|gene|transcript	7
chr17	61119215	61119222	ENSG00000141376.24|ENSG00000286997.1	exon|gene|transcript	7
chr17	22411962	22411969	ENSG00000276399.1	exon|gene|transcript	7
chr17	74872686	74872693	ENSG00000161513.12	exon|gene|transcript	7
chr17	7587043	7587049	ENSG00000129255.16	exon|gene|transcript	6
chr17	8182718	8182724	ENSG00000266824.1	exon|gene|transcript	6
chr17	3824310	3824316	ENSG00000074356.17	exon|gene|transcript	6
chr17	44646507	44646513	ENSG00000266979.1	exon|gene|transcript	6
chr17	64837055	64837061	ENSG00000291117.1	exon|gene|transcript	6
chr17	80205524	80205530	ENSG00000141527.19|ENSG00000262580.5	exon|gene|transcript	6
chr17	30635681	30635687	ENSG00000214719.13|ENSG00000250462.9|ENSG00000290450.1	exon|gene|transcript	6
chr17	82056766	82056772	ENSG00000169727.14	exon|gene|transcript	6
chr17	75562279	75562285	ENSG00000073350.14	exon|gene|transcript	6
chr17	80205011	80205017	ENSG00000141527.19|ENSG00000262580.5	exon|gene|transcript	6
chr17	4186860	4186866	ENSG00000167740.10|ENSG00000185722.18	exon|gene|transcript	6
chr17	38852597	38852603	ENSG00000125691.14	exon|gene|transcript	6
chr17	27929538	27929544	ENSG00000260019.2	exon|gene|transcript	6
chr17	43545473	43545479	ENSG00000067596.12|ENSG00000175832.13	exon|gene|transcript	6
chr17	41806976	41806982	ENSG00000141696.13	exon|gene|transcript	6
chr17	78344030	78344036	ENSG00000267737.1	exon|gene|transcript	6
chr17	4056798	4056804	ENSG00000074755.15|ENSG00000252456.1	exon|gene|transcript	6
chr17	47581711	47581717	ENSG00000141279.18	exon|gene|transcript	6
chr17	6653885	6653891	ENSG00000256806.6|ENSG00000261996.1	exon|gene|transcript	6
chr17	61389929	61389935	ENSG00000141376.24|ENSG00000267131.1	exon|gene|transcript	6
chr17	29996305	29996311	ENSG00000176927.16	exon|gene|transcript	6
chr17	81690824	81690830	ENSG00000185359.14	exon|gene|transcript	6
chr17	81696600	81696606	ENSG00000185359.14	exon|gene|transcript	6
chr17	30574214	30574220	ENSG00000231421.8	exon|gene|transcript	6
chr17	81848456	81848462	ENSG00000185624.16	exon|gene|transcript	6
chr17	6690021	6690027	ENSG00000141485.17|ENSG00000256806.6|ENSG00000290366.1	exon|gene|transcript	6
chr17	6690027	6690033	ENSG00000141485.17|ENSG00000256806.6|ENSG00000290366.1	exon|gene|transcript	6
chr17	76561287	76561293	ENSG00000163597.17	exon|gene|transcript	6
chr17	60135322	60135328	ENSG00000267248.5|ENSG00000286435.1	exon|gene|transcript	6
chr17	29569208	29569214	ENSG00000167543.16|ENSG00000264031.1	exon|gene|transcript	6
chr17	16616847	16616853	ENSG00000235554.1	exon|gene|transcript	6
chr17	16706649	16706655	ENSG00000170160.19|ENSG00000266302.6	exon|gene|transcript	6
chr17	41504470	41504476	ENSG00000171401.15	exon|gene|transcript	6
chr17	32051705	32051711	ENSG00000185158.13|ENSG00000278867.1	exon|gene|transcript	6
chr17	27585954	27585960	ENSG00000141068.17	exon|gene|transcript	6
chr17	1716251	1716257	ENSG00000186594.16	exon|gene|transcript	6
chr17	16849669	16849675	ENSG00000205312.9|ENSG00000290980.1	exon|gene|transcript	6
chr17	38451353	38451359	ENSG00000275832.5|ENSG00000276170.6	exon|gene|transcript	6
chr17	38451519	38451525	ENSG00000275832.5|ENSG00000276170.6	exon|gene|transcript	6
chr17	38708110	38708116	ENSG00000275023.5	exon|gene|transcript	6
chr17	45977154	45977160	ENSG00000186868.18	exon|gene|transcript	6
chr17	17851297	17851303	ENSG00000175662.18	exon|gene|transcript	6
chr17	81085094	81085100	ENSG00000175866.16	exon|gene|transcript	6
chr17	74212436	74212442	ENSG00000246731.3	exon|gene|transcript	6
chr17	72334191	72334197	ENSG00000227036.10	exon|gene|transcript	6
chr17	19673397	19673403	ENSG00000072210.19	exon|gene|transcript	6
chr17	19555566	19555572	ENSG00000142494.13	exon|gene|transcript	6
chr17	67975154	67975160	ENSG00000171634.19|ENSG00000279880.1	exon|gene|transcript	6
chr17	44302577	44302583	ENSG00000267750.6	exon|gene|transcript	6
chr17	2671552	2671558	ENSG00000007168.14	exon|gene|transcript	6
chr17	8222995	8223001	ENSG00000178977.4	exon|gene|transcript	6
chr17	40323188	40323194	ENSG00000131759.18	exon|gene|transcript	6
chr17	40317697	40317703	ENSG00000131759.18|ENSG00000287644.1	exon|gene|transcript	6
chr17	33112067	33112073	ENSG00000108684.15|ENSG00000266535.1	exon|gene|transcript	6
chr17	584825	584831	ENSG00000141252.21	exon|gene|transcript	6
chr17	82450989	82450995	ENSG00000287193.1	exon|gene|transcript	6
chr17	58212434	58212440	ENSG00000011143.19	exon|gene|transcript	6
chr17	75851676	75851682	ENSG00000132471.12	exon|gene|transcript	6
chr17	47891218	47891224	ENSG00000264920.4	exon|gene|transcript	6
chr17	21445727	21445733	ENSG00000212719.15|ENSG00000287671.1	exon|gene|transcript	6
chr17	20416691	20416697	ENSG00000237911.2|ENSG00000287490.1|ENSG00000291194.1	exon|gene|transcript	6
chr17	14420656	14420662	ENSG00000230647.3	exon|gene|transcript	6
chr17	34991214	34991220	ENSG00000005156.12	exon|gene|transcript	6
chr17	58525662	58525668	ENSG00000108387.16|ENSG00000264672.6	exon|gene|transcript	6
chr17	82231264	82231270	ENSG00000141526.18	exon|gene|transcript	6
chr17	4534419	4534425	ENSG00000183018.9	exon|gene|transcript	6
chr17	79919830	79919836	ENSG00000262188.4|ENSG00000262585.1	exon|gene|transcript	6
chr17	19672297	19672303	ENSG00000072210.19	exon|gene|transcript	6
chr17	44268135	44268141	ENSG00000004939.16	exon|gene|transcript	6
chr17	72403364	72403370	ENSG00000227036.10	exon|gene|transcript	6
chr17	80214165	80214171	ENSG00000141527.19|ENSG00000181523.13	exon|gene|transcript	6
chr17	64953676	64953682	ENSG00000280299.1	exon|gene|transcript	6
chr17	27419607	27419613	ENSG00000266433.7|ENSG00000290422.1	exon|gene|transcript	6
chr17	47488637	47488643	ENSG00000228782.10|ENSG00000291120.1	exon|gene|transcript	6
chr17	45977989	45977995	ENSG00000186868.18	exon|gene|transcript	6
chr17	17228252	17228258	ENSG00000154803.13|ENSG00000264187.1	exon|gene|transcript	6
chr17	13100679	13100685	ENSG00000273098.3	exon|gene|transcript	6
chr17	64534578	64534584	ENSG00000258890.8	exon|gene|transcript	6
chr17	32438473	32438479	ENSG00000279762.3	exon|gene|transcript	6
chr17	19720776	19720782	ENSG00000262681.2	exon|gene|transcript	6
chr17	5235637	5235643	ENSG00000261879.9	exon|gene|transcript	6
chr17	40475827	40475833	ENSG00000131746.13	exon|gene|transcript	6
chr17	2712049	2712055	ENSG00000132361.18|ENSG00000262050.2	exon|gene|transcript	6
chr17	2712210	2712216	ENSG00000132361.18|ENSG00000262050.2	exon|gene|transcript	6
chr17	2713469	2713475	ENSG00000262050.2	exon|gene|transcript	6
chr17	40597112	40597118	ENSG00000279775.1	exon|gene|transcript	6
chr17	57274267	57274273	ENSG00000153944.12	exon|gene|transcript	6
chr17	57277919	57277925	ENSG00000153944.12|ENSG00000279555.1	exon|gene|transcript	6
chr17	76057396	76057402	ENSG00000167881.15	exon|gene|transcript	6
chr17	16845599	16845605	ENSG00000131885.18|ENSG00000291277.1	exon|gene|transcript	6
chr17	29388627	29388633	ENSG00000222363.1|ENSG00000264808.2|ENSG00000266111.2	exon|gene|transcript	6
chr17	72421762	72421768	ENSG00000227036.10	exon|gene|transcript	6
chr17	29424761	29424767	ENSG00000160551.12|ENSG00000253064.1	exon|gene|transcript	6
chr17	50098806	50098812	ENSG00000005882.12|ENSG00000275025.1	exon|gene|transcript	6
chr17	10611901	10611907	ENSG00000214970.8|ENSG00000272975.1	exon|gene|transcript	6
chr17	81252188	81252194	ENSG00000157637.13	exon|gene|transcript	6
chr17	73504339	73504345	ENSG00000069188.17	exon|gene|transcript	6
chr17	10628525	10628531	ENSG00000109063.15	exon|gene|transcript	6
chr17	18005052	18005058	ENSG00000171953.16|ENSG00000171962.19	exon|gene|transcript	6
chr17	1399260	1399266	ENSG00000108953.17	exon|gene|transcript	6
chr17	764319	764325	ENSG00000167699.14|ENSG00000262228.3	exon|gene|transcript	6
chr17	14217916	14217922	ENSG00000006695.12	exon|gene|transcript	6
chr17	76769190	76769196	ENSG00000092931.12	exon|gene|transcript	6
chr17	15506865	15506871	ENSG00000175106.17|ENSG00000223878.1|ENSG00000259024.7	exon|gene|transcript	6
chr17	42673169	42673175	ENSG00000068137.15	exon|gene|transcript	6
chr17	18731213	18731219	ENSG00000108448.24|ENSG00000291110.1	exon|gene|transcript	6
chr17	18660088	18660094	ENSG00000287058.1|ENSG00000290687.1	exon|gene|transcript	6
chr17	18625441	18625447	ENSG00000154874.18|ENSG00000291090.1	exon|gene|transcript	6
chr17	21572650	21572656	ENSG00000212719.15	exon|gene|transcript	6
chr17	81516406	81516412	ENSG00000184009.13|ENSG00000229848.1|ENSG00000289182.1	exon|gene|transcript	6
chr17	36104912	36104918	ENSG00000275302.2	exon|gene|transcript	6
chr17	60083565	60083571	ENSG00000267416.2|ENSG00000293515.1	exon|gene|transcript	6
chr17	60085102	60085108	ENSG00000267416.2|ENSG00000293515.1	exon|gene|transcript	6
chr17	22204086	22204092	ENSG00000290919.1	exon|gene|transcript	6
chr17	4572205	4572211	ENSG00000262519.1	exon|gene|transcript	6
chr17	78125889	78125895	ENSG00000141524.19	exon|gene|transcript	6
chr17	78138756	78138762	ENSG00000167895.16	exon|gene|transcript	6
chr17	72039589	72039595	ENSG00000228639.8|ENSG00000256124.6|ENSG00000288605.1	exon|gene|transcript	6
chr17	73790710	73790716	ENSG00000177338.14|ENSG00000234721.3	exon|gene|transcript	6
chr17	45397228	45397234	ENSG00000159314.13|ENSG00000267344.1	exon|gene|transcript	6
chr17	81003814	81003820	ENSG00000176108.9|ENSG00000280351.2	exon|gene|transcript	6
chr17	31590646	31590652	ENSG00000266877.1	exon|gene|transcript	6
chr17	31830730	31830736	ENSG00000265046.1	exon|gene|transcript	6
chr17	7583015	7583020	ENSG00000233223.5	exon|gene|transcript	5
chr17	44072619	44072624	ENSG00000141349.10	exon|gene|transcript	5
chr17	4895069	4895074	ENSG00000141503.17	exon|gene|transcript	5
chr17	73787708	73787713	ENSG00000177338.14|ENSG00000234721.3	exon|gene|transcript	5
chr17	49036662	49036667	ENSG00000159217.10	exon|gene|transcript	5
chr17	72079932	72079937	ENSG00000226101.2|ENSG00000234899.11|ENSG00000288605.1	exon|gene|transcript	5
chr17	78125884	78125889	ENSG00000141524.19	exon|gene|transcript	5
chr17	28656215	28656220	ENSG00000132581.10	exon|gene|transcript	5
chr17	34575105	34575110	ENSG00000197322.4	exon|gene|transcript	5
chr17	22205151	22205156	ENSG00000290919.1	exon|gene|transcript	5
chr17	82649688	82649693	ENSG00000279613.1	exon|gene|transcript	5
chr17	49494442	49494447	ENSG00000279036.1	exon|gene|transcript	5
chr17	36491322	36491327	ENSG00000273611.5	exon|gene|transcript	5
chr17	58052772	58052777	ENSG00000285930.1	exon|gene|transcript	5
chr17	67471488	67471493	ENSG00000154217.16|ENSG00000207688.2|ENSG00000263690.2	exon|gene|transcript	5
chr17	67385714	67385719	ENSG00000154217.16|ENSG00000290052.1	exon|gene|transcript	5
chr17	36089857	36089862	ENSG00000277089.4|ENSG00000277632.2	exon|gene|transcript	5
chr17	15063487	15063492	ENSG00000287307.1	exon|gene|transcript	5
chr17	8264601	8264606	ENSG00000178921.14	exon|gene|transcript	5
chr17	7446574	7446579	ENSG00000170175.11	exon|gene|transcript	5
chr17	7445642	7445647	ENSG00000170175.11|ENSG00000272884.1	exon|gene|transcript	5
chr17	77534712	77534717	ENSG00000267665.3	exon|gene|transcript	5
chr17	8383815	8383820	ENSG00000288750.1	exon|gene|transcript	5
chr17	51348962	51348967	ENSG00000267452.3	exon|gene|transcript	5
chr17	1399827	1399832	ENSG00000108953.17	exon|gene|transcript	5
chr17	19719066	19719071	ENSG00000262681.2	exon|gene|transcript	5
chr17	30610888	30610893	ENSG00000214719.13|ENSG00000248121.9|ENSG00000290395.1	exon|gene|transcript	5
chr17	73310141	73310146	ENSG00000179604.10	exon|gene|transcript	5
chr17	76154332	76154337	ENSG00000141576.16|ENSG00000267128.2	exon|gene|transcript	5
chr17	72323117	72323122	ENSG00000227036.10	exon|gene|transcript	5
chr17	48733608	48733613	ENSG00000242407.1	exon|gene|transcript	5
chr17	51334345	51334350	ENSG00000249383.2	exon|gene|transcript	5
chr17	29511535	29511540	ENSG00000160551.12	exon|gene|transcript	5
chr17	35464248	35464253	ENSG00000205045.12	exon|gene|transcript	5
chr17	44175967	44175972	ENSG00000161664.7|ENSG00000267080.8	exon|gene|transcript	5
chr17	76470890	76470895	ENSG00000129667.13	exon|gene|transcript	5
chr17	56994975	56994980	ENSG00000121064.13	exon|gene|transcript	5
chr17	21439893	21439898	ENSG00000212719.15	exon|gene|transcript	5
chr17	35869113	35869118	ENSG00000270240.2	exon|gene|transcript	5
chr17	7291969	7291974	ENSG00000006047.13	exon|gene|transcript	5
chr17	35885858	35885863	ENSG00000270240.2	exon|gene|transcript	5
chr17	81683687	81683692	ENSG00000185359.14|ENSG00000214087.9	exon|gene|transcript	5
chr17	77563167	77563172	ENSG00000267506.7	exon|gene|transcript	5
chr17	29334437	29334442	ENSG00000264808.2	exon|gene|transcript	5
chr17	68558329	68558334	ENSG00000108950.12|ENSG00000267461.1	exon|gene|transcript	5
chr17	64936674	64936679	ENSG00000266155.2	exon|gene|transcript	5
chr17	59526851	59526856	ENSG00000265313.8	exon|gene|transcript	5
chr17	4541564	4541569	ENSG00000132382.15	exon|gene|transcript	5
chr17	7931466	7931471	ENSG00000170043.12	exon|gene|transcript	5
chr17	18796822	18796827	ENSG00000171928.14	exon|gene|transcript	5
chr17	19721130	19721135	ENSG00000262681.2	exon|gene|transcript	5
chr17	64968028	64968033	ENSG00000291140.1	exon|gene|transcript	5
chr17	17815854	17815859	ENSG00000072310.18	exon|gene|transcript	5
chr17	7394098	7394103	ENSG00000187838.17|ENSG00000262481.5	exon|gene|transcript	5
chr17	82273923	82273928	ENSG00000287737.3	exon|gene|transcript	5
chr17	16439055	16439060	ENSG00000175061.20	exon|gene|transcript	5
chr17	49888110	49888115	ENSG00000248954.1	exon|gene|transcript	5
chr17	71185650	71185655	ENSG00000260785.2	exon|gene|transcript	5
chr17	47492459	47492464	ENSG00000291120.1	exon|gene|transcript	5
chr17	6642324	6642329	ENSG00000129235.11	exon|gene|transcript	5
chr17	45241665	45241670	ENSG00000184922.15|ENSG00000233175.2	exon|gene|transcript	5
chr17	16000032	16000037	ENSG00000011295.16	exon|gene|transcript	5
chr17	39546103	39546108	ENSG00000167258.16|ENSG00000222777.1	exon|gene|transcript	5
chr17	19296595	19296600	ENSG00000072134.16|ENSG00000235397.1	exon|gene|transcript	5
chr17	19671956	19671961	ENSG00000072210.19	exon|gene|transcript	5
chr17	77527785	77527790	ENSG00000267665.3	exon|gene|transcript	5
chr17	40167365	40167370	ENSG00000108349.17	exon|gene|transcript	5
chr17	13776826	13776831	ENSG00000236088.12	exon|gene|transcript	5
chr17	82244892	82244897	ENSG00000141526.18|ENSG00000141551.15|ENSG00000275888.1	exon|gene|transcript	5
chr17	75683542	75683547	ENSG00000161526.15|ENSG00000264270.1	exon|gene|transcript	5
chr17	72643989	72643994	ENSG00000263893.2	exon|gene|transcript	5
chr17	20409832	20409837	ENSG00000291194.1	exon|gene|transcript	5
chr17	7223374	7223379	ENSG00000072778.20|ENSG00000199053.3	exon|gene|transcript	5
chr17	82477032	82477037	ENSG00000141562.19|ENSG00000266445.1	exon|gene|transcript	5
chr17	30906458	30906463	ENSG00000184060.11	exon|gene|transcript	5
chr17	7347025	7347030	ENSG00000072818.12	exon|gene|transcript	5
chr17	12021465	12021470	ENSG00000065559.15|ENSG00000293152.1	exon|gene|transcript	5
chr17	63412674	63412679	ENSG00000170921.16|ENSG00000226797.2|ENSG00000263644.1	exon|gene|transcript	5
chr17	2641877	2641882	ENSG00000007168.14|ENSG00000279432.1	exon|gene|transcript	5
chr17	47974556	47974561	ENSG00000108465.15|ENSG00000263798.2	exon|gene|transcript	5
chr17	74211434	74211439	ENSG00000246731.3	exon|gene|transcript	5
chr17	45647007	45647012	ENSG00000263715.7|ENSG00000293460.1	exon|gene|transcript	5
chr17	80023893	80023898	ENSG00000167291.16|ENSG00000261978.1	exon|gene|transcript	5
chr17	43048192	43048197	ENSG00000012048.25	exon|gene|transcript	5
chr17	59129396	59129401	ENSG00000182628.13|ENSG00000252212.1	exon|gene|transcript	5
chr17	10844383	10844388	ENSG00000285220.1|ENSG00000289964.1	exon|gene|transcript	5
chr17	60632701	60632706	ENSG00000170836.13	exon|gene|transcript	5
chr17	69108161	69108166	ENSG00000154262.13	exon|gene|transcript	5
chr17	79923443	79923448	ENSG00000262188.4|ENSG00000262585.1	exon|gene|transcript	5
chr17	47974575	47974580	ENSG00000108465.15|ENSG00000263798.2	exon|gene|transcript	5
chr17	72428847	72428852	ENSG00000227036.10|ENSG00000263680.2	exon|gene|transcript	5
chr17	72428056	72428061	ENSG00000227036.10|ENSG00000263680.2	exon|gene|transcript	5
chr17	5132212	5132217	ENSG00000129204.17	exon|gene|transcript	5
chr17	81031194	81031199	ENSG00000226137.5	exon|gene|transcript	5
chr17	4788405	4788410	ENSG00000280254.1	exon|gene|transcript	5
chr17	18139273	18139278	ENSG00000091536.20	exon|gene|transcript	5
chr17	63490023	63490028	ENSG00000159640.17|ENSG00000264813.6	exon|gene|transcript	5
chr17	55271503	55271508	ENSG00000108924.14|ENSG00000263096.1	exon|gene|transcript	5
chr17	28571789	28571794	ENSG00000087111.22|ENSG00000167524.17	exon|gene|transcript	5
chr17	42554627	42554632	ENSG00000108786.11|ENSG00000266929.1|ENSG00000266962.3	exon|gene|transcript	5
chr17	28714900	28714905	ENSG00000109113.20	exon|gene|transcript	5
chr17	46035361	46035366	ENSG00000120071.15|ENSG00000262372.1	exon|gene|transcript	5
chr17	82484807	82484812	ENSG00000141562.19	exon|gene|transcript	5
chr17	13003574	13003579	ENSG00000006744.19	exon|gene|transcript	5
chr17	54991847	54991852	ENSG00000166263.13	exon|gene|transcript	5
chr17	55327702	55327707	ENSG00000262079.1	exon|gene|transcript	5
chr17	15806384	15806389	ENSG00000237057.3	exon|gene|transcript	5
chr17	60079421	60079426	ENSG00000267416.2	exon|gene|transcript	5
chr17	2406589	2406594	ENSG00000127804.13	exon|gene|transcript	5
chr17	18149970	18149975	ENSG00000091536.20	exon|gene|transcript	5
chr17	68125881	68125886	ENSG00000267023.6|ENSG00000291214.1	exon|gene|transcript	5
chr17	58339362	58339367	ENSG00000265148.7	exon|gene|transcript	5
chr17	16819628	16819633	ENSG00000226145.8|ENSG00000290977.1	exon|gene|transcript	5
chr17	7293832	7293837	ENSG00000006047.13	exon|gene|transcript	5
chr17	35816843	35816848	ENSG00000270647.7|ENSG00000270871.1	exon|gene|transcript	5
chr17	56895769	56895774	ENSG00000121060.19	exon|gene|transcript	5
chr17	37844682	37844687	ENSG00000290810.1	exon|gene|transcript	5
chr17	61389003	61389008	ENSG00000141376.24|ENSG00000267131.1	exon|gene|transcript	5
chr17	6655443	6655448	ENSG00000256806.6|ENSG00000264468.1	exon|gene|transcript	5
chr17	73227743	73227748	ENSG00000133193.13	exon|gene|transcript	5
chr17	31023799	31023804	ENSG00000266865.9|ENSG00000291063.1	exon|gene|transcript	5
chr17	72021855	72021860	ENSG00000228639.8	exon|gene|transcript	5
chr17	41870354	41870359	ENSG00000131473.17	exon|gene|transcript	5
chr17	35232266	35232271	ENSG00000266947.3	exon|gene|transcript	5
chr17	30601823	30601828	ENSG00000214719.13|ENSG00000248121.9|ENSG00000290395.1	exon|gene|transcript	5
chr17	30600859	30600864	ENSG00000214719.13|ENSG00000290395.1	exon|gene|transcript	5
chr17	72403321	72403326	ENSG00000227036.10	exon|gene|transcript	5
chr17	64825764	64825769	ENSG00000214176.12|ENSG00000252242.1|ENSG00000291117.1	exon|gene|transcript	5
chr17	80201463	80201468	ENSG00000141527.19|ENSG00000262580.5	exon|gene|transcript	5
chr17	29078732	29078737	ENSG00000196535.20	exon|gene|transcript	5
chr17	39708011	39708016	ENSG00000141736.14	exon|gene|transcript	5
chr17	6481719	6481724	ENSG00000091622.16	exon|gene|transcript	5
chr17	43142456	43142461	ENSG00000012048.25|ENSG00000198496.12	exon|gene|transcript	5
chr17	69104682	69104687	ENSG00000154262.13	exon|gene|transcript	5
chr17	58337205	58337210	ENSG00000265148.7	exon|gene|transcript	5
chr17	34479803	34479808	ENSG00000225582.2	exon|gene|transcript	5
chr17	34479280	34479285	ENSG00000225582.2	exon|gene|transcript	5
chr17	62910161	62910166	ENSG00000283538.3	exon|gene|transcript	5
chr17	1716230	1716235	ENSG00000186594.16	exon|gene|transcript	5
chr17	31234087	31234092	ENSG00000196712.20	exon|gene|transcript	5
chr17	3728363	3728368	ENSG00000083457.12	exon|gene|transcript	5
chr17	16528097	16528102	ENSG00000286743.1	exon|gene|transcript	5
chr17	72604927	72604932	ENSG00000227036.10	exon|gene|transcript	5
chr17	49361216	49361221	ENSG00000198740.9|ENSG00000248714.7	exon|gene|transcript	5
chr17	331717	331721	ENSG00000181031.16|ENSG00000262061.7	exon|gene|transcript	4
chr17	17392470	17392474	ENSG00000290056.1	exon|gene|transcript	4
chr17	57601378	57601382	ENSG00000153944.12|ENSG00000263499.1	exon|gene|transcript	4
chr17	7228880	7228884	ENSG00000004975.12	exon|gene|transcript	4
chr17	1716243	1716247	ENSG00000186594.16	exon|gene|transcript	4
chr17	1716247	1716251	ENSG00000186594.16	exon|gene|transcript	4
chr17	17676357	17676361	ENSG00000223979.2|ENSG00000274836.1	exon|gene|transcript	4
chr17	60083561	60083565	ENSG00000267416.2|ENSG00000293515.1	exon|gene|transcript	4
chr17	60085108	60085112	ENSG00000261040.10|ENSG00000267416.2|ENSG00000293515.1	exon|gene|transcript	4
chr17	82650524	82650528	ENSG00000279613.1	exon|gene|transcript	4
chr17	46319678	46319682	ENSG00000176681.15|ENSG00000228696.11|ENSG00000265411.1	exon|gene|transcript	4
chr17	30664518	30664522	ENSG00000214719.13	exon|gene|transcript	4
chr17	30665138	30665142	ENSG00000214719.13	exon|gene|transcript	4
chr17	64871780	64871784	ENSG00000176809.11|ENSG00000264840.1	exon|gene|transcript	4
chr17	43233786	43233790	ENSG00000236383.9|ENSG00000274585.1	exon|gene|transcript	4
chr17	43239920	43239924	ENSG00000236383.9|ENSG00000275616.1	exon|gene|transcript	4
chr17	43241179	43241183	ENSG00000236383.9|ENSG00000273709.1	exon|gene|transcript	4
chr17	43245673	43245677	ENSG00000236383.9|ENSG00000274432.1	exon|gene|transcript	4
chr17	43251828	43251832	ENSG00000236383.9|ENSG00000278048.1	exon|gene|transcript	4
chr17	43266632	43266636	ENSG00000236383.9|ENSG00000276596.1	exon|gene|transcript	4
chr17	43271368	43271372	ENSG00000236383.9|ENSG00000277903.1	exon|gene|transcript	4
chr17	18420445	18420449	ENSG00000290655.1	exon|gene|transcript	4
chr17	48602074	48602078	ENSG00000108511.10|ENSG00000120093.12|ENSG00000233101.10	exon|gene|transcript	4
chr17	82022821	82022825	ENSG00000169689.15	exon|gene|transcript	4
chr17	75557891	75557895	ENSG00000073350.14	exon|gene|transcript	4
chr17	50696756	50696760	ENSG00000154945.7|ENSG00000201340.1	exon|gene|transcript	4
chr17	80136972	80136976	ENSG00000141543.12	exon|gene|transcript	4
chr17	68100615	68100619	ENSG00000265055.2	exon|gene|transcript	4
chr17	81702121	81702125	ENSG00000185359.14|ENSG00000262049.2	exon|gene|transcript	4
chr17	50866692	50866696	ENSG00000141232.5|ENSG00000229980.5	exon|gene|transcript	4
chr17	50536020	50536024	ENSG00000049283.19|ENSG00000250286.2	exon|gene|transcript	4
chr17	50480361	50480365	ENSG00000136444.10	exon|gene|transcript	4
chr17	16080509	16080513	ENSG00000141027.23	exon|gene|transcript	4
chr17	72423231	72423235	ENSG00000227036.10	exon|gene|transcript	4
chr17	7347917	7347921	ENSG00000072818.12	exon|gene|transcript	4
chr17	19164372	19164376	ENSG00000266311.6	exon|gene|transcript	4
chr17	19172087	19172091	ENSG00000266311.6	exon|gene|transcript	4
chr17	10844960	10844964	ENSG00000263508.6|ENSG00000285220.1|ENSG00000289964.1	exon|gene|transcript	4
chr17	6481825	6481829	ENSG00000091622.16	exon|gene|transcript	4
chr17	59129454	59129458	ENSG00000182628.13|ENSG00000252212.1	exon|gene|transcript	4
chr17	7017521	7017525	ENSG00000258315.5|ENSG00000267047.1|ENSG00000267532.5	exon|gene|transcript	4
chr17	18025340	18025344	ENSG00000171953.16	exon|gene|transcript	4
chr17	44304203	44304207	ENSG00000267750.6	exon|gene|transcript	4
chr17	2672312	2672316	ENSG00000007168.14	exon|gene|transcript	4
chr17	40631036	40631040	ENSG00000073584.20|ENSG00000264058.2	exon|gene|transcript	4
chr17	5011943	5011947	ENSG00000129250.12	exon|gene|transcript	4
chr17	6894515	6894519	ENSG00000215067.12|ENSG00000262943.10|ENSG00000291084.1	exon|gene|transcript	4
chr17	6761717	6761721	ENSG00000132530.17	exon|gene|transcript	4
chr17	39401860	39401864	ENSG00000108306.13|ENSG00000266469.2	exon|gene|transcript	4
chr17	39204520	39204524	ENSG00000108298.12	exon|gene|transcript	4
chr17	80354436	80354440	ENSG00000173821.20|ENSG00000263069.6	exon|gene|transcript	4
chr17	45526742	45526746	ENSG00000214425.11|ENSG00000278770.1|ENSG00000291175.1	exon|gene|transcript	4
chr17	75616461	75616465	ENSG00000266714.11	exon|gene|transcript	4
chr17	75617677	75617681	ENSG00000266714.11	exon|gene|transcript	4
chr17	5502287	5502291	ENSG00000091592.17	exon|gene|transcript	4
chr17	46537533	46537537	ENSG00000185829.19|ENSG00000238083.10|ENSG00000265315.1	exon|gene|transcript	4
chr17	17170185	17170189	ENSG00000133030.22|ENSG00000206859.1|ENSG00000263624.1	exon|gene|transcript	4
chr17	16439029	16439033	ENSG00000175061.20	exon|gene|transcript	4
chr17	6892002	6892006	ENSG00000215067.12|ENSG00000291084.1	exon|gene|transcript	4
chr17	64761911	64761915	ENSG00000215769.8|ENSG00000263647.1	exon|gene|transcript	4
chr17	64940601	64940605	ENSG00000280299.1	exon|gene|transcript	4
chr17	43273100	43273104	ENSG00000236383.9|ENSG00000278774.1	exon|gene|transcript	4
chr17	43277977	43277981	ENSG00000236383.9|ENSG00000274862.1	exon|gene|transcript	4
chr17	43284138	43284142	ENSG00000236383.9|ENSG00000274062.1	exon|gene|transcript	4
chr17	43290290	43290294	ENSG00000236383.9|ENSG00000274452.1	exon|gene|transcript	4
chr17	43296424	43296428	ENSG00000236383.9|ENSG00000275219.1	exon|gene|transcript	4
chr17	43300040	43300044	ENSG00000236383.9|ENSG00000278591.1	exon|gene|transcript	4
chr17	77089493	77089497	ENSG00000129657.16|ENSG00000234912.12|ENSG00000284250.1	exon|gene|transcript	4
chr17	43190371	43190375	ENSG00000188554.15	exon|gene|transcript	4
chr17	68513968	68513972	ENSG00000108946.17|ENSG00000267009.6	exon|gene|transcript	4
chr17	74213208	74213212	ENSG00000246731.3	exon|gene|transcript	4
chr17	18388064	18388068	ENSG00000214860.5|ENSG00000264177.1	exon|gene|transcript	4
chr17	63857380	63857384	ENSG00000240280.8|ENSG00000293480.1	exon|gene|transcript	4
chr17	72589313	72589317	ENSG00000227036.10	exon|gene|transcript	4
chr17	63150990	63150994	ENSG00000170921.16	exon|gene|transcript	4
chr17	21512270	21512274	ENSG00000212719.15	exon|gene|transcript	4
chr17	7036870	7036874	ENSG00000174327.7	exon|gene|transcript	4
chr17	1399266	1399270	ENSG00000108953.17	exon|gene|transcript	4
chr17	45475095	45475099	ENSG00000225190.12	exon|gene|transcript	4
chr17	45456381	45456385	ENSG00000225190.12|ENSG00000236234.1	exon|gene|transcript	4
chr17	8318565	8318569	ENSG00000198844.12|ENSG00000226871.1	exon|gene|transcript	4
chr17	50943392	50943396	ENSG00000247011.3	exon|gene|transcript	4
chr17	29370139	29370143	ENSG00000264808.2|ENSG00000266111.2	exon|gene|transcript	4
chr17	72323129	72323133	ENSG00000227036.10	exon|gene|transcript	4
chr17	72323134	72323138	ENSG00000227036.10	exon|gene|transcript	4
chr17	19417768	19417772	ENSG00000235979.9	exon|gene|transcript	4
chr17	77534683	77534687	ENSG00000267665.3	exon|gene|transcript	4
chr17	7446299	7446303	ENSG00000170175.11	exon|gene|transcript	4
chr17	32830218	32830222	ENSG00000176658.17|ENSG00000201178.1	exon|gene|transcript	4
chr17	75145669	75145673	ENSG00000189159.16|ENSG00000252042.1|ENSG00000263786.1	exon|gene|transcript	4
chr17	77548999	77549003	ENSG00000267506.7|ENSG00000286534.1	exon|gene|transcript	4
chr17	35885854	35885858	ENSG00000270240.2	exon|gene|transcript	4
chr17	19206169	19206173	ENSG00000236022.6	exon|gene|transcript	4
chr17	19213877	19213881	ENSG00000236022.6	exon|gene|transcript	4
chr17	72420955	72420959	ENSG00000227036.10	exon|gene|transcript	4
chr17	44186625	44186629	ENSG00000267080.8	exon|gene|transcript	4
chr17	35510035	35510039	ENSG00000205045.12|ENSG00000267074.1	exon|gene|transcript	4
chr17	45248180	45248184	ENSG00000233483.5|ENSG00000267278.6|ENSG00000293499.1	exon|gene|transcript	4
chr17	19063743	19063747	ENSG00000262074.7	exon|gene|transcript	4
chr17	19079987	19079991	ENSG00000230197.6	exon|gene|transcript	4
chr17	66638370	66638374	ENSG00000154229.12|ENSG00000252685.1	exon|gene|transcript	4
chr17	64508056	64508060	ENSG00000108654.16|ENSG00000258890.8	exon|gene|transcript	4
chr17	63826489	63826493	ENSG00000108592.17	exon|gene|transcript	4
chr17	49847666	49847670	ENSG00000176358.16|ENSG00000204584.1	exon|gene|transcript	4
chr17	16765346	16765350	ENSG00000170160.19|ENSG00000266302.6	exon|gene|transcript	4
chr17	72087910	72087914	ENSG00000226101.2|ENSG00000234899.11|ENSG00000288605.1	exon|gene|transcript	4
chr17	2372676	2372680	ENSG00000141258.13	exon|gene|transcript	4
chr17	45895242	45895246	ENSG00000186868.18|ENSG00000264589.5	exon|gene|transcript	4
chr17	44914023	44914027	ENSG00000131095.14	exon|gene|transcript	4
chr17	19087710	19087714	ENSG00000230197.6	exon|gene|transcript	4
chr17	64968110	64968114	ENSG00000291140.1	exon|gene|transcript	4
chr17	47041824	47041828	ENSG00000262633.2|ENSG00000262879.7|ENSG00000263142.6|ENSG00000277198.1|ENSG00000291209.1	exon|gene|transcript	4
chr17	75626849	75626853	ENSG00000108469.15	exon|gene|transcript	4
chr17	29618311	29618315	ENSG00000167549.19|ENSG00000264031.1	exon|gene|transcript	4
chr17	38451827	38451831	ENSG00000275832.5|ENSG00000276170.6	exon|gene|transcript	4
chr17	38706257	38706261	ENSG00000275023.5|ENSG00000275532.2	exon|gene|transcript	4
chr17	7292226	7292230	ENSG00000006047.13	exon|gene|transcript	4
chr17	41468142	41468146	ENSG00000223125.1	exon|gene|transcript	4
chr17	78617376	78617380	ENSG00000267123.7	exon|gene|transcript	4
chr17	78617381	78617385	ENSG00000267123.7	exon|gene|transcript	4
chr17	71202181	71202185	ENSG00000260785.2	exon|gene|transcript	4
chr17	8145071	8145075	ENSG00000179094.16	exon|gene|transcript	4
chr17	20982292	20982296	ENSG00000233098.10	exon|gene|transcript	4
chr17	48996417	48996421	ENSG00000250838.1	exon|gene|transcript	4
chr17	42471134	42471138	ENSG00000033627.18	exon|gene|transcript	4
chr17	4619748	4619752	ENSG00000222429.1	exon|gene|transcript	4
chr17	58677733	58677737	ENSG00000121101.16|ENSG00000206917.1|ENSG00000266826.3	exon|gene|transcript	4
chr17	2117759	2117763	ENSG00000070366.14|ENSG00000279562.1	exon|gene|transcript	4
chr17	48590476	48590480	ENSG00000120093.12|ENSG00000233101.10	exon|gene|transcript	4
chr17	76656418	76656422	ENSG00000163597.17|ENSG00000199735.1	exon|gene|transcript	4
chr17	78067049	78067053	ENSG00000078687.18|ENSG00000238658.1	exon|gene|transcript	4
chr17	6895199	6895203	ENSG00000215067.12|ENSG00000262943.10|ENSG00000291084.1	exon|gene|transcript	4
chr17	1716206	1716210	ENSG00000186594.16	exon|gene|transcript	4
chr17	58077143	58077147	ENSG00000266290.1	exon|gene|transcript	4
chr17	44732173	44732177	ENSG00000161692.18	exon|gene|transcript	4
chr17	44793301	44793305	ENSG00000267505.1	exon|gene|transcript	4
chr17	16852294	16852298	ENSG00000290980.1	exon|gene|transcript	4
chr17	44385281	44385285	ENSG00000005961.19	exon|gene|transcript	4
chr17	76558786	76558790	ENSG00000163597.17	exon|gene|transcript	4
chr17	80941902	80941906	ENSG00000141564.16|ENSG00000262313.1	exon|gene|transcript	4
chr17	45408205	45408209	ENSG00000159314.13	exon|gene|transcript	4
chr17	19595925	19595929	ENSG00000228983.10|ENSG00000262769.1|ENSG00000290454.1	exon|gene|transcript	4
chr17	63997259	63997263	ENSG00000264954.2	exon|gene|transcript	4
chr17	35232262	35232266	ENSG00000266947.3	exon|gene|transcript	4
chr17	35313450	35313454	ENSG00000267364.4	exon|gene|transcript	4
chr17	22413350	22413354	ENSG00000276399.1	exon|gene|transcript	4
chr17	19453603	19453607	ENSG00000235979.9	exon|gene|transcript	4
chr17	49231028	49231032	ENSG00000177369.11	exon|gene|transcript	4
chr17	41668009	41668013	ENSG00000278954.1	exon|gene|transcript	4
chr17	20924358	20924362	ENSG00000233098.10	exon|gene|transcript	4
chr17	78428320	78428324	ENSG00000187775.17	exon|gene|transcript	4
chr17	78490621	78490625	ENSG00000187775.17|ENSG00000267432.6	exon|gene|transcript	4
chr17	42114394	42114398	ENSG00000108773.11	exon|gene|transcript	4
chr17	42154888	42154892	ENSG00000108774.15|ENSG00000267261.5|ENSG00000267658.1	exon|gene|transcript	4
chr17	82600244	82600248	ENSG00000141568.21	exon|gene|transcript	4
chr17	47603859	47603863	ENSG00000141279.18|ENSG00000263766.6	exon|gene|transcript	4
chr17	44909360	44909364	ENSG00000131095.14	exon|gene|transcript	4
chr17	78360415	78360419	ENSG00000266970.3	exon|gene|transcript	4
chr17	72081417	72081421	ENSG00000226101.2|ENSG00000234899.11|ENSG00000288605.1	exon|gene|transcript	4
chr17	11288224	11288228	ENSG00000188803.15|ENSG00000264727.1	exon|gene|transcript	4
chr17	49255402	49255406	ENSG00000177369.11	exon|gene|transcript	4
chr17	42317502	42317506	ENSG00000168610.17	exon|gene|transcript	4
chr17	44073759	44073763	ENSG00000141349.10	exon|gene|transcript	4
chr17	48307330	48307334	ENSG00000141293.16|ENSG00000235300.5	exon|gene|transcript	4
chr17	20523966	20523970	ENSG00000291198.1	exon|gene|transcript	4
chr17	67273485	67273489	ENSG00000285877.1	exon|gene|transcript	4
chr17	18704765	18704769	ENSG00000265693.1|ENSG00000291110.1	exon|gene|transcript	4
chr17	74676465	74676468	ENSG00000172794.20|ENSG00000264659.2	exon|gene|transcript	3
chr17	46329329	46329332	ENSG00000176681.15|ENSG00000228696.11	exon|gene|transcript	3
chr17	30959564	30959567	ENSG00000266274.2	exon|gene|transcript	3
chr17	20938519	20938522	ENSG00000233098.10	exon|gene|transcript	3
chr17	36499851	36499854	ENSG00000278259.5	exon|gene|transcript	3
chr17	67384982	67384985	ENSG00000154217.16|ENSG00000290052.1	exon|gene|transcript	3
chr17	82763418	82763421	ENSG00000141556.22	exon|gene|transcript	3
chr17	31045406	31045409	ENSG00000265798.7|ENSG00000290858.1|ENSG00000291063.1	exon|gene|transcript	3
chr17	4186421	4186424	ENSG00000167740.10|ENSG00000185722.18|ENSG00000251812.1	exon|gene|transcript	3
chr17	4177881	4177884	ENSG00000167740.10|ENSG00000185722.18	exon|gene|transcript	3
chr17	48307327	48307330	ENSG00000141293.16|ENSG00000235300.5	exon|gene|transcript	3
chr17	76551779	76551782	ENSG00000214140.11|ENSG00000267546.2	exon|gene|transcript	3
chr17	4938274	4938277	ENSG00000108528.14	exon|gene|transcript	3
chr17	80966368	80966371	ENSG00000141564.16|ENSG00000261924.1	exon|gene|transcript	3
chr17	10612571	10612574	ENSG00000214970.8|ENSG00000272975.1	exon|gene|transcript	3
chr17	63996009	63996012	ENSG00000264954.2	exon|gene|transcript	3
chr17	51256807	51256810	ENSG00000011258.16	exon|gene|transcript	3
chr17	81869315	81869318	ENSG00000141522.12	exon|gene|transcript	3
chr17	81856636	81856639	ENSG00000185624.16	exon|gene|transcript	3
chr17	38704601	38704604	ENSG00000275532.2|ENSG00000277969.2	exon|gene|transcript	3
chr17	11704199	11704202	ENSG00000007174.18	exon|gene|transcript	3
chr17	18442892	18442895	ENSG00000290657.1	exon|gene|transcript	3
chr17	47170213	47170216	ENSG00000004897.12|ENSG00000261872.1	exon|gene|transcript	3
chr17	14421026	14421029	ENSG00000230647.3	exon|gene|transcript	3
chr17	65111174	65111177	ENSG00000108370.17	exon|gene|transcript	3
chr17	65110966	65110969	ENSG00000108370.17	exon|gene|transcript	3
chr17	19091092	19091095	ENSG00000263394.1	exon|gene|transcript	3
chr17	19379432	19379435	ENSG00000166484.20	exon|gene|transcript	3
chr17	38755278	38755281	ENSG00000274607.1|ENSG00000277791.5	exon|gene|transcript	3
chr17	27419537	27419540	ENSG00000266433.7|ENSG00000290422.1	exon|gene|transcript	3
chr17	14900260	14900263	ENSG00000238212.3	exon|gene|transcript	3
chr17	44006847	44006850	ENSG00000161653.11	exon|gene|transcript	3
chr17	76950556	76950559	ENSG00000267568.6	exon|gene|transcript	3
chr17	43381660	43381663	ENSG00000188825.16	exon|gene|transcript	3
chr17	43377273	43377276	ENSG00000188825.16	exon|gene|transcript	3
chr17	43370167	43370170	ENSG00000188825.16	exon|gene|transcript	3
chr17	76856165	76856168	ENSG00000267535.2	exon|gene|transcript	3
chr17	76703631	76703634	ENSG00000182534.14|ENSG00000212418.1	exon|gene|transcript	3
chr17	45409151	45409154	ENSG00000159314.13	exon|gene|transcript	3
chr17	14305502	14305505	ENSG00000125430.9|ENSG00000266709.1	exon|gene|transcript	3
chr17	81917767	81917770	ENSG00000187531.14	exon|gene|transcript	3
chr17	75703702	75703705	ENSG00000161526.15	exon|gene|transcript	3
chr17	7114957	7114960	ENSG00000161944.17	exon|gene|transcript	3
chr17	18430624	18430627	ENSG00000186831.12|ENSG00000290656.1	exon|gene|transcript	3
chr17	68535112	68535115	ENSG00000108946.17|ENSG00000108950.12	exon|gene|transcript	3
chr17	7945443	7945446	ENSG00000170037.14	exon|gene|transcript	3
chr17	64968025	64968028	ENSG00000291140.1	exon|gene|transcript	3
chr17	51167016	51167019	ENSG00000011052.21|ENSG00000243678.12	exon|gene|transcript	3
chr17	29097350	29097353	ENSG00000196535.20	exon|gene|transcript	3
chr17	39244782	39244785	ENSG00000265460.7|ENSG00000293195.1	exon|gene|transcript	3
chr17	1101123	1101126	ENSG00000159842.16|ENSG00000278794.1	exon|gene|transcript	3
chr17	58301227	58301230	ENSG00000005379.17	exon|gene|transcript	3
chr17	16098804	16098807	ENSG00000141027.23|ENSG00000252383.1	exon|gene|transcript	3
chr17	16057005	16057008	ENSG00000141027.23	exon|gene|transcript	3
chr17	20633033	20633036	ENSG00000227685.1|ENSG00000266364.1	exon|gene|transcript	3
chr17	58557269	58557272	ENSG00000121101.16|ENSG00000264672.6	exon|gene|transcript	3
chr17	50679393	50679396	ENSG00000108846.16	exon|gene|transcript	3
chr17	29016346	29016349	ENSG00000179761.12|ENSG00000238007.1	exon|gene|transcript	3
chr17	13933182	13933185	ENSG00000233852.1|ENSG00000236088.12	exon|gene|transcript	3
chr17	30634323	30634326	ENSG00000214719.13|ENSG00000250462.9|ENSG00000290450.1	exon|gene|transcript	3
chr17	43139059	43139062	ENSG00000012048.25|ENSG00000198496.12	exon|gene|transcript	3
chr17	50559327	50559330	ENSG00000250107.1	exon|gene|transcript	3
chr17	39738924	39738927	ENSG00000141738.14	exon|gene|transcript	3
chr17	39738572	39738575	ENSG00000141738.14	exon|gene|transcript	3
chr17	56838746	56838749	ENSG00000121060.19|ENSG00000153933.10|ENSG00000214226.9	exon|gene|transcript	3
chr17	64825811	64825814	ENSG00000214176.12|ENSG00000252242.1|ENSG00000291117.1	exon|gene|transcript	3
chr17	7015875	7015878	ENSG00000161939.19|ENSG00000258315.5|ENSG00000267047.1|ENSG00000267532.5	exon|gene|transcript	3
chr17	39992997	39993000	ENSG00000108344.15	exon|gene|transcript	3
chr17	2040949	2040952	ENSG00000108963.19	exon|gene|transcript	3
chr17	18607967	18607970	ENSG00000154874.18|ENSG00000291090.1	exon|gene|transcript	3
chr17	75567971	75567974	ENSG00000073350.14	exon|gene|transcript	3
chr17	1468496	1468499	ENSG00000197879.17	exon|gene|transcript	3
chr17	42891339	42891342	ENSG00000213373.7|ENSG00000252039.1	exon|gene|transcript	3
chr17	72323158	72323161	ENSG00000227036.10	exon|gene|transcript	3
chr17	19162264	19162267	ENSG00000262292.2	exon|gene|transcript	3
chr17	82230046	82230049	ENSG00000141526.18	exon|gene|transcript	3
chr17	82193849	82193852	ENSG00000176155.21	exon|gene|transcript	3
chr17	82134267	82134270	ENSG00000176155.21	exon|gene|transcript	3
chr17	73516600	73516603	ENSG00000069188.17|ENSG00000264985.4	exon|gene|transcript	3
chr17	7627139	7627142	ENSG00000129214.15|ENSG00000141504.12	exon|gene|transcript	3
chr17	44279448	44279451	ENSG00000285486.1	exon|gene|transcript	3
chr17	27526972	27526975	ENSG00000141068.17|ENSG00000263368.1	exon|gene|transcript	3
chr17	45640384	45640387	ENSG00000263715.7|ENSG00000293460.1	exon|gene|transcript	3
chr17	72323138	72323141	ENSG00000227036.10	exon|gene|transcript	3
chr17	48647018	48647021	ENSG00000244649.5|ENSG00000272763.1	exon|gene|transcript	3
chr17	1711503	1711506	ENSG00000186594.16	exon|gene|transcript	3
chr17	77528121	77528124	ENSG00000267665.3	exon|gene|transcript	3
chr17	40140431	40140434	ENSG00000108349.17	exon|gene|transcript	3
chr17	40256387	40256390	ENSG00000171475.14	exon|gene|transcript	3
chr17	50193780	50193783	ENSG00000108821.14	exon|gene|transcript	3
chr17	79708942	79708945	ENSG00000267719.1	exon|gene|transcript	3
chr17	42812086	42812089	ENSG00000126581.13	exon|gene|transcript	3
chr17	46983286	46983289	ENSG00000262633.2|ENSG00000262879.7|ENSG00000291209.1	exon|gene|transcript	3
chr17	21532610	21532613	ENSG00000212719.15	exon|gene|transcript	3
chr17	16439033	16439036	ENSG00000175061.20	exon|gene|transcript	3
chr17	16382742	16382745	ENSG00000170315.14	exon|gene|transcript	3
chr17	60465053	60465056	ENSG00000062725.10	exon|gene|transcript	3
chr17	73357369	73357372	ENSG00000069188.17	exon|gene|transcript	3
chr17	8511185	8511188	ENSG00000133026.14|ENSG00000252363.1	exon|gene|transcript	3
chr17	5114379	5114382	ENSG00000167840.14|ENSG00000234327.10	exon|gene|transcript	3
chr17	72592436	72592439	ENSG00000227036.10	exon|gene|transcript	3
chr17	20424588	20424591	ENSG00000189423.14|ENSG00000287490.1|ENSG00000291194.1	exon|gene|transcript	3
chr17	40833111	40833114	ENSG00000167920.12	exon|gene|transcript	3
chr17	48812264	48812267	ENSG00000170703.16	exon|gene|transcript	3
chr17	48800275	48800278	ENSG00000170703.16	exon|gene|transcript	3
chr17	79307824	79307827	ENSG00000167281.20	exon|gene|transcript	3
chr17	50180709	50180712	ENSG00000293483.1	exon|gene|transcript	3
chr17	75078803	75078806	ENSG00000232724.1	exon|gene|transcript	3
chr17	64537948	64537951	ENSG00000258890.8	exon|gene|transcript	3
chr17	59526857	59526860	ENSG00000265313.8	exon|gene|transcript	3
chr17	18698166	18698169	ENSG00000291110.1	exon|gene|transcript	3
chr17	32499350	32499353	ENSG00000176658.17|ENSG00000266718.2	exon|gene|transcript	3
chr17	57079283	57079286	ENSG00000263004.3	exon|gene|transcript	3
chr17	7242897	7242900	ENSG00000262526.2|ENSG00000279641.1	exon|gene|transcript	3
chr17	82417318	82417321	ENSG00000181396.13|ENSG00000201239.1	exon|gene|transcript	3
chr17	42675953	42675956	ENSG00000068137.15	exon|gene|transcript	3
chr17	50065673	50065676	ENSG00000005884.18	exon|gene|transcript	3
chr17	46517358	46517361	ENSG00000185829.19|ENSG00000238083.10	exon|gene|transcript	3
chr17	75041739	75041742	ENSG00000167863.12|ENSG00000180901.11|ENSG00000239607.3	exon|gene|transcript	3
chr17	75040901	75040904	ENSG00000167863.12|ENSG00000180901.11	exon|gene|transcript	3
chr17	75039810	75039813	ENSG00000167863.12|ENSG00000180901.11	exon|gene|transcript	3
chr17	82292748	82292751	ENSG00000265692.1	exon|gene|transcript	3
chr17	77572391	77572394	ENSG00000279572.1	exon|gene|transcript	3
chr17	42568076	42568079	ENSG00000108788.12	exon|gene|transcript	3
chr17	28747729	28747732	ENSG00000076604.16	exon|gene|transcript	3
chr17	74975448	74975451	ENSG00000263586.1	exon|gene|transcript	3
chr17	4082504	4082507	ENSG00000074755.15	exon|gene|transcript	3
chr17	82425682	82425685	ENSG00000169660.17|ENSG00000279066.1	exon|gene|transcript	3
chr17	81381937	81381940	ENSG00000262223.10	exon|gene|transcript	3
chr17	36906994	36906997	ENSG00000277268.2	exon|gene|transcript	3
chr17	15261834	15261837	ENSG00000109099.16|ENSG00000265445.1|ENSG00000279660.1	exon|gene|transcript	3
chr17	72516812	72516815	ENSG00000227036.10	exon|gene|transcript	3
chr17	21440469	21440472	ENSG00000212719.15	exon|gene|transcript	3
chr17	44948197	44948200	ENSG00000267334.1	exon|gene|transcript	3
chr17	30864344	30864347	ENSG00000176208.9|ENSG00000263531.1	exon|gene|transcript	3
chr17	48949361	48949364	ENSG00000200903.1	exon|gene|transcript	3
chr17	16439390	16439393	ENSG00000175061.20	exon|gene|transcript	3
chr17	74593678	74593681	ENSG00000182352.8	exon|gene|transcript	3
chr17	22287827	22287830	ENSG00000264956.2	exon|gene|transcript	3
chr17	32127715	32127718	ENSG00000277511.2	exon|gene|transcript	3
chr17	20921138	20921141	ENSG00000233098.10	exon|gene|transcript	3
chr17	8313657	8313660	ENSG00000198844.12	exon|gene|transcript	3
chr17	6900342	6900345	ENSG00000215067.12|ENSG00000291084.1	exon|gene|transcript	3
chr17	32114122	32114125	ENSG00000263369.7	exon|gene|transcript	3
chr17	36089328	36089331	ENSG00000277089.4|ENSG00000277632.2	exon|gene|transcript	3
chr17	81637648	81637651	ENSG00000182446.15|ENSG00000182612.11	exon|gene|transcript	3
chr17	81597316	81597319	ENSG00000182446.15	exon|gene|transcript	3
chr17	16851724	16851727	ENSG00000205312.9|ENSG00000290980.1	exon|gene|transcript	3
chr17	16849784	16849787	ENSG00000205312.9|ENSG00000290980.1	exon|gene|transcript	3
chr17	47894767	47894770	ENSG00000264920.4	exon|gene|transcript	3
chr17	46041911	46041914	ENSG00000120071.15	exon|gene|transcript	3
chr17	17460443	17460446	ENSG00000201741.1	exon|gene|transcript	3
chr17	78004166	78004169	ENSG00000078687.18	exon|gene|transcript	3
chr17	16463163	16463166	ENSG00000175061.20|ENSG00000181350.12	exon|gene|transcript	3
chr17	41626628	41626631	ENSG00000214514.9|ENSG00000290861.1	exon|gene|transcript	3
chr17	82585251	82585254	ENSG00000141568.21	exon|gene|transcript	3
chr17	5097348	5097351	ENSG00000234327.10	exon|gene|transcript	3
chr17	78362882	78362885	ENSG00000266970.3	exon|gene|transcript	3
chr17	78360779	78360782	ENSG00000266970.3	exon|gene|transcript	3
chr17	49406865	49406868	ENSG00000167085.14|ENSG00000262039.1	exon|gene|transcript	3
chr17	28617372	28617375	ENSG00000007202.16|ENSG00000227543.5	exon|gene|transcript	3
chr17	72076730	72076733	ENSG00000226101.2|ENSG00000234899.11|ENSG00000288605.1	exon|gene|transcript	3
chr17	72075823	72075826	ENSG00000226101.2|ENSG00000234899.11|ENSG00000288605.1	exon|gene|transcript	3
chr17	47603863	47603866	ENSG00000141279.18|ENSG00000263766.6	exon|gene|transcript	3
chr17	8480015	8480018	ENSG00000133026.14|ENSG00000166579.16	exon|gene|transcript	3
chr17	67638513	67638516	ENSG00000154217.16|ENSG00000279361.1	exon|gene|transcript	3
chr17	46049615	46049618	ENSG00000120071.15	exon|gene|transcript	3
chr17	19160989	19160992	ENSG00000262292.2	exon|gene|transcript	3
chr17	16527971	16527974	ENSG00000286743.1	exon|gene|transcript	3
chr17	7592354	7592357	ENSG00000129245.13|ENSG00000129255.16	exon|gene|transcript	3
chr17	331799	331802	ENSG00000181031.16|ENSG00000262061.7	exon|gene|transcript	3
chr17	31291002	31291005	ENSG00000126861.5|ENSG00000196712.20	exon|gene|transcript	3
chr17	60102662	60102665	ENSG00000293358.1	exon|gene|transcript	3
chr17	41771419	41771421	ENSG00000173801.17	exon|gene|transcript	2
chr17	78361339	78361341	ENSG00000266970.3	exon|gene|transcript	2
chr17	19096750	19096752	ENSG00000228157.4	exon|gene|transcript	2
chr17	49231195	49231197	ENSG00000177369.11	exon|gene|transcript	2
chr17	46040666	46040668	ENSG00000120071.15	exon|gene|transcript	2
chr17	18722118	18722120	ENSG00000291110.1	exon|gene|transcript	2
chr17	36498867	36498869	ENSG00000273611.5|ENSG00000278259.5	exon|gene|transcript	2
chr17	67273301	67273303	ENSG00000285877.1	exon|gene|transcript	2
chr17	83239923	83239925	ENSG00000293087.1	exon|gene|transcript	2
chr17	7556279	7556281	ENSG00000239697.12|ENSG00000248871.1	exon|gene|transcript	2
chr17	7549312	7549314	ENSG00000239697.12|ENSG00000248871.1	exon|gene|transcript	2
chr17	7537095	7537097	ENSG00000201489.1	exon|gene|transcript	2
chr17	16472093	16472095	ENSG00000175061.20|ENSG00000181350.12	exon|gene|transcript	2
chr17	44913696	44913698	ENSG00000131095.14	exon|gene|transcript	2
chr17	44892059	44892061	ENSG00000108883.13	exon|gene|transcript	2
chr17	20340742	20340744	ENSG00000154898.17|ENSG00000278701.1|ENSG00000293363.2	exon|gene|transcript	2
chr17	44708843	44708845	ENSG00000161692.18	exon|gene|transcript	2
chr17	81385174	81385176	ENSG00000262223.10	exon|gene|transcript	2
chr17	81384822	81384824	ENSG00000262223.10	exon|gene|transcript	2
chr17	36596514	36596516	ENSG00000278535.5	exon|gene|transcript	2
chr17	11242060	11242062	ENSG00000188803.15|ENSG00000285541.1	exon|gene|transcript	2
chr17	7513772	7513774	ENSG00000181222.19	exon|gene|transcript	2
chr17	82649475	82649477	ENSG00000279613.1	exon|gene|transcript	2
chr17	45218560	45218562	ENSG00000267121.7	exon|gene|transcript	2
chr17	36012588	36012590	ENSG00000278690.1	exon|gene|transcript	2
chr17	81637951	81637953	ENSG00000182446.15|ENSG00000182612.11	exon|gene|transcript	2
chr17	16850553	16850555	ENSG00000205312.9|ENSG00000290980.1	exon|gene|transcript	2
chr17	47895794	47895796	ENSG00000264920.4	exon|gene|transcript	2
chr17	47895792	47895794	ENSG00000264920.4	exon|gene|transcript	2
chr17	67245770	67245772	ENSG00000198265.12|ENSG00000266473.1|ENSG00000285877.1	exon|gene|transcript	2
chr17	41635400	41635402	ENSG00000290861.1	exon|gene|transcript	2
chr17	82576615	82576617	ENSG00000141568.21|ENSG00000265136.1	exon|gene|transcript	2
chr17	78617385	78617387	ENSG00000267123.7	exon|gene|transcript	2
chr17	2364183	2364185	ENSG00000141258.13	exon|gene|transcript	2
chr17	71202177	71202179	ENSG00000260785.2	exon|gene|transcript	2
chr17	30831231	30831233	ENSG00000242439.1	exon|gene|transcript	2
chr17	59964974	59964976	ENSG00000267104.2|ENSG00000267302.5|ENSG00000267318.1	exon|gene|transcript	2
chr17	59838985	59838987	ENSG00000062716.13	exon|gene|transcript	2
chr17	19659866	19659868	ENSG00000072210.19	exon|gene|transcript	2
chr17	42440197	42440199	ENSG00000238704.1	exon|gene|transcript	2
chr17	20981486	20981488	ENSG00000233098.10	exon|gene|transcript	2
chr17	20958402	20958404	ENSG00000233098.10|ENSG00000244456.2	exon|gene|transcript	2
chr17	16439060	16439062	ENSG00000175061.20	exon|gene|transcript	2
chr17	16789821	16789823	ENSG00000266302.6|ENSG00000272815.1|ENSG00000288235.1|ENSG00000290976.1	exon|gene|transcript	2
chr17	57264167	57264169	ENSG00000153944.12	exon|gene|transcript	2
chr17	67950886	67950888	ENSG00000171634.19|ENSG00000266717.1	exon|gene|transcript	2
chr17	81689359	81689361	ENSG00000185359.14	exon|gene|transcript	2
chr17	66895570	66895572	ENSG00000251764.1	exon|gene|transcript	2
chr17	66895490	66895492	ENSG00000251764.1	exon|gene|transcript	2
chr17	4783211	4783213	ENSG00000142484.7	exon|gene|transcript	2
chr17	49896025	49896027	ENSG00000248954.1	exon|gene|transcript	2
chr17	28574241	28574243	ENSG00000109107.14|ENSG00000167524.17|ENSG00000265168.1	exon|gene|transcript	2
chr17	75039271	75039273	ENSG00000167863.12|ENSG00000180901.11	exon|gene|transcript	2
chr17	45988884	45988886	ENSG00000186868.18	exon|gene|transcript	2
chr17	18840617	18840619	ENSG00000141127.15|ENSG00000250111.3|ENSG00000274747.1	exon|gene|transcript	2
chr17	4056874	4056876	ENSG00000074755.15|ENSG00000252456.1	exon|gene|transcript	2
chr17	64501228	64501230	ENSG00000108654.16|ENSG00000284368.1	exon|gene|transcript	2
chr17	82445502	82445504	ENSG00000178927.19	exon|gene|transcript	2
chr17	20865507	20865509	ENSG00000291074.1	exon|gene|transcript	2
chr17	16710058	16710060	ENSG00000170160.19|ENSG00000266302.6|ENSG00000276088.1	exon|gene|transcript	2
chr17	72526657	72526659	ENSG00000227036.10	exon|gene|transcript	2
chr17	930149	930151	ENSG00000167693.17	exon|gene|transcript	2
chr17	37540625	37540627	ENSG00000275066.5	exon|gene|transcript	2
chr17	56995504	56995506	ENSG00000121064.13	exon|gene|transcript	2
chr17	16847936	16847938	ENSG00000205312.9|ENSG00000290980.1	exon|gene|transcript	2
chr17	81340514	81340516	ENSG00000287431.1	exon|gene|transcript	2
chr17	81312549	81312551	ENSG00000185332.8	exon|gene|transcript	2
chr17	18235999	18236001	ENSG00000131899.13	exon|gene|transcript	2
chr17	48865245	48865247	ENSG00000136436.15	exon|gene|transcript	2
chr17	61412720	61412722	ENSG00000187013.4	exon|gene|transcript	2
chr17	22528852	22528854	ENSG00000240103.2|ENSG00000241225.2	exon|gene|transcript	2
chr17	75078220	75078222	ENSG00000232724.1	exon|gene|transcript	2
chr17	75042659	75042661	ENSG00000167863.12|ENSG00000180901.11	exon|gene|transcript	2
chr17	45973524	45973526	ENSG00000186868.18	exon|gene|transcript	2
chr17	32445987	32445989	ENSG00000108671.11|ENSG00000279762.3	exon|gene|transcript	2
chr17	61393455	61393457	ENSG00000267131.1|ENSG00000267280.6	exon|gene|transcript	2
chr17	44303783	44303785	ENSG00000267750.6	exon|gene|transcript	2
chr17	76328862	76328864	ENSG00000161542.17	exon|gene|transcript	2
chr17	47941390	47941392	ENSG00000234494.8	exon|gene|transcript	2
chr17	37248674	37248676	ENSG00000278540.5	exon|gene|transcript	2
chr17	75847727	75847729	ENSG00000132471.12	exon|gene|transcript	2
chr17	64537946	64537948	ENSG00000258890.8	exon|gene|transcript	2
chr17	13100313	13100315	ENSG00000273098.3	exon|gene|transcript	2
chr17	72089118	72089120	ENSG00000226101.2|ENSG00000234899.11|ENSG00000288605.1	exon|gene|transcript	2
chr17	78846433	78846435	ENSG00000267355.2|ENSG00000287539.1	exon|gene|transcript	2
chr17	28861061	28861063	ENSG00000264066.7	exon|gene|transcript	2
chr17	82255184	82255186	ENSG00000141526.18|ENSG00000141551.15	exon|gene|transcript	2
chr17	32880474	32880476	ENSG00000236377.2	exon|gene|transcript	2
chr17	32878633	32878635	ENSG00000236377.2	exon|gene|transcript	2
chr17	32727610	32727612	ENSG00000176658.17	exon|gene|transcript	2
chr17	28275252	28275254	ENSG00000260777.2|ENSG00000264029.1	exon|gene|transcript	2
chr17	28274693	28274695	ENSG00000260777.2|ENSG00000264029.1	exon|gene|transcript	2
chr17	18179800	18179802	ENSG00000091536.20|ENSG00000266677.1	exon|gene|transcript	2
chr17	18177008	18177010	ENSG00000091536.20|ENSG00000266677.1	exon|gene|transcript	2
chr17	18158997	18158999	ENSG00000091536.20	exon|gene|transcript	2
chr17	79598364	79598366	ENSG00000167281.20|ENSG00000263278.2	exon|gene|transcript	2
chr17	61016961	61016963	ENSG00000141376.24	exon|gene|transcript	2
chr17	30573470	30573472	ENSG00000231421.8	exon|gene|transcript	2
chr17	58302744	58302746	ENSG00000005379.17	exon|gene|transcript	2
chr17	58278947	58278949	ENSG00000005381.9	exon|gene|transcript	2
chr17	35574792	35574794	ENSG00000267321.4	exon|gene|transcript	2
chr17	30059051	30059053	ENSG00000176927.16|ENSG00000207011.1	exon|gene|transcript	2
chr17	37566848	37566850	ENSG00000275066.5	exon|gene|transcript	2
chr17	68101959	68101961	ENSG00000237854.6|ENSG00000291214.1	exon|gene|transcript	2
chr17	68101469	68101471	ENSG00000265055.2	exon|gene|transcript	2
chr17	68096045	68096047	ENSG00000265055.2	exon|gene|transcript	2
chr17	19369501	19369503	ENSG00000108641.20|ENSG00000286799.1	exon|gene|transcript	2
chr17	16861145	16861147	ENSG00000283033.1	exon|gene|transcript	2
chr17	20502285	20502287	ENSG00000214822.9|ENSG00000291196.1	exon|gene|transcript	2
chr17	38089498	38089500	ENSG00000274615.1|ENSG00000275006.1	exon|gene|transcript	2
chr17	1058045	1058047	ENSG00000159842.16	exon|gene|transcript	2
chr17	38231042	38231044	ENSG00000274284.1|ENSG00000274487.5|ENSG00000291088.1	exon|gene|transcript	2
chr17	44222344	44222346	ENSG00000260793.4	exon|gene|transcript	2
chr17	81076430	81076432	ENSG00000175866.16	exon|gene|transcript	2
chr17	55769596	55769598	ENSG00000141179.14	exon|gene|transcript	2
chr17	68114525	68114527	ENSG00000237854.6|ENSG00000291214.1	exon|gene|transcript	2
chr17	17219832	17219834	ENSG00000154803.13|ENSG00000264187.1	exon|gene|transcript	2
chr17	46523801	46523803	ENSG00000185829.19|ENSG00000238083.10	exon|gene|transcript	2
chr17	4242448	4242450	ENSG00000185722.18	exon|gene|transcript	2
chr17	13776831	13776833	ENSG00000236088.12	exon|gene|transcript	2
chr17	50199474	50199476	ENSG00000108821.14	exon|gene|transcript	2
chr17	50186063	50186065	ENSG00000108821.14	exon|gene|transcript	2
chr17	69594784	69594786	ENSG00000227517.7	exon|gene|transcript	2
chr17	5007464	5007466	ENSG00000129250.12	exon|gene|transcript	2
chr17	42754307	42754309	ENSG00000197291.9	exon|gene|transcript	2
chr17	42754153	42754155	ENSG00000197291.9	exon|gene|transcript	2
chr17	16804453	16804455	ENSG00000272815.1|ENSG00000290976.1	exon|gene|transcript	2
chr17	45407995	45407997	ENSG00000159314.13	exon|gene|transcript	2
chr17	73786799	73786801	ENSG00000177338.14|ENSG00000234721.3	exon|gene|transcript	2
chr17	30579220	30579222	ENSG00000214719.13	exon|gene|transcript	2
chr17	81888987	81888989	ENSG00000183684.8	exon|gene|transcript	2
chr17	65119465	65119467	ENSG00000108370.17	exon|gene|transcript	2
chr17	68247576	68247578	ENSG00000196704.14|ENSG00000265100.2	exon|gene|transcript	2
chr17	65117171	65117173	ENSG00000108370.17	exon|gene|transcript	2
chr17	47557512	47557514	ENSG00000141279.18|ENSG00000206734.1	exon|gene|transcript	2
chr17	63973514	63973516	ENSG00000263489.1	exon|gene|transcript	2
chr17	60134851	60134853	ENSG00000267248.5	exon|gene|transcript	2
chr17	38852595	38852597	ENSG00000125691.14	exon|gene|transcript	2
chr17	21529257	21529259	ENSG00000212719.15	exon|gene|transcript	2
chr17	74211674	74211676	ENSG00000246731.3	exon|gene|transcript	2
chr17	45648689	45648691	ENSG00000263715.7|ENSG00000293460.1	exon|gene|transcript	2
chr17	45646230	45646232	ENSG00000263715.7|ENSG00000293460.1	exon|gene|transcript	2
chr17	75272978	75272980	ENSG00000263843.1	exon|gene|transcript	2
chr17	72323141	72323143	ENSG00000227036.10	exon|gene|transcript	2
chr17	16137767	16137769	ENSG00000141027.23|ENSG00000199674.1	exon|gene|transcript	2
chr17	42873427	42873429	ENSG00000260105.7|ENSG00000291070.1	exon|gene|transcript	2
chr17	60632997	60632999	ENSG00000170836.13	exon|gene|transcript	2
chr17	60632575	60632577	ENSG00000170836.13	exon|gene|transcript	2
chr17	60604740	60604742	ENSG00000170836.13	exon|gene|transcript	2
chr17	63834359	63834361	ENSG00000108604.18	exon|gene|transcript	2
chr17	50386144	50386146	ENSG00000108829.10|ENSG00000206824.1	exon|gene|transcript	2
chr17	69108618	69108620	ENSG00000154262.13	exon|gene|transcript	2
chr17	75496727	75496729	ENSG00000177728.17	exon|gene|transcript	2
chr17	75495541	75495543	ENSG00000177728.17	exon|gene|transcript	2
chr17	80135506	80135508	ENSG00000141543.12	exon|gene|transcript	2
chr17	80097749	80097751	ENSG00000141519.15	exon|gene|transcript	2
chr17	80088102	80088104	ENSG00000141519.15	exon|gene|transcript	2
chr17	40014535	40014537	ENSG00000265799.1	exon|gene|transcript	2
chr17	47051293	47051295	ENSG00000262879.7|ENSG00000263142.6	exon|gene|transcript	2
chr17	38750869	38750871	ENSG00000277182.2	exon|gene|transcript	2
chr17	29578779	29578781	ENSG00000108262.16|ENSG00000264031.1	exon|gene|transcript	2
chr17	4939747	4939749	ENSG00000108528.14	exon|gene|transcript	2
chr17	43389728	43389730	ENSG00000288909.2	exon|gene|transcript	2
chr17	48581770	48581772	ENSG00000120093.12|ENSG00000233101.10|ENSG00000257178.5	exon|gene|transcript	2
chr17	2199916	2199918	ENSG00000070366.14|ENSG00000265777.2	exon|gene|transcript	2
chr17	51445399	51445401	ENSG00000267452.3	exon|gene|transcript	2
chr17	19460702	19460704	ENSG00000235979.9	exon|gene|transcript	2
chr17	10794905	10794907	ENSG00000263400.8|ENSG00000266114.1|ENSG00000284876.1|ENSG00000285220.1	exon|gene|transcript	2
chr17	43013044	43013046	ENSG00000068079.8	exon|gene|transcript	2
chr17	77472616	77472618	ENSG00000184640.20|ENSG00000267016.1	exon|gene|transcript	2
chr17	27302724	27302726	ENSG00000109046.15	exon|gene|transcript	2
chr17	10766676	10766678	ENSG00000263400.8|ENSG00000264016.3|ENSG00000285220.1	exon|gene|transcript	2
chr17	64782718	64782720	ENSG00000291117.1	exon|gene|transcript	2
chr17	82085235	82085237	ENSG00000169710.9	exon|gene|transcript	2
chr17	82056995	82056997	ENSG00000169727.14	exon|gene|transcript	2
chr17	14030967	14030969	ENSG00000236088.12	exon|gene|transcript	2
chr17	75558070	75558072	ENSG00000073350.14	exon|gene|transcript	2
chr17	76968597	76968599	ENSG00000267568.6|ENSG00000280122.1	exon|gene|transcript	2
chr17	81917967	81917969	ENSG00000187531.14	exon|gene|transcript	2
chr17	18439905	18439907	ENSG00000290657.1	exon|gene|transcript	2
chr17	4939259	4939261	ENSG00000108528.14	exon|gene|transcript	2
chr17	76753013	76753015	ENSG00000092931.12|ENSG00000200257.1	exon|gene|transcript	2
chr17	43445611	43445613	ENSG00000252279.1|ENSG00000267151.5	exon|gene|transcript	2
chr17	75619799	75619801	ENSG00000266714.11	exon|gene|transcript	2
chr17	7945403	7945405	ENSG00000170037.14	exon|gene|transcript	2
chr17	16941254	16941256	ENSG00000240505.9	exon|gene|transcript	2
chr17	64968033	64968035	ENSG00000291140.1	exon|gene|transcript	2
chr17	51085469	51085471	ENSG00000008294.22|ENSG00000249870.1	exon|gene|transcript	2
chr17	51047469	51047471	ENSG00000008294.22|ENSG00000249870.1	exon|gene|transcript	2
chr17	39201562	39201564	ENSG00000108298.12	exon|gene|transcript	2
chr17	50935723	50935725	ENSG00000247011.3	exon|gene|transcript	2
chr17	43195839	43195841	ENSG00000188554.15	exon|gene|transcript	2
chr17	27991392	27991394	ENSG00000260019.2	exon|gene|transcript	2
chr17	47017713	47017715	ENSG00000262633.2|ENSG00000262879.7|ENSG00000263142.6|ENSG00000291209.1	exon|gene|transcript	2
chr17	47017660	47017662	ENSG00000262633.2|ENSG00000262879.7|ENSG00000263142.6|ENSG00000291209.1	exon|gene|transcript	2
chr17	50484125	50484127	ENSG00000136444.10	exon|gene|transcript	2
chr17	77257734	77257736	ENSG00000263718.3	exon|gene|transcript	2
chr17	43133071	43133073	ENSG00000012048.25|ENSG00000198496.12	exon|gene|transcript	2
chr17	77152672	77152674	ENSG00000129657.16|ENSG00000222808.1	exon|gene|transcript	2
chr17	21127266	21127268	ENSG00000109016.18	exon|gene|transcript	2
chr17	58695782	58695784	ENSG00000108384.16	exon|gene|transcript	2
chr17	18605354	18605356	ENSG00000154874.18|ENSG00000276532.1|ENSG00000291090.1	exon|gene|transcript	2
chr17	34574870	34574872	ENSG00000197322.4	exon|gene|transcript	2
chr17	18425095	18425097	ENSG00000290655.1	exon|gene|transcript	2
chr17	50908807	50908809	ENSG00000229980.5	exon|gene|transcript	2
chr17	50867127	50867129	ENSG00000141232.5|ENSG00000229980.5	exon|gene|transcript	2
chr17	60662332	60662334	ENSG00000170836.13|ENSG00000200013.1	exon|gene|transcript	2
chr17	73800963	73800965	ENSG00000177338.14|ENSG00000234721.3	exon|gene|transcript	2
chr17	7577565	7577567	ENSG00000161960.16|ENSG00000264772.6|ENSG00000277957.1	exon|gene|transcript	2
chr17	18722120	18722122	ENSG00000291110.1	exon|gene|transcript	2
chr17	32106329	32106331	ENSG00000263369.7	exon|gene|transcript	2
chr17	6900340	6900342	ENSG00000215067.12|ENSG00000291084.1	exon|gene|transcript	2
chr17	36110149	36110151	ENSG00000276014.1	exon|gene|transcript	2
chr17	36285411	36285413	ENSG00000261499.2|ENSG00000265889.1	exon|gene|transcript	2
chr17	42232137	42232139	ENSG00000173757.11	exon|gene|transcript	2
chr17	78171507	78171509	ENSG00000108639.8	exon|gene|transcript	2
chr17	78134867	78134869	ENSG00000167895.16	exon|gene|transcript	2
chr17	49231909	49231911	ENSG00000177369.11	exon|gene|transcript	2
chr17	28662072	28662074	ENSG00000132581.10	exon|gene|transcript	2
chr17	28617375	28617377	ENSG00000007202.16|ENSG00000227543.5	exon|gene|transcript	2
chr17	78248763	78248765	ENSG00000267676.1|ENSG00000283914.1	exon|gene|transcript	2
chr17	62684008	62684010	ENSG00000011028.14|ENSG00000199697.1	exon|gene|transcript	2
chr17	7577567	7577568	ENSG00000161960.16|ENSG00000264772.6|ENSG00000277957.1	exon|gene|transcript	1
chr17	19112418	19112419	ENSG00000262202.4|ENSG00000277947.1	exon|gene|transcript	1
chr17	62683904	62683905	ENSG00000011028.14|ENSG00000199697.1	exon|gene|transcript	1
chr17	20929754	20929755	ENSG00000233098.10	exon|gene|transcript	1
chr17	71597278	71597279	ENSG00000225818.1	exon|gene|transcript	1
chr17	78250748	78250749	ENSG00000267676.1|ENSG00000279886.1|ENSG00000283914.1	exon|gene|transcript	1
chr17	41810679	41810680	ENSG00000141696.13	exon|gene|transcript	1
chr17	49036449	49036450	ENSG00000159217.10|ENSG00000252636.1	exon|gene|transcript	1
chr17	36176228	36176229	ENSG00000274808.6|ENSG00000276241.1	exon|gene|transcript	1
chr17	4675378	4675379	ENSG00000141456.16|ENSG00000235085.3	exon|gene|transcript	1
chr17	78098341	78098342	ENSG00000078687.18	exon|gene|transcript	1
chr17	78118127	78118128	ENSG00000141524.19	exon|gene|transcript	1
chr17	32052183	32052184	ENSG00000185158.13|ENSG00000278867.1	exon|gene|transcript	1
chr17	32088159	32088160	ENSG00000290974.1|ENSG00000293288.1	exon|gene|transcript	1
chr17	32094932	32094933	ENSG00000290974.1|ENSG00000293288.1	exon|gene|transcript	1
chr17	32096842	32096843	ENSG00000293288.1	exon|gene|transcript	1
chr17	18722245	18722246	ENSG00000108448.24|ENSG00000291110.1	exon|gene|transcript	1
chr17	60017498	60017499	ENSG00000267104.2	exon|gene|transcript	1
chr17	73800962	73800963	ENSG00000177338.14|ENSG00000234721.3	exon|gene|transcript	1
chr17	73800965	73800966	ENSG00000177338.14|ENSG00000234721.3	exon|gene|transcript	1
chr17	50791854	50791855	ENSG00000285829.1	exon|gene|transcript	1
chr17	60748939	60748940	ENSG00000141376.24|ENSG00000252534.1	exon|gene|transcript	1
chr17	72342556	72342557	ENSG00000227036.10	exon|gene|transcript	1
chr17	50538590	50538591	ENSG00000049283.19|ENSG00000250286.2	exon|gene|transcript	1
chr17	50761028	50761029	ENSG00000167117.10	exon|gene|transcript	1
chr17	34574664	34574665	ENSG00000197322.4	exon|gene|transcript	1
chr17	18554265	18554266	ENSG00000154874.18|ENSG00000291090.1	exon|gene|transcript	1
chr17	64892727	64892728	ENSG00000176809.11|ENSG00000272220.1	exon|gene|transcript	1
chr17	64931286	64931287	ENSG00000290457.1	exon|gene|transcript	1
chr17	39730342	39730343	ENSG00000141736.14|ENSG00000141741.12	exon|gene|transcript	1
chr17	43167245	43167246	ENSG00000012048.25|ENSG00000267002.4	exon|gene|transcript	1
chr17	77264261	77264262	ENSG00000263718.3|ENSG00000265121.1	exon|gene|transcript	1
chr17	30636159	30636160	ENSG00000214719.13|ENSG00000250462.9|ENSG00000290450.1	exon|gene|transcript	1
chr17	47017715	47017716	ENSG00000262633.2|ENSG00000262879.7|ENSG00000263142.6|ENSG00000291209.1	exon|gene|transcript	1
chr17	47017716	47017717	ENSG00000262633.2|ENSG00000262879.7|ENSG00000263142.6|ENSG00000291209.1	exon|gene|transcript	1
chr17	10878192	10878193	ENSG00000263508.6|ENSG00000285220.1	exon|gene|transcript	1
chr17	39619736	39619737	ENSG00000214546.4	exon|gene|transcript	1
chr17	39250673	39250674	ENSG00000293195.1	exon|gene|transcript	1
chr17	15850569	15850570	ENSG00000227790.8|ENSG00000290377.1	exon|gene|transcript	1
chr17	64950980	64950981	ENSG00000265912.1|ENSG00000280299.1	exon|gene|transcript	1
chr17	17012623	17012624	ENSG00000260328.1	exon|gene|transcript	1
chr17	45545803	45545804	ENSG00000214425.11|ENSG00000267198.1|ENSG00000291175.1	exon|gene|transcript	1
chr17	76703726	76703727	ENSG00000182534.14|ENSG00000212418.1	exon|gene|transcript	1
chr17	76856168	76856169	ENSG00000267535.2	exon|gene|transcript	1
chr17	76913827	76913828	ENSG00000167889.13	exon|gene|transcript	1
chr17	76958135	76958136	ENSG00000267521.1|ENSG00000267568.6	exon|gene|transcript	1
chr17	39057862	39057863	ENSG00000263818.6|ENSG00000293194.1	exon|gene|transcript	1
chr17	18439904	18439905	ENSG00000290657.1	exon|gene|transcript	1
chr17	35104968	35104969	ENSG00000185379.21|ENSG00000267618.5	exon|gene|transcript	1
chr17	34943770	34943771	ENSG00000132141.14	exon|gene|transcript	1
chr17	764174	764175	ENSG00000167699.14|ENSG00000262228.3	exon|gene|transcript	1
chr17	6373964	6373965	ENSG00000285593.1	exon|gene|transcript	1
chr17	6481613	6481614	ENSG00000091622.16	exon|gene|transcript	1
chr17	14029098	14029099	ENSG00000236088.12	exon|gene|transcript	1
chr17	9554258	9554259	ENSG00000170310.15|ENSG00000271851.1	exon|gene|transcript	1
chr17	75432086	75432087	ENSG00000202332.1	exon|gene|transcript	1
chr17	64968035	64968036	ENSG00000291140.1	exon|gene|transcript	1
chr17	76563582	76563583	ENSG00000163597.17	exon|gene|transcript	1
chr17	43445506	43445507	ENSG00000252279.1|ENSG00000267151.5	exon|gene|transcript	1
chr17	39032437	39032438	ENSG00000214553.12|ENSG00000290925.1	exon|gene|transcript	1
chr17	38899079	38899080	ENSG00000002834.19	exon|gene|transcript	1
chr17	19063347	19063348	ENSG00000262074.7	exon|gene|transcript	1
chr17	34994274	34994275	ENSG00000005156.12	exon|gene|transcript	1
chr17	47259419	47259420	ENSG00000238419.1|ENSG00000259207.10|ENSG00000259753.1	exon|gene|transcript	1
chr17	80086216	80086217	ENSG00000141519.15	exon|gene|transcript	1
chr17	82153619	82153620	ENSG00000176155.21|ENSG00000265678.1	exon|gene|transcript	1
chr17	33052800	33052801	ENSG00000108684.15|ENSG00000264598.1	exon|gene|transcript	1
chr17	62383103	62383104	ENSG00000172421.10|ENSG00000251981.1	exon|gene|transcript	1
chr17	62966911	62966912	ENSG00000170921.16|ENSG00000283538.3	exon|gene|transcript	1
chr17	72323157	72323158	ENSG00000227036.10	exon|gene|transcript	1
chr17	4966277	4966278	ENSG00000091640.8	exon|gene|transcript	1
chr17	40141234	40141235	ENSG00000108349.17	exon|gene|transcript	1
chr17	42815669	42815670	ENSG00000126581.13	exon|gene|transcript	1
chr17	1711502	1711503	ENSG00000186594.16	exon|gene|transcript	1
chr17	2962247	2962248	ENSG00000132359.17|ENSG00000262884.1	exon|gene|transcript	1
chr17	59363170	59363171	ENSG00000175155.11|ENSG00000278863.1	exon|gene|transcript	1
chr17	53971458	53971459	ENSG00000285939.2	exon|gene|transcript	1
chr17	27988870	27988871	ENSG00000260019.2	exon|gene|transcript	1
chr17	43832250	43832251	ENSG00000161647.19	exon|gene|transcript	1
chr17	43922774	43922775	ENSG00000267166.5|ENSG00000282199.1	exon|gene|transcript	1
chr17	72355060	72355061	ENSG00000227036.10|ENSG00000264026.2	exon|gene|transcript	1
chr17	38755362	38755363	ENSG00000274607.1|ENSG00000277791.5	exon|gene|transcript	1
chr17	72403326	72403327	ENSG00000227036.10	exon|gene|transcript	1
chr17	76560004	76560005	ENSG00000163597.17	exon|gene|transcript	1
chr17	21127472	21127473	ENSG00000109016.18	exon|gene|transcript	1
chr17	21128278	21128279	ENSG00000109016.18	exon|gene|transcript	1
chr17	15782340	15782341	ENSG00000251829.1	exon|gene|transcript	1
chr17	19811099	19811100	ENSG00000083290.20	exon|gene|transcript	1
chr17	35231449	35231450	ENSG00000266947.3	exon|gene|transcript	1
chr17	29644796	29644797	ENSG00000141298.19|ENSG00000264031.1|ENSG00000265625.1	exon|gene|transcript	1
chr17	81005069	81005070	ENSG00000176108.9|ENSG00000280351.2	exon|gene|transcript	1
chr17	55326744	55326745	ENSG00000262079.1	exon|gene|transcript	1
chr17	81856639	81856640	ENSG00000185624.16	exon|gene|transcript	1
chr17	35313651	35313652	ENSG00000267364.4	exon|gene|transcript	1
chr17	19770828	19770829	ENSG00000083290.20	exon|gene|transcript	1
chr17	73786801	73786802	ENSG00000177338.14|ENSG00000234721.3	exon|gene|transcript	1
chr17	68190105	68190106	ENSG00000267731.1	exon|gene|transcript	1
chr17	21532613	21532614	ENSG00000212719.15	exon|gene|transcript	1
chr17	59422087	59422088	ENSG00000265313.8	exon|gene|transcript	1
chr17	32906586	32906587	ENSG00000236377.2	exon|gene|transcript	1
chr17	17182778	17182779	ENSG00000133030.22|ENSG00000263624.1|ENSG00000278864.1	exon|gene|transcript	1
chr17	45653172	45653173	ENSG00000263715.7|ENSG00000293460.1	exon|gene|transcript	1
chr17	72403327	72403328	ENSG00000227036.10	exon|gene|transcript	1
chr17	68147450	68147451	ENSG00000267023.6|ENSG00000290646.1|ENSG00000291214.1	exon|gene|transcript	1
chr17	72403328	72403329	ENSG00000227036.10	exon|gene|transcript	1
chr17	72403329	72403330	ENSG00000227036.10	exon|gene|transcript	1
chr17	44200056	44200057	ENSG00000087152.16|ENSG00000267394.2	exon|gene|transcript	1
chr17	81856168	81856169	ENSG00000185624.16	exon|gene|transcript	1
chr17	16863514	16863515	ENSG00000283033.1	exon|gene|transcript	1
chr17	37855228	37855229	ENSG00000290810.1	exon|gene|transcript	1
chr17	15677174	15677175	ENSG00000221926.13	exon|gene|transcript	1
chr17	30059053	30059054	ENSG00000176927.16|ENSG00000207011.1|ENSG00000267482.1	exon|gene|transcript	1
chr17	15311344	15311345	ENSG00000125409.13|ENSG00000200437.1|ENSG00000286792.1	exon|gene|transcript	1
chr17	18528767	18528768	ENSG00000273018.7	exon|gene|transcript	1
chr17	18538874	18538875	ENSG00000273018.7|ENSG00000291090.1	exon|gene|transcript	1
chr17	79603760	79603761	ENSG00000167281.20|ENSG00000263278.2	exon|gene|transcript	1
chr17	16439036	16439037	ENSG00000175061.20	exon|gene|transcript	1
chr17	45842561	45842562	ENSG00000264589.5	exon|gene|transcript	1
chr17	69626567	69626568	ENSG00000227517.7	exon|gene|transcript	1
chr17	79099425	79099426	ENSG00000167281.20	exon|gene|transcript	1
chr17	79298203	79298204	ENSG00000167281.20	exon|gene|transcript	1
chr17	42754598	42754599	ENSG00000197291.9	exon|gene|transcript	1
chr17	3311216	3311217	ENSG00000221882.5|ENSG00000290820.1	exon|gene|transcript	1
chr17	21075732	21075733	ENSG00000236819.2	exon|gene|transcript	1
chr17	72141780	72141781	ENSG00000234899.11|ENSG00000288605.1	exon|gene|transcript	1
chr17	41091207	41091208	ENSG00000287602.1	exon|gene|transcript	1
chr17	72323133	72323134	ENSG00000227036.10	exon|gene|transcript	1
chr17	19411689	19411690	ENSG00000128482.16	exon|gene|transcript	1
chr17	77530685	77530686	ENSG00000267665.3	exon|gene|transcript	1
chr17	59526856	59526857	ENSG00000265313.8	exon|gene|transcript	1
chr17	59599373	59599374	ENSG00000108406.10	exon|gene|transcript	1
chr17	47941389	47941390	ENSG00000234494.8	exon|gene|transcript	1
chr17	76319466	76319467	ENSG00000161542.17|ENSG00000251779.1	exon|gene|transcript	1
chr17	48112423	48112424	ENSG00000002919.15	exon|gene|transcript	1
chr17	66085363	66085364	ENSG00000154240.18	exon|gene|transcript	1
chr17	63193929	63193930	ENSG00000170921.16|ENSG00000233635.2	exon|gene|transcript	1
chr17	8229543	8229544	ENSG00000178971.17	exon|gene|transcript	1
chr17	6658480	6658481	ENSG00000256806.6|ENSG00000274114.3|ENSG00000290366.1	exon|gene|transcript	1
chr17	61383554	61383555	ENSG00000141376.24|ENSG00000266934.1|ENSG00000267131.1	exon|gene|transcript	1
chr17	61393454	61393455	ENSG00000267131.1|ENSG00000267280.6	exon|gene|transcript	1
chr17	63414311	63414312	ENSG00000170921.16|ENSG00000226797.2|ENSG00000263644.1	exon|gene|transcript	1
chr17	32463481	32463482	ENSG00000108671.11|ENSG00000202100.1	exon|gene|transcript	1
chr17	32497809	32497810	ENSG00000176658.17|ENSG00000266718.2	exon|gene|transcript	1
chr17	22524736	22524737	ENSG00000243655.2	exon|gene|transcript	1
chr17	82294514	82294515	ENSG00000260563.3	exon|gene|transcript	1
chr17	82417225	82417226	ENSG00000181396.13|ENSG00000201239.1	exon|gene|transcript	1
chr17	1604671	1604672	ENSG00000167703.15|ENSG00000243704.3	exon|gene|transcript	1
chr17	42709181	42709182	ENSG00000108799.13	exon|gene|transcript	1
chr17	28556972	28556973	ENSG00000087111.22|ENSG00000167524.17	exon|gene|transcript	1
chr17	81339383	81339384	ENSG00000287431.1	exon|gene|transcript	1
chr17	16848096	16848097	ENSG00000205312.9|ENSG00000290980.1	exon|gene|transcript	1
chr17	21439909	21439910	ENSG00000212719.15	exon|gene|transcript	1
chr17	805247	805248	ENSG00000167693.17	exon|gene|transcript	1
chr17	76138507	76138508	ENSG00000129654.8|ENSG00000267128.2	exon|gene|transcript	1
chr17	76319375	76319376	ENSG00000161542.17|ENSG00000251779.1	exon|gene|transcript	1
chr17	20126387	20126388	ENSG00000128487.19|ENSG00000212186.1	exon|gene|transcript	1
chr17	20323109	20323110	ENSG00000154898.17|ENSG00000266839.3|ENSG00000276577.1|ENSG00000293363.2	exon|gene|transcript	1
chr17	66364319	66364320	ENSG00000154229.12|ENSG00000244044.3	exon|gene|transcript	1
chr17	28557538	28557539	ENSG00000087111.22|ENSG00000167524.17	exon|gene|transcript	1
chr17	20894531	20894532	ENSG00000205212.8|ENSG00000233098.10|ENSG00000252483.1|ENSG00000291074.1	exon|gene|transcript	1
chr17	82445250	82445251	ENSG00000178927.19	exon|gene|transcript	1
chr17	17228602	17228603	ENSG00000154803.13|ENSG00000264187.1	exon|gene|transcript	1
chr17	28716532	28716533	ENSG00000109113.20	exon|gene|transcript	1
chr17	16439691	16439692	ENSG00000175061.20	exon|gene|transcript	1
chr17	36932683	36932684	ENSG00000277268.2	exon|gene|transcript	1
chr17	81382255	81382256	ENSG00000262223.10	exon|gene|transcript	1
chr17	30288070	30288071	ENSG00000108578.15|ENSG00000222679.1	exon|gene|transcript	1
chr17	30290989	30290990	ENSG00000108578.15	exon|gene|transcript	1
chr17	66452482	66452483	ENSG00000154229.12|ENSG00000289587.2	exon|gene|transcript	1
chr17	11997707	11997708	ENSG00000289910.1	exon|gene|transcript	1
chr17	62274115	62274116	ENSG00000290800.1	exon|gene|transcript	1
chr17	5114382	5114383	ENSG00000167840.14|ENSG00000234327.10	exon|gene|transcript	1
chr17	67956680	67956681	ENSG00000171634.19|ENSG00000279573.1	exon|gene|transcript	1
chr17	81312258	81312259	ENSG00000185332.8	exon|gene|transcript	1
chr17	16786926	16786927	ENSG00000266302.6|ENSG00000290976.1	exon|gene|transcript	1
chr17	77679985	77679986	ENSG00000285535.2	exon|gene|transcript	1
chr17	49966074	49966075	ENSG00000199492.1	exon|gene|transcript	1
chr17	71097773	71097774	ENSG00000260785.2	exon|gene|transcript	1
chr17	1711501	1711502	ENSG00000186594.16	exon|gene|transcript	1
chr17	28563816	28563817	ENSG00000087111.22|ENSG00000167524.17	exon|gene|transcript	1
chr17	32432610	32432611	ENSG00000264083.1|ENSG00000279762.3	exon|gene|transcript	1
chr17	559897	559898	ENSG00000141252.21	exon|gene|transcript	1
chr17	82476741	82476742	ENSG00000141562.19|ENSG00000266445.1	exon|gene|transcript	1
chr17	78605347	78605348	ENSG00000267123.7	exon|gene|transcript	1
chr17	78617380	78617381	ENSG00000267123.7	exon|gene|transcript	1
chr17	71202179	71202180	ENSG00000260785.2	exon|gene|transcript	1
chr17	71202180	71202181	ENSG00000260785.2	exon|gene|transcript	1
chr17	2336140	2336141	ENSG00000167721.11	exon|gene|transcript	1
chr17	71298155	71298156	ENSG00000238759.1	exon|gene|transcript	1
chr17	32179164	32179165	ENSG00000126858.19|ENSG00000280020.1	exon|gene|transcript	1
chr17	74592161	74592162	ENSG00000182352.8|ENSG00000204345.1	exon|gene|transcript	1
chr17	4009275	4009276	ENSG00000074755.15	exon|gene|transcript	1
chr17	30479939	30479940	ENSG00000108587.16	exon|gene|transcript	1
chr17	47892330	47892331	ENSG00000264920.4	exon|gene|transcript	1
chr17	47815782	47815783	ENSG00000006025.13	exon|gene|transcript	1
chr17	35965471	35965472	ENSG00000291030.1	exon|gene|transcript	1
chr17	45138507	45138508	ENSG00000181513.15	exon|gene|transcript	1
chr17	45071542	45071543	ENSG00000136448.13|ENSG00000200888.1	exon|gene|transcript	1
chr17	47891224	47891225	ENSG00000264920.4	exon|gene|transcript	1
chr17	21439910	21439911	ENSG00000212719.15	exon|gene|transcript	1
chr17	15303810	15303811	ENSG00000125409.13|ENSG00000286792.1	exon|gene|transcript	1
chr17	72038908	72038909	ENSG00000228639.8|ENSG00000256124.6|ENSG00000288605.1	exon|gene|transcript	1
chr17	36582238	36582239	ENSG00000278311.5	exon|gene|transcript	1
chr17	81385173	81385174	ENSG00000262223.10	exon|gene|transcript	1
chr17	1716210	1716211	ENSG00000186594.16	exon|gene|transcript	1
chr17	72598039	72598040	ENSG00000227036.10	exon|gene|transcript	1
chr17	36183307	36183308	ENSG00000274767.1	exon|gene|transcript	1
chr17	28695350	28695351	ENSG00000109111.15	exon|gene|transcript	1
chr17	78066946	78066947	ENSG00000078687.18|ENSG00000238658.1	exon|gene|transcript	1
chr17	16691906	16691907	ENSG00000170160.19|ENSG00000252446.1|ENSG00000266302.6	exon|gene|transcript	1
chr17	49258664	49258665	ENSG00000177369.11	exon|gene|transcript	1
chr17	32003325	32003326	ENSG00000264300.2|ENSG00000293286.1	exon|gene|transcript	1
chr17	82978719	82978720	ENSG00000175711.9|ENSG00000262339.5	exon|gene|transcript	1
chr17	3721762	3721763	ENSG00000083457.12|ENSG00000262692.1	exon|gene|transcript	1
chr17	47891260	47891261	ENSG00000264920.4	exon|gene|transcript	1
chr17	36196456	36196457	ENSG00000274767.1|ENSG00000276085.1	exon|gene|transcript	1
chr17	8142647	8142648	ENSG00000179094.16	exon|gene|transcript	1
chr17	18722117	18722118	ENSG00000291110.1	exon|gene|transcript	1
chr17	90898	90899	ENSG00000277613.1|ENSG00000280136.2	exon|gene|transcript	1
chr17	5504626	5504627	ENSG00000091592.17	exon|gene|transcript	1
