chr	start	end	feature1	feature2	length
chr14	62699463	62702456	ENSG00000140015.20	UTR|exon|gene|transcript	2993
chr14	67332956	67335798	ENSG00000072415.10|ENSG00000100554.12	UTR|exon|gene|transcript	2842
chr14	60285768	60288555	ENSG00000100614.18	UTR|exon|gene|transcript	2787
chr14	62703602	62706372	ENSG00000140015.20	UTR|exon|gene|transcript	2770
chr14	54790708	54793311	ENSG00000020577.14	UTR|exon|gene|transcript	2603
chr14	55067702	55070194	ENSG00000168175.16	UTR|exon|gene|transcript	2492
chr14	102728107	102730561	ENSG00000089902.10	UTR|exon|gene|transcript	2454
chr14	57410330	57412746	ENSG00000139977.14	UTR|exon|gene|transcript	2416
chr14	93237549	93239942	ENSG00000011114.15	UTR|exon|gene|transcript	2393
chr14	85651908	85654274	ENSG00000185070.12	UTR|exon|gene|transcript	2366
chr14	71111554	71113852	ENSG00000100731.16	UTR|exon|gene|transcript	2298
chr14	90866767	90869046	ENSG00000100784.12	UTR|exon|gene|transcript	2279
chr14	53039124	53041380	ENSG00000100523.17	UTR|exon|gene|transcript	2256
chr14	76786724	76788956	ENSG00000013523.11	UTR|exon|gene|transcript	2232
chr14	55064670	55066900	ENSG00000168175.16	UTR|exon|gene|transcript	2230
chr14	62104932	62107151	ENSG00000139973.18|ENSG00000258903.2|ENSG00000289503.1	UTR|exon|gene|transcript	2219
chr14	95086503	95088664	ENSG00000100697.17	UTR|exon|gene|transcript	2161
chr14	55044431	55046587	ENSG00000180008.9	UTR|exon|gene|transcript	2156
chr14	70030258	70032366	ENSG00000198732.11	UTR|exon|gene|transcript	2108
chr14	99171437	99173541	ENSG00000127152.18	UTR|exon|gene|transcript	2104
chr14	64051556	64053657	ENSG00000054654.20	UTR|exon|gene|transcript	2101
chr14	57294544	57296566	ENSG00000053770.12	UTR|exon|gene|transcript	2022
chr14	32155083	32157079	ENSG00000100852.14|ENSG00000285608.1	UTR|exon|gene|transcript	1996
chr14	88465777	88467769	ENSG00000042317.17|ENSG00000070778.13	UTR|exon|gene|transcript	1992
chr14	93227225	93229215	ENSG00000012963.15	UTR|exon|gene|transcript	1990
chr14	60295835	60297759	ENSG00000100614.18	UTR|exon|gene|transcript	1924
chr14	85624087	85625878	ENSG00000185070.12	UTR|exon|gene|transcript	1791
chr14	89159088	89160857	ENSG00000053254.16	UTR|exon|gene|transcript	1769
chr14	96283657	96285423	ENSG00000066739.12	UTR|exon|gene|transcript	1766
chr14	64471451	64473207	ENSG00000089775.12|ENSG00000179841.8	UTR|exon|gene|transcript	1756
chr14	102212582	102214328	ENSG00000140153.18	UTR|exon|gene|transcript	1746
chr14	70369673	70371419	ENSG00000133983.16|ENSG00000213463.5|ENSG00000258644.6	UTR|exon|gene|transcript	1746
chr14	62110358	62112098	ENSG00000139973.18|ENSG00000258903.2|ENSG00000289503.1	UTR|exon|gene|transcript	1740
chr14	93718701	93720434	ENSG00000175785.13	UTR|exon|gene|transcript	1733
chr14	26443092	26444824	ENSG00000139910.20	UTR|exon|gene|transcript	1732
chr14	32158008	32159728	ENSG00000100852.14	UTR|exon|gene|transcript	1720
chr14	73700369	73702072	ENSG00000119661.15	UTR|exon|gene|transcript	1703
chr14	52771106	52772798	ENSG00000198252.12	UTR|exon|gene|transcript	1692
chr14	96565428	96567116	ENSG00000090060.19	UTR|exon|gene|transcript	1688
chr14	104113116	104114804	ENSG00000166183.16	UTR|exon|gene|transcript	1688
chr14	44924358	44926044	ENSG00000179454.14	UTR|exon|gene|transcript	1686
chr14	50996063	50997743	ENSG00000100505.14	UTR|exon|gene|transcript	1680
chr14	45175310	45176976	ENSG00000187790.12	UTR|exon|gene|transcript	1666
chr14	54476209	54477857	ENSG00000197045.14	UTR|exon|gene|transcript	1648
chr14	37547663	37549297	ENSG00000151338.21	UTR|exon|gene|transcript	1634
chr14	52635115	52636725	ENSG00000180998.12	UTR|exon|gene|transcript	1610
chr14	102909537	102911129	ENSG00000131323.17	UTR|exon|gene|transcript	1592
chr14	80199887	80201473	ENSG00000211448.14	UTR|exon|gene|transcript	1586
chr14	44905569	44907142	ENSG00000179476.8|ENSG00000258949.1	UTR|exon|gene|transcript	1573
chr14	88183323	88184892	ENSG00000100433.16	UTR|exon|gene|transcript	1569
chr14	70672909	70674457	ENSG00000133985.3	UTR|exon|gene|transcript	1548
chr14	63684215	63685763	ENSG00000126821.8	UTR|exon|gene|transcript	1548
chr14	49573492	49575039	ENSG00000213741.11	UTR|exon|gene|transcript	1547
chr14	54789128	54790672	ENSG00000020577.14	UTR|exon|gene|transcript	1544
chr14	50721886	50723417	ENSG00000100503.27	UTR|exon|gene|transcript	1531
chr14	58372226	58373730	ENSG00000032219.19|ENSG00000258658.1	UTR|exon|gene|transcript	1504
chr14	75117326	75118829	ENSG00000119638.14|ENSG00000119703.15	UTR|exon|gene|transcript	1503
chr14	103535570	103537073	ENSG00000166166.13	UTR|exon|gene|transcript	1503
chr14	76207339	76208834	ENSG00000089916.18	UTR|exon|gene|transcript	1495
chr14	64543237	64544719	ENSG00000126803.10	UTR|exon|gene|transcript	1482
chr14	90869326	90870802	ENSG00000100784.12	UTR|exon|gene|transcript	1476
chr14	60709538	60711011	ENSG00000100625.9	UTR|exon|gene|transcript	1473
chr14	77256794	77258266	ENSG00000165548.11	UTR|exon|gene|transcript	1472
chr14	57203500	57204956	ENSG00000070367.17	UTR|exon|gene|transcript	1456
chr14	30618232	30619673	ENSG00000092140.16	UTR|exon|gene|transcript	1441
chr14	62107446	62108874	ENSG00000139973.18|ENSG00000258903.2|ENSG00000289503.1	UTR|exon|gene|transcript	1428
chr14	61277553	61278975	ENSG00000027075.17|ENSG00000182107.7	UTR|exon|gene|transcript	1422
chr14	56298260	56299670	ENSG00000139946.11	UTR|exon|gene|transcript	1410
chr14	58001833	58003231	ENSG00000139971.15	UTR|exon|gene|transcript	1398
chr14	105764502	105765877	ENSG00000211897.9	UTR|exon|gene|transcript	1375
chr14	19781357	19782725	ENSG00000176294.6|ENSG00000176299.5	UTR|exon|gene|transcript	1368
chr14	60711799	60713166	ENSG00000100625.9	UTR|exon|gene|transcript	1367
chr14	57206793	57208159	ENSG00000070367.17	UTR|exon|gene|transcript	1366
chr14	96242581	96243941	ENSG00000168398.7|ENSG00000258691.1	UTR|exon|gene|transcript	1360
chr14	77340413	77341770	ENSG00000100580.8	UTR|exon|gene|transcript	1357
chr14	102906152	102907500	ENSG00000131323.17	UTR|exon|gene|transcript	1348
chr14	70044489	70045835	ENSG00000100678.20	UTR|exon|gene|transcript	1346
chr14	77506002	77507332	ENSG00000100596.8	UTR|exon|gene|transcript	1330
chr14	64747611	64748936	ENSG00000070182.21|ENSG00000126822.18	UTR|exon|gene|transcript	1325
chr14	72609513	72610835	ENSG00000205683.12	UTR|exon|gene|transcript	1322
chr14	30735850	30737165	ENSG00000092108.22|ENSG00000258558.1	UTR|exon|gene|transcript	1315
chr14	49751852	49753150	ENSG00000197776.8	UTR|exon|gene|transcript	1298
chr14	37276346	37277642	ENSG00000151338.21	UTR|exon|gene|transcript	1296
chr14	36679362	36680657	ENSG00000183032.12	UTR|exon|gene|transcript	1295
chr14	67649433	67650714	ENSG00000081181.8|ENSG00000100568.11	UTR|exon|gene|transcript	1281
chr14	72563884	72565165	ENSG00000182732.18|ENSG00000258871.1	UTR|exon|gene|transcript	1281
chr14	59461370	59462639	ENSG00000126790.12|ENSG00000181619.12	UTR|exon|gene|transcript	1269
chr14	57292442	57293710	ENSG00000053770.12	UTR|exon|gene|transcript	1268
chr14	77335028	77336293	ENSG00000100580.8	UTR|exon|gene|transcript	1265
chr14	92497100	92498364	ENSG00000140090.18	UTR|exon|gene|transcript	1264
chr14	77509216	77510480	ENSG00000100596.8	UTR|exon|gene|transcript	1264
chr14	23296987	23298251	ENSG00000235194.9|ENSG00000290292.10	UTR|exon|gene|transcript	1264
chr14	21209276	21210533	ENSG00000092199.19	UTR|exon|gene|transcript	1257
chr14	91781575	91782822	ENSG00000165929.13	UTR|exon|gene|transcript	1247
chr14	69052561	69053801	ENSG00000139990.18	UTR|exon|gene|transcript	1240
chr14	36676567	36677804	ENSG00000198807.13	UTR|exon|gene|transcript	1237
chr14	81178945	81180177	ENSG00000165417.12	UTR|exon|gene|transcript	1232
chr14	32733385	32734613	ENSG00000151320.11	UTR|exon|gene|transcript	1228
chr14	60511470	60512693	ENSG00000179008.9|ENSG00000184302.7	UTR|exon|gene|transcript	1223
chr14	34433983	34435200	ENSG00000129521.15|ENSG00000165389.7	UTR|exon|gene|transcript	1217
chr14	104802609	104803825	ENSG00000179627.10	UTR|exon|gene|transcript	1216
chr14	67471773	67472986	ENSG00000198133.9	UTR|exon|gene|transcript	1213
chr14	105395280	105396488	ENSG00000179364.15	UTR|exon|gene|transcript	1208
chr14	88180198	88181389	ENSG00000100433.16	UTR|exon|gene|transcript	1191
chr14	89923325	89924512	ENSG00000140025.16|ENSG00000259053.1	UTR|exon|gene|transcript	1187
chr14	81474958	81476139	ENSG00000071537.14	UTR|exon|gene|transcript	1181
chr14	92161744	92162922	ENSG00000165934.13	UTR|exon|gene|transcript	1178
chr14	89157574	89158751	ENSG00000053254.16	UTR|exon|gene|transcript	1177
chr14	96385912	96387088	ENSG00000100744.15	UTR|exon|gene|transcript	1176
chr14	60297912	60299087	ENSG00000100614.18	UTR|exon|gene|transcript	1175
chr14	99675626	99676796	ENSG00000182218.10	UTR|exon|gene|transcript	1170
chr14	52008545	52009713	ENSG00000087302.9|ENSG00000087303.19	UTR|exon|gene|transcript	1168
chr14	19880870	19882033	ENSG00000165762.3	UTR|exon|gene|transcript	1163
chr14	75082171	75083332	ENSG00000119638.14|ENSG00000119703.15	UTR|exon|gene|transcript	1161
chr14	90854275	90855434	ENSG00000100784.12	UTR|exon|gene|transcript	1159
chr14	63291511	63292667	ENSG00000126785.13	UTR|exon|gene|transcript	1156
chr14	99507566	99508722	ENSG00000090061.17|ENSG00000205476.9	UTR|exon|gene|transcript	1156
chr14	24810931	24812086	ENSG00000168952.16	UTR|exon|gene|transcript	1155
chr14	69460551	69461696	ENSG00000029364.12	UTR|exon|gene|transcript	1145
chr14	91965990	91967135	ENSG00000100815.12	UTR|exon|gene|transcript	1145
chr14	72617965	72619104	ENSG00000205683.12	UTR|exon|gene|transcript	1139
chr14	51729296	51730430	ENSG00000139926.16	UTR|exon|gene|transcript	1134
chr14	33214047	33215181	ENSG00000151322.20	UTR|exon|gene|transcript	1134
chr14	90847860	90848990	ENSG00000100784.12	UTR|exon|gene|transcript	1130
chr14	26446836	26447958	ENSG00000139910.20	UTR|exon|gene|transcript	1122
chr14	64532569	64533690	ENSG00000126804.14|ENSG00000259116.2	UTR|exon|gene|transcript	1121
chr14	72613576	72614694	ENSG00000205683.12	UTR|exon|gene|transcript	1118
chr14	70724655	70725765	ENSG00000006432.16	UTR|exon|gene|transcript	1110
chr14	70727008	70728113	ENSG00000006432.16	UTR|exon|gene|transcript	1105
chr14	35870860	35871963	ENSG00000100916.14	UTR|exon|gene|transcript	1103
chr14	51968621	51969722	ENSG00000186469.9|ENSG00000259007.1	UTR|exon|gene|transcript	1101
chr14	55368518	55369618	ENSG00000126775.9|ENSG00000178974.11	UTR|exon|gene|transcript	1100
chr14	92062785	92063880	ENSG00000066427.25	UTR|exon|gene|transcript	1095
chr14	91271322	91272415	ENSG00000015133.20	UTR|exon|gene|transcript	1093
chr14	52275635	52276724	ENSG00000168229.4	UTR|exon|gene|transcript	1089
chr14	105736673	105737761	ENSG00000211896.7	UTR|exon|gene|transcript	1088
chr14	94046229	94047311	ENSG00000089723.10	UTR|exon|gene|transcript	1082
chr14	30893803	30894882	ENSG00000100473.18|ENSG00000196792.12	UTR|exon|gene|transcript	1079
chr14	85635312	85636390	ENSG00000185070.12	UTR|exon|gene|transcript	1078
chr14	52006733	52007809	ENSG00000087302.9|ENSG00000087303.19	UTR|exon|gene|transcript	1076
chr14	67384122	67385190	ENSG00000134001.15	UTR|exon|gene|transcript	1068
chr14	18999012	19000079	ENSG00000222036.8	UTR|exon|gene|transcript	1067
chr14	85638594	85639660	ENSG00000185070.12	UTR|exon|gene|transcript	1066
chr14	104720349	104721414	ENSG00000203485.14	UTR|exon|gene|transcript	1065
chr14	50975265	50976329	ENSG00000100505.14	UTR|exon|gene|transcript	1064
chr14	90528466	90529528	ENSG00000165914.15	UTR|exon|gene|transcript	1062
chr14	71740149	71741209	ENSG00000197555.10	UTR|exon|gene|transcript	1060
chr14	77933952	77935012	ENSG00000063761.16	UTR|exon|gene|transcript	1060
chr14	85626519	85627577	ENSG00000185070.12	UTR|exon|gene|transcript	1058
chr14	51255654	51256712	ENSG00000139921.13	UTR|exon|gene|transcript	1058
chr14	72565471	72566526	ENSG00000182732.18|ENSG00000258871.1	UTR|exon|gene|transcript	1055
chr14	64523898	64524951	ENSG00000126804.14|ENSG00000259116.2	UTR|exon|gene|transcript	1053
chr14	34561606	34562659	ENSG00000129515.20	UTR|exon|gene|transcript	1053
chr14	77275929	77276982	ENSG00000009830.13	UTR|exon|gene|transcript	1053
chr14	63374710	63375760	ENSG00000154001.14	UTR|exon|gene|transcript	1050
chr14	95411346	95412391	ENSG00000176438.13	UTR|exon|gene|transcript	1045
chr14	96831385	96832430	ENSG00000100749.9	UTR|exon|gene|transcript	1045
chr14	21351478	21352522	ENSG00000092201.10	UTR|exon|gene|transcript	1044
chr14	80198792	80199835	ENSG00000211448.14	UTR|exon|gene|transcript	1043
chr14	54474484	54475521	ENSG00000197045.14	UTR|exon|gene|transcript	1037
chr14	62706394	62707428	ENSG00000140015.20	UTR|exon|gene|transcript	1034
chr14	73122866	73123899	ENSG00000119707.14	UTR|exon|gene|transcript	1033
chr14	74261705	74262738	ENSG00000119614.3	UTR|exon|gene|transcript	1033
chr14	35536023	35537054	ENSG00000168348.4	UTR|exon|gene|transcript	1031
chr14	33802666	33803696	ENSG00000151322.20	UTR|exon|gene|transcript	1030
chr14	69529570	69530598	ENSG00000175985.10	UTR|exon|gene|transcript	1028
chr14	58514795	58515822	ENSG00000100578.18	UTR|exon|gene|transcript	1027
chr14	75013787	75014814	ENSG00000119684.16	UTR|exon|gene|transcript	1027
chr14	50117282	50118309	ENSG00000100485.12	UTR|exon|gene|transcript	1027
chr14	61549946	61550972	ENSG00000027075.17|ENSG00000258989.1	UTR|exon|gene|transcript	1026
chr14	39031918	39032940	ENSG00000100934.15	UTR|exon|gene|transcript	1022
chr14	85648922	85649932	ENSG00000185070.12	UTR|exon|gene|transcript	1010
chr14	77336383	77337393	ENSG00000100580.8	UTR|exon|gene|transcript	1010
chr14	26444879	26445887	ENSG00000139910.20	UTR|exon|gene|transcript	1008
chr14	81260781	81261781	ENSG00000140022.14	UTR|exon|gene|transcript	1000
chr14	24438765	24439765	ENSG00000100441.10	UTR|exon|gene|transcript	1000
chr14	80496478	80497468	ENSG00000100629.17	UTR|exon|gene|transcript	990
chr14	102726943	102727933	ENSG00000089902.10	UTR|exon|gene|transcript	990
chr14	52636725	52637713	ENSG00000180998.12	UTR|exon|gene|transcript	988
chr14	79863349	79864333	ENSG00000021645.20	UTR|exon|gene|transcript	984
chr14	91232970	91233952	ENSG00000119714.11	UTR|exon|gene|transcript	982
chr14	90539170	90540150	ENSG00000165914.15	UTR|exon|gene|transcript	980
chr14	32836709	32837684	ENSG00000151320.11	UTR|exon|gene|transcript	975
chr14	44926807	44927780	ENSG00000179454.14	UTR|exon|gene|transcript	973
chr14	76500865	76501835	ENSG00000119715.15|ENSG00000259124.1	UTR|exon|gene|transcript	970
chr14	102907842	102908811	ENSG00000131323.17	UTR|exon|gene|transcript	969
chr14	94278766	94279734	ENSG00000119698.12	UTR|exon|gene|transcript	968
chr14	54842028	54842995	ENSG00000131979.20	UTR|exon|gene|transcript	967
chr14	54423560	54424526	ENSG00000100528.12	UTR|exon|gene|transcript	966
chr14	60063559	60064524	ENSG00000131951.12|ENSG00000258553.5	UTR|exon|gene|transcript	965
chr14	58647358	58648321	ENSG00000165617.16|ENSG00000258583.7	UTR|exon|gene|transcript	963
chr14	64231183	64232145	ENSG00000140009.19	UTR|exon|gene|transcript	962
chr14	88182085	88183043	ENSG00000100433.16	UTR|exon|gene|transcript	958
chr14	99940579	99941537	ENSG00000066629.19	UTR|exon|gene|transcript	958
chr14	74499454	74500410	ENSG00000119681.12	UTR|exon|gene|transcript	956
chr14	63372940	63373891	ENSG00000154001.14	UTR|exon|gene|transcript	951
chr14	26479016	26479964	ENSG00000139910.20	UTR|exon|gene|transcript	948
chr14	80201554	80202502	ENSG00000211448.14	UTR|exon|gene|transcript	948
chr14	58513248	58514195	ENSG00000100578.18	UTR|exon|gene|transcript	947
chr14	41699631	41700576	ENSG00000165379.14	UTR|exon|gene|transcript	945
chr14	73121313	73122258	ENSG00000119707.14	UTR|exon|gene|transcript	945
chr14	57414848	57415792	ENSG00000139977.14	UTR|exon|gene|transcript	944
chr14	92061031	92061973	ENSG00000066427.25	UTR|exon|gene|transcript	942
chr14	95413304	95414244	ENSG00000176438.13	UTR|exon|gene|transcript	940
chr14	105141754	105142694	ENSG00000184916.9	UTR|exon|gene|transcript	940
chr14	23067313	23068251	ENSG00000100813.15	UTR|exon|gene|transcript	938
chr14	74406600	74407534	ENSG00000183379.9	UTR|exon|gene|transcript	934
chr14	90407336	90408268	ENSG00000198668.14	UTR|exon|gene|transcript	932
chr14	94047356	94048286	ENSG00000089723.10	UTR|exon|gene|transcript	930
chr14	77114318	77115238	ENSG00000198894.8|ENSG00000259164.1	UTR|exon|gene|transcript	920
chr14	46840091	46841010	ENSG00000139915.22	UTR|exon|gene|transcript	919
chr14	72611169	72612082	ENSG00000205683.12	UTR|exon|gene|transcript	913
chr14	62103781	62104691	ENSG00000139973.18|ENSG00000258903.2|ENSG00000289503.1	UTR|exon|gene|transcript	910
chr14	81176650	81177558	ENSG00000165417.12	UTR|exon|gene|transcript	908
chr14	32831619	32832527	ENSG00000151320.11	UTR|exon|gene|transcript	908
chr14	21667885	21668793	ENSG00000276240.4	UTR|exon|gene|transcript	908
chr14	95416026	95416933	ENSG00000176438.13	UTR|exon|gene|transcript	907
chr14	57469417	57470322	ENSG00000100557.10	UTR|exon|gene|transcript	905
chr14	23309809	23310711	ENSG00000129473.11|ENSG00000258643.6	UTR|exon|gene|transcript	902
chr14	69050880	69051769	ENSG00000139990.18	UTR|exon|gene|transcript	889
chr14	71110161	71111050	ENSG00000100731.16	UTR|exon|gene|transcript	889
chr14	20119841	20120729	ENSG00000176230.7	UTR|exon|gene|transcript	888
chr14	80197883	80198771	ENSG00000211448.14	UTR|exon|gene|transcript	888
chr14	90856966	90857853	ENSG00000100784.12	UTR|exon|gene|transcript	887
chr14	74199251	74200134	ENSG00000205659.12	UTR|exon|gene|transcript	883
chr14	36678484	36679362	ENSG00000183032.12|ENSG00000198807.13	UTR|exon|gene|transcript	878
chr14	73275672	73276548	ENSG00000133961.21	UTR|exon|gene|transcript	876
chr14	30661067	30661939	ENSG00000092108.22	UTR|exon|gene|transcript	872
chr14	51254519	51255390	ENSG00000139921.13	UTR|exon|gene|transcript	871
chr14	91967438	91968308	ENSG00000100815.12	UTR|exon|gene|transcript	870
chr14	69775415	69776281	ENSG00000100652.5	UTR|exon|gene|transcript	866
chr14	81175451	81176313	ENSG00000165417.12	UTR|exon|gene|transcript	862
chr14	44927818	44928679	ENSG00000179454.14	UTR|exon|gene|transcript	861
chr14	67587845	67588703	ENSG00000054690.14|ENSG00000100564.9	UTR|exon|gene|transcript	858
chr14	65743268	65744121	ENSG00000033170.17	UTR|exon|gene|transcript	853
chr14	69348816	69349669	ENSG00000100626.17	UTR|exon|gene|transcript	853
chr14	54426084	54426935	ENSG00000100528.12	UTR|exon|gene|transcript	851
chr14	74495983	74496833	ENSG00000165898.14	UTR|exon|gene|transcript	850
chr14	90185003	90185853	ENSG00000152315.5	UTR|exon|gene|transcript	850
chr14	52857530	52858376	ENSG00000073712.15|ENSG00000285664.2	UTR|exon|gene|transcript	846
chr14	50418716	50419559	ENSG00000012983.12	UTR|exon|gene|transcript	843
chr14	69528419	69529258	ENSG00000175985.10	UTR|exon|gene|transcript	839
chr14	20366243	20367081	ENSG00000129566.13	UTR|exon|gene|transcript	838
chr14	77132845	77133682	ENSG00000165548.11|ENSG00000177108.5|ENSG00000259164.1	UTR|exon|gene|transcript	837
chr14	50720768	50721604	ENSG00000100503.27	UTR|exon|gene|transcript	836
chr14	69352467	69353300	ENSG00000100626.17	UTR|exon|gene|transcript	833
chr14	92938615	92939447	ENSG00000100605.17	UTR|exon|gene|transcript	832
chr14	89156742	89157574	ENSG00000053254.16|ENSG00000277801.1	UTR|exon|gene|transcript	832
chr14	60971440	60972271	ENSG00000126814.7|ENSG00000258892.1	UTR|exon|gene|transcript	831
chr14	64481340	64482170	ENSG00000089775.12	UTR|exon|gene|transcript	830
chr14	54940328	54941158	ENSG00000198554.12	UTR|exon|gene|transcript	830
chr14	60294941	60295770	ENSG00000100614.18	UTR|exon|gene|transcript	829
chr14	67747205	67748032	ENSG00000072121.17	UTR|exon|gene|transcript	827
chr14	19000117	19000942	ENSG00000222036.8	UTR|exon|gene|transcript	825
chr14	79862478	79863303	ENSG00000021645.20	UTR|exon|gene|transcript	825
chr14	57291031	57291855	ENSG00000053770.12	UTR|exon|gene|transcript	824
chr14	99170585	99171407	ENSG00000127152.18	UTR|exon|gene|transcript	822
chr14	69350405	69351226	ENSG00000100626.17	UTR|exon|gene|transcript	821
chr14	32829997	32830817	ENSG00000151320.11	UTR|exon|gene|transcript	820
chr14	96282717	96283535	ENSG00000066739.12	UTR|exon|gene|transcript	818
chr14	70366498	70367314	ENSG00000133983.16|ENSG00000213463.5|ENSG00000258644.6	UTR|exon|gene|transcript	816
chr14	60968680	60969491	ENSG00000020426.11|ENSG00000258892.1	UTR|exon|gene|transcript	811
chr14	54424875	54425684	ENSG00000100528.12	UTR|exon|gene|transcript	809
chr14	56799904	56800706	ENSG00000165588.19	UTR|exon|gene|transcript	802
chr14	67199526	67200327	ENSG00000172717.17|ENSG00000258988.1	UTR|exon|gene|transcript	801
chr14	31291787	31292583	ENSG00000129493.15|ENSG00000257831.1	UTR|exon|gene|transcript	796
chr14	37277970	37278766	ENSG00000151338.21	UTR|exon|gene|transcript	796
chr14	80830283	80831079	ENSG00000100629.17	UTR|exon|gene|transcript	796
chr14	71113876	71114671	ENSG00000100731.16	UTR|exon|gene|transcript	795
chr14	64462432	64463227	ENSG00000089775.12|ENSG00000100714.18	UTR|exon|gene|transcript	795
chr14	35082565	35083359	ENSG00000151327.14	UTR|exon|gene|transcript	794
chr14	99679161	99679954	ENSG00000182218.10	UTR|exon|gene|transcript	793
chr14	80477021	80477806	ENSG00000100629.17	UTR|exon|gene|transcript	785
chr14	92168848	92169633	ENSG00000165934.13	UTR|exon|gene|transcript	785
chr14	81263691	81264474	ENSG00000140022.14	UTR|exon|gene|transcript	783
chr14	73715609	73716392	ENSG00000156030.14	UTR|exon|gene|transcript	783
chr14	88877988	88878770	ENSG00000165533.19	UTR|exon|gene|transcript	782
chr14	49622612	49623392	ENSG00000168282.6|ENSG00000258377.1	UTR|exon|gene|transcript	780
chr14	77510773	77511552	ENSG00000100596.8	UTR|exon|gene|transcript	779
chr14	72661923	72662701	ENSG00000205683.12	UTR|exon|gene|transcript	778
chr14	76208989	76209766	ENSG00000089916.18	UTR|exon|gene|transcript	777
chr14	20031044	20031819	ENSG00000176253.4	UTR|exon|gene|transcript	775
chr14	37515914	37516689	ENSG00000151338.21	UTR|exon|gene|transcript	775
chr14	19877309	19878082	ENSG00000165762.3	UTR|exon|gene|transcript	773
chr14	103558815	103559586	ENSG00000166170.12|ENSG00000258851.1	UTR|exon|gene|transcript	771
chr14	103341356	103342125	ENSG00000100664.11	UTR|exon|gene|transcript	769
chr14	96280907	96281674	ENSG00000066739.12	UTR|exon|gene|transcript	767
chr14	58521222	58521988	ENSG00000100578.18|ENSG00000258900.1	UTR|exon|gene|transcript	766
chr14	81262413	81263172	ENSG00000140022.14	UTR|exon|gene|transcript	759
chr14	67364007	67364766	ENSG00000134001.15	UTR|exon|gene|transcript	759
chr14	57412746	57413499	ENSG00000139977.14	UTR|exon|gene|transcript	753
chr14	64473386	64474139	ENSG00000089775.12|ENSG00000179841.8	UTR|exon|gene|transcript	753
chr14	85637495	85638247	ENSG00000185070.12	UTR|exon|gene|transcript	752
chr14	50108641	50109392	ENSG00000100483.14	UTR|exon|gene|transcript	751
chr14	60134809	60135556	ENSG00000126773.13	UTR|exon|gene|transcript	747
chr14	39149081	39149827	ENSG00000182400.15|ENSG00000285830.1	UTR|exon|gene|transcript	746
chr14	77426674	77427419	ENSG00000151445.16	UTR|exon|gene|transcript	745
chr14	54479859	54480603	ENSG00000197045.14	UTR|exon|gene|transcript	744
chr14	104592509	104593252	ENSG00000258986.7	UTR|exon|gene|transcript	743
chr14	51728029	51728769	ENSG00000139926.16	UTR|exon|gene|transcript	740
chr14	77673074	77673811	ENSG00000100601.10	UTR|exon|gene|transcript	737
chr14	105141022	105141754	ENSG00000184916.9	UTR|exon|gene|transcript	732
chr14	105640232	105640964	ENSG00000211893.4	UTR|exon|gene|transcript	732
chr14	101925449	101926180	ENSG00000078304.20	UTR|exon|gene|transcript	731
chr14	85640147	85640875	ENSG00000185070.12	UTR|exon|gene|transcript	728
chr14	54843054	54843781	ENSG00000131979.20	UTR|exon|gene|transcript	727
chr14	94281464	94282191	ENSG00000140093.10	UTR|exon|gene|transcript	727
chr14	95923750	95924476	ENSG00000250366.4	UTR|exon|gene|transcript	726
chr14	92498797	92499522	ENSG00000140090.18	UTR|exon|gene|transcript	725
chr14	50976565	50977290	ENSG00000100505.14	UTR|exon|gene|transcript	725
chr14	72661053	72661778	ENSG00000205683.12	UTR|exon|gene|transcript	725
chr14	67471019	67471742	ENSG00000198133.9	UTR|exon|gene|transcript	723
chr14	90270352	90271075	ENSG00000100764.14|ENSG00000119720.18	UTR|exon|gene|transcript	723
chr14	67648516	67649239	ENSG00000081181.8|ENSG00000100568.11	UTR|exon|gene|transcript	723
chr14	20557816	20558539	ENSG00000188655.11	UTR|exon|gene|transcript	723
chr14	64225707	64226430	ENSG00000054654.20|ENSG00000140009.19	UTR|exon|gene|transcript	723
chr14	33801639	33802361	ENSG00000151322.20	UTR|exon|gene|transcript	722
chr14	45138609	45139329	ENSG00000187790.12	UTR|exon|gene|transcript	720
chr14	77338783	77339498	ENSG00000100580.8	UTR|exon|gene|transcript	715
chr14	70728936	70729650	ENSG00000006432.16	UTR|exon|gene|transcript	714
chr14	64947241	64947955	ENSG00000125954.13|ENSG00000139998.16	UTR|exon|gene|transcript	714
chr14	57290074	57290787	ENSG00000053770.12	UTR|exon|gene|transcript	713
chr14	74856995	74857707	ENSG00000119596.18|ENSG00000119608.15	UTR|exon|gene|transcript	712
chr14	35538356	35539068	ENSG00000174373.17	UTR|exon|gene|transcript	712
chr14	74853306	74854017	ENSG00000119596.18|ENSG00000119608.15	UTR|exon|gene|transcript	711
chr14	35276309	35277020	ENSG00000100890.16|ENSG00000258790.1	UTR|exon|gene|transcript	711
chr14	58004024	58004735	ENSG00000139971.15	UTR|exon|gene|transcript	711
chr14	70722704	70723412	ENSG00000006432.16	UTR|exon|gene|transcript	708
chr14	92058831	92059538	ENSG00000066427.25	UTR|exon|gene|transcript	707
chr14	70723774	70724480	ENSG00000006432.16	UTR|exon|gene|transcript	706
chr14	39397683	39398389	ENSG00000165355.8	UTR|exon|gene|transcript	706
chr14	105413112	105413815	ENSG00000226174.7	UTR|exon|gene|transcript	703
chr14	78242390	78243093	ENSG00000021645.20	UTR|exon|gene|transcript	703
chr14	67470268	67470970	ENSG00000198133.9	UTR|exon|gene|transcript	702
chr14	99169286	99169988	ENSG00000127152.18	UTR|exon|gene|transcript	702
chr14	92936913	92937614	ENSG00000100605.17	UTR|exon|gene|transcript	701
chr14	95103345	95104045	ENSG00000100697.17	UTR|exon|gene|transcript	700
chr14	52773636	52774336	ENSG00000198252.12	UTR|exon|gene|transcript	700
chr14	32835175	32835874	ENSG00000151320.11	UTR|exon|gene|transcript	699
chr14	60066118	60066817	ENSG00000131951.12|ENSG00000258553.5	UTR|exon|gene|transcript	699
chr14	95691930	95692628	ENSG00000213231.13|ENSG00000259084.6	UTR|exon|gene|transcript	698
chr14	64485336	64486034	ENSG00000089775.12	UTR|exon|gene|transcript	698
chr14	24809655	24810352	ENSG00000168952.16	UTR|exon|gene|transcript	697
chr14	94280459	94281154	ENSG00000140093.10	UTR|exon|gene|transcript	695
chr14	21666947	21667642	ENSG00000221977.3	UTR|exon|gene|transcript	695
chr14	92939861	92940554	ENSG00000100605.17	UTR|exon|gene|transcript	693
chr14	99514269	99514960	ENSG00000090061.17|ENSG00000205476.9	UTR|exon|gene|transcript	691
chr14	64478050	64478741	ENSG00000089775.12	UTR|exon|gene|transcript	691
chr14	49783122	49783813	ENSG00000165516.11|ENSG00000165525.18	UTR|exon|gene|transcript	691
chr14	75958496	75959186	ENSG00000119650.13|ENSG00000119699.8	UTR|exon|gene|transcript	690
chr14	90277364	90278053	ENSG00000119720.18	UTR|exon|gene|transcript	689
chr14	85631129	85631816	ENSG00000185070.12	UTR|exon|gene|transcript	687
chr14	72669951	72670635	ENSG00000205683.12	UTR|exon|gene|transcript	684
chr14	72562864	72563548	ENSG00000182732.18|ENSG00000258871.1	UTR|exon|gene|transcript	684
chr14	62109405	62110088	ENSG00000139973.18|ENSG00000258903.2|ENSG00000289503.1	UTR|exon|gene|transcript	683
chr14	95089638	95090320	ENSG00000100697.17	UTR|exon|gene|transcript	682
chr14	77258814	77259495	ENSG00000165548.11	UTR|exon|gene|transcript	681
chr14	73966250	73966927	ENSG00000187097.13	UTR|exon|gene|transcript	677
chr14	94049909	94050584	ENSG00000089737.19	UTR|exon|gene|transcript	675
chr14	35081559	35082232	ENSG00000151327.14	UTR|exon|gene|transcript	673
chr14	74200821	74201493	ENSG00000205659.12	UTR|exon|gene|transcript	672
chr14	34433009	34433681	ENSG00000129521.15|ENSG00000165389.7	UTR|exon|gene|transcript	672
chr14	19875462	19876134	ENSG00000165762.3	UTR|exon|gene|transcript	672
chr14	90406639	90407308	ENSG00000198668.14	UTR|exon|gene|transcript	669
chr14	95408100	95408769	ENSG00000176438.13	UTR|exon|gene|transcript	669
chr14	23325369	23326037	ENSG00000100836.11|ENSG00000258643.6	UTR|exon|gene|transcript	668
chr14	103709081	103709748	ENSG00000126214.22|ENSG00000126215.14	UTR|exon|gene|transcript	667
chr14	56299886	56300551	ENSG00000139946.11	UTR|exon|gene|transcript	665
chr14	104179790	104180454	ENSG00000066735.16	UTR|exon|gene|transcript	664
chr14	21496852	21497514	ENSG00000092203.15	UTR|exon|gene|transcript	662
chr14	88014150	88014811	ENSG00000140030.6|ENSG00000258407.1	UTR|exon|gene|transcript	661
chr14	89161597	89162256	ENSG00000053254.16	UTR|exon|gene|transcript	659
chr14	33948484	33949142	ENSG00000129521.15	UTR|exon|gene|transcript	658
chr14	24378659	24379316	ENSG00000100968.14	UTR|exon|gene|transcript	657
chr14	49783982	49784635	ENSG00000165516.11|ENSG00000165525.18	UTR|exon|gene|transcript	653
chr14	76153645	76154297	ENSG00000089916.18	UTR|exon|gene|transcript	652
chr14	100294974	100295625	ENSG00000197119.13	UTR|exon|gene|transcript	651
chr14	101766398	101767049	ENSG00000078304.20	UTR|exon|gene|transcript	651
chr14	59370441	59371091	ENSG00000100592.16	UTR|exon|gene|transcript	650
chr14	90269548	90270197	ENSG00000100764.14|ENSG00000119720.18	UTR|exon|gene|transcript	649
chr14	88625701	88626349	ENSG00000100722.20|ENSG00000165521.16	UTR|exon|gene|transcript	648
chr14	65062002	65062650	ENSG00000125952.21|ENSG00000257365.8	UTR|exon|gene|transcript	648
chr14	21459019	21459667	ENSG00000129472.15	UTR|exon|gene|transcript	648
chr14	99512500	99513147	ENSG00000090061.17|ENSG00000205476.9|ENSG00000258749.1	UTR|exon|gene|transcript	647
chr14	60435976	60436622	ENSG00000179008.9	UTR|exon|gene|transcript	646
chr14	50245005	50245650	ENSG00000087299.12	UTR|exon|gene|transcript	645
chr14	89795673	89796316	ENSG00000140025.16|ENSG00000259053.1	UTR|exon|gene|transcript	643
chr14	74855675	74856317	ENSG00000119596.18|ENSG00000119608.15	UTR|exon|gene|transcript	642
chr14	99503644	99504284	ENSG00000090061.17|ENSG00000205476.9	UTR|exon|gene|transcript	640
chr14	22972370	22973010	ENSG00000129474.17|ENSG00000259132.1	UTR|exon|gene|transcript	640
chr14	21459667	21460305	ENSG00000129472.15	UTR|exon|gene|transcript	638
chr14	22971176	22971814	ENSG00000129474.17|ENSG00000259132.1	UTR|exon|gene|transcript	638
chr14	75131468	75132105	ENSG00000170348.9|ENSG00000259138.1	UTR|exon|gene|transcript	637
chr14	81267112	81267745	ENSG00000140022.14	UTR|exon|gene|transcript	633
chr14	45203204	45203836	ENSG00000129534.14	UTR|exon|gene|transcript	632
chr14	90865589	90866221	ENSG00000100784.12	UTR|exon|gene|transcript	632
chr14	50329442	50330073	ENSG00000100490.10|ENSG00000125375.18	UTR|exon|gene|transcript	631
chr14	56300895	56301524	ENSG00000139946.11	UTR|exon|gene|transcript	629
chr14	60108331	60108959	ENSG00000126773.13	UTR|exon|gene|transcript	628
chr14	76500066	76500694	ENSG00000119715.15|ENSG00000259124.1	UTR|exon|gene|transcript	628
chr14	20191039	20191666	ENSG00000196832.5	UTR|exon|gene|transcript	627
chr14	57202495	57203121	ENSG00000070367.17	UTR|exon|gene|transcript	626
chr14	76206004	76206629	ENSG00000089916.18	UTR|exon|gene|transcript	625
chr14	70726215	70726840	ENSG00000006432.16	UTR|exon|gene|transcript	625
chr14	60292731	60293355	ENSG00000100614.18	UTR|exon|gene|transcript	624
chr14	96882424	96883043	ENSG00000100749.9	UTR|exon|gene|transcript	619
chr14	85629667	85630285	ENSG00000185070.12	UTR|exon|gene|transcript	618
chr14	100280065	100280683	ENSG00000100811.15|ENSG00000259052.1	UTR|exon|gene|transcript	618
chr14	64545559	64546173	ENSG00000126803.10	UTR|exon|gene|transcript	614
chr14	49607509	49608121	ENSG00000165501.17	UTR|exon|gene|transcript	612
chr14	93202893	93203505	ENSG00000170270.5|ENSG00000259066.5	UTR|exon|gene|transcript	612
chr14	54479174	54479785	ENSG00000197045.14	UTR|exon|gene|transcript	611
chr14	21081508	21082119	ENSG00000165801.10	UTR|exon|gene|transcript	611
chr14	100139369	100139978	ENSG00000196405.13	UTR|exon|gene|transcript	609
chr14	50244353	50244962	ENSG00000087299.12	UTR|exon|gene|transcript	609
chr14	30560093	30560702	ENSG00000092140.16|ENSG00000257636.6	UTR|exon|gene|transcript	609
chr14	105639558	105640167	ENSG00000211893.4	UTR|exon|gene|transcript	609
chr14	31106645	31107253	ENSG00000092148.14|ENSG00000100478.16	UTR|exon|gene|transcript	608
chr14	103706375	103706983	ENSG00000126214.22|ENSG00000126215.14	UTR|exon|gene|transcript	608
chr14	57296617	57297220	ENSG00000053770.12	UTR|exon|gene|transcript	603
chr14	20004160	20004760	ENSG00000196383.7	UTR|exon|gene|transcript	600
chr14	99501607	99502206	ENSG00000090061.17|ENSG00000205476.9	UTR|exon|gene|transcript	599
chr14	88181440	88182036	ENSG00000100433.16	UTR|exon|gene|transcript	596
chr14	103686211	103686806	ENSG00000126214.22	UTR|exon|gene|transcript	595
chr14	88624374	88624969	ENSG00000100722.20|ENSG00000165521.16	UTR|exon|gene|transcript	595
chr14	61794983	61795577	ENSG00000023608.5	UTR|exon|gene|transcript	594
chr14	73220998	73221590	ENSG00000080815.20	UTR|exon|gene|transcript	592
chr14	105621320	105621911	ENSG00000211892.4	UTR|exon|gene|transcript	591
chr14	94624055	94624646	ENSG00000273259.3	UTR|exon|gene|transcript	591
chr14	73297285	73297876	ENSG00000133961.21	UTR|exon|gene|transcript	591
chr14	88184892	88185482	ENSG00000100433.16	UTR|exon|gene|transcript	590
chr14	32157216	32157806	ENSG00000100852.14|ENSG00000285608.1	UTR|exon|gene|transcript	590
chr14	73986223	73986813	ENSG00000187097.13	UTR|exon|gene|transcript	590
chr14	99510782	99511370	ENSG00000090061.17|ENSG00000205476.9	UTR|exon|gene|transcript	588
chr14	103342640	103343228	ENSG00000100664.11	UTR|exon|gene|transcript	588
chr14	20511202	20511789	ENSG00000182545.7	UTR|exon|gene|transcript	587
chr14	21033154	21033740	ENSG00000165795.25|ENSG00000179636.15|ENSG00000206150.4|ENSG00000255472.1	UTR|exon|gene|transcript	586
chr14	50719838	50720423	ENSG00000100503.27	UTR|exon|gene|transcript	585
chr14	77115984	77116567	ENSG00000198894.8|ENSG00000259164.1	UTR|exon|gene|transcript	583
chr14	60134227	60134809	ENSG00000126773.13	UTR|exon|gene|transcript	582
chr14	93241450	93242032	ENSG00000011114.15	UTR|exon|gene|transcript	582
chr14	88620172	88620753	ENSG00000100722.20|ENSG00000165521.16	UTR|exon|gene|transcript	581
chr14	57205187	57205767	ENSG00000070367.17	UTR|exon|gene|transcript	580
chr14	88612979	88613558	ENSG00000100722.20|ENSG00000165521.16	UTR|exon|gene|transcript	579
chr14	104590864	104591443	ENSG00000258986.7	UTR|exon|gene|transcript	579
chr14	74405898	74406476	ENSG00000183379.9	UTR|exon|gene|transcript	578
chr14	23273477	23274055	ENSG00000290292.10	UTR|exon|gene|transcript	578
chr14	64531897	64532473	ENSG00000126804.14|ENSG00000259116.2	UTR|exon|gene|transcript	576
chr14	100333903	100334478	ENSG00000140105.18|ENSG00000258666.1	UTR|exon|gene|transcript	575
chr14	28769475	28770049	ENSG00000176165.13|ENSG00000186960.14	UTR|exon|gene|transcript	574
chr14	22879310	22879884	ENSG00000197324.9	UTR|exon|gene|transcript	574
chr14	73716709	73717283	ENSG00000156030.14	UTR|exon|gene|transcript	574
chr14	22896782	22897356	ENSG00000100461.18	UTR|exon|gene|transcript	574
chr14	28768749	28769322	ENSG00000176165.13|ENSG00000186960.14	UTR|exon|gene|transcript	573
chr14	22878626	22879198	ENSG00000197324.9	UTR|exon|gene|transcript	572
chr14	23274055	23274626	ENSG00000290292.10	UTR|exon|gene|transcript	571
chr14	81473328	81473898	ENSG00000071537.14	UTR|exon|gene|transcript	570
chr14	52777740	52778310	ENSG00000100522.10	UTR|exon|gene|transcript	570
chr14	58514227	58514795	ENSG00000100578.18	UTR|exon|gene|transcript	568
chr14	73963670	73964237	ENSG00000187097.13	UTR|exon|gene|transcript	567
chr14	89156176	89156742	ENSG00000053254.16	UTR|exon|gene|transcript	566
chr14	45115634	45116197	ENSG00000100442.11|ENSG00000185246.18	UTR|exon|gene|transcript	563
chr14	19878378	19878941	ENSG00000165762.3	UTR|exon|gene|transcript	563
chr14	95189158	95189718	ENSG00000165959.12	UTR|exon|gene|transcript	560
chr14	60293710	60294267	ENSG00000100614.18	UTR|exon|gene|transcript	557
chr14	73298358	73298914	ENSG00000133961.21	UTR|exon|gene|transcript	556
chr14	90525402	90525957	ENSG00000165914.15	UTR|exon|gene|transcript	555
chr14	67647084	67647639	ENSG00000081181.8|ENSG00000100568.11	UTR|exon|gene|transcript	555
chr14	92496252	92496805	ENSG00000140090.18	UTR|exon|gene|transcript	553
chr14	34712164	34712717	ENSG00000165410.15	UTR|exon|gene|transcript	553
chr14	99411577	99412129	ENSG00000183576.13	UTR|exon|gene|transcript	552
chr14	88627046	88627596	ENSG00000100722.20|ENSG00000165521.16	UTR|exon|gene|transcript	550
chr14	67750472	67751021	ENSG00000072121.17	UTR|exon|gene|transcript	549
chr14	81144353	81144901	ENSG00000165409.18|ENSG00000284959.3	UTR|exon|gene|transcript	548
chr14	32833290	32833837	ENSG00000151320.11	UTR|exon|gene|transcript	547
chr14	69570952	69571498	ENSG00000267909.3	UTR|exon|gene|transcript	546
chr14	69090508	69091054	ENSG00000139990.18|ENSG00000289180.2	UTR|exon|gene|transcript	546
chr14	67798013	67798558	ENSG00000072121.17	UTR|exon|gene|transcript	545
chr14	74662966	74663511	ENSG00000119682.18	UTR|exon|gene|transcript	545
chr14	45137416	45137961	ENSG00000187790.12	UTR|exon|gene|transcript	545
chr14	100735979	100736523	ENSG00000185559.16	UTR|exon|gene|transcript	544
chr14	90540641	90541185	ENSG00000165914.15	UTR|exon|gene|transcript	544
chr14	21666024	21666567	ENSG00000221977.3	UTR|exon|gene|transcript	543
chr14	101926976	101927519	ENSG00000078304.20	UTR|exon|gene|transcript	543
chr14	20199614	20200156	ENSG00000196832.5	UTR|exon|gene|transcript	542
chr14	90288216	90288757	ENSG00000119720.18	UTR|exon|gene|transcript	541
chr14	57293751	57294290	ENSG00000053770.12	UTR|exon|gene|transcript	539
chr14	57289337	57289875	ENSG00000053770.12	UTR|exon|gene|transcript	538
chr14	59596207	59596744	ENSG00000139970.18	UTR|exon|gene|transcript	537
chr14	51257119	51257655	ENSG00000139921.13	UTR|exon|gene|transcript	536
chr14	90853674	90854209	ENSG00000100784.12	UTR|exon|gene|transcript	535
chr14	104114907	104115442	ENSG00000166183.16	UTR|exon|gene|transcript	535
chr14	67676799	67677334	ENSG00000072042.13|ENSG00000258466.5	UTR|exon|gene|transcript	535
chr14	64945838	64946373	ENSG00000125954.13|ENSG00000139998.16	UTR|exon|gene|transcript	535
chr14	63374100	63374634	ENSG00000154001.14	UTR|exon|gene|transcript	534
chr14	69570283	69570816	ENSG00000267909.3	UTR|exon|gene|transcript	533
chr14	88612447	88612979	ENSG00000100722.20|ENSG00000165521.16	UTR|exon|gene|transcript	532
chr14	103702015	103702546	ENSG00000126214.22|ENSG00000126215.14	UTR|exon|gene|transcript	531
chr14	103740063	103740593	ENSG00000088808.18	UTR|exon|gene|transcript	530
chr14	50633049	50633579	ENSG00000151748.15|ENSG00000198513.14	UTR|exon|gene|transcript	530
chr14	76202007	76202536	ENSG00000089916.18	UTR|exon|gene|transcript	529
chr14	64470615	64471144	ENSG00000089775.12|ENSG00000179841.8	UTR|exon|gene|transcript	529
chr14	65076663	65077192	ENSG00000125952.21	UTR|exon|gene|transcript	529
chr14	92500954	92501481	ENSG00000140090.18	UTR|exon|gene|transcript	527
chr14	102054037	102054564	ENSG00000197102.14|ENSG00000293472.1	UTR|exon|gene|transcript	527
chr14	31081090	31081617	ENSG00000100478.16	UTR|exon|gene|transcript	527
chr14	105412468	105412994	ENSG00000226174.7	UTR|exon|gene|transcript	526
chr14	74285470	74285995	ENSG00000119688.21	UTR|exon|gene|transcript	525
chr14	88614870	88615394	ENSG00000100722.20|ENSG00000165521.16	UTR|exon|gene|transcript	524
chr14	30617702	30618225	ENSG00000092140.16	UTR|exon|gene|transcript	523
chr14	73120790	73121313	ENSG00000119707.14	UTR|exon|gene|transcript	523
chr14	22900813	22901335	ENSG00000100461.18	UTR|exon|gene|transcript	522
chr14	73920457	73920979	ENSG00000119725.21|ENSG00000258653.3|ENSG00000258891.1	UTR|exon|gene|transcript	522
chr14	73964284	73964805	ENSG00000187097.13	UTR|exon|gene|transcript	521
chr14	31085802	31086320	ENSG00000100478.16	UTR|exon|gene|transcript	518
chr14	96531731	96532248	ENSG00000090060.19	UTR|exon|gene|transcript	517
chr14	64228819	64229336	ENSG00000140009.19	UTR|exon|gene|transcript	517
chr14	45073915	45074431	ENSG00000198718.13	UTR|exon|gene|transcript	516
chr14	30890100	30890616	ENSG00000100473.18	UTR|exon|gene|transcript	516
chr14	73099786	73100300	ENSG00000119707.14	UTR|exon|gene|transcript	514
chr14	20032347	20032860	ENSG00000176253.4	UTR|exon|gene|transcript	513
chr14	77339743	77340255	ENSG00000100580.8	UTR|exon|gene|transcript	512
chr14	95181939	95182451	ENSG00000165959.12	UTR|exon|gene|transcript	512
chr14	50589457	50589968	ENSG00000198513.14	UTR|exon|gene|transcript	511
chr14	85633006	85633517	ENSG00000185070.12	UTR|exon|gene|transcript	511
chr14	85628953	85629463	ENSG00000185070.12	UTR|exon|gene|transcript	510
chr14	95923055	95923564	ENSG00000250366.4	UTR|exon|gene|transcript	509
chr14	104937252	104937761	ENSG00000166428.14|ENSG00000185567.7	UTR|exon|gene|transcript	509
chr14	74358892	74359400	ENSG00000133980.5	UTR|exon|gene|transcript	508
chr14	23967455	23967961	ENSG00000157326.19|ENSG00000215256.6	UTR|exon|gene|transcript	506
chr14	90271387	90271892	ENSG00000100764.14|ENSG00000119720.18	UTR|exon|gene|transcript	505
chr14	22971814	22972319	ENSG00000129474.17|ENSG00000259132.1	UTR|exon|gene|transcript	505
chr14	90538342	90538846	ENSG00000165914.15	UTR|exon|gene|transcript	504
chr14	53045522	53046026	ENSG00000100523.17	UTR|exon|gene|transcript	504
chr14	96884646	96885149	ENSG00000100749.9	UTR|exon|gene|transcript	503
chr14	54478159	54478662	ENSG00000197045.14	UTR|exon|gene|transcript	503
chr14	92062283	92062785	ENSG00000066427.25	UTR|exon|gene|transcript	502
chr14	34752731	34753233	ENSG00000198604.11	UTR|exon|gene|transcript	502
chr14	104695989	104696490	ENSG00000203485.14	UTR|exon|gene|transcript	501
chr14	52430595	52431095	ENSG00000087301.9	UTR|exon|gene|transcript	500
chr14	39350694	39351193	ENSG00000150527.18	UTR|exon|gene|transcript	499
chr14	65742410	65742909	ENSG00000033170.17	UTR|exon|gene|transcript	499
chr14	100279459	100279958	ENSG00000100811.15	UTR|exon|gene|transcript	499
chr14	77131269	77131767	ENSG00000165548.11|ENSG00000177108.5|ENSG00000259164.1	UTR|exon|gene|transcript	498
chr14	57206295	57206793	ENSG00000070367.17	UTR|exon|gene|transcript	498
chr14	74479442	74479939	ENSG00000119655.11	UTR|exon|gene|transcript	497
chr14	56800740	56801237	ENSG00000165588.19	UTR|exon|gene|transcript	497
chr14	34710386	34710883	ENSG00000165410.15	UTR|exon|gene|transcript	497
chr14	24417446	24417941	ENSG00000205978.6	UTR|exon|gene|transcript	495
chr14	100107604	100108099	ENSG00000196405.13	UTR|exon|gene|transcript	495
chr14	103489540	103490035	ENSG00000075413.19	UTR|exon|gene|transcript	495
chr14	67760781	67761275	ENSG00000072121.17	UTR|exon|gene|transcript	494
chr14	76205269	76205763	ENSG00000089916.18	UTR|exon|gene|transcript	494
chr14	58003413	58003906	ENSG00000139971.15	UTR|exon|gene|transcript	493
chr14	95409272	95409765	ENSG00000176438.13	UTR|exon|gene|transcript	493
chr14	100329645	100330136	ENSG00000140107.12	UTR|exon|gene|transcript	491
chr14	63372138	63372628	ENSG00000154001.14	UTR|exon|gene|transcript	490
chr14	90043750	90044240	ENSG00000042088.14	UTR|exon|gene|transcript	490
chr14	88879975	88880465	ENSG00000165533.19	UTR|exon|gene|transcript	490
chr14	37589736	37590226	ENSG00000129514.8	UTR|exon|gene|transcript	490
chr14	93934166	93934655	ENSG00000100628.12	UTR|exon|gene|transcript	489
chr14	96533054	96533542	ENSG00000090060.19	UTR|exon|gene|transcript	488
chr14	61747771	61748258	ENSG00000100644.17|ENSG00000258667.3|ENSG00000258964.1	UTR|exon|gene|transcript	487
chr14	52772828	52773315	ENSG00000198252.12	UTR|exon|gene|transcript	487
chr14	22847039	22847525	ENSG00000157227.14	UTR|exon|gene|transcript	486
chr14	32830817	32831303	ENSG00000151320.11	UTR|exon|gene|transcript	486
chr14	99509671	99510156	ENSG00000090061.17|ENSG00000205476.9	UTR|exon|gene|transcript	485
chr14	77265734	77266217	ENSG00000165553.5	UTR|exon|gene|transcript	483
chr14	59463019	59463502	ENSG00000126790.12|ENSG00000181619.12	UTR|exon|gene|transcript	483
chr14	50243152	50243634	ENSG00000087299.12	UTR|exon|gene|transcript	482
chr14	62101231	62101713	ENSG00000139973.18|ENSG00000289503.1	UTR|exon|gene|transcript	482
chr14	30658691	30659173	ENSG00000092108.22	UTR|exon|gene|transcript	482
chr14	96488343	96488824	ENSG00000140057.9	UTR|exon|gene|transcript	481
chr14	74854650	74855131	ENSG00000119596.18|ENSG00000119608.15	UTR|exon|gene|transcript	481
chr14	52640838	52641319	ENSG00000197930.13|ENSG00000258757.1	UTR|exon|gene|transcript	481
chr14	103344139	103344618	ENSG00000100664.11	UTR|exon|gene|transcript	479
chr14	76204478	76204956	ENSG00000089916.18	UTR|exon|gene|transcript	478
chr14	75084086	75084563	ENSG00000119638.14|ENSG00000119703.15	UTR|exon|gene|transcript	477
chr14	76211148	76211624	ENSG00000089916.18	UTR|exon|gene|transcript	476
chr14	33924453	33924928	ENSG00000129521.15	UTR|exon|gene|transcript	475
chr14	74359533	74360008	ENSG00000133980.5	UTR|exon|gene|transcript	475
chr14	64228316	64228789	ENSG00000140009.19	UTR|exon|gene|transcript	473
chr14	31859180	31859653	ENSG00000151413.17	UTR|exon|gene|transcript	473
chr14	77258302	77258775	ENSG00000165548.11	UTR|exon|gene|transcript	473
chr14	104594395	104594867	ENSG00000258986.7	UTR|exon|gene|transcript	472
chr14	19883460	19883932	ENSG00000165762.3	UTR|exon|gene|transcript	472
chr14	75083615	75084086	ENSG00000119638.14|ENSG00000119703.15	UTR|exon|gene|transcript	471
chr14	73699602	73700073	ENSG00000119661.15|ENSG00000258660.1	UTR|exon|gene|transcript	471
chr14	91457610	91458081	ENSG00000100796.18	UTR|exon|gene|transcript	471
chr14	54538616	54539087	ENSG00000100532.13	UTR|exon|gene|transcript	471
chr14	96832995	96833466	ENSG00000100749.9	UTR|exon|gene|transcript	471
chr14	39182750	39183220	ENSG00000100941.9	UTR|exon|gene|transcript	470
chr14	75015926	75016396	ENSG00000119684.16	UTR|exon|gene|transcript	470
chr14	30616672	30617141	ENSG00000092140.16	UTR|exon|gene|transcript	469
chr14	69459078	69459546	ENSG00000029364.12	UTR|exon|gene|transcript	468
chr14	67746521	67746989	ENSG00000072121.17	UTR|exon|gene|transcript	468
chr14	58235112	58235580	ENSG00000131966.14|ENSG00000139971.15	UTR|exon|gene|transcript	468
chr14	60711036	60711503	ENSG00000100625.9	UTR|exon|gene|transcript	467
chr14	95190923	95191389	ENSG00000165959.12	UTR|exon|gene|transcript	466
chr14	64230401	64230865	ENSG00000140009.19	UTR|exon|gene|transcript	464
chr14	64943593	64944056	ENSG00000125954.13|ENSG00000258289.10	UTR|exon|gene|transcript	463
chr14	37549564	37550027	ENSG00000151338.21	UTR|exon|gene|transcript	463
chr14	88617765	88618227	ENSG00000100722.20|ENSG00000165521.16	UTR|exon|gene|transcript	462
chr14	103556550	103557011	ENSG00000166170.12|ENSG00000258851.1	UTR|exon|gene|transcript	461
chr14	50419559	50420018	ENSG00000012983.12	UTR|exon|gene|transcript	459
chr14	67336187	67336646	ENSG00000100554.12	UTR|exon|gene|transcript	459
chr14	53042041	53042499	ENSG00000100523.17	UTR|exon|gene|transcript	458
chr14	64460030	64460487	ENSG00000089775.12|ENSG00000100714.18	UTR|exon|gene|transcript	457
chr14	52275006	52275462	ENSG00000168229.4	UTR|exon|gene|transcript	456
chr14	76210381	76210836	ENSG00000089916.18	UTR|exon|gene|transcript	455
chr14	23324792	23325246	ENSG00000100836.11|ENSG00000258643.6	UTR|exon|gene|transcript	454
chr14	67383668	67384122	ENSG00000134001.15	UTR|exon|gene|transcript	454
chr14	95182708	95183162	ENSG00000165959.12	UTR|exon|gene|transcript	454
chr14	74059715	74060169	ENSG00000119636.16|ENSG00000119711.13	UTR|exon|gene|transcript	454
chr14	99500311	99500765	ENSG00000090061.17|ENSG00000205476.9	UTR|exon|gene|transcript	454
chr14	31446035	31446489	ENSG00000129480.14|ENSG00000203546.7|ENSG00000250365.7	UTR|exon|gene|transcript	454
chr14	39398682	39399135	ENSG00000165355.8	UTR|exon|gene|transcript	453
chr14	35275227	35275679	ENSG00000100890.16|ENSG00000258790.1	UTR|exon|gene|transcript	452
chr14	19879341	19879792	ENSG00000165762.3	UTR|exon|gene|transcript	451
chr14	99506625	99507075	ENSG00000090061.17|ENSG00000205476.9	UTR|exon|gene|transcript	450
chr14	70367960	70368410	ENSG00000133983.16|ENSG00000213463.5|ENSG00000258644.6	UTR|exon|gene|transcript	450
chr14	74058355	74058802	ENSG00000119636.16|ENSG00000119711.13	UTR|exon|gene|transcript	447
chr14	33803726	33804173	ENSG00000151322.20	UTR|exon|gene|transcript	447
chr14	77116842	77117287	ENSG00000165548.11|ENSG00000198894.8|ENSG00000259164.1	UTR|exon|gene|transcript	445
chr14	60142269	60142713	ENSG00000126773.13	UTR|exon|gene|transcript	444
chr14	39182308	39182750	ENSG00000100941.9	UTR|exon|gene|transcript	442
chr14	67734008	67734450	ENSG00000072121.17|ENSG00000139988.10	UTR|exon|gene|transcript	442
chr14	35098809	35099251	ENSG00000092020.11|ENSG00000151327.14	UTR|exon|gene|transcript	442
chr14	73963229	73963670	ENSG00000119723.17|ENSG00000187097.13	UTR|exon|gene|transcript	441
chr14	22897972	22898412	ENSG00000100461.18	UTR|exon|gene|transcript	440
chr14	30707376	30707816	ENSG00000092108.22	UTR|exon|gene|transcript	440
chr14	55366707	55367146	ENSG00000126775.9|ENSG00000178974.11	UTR|exon|gene|transcript	439
chr14	103942091	103942529	ENSG00000156414.20|ENSG00000227729.5	UTR|exon|gene|transcript	438
chr14	23477568	23478006	ENSG00000129460.17	UTR|exon|gene|transcript	438
chr14	50633579	50634017	ENSG00000151748.15|ENSG00000198513.14	UTR|exon|gene|transcript	438
chr14	64542801	64543237	ENSG00000126803.10	UTR|exon|gene|transcript	436
chr14	74260919	74261355	ENSG00000119614.3	UTR|exon|gene|transcript	436
chr14	65083743	65084179	ENSG00000125952.21|ENSG00000259118.5	UTR|exon|gene|transcript	436
chr14	33924963	33925398	ENSG00000129521.15	UTR|exon|gene|transcript	435
chr14	50978855	50979290	ENSG00000100505.14	UTR|exon|gene|transcript	435
chr14	31129960	31130394	ENSG00000092148.14|ENSG00000100478.16	UTR|exon|gene|transcript	434
chr14	72970444	72970877	ENSG00000165861.14	UTR|exon|gene|transcript	433
chr14	90893973	90894406	ENSG00000100784.12	UTR|exon|gene|transcript	433
chr14	91779745	91780178	ENSG00000133962.8|ENSG00000165929.13	UTR|exon|gene|transcript	433
chr14	67472986	67473419	ENSG00000198133.9	UTR|exon|gene|transcript	433
chr14	95544125	95544557	ENSG00000182512.5	UTR|exon|gene|transcript	432
chr14	64483968	64484399	ENSG00000089775.12	UTR|exon|gene|transcript	431
chr14	85628439	85628870	ENSG00000185070.12	UTR|exon|gene|transcript	431
chr14	77933521	77933952	ENSG00000063761.16	UTR|exon|gene|transcript	431
chr14	70371716	70372146	ENSG00000133983.16|ENSG00000213463.5|ENSG00000258644.6	UTR|exon|gene|transcript	430
chr14	19880408	19880838	ENSG00000165762.3	UTR|exon|gene|transcript	430
chr14	64469877	64470307	ENSG00000089775.12|ENSG00000179841.8	UTR|exon|gene|transcript	430
chr14	37521911	37522338	ENSG00000151338.21	UTR|exon|gene|transcript	427
chr14	64744345	64744771	ENSG00000126822.18	UTR|exon|gene|transcript	426
chr14	51967854	51968279	ENSG00000186469.9|ENSG00000259007.1	UTR|exon|gene|transcript	425
chr14	26445887	26446312	ENSG00000139910.20	UTR|exon|gene|transcript	425
chr14	77115265	77115689	ENSG00000198894.8|ENSG00000259164.1	UTR|exon|gene|transcript	424
chr14	39276510	39276933	ENSG00000150527.18	UTR|exon|gene|transcript	423
chr14	81474378	81474800	ENSG00000071537.14	UTR|exon|gene|transcript	422
chr14	72956508	72956930	ENSG00000119599.17	UTR|exon|gene|transcript	422
chr14	77394020	77394442	ENSG00000165555.10	UTR|exon|gene|transcript	422
chr14	23311144	23311566	ENSG00000129473.11|ENSG00000258643.6	UTR|exon|gene|transcript	422
chr14	105250672	105251093	ENSG00000184887.14|ENSG00000185024.18	UTR|exon|gene|transcript	421
chr14	79853648	79854069	ENSG00000021645.20	UTR|exon|gene|transcript	421
chr14	62102667	62103088	ENSG00000139973.18|ENSG00000289503.1	UTR|exon|gene|transcript	421
chr14	69089304	69089725	ENSG00000139990.18|ENSG00000289180.2	UTR|exon|gene|transcript	421
chr14	100144236	100144656	ENSG00000168350.8	UTR|exon|gene|transcript	420
chr14	96087759	96088179	ENSG00000227051.7	UTR|exon|gene|transcript	420
chr14	38212648	38213067	ENSG00000139874.6	UTR|exon|gene|transcript	419
chr14	105209659	105210077	ENSG00000185024.18	UTR|exon|gene|transcript	418
chr14	23126758	23127176	ENSG00000092068.21	UTR|exon|gene|transcript	418
chr14	103490533	103490951	ENSG00000075413.19	UTR|exon|gene|transcript	418
chr14	103703347	103703765	ENSG00000126214.22|ENSG00000126215.14	UTR|exon|gene|transcript	418
chr14	76202788	76203206	ENSG00000089916.18	UTR|exon|gene|transcript	418
chr14	63598083	63598501	ENSG00000140006.12	UTR|exon|gene|transcript	418
chr14	46870937	46871353	ENSG00000139915.22	UTR|exon|gene|transcript	416
chr14	73698102	73698518	ENSG00000119661.15|ENSG00000258660.1	UTR|exon|gene|transcript	416
chr14	20367908	20368324	ENSG00000129566.13	UTR|exon|gene|transcript	416
chr14	57409516	57409931	ENSG00000139977.14	UTR|exon|gene|transcript	415
chr14	49896636	49897051	ENSG00000165527.8	UTR|exon|gene|transcript	415
chr14	64484705	64485120	ENSG00000089775.12	UTR|exon|gene|transcript	415
chr14	81472606	81473020	ENSG00000071537.14	UTR|exon|gene|transcript	414
chr14	77423056	77423470	ENSG00000165555.10	UTR|exon|gene|transcript	414
chr14	52431158	52431572	ENSG00000087301.9	UTR|exon|gene|transcript	414
chr14	100282374	100282788	ENSG00000100811.15|ENSG00000259052.1	UTR|exon|gene|transcript	414
chr14	39388100	39388513	ENSG00000150527.18	UTR|exon|gene|transcript	413
chr14	29576528	29576941	ENSG00000184304.17	UTR|exon|gene|transcript	413
chr14	39181896	39182308	ENSG00000100941.9	UTR|exon|gene|transcript	412
chr14	85633814	85634226	ENSG00000185070.12	UTR|exon|gene|transcript	412
chr14	50156498	50156910	ENSG00000100485.12	UTR|exon|gene|transcript	412
chr14	95543273	95543684	ENSG00000182512.5	UTR|exon|gene|transcript	411
chr14	23569003	23569414	ENSG00000092051.18	UTR|exon|gene|transcript	411
chr14	24815661	24816071	ENSG00000168952.16	UTR|exon|gene|transcript	410
chr14	88613908	88614318	ENSG00000100722.20|ENSG00000165521.16	UTR|exon|gene|transcript	410
chr14	85627897	85628307	ENSG00000185070.12	UTR|exon|gene|transcript	410
chr14	62702536	62702946	ENSG00000140015.20	UTR|exon|gene|transcript	410
chr14	73702437	73702847	ENSG00000119661.15	UTR|exon|gene|transcript	410
chr14	60974699	60975108	ENSG00000126814.7|ENSG00000258892.1	UTR|exon|gene|transcript	409
chr14	64439172	64439581	ENSG00000100714.18|ENSG00000258824.2	UTR|exon|gene|transcript	409
chr14	85634768	85635177	ENSG00000185070.12	UTR|exon|gene|transcript	409
chr14	41700850	41701258	ENSG00000165379.14	UTR|exon|gene|transcript	408
chr14	88877410	88877817	ENSG00000165533.19	UTR|exon|gene|transcript	407
chr14	52004808	52005215	ENSG00000087302.9|ENSG00000087303.19	UTR|exon|gene|transcript	407
chr14	93245879	93246286	ENSG00000011114.15	UTR|exon|gene|transcript	407
chr14	73931840	73932247	ENSG00000119725.21|ENSG00000156050.10|ENSG00000258653.3|ENSG00000258891.1	UTR|exon|gene|transcript	407
chr14	24166566	24166972	ENSG00000213928.10|ENSG00000289757.1	UTR|exon|gene|transcript	406
chr14	104589847	104590253	ENSG00000184601.11|ENSG00000258986.7	UTR|exon|gene|transcript	406
chr14	95095366	95095771	ENSG00000100697.17	UTR|exon|gene|transcript	405
chr14	79865243	79865647	ENSG00000021645.20	UTR|exon|gene|transcript	404
chr14	85643692	85644095	ENSG00000185070.12	UTR|exon|gene|transcript	403
chr14	49577391	49577794	ENSG00000213741.11|ENSG00000244270.1	UTR|exon|gene|transcript	403
chr14	70728419	70728822	ENSG00000006432.16	UTR|exon|gene|transcript	403
chr14	62703136	62703539	ENSG00000140015.20	UTR|exon|gene|transcript	403
chr14	24006000	24006403	ENSG00000187630.18|ENSG00000215256.6|ENSG00000285467.1	UTR|exon|gene|transcript	403
chr14	76781732	76782134	ENSG00000071246.11|ENSG00000258301.3|ENSG00000258610.1	UTR|exon|gene|transcript	402
chr14	90527972	90528374	ENSG00000165914.15	UTR|exon|gene|transcript	402
chr14	21089013	21089414	ENSG00000165801.10	UTR|exon|gene|transcript	401
chr14	77474847	77475248	ENSG00000100593.18	UTR|exon|gene|transcript	401
chr14	69241955	69242356	ENSG00000081177.19|ENSG00000258520.1	UTR|exon|gene|transcript	401
chr14	22611074	22611474	ENSG00000100439.11	UTR|exon|gene|transcript	400
chr14	77131874	77132274	ENSG00000165548.11|ENSG00000177108.5|ENSG00000259164.1	UTR|exon|gene|transcript	400
chr14	33680643	33681042	ENSG00000151322.20|ENSG00000287777.1	UTR|exon|gene|transcript	399
chr14	49570983	49571382	ENSG00000213741.11	UTR|exon|gene|transcript	399
chr14	96932071	96932470	ENSG00000100749.9	UTR|exon|gene|transcript	399
chr14	72969756	72970155	ENSG00000165861.14	UTR|exon|gene|transcript	399
chr14	49572387	49572786	ENSG00000213741.11	UTR|exon|gene|transcript	399
chr14	88010388	88010786	ENSG00000140030.6	UTR|exon|gene|transcript	398
chr14	65061405	65061803	ENSG00000125952.21|ENSG00000125954.13|ENSG00000257365.8	UTR|exon|gene|transcript	398
chr14	96241690	96242086	ENSG00000168398.7|ENSG00000258691.1	UTR|exon|gene|transcript	396
chr14	75081410	75081806	ENSG00000119638.14|ENSG00000119703.15	UTR|exon|gene|transcript	396
chr14	57414233	57414629	ENSG00000139977.14	UTR|exon|gene|transcript	396
chr14	102214609	102215005	ENSG00000140153.18	UTR|exon|gene|transcript	396
chr14	95415301	95415697	ENSG00000176438.13	UTR|exon|gene|transcript	396
chr14	50327957	50328352	ENSG00000100490.10|ENSG00000125375.18	UTR|exon|gene|transcript	395
chr14	56297238	56297633	ENSG00000139946.11	UTR|exon|gene|transcript	395
chr14	101765880	101766275	ENSG00000078304.20	UTR|exon|gene|transcript	395
chr14	73219699	73220093	ENSG00000080815.20	UTR|exon|gene|transcript	394
chr14	31130394	31130788	ENSG00000092148.14|ENSG00000100478.16	UTR|exon|gene|transcript	394
chr14	31129448	31129842	ENSG00000092148.14|ENSG00000100478.16	UTR|exon|gene|transcript	394
chr14	69714592	69714986	ENSG00000100647.8	UTR|exon|gene|transcript	394
chr14	54426935	54427328	ENSG00000100528.12	UTR|exon|gene|transcript	393
chr14	104180501	104180894	ENSG00000066735.16	UTR|exon|gene|transcript	393
chr14	64227034	64227426	ENSG00000140009.19	UTR|exon|gene|transcript	392
chr14	52658150	52658541	ENSG00000197930.13	UTR|exon|gene|transcript	391
chr14	94619472	94619862	ENSG00000196136.18|ENSG00000273259.3	UTR|exon|gene|transcript	390
chr14	60145013	60145403	ENSG00000100612.14|ENSG00000126773.13	UTR|exon|gene|transcript	390
chr14	31446738	31447128	ENSG00000129480.14|ENSG00000203546.7|ENSG00000250365.7	UTR|exon|gene|transcript	390
chr14	74902551	74902941	ENSG00000119689.15	UTR|exon|gene|transcript	390
chr14	23521337	23521727	ENSG00000136367.15|ENSG00000157306.14	UTR|exon|gene|transcript	390
chr14	23272977	23273366	ENSG00000215277.9|ENSG00000290292.10	UTR|exon|gene|transcript	389
chr14	74836920	74837309	ENSG00000119596.18	UTR|exon|gene|transcript	389
chr14	75016396	75016785	ENSG00000119684.16	UTR|exon|gene|transcript	389
chr14	23098271	23098659	ENSG00000179933.6	UTR|exon|gene|transcript	388
chr14	60146047	60146435	ENSG00000100612.14|ENSG00000126773.13	UTR|exon|gene|transcript	388
chr14	22877596	22877983	ENSG00000197324.9	UTR|exon|gene|transcript	387
chr14	76803987	76804374	ENSG00000013523.11	UTR|exon|gene|transcript	387
chr14	24418896	24419283	ENSG00000205978.6	UTR|exon|gene|transcript	387
chr14	67677392	67677779	ENSG00000072042.13|ENSG00000258466.5	UTR|exon|gene|transcript	387
chr14	105836764	105837150	ENSG00000211898.8	UTR|exon|gene|transcript	386
chr14	60147836	60148221	ENSG00000100612.14|ENSG00000126773.13	UTR|exon|gene|transcript	385
chr14	57208159	57208544	ENSG00000070367.17	UTR|exon|gene|transcript	385
chr14	96281837	96282222	ENSG00000066739.12	UTR|exon|gene|transcript	385
chr14	50632660	50633045	ENSG00000151748.15|ENSG00000198513.14	UTR|exon|gene|transcript	385
chr14	104052281	104052665	ENSG00000156414.20	UTR|exon|gene|transcript	384
chr14	64745074	64745458	ENSG00000126822.18	UTR|exon|gene|transcript	384
chr14	35870477	35870860	ENSG00000100916.14	UTR|exon|gene|transcript	383
chr14	88615434	88615817	ENSG00000100722.20|ENSG00000165521.16	UTR|exon|gene|transcript	383
chr14	92685252	92685635	ENSG00000100599.16	UTR|exon|gene|transcript	383
chr14	35539159	35539541	ENSG00000174373.17	UTR|exon|gene|transcript	382
chr14	76498912	76499294	ENSG00000119715.15|ENSG00000259124.1	UTR|exon|gene|transcript	382
chr14	100334492	100334874	ENSG00000140105.18|ENSG00000258666.1	UTR|exon|gene|transcript	382
chr14	72612611	72612993	ENSG00000205683.12	UTR|exon|gene|transcript	382
chr14	74821200	74821581	ENSG00000119596.18	UTR|exon|gene|transcript	381
chr14	90855979	90856360	ENSG00000100784.12	UTR|exon|gene|transcript	381
chr14	37738775	37739155	ENSG00000139865.17	UTR|exon|gene|transcript	380
chr14	103940425	103940805	ENSG00000156414.20|ENSG00000227729.5	UTR|exon|gene|transcript	380
chr14	33925510	33925890	ENSG00000129521.15	UTR|exon|gene|transcript	380
chr14	90852347	90852726	ENSG00000100784.12	UTR|exon|gene|transcript	379
chr14	45114913	45115291	ENSG00000185246.18	UTR|exon|gene|transcript	378
chr14	92493922	92494300	ENSG00000140090.18	UTR|exon|gene|transcript	378
chr14	99398091	99398468	ENSG00000183576.13	UTR|exon|gene|transcript	377
chr14	73024508	73024885	ENSG00000165861.14	UTR|exon|gene|transcript	377
chr14	75954446	75954823	ENSG00000119650.13|ENSG00000119685.20	UTR|exon|gene|transcript	377
chr14	77459838	77460214	ENSG00000100591.8	UTR|exon|gene|transcript	376
chr14	73222649	73223025	ENSG00000080815.20	UTR|exon|gene|transcript	376
chr14	36298706	36299082	ENSG00000151332.20	UTR|exon|gene|transcript	376
chr14	99491945	99492320	ENSG00000090061.17	UTR|exon|gene|transcript	375
chr14	41904175	41904549	ENSG00000165379.14	UTR|exon|gene|transcript	374
chr14	100240736	100241110	ENSG00000100811.15	UTR|exon|gene|transcript	374
chr14	64482470	64482844	ENSG00000089775.12	UTR|exon|gene|transcript	374
chr14	99173587	99173960	ENSG00000127152.18	UTR|exon|gene|transcript	373
chr14	22846378	22846750	ENSG00000157227.14	UTR|exon|gene|transcript	372
chr14	75077619	75077991	ENSG00000119703.15	UTR|exon|gene|transcript	372
chr14	100879752	100880124	ENSG00000254656.3|ENSG00000258399.8	UTR|exon|gene|transcript	372
chr14	92495879	92496251	ENSG00000140090.18	UTR|exon|gene|transcript	372
chr14	49895091	49895462	ENSG00000165527.8	UTR|exon|gene|transcript	371
chr14	95409944	95410315	ENSG00000176438.13	UTR|exon|gene|transcript	371
chr14	79865934	79866305	ENSG00000021645.20	UTR|exon|gene|transcript	371
chr14	96533851	96534222	ENSG00000090060.19	UTR|exon|gene|transcript	371
chr14	22895788	22896159	ENSG00000100461.18	UTR|exon|gene|transcript	371
chr14	102505732	102506103	ENSG00000156381.9	UTR|exon|gene|transcript	371
chr14	73120391	73120761	ENSG00000119707.14	UTR|exon|gene|transcript	370
chr14	94462722	94463092	ENSG00000170054.16|ENSG00000256357.1	UTR|exon|gene|transcript	370
chr14	53044121	53044491	ENSG00000100523.17	UTR|exon|gene|transcript	370
chr14	19782881	19783251	ENSG00000176294.6|ENSG00000176299.5	UTR|exon|gene|transcript	370
chr14	20140842	20141211	ENSG00000184394.3	UTR|exon|gene|transcript	369
chr14	95089269	95089638	ENSG00000100697.17	UTR|exon|gene|transcript	369
chr14	91969143	91969512	ENSG00000100815.12	UTR|exon|gene|transcript	369
chr14	49625173	49625541	ENSG00000165506.15	UTR|exon|gene|transcript	368
chr14	63371363	63371731	ENSG00000154001.14	UTR|exon|gene|transcript	368
chr14	101797333	101797701	ENSG00000078304.20|ENSG00000259088.1	UTR|exon|gene|transcript	368
chr14	59369777	59370144	ENSG00000100592.16	UTR|exon|gene|transcript	367
chr14	95132052	95132419	ENSG00000100697.17	UTR|exon|gene|transcript	367
chr14	50759993	50760359	ENSG00000100503.27	UTR|exon|gene|transcript	366
chr14	64743703	64744069	ENSG00000126822.18	UTR|exon|gene|transcript	366
chr14	54939447	54939813	ENSG00000198554.12	UTR|exon|gene|transcript	366
chr14	94282947	94283312	ENSG00000140093.10	UTR|exon|gene|transcript	365
chr14	20003105	20003470	ENSG00000196383.7	UTR|exon|gene|transcript	365
chr14	70325594	70325959	ENSG00000133983.16|ENSG00000259033.2	UTR|exon|gene|transcript	365
chr14	76779610	76779975	ENSG00000071246.11|ENSG00000258610.1|ENSG00000259081.1	UTR|exon|gene|transcript	365
chr14	75078743	75079107	ENSG00000119703.15	UTR|exon|gene|transcript	364
chr14	24305216	24305580	ENSG00000136305.12|ENSG00000196943.14	UTR|exon|gene|transcript	364
chr14	81499079	81499443	ENSG00000071537.14	UTR|exon|gene|transcript	364
chr14	38211827	38212191	ENSG00000139874.6	UTR|exon|gene|transcript	364
chr14	90267859	90268223	ENSG00000100764.14|ENSG00000119720.18	UTR|exon|gene|transcript	364
chr14	105009572	105009935	ENSG00000140104.14|ENSG00000170779.11	UTR|exon|gene|transcript	363
chr14	58512627	58512990	ENSG00000100578.18	UTR|exon|gene|transcript	363
chr14	90533157	90533520	ENSG00000165914.15	UTR|exon|gene|transcript	363
chr14	96237715	96238078	ENSG00000168398.7|ENSG00000258691.1	UTR|exon|gene|transcript	363
chr14	32732765	32733128	ENSG00000151320.11	UTR|exon|gene|transcript	363
chr14	24004392	24004754	ENSG00000187630.18|ENSG00000215256.6|ENSG00000285467.1	UTR|exon|gene|transcript	362
chr14	74200442	74200804	ENSG00000205659.12	UTR|exon|gene|transcript	362
chr14	44504148	44504509	ENSG00000189139.6	UTR|exon|gene|transcript	361
chr14	94227485	94227846	ENSG00000119698.12	UTR|exon|gene|transcript	361
chr14	20512837	20513198	ENSG00000182545.7	UTR|exon|gene|transcript	361
chr14	90535346	90535707	ENSG00000165914.15	UTR|exon|gene|transcript	361
chr14	80478046	80478407	ENSG00000100629.17	UTR|exon|gene|transcript	361
chr14	69051854	69052214	ENSG00000139990.18	UTR|exon|gene|transcript	360
chr14	65069715	65070075	ENSG00000125952.21	UTR|exon|gene|transcript	360
chr14	20556093	20556451	ENSG00000188655.11	UTR|exon|gene|transcript	358
chr14	35931771	35932129	ENSG00000100916.14|ENSG00000258342.4	UTR|exon|gene|transcript	358
chr14	91780178	91780535	ENSG00000133962.8|ENSG00000165929.13	UTR|exon|gene|transcript	357
chr14	69237574	69237931	ENSG00000081177.19	UTR|exon|gene|transcript	357
chr14	20748024	20748380	ENSG00000181562.5	UTR|exon|gene|transcript	356
chr14	37545673	37546029	ENSG00000151338.21	UTR|exon|gene|transcript	356
chr14	88623711	88624066	ENSG00000100722.20|ENSG00000165521.16	UTR|exon|gene|transcript	355
chr14	64947998	64948353	ENSG00000125954.13|ENSG00000139998.16	UTR|exon|gene|transcript	355
chr14	81265018	81265372	ENSG00000140022.14	UTR|exon|gene|transcript	354
chr14	103912694	103913048	ENSG00000156411.10	UTR|exon|gene|transcript	354
chr14	20030384	20030738	ENSG00000176253.4	UTR|exon|gene|transcript	354
chr14	90290220	90290574	ENSG00000119720.18	UTR|exon|gene|transcript	354
chr14	67647693	67648046	ENSG00000081181.8|ENSG00000100568.11	UTR|exon|gene|transcript	353
chr14	92168266	92168619	ENSG00000165934.13	UTR|exon|gene|transcript	353
chr14	92163203	92163556	ENSG00000165934.13	UTR|exon|gene|transcript	353
chr14	72957669	72958021	ENSG00000119599.17	UTR|exon|gene|transcript	352
chr14	39399163	39399515	ENSG00000165355.8	UTR|exon|gene|transcript	352
chr14	62128045	62128397	ENSG00000186369.12|ENSG00000289503.1|ENSG00000293464.1	UTR|exon|gene|transcript	352
chr14	51728769	51729121	ENSG00000139926.16	UTR|exon|gene|transcript	352
chr14	70671924	70672275	ENSG00000133985.3	UTR|exon|gene|transcript	351
chr14	55367756	55368107	ENSG00000126775.9|ENSG00000178974.11	UTR|exon|gene|transcript	351
chr14	24079082	24079433	ENSG00000129535.13	UTR|exon|gene|transcript	351
chr14	34515958	34516309	ENSG00000129518.10	UTR|exon|gene|transcript	351
chr14	92839446	92839796	ENSG00000066455.13	UTR|exon|gene|transcript	350
chr14	105010633	105010983	ENSG00000170779.11	UTR|exon|gene|transcript	350
chr14	52010012	52010362	ENSG00000087302.9|ENSG00000087303.19	UTR|exon|gene|transcript	350
chr14	69241100	69241449	ENSG00000081177.19|ENSG00000258520.1	UTR|exon|gene|transcript	349
chr14	76213351	76213700	ENSG00000089916.18	UTR|exon|gene|transcript	349
chr14	37550910	37551259	ENSG00000151338.21	UTR|exon|gene|transcript	349
chr14	68787995	68788343	ENSG00000185650.10	UTR|exon|gene|transcript	348
chr14	31093117	31093465	ENSG00000100478.16	UTR|exon|gene|transcript	348
chr14	34711511	34711857	ENSG00000165410.15	UTR|exon|gene|transcript	346
chr14	100277796	100278142	ENSG00000100811.15	UTR|exon|gene|transcript	346
chr14	26470117	26470463	ENSG00000139910.20	UTR|exon|gene|transcript	346
chr14	77475248	77475594	ENSG00000100593.18	UTR|exon|gene|transcript	346
chr14	94292678	94293024	ENSG00000140093.10	UTR|exon|gene|transcript	346
chr14	37842348	37842694	ENSG00000139865.17	UTR|exon|gene|transcript	346
chr14	69353968	69354313	ENSG00000100626.17	UTR|exon|gene|transcript	345
chr14	93706904	93707249	ENSG00000133958.14	UTR|exon|gene|transcript	345
chr14	88478919	88479264	ENSG00000070778.13	UTR|exon|gene|transcript	345
chr14	31100252	31100596	ENSG00000092148.14|ENSG00000100478.16	UTR|exon|gene|transcript	344
chr14	90272868	90273212	ENSG00000100764.14|ENSG00000119720.18	UTR|exon|gene|transcript	344
chr14	95088664	95089008	ENSG00000100697.17	UTR|exon|gene|transcript	344
chr14	64467787	64468131	ENSG00000089775.12|ENSG00000179841.8	UTR|exon|gene|transcript	344
chr14	52727995	52728338	ENSG00000100519.12	UTR|exon|gene|transcript	343
chr14	92941165	92941508	ENSG00000100605.17	UTR|exon|gene|transcript	343
chr14	104719260	104719603	ENSG00000203485.14	UTR|exon|gene|transcript	343
chr14	95187393	95187736	ENSG00000165959.12	UTR|exon|gene|transcript	343
chr14	94049139	94049482	ENSG00000089737.19	UTR|exon|gene|transcript	343
chr14	23309121	23309463	ENSG00000129473.11|ENSG00000258643.6	UTR|exon|gene|transcript	342
chr14	95412482	95412824	ENSG00000176438.13	UTR|exon|gene|transcript	342
chr14	99502376	99502718	ENSG00000090061.17|ENSG00000205476.9	UTR|exon|gene|transcript	342
chr14	67386986	67387328	ENSG00000100558.9	UTR|exon|gene|transcript	342
chr14	65075201	65075543	ENSG00000125952.21	UTR|exon|gene|transcript	342
chr14	81145646	81145988	ENSG00000165409.18|ENSG00000284959.3	UTR|exon|gene|transcript	342
chr14	20557083	20557424	ENSG00000188655.11	UTR|exon|gene|transcript	341
chr14	67204606	67204947	ENSG00000172717.17	UTR|exon|gene|transcript	341
chr14	102232998	102233338	ENSG00000080823.23	UTR|exon|gene|transcript	340
chr14	30619724	30620064	ENSG00000092140.16	UTR|exon|gene|transcript	340
chr14	58549660	58549999	ENSG00000100578.18	UTR|exon|gene|transcript	339
chr14	76173697	76174035	ENSG00000089916.18	UTR|exon|gene|transcript	338
chr14	75958115	75958453	ENSG00000119650.13|ENSG00000119699.8	UTR|exon|gene|transcript	338
chr14	95183384	95183722	ENSG00000165959.12	UTR|exon|gene|transcript	338
chr14	85630740	85631078	ENSG00000185070.12	UTR|exon|gene|transcript	338
chr14	88622266	88622603	ENSG00000100722.20|ENSG00000165521.16	UTR|exon|gene|transcript	337
chr14	64482946	64483283	ENSG00000089775.12	UTR|exon|gene|transcript	337
chr14	52006064	52006401	ENSG00000087302.9|ENSG00000087303.19	UTR|exon|gene|transcript	337
chr14	90532194	90532531	ENSG00000165914.15	UTR|exon|gene|transcript	337
chr14	105394869	105395206	ENSG00000179364.15	UTR|exon|gene|transcript	337
chr14	102210134	102210470	ENSG00000140153.18	UTR|exon|gene|transcript	336
chr14	70047360	70047696	ENSG00000100678.20	UTR|exon|gene|transcript	336
chr14	99501019	99501355	ENSG00000090061.17|ENSG00000205476.9	UTR|exon|gene|transcript	336
chr14	23521002	23521337	ENSG00000136367.15|ENSG00000157306.14	UTR|exon|gene|transcript	335
chr14	19829010	19829345	ENSG00000176294.6	UTR|exon|gene|transcript	335
chr14	35113199	35113534	ENSG00000092020.11|ENSG00000151327.14	UTR|exon|gene|transcript	335
chr14	54702061	54702396	ENSG00000020577.14|ENSG00000285774.5	UTR|exon|gene|transcript	335
chr14	23645302	23645637	ENSG00000100867.15	UTR|exon|gene|transcript	335
chr14	64934697	64935031	ENSG00000125954.13|ENSG00000258289.10	UTR|exon|gene|transcript	334
chr14	103697682	103698015	ENSG00000126214.22|ENSG00000126215.14	UTR|exon|gene|transcript	333
chr14	22612358	22612691	ENSG00000100439.11	UTR|exon|gene|transcript	333
chr14	74855342	74855675	ENSG00000119596.18|ENSG00000119608.15	UTR|exon|gene|transcript	333
chr14	31100596	31100929	ENSG00000092148.14|ENSG00000100478.16	UTR|exon|gene|transcript	333
chr14	88621424	88621756	ENSG00000100722.20|ENSG00000165521.16	UTR|exon|gene|transcript	332
chr14	93718297	93718629	ENSG00000175785.13	UTR|exon|gene|transcript	332
chr14	76779975	76780307	ENSG00000071246.11|ENSG00000258610.1|ENSG00000259081.1	UTR|exon|gene|transcript	332
chr14	96933671	96934002	ENSG00000100749.9	UTR|exon|gene|transcript	331
chr14	37551259	37551590	ENSG00000151338.21	UTR|exon|gene|transcript	331
chr14	104592178	104592509	ENSG00000258986.7	UTR|exon|gene|transcript	331
chr14	74661274	74661605	ENSG00000119682.18	UTR|exon|gene|transcript	331
chr14	55353267	55353598	ENSG00000178974.11	UTR|exon|gene|transcript	331
chr14	99513576	99513906	ENSG00000090061.17|ENSG00000205476.9	UTR|exon|gene|transcript	330
chr14	38253999	38254329	ENSG00000176435.7	UTR|exon|gene|transcript	330
chr14	68874352	68874682	ENSG00000072110.16	UTR|exon|gene|transcript	330
chr14	91621607	91621937	ENSG00000133962.8	UTR|exon|gene|transcript	330
chr14	73697773	73698102	ENSG00000119661.15	UTR|exon|gene|transcript	329
chr14	22894117	22894446	ENSG00000100461.18	UTR|exon|gene|transcript	329
chr14	35274660	35274988	ENSG00000100890.16|ENSG00000258790.1	UTR|exon|gene|transcript	328
chr14	19748875	19749203	ENSG00000176294.6|ENSG00000182652.4	UTR|exon|gene|transcript	328
chr14	60969637	60969965	ENSG00000020426.11|ENSG00000258892.1	UTR|exon|gene|transcript	328
chr14	79867652	79867980	ENSG00000021645.20	UTR|exon|gene|transcript	328
chr14	100278142	100278470	ENSG00000100811.15	UTR|exon|gene|transcript	328
chr14	57410002	57410330	ENSG00000139977.14	UTR|exon|gene|transcript	328
chr14	33213677	33214005	ENSG00000151322.20	UTR|exon|gene|transcript	328
chr14	60065666	60065993	ENSG00000131951.12|ENSG00000258553.5	UTR|exon|gene|transcript	327
chr14	63291184	63291511	ENSG00000126785.13	UTR|exon|gene|transcript	327
chr14	70372487	70372814	ENSG00000133983.16|ENSG00000213463.5|ENSG00000258644.6	UTR|exon|gene|transcript	327
chr14	52774614	52774941	ENSG00000198252.12	UTR|exon|gene|transcript	327
chr14	74858079	74858406	ENSG00000119596.18|ENSG00000119608.15	UTR|exon|gene|transcript	327
chr14	103574406	103574732	ENSG00000126214.22|ENSG00000256053.9|ENSG00000256500.6	UTR|exon|gene|transcript	326
chr14	67181093	67181419	ENSG00000171723.16	UTR|exon|gene|transcript	326
chr14	24124198	24124524	ENSG00000100897.18|ENSG00000259371.2	UTR|exon|gene|transcript	326
chr14	69242358	69242684	ENSG00000081177.19|ENSG00000258520.1	UTR|exon|gene|transcript	326
chr14	104769646	104769971	ENSG00000142208.18|ENSG00000258430.1	UTR|exon|gene|transcript	325
chr14	73119805	73120129	ENSG00000119707.14	UTR|exon|gene|transcript	324
chr14	69461702	69462026	ENSG00000029364.12	UTR|exon|gene|transcript	324
chr14	74057722	74058045	ENSG00000119636.16|ENSG00000119711.13	UTR|exon|gene|transcript	323
chr14	67591829	67592152	ENSG00000100564.9	UTR|exon|gene|transcript	323
chr14	64055943	64056266	ENSG00000054654.20	UTR|exon|gene|transcript	323
chr14	24160682	24161005	ENSG00000259529.2	UTR|exon|gene|transcript	323
chr14	37564423	37564746	ENSG00000151338.21|ENSG00000259087.5	UTR|exon|gene|transcript	323
chr14	88480031	88480352	ENSG00000070778.13	UTR|exon|gene|transcript	321
chr14	24165525	24165846	ENSG00000213928.10|ENSG00000259529.2	UTR|exon|gene|transcript	321
chr14	53042821	53043142	ENSG00000100523.17	UTR|exon|gene|transcript	321
chr14	21569481	21569802	ENSG00000169208.3	UTR|exon|gene|transcript	321
chr14	104589020	104589340	ENSG00000184601.11|ENSG00000258986.7|ENSG00000259037.1	UTR|exon|gene|transcript	320
chr14	96532696	96533016	ENSG00000090060.19	UTR|exon|gene|transcript	320
chr14	23047659	23047979	ENSG00000139880.21	UTR|exon|gene|transcript	320
chr14	24069404	24069724	ENSG00000186648.15	UTR|exon|gene|transcript	320
chr14	24631538	24631857	ENSG00000100453.14|ENSG00000258657.5	UTR|exon|gene|transcript	319
chr14	73275217	73275536	ENSG00000133961.21	UTR|exon|gene|transcript	319
chr14	19821934	19822253	ENSG00000176294.6	UTR|exon|gene|transcript	319
chr14	59369434	59369753	ENSG00000100592.16	UTR|exon|gene|transcript	319
chr14	99941695	99942014	ENSG00000066629.19	UTR|exon|gene|transcript	319
chr14	94592796	94593115	ENSG00000188488.14|ENSG00000273259.3	UTR|exon|gene|transcript	319
chr14	75281711	75282029	ENSG00000170345.10	UTR|exon|gene|transcript	318
chr14	23509544	23509862	ENSG00000129460.17	UTR|exon|gene|transcript	318
chr14	102933012	102933329	ENSG00000166126.11|ENSG00000198752.11	UTR|exon|gene|transcript	317
chr14	102054996	102055313	ENSG00000197102.14|ENSG00000293472.1	UTR|exon|gene|transcript	317
chr14	64480352	64480669	ENSG00000089775.12	UTR|exon|gene|transcript	317
chr14	96488843	96489160	ENSG00000140057.9	UTR|exon|gene|transcript	317
chr14	52640521	52640838	ENSG00000197930.13	UTR|exon|gene|transcript	317
chr14	24437952	24438269	ENSG00000100441.10	UTR|exon|gene|transcript	317
chr14	22633219	22633536	ENSG00000255804.2	UTR|exon|gene|transcript	317
chr14	21673089	21673405	ENSG00000276240.4	UTR|exon|gene|transcript	316
chr14	69089933	69090249	ENSG00000139990.18|ENSG00000289180.2	UTR|exon|gene|transcript	316
chr14	74738304	74738620	ENSG00000119616.11	UTR|exon|gene|transcript	316
chr14	55684260	55684576	ENSG00000126777.18	UTR|exon|gene|transcript	316
chr14	103709926	103710242	ENSG00000126214.22|ENSG00000126215.14	UTR|exon|gene|transcript	316
chr14	92494716	92495032	ENSG00000140090.18	UTR|exon|gene|transcript	316
chr14	60293355	60293671	ENSG00000100614.18	UTR|exon|gene|transcript	316
chr14	99503294	99503610	ENSG00000090061.17|ENSG00000205476.9	UTR|exon|gene|transcript	316
chr14	76058768	76059084	ENSG00000119650.13	UTR|exon|gene|transcript	316
chr14	77672759	77673074	ENSG00000100601.10	UTR|exon|gene|transcript	315
chr14	104792811	104793126	ENSG00000142208.18	UTR|exon|gene|transcript	315
chr14	101985686	101986001	ENSG00000197102.14	UTR|exon|gene|transcript	315
chr14	81145988	81146302	ENSG00000165409.18|ENSG00000284959.3	UTR|exon|gene|transcript	314
chr14	55367146	55367460	ENSG00000126775.9|ENSG00000178974.11	UTR|exon|gene|transcript	314
chr14	102499175	102499488	ENSG00000196663.16	UTR|exon|gene|transcript	313
chr14	37551920	37552233	ENSG00000151338.21	UTR|exon|gene|transcript	313
chr14	60644930	60645243	ENSG00000126778.12	UTR|exon|gene|transcript	313
chr14	60644383	60644695	ENSG00000126778.12	UTR|exon|gene|transcript	312
chr14	23275182	23275493	ENSG00000290292.10	UTR|exon|gene|transcript	311
chr14	73222268	73222579	ENSG00000080815.20	UTR|exon|gene|transcript	311
chr14	104714969	104715280	ENSG00000203485.14	UTR|exon|gene|transcript	311
chr14	64027483	64027793	ENSG00000054654.20	UTR|exon|gene|transcript	310
chr14	45200264	45200574	ENSG00000187790.12	UTR|exon|gene|transcript	310
chr14	19748369	19748678	ENSG00000176294.6|ENSG00000182652.4	UTR|exon|gene|transcript	309
chr14	102223358	102223667	ENSG00000140153.18	UTR|exon|gene|transcript	309
chr14	103712435	103712744	ENSG00000126214.22|ENSG00000126215.14	UTR|exon|gene|transcript	309
chr14	45164601	45164910	ENSG00000187790.12	UTR|exon|gene|transcript	309
chr14	69459779	69460087	ENSG00000029364.12	UTR|exon|gene|transcript	308
chr14	76196129	76196437	ENSG00000089916.18	UTR|exon|gene|transcript	308
chr14	71111090	71111397	ENSG00000100731.16	UTR|exon|gene|transcript	307
chr14	64003023	64003330	ENSG00000054654.20	UTR|exon|gene|transcript	307
chr14	74059106	74059413	ENSG00000119636.16|ENSG00000119711.13	UTR|exon|gene|transcript	307
chr14	102052547	102052854	ENSG00000197102.14|ENSG00000258959.3|ENSG00000293472.1	UTR|exon|gene|transcript	307
chr14	21016914	21017220	ENSG00000165795.25	UTR|exon|gene|transcript	306
chr14	30706449	30706755	ENSG00000092108.22	UTR|exon|gene|transcript	306
chr14	100139027	100139333	ENSG00000196405.13	UTR|exon|gene|transcript	306
chr14	36473287	36473593	ENSG00000229415.10|ENSG00000257520.2|ENSG00000283098.2	UTR|exon|gene|transcript	306
chr14	21325867	21326173	ENSG00000092200.13	UTR|exon|gene|transcript	306
chr14	72670659	72670965	ENSG00000205683.12	UTR|exon|gene|transcript	306
chr14	96398293	96398599	ENSG00000140057.9	UTR|exon|gene|transcript	306
chr14	96881614	96881919	ENSG00000100749.9	UTR|exon|gene|transcript	305
chr14	92167587	92167892	ENSG00000165934.13	UTR|exon|gene|transcript	305
chr14	104719605	104719910	ENSG00000203485.14	UTR|exon|gene|transcript	305
chr14	85637004	85637309	ENSG00000185070.12	UTR|exon|gene|transcript	305
chr14	74904989	74905294	ENSG00000198208.12	UTR|exon|gene|transcript	305
chr14	75011950	75012254	ENSG00000119718.11|ENSG00000279594.1	UTR|exon|gene|transcript	304
chr14	104989088	104989392	ENSG00000140104.14	UTR|exon|gene|transcript	304
chr14	69386654	69386958	ENSG00000100632.11	UTR|exon|gene|transcript	304
chr14	64002719	64003023	ENSG00000054654.20	UTR|exon|gene|transcript	304
chr14	105490505	105490808	ENSG00000185347.19|ENSG00000257341.5	UTR|exon|gene|transcript	303
chr14	57297268	57297570	ENSG00000053770.12	UTR|exon|gene|transcript	302
chr14	22973140	22973442	ENSG00000129474.17|ENSG00000259132.1	UTR|exon|gene|transcript	302
chr14	68595330	68595632	ENSG00000182185.19	UTR|exon|gene|transcript	302
chr14	101765267	101765568	ENSG00000078304.20	UTR|exon|gene|transcript	301
chr14	67648183	67648484	ENSG00000081181.8|ENSG00000100568.11	UTR|exon|gene|transcript	301
chr14	96565106	96565407	ENSG00000090060.19	UTR|exon|gene|transcript	301
chr14	96093220	96093521	ENSG00000227051.7	UTR|exon|gene|transcript	301
chr14	52928044	52928345	ENSG00000073712.15|ENSG00000285664.2	UTR|exon|gene|transcript	301
chr14	85621138	85621439	ENSG00000185070.12	UTR|exon|gene|transcript	301
chr14	79862125	79862425	ENSG00000021645.20	UTR|exon|gene|transcript	300
chr14	64478925	64479225	ENSG00000089775.12	UTR|exon|gene|transcript	300
chr14	62101713	62102013	ENSG00000139973.18|ENSG00000289503.1	UTR|exon|gene|transcript	300
chr14	99411278	99411577	ENSG00000183576.13	UTR|exon|gene|transcript	299
chr14	50559551	50559850	ENSG00000012983.12|ENSG00000198513.14	UTR|exon|gene|transcript	299
chr14	79864417	79864716	ENSG00000021645.20	UTR|exon|gene|transcript	299
chr14	88622718	88623017	ENSG00000100722.20|ENSG00000165521.16	UTR|exon|gene|transcript	299
chr14	105009935	105010233	ENSG00000140104.14|ENSG00000170779.11	UTR|exon|gene|transcript	298
chr14	23556370	23556668	ENSG00000157306.14|ENSG00000259431.6	UTR|exon|gene|transcript	298
chr14	50727305	50727603	ENSG00000100503.27	UTR|exon|gene|transcript	298
chr14	103343228	103343525	ENSG00000100664.11	UTR|exon|gene|transcript	297
chr14	94282255	94282552	ENSG00000140093.10	UTR|exon|gene|transcript	297
chr14	94039085	94039381	ENSG00000089723.10	UTR|exon|gene|transcript	296
chr14	44506987	44507283	ENSG00000189139.6	UTR|exon|gene|transcript	296
chr14	20035641	20035937	ENSG00000176253.4	UTR|exon|gene|transcript	296
chr14	69712962	69713257	ENSG00000100647.8	UTR|exon|gene|transcript	295
chr14	52641957	52642252	ENSG00000197930.13	UTR|exon|gene|transcript	295
chr14	55046847	55047142	ENSG00000180008.9	UTR|exon|gene|transcript	295
chr14	92493628	92493922	ENSG00000140090.18	UTR|exon|gene|transcript	294
chr14	90849619	90849913	ENSG00000100784.12	UTR|exon|gene|transcript	294
chr14	105620821	105621115	ENSG00000211892.4	UTR|exon|gene|transcript	294
chr14	20582891	20583185	ENSG00000173464.16|ENSG00000259060.7	UTR|exon|gene|transcript	294
chr14	74498618	74498912	ENSG00000119681.12	UTR|exon|gene|transcript	294
chr14	74500410	74500704	ENSG00000119681.12	UTR|exon|gene|transcript	294
chr14	96934139	96934432	ENSG00000100749.9	UTR|exon|gene|transcript	293
chr14	69531259	69531551	ENSG00000175985.10	UTR|exon|gene|transcript	292
chr14	64025129	64025421	ENSG00000054654.20	UTR|exon|gene|transcript	292
chr14	21579785	21580076	ENSG00000169208.3	UTR|exon|gene|transcript	291
chr14	67588940	67589231	ENSG00000054690.14|ENSG00000100564.9	UTR|exon|gene|transcript	291
chr14	99504749	99505040	ENSG00000090061.17|ENSG00000205476.9	UTR|exon|gene|transcript	291
chr14	21210612	21210903	ENSG00000092199.19	UTR|exon|gene|transcript	291
chr14	88594436	88594726	ENSG00000100722.20	UTR|exon|gene|transcript	290
chr14	103590896	103591185	ENSG00000126214.22|ENSG00000256053.9|ENSG00000256500.6	UTR|exon|gene|transcript	289
chr14	63293219	63293508	ENSG00000126785.13	UTR|exon|gene|transcript	289
chr14	85627604	85627893	ENSG00000185070.12	UTR|exon|gene|transcript	289
chr14	56648187	56648476	ENSG00000070269.14|ENSG00000258428.5	UTR|exon|gene|transcript	289
chr14	24816652	24816939	ENSG00000168952.16	UTR|exon|gene|transcript	287
chr14	88615854	88616141	ENSG00000100722.20|ENSG00000165521.16	UTR|exon|gene|transcript	287
chr14	100529337	100529624	ENSG00000176473.14	UTR|exon|gene|transcript	287
chr14	45115309	45115596	ENSG00000185246.18	UTR|exon|gene|transcript	287
chr14	102465324	102465610	ENSG00000196663.16	UTR|exon|gene|transcript	286
chr14	99412471	99412757	ENSG00000183576.13	UTR|exon|gene|transcript	286
chr14	21498369	21498655	ENSG00000092203.15|ENSG00000165819.12	UTR|exon|gene|transcript	286
chr14	50634827	50635112	ENSG00000151748.15	UTR|exon|gene|transcript	285
chr14	100330136	100330421	ENSG00000140107.12	UTR|exon|gene|transcript	285
chr14	73274126	73274411	ENSG00000100767.17	UTR|exon|gene|transcript	285
chr14	51489136	51489420	ENSG00000139926.16|ENSG00000258537.6	UTR|exon|gene|transcript	284
chr14	59371119	59371403	ENSG00000100592.16	UTR|exon|gene|transcript	284
chr14	64749696	64749980	ENSG00000070182.21|ENSG00000126822.18	UTR|exon|gene|transcript	284
chr14	69243682	69243965	ENSG00000081177.19|ENSG00000258520.1	UTR|exon|gene|transcript	283
chr14	85632483	85632766	ENSG00000185070.12	UTR|exon|gene|transcript	283
chr14	21460912	21461195	ENSG00000129472.15	UTR|exon|gene|transcript	283
chr14	49575855	49576138	ENSG00000213741.11	UTR|exon|gene|transcript	283
chr14	102005887	102006170	ENSG00000197102.14	UTR|exon|gene|transcript	283
chr14	30658097	30658380	ENSG00000092108.22	UTR|exon|gene|transcript	283
chr14	64944309	64944591	ENSG00000125954.13|ENSG00000258289.10	UTR|exon|gene|transcript	282
chr14	31173524	31173806	ENSG00000092148.14	UTR|exon|gene|transcript	282
chr14	22881358	22881639	ENSG00000197324.9	UTR|exon|gene|transcript	281
chr14	49785320	49785601	ENSG00000165516.11|ENSG00000165525.18	UTR|exon|gene|transcript	281
chr14	31085211	31085491	ENSG00000100478.16	UTR|exon|gene|transcript	280
chr14	75080358	75080638	ENSG00000119638.14|ENSG00000119703.15	UTR|exon|gene|transcript	280
chr14	20700296	20700576	ENSG00000258451.1|ENSG00000258818.4|ENSG00000259171.1	UTR|exon|gene|transcript	280
chr14	24309370	24309650	ENSG00000136305.12|ENSG00000213906.10	UTR|exon|gene|transcript	280
chr14	67279747	67280026	ENSG00000072415.10	UTR|exon|gene|transcript	279
chr14	58520921	58521200	ENSG00000100578.18	UTR|exon|gene|transcript	279
chr14	77720828	77721107	ENSG00000100603.14|ENSG00000119705.10	UTR|exon|gene|transcript	279
chr14	21089555	21089834	ENSG00000165801.10	UTR|exon|gene|transcript	279
chr14	77672403	77672681	ENSG00000100601.10	UTR|exon|gene|transcript	278
chr14	20699815	20700093	ENSG00000258451.1|ENSG00000258818.4|ENSG00000259171.1	UTR|exon|gene|transcript	278
chr14	19402485	19402763	ENSG00000187537.13	UTR|exon|gene|transcript	278
chr14	85651478	85651755	ENSG00000185070.12	UTR|exon|gene|transcript	277
chr14	102052854	102053131	ENSG00000197102.14|ENSG00000293472.1	UTR|exon|gene|transcript	277
chr14	99669000	99669277	ENSG00000182218.10	UTR|exon|gene|transcript	277
chr14	96534608	96534885	ENSG00000090060.19	UTR|exon|gene|transcript	277
chr14	63598501	63598778	ENSG00000140006.12	UTR|exon|gene|transcript	277
chr14	99505933	99506210	ENSG00000090061.17|ENSG00000205476.9	UTR|exon|gene|transcript	277
chr14	23559250	23559526	ENSG00000157306.14|ENSG00000259431.6	UTR|exon|gene|transcript	276
chr14	95925286	95925562	ENSG00000250366.4	UTR|exon|gene|transcript	276
chr14	105241457	105241732	ENSG00000185024.18	UTR|exon|gene|transcript	275
chr14	68594713	68594988	ENSG00000182185.19	UTR|exon|gene|transcript	275
chr14	77116567	77116842	ENSG00000165548.11|ENSG00000198894.8|ENSG00000259164.1	UTR|exon|gene|transcript	275
chr14	73111527	73111802	ENSG00000119707.14	UTR|exon|gene|transcript	275
chr14	45138273	45138547	ENSG00000187790.12	UTR|exon|gene|transcript	274
chr14	34753233	34753507	ENSG00000198604.11	UTR|exon|gene|transcript	274
chr14	94467108	94467382	ENSG00000170054.16	UTR|exon|gene|transcript	274
chr14	103685042	103685316	ENSG00000126214.22|ENSG00000256500.6	UTR|exon|gene|transcript	274
chr14	74198977	74199251	ENSG00000205659.12	UTR|exon|gene|transcript	274
chr14	90304109	90304382	ENSG00000119720.18	UTR|exon|gene|transcript	273
chr14	45203836	45204108	ENSG00000129534.14	UTR|exon|gene|transcript	272
chr14	101983018	101983290	ENSG00000197102.14	UTR|exon|gene|transcript	272
chr14	74904537	74904809	ENSG00000198208.12	UTR|exon|gene|transcript	272
chr14	88618812	88619083	ENSG00000100722.20|ENSG00000165521.16	UTR|exon|gene|transcript	271
chr14	64744069	64744339	ENSG00000126822.18	UTR|exon|gene|transcript	270
chr14	70729665	70729935	ENSG00000006432.16	UTR|exon|gene|transcript	270
chr14	74286013	74286283	ENSG00000119688.21	UTR|exon|gene|transcript	270
chr14	63685834	63686104	ENSG00000126821.8	UTR|exon|gene|transcript	270
chr14	73493124	73493394	ENSG00000170468.8|ENSG00000187105.9	UTR|exon|gene|transcript	270
chr14	23125301	23125571	ENSG00000092068.21|ENSG00000288931.1	UTR|exon|gene|transcript	270
chr14	95093887	95094156	ENSG00000100697.17	UTR|exon|gene|transcript	269
chr14	30707082	30707351	ENSG00000092108.22	UTR|exon|gene|transcript	269
chr14	73100727	73100995	ENSG00000119707.14	UTR|exon|gene|transcript	268
chr14	96534222	96534490	ENSG00000090060.19	UTR|exon|gene|transcript	268
chr14	51730459	51730727	ENSG00000139926.16	UTR|exon|gene|transcript	268
chr14	94377508	94377776	ENSG00000197249.14	UTR|exon|gene|transcript	268
chr14	55049218	55049486	ENSG00000180008.9	UTR|exon|gene|transcript	268
chr14	62112133	62112400	ENSG00000139973.18|ENSG00000258903.2|ENSG00000289503.1	UTR|exon|gene|transcript	267
chr14	77508602	77508869	ENSG00000100596.8	UTR|exon|gene|transcript	267
chr14	39087523	39087790	ENSG00000100934.15	UTR|exon|gene|transcript	267
chr14	64070644	64070910	ENSG00000054654.20	UTR|exon|gene|transcript	266
chr14	64049610	64049876	ENSG00000054654.20	UTR|exon|gene|transcript	266
chr14	30675285	30675551	ENSG00000092108.22	UTR|exon|gene|transcript	266
chr14	20428545	20428810	ENSG00000185271.9	UTR|exon|gene|transcript	265
chr14	23308550	23308815	ENSG00000129473.11|ENSG00000258643.6	UTR|exon|gene|transcript	265
chr14	59504274	59504538	ENSG00000050130.18|ENSG00000258782.3	UTR|exon|gene|transcript	264
chr14	74858514	74858778	ENSG00000119596.18|ENSG00000119608.15	UTR|exon|gene|transcript	264
chr14	31148896	31149160	ENSG00000092148.14	UTR|exon|gene|transcript	264
chr14	96282250	96282514	ENSG00000066739.12	UTR|exon|gene|transcript	264
chr14	73884745	73885008	ENSG00000140043.12|ENSG00000258653.3|ENSG00000273711.2	UTR|exon|gene|transcript	263
chr14	39032940	39033203	ENSG00000100934.15	UTR|exon|gene|transcript	263
chr14	93720774	93721037	ENSG00000175785.13	UTR|exon|gene|transcript	263
chr14	64468131	64468394	ENSG00000089775.12|ENSG00000179841.8	UTR|exon|gene|transcript	263
chr14	22632023	22632285	ENSG00000255804.2	UTR|exon|gene|transcript	262
chr14	67447456	67447718	ENSG00000198133.9	UTR|exon|gene|transcript	262
chr14	69771654	69771915	ENSG00000100650.16	UTR|exon|gene|transcript	261
chr14	50326264	50326525	ENSG00000100490.10|ENSG00000125375.18	UTR|exon|gene|transcript	261
chr14	79866498	79866758	ENSG00000021645.20	UTR|exon|gene|transcript	260
chr14	95086243	95086503	ENSG00000100697.17	UTR|exon|gene|transcript	260
chr14	72957233	72957493	ENSG00000119599.17	UTR|exon|gene|transcript	260
chr14	22611692	22611952	ENSG00000100439.11	UTR|exon|gene|transcript	260
chr14	105396912	105397172	ENSG00000179364.15	UTR|exon|gene|transcript	260
chr14	105050099	105050359	ENSG00000183484.12	UTR|exon|gene|transcript	260
chr14	21017220	21017480	ENSG00000165795.25	UTR|exon|gene|transcript	260
chr14	23274922	23275182	ENSG00000290292.10	UTR|exon|gene|transcript	260
chr14	20033407	20033666	ENSG00000176253.4	UTR|exon|gene|transcript	259
chr14	96934776	96935035	ENSG00000100749.9	UTR|exon|gene|transcript	259
chr14	20289229	20289488	ENSG00000136319.12	UTR|exon|gene|transcript	259
chr14	88880554	88880812	ENSG00000165533.19	UTR|exon|gene|transcript	258
chr14	72969451	72969709	ENSG00000165861.14	UTR|exon|gene|transcript	258
chr14	81476300	81476558	ENSG00000071537.14	UTR|exon|gene|transcript	258
chr14	58550296	58550554	ENSG00000100578.18	UTR|exon|gene|transcript	258
chr14	22773315	22773572	ENSG00000155465.21	UTR|exon|gene|transcript	257
chr14	20995951	20996208	ENSG00000165792.18|ENSG00000258471.2	UTR|exon|gene|transcript	257
chr14	92171888	92172145	ENSG00000165934.13	UTR|exon|gene|transcript	257
chr14	102222883	102223140	ENSG00000140153.18	UTR|exon|gene|transcript	257
chr14	20199210	20199466	ENSG00000196832.5	UTR|exon|gene|transcript	256
chr14	101979718	101979974	ENSG00000197102.14	UTR|exon|gene|transcript	256
chr14	52857274	52857530	ENSG00000073712.15|ENSG00000285664.2	UTR|exon|gene|transcript	256
chr14	90531643	90531899	ENSG00000165914.15	UTR|exon|gene|transcript	256
chr14	63292963	63293219	ENSG00000126785.13	UTR|exon|gene|transcript	256
chr14	52774336	52774591	ENSG00000198252.12	UTR|exon|gene|transcript	255
chr14	24323088	24323343	ENSG00000129467.14	UTR|exon|gene|transcript	255
chr14	90853030	90853285	ENSG00000100784.12	UTR|exon|gene|transcript	255
chr14	50590109	50590364	ENSG00000198513.14	UTR|exon|gene|transcript	255
chr14	59472605	59472860	ENSG00000126790.12	UTR|exon|gene|transcript	255
chr14	22946269	22946524	ENSG00000092036.19|ENSG00000257285.7|ENSG00000259132.1	UTR|exon|gene|transcript	255
chr14	22465532	22465787	ENSG00000211829.9|ENSG00000251002.10	UTR|exon|gene|transcript	255
chr14	91224833	91225087	ENSG00000133943.21	UTR|exon|gene|transcript	254
chr14	87933468	87933722	ENSG00000054983.17	UTR|exon|gene|transcript	254
chr14	72959121	72959375	ENSG00000119599.17	UTR|exon|gene|transcript	254
chr14	103342386	103342640	ENSG00000100664.11	UTR|exon|gene|transcript	254
chr14	102209880	102210134	ENSG00000140153.18	UTR|exon|gene|transcript	254
chr14	76206780	76207034	ENSG00000089916.18	UTR|exon|gene|transcript	254
chr14	88616452	88616705	ENSG00000100722.20|ENSG00000165521.16	UTR|exon|gene|transcript	253
chr14	53055659	53055912	ENSG00000100523.17	UTR|exon|gene|transcript	253
chr14	103685316	103685569	ENSG00000126214.22|ENSG00000256500.6	UTR|exon|gene|transcript	253
chr14	19783443	19783696	ENSG00000176294.6|ENSG00000176299.5	UTR|exon|gene|transcript	253
chr14	64523646	64523898	ENSG00000126804.14|ENSG00000259116.2	UTR|exon|gene|transcript	252
chr14	26471950	26472202	ENSG00000139910.20	UTR|exon|gene|transcript	252
chr14	32535553	32535805	ENSG00000151320.11	UTR|exon|gene|transcript	252
chr14	55048748	55049000	ENSG00000180008.9	UTR|exon|gene|transcript	252
chr14	96832644	96832895	ENSG00000100749.9	UTR|exon|gene|transcript	251
chr14	70367591	70367842	ENSG00000133983.16|ENSG00000213463.5|ENSG00000258644.6	UTR|exon|gene|transcript	251
chr14	75954828	75955079	ENSG00000119650.13|ENSG00000119685.20	UTR|exon|gene|transcript	251
chr14	102342367	102342618	ENSG00000022976.16|ENSG00000100865.15	UTR|exon|gene|transcript	251
chr14	21154167	21154418	ENSG00000169327.5	UTR|exon|gene|transcript	251
chr14	77507629	77507880	ENSG00000100596.8	UTR|exon|gene|transcript	251
chr14	41607630	41607881	ENSG00000165379.14	UTR|exon|gene|transcript	251
chr14	57200506	57200757	ENSG00000070367.17	UTR|exon|gene|transcript	251
chr14	69458827	69459078	ENSG00000029364.12	UTR|exon|gene|transcript	251
chr14	75963061	75963311	ENSG00000119650.13|ENSG00000119699.8	UTR|exon|gene|transcript	250
chr14	85640976	85641226	ENSG00000185070.12	UTR|exon|gene|transcript	250
chr14	103487457	103487707	ENSG00000075413.19	UTR|exon|gene|transcript	250
chr14	100145504	100145754	ENSG00000168350.8	UTR|exon|gene|transcript	250
chr14	38212245	38212494	ENSG00000139874.6	UTR|exon|gene|transcript	249
chr14	56801485	56801734	ENSG00000165588.19	UTR|exon|gene|transcript	249
chr14	105010233	105010482	ENSG00000140104.14|ENSG00000170779.11	UTR|exon|gene|transcript	249
chr14	70584130	70584378	ENSG00000133997.12	UTR|exon|gene|transcript	248
chr14	34765020	34765268	ENSG00000198604.11	UTR|exon|gene|transcript	248
chr14	23356655	23356903	ENSG00000100842.13|ENSG00000259018.1	UTR|exon|gene|transcript	248
chr14	102081048	102081295	ENSG00000080824.19	UTR|exon|gene|transcript	247
chr14	65076085	65076332	ENSG00000125952.21	UTR|exon|gene|transcript	247
chr14	92164246	92164493	ENSG00000165934.13	UTR|exon|gene|transcript	247
chr14	30605565	30605812	ENSG00000092140.16	UTR|exon|gene|transcript	247
chr14	52641634	52641881	ENSG00000197930.13	UTR|exon|gene|transcript	247
chr14	64454926	64455173	ENSG00000089775.12|ENSG00000100714.18	UTR|exon|gene|transcript	247
chr14	57200775	57201021	ENSG00000070367.17	UTR|exon|gene|transcript	246
chr14	103491788	103492034	ENSG00000075413.19	UTR|exon|gene|transcript	246
chr14	63372664	63372910	ENSG00000154001.14	UTR|exon|gene|transcript	246
chr14	36516430	36516675	ENSG00000136352.20|ENSG00000257520.2|ENSG00000283098.2	UTR|exon|gene|transcript	245
chr14	77266290	77266535	ENSG00000165553.5	UTR|exon|gene|transcript	245
chr14	70730134	70730379	ENSG00000006432.16	UTR|exon|gene|transcript	245
chr14	77292985	77293230	ENSG00000009830.13	UTR|exon|gene|transcript	245
chr14	100880466	100880711	ENSG00000254656.3|ENSG00000258399.8	UTR|exon|gene|transcript	245
chr14	80490478	80490722	ENSG00000100629.17	UTR|exon|gene|transcript	244
chr14	93707343	93707587	ENSG00000133958.14	UTR|exon|gene|transcript	244
chr14	92703846	92704089	ENSG00000100600.15	UTR|exon|gene|transcript	243
chr14	77484676	77484919	ENSG00000100593.18	UTR|exon|gene|transcript	243
chr14	57596188	57596430	ENSG00000151812.15|ENSG00000259039.3	UTR|exon|gene|transcript	242
chr14	24378056	24378298	ENSG00000100968.14	UTR|exon|gene|transcript	242
chr14	57298501	57298742	ENSG00000053770.12	UTR|exon|gene|transcript	241
chr14	103913633	103913874	ENSG00000156411.10	UTR|exon|gene|transcript	241
chr14	36580027	36580268	ENSG00000136327.7|ENSG00000283098.2	UTR|exon|gene|transcript	241
chr14	60713166	60713406	ENSG00000100625.9	UTR|exon|gene|transcript	240
chr14	103739823	103740063	ENSG00000088808.18	UTR|exon|gene|transcript	240
chr14	53043727	53043967	ENSG00000100523.17	UTR|exon|gene|transcript	240
chr14	22977480	22977720	ENSG00000129474.17|ENSG00000259132.1	UTR|exon|gene|transcript	240
chr14	47058599	47058839	ENSG00000139915.22	UTR|exon|gene|transcript	240
chr14	100291685	100291925	ENSG00000197119.13|ENSG00000258504.2	UTR|exon|gene|transcript	240
chr14	99534683	99534923	ENSG00000090061.17|ENSG00000205476.9	UTR|exon|gene|transcript	240
chr14	52005496	52005736	ENSG00000087302.9|ENSG00000087303.19	UTR|exon|gene|transcript	240
chr14	51255414	51255654	ENSG00000139921.13	UTR|exon|gene|transcript	240
chr14	101997034	101997274	ENSG00000197102.14	UTR|exon|gene|transcript	240
chr14	45175070	45175310	ENSG00000187790.12	UTR|exon|gene|transcript	240
chr14	44926271	44926510	ENSG00000179454.14	UTR|exon|gene|transcript	239
chr14	96556174	96556413	ENSG00000090060.19	UTR|exon|gene|transcript	239
chr14	30895105	30895344	ENSG00000196792.12	UTR|exon|gene|transcript	239
chr14	21522421	21522660	ENSG00000165821.12|ENSG00000257096.1	UTR|exon|gene|transcript	239
chr14	59463502	59463741	ENSG00000126790.12|ENSG00000181619.12	UTR|exon|gene|transcript	239
chr14	55352526	55352765	ENSG00000178974.11	UTR|exon|gene|transcript	239
chr14	39276225	39276464	ENSG00000150527.18	UTR|exon|gene|transcript	239
chr14	94623814	94624052	ENSG00000196136.18|ENSG00000273259.3	UTR|exon|gene|transcript	238
chr14	95089008	95089246	ENSG00000100697.17	UTR|exon|gene|transcript	238
chr14	81178387	81178625	ENSG00000165417.12	UTR|exon|gene|transcript	238
chr14	89796600	89796838	ENSG00000140025.16|ENSG00000259053.1	UTR|exon|gene|transcript	238
chr14	21158822	21159060	ENSG00000169327.5	UTR|exon|gene|transcript	238
chr14	19879103	19879341	ENSG00000165762.3	UTR|exon|gene|transcript	238
chr14	76786486	76786724	ENSG00000013523.11|ENSG00000258301.3	UTR|exon|gene|transcript	238
chr14	58371989	58372226	ENSG00000032219.19|ENSG00000258658.1	UTR|exon|gene|transcript	237
chr14	18998666	18998903	ENSG00000222036.8	UTR|exon|gene|transcript	237
chr14	95414894	95415131	ENSG00000176438.13	UTR|exon|gene|transcript	237
chr14	19402872	19403109	ENSG00000187537.13	UTR|exon|gene|transcript	237
chr14	72617167	72617404	ENSG00000205683.12	UTR|exon|gene|transcript	237
chr14	99458298	99458535	ENSG00000183576.13	UTR|exon|gene|transcript	237
chr14	21521299	21521536	ENSG00000165821.12|ENSG00000257096.1	UTR|exon|gene|transcript	237
chr14	102905784	102906021	ENSG00000131323.17	UTR|exon|gene|transcript	237
chr14	46957373	46957610	ENSG00000139915.22	UTR|exon|gene|transcript	237
chr14	39148514	39148751	ENSG00000182400.15|ENSG00000285830.1	UTR|exon|gene|transcript	237
chr14	70047066	70047303	ENSG00000100678.20	UTR|exon|gene|transcript	237
chr14	70459668	70459905	ENSG00000139985.8|ENSG00000257759.2|ENSG00000290783.1	UTR|exon|gene|transcript	237
chr14	45044634	45044870	ENSG00000198718.13	UTR|exon|gene|transcript	236
chr14	90532734	90532970	ENSG00000165914.15	UTR|exon|gene|transcript	236
chr14	74495130	74495366	ENSG00000165898.14	UTR|exon|gene|transcript	236
chr14	33780635	33780871	ENSG00000151322.20	UTR|exon|gene|transcript	236
chr14	24306137	24306373	ENSG00000136305.12|ENSG00000196943.14|ENSG00000213906.10	UTR|exon|gene|transcript	236
chr14	88013349	88013585	ENSG00000140030.6|ENSG00000258407.1	UTR|exon|gene|transcript	236
chr14	105411900	105412136	ENSG00000226174.7	UTR|exon|gene|transcript	236
chr14	39253249	39253485	ENSG00000150527.18	UTR|exon|gene|transcript	236
chr14	106810895	106811131	ENSG00000224650.2	UTR|exon|gene|transcript	236
chr14	93348120	93348356	ENSG00000133958.14|ENSG00000187581.3	UTR|exon|gene|transcript	236
chr14	53046197	53046432	ENSG00000100523.17	UTR|exon|gene|transcript	235
chr14	92164535	92164770	ENSG00000165934.13	UTR|exon|gene|transcript	235
chr14	88470050	88470285	ENSG00000042317.17|ENSG00000070778.13	UTR|exon|gene|transcript	235
chr14	105472964	105473199	ENSG00000182809.11	UTR|exon|gene|transcript	235
chr14	93242037	93242272	ENSG00000011114.15	UTR|exon|gene|transcript	235
chr14	64946632	64946867	ENSG00000125954.13|ENSG00000139998.16	UTR|exon|gene|transcript	235
chr14	29577002	29577237	ENSG00000184304.17	UTR|exon|gene|transcript	235
chr14	21082243	21082478	ENSG00000165801.10	UTR|exon|gene|transcript	235
chr14	99170300	99170535	ENSG00000127152.18	UTR|exon|gene|transcript	235
chr14	102016765	102016999	ENSG00000197102.14	UTR|exon|gene|transcript	234
chr14	24306655	24306889	ENSG00000136305.12|ENSG00000196943.14|ENSG00000213906.10	UTR|exon|gene|transcript	234
chr14	67678086	67678320	ENSG00000072042.13|ENSG00000258466.5	UTR|exon|gene|transcript	234
chr14	67200327	67200560	ENSG00000172717.17	UTR|exon|gene|transcript	233
chr14	20700602	20700835	ENSG00000258451.1|ENSG00000258818.4	UTR|exon|gene|transcript	233
chr14	50326525	50326758	ENSG00000100490.10|ENSG00000125375.18|ENSG00000259071.1	UTR|exon|gene|transcript	233
chr14	96093521	96093754	ENSG00000227051.7	UTR|exon|gene|transcript	233
chr14	53041422	53041654	ENSG00000100523.17	UTR|exon|gene|transcript	232
chr14	103341125	103341356	ENSG00000100664.11	UTR|exon|gene|transcript	231
chr14	90405235	90405466	ENSG00000198668.14	UTR|exon|gene|transcript	231
chr14	75472338	75472569	ENSG00000140044.13	UTR|exon|gene|transcript	231
chr14	54538383	54538614	ENSG00000100532.13	UTR|exon|gene|transcript	231
chr14	53044989	53045220	ENSG00000100523.17	UTR|exon|gene|transcript	231
chr14	100734896	100735127	ENSG00000185559.16	UTR|exon|gene|transcript	231
chr14	21489172	21489403	ENSG00000092203.15	UTR|exon|gene|transcript	231
chr14	31447308	31447538	ENSG00000129480.14|ENSG00000203546.7|ENSG00000250365.7	UTR|exon|gene|transcript	230
chr14	60645588	60645818	ENSG00000126778.12	UTR|exon|gene|transcript	230
chr14	103089797	103090027	ENSG00000283071.1	UTR|exon|gene|transcript	230
chr14	49894514	49894744	ENSG00000165527.8	UTR|exon|gene|transcript	230
chr14	102911129	102911358	ENSG00000131323.17	UTR|exon|gene|transcript	229
chr14	22901335	22901564	ENSG00000100461.18	UTR|exon|gene|transcript	229
chr14	60064871	60065100	ENSG00000131951.12|ENSG00000258553.5	UTR|exon|gene|transcript	229
chr14	81177743	81177972	ENSG00000165417.12	UTR|exon|gene|transcript	229
chr14	67383440	67383668	ENSG00000134001.15	UTR|exon|gene|transcript	228
chr14	96385684	96385912	ENSG00000100744.15	UTR|exon|gene|transcript	228
chr14	96279480	96279708	ENSG00000066739.12	UTR|exon|gene|transcript	228
chr14	20367384	20367612	ENSG00000129566.13	UTR|exon|gene|transcript	228
chr14	101983381	101983609	ENSG00000197102.14	UTR|exon|gene|transcript	228
chr14	103342158	103342386	ENSG00000100664.11	UTR|exon|gene|transcript	228
chr14	103734663	103734891	ENSG00000088808.18	UTR|exon|gene|transcript	228
chr14	31174910	31175138	ENSG00000092148.14	UTR|exon|gene|transcript	228
chr14	91461380	91461607	ENSG00000100796.18	UTR|exon|gene|transcript	227
chr14	74692101	74692328	ENSG00000119682.18	UTR|exon|gene|transcript	227
chr14	50332432	50332659	ENSG00000100490.10|ENSG00000125375.18	UTR|exon|gene|transcript	227
chr14	24316946	24317173	ENSG00000213903.9	UTR|exon|gene|transcript	227
chr14	65561336	65561563	ENSG00000033170.17	UTR|exon|gene|transcript	227
chr14	73221692	73221919	ENSG00000080815.20	UTR|exon|gene|transcript	227
chr14	74060414	74060641	ENSG00000119636.16|ENSG00000119711.13	UTR|exon|gene|transcript	227
chr14	23099775	23100002	ENSG00000179933.6|ENSG00000283654.3	UTR|exon|gene|transcript	227
chr14	85636415	85636642	ENSG00000185070.12	UTR|exon|gene|transcript	227
chr14	78645194	78645421	ENSG00000021645.20	UTR|exon|gene|transcript	227
chr14	92064093	92064319	ENSG00000066427.25	UTR|exon|gene|transcript	226
chr14	37841444	37841670	ENSG00000139865.17	UTR|exon|gene|transcript	226
chr14	106511631	106511856	ENSG00000211962.2|ENSG00000270816.6	UTR|exon|gene|transcript	225
chr14	50325723	50325948	ENSG00000125375.18	UTR|exon|gene|transcript	225
chr14	49576402	49576627	ENSG00000213741.11	UTR|exon|gene|transcript	225
chr14	76202563	76202788	ENSG00000089916.18	UTR|exon|gene|transcript	225
chr14	24075279	24075504	ENSG00000100884.10	UTR|exon|gene|transcript	225
chr14	102233463	102233687	ENSG00000080823.23	UTR|exon|gene|transcript	224
chr14	94045922	94046146	ENSG00000089723.10	UTR|exon|gene|transcript	224
chr14	104605412	104605636	ENSG00000258986.7	UTR|exon|gene|transcript	224
chr14	30659475	30659699	ENSG00000092108.22	UTR|exon|gene|transcript	224
chr14	96398716	96398940	ENSG00000140057.9	UTR|exon|gene|transcript	224
chr14	92659160	92659384	ENSG00000100599.16	UTR|exon|gene|transcript	224
chr14	31149998	31150221	ENSG00000092148.14	UTR|exon|gene|transcript	223
chr14	58487886	58488109	ENSG00000100578.18	UTR|exon|gene|transcript	223
chr14	49575341	49575564	ENSG00000213741.11	UTR|exon|gene|transcript	223
chr14	24290635	24290858	ENSG00000157379.14|ENSG00000288044.3	UTR|exon|gene|transcript	223
chr14	20034758	20034981	ENSG00000176253.4	UTR|exon|gene|transcript	223
chr14	95414366	95414589	ENSG00000176438.13	UTR|exon|gene|transcript	223
chr14	94050964	94051187	ENSG00000089737.19	UTR|exon|gene|transcript	223
chr14	102015109	102015332	ENSG00000197102.14	UTR|exon|gene|transcript	223
chr14	67181570	67181792	ENSG00000171723.16	UTR|exon|gene|transcript	222
chr14	65410899	65411121	ENSG00000033170.17	UTR|exon|gene|transcript	222
chr14	60436622	60436844	ENSG00000179008.9	UTR|exon|gene|transcript	222
chr14	91379382	91379604	ENSG00000015133.20	UTR|exon|gene|transcript	222
chr14	88472243	88472465	ENSG00000070778.13	UTR|exon|gene|transcript	222
chr14	39350423	39350645	ENSG00000150527.18	UTR|exon|gene|transcript	222
chr14	23357003	23357225	ENSG00000100842.13	UTR|exon|gene|transcript	222
chr14	95417603	95417825	ENSG00000176438.13	UTR|exon|gene|transcript	222
chr14	102341101	102341322	ENSG00000022976.16|ENSG00000100865.15	UTR|exon|gene|transcript	221
chr14	102504108	102504329	ENSG00000156381.9	UTR|exon|gene|transcript	221
chr14	95184605	95184826	ENSG00000165959.12	UTR|exon|gene|transcript	221
chr14	99603986	99604207	ENSG00000205476.9	UTR|exon|gene|transcript	221
chr14	22986901	22987122	ENSG00000100802.15|ENSG00000258457.5	UTR|exon|gene|transcript	221
chr14	58457758	58457979	ENSG00000100578.18	UTR|exon|gene|transcript	221
chr14	73110935	73111155	ENSG00000119707.14	UTR|exon|gene|transcript	220
chr14	34709806	34710026	ENSG00000165410.15	UTR|exon|gene|transcript	220
chr14	24372950	24373170	ENSG00000100968.14	UTR|exon|gene|transcript	220
chr14	77469250	77469470	ENSG00000100591.8	UTR|exon|gene|transcript	220
chr14	54941270	54941489	ENSG00000198554.12	UTR|exon|gene|transcript	219
chr14	54427594	54427813	ENSG00000100528.12	UTR|exon|gene|transcript	219
chr14	67785058	67785277	ENSG00000072121.17	UTR|exon|gene|transcript	219
chr14	101926462	101926681	ENSG00000078304.20	UTR|exon|gene|transcript	219
chr14	70325080	70325299	ENSG00000133983.16|ENSG00000259033.2	UTR|exon|gene|transcript	219
chr14	64065431	64065650	ENSG00000054654.20	UTR|exon|gene|transcript	219
chr14	23043480	23043698	ENSG00000222028.5	UTR|exon|gene|transcript	218
chr14	64747136	64747354	ENSG00000070182.21|ENSG00000126822.18	UTR|exon|gene|transcript	218
chr14	74057459	74057677	ENSG00000119636.16|ENSG00000119711.13	UTR|exon|gene|transcript	218
chr14	23560036	23560254	ENSG00000157306.14|ENSG00000213983.12|ENSG00000259431.6	UTR|exon|gene|transcript	218
chr14	45165057	45165275	ENSG00000187790.12	UTR|exon|gene|transcript	218
chr14	49768251	49768468	ENSG00000165516.11	UTR|exon|gene|transcript	217
chr14	95190059	95190276	ENSG00000165959.12	UTR|exon|gene|transcript	217
chr14	21032937	21033154	ENSG00000165795.25|ENSG00000179636.15|ENSG00000206150.4|ENSG00000255472.1	UTR|exon|gene|transcript	217
chr14	21521082	21521299	ENSG00000165821.12|ENSG00000257096.1	UTR|exon|gene|transcript	217
chr14	24812491	24812708	ENSG00000168952.16	UTR|exon|gene|transcript	217
chr14	61795640	61795857	ENSG00000023608.5	UTR|exon|gene|transcript	217
chr14	70372271	70372487	ENSG00000133983.16|ENSG00000213463.5|ENSG00000258644.6	UTR|exon|gene|transcript	216
chr14	55148134	55148350	ENSG00000126787.13	UTR|exon|gene|transcript	216
chr14	75546671	75546887	ENSG00000156127.8	UTR|exon|gene|transcript	216
chr14	57286348	57286564	ENSG00000053770.12	UTR|exon|gene|transcript	216
chr14	56647497	56647713	ENSG00000070269.14|ENSG00000258428.5	UTR|exon|gene|transcript	216
chr14	38211180	38211396	ENSG00000139874.6	UTR|exon|gene|transcript	216
chr14	85623689	85623905	ENSG00000185070.12	UTR|exon|gene|transcript	216
chr14	52653100	52653315	ENSG00000197930.13	UTR|exon|gene|transcript	215
chr14	20994901	20995116	ENSG00000165792.18	UTR|exon|gene|transcript	215
chr14	70522361	70522576	ENSG00000134007.5|ENSG00000257759.2	UTR|exon|gene|transcript	215
chr14	73696814	73697029	ENSG00000119661.15	UTR|exon|gene|transcript	215
chr14	73958277	73958491	ENSG00000119723.17|ENSG00000187097.13	UTR|exon|gene|transcript	214
chr14	21263916	21264130	ENSG00000092199.19	UTR|exon|gene|transcript	214
chr14	74835976	74836190	ENSG00000119596.18	UTR|exon|gene|transcript	214
chr14	76204159	76204373	ENSG00000089916.18	UTR|exon|gene|transcript	214
chr14	52776867	52777081	ENSG00000100522.10|ENSG00000259049.1	UTR|exon|gene|transcript	214
chr14	70326067	70326281	ENSG00000133983.16|ENSG00000258644.6|ENSG00000259033.2	UTR|exon|gene|transcript	214
chr14	104703953	104704167	ENSG00000203485.14	UTR|exon|gene|transcript	214
chr14	36580531	36580745	ENSG00000136327.7|ENSG00000283098.2	UTR|exon|gene|transcript	214
chr14	59460758	59460971	ENSG00000126790.12|ENSG00000181619.12	UTR|exon|gene|transcript	213
chr14	31325875	31326088	ENSG00000129493.15	UTR|exon|gene|transcript	213
chr14	64301367	64301580	ENSG00000140009.19	UTR|exon|gene|transcript	213
chr14	30889887	30890100	ENSG00000100473.18	UTR|exon|gene|transcript	213
chr14	92063880	92064093	ENSG00000066427.25	UTR|exon|gene|transcript	213
chr14	75087017	75087230	ENSG00000119638.14|ENSG00000119703.15	UTR|exon|gene|transcript	213
chr14	102033975	102034188	ENSG00000197102.14	UTR|exon|gene|transcript	213
chr14	24239429	24239642	ENSG00000092330.19	UTR|exon|gene|transcript	213
chr14	102047816	102048028	ENSG00000197102.14|ENSG00000293472.1	UTR|exon|gene|transcript	212
chr14	75016786	75016998	ENSG00000119684.16	UTR|exon|gene|transcript	212
chr14	24441372	24441584	ENSG00000100441.10|ENSG00000100445.18	UTR|exon|gene|transcript	212
chr14	102081499	102081711	ENSG00000080824.19	UTR|exon|gene|transcript	212
chr14	51967192	51967403	ENSG00000186469.9|ENSG00000259007.1	UTR|exon|gene|transcript	211
chr14	39150117	39150328	ENSG00000182400.15|ENSG00000285830.1	UTR|exon|gene|transcript	211
chr14	29638693	29638904	ENSG00000184304.17	UTR|exon|gene|transcript	211
chr14	23071201	23071412	ENSG00000100813.15	UTR|exon|gene|transcript	211
chr14	61030828	61031039	ENSG00000139974.17	UTR|exon|gene|transcript	211
chr14	37550266	37550477	ENSG00000151338.21	UTR|exon|gene|transcript	211
chr14	81471546	81471757	ENSG00000071537.14	UTR|exon|gene|transcript	211
chr14	73698743	73698953	ENSG00000119661.15|ENSG00000258660.1	UTR|exon|gene|transcript	210
chr14	99398468	99398678	ENSG00000183576.13	UTR|exon|gene|transcript	210
chr14	67762202	67762412	ENSG00000072121.17	UTR|exon|gene|transcript	210
chr14	102001144	102001354	ENSG00000197102.14	UTR|exon|gene|transcript	210
chr14	89161150	89161360	ENSG00000053254.16	UTR|exon|gene|transcript	210
chr14	94517508	94517718	ENSG00000165953.10	UTR|exon|gene|transcript	210
chr14	85645344	85645554	ENSG00000185070.12	UTR|exon|gene|transcript	210
chr14	77535599	77535809	ENSG00000100596.8	UTR|exon|gene|transcript	210
chr14	74480407	74480617	ENSG00000119655.11	UTR|exon|gene|transcript	210
chr14	75091269	75091478	ENSG00000119638.14|ENSG00000119703.15	UTR|exon|gene|transcript	209
chr14	64947032	64947241	ENSG00000125954.13|ENSG00000139998.16	UTR|exon|gene|transcript	209
chr14	91458549	91458758	ENSG00000100796.18	UTR|exon|gene|transcript	209
chr14	75651037	75651245	ENSG00000119685.20|ENSG00000119686.10|ENSG00000133935.7	UTR|exon|gene|transcript	208
chr14	51967403	51967611	ENSG00000186469.9|ENSG00000259007.1	UTR|exon|gene|transcript	208
chr14	64748954	64749162	ENSG00000070182.21|ENSG00000126822.18	UTR|exon|gene|transcript	208
chr14	75079352	75079560	ENSG00000119638.14|ENSG00000119703.15	UTR|exon|gene|transcript	208
chr14	31113276	31113484	ENSG00000092148.14|ENSG00000100478.16	UTR|exon|gene|transcript	208
chr14	90268413	90268621	ENSG00000100764.14|ENSG00000119720.18	UTR|exon|gene|transcript	208
chr14	88880870	88881078	ENSG00000165533.19	UTR|exon|gene|transcript	208
chr14	103912301	103912509	ENSG00000156411.10	UTR|exon|gene|transcript	208
chr14	102225738	102225945	ENSG00000080823.23	UTR|exon|gene|transcript	207
chr14	22878083	22878290	ENSG00000197324.9	UTR|exon|gene|transcript	207
chr14	76213055	76213262	ENSG00000089916.18	UTR|exon|gene|transcript	207
chr14	20244142	20244349	ENSG00000176198.4	UTR|exon|gene|transcript	207
chr14	67748228	67748435	ENSG00000072121.17	UTR|exon|gene|transcript	207
chr14	102017087	102017294	ENSG00000197102.14	UTR|exon|gene|transcript	207
chr14	100737859	100738066	ENSG00000185559.16	UTR|exon|gene|transcript	207
chr14	88626631	88626837	ENSG00000100722.20|ENSG00000165521.16	UTR|exon|gene|transcript	206
chr14	73932995	73933201	ENSG00000156050.10|ENSG00000258891.1	UTR|exon|gene|transcript	206
chr14	63597600	63597806	ENSG00000140006.12	UTR|exon|gene|transcript	206
chr14	76371380	76371586	ENSG00000119715.15	UTR|exon|gene|transcript	206
chr14	22999156	22999362	ENSG00000100802.15	UTR|exon|gene|transcript	206
chr14	90871297	90871503	ENSG00000100784.12	UTR|exon|gene|transcript	206
chr14	92494300	92494506	ENSG00000140090.18	UTR|exon|gene|transcript	206
chr14	56649309	56649515	ENSG00000070269.14|ENSG00000259133.5	UTR|exon|gene|transcript	206
chr14	22834347	22834553	ENSG00000172590.18	UTR|exon|gene|transcript	206
chr14	81203899	81204104	ENSG00000165417.12	UTR|exon|gene|transcript	205
chr14	102027628	102027833	ENSG00000197102.14	UTR|exon|gene|transcript	205
chr14	100144013	100144218	ENSG00000168350.8|ENSG00000196405.13	UTR|exon|gene|transcript	205
chr14	52776351	52776556	ENSG00000100522.10|ENSG00000259049.1	UTR|exon|gene|transcript	205
chr14	23970127	23970332	ENSG00000187630.18|ENSG00000215256.6|ENSG00000285467.1	UTR|exon|gene|transcript	205
chr14	87933999	87934204	ENSG00000054983.17	UTR|exon|gene|transcript	205
chr14	90276518	90276723	ENSG00000119720.18	UTR|exon|gene|transcript	205
chr14	21022947	21023152	ENSG00000165795.25	UTR|exon|gene|transcript	205
chr14	50904366	50904571	ENSG00000100504.17|ENSG00000131969.15	UTR|exon|gene|transcript	205
chr14	67802078	67802282	ENSG00000072121.17	UTR|exon|gene|transcript	204
chr14	81145098	81145302	ENSG00000165409.18|ENSG00000284959.3	UTR|exon|gene|transcript	204
chr14	23644937	23645141	ENSG00000100867.15	UTR|exon|gene|transcript	204
chr14	104112708	104112912	ENSG00000166183.16	UTR|exon|gene|transcript	204
chr14	23061297	23061501	ENSG00000100813.15	UTR|exon|gene|transcript	204
chr14	52328093	52328297	ENSG00000125384.7	UTR|exon|gene|transcript	204
chr14	64024256	64024459	ENSG00000054654.20	UTR|exon|gene|transcript	203
chr14	75133026	75133229	ENSG00000170348.9|ENSG00000259138.1	UTR|exon|gene|transcript	203
chr14	50752517	50752720	ENSG00000100503.27	UTR|exon|gene|transcript	203
chr14	71586725	71586928	ENSG00000197555.10|ENSG00000285612.1	UTR|exon|gene|transcript	203
chr14	103742088	103742291	ENSG00000088808.18	UTR|exon|gene|transcript	203
chr14	104589340	104589543	ENSG00000184601.11|ENSG00000258986.7|ENSG00000259037.1	UTR|exon|gene|transcript	203
chr14	70672492	70672695	ENSG00000133985.3	UTR|exon|gene|transcript	203
chr14	21154661	21154864	ENSG00000169327.5	UTR|exon|gene|transcript	203
chr14	64227614	64227817	ENSG00000140009.19	UTR|exon|gene|transcript	203
chr14	59504072	59504274	ENSG00000050130.18|ENSG00000258782.3	UTR|exon|gene|transcript	202
chr14	21500912	21501114	ENSG00000165819.12	UTR|exon|gene|transcript	202
chr14	85625878	85626080	ENSG00000185070.12	UTR|exon|gene|transcript	202
chr14	88658186	88658388	ENSG00000165521.16	UTR|exon|gene|transcript	202
chr14	59460971	59461173	ENSG00000126790.12|ENSG00000181619.12	UTR|exon|gene|transcript	202
chr14	62712239	62712441	ENSG00000140015.20	UTR|exon|gene|transcript	202
chr14	20425869	20426071	ENSG00000185271.9	UTR|exon|gene|transcript	202
chr14	103741789	103741991	ENSG00000088808.18	UTR|exon|gene|transcript	202
chr14	104594079	104594281	ENSG00000258986.7	UTR|exon|gene|transcript	202
chr14	67790571	67790773	ENSG00000072121.17	UTR|exon|gene|transcript	202
chr14	105057280	105057482	ENSG00000183484.12	UTR|exon|gene|transcript	202
chr14	100279048	100279250	ENSG00000100811.15	UTR|exon|gene|transcript	202
chr14	99773361	99773563	ENSG00000066629.19	UTR|exon|gene|transcript	202
chr14	94515922	94516124	ENSG00000165953.10	UTR|exon|gene|transcript	202
chr14	75053242	75053443	ENSG00000119640.9	UTR|exon|gene|transcript	201
chr14	92709671	92709872	ENSG00000100600.15	UTR|exon|gene|transcript	201
chr14	64021314	64021515	ENSG00000054654.20	UTR|exon|gene|transcript	201
chr14	31095219	31095420	ENSG00000100478.16	UTR|exon|gene|transcript	201
chr14	74057258	74057459	ENSG00000119636.16|ENSG00000119711.13	UTR|exon|gene|transcript	201
chr14	96876143	96876344	ENSG00000100749.9	UTR|exon|gene|transcript	201
chr14	67755050	67755250	ENSG00000072121.17	UTR|exon|gene|transcript	200
chr14	50329063	50329263	ENSG00000100490.10|ENSG00000125375.18	UTR|exon|gene|transcript	200
chr14	50155954	50156154	ENSG00000100485.12	UTR|exon|gene|transcript	200
chr14	52727617	52727817	ENSG00000100519.12	UTR|exon|gene|transcript	200
chr14	67294478	67294678	ENSG00000072415.10|ENSG00000100554.12	UTR|exon|gene|transcript	200
chr14	36517016	36517216	ENSG00000136352.20|ENSG00000257520.2|ENSG00000283098.2	UTR|exon|gene|transcript	200
chr14	30617420	30617620	ENSG00000092140.16	UTR|exon|gene|transcript	200
chr14	105210077	105210277	ENSG00000185024.18	UTR|exon|gene|transcript	200
chr14	58482512	58482712	ENSG00000100578.18	UTR|exon|gene|transcript	200
chr14	75134499	75134699	ENSG00000170348.9|ENSG00000259138.1	UTR|exon|gene|transcript	200
chr14	88012844	88013044	ENSG00000140030.6|ENSG00000258407.1	UTR|exon|gene|transcript	200
chr14	24077887	24078086	ENSG00000100884.10	UTR|exon|gene|transcript	199
chr14	77132313	77132512	ENSG00000165548.11|ENSG00000177108.5|ENSG00000259164.1	UTR|exon|gene|transcript	199
chr14	23047460	23047659	ENSG00000139880.21	UTR|exon|gene|transcript	199
chr14	57289875	57290074	ENSG00000053770.12	UTR|exon|gene|transcript	199
chr14	70729935	70730134	ENSG00000006432.16	UTR|exon|gene|transcript	199
chr14	67337871	67338070	ENSG00000100554.12	UTR|exon|gene|transcript	199
chr14	65061803	65062002	ENSG00000125952.21|ENSG00000257365.8	UTR|exon|gene|transcript	199
chr14	95407800	95407999	ENSG00000176438.13	UTR|exon|gene|transcript	199
chr14	72613036	72613234	ENSG00000205683.12	UTR|exon|gene|transcript	198
chr14	104707608	104707806	ENSG00000203485.14	UTR|exon|gene|transcript	198
chr14	67755947	67756145	ENSG00000072121.17	UTR|exon|gene|transcript	198
chr14	35107647	35107845	ENSG00000092020.11|ENSG00000151327.14	UTR|exon|gene|transcript	198
chr14	19822253	19822451	ENSG00000176294.6	UTR|exon|gene|transcript	198
chr14	91277942	91278140	ENSG00000015133.20	UTR|exon|gene|transcript	198
chr14	93186860	93187058	ENSG00000153485.6|ENSG00000259066.5	UTR|exon|gene|transcript	198
chr14	91610479	91610677	ENSG00000133962.8	UTR|exon|gene|transcript	198
chr14	75469546	75469744	ENSG00000140044.13	UTR|exon|gene|transcript	198
chr14	77925763	77925961	ENSG00000063761.16	UTR|exon|gene|transcript	198
chr14	21673620	21673818	ENSG00000276240.4	UTR|exon|gene|transcript	198
chr14	20993771	20993968	ENSG00000165792.18	UTR|exon|gene|transcript	197
chr14	67781332	67781529	ENSG00000072121.17	UTR|exon|gene|transcript	197
chr14	73715130	73715327	ENSG00000156030.14	UTR|exon|gene|transcript	197
chr14	100537533	100537730	ENSG00000183092.18	UTR|exon|gene|transcript	197
chr14	47144077	47144274	ENSG00000139915.22	UTR|exon|gene|transcript	197
chr14	61114119	61114316	ENSG00000139974.17	UTR|exon|gene|transcript	197
chr14	77287012	77287209	ENSG00000009830.13	UTR|exon|gene|transcript	197
chr14	76779137	76779334	ENSG00000071246.11|ENSG00000258610.1|ENSG00000259081.1	UTR|exon|gene|transcript	197
chr14	77324672	77324869	ENSG00000100577.19	UTR|exon|gene|transcript	197
chr14	69353772	69353968	ENSG00000100626.17	UTR|exon|gene|transcript	196
chr14	67789334	67789530	ENSG00000072121.17	UTR|exon|gene|transcript	196
chr14	34993246	34993442	ENSG00000100883.13	UTR|exon|gene|transcript	196
chr14	100735127	100735323	ENSG00000185559.16	UTR|exon|gene|transcript	196
chr14	22772518	22772714	ENSG00000155463.14	UTR|exon|gene|transcript	196
chr14	105247542	105247738	ENSG00000185024.18	UTR|exon|gene|transcript	196
chr14	77474393	77474589	ENSG00000100593.18	UTR|exon|gene|transcript	196
chr14	92050340	92050536	ENSG00000066427.25	UTR|exon|gene|transcript	196
chr14	67748032	67748228	ENSG00000072121.17	UTR|exon|gene|transcript	196
chr14	52777140	52777336	ENSG00000100522.10|ENSG00000259049.1	UTR|exon|gene|transcript	196
chr14	58465834	58466029	ENSG00000100578.18	UTR|exon|gene|transcript	195
chr14	74821920	74822115	ENSG00000119596.18	UTR|exon|gene|transcript	195
chr14	37701331	37701526	ENSG00000139865.17	UTR|exon|gene|transcript	195
chr14	91869440	91869635	ENSG00000140092.16	UTR|exon|gene|transcript	195
chr14	24322708	24322903	ENSG00000129467.14	UTR|exon|gene|transcript	195
chr14	102005041	102005236	ENSG00000197102.14	UTR|exon|gene|transcript	195
chr14	20243820	20244015	ENSG00000176198.4	UTR|exon|gene|transcript	195
chr14	60972271	60972466	ENSG00000126814.7|ENSG00000258656.1|ENSG00000258892.1	UTR|exon|gene|transcript	195
chr14	94104840	94105034	ENSG00000165949.13	UTR|exon|gene|transcript	194
chr14	92687418	92687612	ENSG00000100599.16	UTR|exon|gene|transcript	194
chr14	68497257	68497451	ENSG00000182185.19	UTR|exon|gene|transcript	194
chr14	45167171	45167365	ENSG00000187790.12	UTR|exon|gene|transcript	194
chr14	71115017	71115211	ENSG00000100731.16	UTR|exon|gene|transcript	194
chr14	99680111	99680304	ENSG00000182218.10	UTR|exon|gene|transcript	193
chr14	104990152	104990345	ENSG00000140104.14	UTR|exon|gene|transcript	193
chr14	102015855	102016048	ENSG00000197102.14	UTR|exon|gene|transcript	193
chr14	95107879	95108072	ENSG00000100697.17	UTR|exon|gene|transcript	193
chr14	73986893	73987086	ENSG00000187097.13	UTR|exon|gene|transcript	193
chr14	64933639	64933832	ENSG00000125954.13|ENSG00000258289.10	UTR|exon|gene|transcript	193
chr14	75109684	75109877	ENSG00000119638.14|ENSG00000119703.15	UTR|exon|gene|transcript	193
chr14	80993276	80993469	ENSG00000165409.18	UTR|exon|gene|transcript	193
chr14	85623497	85623689	ENSG00000185070.12	UTR|exon|gene|transcript	192
chr14	24080684	24080876	ENSG00000129535.13	UTR|exon|gene|transcript	192
chr14	64474311	64474503	ENSG00000089775.12|ENSG00000179841.8	UTR|exon|gene|transcript	192
chr14	90890486	90890678	ENSG00000100784.12	UTR|exon|gene|transcript	192
chr14	64588103	64588295	ENSG00000165807.8|ENSG00000259076.1	UTR|exon|gene|transcript	192
chr14	24812299	24812491	ENSG00000168952.16	UTR|exon|gene|transcript	192
chr14	49784713	49784904	ENSG00000165516.11|ENSG00000165525.18	UTR|exon|gene|transcript	191
chr14	103522505	103522696	ENSG00000166165.14	UTR|exon|gene|transcript	191
chr14	103467191	103467382	ENSG00000075413.19	UTR|exon|gene|transcript	191
chr14	91580697	91580888	ENSG00000133962.8	UTR|exon|gene|transcript	191
chr14	75078423	75078614	ENSG00000119703.15	UTR|exon|gene|transcript	191
chr14	58474606	58474797	ENSG00000100578.18	UTR|exon|gene|transcript	191
chr14	94592239	94592430	ENSG00000188488.14|ENSG00000273259.3	UTR|exon|gene|transcript	191
chr14	50776948	50777139	ENSG00000100503.27	UTR|exon|gene|transcript	191
chr14	45066577	45066767	ENSG00000198718.13	UTR|exon|gene|transcript	190
chr14	96886015	96886205	ENSG00000100749.9	UTR|exon|gene|transcript	190
chr14	53041708	53041898	ENSG00000100523.17	UTR|exon|gene|transcript	190
chr14	101927685	101927875	ENSG00000078304.20	UTR|exon|gene|transcript	190
chr14	52642769	52642959	ENSG00000197930.13	UTR|exon|gene|transcript	190
chr14	69380134	69380324	ENSG00000100632.11	UTR|exon|gene|transcript	190
chr14	94504032	94504222	ENSG00000165953.10	UTR|exon|gene|transcript	190
chr14	23098081	23098271	ENSG00000179933.6	UTR|exon|gene|transcript	190
chr14	93251462	93251652	ENSG00000011114.15	UTR|exon|gene|transcript	190
chr14	95411131	95411321	ENSG00000176438.13	UTR|exon|gene|transcript	190
chr14	31178064	31178254	ENSG00000092148.14	UTR|exon|gene|transcript	190
chr14	45189173	45189362	ENSG00000187790.12	UTR|exon|gene|transcript	189
chr14	50245650	50245839	ENSG00000087299.12	UTR|exon|gene|transcript	189
chr14	102004761	102004950	ENSG00000197102.14	UTR|exon|gene|transcript	189
chr14	104769396	104769585	ENSG00000142208.18|ENSG00000258430.1	UTR|exon|gene|transcript	189
chr14	54939887	54940076	ENSG00000198554.12	UTR|exon|gene|transcript	189
chr14	49782180	49782369	ENSG00000165516.11|ENSG00000165525.18	UTR|exon|gene|transcript	189
chr14	91283328	91283517	ENSG00000015133.20	UTR|exon|gene|transcript	189
chr14	75647150	75647339	ENSG00000119685.20|ENSG00000119686.10	UTR|exon|gene|transcript	189
chr14	22814694	22814883	ENSG00000155465.21	UTR|exon|gene|transcript	189
chr14	23043871	23044060	ENSG00000222028.5	UTR|exon|gene|transcript	189
chr14	90278146	90278335	ENSG00000119720.18	UTR|exon|gene|transcript	189
chr14	23478615	23478804	ENSG00000129460.17	UTR|exon|gene|transcript	189
chr14	41701358	41701546	ENSG00000165379.14	UTR|exon|gene|transcript	188
chr14	104590327	104590515	ENSG00000184601.11|ENSG00000258986.7	UTR|exon|gene|transcript	188
chr14	20033182	20033370	ENSG00000176253.4	UTR|exon|gene|transcript	188
chr14	101986413	101986601	ENSG00000197102.14	UTR|exon|gene|transcript	188
chr14	52777552	52777740	ENSG00000100522.10|ENSG00000259049.1	UTR|exon|gene|transcript	188
chr14	77394442	77394630	ENSG00000165555.10	UTR|exon|gene|transcript	188
chr14	52777364	52777552	ENSG00000100522.10|ENSG00000259049.1	UTR|exon|gene|transcript	188
chr14	102828408	102828596	ENSG00000131323.17	UTR|exon|gene|transcript	188
chr14	21500494	21500682	ENSG00000165819.12	UTR|exon|gene|transcript	188
chr14	64746078	64746266	ENSG00000126822.18	UTR|exon|gene|transcript	188
chr14	92495382	92495570	ENSG00000140090.18	UTR|exon|gene|transcript	188
chr14	67589805	67589992	ENSG00000100564.9	UTR|exon|gene|transcript	187
chr14	64461896	64462083	ENSG00000089775.12|ENSG00000100714.18	UTR|exon|gene|transcript	187
chr14	74942104	74942291	ENSG00000119630.14	UTR|exon|gene|transcript	187
chr14	102228885	102229072	ENSG00000080823.23	UTR|exon|gene|transcript	187
chr14	23025901	23026088	ENSG00000100804.19	UTR|exon|gene|transcript	187
chr14	73213423	73213610	ENSG00000080815.20	UTR|exon|gene|transcript	187
chr14	60143227	60143414	ENSG00000126773.13	UTR|exon|gene|transcript	187
chr14	88702445	88702632	ENSG00000165521.16	UTR|exon|gene|transcript	187
chr14	52642376	52642562	ENSG00000197930.13	UTR|exon|gene|transcript	186
chr14	21158636	21158822	ENSG00000169327.5	UTR|exon|gene|transcript	186
chr14	51095462	51095648	ENSG00000100505.14	UTR|exon|gene|transcript	186
chr14	23469762	23469948	ENSG00000129460.17	UTR|exon|gene|transcript	186
chr14	75471380	75471566	ENSG00000140044.13	UTR|exon|gene|transcript	186
chr14	89988904	89989090	ENSG00000042088.14	UTR|exon|gene|transcript	186
chr14	95186381	95186567	ENSG00000165959.12	UTR|exon|gene|transcript	186
chr14	24119710	24119896	ENSG00000100897.18	UTR|exon|gene|transcript	186
chr14	60646096	60646282	ENSG00000126778.12	UTR|exon|gene|transcript	186
chr14	45112317	45112502	ENSG00000185246.18	UTR|exon|gene|transcript	185
chr14	88467769	88467954	ENSG00000042317.17|ENSG00000070778.13	UTR|exon|gene|transcript	185
chr14	22887102	22887287	ENSG00000139890.10	UTR|exon|gene|transcript	185
chr14	23356405	23356590	ENSG00000100842.13|ENSG00000259018.1	UTR|exon|gene|transcript	185
chr14	102342179	102342364	ENSG00000022976.16|ENSG00000100865.15	UTR|exon|gene|transcript	185
chr14	45168117	45168302	ENSG00000187790.12	UTR|exon|gene|transcript	185
chr14	73696297	73696482	ENSG00000119661.15	UTR|exon|gene|transcript	185
chr14	21327622	21327807	ENSG00000092200.13	UTR|exon|gene|transcript	185
chr14	105210366	105210550	ENSG00000185024.18	UTR|exon|gene|transcript	184
chr14	54702396	54702580	ENSG00000020577.14|ENSG00000285774.5	UTR|exon|gene|transcript	184
chr14	54539087	54539271	ENSG00000100532.13	UTR|exon|gene|transcript	184
chr14	104589624	104589808	ENSG00000184601.11|ENSG00000258986.7|ENSG00000259037.1	UTR|exon|gene|transcript	184
chr14	24427604	24427788	ENSG00000139899.11	UTR|exon|gene|transcript	184
chr14	39351193	39351377	ENSG00000150527.18	UTR|exon|gene|transcript	184
chr14	76499327	76499511	ENSG00000119715.15|ENSG00000259124.1	UTR|exon|gene|transcript	184
chr14	59291324	59291508	ENSG00000100592.16	UTR|exon|gene|transcript	184
chr14	80993699	80993883	ENSG00000165409.18	UTR|exon|gene|transcript	184
chr14	37499955	37500138	ENSG00000151338.21	UTR|exon|gene|transcript	183
chr14	104769971	104770154	ENSG00000142208.18|ENSG00000258430.1	UTR|exon|gene|transcript	183
chr14	38210565	38210748	ENSG00000139874.6	UTR|exon|gene|transcript	183
chr14	68882872	68883055	ENSG00000072110.16	UTR|exon|gene|transcript	183
chr14	100327187	100327370	ENSG00000140107.12	UTR|exon|gene|transcript	183
chr14	67752343	67752526	ENSG00000072121.17	UTR|exon|gene|transcript	183
chr14	54788944	54789127	ENSG00000020577.14	UTR|exon|gene|transcript	183
chr14	92169671	92169854	ENSG00000165934.13	UTR|exon|gene|transcript	183
chr14	31113876	31114059	ENSG00000092148.14|ENSG00000100478.16	UTR|exon|gene|transcript	183
chr14	58234551	58234734	ENSG00000131966.14|ENSG00000139971.15	UTR|exon|gene|transcript	183
chr14	64080455	64080638	ENSG00000054654.20	UTR|exon|gene|transcript	183
chr14	37591092	37591275	ENSG00000129514.8	UTR|exon|gene|transcript	183
chr14	20111909	20112091	ENSG00000176230.7	UTR|exon|gene|transcript	182
chr14	85623905	85624087	ENSG00000185070.12	UTR|exon|gene|transcript	182
chr14	67587366	67587548	ENSG00000054690.14|ENSG00000100564.9	UTR|exon|gene|transcript	182
chr14	96092218	96092400	ENSG00000227051.7	UTR|exon|gene|transcript	182
chr14	31172953	31173135	ENSG00000092148.14	UTR|exon|gene|transcript	182
chr14	99677764	99677946	ENSG00000182218.10	UTR|exon|gene|transcript	182
chr14	104594911	104595092	ENSG00000258986.7	UTR|exon|gene|transcript	181
chr14	103343875	103344056	ENSG00000100664.11	UTR|exon|gene|transcript	181
chr14	88619504	88619685	ENSG00000100722.20|ENSG00000165521.16	UTR|exon|gene|transcript	181
chr14	20476601	20476782	ENSG00000198805.13|ENSG00000258908.1	UTR|exon|gene|transcript	181
chr14	21265335	21265516	ENSG00000092199.19	UTR|exon|gene|transcript	181
chr14	72537532	72537713	ENSG00000182732.18|ENSG00000286333.1	UTR|exon|gene|transcript	181
chr14	87945552	87945733	ENSG00000054983.17	UTR|exon|gene|transcript	181
chr14	103705522	103705703	ENSG00000126214.22|ENSG00000126215.14	UTR|exon|gene|transcript	181
chr14	69349724	69349905	ENSG00000100626.17	UTR|exon|gene|transcript	181
chr14	74676140	74676321	ENSG00000119682.18	UTR|exon|gene|transcript	181
chr14	73699127	73699308	ENSG00000119661.15|ENSG00000258660.1	UTR|exon|gene|transcript	181
chr14	21978497	21978678	ENSG00000211795.3	UTR|exon|gene|transcript	181
chr14	61970131	61970311	ENSG00000139973.18	UTR|exon|gene|transcript	180
chr14	36473701	36473881	ENSG00000229415.10|ENSG00000257520.2|ENSG00000283098.2	UTR|exon|gene|transcript	180
chr14	24374145	24374325	ENSG00000100968.14	UTR|exon|gene|transcript	180
chr14	95108323	95108503	ENSG00000100697.17	UTR|exon|gene|transcript	180
chr14	64749473	64749653	ENSG00000070182.21|ENSG00000126822.18	UTR|exon|gene|transcript	180
chr14	64007042	64007222	ENSG00000054654.20	UTR|exon|gene|transcript	180
chr14	64233365	64233545	ENSG00000140009.19	UTR|exon|gene|transcript	180
chr14	104591449	104591629	ENSG00000258986.7	UTR|exon|gene|transcript	180
chr14	101987452	101987632	ENSG00000197102.14	UTR|exon|gene|transcript	180
chr14	71739161	71739341	ENSG00000197555.10|ENSG00000285518.1	UTR|exon|gene|transcript	180
chr14	60456916	60457095	ENSG00000179008.9	UTR|exon|gene|transcript	179
chr14	103734367	103734546	ENSG00000088808.18	UTR|exon|gene|transcript	179
chr14	102501779	102501958	ENSG00000156381.9|ENSG00000196663.16	UTR|exon|gene|transcript	179
chr14	93248475	93248654	ENSG00000011114.15	UTR|exon|gene|transcript	179
chr14	55067222	55067401	ENSG00000168175.16	UTR|exon|gene|transcript	179
chr14	20892169	20892348	ENSG00000169397.4	UTR|exon|gene|transcript	179
chr14	21048261	21048440	ENSG00000165795.25	UTR|exon|gene|transcript	179
chr14	64587193	64587372	ENSG00000165807.8|ENSG00000259076.1	UTR|exon|gene|transcript	179
chr14	23117307	23117486	ENSG00000092067.7	UTR|exon|gene|transcript	179
chr14	20365827	20366005	ENSG00000129566.13	UTR|exon|gene|transcript	178
chr14	46882043	46882221	ENSG00000139915.22	UTR|exon|gene|transcript	178
chr14	23128018	23128196	ENSG00000092068.21	UTR|exon|gene|transcript	178
chr14	90534417	90534595	ENSG00000165914.15	UTR|exon|gene|transcript	178
chr14	69380359	69380537	ENSG00000100632.11	UTR|exon|gene|transcript	178
chr14	93997393	93997571	ENSG00000175699.15	UTR|exon|gene|transcript	178
chr14	104715832	104716010	ENSG00000203485.14	UTR|exon|gene|transcript	178
chr14	58498782	58498960	ENSG00000100578.18	UTR|exon|gene|transcript	178
chr14	34709321	34709499	ENSG00000165410.15	UTR|exon|gene|transcript	178
chr14	77512105	77512283	ENSG00000100596.8	UTR|exon|gene|transcript	178
chr14	50634649	50634827	ENSG00000151748.15	UTR|exon|gene|transcript	178
chr14	73965912	73966089	ENSG00000187097.13	UTR|exon|gene|transcript	177
chr14	63371932	63372109	ENSG00000154001.14	UTR|exon|gene|transcript	177
chr14	56632994	56633171	ENSG00000070269.14	UTR|exon|gene|transcript	177
chr14	59369257	59369434	ENSG00000100592.16	UTR|exon|gene|transcript	177
chr14	76171842	76172019	ENSG00000089916.18	UTR|exon|gene|transcript	177
chr14	31133237	31133414	ENSG00000092148.14	UTR|exon|gene|transcript	177
chr14	94048614	94048791	ENSG00000089723.10|ENSG00000089737.19	UTR|exon|gene|transcript	177
chr14	88661653	88661830	ENSG00000165521.16	UTR|exon|gene|transcript	177
chr14	88322956	88323133	ENSG00000100433.16	UTR|exon|gene|transcript	177
chr14	101994672	101994849	ENSG00000197102.14	UTR|exon|gene|transcript	177
chr14	72550497	72550674	ENSG00000182732.18	UTR|exon|gene|transcript	177
chr14	87933722	87933898	ENSG00000054983.17	UTR|exon|gene|transcript	176
chr14	90292696	90292872	ENSG00000119720.18|ENSG00000287437.1	UTR|exon|gene|transcript	176
chr14	92060558	92060734	ENSG00000066427.25	UTR|exon|gene|transcript	176
chr14	70372814	70372990	ENSG00000133983.16|ENSG00000213463.5|ENSG00000258644.6	UTR|exon|gene|transcript	176
chr14	57478602	57478778	ENSG00000100557.10	UTR|exon|gene|transcript	176
chr14	95105070	95105246	ENSG00000100697.17	UTR|exon|gene|transcript	176
chr14	105256185	105256361	ENSG00000185024.18	UTR|exon|gene|transcript	176
chr14	85648601	85648777	ENSG00000185070.12	UTR|exon|gene|transcript	176
chr14	88871548	88871723	ENSG00000165533.19	UTR|exon|gene|transcript	175
chr14	37522629	37522804	ENSG00000151338.21	UTR|exon|gene|transcript	175
chr14	68892052	68892227	ENSG00000072110.16	UTR|exon|gene|transcript	175
chr14	68874142	68874317	ENSG00000072110.16	UTR|exon|gene|transcript	175
chr14	58549044	58549219	ENSG00000100578.18	UTR|exon|gene|transcript	175
chr14	90275739	90275914	ENSG00000119720.18	UTR|exon|gene|transcript	175
chr14	20694008	20694183	ENSG00000214274.10|ENSG00000258451.1|ENSG00000258818.4|ENSG00000259171.1	UTR|exon|gene|transcript	175
chr14	52859312	52859487	ENSG00000073712.15|ENSG00000285664.2	UTR|exon|gene|transcript	175
chr14	31168297	31168472	ENSG00000092148.14	UTR|exon|gene|transcript	175
chr14	29591114	29591289	ENSG00000184304.17	UTR|exon|gene|transcript	175
chr14	21328423	21328598	ENSG00000092200.13	UTR|exon|gene|transcript	175
chr14	72955522	72955696	ENSG00000119599.17	UTR|exon|gene|transcript	174
chr14	101979318	101979492	ENSG00000197102.14	UTR|exon|gene|transcript	174
chr14	49614496	49614670	ENSG00000165501.17	UTR|exon|gene|transcript	174
chr14	58521988	58522162	ENSG00000100578.18	UTR|exon|gene|transcript	174
chr14	77482321	77482495	ENSG00000100593.18	UTR|exon|gene|transcript	174
chr14	64426018	64426192	ENSG00000100714.18|ENSG00000258824.2	UTR|exon|gene|transcript	174
chr14	50905217	50905391	ENSG00000100504.17	UTR|exon|gene|transcript	174
chr14	54962998	54963172	ENSG00000198554.12	UTR|exon|gene|transcript	174
chr14	102002791	102002965	ENSG00000197102.14	UTR|exon|gene|transcript	174
chr14	91782926	91783099	ENSG00000165929.13	UTR|exon|gene|transcript	173
chr14	52727817	52727990	ENSG00000100519.12	UTR|exon|gene|transcript	173
chr14	76831202	76831375	ENSG00000100565.16	UTR|exon|gene|transcript	173
chr14	102504813	102504986	ENSG00000156381.9	UTR|exon|gene|transcript	173
chr14	103708008	103708181	ENSG00000126214.22|ENSG00000126215.14	UTR|exon|gene|transcript	173
chr14	105050359	105050532	ENSG00000183484.12	UTR|exon|gene|transcript	173
chr14	24071186	24071359	ENSG00000100884.10	UTR|exon|gene|transcript	173
chr14	90535139	90535312	ENSG00000165914.15	UTR|exon|gene|transcript	173
chr14	20457508	20457680	ENSG00000100823.12	UTR|exon|gene|transcript	172
chr14	87934508	87934680	ENSG00000054983.17	UTR|exon|gene|transcript	172
chr14	104721854	104722026	ENSG00000203485.14	UTR|exon|gene|transcript	172
chr14	67677861	67678033	ENSG00000072042.13|ENSG00000258466.5	UTR|exon|gene|transcript	172
chr14	56621530	56621702	ENSG00000070269.14	UTR|exon|gene|transcript	172
chr14	22771558	22771730	ENSG00000155463.14	UTR|exon|gene|transcript	172
chr14	56647922	56648094	ENSG00000070269.14|ENSG00000258428.5	UTR|exon|gene|transcript	172
chr14	56650434	56650606	ENSG00000070269.14|ENSG00000259133.5	UTR|exon|gene|transcript	172
chr14	64461090	64461262	ENSG00000089775.12|ENSG00000100714.18	UTR|exon|gene|transcript	172
chr14	60027883	60028055	ENSG00000131951.12|ENSG00000258553.5	UTR|exon|gene|transcript	172
chr14	50323944	50324116	ENSG00000125375.18	UTR|exon|gene|transcript	172
chr14	102502305	102502477	ENSG00000156381.9|ENSG00000196663.16	UTR|exon|gene|transcript	172
chr14	35081387	35081559	ENSG00000151327.14	UTR|exon|gene|transcript	172
chr14	64021856	64022028	ENSG00000054654.20	UTR|exon|gene|transcript	172
chr14	61747291	61747462	ENSG00000100644.17|ENSG00000258667.3|ENSG00000258964.1	UTR|exon|gene|transcript	171
chr14	38211617	38211788	ENSG00000139874.6	UTR|exon|gene|transcript	171
chr14	31156839	31157010	ENSG00000092148.14	UTR|exon|gene|transcript	171
chr14	95443962	95444133	ENSG00000176438.13	UTR|exon|gene|transcript	171
chr14	74662424	74662595	ENSG00000119682.18	UTR|exon|gene|transcript	171
chr14	92706482	92706653	ENSG00000100600.15	UTR|exon|gene|transcript	171
chr14	73965022	73965193	ENSG00000187097.13	UTR|exon|gene|transcript	171
chr14	21084752	21084923	ENSG00000165801.10	UTR|exon|gene|transcript	171
chr14	24442505	24442676	ENSG00000100445.18	UTR|exon|gene|transcript	171
chr14	52005849	52006020	ENSG00000087302.9|ENSG00000087303.19	UTR|exon|gene|transcript	171
chr14	54957033	54957204	ENSG00000198554.12	UTR|exon|gene|transcript	171
chr14	53046026	53046197	ENSG00000100523.17	UTR|exon|gene|transcript	171
chr14	35022909	35023080	ENSG00000100883.13	UTR|exon|gene|transcript	171
chr14	94618368	94618538	ENSG00000196136.18|ENSG00000273259.3	UTR|exon|gene|transcript	170
chr14	91465249	91465419	ENSG00000100796.18	UTR|exon|gene|transcript	170
chr14	94304247	94304417	ENSG00000170099.6	UTR|exon|gene|transcript	170
chr14	55353083	55353253	ENSG00000178974.11	UTR|exon|gene|transcript	170
chr14	53046432	53046602	ENSG00000100523.17	UTR|exon|gene|transcript	170
chr14	59596013	59596183	ENSG00000139970.18	UTR|exon|gene|transcript	170
chr14	65410594	65410764	ENSG00000033170.17	UTR|exon|gene|transcript	170
chr14	96089869	96090039	ENSG00000227051.7	UTR|exon|gene|transcript	170
chr14	34199486	34199656	ENSG00000129521.15	UTR|exon|gene|transcript	170
chr14	88455113	88455283	ENSG00000042317.17	UTR|exon|gene|transcript	170
chr14	23478194	23478364	ENSG00000129460.17	UTR|exon|gene|transcript	170
chr14	68594988	68595158	ENSG00000182185.19	UTR|exon|gene|transcript	170
chr14	37936233	37936403	ENSG00000139865.17	UTR|exon|gene|transcript	170
chr14	73174002	73174172	ENSG00000080815.20	UTR|exon|gene|transcript	170
chr14	100281245	100281415	ENSG00000100811.15|ENSG00000259052.1	UTR|exon|gene|transcript	170
chr14	63045186	63045356	ENSG00000140015.20	UTR|exon|gene|transcript	170
chr14	21022497	21022667	ENSG00000165795.25	UTR|exon|gene|transcript	170
chr14	20313467	20313636	ENSG00000100814.19	UTR|exon|gene|transcript	169
chr14	30612210	30612379	ENSG00000092140.16	UTR|exon|gene|transcript	169
chr14	103847318	103847487	ENSG00000088808.18	UTR|exon|gene|transcript	169
chr14	60062010	60062179	ENSG00000131951.12|ENSG00000258553.5	UTR|exon|gene|transcript	169
chr14	96935208	96935377	ENSG00000100749.9	UTR|exon|gene|transcript	169
chr14	64458428	64458597	ENSG00000089775.12|ENSG00000100714.18	UTR|exon|gene|transcript	169
chr14	23311566	23311735	ENSG00000129473.11|ENSG00000258643.6	UTR|exon|gene|transcript	169
chr14	32157839	32158008	ENSG00000100852.14|ENSG00000285608.1	UTR|exon|gene|transcript	169
chr14	62103377	62103546	ENSG00000139973.18|ENSG00000258903.2|ENSG00000289503.1	UTR|exon|gene|transcript	169
chr14	20003812	20003981	ENSG00000196383.7	UTR|exon|gene|transcript	169
chr14	33801109	33801278	ENSG00000151322.20	UTR|exon|gene|transcript	169
chr14	55414209	55414378	ENSG00000182521.6	UTR|exon|gene|transcript	169
chr14	76210024	76210193	ENSG00000089916.18	UTR|exon|gene|transcript	169
chr14	35107898	35108067	ENSG00000092020.11|ENSG00000151327.14	UTR|exon|gene|transcript	169
chr14	50729522	50729691	ENSG00000100503.27	UTR|exon|gene|transcript	169
chr14	32090501	32090669	ENSG00000100852.14	UTR|exon|gene|transcript	168
chr14	45102528	45102696	ENSG00000185246.18	UTR|exon|gene|transcript	168
chr14	21382974	21383142	ENSG00000092201.10	UTR|exon|gene|transcript	168
chr14	30705885	30706053	ENSG00000092108.22	UTR|exon|gene|transcript	168
chr14	102049714	102049882	ENSG00000197102.14|ENSG00000293472.1	UTR|exon|gene|transcript	168
chr14	96874323	96874491	ENSG00000100749.9	UTR|exon|gene|transcript	168
chr14	21083834	21084002	ENSG00000165801.10	UTR|exon|gene|transcript	168
chr14	31096111	31096279	ENSG00000100478.16	UTR|exon|gene|transcript	168
chr14	21032151	21032319	ENSG00000165795.25|ENSG00000179636.15	UTR|exon|gene|transcript	168
chr14	58450578	58450746	ENSG00000100578.18	UTR|exon|gene|transcript	168
chr14	73893608	73893775	ENSG00000119725.21|ENSG00000258653.3	UTR|exon|gene|transcript	167
chr14	73268556	73268723	ENSG00000100767.17	UTR|exon|gene|transcript	167
chr14	18988254	18988421	ENSG00000222036.8	UTR|exon|gene|transcript	167
chr14	60092185	60092352	ENSG00000126773.13	UTR|exon|gene|transcript	167
chr14	60145845	60146012	ENSG00000100612.14|ENSG00000126773.13	UTR|exon|gene|transcript	167
chr14	23969009	23969176	ENSG00000157326.19|ENSG00000215256.6	UTR|exon|gene|transcript	167
chr14	95190721	95190888	ENSG00000165959.12	UTR|exon|gene|transcript	167
chr14	57205811	57205978	ENSG00000070367.17	UTR|exon|gene|transcript	167
chr14	73961736	73961903	ENSG00000119723.17|ENSG00000187097.13	UTR|exon|gene|transcript	167
chr14	19413353	19413520	ENSG00000187537.13	UTR|exon|gene|transcript	167
chr14	52490838	52491005	ENSG00000087301.9	UTR|exon|gene|transcript	167
chr14	30615348	30615515	ENSG00000092140.16	UTR|exon|gene|transcript	167
chr14	104991323	104991490	ENSG00000140104.14	UTR|exon|gene|transcript	167
chr14	81264573	81264740	ENSG00000140022.14	UTR|exon|gene|transcript	167
chr14	76376222	76376389	ENSG00000119715.15	UTR|exon|gene|transcript	167
chr14	60292482	60292649	ENSG00000100614.18	UTR|exon|gene|transcript	167
chr14	102002536	102002703	ENSG00000197102.14	UTR|exon|gene|transcript	167
chr14	94380650	94380816	ENSG00000197249.14	UTR|exon|gene|transcript	166
chr14	74922174	74922340	ENSG00000198208.12	UTR|exon|gene|transcript	166
chr14	67058839	67059005	ENSG00000171723.16	UTR|exon|gene|transcript	166
chr14	103123524	103123690	ENSG00000185215.11	UTR|exon|gene|transcript	166
chr14	67822164	67822330	ENSG00000182185.19	UTR|exon|gene|transcript	166
chr14	39136807	39136973	ENSG00000092208.19	UTR|exon|gene|transcript	166
chr14	61052464	61052630	ENSG00000139974.17	UTR|exon|gene|transcript	166
chr14	24855935	24856101	ENSG00000168952.16	UTR|exon|gene|transcript	166
chr14	45107450	45107616	ENSG00000185246.18	UTR|exon|gene|transcript	166
chr14	102004517	102004683	ENSG00000197102.14	UTR|exon|gene|transcript	166
chr14	77484399	77484565	ENSG00000100593.18	UTR|exon|gene|transcript	166
chr14	24164134	24164300	ENSG00000213928.10|ENSG00000259529.2	UTR|exon|gene|transcript	166
chr14	51939780	51939946	ENSG00000186469.9	UTR|exon|gene|transcript	166
chr14	101927519	101927685	ENSG00000078304.20	UTR|exon|gene|transcript	166
chr14	24377471	24377637	ENSG00000100968.14	UTR|exon|gene|transcript	166
chr14	24307102	24307268	ENSG00000136305.12|ENSG00000196943.14|ENSG00000213906.10	UTR|exon|gene|transcript	166
chr14	91781106	91781272	ENSG00000165929.13	UTR|exon|gene|transcript	166
chr14	24131043	24131208	ENSG00000139914.7|ENSG00000259371.2	UTR|exon|gene|transcript	165
chr14	69355201	69355366	ENSG00000100626.17	UTR|exon|gene|transcript	165
chr14	53046602	53046767	ENSG00000100523.17	UTR|exon|gene|transcript	165
chr14	104707360	104707525	ENSG00000203485.14	UTR|exon|gene|transcript	165
chr14	62100707	62100872	ENSG00000139973.18|ENSG00000289503.1	UTR|exon|gene|transcript	165
chr14	64029894	64030059	ENSG00000054654.20	UTR|exon|gene|transcript	165
chr14	103742658	103742823	ENSG00000088808.18	UTR|exon|gene|transcript	165
chr14	67785857	67786022	ENSG00000072121.17	UTR|exon|gene|transcript	165
chr14	67805453	67805618	ENSG00000072121.17	UTR|exon|gene|transcript	165
chr14	24186286	24186451	ENSG00000196497.17|ENSG00000259522.3	UTR|exon|gene|transcript	165
chr14	20019142	20019307	ENSG00000169484.4	UTR|exon|gene|transcript	165
chr14	99707678	99707843	ENSG00000036530.9	UTR|exon|gene|transcript	165
chr14	21090083	21090248	ENSG00000165801.10|ENSG00000165804.16	UTR|exon|gene|transcript	165
chr14	52643404	52643569	ENSG00000197930.13	UTR|exon|gene|transcript	165
chr14	90269231	90269396	ENSG00000100764.14|ENSG00000119720.18	UTR|exon|gene|transcript	165
chr14	67772046	67772210	ENSG00000072121.17	UTR|exon|gene|transcript	164
chr14	23099117	23099281	ENSG00000179933.6|ENSG00000283654.3	UTR|exon|gene|transcript	164
chr14	102019892	102020056	ENSG00000197102.14	UTR|exon|gene|transcript	164
chr14	67804100	67804264	ENSG00000072121.17	UTR|exon|gene|transcript	164
chr14	75647996	75648160	ENSG00000119685.20|ENSG00000119686.10	UTR|exon|gene|transcript	164
chr14	24292456	24292620	ENSG00000157379.14|ENSG00000288044.3	UTR|exon|gene|transcript	164
chr14	75709545	75709709	ENSG00000119685.20	UTR|exon|gene|transcript	164
chr14	90873631	90873795	ENSG00000100784.12	UTR|exon|gene|transcript	164
chr14	21495228	21495392	ENSG00000092203.15	UTR|exon|gene|transcript	164
chr14	92935089	92935253	ENSG00000100604.13	UTR|exon|gene|transcript	164
chr14	77717627	77717790	ENSG00000100603.14|ENSG00000119705.10	UTR|exon|gene|transcript	163
chr14	78170511	78170674	ENSG00000021645.20	UTR|exon|gene|transcript	163
chr14	93220248	93220411	ENSG00000012963.15	UTR|exon|gene|transcript	163
chr14	74056980	74057143	ENSG00000119636.16|ENSG00000119711.13	UTR|exon|gene|transcript	163
chr14	37423573	37423736	ENSG00000151338.21	UTR|exon|gene|transcript	163
chr14	65616210	65616373	ENSG00000033170.17	UTR|exon|gene|transcript	163
chr14	57298167	57298330	ENSG00000053770.12	UTR|exon|gene|transcript	163
chr14	54530242	54530405	ENSG00000100532.13	UTR|exon|gene|transcript	163
chr14	23569414	23569577	ENSG00000092051.18	UTR|exon|gene|transcript	163
chr14	103559618	103559781	ENSG00000166170.12|ENSG00000258851.1	UTR|exon|gene|transcript	163
chr14	29599655	29599817	ENSG00000184304.17	UTR|exon|gene|transcript	162
chr14	24099558	24099720	ENSG00000100889.12|ENSG00000129535.13	UTR|exon|gene|transcript	162
chr14	23302576	23302738	ENSG00000129473.11|ENSG00000235194.9	UTR|exon|gene|transcript	162
chr14	64017594	64017756	ENSG00000054654.20	UTR|exon|gene|transcript	162
chr14	104793937	104794099	ENSG00000142208.18	UTR|exon|gene|transcript	162
chr14	28770115	28770277	ENSG00000176165.13|ENSG00000186960.14	UTR|exon|gene|transcript	162
chr14	77720548	77720710	ENSG00000100603.14|ENSG00000119705.10	UTR|exon|gene|transcript	162
chr14	77717790	77717952	ENSG00000100603.14|ENSG00000119705.10	UTR|exon|gene|transcript	162
chr14	77751318	77751480	ENSG00000100603.14|ENSG00000119705.10	UTR|exon|gene|transcript	162
chr14	74337722	74337884	ENSG00000133980.5	UTR|exon|gene|transcript	162
chr14	100342049	100342211	ENSG00000140105.18|ENSG00000258666.1	UTR|exon|gene|transcript	162
chr14	74903140	74903302	ENSG00000119689.15	UTR|exon|gene|transcript	162
chr14	57288971	57289133	ENSG00000053770.12	UTR|exon|gene|transcript	162
chr14	22843256	22843418	ENSG00000157227.14	UTR|exon|gene|transcript	162
chr14	19878941	19879103	ENSG00000165762.3	UTR|exon|gene|transcript	162
chr14	90902807	90902969	ENSG00000100784.12	UTR|exon|gene|transcript	162
chr14	22886451	22886613	ENSG00000139890.10	UTR|exon|gene|transcript	162
chr14	89954362	89954523	ENSG00000140025.16|ENSG00000259053.1	UTR|exon|gene|transcript	161
chr14	100376543	100376704	ENSG00000140105.18|ENSG00000176473.14	UTR|exon|gene|transcript	161
chr14	75119341	75119502	ENSG00000119638.14|ENSG00000119703.15	UTR|exon|gene|transcript	161
chr14	58459909	58460070	ENSG00000100578.18	UTR|exon|gene|transcript	161
chr14	24132049	24132210	ENSG00000139914.7	UTR|exon|gene|transcript	161
chr14	20376103	20376264	ENSG00000129566.13	UTR|exon|gene|transcript	161
chr14	21846600	21846761	ENSG00000211786.3	UTR|exon|gene|transcript	161
chr14	75078202	75078363	ENSG00000119703.15	UTR|exon|gene|transcript	161
chr14	100376032	100376193	ENSG00000140105.18	UTR|exon|gene|transcript	161
chr14	70583658	70583819	ENSG00000133997.12	UTR|exon|gene|transcript	161
chr14	90533986	90534147	ENSG00000165914.15	UTR|exon|gene|transcript	161
chr14	99400098	99400259	ENSG00000183576.13	UTR|exon|gene|transcript	161
chr14	70534843	70535004	ENSG00000134007.5|ENSG00000257759.2	UTR|exon|gene|transcript	161
chr14	22843709	22843870	ENSG00000157227.14	UTR|exon|gene|transcript	161
chr14	21498863	21499024	ENSG00000092203.15|ENSG00000165819.12	UTR|exon|gene|transcript	161
chr14	76212812	76212973	ENSG00000089916.18	UTR|exon|gene|transcript	161
chr14	22999956	23000117	ENSG00000100802.15	UTR|exon|gene|transcript	161
chr14	45217018	45217179	ENSG00000129534.14	UTR|exon|gene|transcript	161
chr14	93257194	93257355	ENSG00000011114.15	UTR|exon|gene|transcript	161
chr14	94116527	94116688	ENSG00000165949.13	UTR|exon|gene|transcript	161
chr14	88620951	88621112	ENSG00000100722.20|ENSG00000165521.16	UTR|exon|gene|transcript	161
chr14	77286822	77286982	ENSG00000009830.13	UTR|exon|gene|transcript	160
chr14	74863834	74863994	ENSG00000119608.15	UTR|exon|gene|transcript	160
chr14	76211839	76211999	ENSG00000089916.18	UTR|exon|gene|transcript	160
chr14	104722375	104722535	ENSG00000203485.14	UTR|exon|gene|transcript	160
chr14	90875200	90875360	ENSG00000100784.12	UTR|exon|gene|transcript	160
chr14	77196070	77196230	ENSG00000165548.11|ENSG00000259164.1	UTR|exon|gene|transcript	160
chr14	91969512	91969672	ENSG00000100815.12	UTR|exon|gene|transcript	160
chr14	73711782	73711942	ENSG00000176903.5	UTR|exon|gene|transcript	160
chr14	88012174	88012334	ENSG00000140030.6|ENSG00000258407.1	UTR|exon|gene|transcript	160
chr14	93203505	93203665	ENSG00000170270.5|ENSG00000259066.5	UTR|exon|gene|transcript	160
chr14	68877081	68877240	ENSG00000072110.16	UTR|exon|gene|transcript	159
chr14	81108681	81108840	ENSG00000165409.18|ENSG00000284959.3	UTR|exon|gene|transcript	159
chr14	46873432	46873591	ENSG00000139915.22	UTR|exon|gene|transcript	159
chr14	64016472	64016631	ENSG00000054654.20	UTR|exon|gene|transcript	159
chr14	68794003	68794162	ENSG00000185650.10	UTR|exon|gene|transcript	159
chr14	24322065	24322224	ENSG00000129467.14	UTR|exon|gene|transcript	159
chr14	50632069	50632228	ENSG00000151748.15|ENSG00000198513.14	UTR|exon|gene|transcript	159
chr14	73903800	73903959	ENSG00000119725.21|ENSG00000258653.3|ENSG00000258891.1	UTR|exon|gene|transcript	159
chr14	77887090	77887249	ENSG00000063761.16	UTR|exon|gene|transcript	159
chr14	73223356	73223515	ENSG00000080815.20	UTR|exon|gene|transcript	159
chr14	50327750	50327909	ENSG00000100490.10|ENSG00000125375.18|ENSG00000259071.1	UTR|exon|gene|transcript	159
chr14	74663511	74663670	ENSG00000119682.18	UTR|exon|gene|transcript	159
chr14	32831352	32831511	ENSG00000151320.11	UTR|exon|gene|transcript	159
chr14	35081228	35081387	ENSG00000151327.14	UTR|exon|gene|transcript	159
chr14	63997418	63997576	ENSG00000054654.20	UTR|exon|gene|transcript	158
chr14	45170588	45170746	ENSG00000187790.12	UTR|exon|gene|transcript	158
chr14	74736937	74737095	ENSG00000119616.11	UTR|exon|gene|transcript	158
chr14	75470266	75470424	ENSG00000140044.13	UTR|exon|gene|transcript	158
chr14	77391614	77391772	ENSG00000100583.5	UTR|exon|gene|transcript	158
chr14	100306232	100306390	ENSG00000197119.13	UTR|exon|gene|transcript	158
chr14	95923564	95923722	ENSG00000250366.4	UTR|exon|gene|transcript	158
chr14	22880569	22880727	ENSG00000197324.9	UTR|exon|gene|transcript	158
chr14	102039096	102039254	ENSG00000197102.14|ENSG00000293472.1	UTR|exon|gene|transcript	158
chr14	88624969	88625127	ENSG00000100722.20|ENSG00000165521.16	UTR|exon|gene|transcript	158
chr14	44960974	44961132	ENSG00000179454.14	UTR|exon|gene|transcript	158
chr14	54981539	54981696	ENSG00000198554.12	UTR|exon|gene|transcript	157
chr14	77322564	77322721	ENSG00000100577.19	UTR|exon|gene|transcript	157
chr14	39350264	39350421	ENSG00000150527.18	UTR|exon|gene|transcript	157
chr14	57563977	57564134	ENSG00000151812.15	UTR|exon|gene|transcript	157
chr14	89161399	89161556	ENSG00000053254.16	UTR|exon|gene|transcript	157
chr14	73100995	73101152	ENSG00000119707.14	UTR|exon|gene|transcript	157
chr14	76201851	76202007	ENSG00000089916.18	UTR|exon|gene|transcript	156
chr14	99522789	99522945	ENSG00000090061.17|ENSG00000205476.9	UTR|exon|gene|transcript	156
chr14	90044355	90044511	ENSG00000042088.14	UTR|exon|gene|transcript	156
chr14	64047999	64048155	ENSG00000054654.20	UTR|exon|gene|transcript	156
chr14	80742763	80742919	ENSG00000100629.17	UTR|exon|gene|transcript	156
chr14	45173054	45173210	ENSG00000187790.12	UTR|exon|gene|transcript	156
chr14	64075944	64076100	ENSG00000054654.20	UTR|exon|gene|transcript	156
chr14	81262199	81262355	ENSG00000140022.14	UTR|exon|gene|transcript	156
chr14	23308965	23309121	ENSG00000129473.11|ENSG00000258643.6	UTR|exon|gene|transcript	156
chr14	20378379	20378535	ENSG00000129566.13	UTR|exon|gene|transcript	156
chr14	88618331	88618487	ENSG00000100722.20|ENSG00000165521.16	UTR|exon|gene|transcript	156
chr14	101999988	102000144	ENSG00000197102.14	UTR|exon|gene|transcript	156
chr14	102032278	102032434	ENSG00000197102.14	UTR|exon|gene|transcript	156
chr14	91736693	91736849	ENSG00000133962.8	UTR|exon|gene|transcript	156
chr14	103133361	103133517	ENSG00000185215.11	UTR|exon|gene|transcript	156
chr14	49845974	49846130	ENSG00000165525.18	UTR|exon|gene|transcript	156
chr14	46874044	46874200	ENSG00000139915.22	UTR|exon|gene|transcript	156
chr14	90406164	90406320	ENSG00000198668.14	UTR|exon|gene|transcript	156
chr14	103520154	103520310	ENSG00000166165.14	UTR|exon|gene|transcript	156
chr14	91510144	91510300	ENSG00000100796.18	UTR|exon|gene|transcript	156
chr14	75820612	75820768	ENSG00000119685.20|ENSG00000259103.2	UTR|exon|gene|transcript	156
chr14	76781576	76781732	ENSG00000071246.11|ENSG00000258610.1	UTR|exon|gene|transcript	156
chr14	80939384	80939540	ENSG00000100629.17	UTR|exon|gene|transcript	156
chr14	104937761	104937916	ENSG00000185567.7	UTR|exon|gene|transcript	155
chr14	93725835	93725990	ENSG00000175785.13	UTR|exon|gene|transcript	155
chr14	104995359	104995514	ENSG00000140104.14	UTR|exon|gene|transcript	155
chr14	30964354	30964509	ENSG00000196792.12|ENSG00000258886.2	UTR|exon|gene|transcript	155
chr14	90530964	90531119	ENSG00000165914.15	UTR|exon|gene|transcript	155
chr14	73220504	73220659	ENSG00000080815.20	UTR|exon|gene|transcript	155
chr14	91636424	91636579	ENSG00000133962.8	UTR|exon|gene|transcript	155
chr14	95115666	95115821	ENSG00000100697.17	UTR|exon|gene|transcript	155
chr14	89796877	89797032	ENSG00000140025.16|ENSG00000259053.1	UTR|exon|gene|transcript	155
chr14	64230214	64230369	ENSG00000140009.19	UTR|exon|gene|transcript	155
chr14	102084398	102084553	ENSG00000080824.19	UTR|exon|gene|transcript	155
chr14	105383358	105383513	ENSG00000179364.15	UTR|exon|gene|transcript	155
chr14	34562659	34562814	ENSG00000129515.20	UTR|exon|gene|transcript	155
chr14	95407601	95407756	ENSG00000176438.13	UTR|exon|gene|transcript	155
chr14	49577237	49577391	ENSG00000213741.11	UTR|exon|gene|transcript	154
chr14	20110738	20110892	ENSG00000176230.7	UTR|exon|gene|transcript	154
chr14	69712466	69712620	ENSG00000100647.8	UTR|exon|gene|transcript	154
chr14	45032222	45032376	ENSG00000179454.14|ENSG00000198718.13	UTR|exon|gene|transcript	154
chr14	60168835	60168989	ENSG00000100612.14|ENSG00000126773.13	UTR|exon|gene|transcript	154
chr14	105242300	105242454	ENSG00000185024.18	UTR|exon|gene|transcript	154
chr14	73932278	73932432	ENSG00000119725.21|ENSG00000156050.10|ENSG00000258891.1	UTR|exon|gene|transcript	154
chr14	23376249	23376403	ENSG00000166090.8	UTR|exon|gene|transcript	154
chr14	76212152	76212306	ENSG00000089916.18	UTR|exon|gene|transcript	154
chr14	53043967	53044121	ENSG00000100523.17	UTR|exon|gene|transcript	154
chr14	90849296	90849450	ENSG00000100784.12	UTR|exon|gene|transcript	154
chr14	95156186	95156340	ENSG00000100697.17	UTR|exon|gene|transcript	154
chr14	95107607	95107761	ENSG00000100697.17	UTR|exon|gene|transcript	154
chr14	94614257	94614411	ENSG00000196136.18|ENSG00000273259.3	UTR|exon|gene|transcript	154
chr14	95090875	95091029	ENSG00000100697.17	UTR|exon|gene|transcript	154
chr14	29636289	29636442	ENSG00000184304.17	UTR|exon|gene|transcript	153
chr14	45198935	45199088	ENSG00000187790.12	UTR|exon|gene|transcript	153
chr14	49612471	49612624	ENSG00000165501.17	UTR|exon|gene|transcript	153
chr14	103706053	103706206	ENSG00000126214.22|ENSG00000126215.14	UTR|exon|gene|transcript	153
chr14	21370335	21370488	ENSG00000092201.10	UTR|exon|gene|transcript	153
chr14	32832897	32833050	ENSG00000151320.11	UTR|exon|gene|transcript	153
chr14	73931664	73931817	ENSG00000119725.21|ENSG00000156050.10|ENSG00000258653.3|ENSG00000258891.1	UTR|exon|gene|transcript	153
chr14	87941394	87941547	ENSG00000054983.17	UTR|exon|gene|transcript	153
chr14	56810222	56810375	ENSG00000165588.19	UTR|exon|gene|transcript	153
chr14	24505352	24505505	ENSG00000092009.10|ENSG00000258744.3	UTR|exon|gene|transcript	153
chr14	74661635	74661788	ENSG00000119682.18	UTR|exon|gene|transcript	153
chr14	67279017	67279170	ENSG00000072415.10	UTR|exon|gene|transcript	153
chr14	68978497	68978649	ENSG00000072110.16	UTR|exon|gene|transcript	152
chr14	50302016	50302168	ENSG00000087299.12	UTR|exon|gene|transcript	152
chr14	21325231	21325383	ENSG00000092200.13	UTR|exon|gene|transcript	152
chr14	24096911	24097063	ENSG00000100889.12|ENSG00000129535.13	UTR|exon|gene|transcript	152
chr14	67793607	67793759	ENSG00000072121.17	UTR|exon|gene|transcript	152
chr14	64026578	64026730	ENSG00000054654.20	UTR|exon|gene|transcript	152
chr14	49782953	49783105	ENSG00000165516.11|ENSG00000165525.18	UTR|exon|gene|transcript	152
chr14	55010308	55010460	ENSG00000198554.12	UTR|exon|gene|transcript	152
chr14	96091720	96091872	ENSG00000227051.7	UTR|exon|gene|transcript	152
chr14	21034655	21034807	ENSG00000165795.25|ENSG00000179636.15|ENSG00000206150.4	UTR|exon|gene|transcript	152
chr14	70457348	70457499	ENSG00000139985.8|ENSG00000257759.2|ENSG00000290783.1	UTR|exon|gene|transcript	151
chr14	52005303	52005454	ENSG00000087302.9|ENSG00000087303.19	UTR|exon|gene|transcript	151
chr14	31102915	31103066	ENSG00000092148.14|ENSG00000100478.16	UTR|exon|gene|transcript	151
chr14	22844629	22844780	ENSG00000157227.14	UTR|exon|gene|transcript	151
chr14	102038697	102038848	ENSG00000197102.14|ENSG00000293472.1	UTR|exon|gene|transcript	151
chr14	92839796	92839947	ENSG00000066455.13	UTR|exon|gene|transcript	151
chr14	105010482	105010633	ENSG00000170779.11	UTR|exon|gene|transcript	151
chr14	92686042	92686193	ENSG00000100599.16	UTR|exon|gene|transcript	151
chr14	64009965	64010116	ENSG00000054654.20	UTR|exon|gene|transcript	151
chr14	87947727	87947878	ENSG00000054983.17	UTR|exon|gene|transcript	151
chr14	60294306	60294457	ENSG00000100614.18	UTR|exon|gene|transcript	151
chr14	73109341	73109492	ENSG00000119707.14	UTR|exon|gene|transcript	151
chr14	99513147	99513297	ENSG00000090061.17|ENSG00000205476.9|ENSG00000258749.1	UTR|exon|gene|transcript	150
chr14	99940174	99940324	ENSG00000066629.19	UTR|exon|gene|transcript	150
chr14	22774353	22774503	ENSG00000155465.21	UTR|exon|gene|transcript	150
chr14	102223208	102223358	ENSG00000140153.18	UTR|exon|gene|transcript	150
chr14	101988702	101988852	ENSG00000197102.14	UTR|exon|gene|transcript	150
chr14	39386952	39387102	ENSG00000150527.18|ENSG00000259100.1	UTR|exon|gene|transcript	150
chr14	85647989	85648139	ENSG00000185070.12	UTR|exon|gene|transcript	150
chr14	20511880	20512030	ENSG00000182545.7	UTR|exon|gene|transcript	150
chr14	55684103	55684253	ENSG00000126777.18	UTR|exon|gene|transcript	150
chr14	52431757	52431907	ENSG00000087301.9	UTR|exon|gene|transcript	150
chr14	70368541	70368691	ENSG00000133983.16|ENSG00000213463.5|ENSG00000258644.6	UTR|exon|gene|transcript	150
chr14	77422906	77423056	ENSG00000165555.10	UTR|exon|gene|transcript	150
chr14	21001721	21001871	ENSG00000165794.10|ENSG00000258471.2	UTR|exon|gene|transcript	150
chr14	53058476	53058626	ENSG00000100523.17	UTR|exon|gene|transcript	150
chr14	64232878	64233028	ENSG00000140009.19	UTR|exon|gene|transcript	150
chr14	96280456	96280605	ENSG00000066739.12	UTR|exon|gene|transcript	149
chr14	91199756	91199905	ENSG00000133943.21	UTR|exon|gene|transcript	149
chr14	64073987	64074136	ENSG00000054654.20	UTR|exon|gene|transcript	149
chr14	46920011	46920160	ENSG00000139915.22	UTR|exon|gene|transcript	149
chr14	19829540	19829689	ENSG00000176294.6	UTR|exon|gene|transcript	149
chr14	90538082	90538231	ENSG00000165914.15	UTR|exon|gene|transcript	149
chr14	73149374	73149523	ENSG00000080815.20	UTR|exon|gene|transcript	149
chr14	69462232	69462381	ENSG00000029364.12	UTR|exon|gene|transcript	149
chr14	23100272	23100421	ENSG00000179933.6|ENSG00000283654.3	UTR|exon|gene|transcript	149
chr14	60643895	60644044	ENSG00000126778.12	UTR|exon|gene|transcript	149
chr14	103912516	103912665	ENSG00000156411.10	UTR|exon|gene|transcript	149
chr14	103733979	103734127	ENSG00000088808.18	UTR|exon|gene|transcript	148
chr14	103335241	103335389	ENSG00000100664.11|ENSG00000291313.1	UTR|exon|gene|transcript	148
chr14	92923211	92923359	ENSG00000100604.13	UTR|exon|gene|transcript	148
chr14	57229733	57229881	ENSG00000070367.17	UTR|exon|gene|transcript	148
chr14	45110669	45110817	ENSG00000185246.18	UTR|exon|gene|transcript	148
chr14	94581998	94582146	ENSG00000188488.14	UTR|exon|gene|transcript	148
chr14	67762671	67762819	ENSG00000072121.17	UTR|exon|gene|transcript	148
chr14	99513428	99513576	ENSG00000090061.17|ENSG00000205476.9|ENSG00000258749.1	UTR|exon|gene|transcript	148
chr14	99500871	99501019	ENSG00000090061.17|ENSG00000205476.9	UTR|exon|gene|transcript	148
chr14	23377073	23377221	ENSG00000166091.21	UTR|exon|gene|transcript	148
chr14	30880586	30880734	ENSG00000100473.18|ENSG00000258525.2	UTR|exon|gene|transcript	148
chr14	59484631	59484779	ENSG00000050130.18|ENSG00000258782.3	UTR|exon|gene|transcript	148
chr14	64001933	64002081	ENSG00000054654.20	UTR|exon|gene|transcript	148
chr14	72612424	72612571	ENSG00000205683.12	UTR|exon|gene|transcript	147
chr14	71586407	71586554	ENSG00000197555.10|ENSG00000285612.1	UTR|exon|gene|transcript	147
chr14	50738139	50738286	ENSG00000100503.27	UTR|exon|gene|transcript	147
chr14	102038459	102038606	ENSG00000197102.14|ENSG00000293472.1	UTR|exon|gene|transcript	147
chr14	31144110	31144257	ENSG00000092148.14	UTR|exon|gene|transcript	147
chr14	20295707	20295854	ENSG00000136319.12	UTR|exon|gene|transcript	147
chr14	76860692	76860839	ENSG00000100565.16	UTR|exon|gene|transcript	147
chr14	23128196	23128343	ENSG00000092068.21	UTR|exon|gene|transcript	147
chr14	79865049	79865196	ENSG00000021645.20	UTR|exon|gene|transcript	147
chr14	56648817	56648964	ENSG00000070269.14	UTR|exon|gene|transcript	147
chr14	102001534	102001681	ENSG00000197102.14	UTR|exon|gene|transcript	147
chr14	68879961	68880108	ENSG00000072110.16	UTR|exon|gene|transcript	147
chr14	73558798	73558945	ENSG00000187105.9|ENSG00000258603.5	UTR|exon|gene|transcript	147
chr14	70044254	70044401	ENSG00000100678.20	UTR|exon|gene|transcript	147
chr14	70722525	70722672	ENSG00000006432.16	UTR|exon|gene|transcript	147
chr14	99507147	99507294	ENSG00000090061.17|ENSG00000205476.9	UTR|exon|gene|transcript	147
chr14	76782629	76782776	ENSG00000071246.11|ENSG00000258301.3	UTR|exon|gene|transcript	147
chr14	75646655	75646802	ENSG00000119685.20|ENSG00000119686.10	UTR|exon|gene|transcript	147
chr14	64234810	64234956	ENSG00000140009.19	UTR|exon|gene|transcript	146
chr14	70726047	70726193	ENSG00000006432.16	UTR|exon|gene|transcript	146
chr14	67454319	67454465	ENSG00000198133.9	UTR|exon|gene|transcript	146
chr14	58373730	58373876	ENSG00000032219.19|ENSG00000258658.1	UTR|exon|gene|transcript	146
chr14	73616843	73616989	ENSG00000205669.4|ENSG00000258603.5	UTR|exon|gene|transcript	146
chr14	95543800	95543946	ENSG00000182512.5	UTR|exon|gene|transcript	146
chr14	35053285	35053431	ENSG00000151327.14	UTR|exon|gene|transcript	146
chr14	21085720	21085866	ENSG00000165801.10	UTR|exon|gene|transcript	146
chr14	65516242	65516388	ENSG00000033170.17	UTR|exon|gene|transcript	146
chr14	19931213	19931359	ENSG00000155249.5	UTR|exon|gene|transcript	146
chr14	23520856	23521002	ENSG00000136367.15|ENSG00000157306.14	UTR|exon|gene|transcript	146
chr14	60968413	60968558	ENSG00000020426.11|ENSG00000258892.1	UTR|exon|gene|transcript	145
chr14	56625385	56625530	ENSG00000070269.14	UTR|exon|gene|transcript	145
chr14	20291982	20292127	ENSG00000136319.12	UTR|exon|gene|transcript	145
chr14	88479297	88479442	ENSG00000070778.13	UTR|exon|gene|transcript	145
chr14	64208777	64208922	ENSG00000054654.20|ENSG00000140009.19	UTR|exon|gene|transcript	145
chr14	22778792	22778937	ENSG00000155465.21	UTR|exon|gene|transcript	145
chr14	24376943	24377088	ENSG00000100968.14	UTR|exon|gene|transcript	145
chr14	75107342	75107487	ENSG00000119638.14|ENSG00000119703.15	UTR|exon|gene|transcript	145
chr14	60057877	60058022	ENSG00000131951.12|ENSG00000258553.5	UTR|exon|gene|transcript	145
chr14	31860528	31860673	ENSG00000151413.17	UTR|exon|gene|transcript	145
chr14	57231570	57231715	ENSG00000070367.17	UTR|exon|gene|transcript	145
chr14	37968444	37968588	ENSG00000139865.17	UTR|exon|gene|transcript	144
chr14	52639914	52640058	ENSG00000197930.13	UTR|exon|gene|transcript	144
chr14	95106079	95106223	ENSG00000100697.17	UTR|exon|gene|transcript	144
chr14	34562977	34563121	ENSG00000129515.20	UTR|exon|gene|transcript	144
chr14	77275453	77275597	ENSG00000009830.13	UTR|exon|gene|transcript	144
chr14	21669843	21669987	ENSG00000276240.4	UTR|exon|gene|transcript	144
chr14	80991640	80991784	ENSG00000165409.18	UTR|exon|gene|transcript	144
chr14	69348567	69348711	ENSG00000100626.17	UTR|exon|gene|transcript	144
chr14	68971650	68971794	ENSG00000072110.16	UTR|exon|gene|transcript	144
chr14	20190895	20191039	ENSG00000196832.5	UTR|exon|gene|transcript	144
chr14	61995875	61996019	ENSG00000139973.18	UTR|exon|gene|transcript	144
chr14	93253646	93253790	ENSG00000011114.15	UTR|exon|gene|transcript	144
chr14	76500721	76500865	ENSG00000119715.15|ENSG00000259124.1	UTR|exon|gene|transcript	144
chr14	93957142	93957286	ENSG00000100628.12	UTR|exon|gene|transcript	144
chr14	68890142	68890286	ENSG00000072110.16	UTR|exon|gene|transcript	144
chr14	35029152	35029296	ENSG00000100883.13	UTR|exon|gene|transcript	144
chr14	67385984	67386128	ENSG00000134001.15	UTR|exon|gene|transcript	144
chr14	20770594	20770738	ENSG00000181552.4	UTR|exon|gene|transcript	144
chr14	64749162	64749305	ENSG00000070182.21|ENSG00000126822.18	UTR|exon|gene|transcript	143
chr14	104989839	104989982	ENSG00000140104.14	UTR|exon|gene|transcript	143
chr14	31133508	31133651	ENSG00000092148.14	UTR|exon|gene|transcript	143
chr14	35011516	35011659	ENSG00000100883.13	UTR|exon|gene|transcript	143
chr14	24209733	24209876	ENSG00000254505.11|ENSG00000254692.1|ENSG00000260669.2	UTR|exon|gene|transcript	143
chr14	105380956	105381099	ENSG00000179364.15	UTR|exon|gene|transcript	143
chr14	99509226	99509369	ENSG00000090061.17|ENSG00000205476.9	UTR|exon|gene|transcript	143
chr14	90272407	90272550	ENSG00000100764.14|ENSG00000119720.18	UTR|exon|gene|transcript	143
chr14	23372975	23373118	ENSG00000166090.8	UTR|exon|gene|transcript	143
chr14	91462734	91462877	ENSG00000100796.18	UTR|exon|gene|transcript	143
chr14	67583740	67583883	ENSG00000054690.14|ENSG00000100564.9	UTR|exon|gene|transcript	143
chr14	103137289	103137432	ENSG00000185215.11	UTR|exon|gene|transcript	143
chr14	67651481	67651624	ENSG00000081181.8|ENSG00000100568.11	UTR|exon|gene|transcript	143
chr14	50246897	50247040	ENSG00000087299.12	UTR|exon|gene|transcript	143
chr14	60268292	60268435	ENSG00000100614.18	UTR|exon|gene|transcript	143
chr14	74673076	74673218	ENSG00000119682.18	UTR|exon|gene|transcript	142
chr14	96932589	96932731	ENSG00000100749.9	UTR|exon|gene|transcript	142
chr14	88681889	88682031	ENSG00000165521.16	UTR|exon|gene|transcript	142
chr14	37714654	37714796	ENSG00000139865.17	UTR|exon|gene|transcript	142
chr14	66492052	66492194	ENSG00000196553.15|ENSG00000258561.2	UTR|exon|gene|transcript	142
chr14	75015120	75015262	ENSG00000119684.16	UTR|exon|gene|transcript	142
chr14	21522244	21522386	ENSG00000165821.12|ENSG00000257096.1	UTR|exon|gene|transcript	142
chr14	104706909	104707051	ENSG00000203485.14	UTR|exon|gene|transcript	142
chr14	60972486	60972628	ENSG00000126814.7|ENSG00000258892.1	UTR|exon|gene|transcript	142
chr14	31292880	31293022	ENSG00000129493.15|ENSG00000257831.1	UTR|exon|gene|transcript	142
chr14	79280084	79280226	ENSG00000021645.20	UTR|exon|gene|transcript	142
chr14	45096616	45096758	ENSG00000185246.18	UTR|exon|gene|transcript	142
chr14	104588878	104589020	ENSG00000184601.11|ENSG00000258986.7	UTR|exon|gene|transcript	142
chr14	74836190	74836332	ENSG00000119596.18	UTR|exon|gene|transcript	142
chr14	55145271	55145413	ENSG00000131981.16	UTR|exon|gene|transcript	142
chr14	55352941	55353083	ENSG00000178974.11	UTR|exon|gene|transcript	142
chr14	94442463	94442605	ENSG00000186910.4|ENSG00000256357.1	UTR|exon|gene|transcript	142
chr14	67754070	67754212	ENSG00000072121.17	UTR|exon|gene|transcript	142
chr14	101925307	101925449	ENSG00000078304.20	UTR|exon|gene|transcript	142
chr14	58411971	58412113	ENSG00000100575.14|ENSG00000258378.1	UTR|exon|gene|transcript	142
chr14	21001579	21001721	ENSG00000165794.10|ENSG00000258471.2	UTR|exon|gene|transcript	142
chr14	81471928	81472069	ENSG00000071537.14	UTR|exon|gene|transcript	141
chr14	57233742	57233883	ENSG00000070367.17	UTR|exon|gene|transcript	141
chr14	102016348	102016489	ENSG00000197102.14	UTR|exon|gene|transcript	141
chr14	72615379	72615520	ENSG00000205683.12	UTR|exon|gene|transcript	141
chr14	73922065	73922206	ENSG00000119725.21|ENSG00000258653.3|ENSG00000258891.1	UTR|exon|gene|transcript	141
chr14	77478574	77478715	ENSG00000100593.18	UTR|exon|gene|transcript	141
chr14	90593485	90593626	ENSG00000165914.15	UTR|exon|gene|transcript	141
chr14	73722697	73722838	ENSG00000156030.14	UTR|exon|gene|transcript	141
chr14	30905417	30905558	ENSG00000196792.12	UTR|exon|gene|transcript	141
chr14	54475829	54475970	ENSG00000197045.14	UTR|exon|gene|transcript	141
chr14	95407265	95407406	ENSG00000176438.13	UTR|exon|gene|transcript	141
chr14	91285496	91285637	ENSG00000015133.20	UTR|exon|gene|transcript	141
chr14	61747630	61747771	ENSG00000100644.17|ENSG00000258667.3|ENSG00000258964.1	UTR|exon|gene|transcript	141
chr14	64078465	64078606	ENSG00000054654.20	UTR|exon|gene|transcript	141
chr14	101994183	101994324	ENSG00000197102.14	UTR|exon|gene|transcript	141
chr14	60053064	60053205	ENSG00000131951.12|ENSG00000258553.5	UTR|exon|gene|transcript	141
chr14	57282088	57282228	ENSG00000053770.12	UTR|exon|gene|transcript	140
chr14	21262768	21262908	ENSG00000092199.19	UTR|exon|gene|transcript	140
chr14	30670255	30670395	ENSG00000092108.22	UTR|exon|gene|transcript	140
chr14	47301410	47301550	ENSG00000139915.22	UTR|exon|gene|transcript	140
chr14	45027334	45027474	ENSG00000179454.14|ENSG00000198718.13	UTR|exon|gene|transcript	140
chr14	55701386	55701526	ENSG00000126777.18	UTR|exon|gene|transcript	140
chr14	74871800	74871940	ENSG00000119608.15	UTR|exon|gene|transcript	140
chr14	91617596	91617736	ENSG00000133962.8	UTR|exon|gene|transcript	140
chr14	60019120	60019260	ENSG00000131951.12|ENSG00000258553.5	UTR|exon|gene|transcript	140
chr14	50590800	50590940	ENSG00000198513.14	UTR|exon|gene|transcript	140
chr14	22815622	22815762	ENSG00000155465.21	UTR|exon|gene|transcript	140
chr14	73575513	73575653	ENSG00000119673.16|ENSG00000258603.5	UTR|exon|gene|transcript	140
chr14	21210965	21211105	ENSG00000092199.19	UTR|exon|gene|transcript	140
chr14	69569798	69569938	ENSG00000267909.3	UTR|exon|gene|transcript	140
chr14	69459578	69459718	ENSG00000029364.12	UTR|exon|gene|transcript	140
chr14	105209288	105209428	ENSG00000185024.18	UTR|exon|gene|transcript	140
chr14	21103439	21103579	ENSG00000165804.16|ENSG00000232070.9	UTR|exon|gene|transcript	140
chr14	88870058	88870198	ENSG00000165533.19	UTR|exon|gene|transcript	140
chr14	72616761	72616901	ENSG00000205683.12	UTR|exon|gene|transcript	140
chr14	24322224	24322363	ENSG00000129467.14	UTR|exon|gene|transcript	139
chr14	58508570	58508709	ENSG00000100578.18	UTR|exon|gene|transcript	139
chr14	99706646	99706785	ENSG00000036530.9	UTR|exon|gene|transcript	139
chr14	22844370	22844509	ENSG00000157227.14	UTR|exon|gene|transcript	139
chr14	90286353	90286492	ENSG00000119720.18	UTR|exon|gene|transcript	139
chr14	70809367	70809506	ENSG00000006432.16|ENSG00000259153.4	UTR|exon|gene|transcript	139
chr14	105445713	105445852	ENSG00000182979.18|ENSG00000226174.7	UTR|exon|gene|transcript	139
chr14	90540448	90540587	ENSG00000165914.15	UTR|exon|gene|transcript	139
chr14	59370170	59370309	ENSG00000100592.16	UTR|exon|gene|transcript	139
chr14	94283825	94283964	ENSG00000140093.10	UTR|exon|gene|transcript	139
chr14	21330248	21330387	ENSG00000092200.13	UTR|exon|gene|transcript	139
chr14	54944331	54944470	ENSG00000198554.12	UTR|exon|gene|transcript	139
chr14	71115243	71115382	ENSG00000100731.16	UTR|exon|gene|transcript	139
chr14	64031015	64031154	ENSG00000054654.20	UTR|exon|gene|transcript	139
chr14	89160971	89161110	ENSG00000053254.16	UTR|exon|gene|transcript	139
chr14	77675655	77675794	ENSG00000100601.10	UTR|exon|gene|transcript	139
chr14	31157164	31157303	ENSG00000092148.14	UTR|exon|gene|transcript	139
chr14	31107566	31107704	ENSG00000092148.14|ENSG00000100478.16	UTR|exon|gene|transcript	138
chr14	73265369	73265507	ENSG00000100767.17	UTR|exon|gene|transcript	138
chr14	23968871	23969009	ENSG00000157326.19|ENSG00000215256.6	UTR|exon|gene|transcript	138
chr14	57478778	57478916	ENSG00000100557.10	UTR|exon|gene|transcript	138
chr14	18977465	18977603	ENSG00000222036.8|ENSG00000275563.1	UTR|exon|gene|transcript	138
chr14	37247102	37247240	ENSG00000151338.21	UTR|exon|gene|transcript	138
chr14	31116320	31116458	ENSG00000092148.14|ENSG00000100478.16	UTR|exon|gene|transcript	138
chr14	94586845	94586983	ENSG00000188488.14	UTR|exon|gene|transcript	138
chr14	49620910	49621048	ENSG00000168282.6|ENSG00000258377.1	UTR|exon|gene|transcript	138
chr14	102986297	102986435	ENSG00000198752.11	UTR|exon|gene|transcript	138
chr14	54530625	54530763	ENSG00000100532.13	UTR|exon|gene|transcript	138
chr14	54984722	54984860	ENSG00000198554.12	UTR|exon|gene|transcript	138
chr14	67766292	67766430	ENSG00000072121.17	UTR|exon|gene|transcript	138
chr14	91942036	91942174	ENSG00000140092.16	UTR|exon|gene|transcript	138
chr14	24324061	24324199	ENSG00000129467.14	UTR|exon|gene|transcript	138
chr14	55355084	55355222	ENSG00000178974.11	UTR|exon|gene|transcript	138
chr14	103738885	103739023	ENSG00000088808.18	UTR|exon|gene|transcript	138
chr14	75006576	75006714	ENSG00000119718.11|ENSG00000258646.1	UTR|exon|gene|transcript	138
chr14	22769796	22769934	ENSG00000155463.14	UTR|exon|gene|transcript	138
chr14	103084209	103084347	ENSG00000283071.1	UTR|exon|gene|transcript	138
chr14	64211960	64212098	ENSG00000054654.20|ENSG00000140009.19	UTR|exon|gene|transcript	138
chr14	104052143	104052281	ENSG00000156414.20	UTR|exon|gene|transcript	138
chr14	24819339	24819477	ENSG00000168952.16|ENSG00000288100.1	UTR|exon|gene|transcript	138
chr14	19424164	19424302	ENSG00000187537.13|ENSG00000276888.1	UTR|exon|gene|transcript	138
chr14	103733194	103733331	ENSG00000088808.18|ENSG00000100711.14	UTR|exon|gene|transcript	137
chr14	32157079	32157216	ENSG00000100852.14|ENSG00000285608.1	UTR|exon|gene|transcript	137
chr14	88619964	88620101	ENSG00000100722.20|ENSG00000165521.16	UTR|exon|gene|transcript	137
chr14	67767703	67767840	ENSG00000072121.17	UTR|exon|gene|transcript	137
chr14	60022733	60022870	ENSG00000131951.12|ENSG00000258553.5	UTR|exon|gene|transcript	137
chr14	67467103	67467240	ENSG00000198133.9	UTR|exon|gene|transcript	137
chr14	88609266	88609403	ENSG00000100722.20	UTR|exon|gene|transcript	137
chr14	64427336	64427473	ENSG00000100714.18|ENSG00000258824.2	UTR|exon|gene|transcript	137
chr14	89125006	89125143	ENSG00000053254.16	UTR|exon|gene|transcript	137
chr14	52004516	52004653	ENSG00000087302.9	UTR|exon|gene|transcript	137
chr14	51094939	51095076	ENSG00000100505.14	UTR|exon|gene|transcript	137
chr14	73958009	73958146	ENSG00000119723.17|ENSG00000187097.13	UTR|exon|gene|transcript	137
chr14	37240432	37240569	ENSG00000151338.21	UTR|exon|gene|transcript	137
chr14	70584675	70584812	ENSG00000133997.12	UTR|exon|gene|transcript	137
chr14	50759856	50759993	ENSG00000100503.27	UTR|exon|gene|transcript	137
chr14	67769593	67769730	ENSG00000072121.17	UTR|exon|gene|transcript	137
chr14	52708530	52708666	ENSG00000100519.12	UTR|exon|gene|transcript	136
chr14	93973947	93974083	ENSG00000100628.12	UTR|exon|gene|transcript	136
chr14	69458593	69458729	ENSG00000029364.12	UTR|exon|gene|transcript	136
chr14	81266003	81266139	ENSG00000140022.14	UTR|exon|gene|transcript	136
chr14	93188327	93188463	ENSG00000153485.6|ENSG00000259066.5	UTR|exon|gene|transcript	136
chr14	76407401	76407537	ENSG00000119715.15	UTR|exon|gene|transcript	136
chr14	45148859	45148995	ENSG00000187790.12	UTR|exon|gene|transcript	136
chr14	103557508	103557644	ENSG00000166170.12|ENSG00000258851.1	UTR|exon|gene|transcript	136
chr14	105479871	105480007	ENSG00000182809.11	UTR|exon|gene|transcript	136
chr14	73958491	73958627	ENSG00000119723.17|ENSG00000187097.13	UTR|exon|gene|transcript	136
chr14	53949740	53949875	ENSG00000125378.16	UTR|exon|gene|transcript	135
chr14	31144806	31144941	ENSG00000092148.14	UTR|exon|gene|transcript	135
chr14	31860327	31860462	ENSG00000151413.17	UTR|exon|gene|transcript	135
chr14	30616534	30616669	ENSG00000092140.16	UTR|exon|gene|transcript	135
chr14	105643067	105643202	ENSG00000211893.4	UTR|exon|gene|transcript	135
chr14	105624340	105624475	ENSG00000211892.4	UTR|exon|gene|transcript	135
chr14	36677920	36678055	ENSG00000183032.12|ENSG00000198807.13	UTR|exon|gene|transcript	135
chr14	52728455	52728590	ENSG00000100519.12	UTR|exon|gene|transcript	135
chr14	69455731	69455866	ENSG00000029364.12	UTR|exon|gene|transcript	135
chr14	31136530	31136665	ENSG00000092148.14	UTR|exon|gene|transcript	135
chr14	65411527	65411662	ENSG00000033170.17|ENSG00000276116.2	UTR|exon|gene|transcript	135
chr14	23272687	23272822	ENSG00000215277.9|ENSG00000290292.10	UTR|exon|gene|transcript	135
chr14	90853339	90853474	ENSG00000100784.12	UTR|exon|gene|transcript	135
chr14	37939409	37939543	ENSG00000139865.17	UTR|exon|gene|transcript	134
chr14	103733513	103733647	ENSG00000088808.18|ENSG00000100711.14	UTR|exon|gene|transcript	134
chr14	105741338	105741472	ENSG00000211896.7	UTR|exon|gene|transcript	134
chr14	52775236	52775370	ENSG00000100522.10|ENSG00000259049.1	UTR|exon|gene|transcript	134
chr14	37550091	37550225	ENSG00000151338.21	UTR|exon|gene|transcript	134
chr14	54955560	54955694	ENSG00000198554.12	UTR|exon|gene|transcript	134
chr14	102501261	102501395	ENSG00000196663.16	UTR|exon|gene|transcript	134
chr14	77132663	77132797	ENSG00000165548.11|ENSG00000177108.5|ENSG00000259164.1	UTR|exon|gene|transcript	134
chr14	95111316	95111450	ENSG00000100697.17	UTR|exon|gene|transcript	134
chr14	20684200	20684334	ENSG00000214274.10	UTR|exon|gene|transcript	134
chr14	99677036	99677170	ENSG00000182218.10	UTR|exon|gene|transcript	134
chr14	65077428	65077562	ENSG00000125952.21	UTR|exon|gene|transcript	134
chr14	103738678	103738812	ENSG00000088808.18	UTR|exon|gene|transcript	134
chr14	91945751	91945885	ENSG00000140092.16	UTR|exon|gene|transcript	134
chr14	90900107	90900241	ENSG00000100784.12	UTR|exon|gene|transcript	134
chr14	81196107	81196241	ENSG00000165417.12	UTR|exon|gene|transcript	134
chr14	91780820	91780954	ENSG00000165929.13	UTR|exon|gene|transcript	134
chr14	20145337	20145471	ENSG00000184394.3	UTR|exon|gene|transcript	134
chr14	101914439	101914572	ENSG00000078304.20	UTR|exon|gene|transcript	133
chr14	22986436	22986569	ENSG00000100802.15|ENSG00000258457.5	UTR|exon|gene|transcript	133
chr14	50559931	50560064	ENSG00000012983.12|ENSG00000198513.14	UTR|exon|gene|transcript	133
chr14	20373269	20373402	ENSG00000129566.13	UTR|exon|gene|transcript	133
chr14	64933928	64934061	ENSG00000125954.13|ENSG00000258289.10	UTR|exon|gene|transcript	133
chr14	104605047	104605180	ENSG00000258986.7	UTR|exon|gene|transcript	133
chr14	90529768	90529901	ENSG00000165914.15	UTR|exon|gene|transcript	133
chr14	24817786	24817919	ENSG00000168952.16	UTR|exon|gene|transcript	133
chr14	24181710	24181843	ENSG00000196497.17|ENSG00000259522.3	UTR|exon|gene|transcript	133
chr14	45153919	45154052	ENSG00000187790.12	UTR|exon|gene|transcript	133
chr14	58640735	58640868	ENSG00000165617.16	UTR|exon|gene|transcript	133
chr14	69354725	69354858	ENSG00000100626.17	UTR|exon|gene|transcript	133
chr14	96088852	96088985	ENSG00000227051.7	UTR|exon|gene|transcript	133
chr14	95113091	95113224	ENSG00000100697.17	UTR|exon|gene|transcript	133
chr14	75471829	75471962	ENSG00000140044.13	UTR|exon|gene|transcript	133
chr14	105247287	105247420	ENSG00000185024.18	UTR|exon|gene|transcript	133
chr14	75646486	75646618	ENSG00000119685.20|ENSG00000119686.10	UTR|exon|gene|transcript	132
chr14	24093228	24093360	ENSG00000129535.13	UTR|exon|gene|transcript	132
chr14	70046589	70046721	ENSG00000100678.20	UTR|exon|gene|transcript	132
chr14	58492143	58492275	ENSG00000100578.18	UTR|exon|gene|transcript	132
chr14	24239931	24240063	ENSG00000092330.19	UTR|exon|gene|transcript	132
chr14	54966474	54966606	ENSG00000198554.12	UTR|exon|gene|transcript	132
chr14	73122575	73122707	ENSG00000119707.14	UTR|exon|gene|transcript	132
chr14	88467954	88468086	ENSG00000042317.17|ENSG00000070778.13	UTR|exon|gene|transcript	132
chr14	90404833	90404965	ENSG00000198668.14|ENSG00000258424.1	UTR|exon|gene|transcript	132
chr14	24306523	24306655	ENSG00000136305.12|ENSG00000196943.14|ENSG00000213906.10	UTR|exon|gene|transcript	132
chr14	90871941	90872073	ENSG00000100784.12	UTR|exon|gene|transcript	132
chr14	55027626	55027758	ENSG00000180008.9	UTR|exon|gene|transcript	132
chr14	88664492	88664624	ENSG00000165521.16	UTR|exon|gene|transcript	132
chr14	24080106	24080237	ENSG00000129535.13	UTR|exon|gene|transcript	131
chr14	20512082	20512213	ENSG00000182545.7	UTR|exon|gene|transcript	131
chr14	94048286	94048417	ENSG00000089723.10|ENSG00000089737.19	UTR|exon|gene|transcript	131
chr14	99885974	99886105	ENSG00000066629.19	UTR|exon|gene|transcript	131
chr14	24440601	24440732	ENSG00000100441.10|ENSG00000100445.18	UTR|exon|gene|transcript	131
chr14	24441008	24441139	ENSG00000100441.10|ENSG00000100445.18	UTR|exon|gene|transcript	131
chr14	88011861	88011992	ENSG00000140030.6|ENSG00000258407.1	UTR|exon|gene|transcript	131
chr14	59504538	59504669	ENSG00000050130.18|ENSG00000151838.12|ENSG00000258782.3	UTR|exon|gene|transcript	131
chr14	104994759	104994890	ENSG00000140104.14	UTR|exon|gene|transcript	131
chr14	21089414	21089545	ENSG00000165801.10	UTR|exon|gene|transcript	131
chr14	102048538	102048669	ENSG00000197102.14|ENSG00000293472.1	UTR|exon|gene|transcript	131
chr14	21348171	21348302	ENSG00000092200.13	UTR|exon|gene|transcript	131
chr14	73958146	73958277	ENSG00000119723.17|ENSG00000187097.13	UTR|exon|gene|transcript	131
chr14	100291554	100291685	ENSG00000197119.13|ENSG00000258504.2	UTR|exon|gene|transcript	131
chr14	73959224	73959355	ENSG00000119723.17|ENSG00000187097.13	UTR|exon|gene|transcript	131
chr14	74286569	74286700	ENSG00000119688.21	UTR|exon|gene|transcript	131
chr14	54843869	54844000	ENSG00000131979.20	UTR|exon|gene|transcript	131
chr14	90850904	90851035	ENSG00000100784.12	UTR|exon|gene|transcript	131
chr14	76761870	76762000	ENSG00000071246.11	UTR|exon|gene|transcript	130
chr14	57475323	57475453	ENSG00000100557.10	UTR|exon|gene|transcript	130
chr14	102022750	102022880	ENSG00000197102.14	UTR|exon|gene|transcript	130
chr14	76788956	76789086	ENSG00000013523.11	UTR|exon|gene|transcript	130
chr14	77291513	77291643	ENSG00000009830.13	UTR|exon|gene|transcript	130
chr14	77933391	77933521	ENSG00000063761.16	UTR|exon|gene|transcript	130
chr14	91731929	91732059	ENSG00000133962.8	UTR|exon|gene|transcript	130
chr14	73223547	73223677	ENSG00000080815.20	UTR|exon|gene|transcript	130
chr14	74040687	74040817	ENSG00000119636.16	UTR|exon|gene|transcript	130
chr14	65077643	65077773	ENSG00000125952.21	UTR|exon|gene|transcript	130
chr14	64939182	64939312	ENSG00000125954.13|ENSG00000176153.13|ENSG00000258289.10	UTR|exon|gene|transcript	130
chr14	74667464	74667594	ENSG00000119682.18	UTR|exon|gene|transcript	130
chr14	90602005	90602135	ENSG00000165914.15	UTR|exon|gene|transcript	130
chr14	67224693	67224823	ENSG00000172717.17	UTR|exon|gene|transcript	130
chr14	76170595	76170725	ENSG00000089916.18	UTR|exon|gene|transcript	130
chr14	21397822	21397952	ENSG00000100888.15	UTR|exon|gene|transcript	130
chr14	24216865	24216995	ENSG00000129559.13|ENSG00000255526.6	UTR|exon|gene|transcript	130
chr14	20993312	20993442	ENSG00000165792.18	UTR|exon|gene|transcript	130
chr14	88642892	88643022	ENSG00000165521.16	UTR|exon|gene|transcript	130
chr14	73213293	73213423	ENSG00000080815.20	UTR|exon|gene|transcript	130
chr14	56178334	56178464	ENSG00000139946.11	UTR|exon|gene|transcript	130
chr14	100137869	100137999	ENSG00000196405.13	UTR|exon|gene|transcript	130
chr14	24074160	24074290	ENSG00000100884.10	UTR|exon|gene|transcript	130
chr14	24185182	24185312	ENSG00000196497.17|ENSG00000259522.3	UTR|exon|gene|transcript	130
chr14	69715014	69715144	ENSG00000100647.8	UTR|exon|gene|transcript	130
chr14	75605814	75605943	ENSG00000119686.10	UTR|exon|gene|transcript	129
chr14	100725704	100725833	ENSG00000185559.16	UTR|exon|gene|transcript	129
chr14	95136622	95136751	ENSG00000100697.17	UTR|exon|gene|transcript	129
chr14	24213701	24213830	ENSG00000254505.11|ENSG00000260669.2	UTR|exon|gene|transcript	129
chr14	102498713	102498842	ENSG00000196663.16	UTR|exon|gene|transcript	129
chr14	51247091	51247220	ENSG00000139921.13	UTR|exon|gene|transcript	129
chr14	24299248	24299377	ENSG00000157379.14	UTR|exon|gene|transcript	129
chr14	59369096	59369225	ENSG00000100592.16	UTR|exon|gene|transcript	129
chr14	81220699	81220828	ENSG00000165417.12	UTR|exon|gene|transcript	129
chr14	45183773	45183902	ENSG00000187790.12	UTR|exon|gene|transcript	129
chr14	99726727	99726856	ENSG00000036530.9	UTR|exon|gene|transcript	129
chr14	92688439	92688568	ENSG00000100599.16	UTR|exon|gene|transcript	129
chr14	39147832	39147960	ENSG00000182400.15|ENSG00000285830.1	UTR|exon|gene|transcript	128
chr14	50620598	50620726	ENSG00000198513.14	UTR|exon|gene|transcript	128
chr14	94509341	94509469	ENSG00000165953.10	UTR|exon|gene|transcript	128
chr14	55369925	55370053	ENSG00000126775.9|ENSG00000178974.11	UTR|exon|gene|transcript	128
chr14	58444047	58444175	ENSG00000100578.18	UTR|exon|gene|transcript	128
chr14	39149989	39150117	ENSG00000182400.15|ENSG00000285830.1	UTR|exon|gene|transcript	128
chr14	73266500	73266628	ENSG00000100767.17	UTR|exon|gene|transcript	128
chr14	96945237	96945365	ENSG00000100749.9	UTR|exon|gene|transcript	128
chr14	100293458	100293586	ENSG00000197119.13|ENSG00000258504.2	UTR|exon|gene|transcript	128
chr14	55661379	55661507	ENSG00000126777.18	UTR|exon|gene|transcript	128
chr14	49585602	49585730	ENSG00000213741.11	UTR|exon|gene|transcript	128
chr14	88665361	88665489	ENSG00000165521.16	UTR|exon|gene|transcript	128
chr14	88685014	88685142	ENSG00000165521.16	UTR|exon|gene|transcript	128
chr14	60466916	60467044	ENSG00000179008.9	UTR|exon|gene|transcript	128
chr14	60145698	60145826	ENSG00000100612.14|ENSG00000126773.13	UTR|exon|gene|transcript	128
chr14	64232348	64232476	ENSG00000140009.19	UTR|exon|gene|transcript	128
chr14	67385534	67385661	ENSG00000134001.15	UTR|exon|gene|transcript	127
chr14	35867905	35868032	ENSG00000100916.14	UTR|exon|gene|transcript	127
chr14	75135759	75135886	ENSG00000170348.9|ENSG00000259138.1	UTR|exon|gene|transcript	127
chr14	64486711	64486838	ENSG00000089775.12	UTR|exon|gene|transcript	127
chr14	63998913	63999040	ENSG00000054654.20	UTR|exon|gene|transcript	127
chr14	73703112	73703239	ENSG00000119661.15	UTR|exon|gene|transcript	127
chr14	104741116	104741243	ENSG00000185100.12	UTR|exon|gene|transcript	127
chr14	88657375	88657502	ENSG00000165521.16	UTR|exon|gene|transcript	127
chr14	19930916	19931043	ENSG00000155249.5	UTR|exon|gene|transcript	127
chr14	95099779	95099906	ENSG00000100697.17	UTR|exon|gene|transcript	127
chr14	45052435	45052562	ENSG00000198718.13	UTR|exon|gene|transcript	127
chr14	99511732	99511859	ENSG00000090061.17|ENSG00000205476.9	UTR|exon|gene|transcript	127
chr14	89837019	89837145	ENSG00000140025.16|ENSG00000259053.1	UTR|exon|gene|transcript	126
chr14	49783827	49783953	ENSG00000165516.11|ENSG00000165525.18	UTR|exon|gene|transcript	126
chr14	88391632	88391758	ENSG00000042317.17	UTR|exon|gene|transcript	126
chr14	103490981	103491107	ENSG00000075413.19	UTR|exon|gene|transcript	126
chr14	30617271	30617397	ENSG00000092140.16	UTR|exon|gene|transcript	126
chr14	81260655	81260781	ENSG00000140022.14	UTR|exon|gene|transcript	126
chr14	104581295	104581421	ENSG00000184601.11|ENSG00000258986.7	UTR|exon|gene|transcript	126
chr14	24418372	24418498	ENSG00000205978.6	UTR|exon|gene|transcript	126
chr14	105394743	105394869	ENSG00000179364.15	UTR|exon|gene|transcript	126
chr14	99514960	99515086	ENSG00000090061.17|ENSG00000205476.9	UTR|exon|gene|transcript	126
chr14	22610948	22611074	ENSG00000100439.11	UTR|exon|gene|transcript	126
chr14	22779925	22780051	ENSG00000155465.21	UTR|exon|gene|transcript	126
chr14	102080922	102081048	ENSG00000080824.19	UTR|exon|gene|transcript	126
chr14	105355051	105355177	ENSG00000179364.15	UTR|exon|gene|transcript	126
chr14	24182277	24182403	ENSG00000196497.17|ENSG00000259522.3	UTR|exon|gene|transcript	126
chr14	96943554	96943680	ENSG00000100749.9	UTR|exon|gene|transcript	126
chr14	100146048	100146174	ENSG00000168350.8	UTR|exon|gene|transcript	126
chr14	70046804	70046930	ENSG00000100678.20	UTR|exon|gene|transcript	126
chr14	102727953	102728079	ENSG00000089902.10	UTR|exon|gene|transcript	126
chr14	68978051	68978176	ENSG00000072110.16	UTR|exon|gene|transcript	125
chr14	102498266	102498391	ENSG00000196663.16	UTR|exon|gene|transcript	125
chr14	74906880	74907005	ENSG00000198208.12	UTR|exon|gene|transcript	125
chr14	24239079	24239204	ENSG00000092330.19|ENSG00000100938.19	UTR|exon|gene|transcript	125
chr14	76853285	76853410	ENSG00000100565.16	UTR|exon|gene|transcript	125
chr14	105599940	105600065	ENSG00000211891.6	UTR|exon|gene|transcript	125
chr14	100143738	100143863	ENSG00000196405.13	UTR|exon|gene|transcript	125
chr14	75651429	75651554	ENSG00000119685.20|ENSG00000119686.10|ENSG00000133935.7	UTR|exon|gene|transcript	125
chr14	73891899	73892024	ENSG00000119725.21|ENSG00000258653.3	UTR|exon|gene|transcript	125
chr14	20372732	20372857	ENSG00000129566.13	UTR|exon|gene|transcript	125
chr14	24318653	24318778	ENSG00000129467.14	UTR|exon|gene|transcript	125
chr14	20378980	20379105	ENSG00000129566.13	UTR|exon|gene|transcript	125
chr14	49786260	49786385	ENSG00000165516.11|ENSG00000165525.18	UTR|exon|gene|transcript	125
chr14	22895389	22895514	ENSG00000100461.18	UTR|exon|gene|transcript	125
chr14	79854092	79854217	ENSG00000021645.20	UTR|exon|gene|transcript	125
chr14	45151396	45151521	ENSG00000187790.12	UTR|exon|gene|transcript	125
chr14	105367250	105367375	ENSG00000179364.15	UTR|exon|gene|transcript	125
chr14	102233338	102233463	ENSG00000080823.23	UTR|exon|gene|transcript	125
chr14	72671010	72671135	ENSG00000205683.12	UTR|exon|gene|transcript	125
chr14	99677290	99677415	ENSG00000182218.10	UTR|exon|gene|transcript	125
chr14	74675740	74675865	ENSG00000119682.18	UTR|exon|gene|transcript	125
chr14	74901065	74901190	ENSG00000119689.15	UTR|exon|gene|transcript	125
chr14	60249266	60249391	ENSG00000100614.18	UTR|exon|gene|transcript	125
chr14	20354123	20354247	ENSG00000129484.14	UTR|exon|gene|transcript	124
chr14	66498553	66498677	ENSG00000196553.15|ENSG00000258561.2	UTR|exon|gene|transcript	124
chr14	74669946	74670070	ENSG00000119682.18	UTR|exon|gene|transcript	124
chr14	93929207	93929331	ENSG00000140067.7	UTR|exon|gene|transcript	124
chr14	58453349	58453473	ENSG00000100578.18	UTR|exon|gene|transcript	124
chr14	94379112	94379236	ENSG00000197249.14	UTR|exon|gene|transcript	124
chr14	44959390	44959514	ENSG00000179454.14	UTR|exon|gene|transcript	124
chr14	105376801	105376925	ENSG00000179364.15	UTR|exon|gene|transcript	124
chr14	31550770	31550894	ENSG00000151413.17	UTR|exon|gene|transcript	124
chr14	62118690	62118814	ENSG00000186369.12|ENSG00000289503.1|ENSG00000293464.1	UTR|exon|gene|transcript	124
chr14	74859023	74859147	ENSG00000119596.18|ENSG00000119608.15	UTR|exon|gene|transcript	124
chr14	91877486	91877610	ENSG00000140092.16	UTR|exon|gene|transcript	124
chr14	67778125	67778248	ENSG00000072121.17	UTR|exon|gene|transcript	123
chr14	67223817	67223940	ENSG00000172717.17	UTR|exon|gene|transcript	123
chr14	39088191	39088314	ENSG00000100934.15	UTR|exon|gene|transcript	123
chr14	99514080	99514203	ENSG00000090061.17|ENSG00000205476.9	UTR|exon|gene|transcript	123
chr14	39149866	39149989	ENSG00000182400.15|ENSG00000285830.1	UTR|exon|gene|transcript	123
chr14	91894949	91895072	ENSG00000140092.16	UTR|exon|gene|transcript	123
chr14	21521884	21522007	ENSG00000165821.12|ENSG00000257096.1	UTR|exon|gene|transcript	123
chr14	23308274	23308397	ENSG00000129473.11|ENSG00000258643.6	UTR|exon|gene|transcript	123
chr14	105247070	105247193	ENSG00000185024.18	UTR|exon|gene|transcript	123
chr14	69769260	69769383	ENSG00000100650.16	UTR|exon|gene|transcript	123
chr14	70460094	70460217	ENSG00000139985.8|ENSG00000257759.2|ENSG00000290783.1	UTR|exon|gene|transcript	123
chr14	104994890	104995013	ENSG00000140104.14	UTR|exon|gene|transcript	123
chr14	102224655	102224778	ENSG00000080823.23|ENSG00000140153.18	UTR|exon|gene|transcript	123
chr14	69611688	69611811	ENSG00000100647.8	UTR|exon|gene|transcript	123
chr14	73933705	73933828	ENSG00000156050.10|ENSG00000258891.1	UTR|exon|gene|transcript	123
chr14	35029331	35029454	ENSG00000100883.13	UTR|exon|gene|transcript	123
chr14	102083570	102083693	ENSG00000080824.19	UTR|exon|gene|transcript	123
chr14	50744242	50744365	ENSG00000100503.27	UTR|exon|gene|transcript	123
chr14	31121382	31121505	ENSG00000092148.14|ENSG00000100478.16	UTR|exon|gene|transcript	123
chr14	34567891	34568013	ENSG00000129515.20	UTR|exon|gene|transcript	122
chr14	30911040	30911162	ENSG00000196792.12	UTR|exon|gene|transcript	122
chr14	57571893	57572015	ENSG00000151812.15	UTR|exon|gene|transcript	122
chr14	39136624	39136746	ENSG00000092208.19	UTR|exon|gene|transcript	122
chr14	58498960	58499082	ENSG00000100578.18	UTR|exon|gene|transcript	122
chr14	77715912	77716034	ENSG00000119705.10	UTR|exon|gene|transcript	122
chr14	102932414	102932536	ENSG00000166126.11|ENSG00000198752.11	UTR|exon|gene|transcript	122
chr14	59505066	59505188	ENSG00000050130.18|ENSG00000151838.12|ENSG00000258782.3	UTR|exon|gene|transcript	122
chr14	74064699	74064821	ENSG00000119636.16|ENSG00000119711.13	UTR|exon|gene|transcript	122
chr14	103706206	103706328	ENSG00000126214.22|ENSG00000126215.14	UTR|exon|gene|transcript	122
chr14	64483576	64483698	ENSG00000089775.12	UTR|exon|gene|transcript	122
chr14	20315484	20315606	ENSG00000100814.19	UTR|exon|gene|transcript	122
chr14	24809533	24809655	ENSG00000168952.16	UTR|exon|gene|transcript	122
chr14	88567916	88568038	ENSG00000100722.20	UTR|exon|gene|transcript	122
chr14	85647093	85647215	ENSG00000185070.12	UTR|exon|gene|transcript	122
chr14	74902330	74902452	ENSG00000119689.15	UTR|exon|gene|transcript	122
chr14	91181267	91181389	ENSG00000133943.21	UTR|exon|gene|transcript	122
chr14	94598089	94598211	ENSG00000273259.3	UTR|exon|gene|transcript	122
chr14	50857966	50858088	ENSG00000100504.17|ENSG00000258687.1	UTR|exon|gene|transcript	122
chr14	74672830	74672952	ENSG00000119682.18	UTR|exon|gene|transcript	122
chr14	99940324	99940445	ENSG00000066629.19	UTR|exon|gene|transcript	121
chr14	35273690	35273811	ENSG00000100890.16|ENSG00000258790.1	UTR|exon|gene|transcript	121
chr14	73096914	73097035	ENSG00000119707.14	UTR|exon|gene|transcript	121
chr14	49785914	49786035	ENSG00000165516.11|ENSG00000165525.18	UTR|exon|gene|transcript	121
chr14	64746600	64746721	ENSG00000070182.21|ENSG00000126822.18	UTR|exon|gene|transcript	121
chr14	74479941	74480062	ENSG00000119655.11	UTR|exon|gene|transcript	121
chr14	22900644	22900765	ENSG00000100461.18	UTR|exon|gene|transcript	121
chr14	50628030	50628151	ENSG00000198513.14	UTR|exon|gene|transcript	121
chr14	60133664	60133785	ENSG00000126773.13	UTR|exon|gene|transcript	121
chr14	52314380	52314501	ENSG00000125384.7	UTR|exon|gene|transcript	121
chr14	45028175	45028296	ENSG00000179454.14|ENSG00000198718.13	UTR|exon|gene|transcript	121
chr14	93467670	93467791	ENSG00000133958.14	UTR|exon|gene|transcript	121
chr14	31846470	31846591	ENSG00000151413.17	UTR|exon|gene|transcript	121
chr14	90298259	90298380	ENSG00000119720.18	UTR|exon|gene|transcript	121
chr14	104712432	104712553	ENSG00000203485.14	UTR|exon|gene|transcript	121
chr14	45114493	45114614	ENSG00000185246.18	UTR|exon|gene|transcript	121
chr14	24184297	24184418	ENSG00000196497.17|ENSG00000259522.3	UTR|exon|gene|transcript	121
chr14	57219321	57219442	ENSG00000070367.17	UTR|exon|gene|transcript	121
chr14	75428095	75428216	ENSG00000140044.13	UTR|exon|gene|transcript	121
chr14	100282220	100282341	ENSG00000100811.15|ENSG00000259052.1	UTR|exon|gene|transcript	121
chr14	100277600	100277721	ENSG00000100811.15	UTR|exon|gene|transcript	121
chr14	96535878	96535999	ENSG00000090060.19	UTR|exon|gene|transcript	121
chr14	69770042	69770163	ENSG00000100650.16	UTR|exon|gene|transcript	121
chr14	23521727	23521848	ENSG00000136367.15|ENSG00000157306.14	UTR|exon|gene|transcript	121
chr14	73898345	73898465	ENSG00000119725.21|ENSG00000258653.3|ENSG00000258891.1	UTR|exon|gene|transcript	120
chr14	73884375	73884495	ENSG00000140043.12|ENSG00000258653.3|ENSG00000273711.2	UTR|exon|gene|transcript	120
chr14	73192744	73192864	ENSG00000080815.20	UTR|exon|gene|transcript	120
chr14	23967270	23967390	ENSG00000157326.19|ENSG00000215256.6	UTR|exon|gene|transcript	120
chr14	96542773	96542893	ENSG00000090060.19	UTR|exon|gene|transcript	120
chr14	24084625	24084745	ENSG00000129535.13	UTR|exon|gene|transcript	120
chr14	71114860	71114980	ENSG00000100731.16	UTR|exon|gene|transcript	120
chr14	54480753	54480873	ENSG00000197045.14	UTR|exon|gene|transcript	120
chr14	50114284	50114404	ENSG00000100483.14	UTR|exon|gene|transcript	120
chr14	103918004	103918124	ENSG00000156411.10	UTR|exon|gene|transcript	120
chr14	64229450	64229570	ENSG00000140009.19	UTR|exon|gene|transcript	120
chr14	90527331	90527451	ENSG00000165914.15	UTR|exon|gene|transcript	120
chr14	67786113	67786233	ENSG00000072121.17	UTR|exon|gene|transcript	120
chr14	21032695	21032815	ENSG00000165795.25|ENSG00000179636.15	UTR|exon|gene|transcript	120
chr14	24080876	24080996	ENSG00000129535.13	UTR|exon|gene|transcript	120
chr14	95091202	95091322	ENSG00000100697.17	UTR|exon|gene|transcript	120
chr14	95187880	95188000	ENSG00000165959.12	UTR|exon|gene|transcript	120
chr14	49782709	49782829	ENSG00000165516.11|ENSG00000165525.18	UTR|exon|gene|transcript	120
chr14	45154702	45154822	ENSG00000187790.12	UTR|exon|gene|transcript	120
chr14	91887192	91887312	ENSG00000140092.16	UTR|exon|gene|transcript	120
chr14	101995180	101995300	ENSG00000197102.14	UTR|exon|gene|transcript	120
chr14	91060465	91060585	ENSG00000100784.12|ENSG00000133943.21	UTR|exon|gene|transcript	120
chr14	67885868	67885988	ENSG00000182185.19	UTR|exon|gene|transcript	120
chr14	88830887	88831007	ENSG00000165533.19	UTR|exon|gene|transcript	120
chr14	67203167	67203287	ENSG00000172717.17	UTR|exon|gene|transcript	120
chr14	64024911	64025031	ENSG00000054654.20	UTR|exon|gene|transcript	120
chr14	103685724	103685844	ENSG00000126214.22|ENSG00000256500.6	UTR|exon|gene|transcript	120
chr14	105391630	105391749	ENSG00000179364.15	UTR|exon|gene|transcript	119
chr14	77175855	77175974	ENSG00000165548.11|ENSG00000259164.1	UTR|exon|gene|transcript	119
chr14	94001332	94001451	ENSG00000175699.15	UTR|exon|gene|transcript	119
chr14	94618955	94619074	ENSG00000196136.18|ENSG00000273259.3	UTR|exon|gene|transcript	119
chr14	45054430	45054549	ENSG00000198718.13	UTR|exon|gene|transcript	119
chr14	68477806	68477925	ENSG00000182185.19	UTR|exon|gene|transcript	119
chr14	92711836	92711955	ENSG00000100600.15	UTR|exon|gene|transcript	119
chr14	77760833	77760952	ENSG00000100603.14|ENSG00000119705.10|ENSG00000197734.10	UTR|exon|gene|transcript	119
chr14	39134097	39134216	ENSG00000092208.19	UTR|exon|gene|transcript	119
chr14	87965504	87965623	ENSG00000054983.17	UTR|exon|gene|transcript	119
chr14	88704859	88704978	ENSG00000165521.16	UTR|exon|gene|transcript	119
chr14	73528952	73529071	ENSG00000187105.9|ENSG00000258695.2	UTR|exon|gene|transcript	119
chr14	39158284	39158402	ENSG00000182400.15	UTR|exon|gene|transcript	118
chr14	24120837	24120955	ENSG00000100897.18	UTR|exon|gene|transcript	118
chr14	20801227	20801345	ENSG00000129538.14	UTR|exon|gene|transcript	118
chr14	101986295	101986413	ENSG00000197102.14	UTR|exon|gene|transcript	118
chr14	75472706	75472824	ENSG00000140044.13	UTR|exon|gene|transcript	118
chr14	57569862	57569980	ENSG00000151812.15	UTR|exon|gene|transcript	118
chr14	58003906	58004024	ENSG00000139971.15	UTR|exon|gene|transcript	118
chr14	49709708	49709826	ENSG00000197776.8	UTR|exon|gene|transcript	118
chr14	50885777	50885895	ENSG00000100504.17|ENSG00000131969.15	UTR|exon|gene|transcript	118
chr14	77720710	77720828	ENSG00000100603.14|ENSG00000119705.10	UTR|exon|gene|transcript	118
chr14	60512732	60512850	ENSG00000179008.9|ENSG00000184302.7	UTR|exon|gene|transcript	118
chr14	20332843	20332961	ENSG00000100814.19	UTR|exon|gene|transcript	118
chr14	20014142	20014260	ENSG00000169484.4	UTR|exon|gene|transcript	118
chr14	24606484	24606602	ENSG00000100450.13|ENSG00000258657.5	UTR|exon|gene|transcript	118
chr14	73932521	73932639	ENSG00000156050.10|ENSG00000258891.1	UTR|exon|gene|transcript	118
chr14	76229836	76229953	ENSG00000089916.18	UTR|exon|gene|transcript	117
chr14	21211105	21211222	ENSG00000092199.19	UTR|exon|gene|transcript	117
chr14	22922442	22922559	ENSG00000100462.16|ENSG00000237054.9	UTR|exon|gene|transcript	117
chr14	95710549	95710666	ENSG00000100721.11	UTR|exon|gene|transcript	117
chr14	91891220	91891337	ENSG00000140092.16	UTR|exon|gene|transcript	117
chr14	77907802	77907919	ENSG00000063761.16	UTR|exon|gene|transcript	117
chr14	102932744	102932861	ENSG00000166126.11|ENSG00000198752.11	UTR|exon|gene|transcript	117
chr14	23058941	23059058	ENSG00000100813.15	UTR|exon|gene|transcript	117
chr14	68497140	68497257	ENSG00000182185.19	UTR|exon|gene|transcript	117
chr14	20426102	20426219	ENSG00000185271.9	UTR|exon|gene|transcript	117
chr14	55627911	55628028	ENSG00000126777.18	UTR|exon|gene|transcript	117
chr14	21076773	21076890	ENSG00000165801.10	UTR|exon|gene|transcript	117
chr14	34816714	34816831	ENSG00000198604.11	UTR|exon|gene|transcript	117
chr14	52643287	52643404	ENSG00000197930.13	UTR|exon|gene|transcript	117
chr14	37927857	37927974	ENSG00000139865.17	UTR|exon|gene|transcript	117
chr14	100138315	100138432	ENSG00000196405.13	UTR|exon|gene|transcript	117
chr14	73963112	73963229	ENSG00000119723.17|ENSG00000187097.13	UTR|exon|gene|transcript	117
chr14	90851966	90852083	ENSG00000100784.12	UTR|exon|gene|transcript	117
chr14	37595784	37595901	ENSG00000129514.8|ENSG00000139865.17	UTR|exon|gene|transcript	117
chr14	90524772	90524889	ENSG00000165914.15	UTR|exon|gene|transcript	117
chr14	94004854	94004971	ENSG00000175699.15	UTR|exon|gene|transcript	117
chr14	68793605	68793722	ENSG00000185650.10	UTR|exon|gene|transcript	117
chr14	90871503	90871620	ENSG00000100784.12	UTR|exon|gene|transcript	117
chr14	90271225	90271342	ENSG00000100764.14|ENSG00000119720.18	UTR|exon|gene|transcript	117
chr14	88469616	88469733	ENSG00000042317.17|ENSG00000070778.13	UTR|exon|gene|transcript	117
chr14	24165846	24165962	ENSG00000213928.10|ENSG00000259529.2	UTR|exon|gene|transcript	116
chr14	105398031	105398147	ENSG00000179364.15	UTR|exon|gene|transcript	116
chr14	54962737	54962853	ENSG00000198554.12	UTR|exon|gene|transcript	116
chr14	105464031	105464147	ENSG00000182979.18	UTR|exon|gene|transcript	116
chr14	21078372	21078488	ENSG00000165801.10	UTR|exon|gene|transcript	116
chr14	20560931	20561047	ENSG00000188655.11	UTR|exon|gene|transcript	116
chr14	102042391	102042507	ENSG00000197102.14|ENSG00000293472.1	UTR|exon|gene|transcript	116
chr14	36677804	36677920	ENSG00000198807.13	UTR|exon|gene|transcript	116
chr14	69460435	69460551	ENSG00000029364.12	UTR|exon|gene|transcript	116
chr14	96285575	96285691	ENSG00000066739.12	UTR|exon|gene|transcript	116
chr14	68794738	68794854	ENSG00000185650.10|ENSG00000289626.1	UTR|exon|gene|transcript	116
chr14	45109615	45109731	ENSG00000185246.18	UTR|exon|gene|transcript	116
chr14	58548620	58548736	ENSG00000100578.18	UTR|exon|gene|transcript	116
chr14	45227686	45227802	ENSG00000129534.14	UTR|exon|gene|transcript	116
chr14	23295798	23295914	ENSG00000235194.9|ENSG00000290292.10	UTR|exon|gene|transcript	116
chr14	62127796	62127912	ENSG00000186369.12|ENSG00000289503.1|ENSG00000293464.1	UTR|exon|gene|transcript	116
chr14	50302901	50303017	ENSG00000087299.12	UTR|exon|gene|transcript	116
chr14	22845250	22845366	ENSG00000157227.14	UTR|exon|gene|transcript	116
chr14	100278470	100278586	ENSG00000100811.15	UTR|exon|gene|transcript	116
chr14	100278586	100278702	ENSG00000100811.15	UTR|exon|gene|transcript	116
chr14	73531081	73531197	ENSG00000187105.9	UTR|exon|gene|transcript	116
chr14	22834862	22834977	ENSG00000172590.18	UTR|exon|gene|transcript	115
chr14	24573521	24573636	ENSG00000100448.4	UTR|exon|gene|transcript	115
chr14	49782594	49782709	ENSG00000165516.11|ENSG00000165525.18	UTR|exon|gene|transcript	115
chr14	21017480	21017595	ENSG00000165795.25	UTR|exon|gene|transcript	115
chr14	54967279	54967394	ENSG00000198554.12	UTR|exon|gene|transcript	115
chr14	61549831	61549946	ENSG00000027075.17|ENSG00000258989.1	UTR|exon|gene|transcript	115
chr14	103106784	103106899	ENSG00000205436.8	UTR|exon|gene|transcript	115
chr14	88622603	88622718	ENSG00000100722.20|ENSG00000165521.16	UTR|exon|gene|transcript	115
chr14	53038941	53039056	ENSG00000100523.17	UTR|exon|gene|transcript	115
chr14	24232977	24233092	ENSG00000100938.19	UTR|exon|gene|transcript	115
chr14	64449329	64449444	ENSG00000089775.12|ENSG00000100714.18	UTR|exon|gene|transcript	115
chr14	77278393	77278508	ENSG00000009830.13	UTR|exon|gene|transcript	115
chr14	89924512	89924627	ENSG00000140025.16|ENSG00000259053.1	UTR|exon|gene|transcript	115
chr14	76782134	76782249	ENSG00000071246.11|ENSG00000258301.3|ENSG00000258610.1	UTR|exon|gene|transcript	115
chr14	31169353	31169468	ENSG00000092148.14	UTR|exon|gene|transcript	115
chr14	56617182	56617297	ENSG00000070269.14	UTR|exon|gene|transcript	115
chr14	50634223	50634338	ENSG00000151748.15	UTR|exon|gene|transcript	115
chr14	102933596	102933711	ENSG00000198752.11|ENSG00000259515.1	UTR|exon|gene|transcript	115
chr14	91975171	91975286	ENSG00000100815.12	UTR|exon|gene|transcript	115
chr14	95710766	95710881	ENSG00000100721.11	UTR|exon|gene|transcript	115
chr14	77468205	77468319	ENSG00000100591.8	UTR|exon|gene|transcript	114
chr14	103928115	103928229	ENSG00000156411.10	UTR|exon|gene|transcript	114
chr14	24184866	24184980	ENSG00000196497.17|ENSG00000259522.3	UTR|exon|gene|transcript	114
chr14	65743028	65743142	ENSG00000033170.17	UTR|exon|gene|transcript	114
chr14	80526868	80526982	ENSG00000100629.17	UTR|exon|gene|transcript	114
chr14	102000285	102000399	ENSG00000197102.14	UTR|exon|gene|transcript	114
chr14	101906533	101906647	ENSG00000078304.20	UTR|exon|gene|transcript	114
chr14	74715836	74715950	ENSG00000119616.11	UTR|exon|gene|transcript	114
chr14	67581954	67582068	ENSG00000054690.14|ENSG00000100564.9	UTR|exon|gene|transcript	114
chr14	65075971	65076085	ENSG00000125952.21	UTR|exon|gene|transcript	114
chr14	73105858	73105972	ENSG00000119707.14	UTR|exon|gene|transcript	114
chr14	77283873	77283987	ENSG00000009830.13	UTR|exon|gene|transcript	114
chr14	76826583	76826697	ENSG00000100565.16	UTR|exon|gene|transcript	114
chr14	50743415	50743529	ENSG00000100503.27	UTR|exon|gene|transcript	114
chr14	76781285	76781399	ENSG00000071246.11|ENSG00000258610.1|ENSG00000259081.1	UTR|exon|gene|transcript	114
chr14	24208248	24208362	ENSG00000139908.15|ENSG00000254692.1	UTR|exon|gene|transcript	114
chr14	39122429	39122543	ENSG00000092208.19	UTR|exon|gene|transcript	114
chr14	74068981	74069095	ENSG00000119636.16|ENSG00000119711.13	UTR|exon|gene|transcript	114
chr14	96279194	96279308	ENSG00000066739.12	UTR|exon|gene|transcript	114
chr14	102501561	102501675	ENSG00000196663.16	UTR|exon|gene|transcript	114
chr14	23412739	23412853	ENSG00000092054.13	UTR|exon|gene|transcript	114
chr14	45151528	45151642	ENSG00000187790.12	UTR|exon|gene|transcript	114
chr14	91780954	91781068	ENSG00000165929.13	UTR|exon|gene|transcript	114
chr14	102043538	102043651	ENSG00000197102.14|ENSG00000293472.1	UTR|exon|gene|transcript	113
chr14	20357524	20357637	ENSG00000129484.14	UTR|exon|gene|transcript	113
chr14	21499024	21499137	ENSG00000092203.15|ENSG00000165819.12	UTR|exon|gene|transcript	113
chr14	20200175	20200288	ENSG00000196832.5	UTR|exon|gene|transcript	113
chr14	103467078	103467191	ENSG00000075413.19	UTR|exon|gene|transcript	113
chr14	99515086	99515199	ENSG00000090061.17|ENSG00000205476.9	UTR|exon|gene|transcript	113
chr14	64022750	64022863	ENSG00000054654.20	UTR|exon|gene|transcript	113
chr14	22893203	22893316	ENSG00000100461.18	UTR|exon|gene|transcript	113
chr14	45231140	45231253	ENSG00000129534.14	UTR|exon|gene|transcript	113
chr14	49732703	49732816	ENSG00000197776.8	UTR|exon|gene|transcript	113
chr14	63373891	63374004	ENSG00000154001.14	UTR|exon|gene|transcript	113
chr14	81261987	81262100	ENSG00000140022.14	UTR|exon|gene|transcript	113
chr14	23521848	23521961	ENSG00000136367.15|ENSG00000157306.14	UTR|exon|gene|transcript	113
chr14	33583292	33583405	ENSG00000151322.20	UTR|exon|gene|transcript	113
chr14	21158345	21158458	ENSG00000169327.5	UTR|exon|gene|transcript	113
chr14	54432107	54432220	ENSG00000100528.12	UTR|exon|gene|transcript	113
chr14	29663698	29663811	ENSG00000184304.17	UTR|exon|gene|transcript	113
chr14	93187499	93187612	ENSG00000153485.6|ENSG00000259066.5	UTR|exon|gene|transcript	113
chr14	24314344	24314456	ENSG00000213903.9	UTR|exon|gene|transcript	112
chr14	88687215	88687327	ENSG00000165521.16	UTR|exon|gene|transcript	112
chr14	23293576	23293688	ENSG00000290292.10	UTR|exon|gene|transcript	112
chr14	33925398	33925510	ENSG00000129521.15	UTR|exon|gene|transcript	112
chr14	73595654	73595766	ENSG00000177465.5|ENSG00000258603.5|ENSG00000288797.1	UTR|exon|gene|transcript	112
chr14	61695539	61695651	ENSG00000100644.17|ENSG00000258777.2	UTR|exon|gene|transcript	112
chr14	51967040	51967152	ENSG00000186469.9|ENSG00000259007.1	UTR|exon|gene|transcript	112
chr14	99271529	99271641	ENSG00000127152.18	UTR|exon|gene|transcript	112
chr14	24878657	24878769	ENSG00000168952.16	UTR|exon|gene|transcript	112
chr14	64486464	64486576	ENSG00000089775.12	UTR|exon|gene|transcript	112
chr14	63318823	63318935	ENSG00000179600.4	UTR|exon|gene|transcript	112
chr14	24322511	24322623	ENSG00000129467.14	UTR|exon|gene|transcript	112
chr14	24183997	24184109	ENSG00000196497.17|ENSG00000259522.3	UTR|exon|gene|transcript	112
chr14	55013484	55013596	ENSG00000198554.12	UTR|exon|gene|transcript	112
chr14	105050881	105050993	ENSG00000183484.12	UTR|exon|gene|transcript	112
chr14	74297723	74297835	ENSG00000119688.21	UTR|exon|gene|transcript	112
chr14	99941537	99941649	ENSG00000066629.19	UTR|exon|gene|transcript	112
chr14	99773901	99774013	ENSG00000066629.19	UTR|exon|gene|transcript	112
chr14	64442053	64442165	ENSG00000100714.18|ENSG00000258824.2|ENSG00000272909.1	UTR|exon|gene|transcript	112
chr14	100737437	100737549	ENSG00000185559.16	UTR|exon|gene|transcript	112
chr14	34536333	34536445	ENSG00000129518.10	UTR|exon|gene|transcript	112
chr14	24319097	24319209	ENSG00000129467.14	UTR|exon|gene|transcript	112
chr14	64486312	64486423	ENSG00000089775.12	UTR|exon|gene|transcript	111
chr14	69713855	69713966	ENSG00000100647.8	UTR|exon|gene|transcript	111
chr14	24429438	24429549	ENSG00000100441.10|ENSG00000139899.11	UTR|exon|gene|transcript	111
chr14	69398737	69398848	ENSG00000029364.12	UTR|exon|gene|transcript	111
chr14	21102404	21102515	ENSG00000165804.16|ENSG00000232070.9	UTR|exon|gene|transcript	111
chr14	69770994	69771105	ENSG00000100650.16	UTR|exon|gene|transcript	111
chr14	23033563	23033674	ENSG00000100804.19	UTR|exon|gene|transcript	111
chr14	95090320	95090431	ENSG00000100697.17	UTR|exon|gene|transcript	111
chr14	75114202	75114313	ENSG00000119638.14|ENSG00000119703.15	UTR|exon|gene|transcript	111
chr14	105384352	105384463	ENSG00000179364.15	UTR|exon|gene|transcript	111
chr14	24323343	24323454	ENSG00000129467.14	UTR|exon|gene|transcript	111
chr14	22886287	22886398	ENSG00000139890.10	UTR|exon|gene|transcript	111
chr14	101994985	101995096	ENSG00000197102.14	UTR|exon|gene|transcript	111
chr14	102000953	102001064	ENSG00000197102.14	UTR|exon|gene|transcript	111
chr14	81178007	81178118	ENSG00000165417.12	UTR|exon|gene|transcript	111
chr14	29630571	29630682	ENSG00000184304.17	UTR|exon|gene|transcript	111
chr14	91591891	91592002	ENSG00000133962.8	UTR|exon|gene|transcript	111
chr14	67196773	67196884	ENSG00000172717.17	UTR|exon|gene|transcript	111
chr14	88861221	88861332	ENSG00000165533.19	UTR|exon|gene|transcript	111
chr14	34608029	34608140	ENSG00000129515.20	UTR|exon|gene|transcript	111
chr14	102017508	102017619	ENSG00000197102.14	UTR|exon|gene|transcript	111
chr14	91608293	91608404	ENSG00000133962.8	UTR|exon|gene|transcript	111
chr14	92025309	92025420	ENSG00000100815.12	UTR|exon|gene|transcript	111
chr14	22821121	22821232	ENSG00000155465.21	UTR|exon|gene|transcript	111
chr14	55438794	55438905	ENSG00000182521.6	UTR|exon|gene|transcript	111
chr14	24185860	24185970	ENSG00000196497.17|ENSG00000259522.3	UTR|exon|gene|transcript	110
chr14	99405204	99405314	ENSG00000183576.13	UTR|exon|gene|transcript	110
chr14	57235710	57235820	ENSG00000070367.17	UTR|exon|gene|transcript	110
chr14	50904571	50904681	ENSG00000100504.17|ENSG00000131969.15	UTR|exon|gene|transcript	110
chr14	105242044	105242154	ENSG00000185024.18	UTR|exon|gene|transcript	110
chr14	33949893	33950003	ENSG00000129521.15	UTR|exon|gene|transcript	110
chr14	88705719	88705829	ENSG00000165521.16	UTR|exon|gene|transcript	110
chr14	63998218	63998328	ENSG00000054654.20	UTR|exon|gene|transcript	110
chr14	22911403	22911513	ENSG00000100461.18	UTR|exon|gene|transcript	110
chr14	99173960	99174070	ENSG00000127152.18	UTR|exon|gene|transcript	110
chr14	96544148	96544258	ENSG00000090060.19	UTR|exon|gene|transcript	110
chr14	70080070	70080180	ENSG00000100678.20	UTR|exon|gene|transcript	110
chr14	24081801	24081911	ENSG00000129535.13	UTR|exon|gene|transcript	110
chr14	20286371	20286481	ENSG00000136319.12	UTR|exon|gene|transcript	110
chr14	54748814	54748924	ENSG00000020577.14	UTR|exon|gene|transcript	110
chr14	77717952	77718062	ENSG00000100603.14|ENSG00000119705.10	UTR|exon|gene|transcript	110
chr14	19402763	19402872	ENSG00000187537.13	UTR|exon|gene|transcript	109
chr14	24185458	24185567	ENSG00000196497.17|ENSG00000259522.3	UTR|exon|gene|transcript	109
chr14	66508164	66508273	ENSG00000171723.16|ENSG00000258561.2	UTR|exon|gene|transcript	109
chr14	18998903	18999012	ENSG00000222036.8	UTR|exon|gene|transcript	109
chr14	80504911	80505020	ENSG00000100629.17	UTR|exon|gene|transcript	109
chr14	22879201	22879310	ENSG00000197324.9	UTR|exon|gene|transcript	109
chr14	22920529	22920638	ENSG00000100462.16|ENSG00000237054.9	UTR|exon|gene|transcript	109
chr14	57209952	57210061	ENSG00000070367.17	UTR|exon|gene|transcript	109
chr14	45137307	45137416	ENSG00000187790.12	UTR|exon|gene|transcript	109
chr14	105384878	105384987	ENSG00000179364.15	UTR|exon|gene|transcript	109
chr14	22773932	22774041	ENSG00000155465.21	UTR|exon|gene|transcript	109
chr14	67651151	67651260	ENSG00000081181.8|ENSG00000100568.11	UTR|exon|gene|transcript	109
chr14	60144693	60144802	ENSG00000100612.14|ENSG00000126773.13	UTR|exon|gene|transcript	109
chr14	58408702	58408811	ENSG00000100575.14|ENSG00000258378.1	UTR|exon|gene|transcript	109
chr14	58271895	58272004	ENSG00000100567.13|ENSG00000139971.15|ENSG00000257621.9	UTR|exon|gene|transcript	109
chr14	58208998	58209107	ENSG00000131966.14|ENSG00000139971.15	UTR|exon|gene|transcript	109
chr14	24319779	24319888	ENSG00000129467.14	UTR|exon|gene|transcript	109
chr14	76780803	76780912	ENSG00000071246.11|ENSG00000258610.1|ENSG00000259081.1	UTR|exon|gene|transcript	109
chr14	21463655	21463764	ENSG00000129472.15	UTR|exon|gene|transcript	109
chr14	57222307	57222416	ENSG00000070367.17	UTR|exon|gene|transcript	109
chr14	52775502	52775610	ENSG00000100522.10|ENSG00000259049.1	UTR|exon|gene|transcript	108
chr14	52544263	52544371	ENSG00000087301.9	UTR|exon|gene|transcript	108
chr14	80211967	80212075	ENSG00000211448.14|ENSG00000258766.1	UTR|exon|gene|transcript	108
chr14	23185382	23185490	ENSG00000215277.9	UTR|exon|gene|transcript	108
chr14	69710979	69711087	ENSG00000100647.8	UTR|exon|gene|transcript	108
chr14	20374428	20374536	ENSG00000129566.13	UTR|exon|gene|transcript	108
chr14	73958970	73959078	ENSG00000119723.17|ENSG00000187097.13	UTR|exon|gene|transcript	108
chr14	30902535	30902643	ENSG00000196792.12	UTR|exon|gene|transcript	108
chr14	76865967	76866075	ENSG00000100565.16	UTR|exon|gene|transcript	108
chr14	36473593	36473701	ENSG00000229415.10|ENSG00000257520.2|ENSG00000283098.2	UTR|exon|gene|transcript	108
chr14	35829799	35829907	ENSG00000100916.14	UTR|exon|gene|transcript	108
chr14	73714139	73714247	ENSG00000176903.5	UTR|exon|gene|transcript	108
chr14	24812191	24812299	ENSG00000168952.16	UTR|exon|gene|transcript	108
chr14	103558010	103558118	ENSG00000166170.12|ENSG00000258851.1	UTR|exon|gene|transcript	108
chr14	62712578	62712686	ENSG00000140015.20	UTR|exon|gene|transcript	108
chr14	72616234	72616342	ENSG00000205683.12	UTR|exon|gene|transcript	108
chr14	67280320	67280428	ENSG00000072415.10	UTR|exon|gene|transcript	108
chr14	70583977	70584085	ENSG00000133997.12	UTR|exon|gene|transcript	108
chr14	75117086	75117194	ENSG00000119638.14|ENSG00000119703.15	UTR|exon|gene|transcript	108
chr14	49780214	49780322	ENSG00000165516.11	UTR|exon|gene|transcript	108
chr14	90906191	90906299	ENSG00000100784.12	UTR|exon|gene|transcript	108
chr14	22815322	22815430	ENSG00000155465.21	UTR|exon|gene|transcript	108
chr14	99271791	99271899	ENSG00000127152.18	UTR|exon|gene|transcript	108
chr14	22565003	22565111	ENSG00000129562.11	UTR|exon|gene|transcript	108
chr14	45129793	45129901	ENSG00000100442.11	UTR|exon|gene|transcript	108
chr14	65093707	65093815	ENSG00000125952.21|ENSG00000259118.5	UTR|exon|gene|transcript	108
chr14	95410777	95410885	ENSG00000176438.13	UTR|exon|gene|transcript	108
chr14	89993375	89993483	ENSG00000042088.14	UTR|exon|gene|transcript	108
chr14	29624151	29624258	ENSG00000184304.17	UTR|exon|gene|transcript	107
chr14	67254203	67254310	ENSG00000072415.10	UTR|exon|gene|transcript	107
chr14	19425605	19425712	ENSG00000187537.13	UTR|exon|gene|transcript	107
chr14	88705481	88705588	ENSG00000165521.16	UTR|exon|gene|transcript	107
chr14	88610833	88610940	ENSG00000100722.20	UTR|exon|gene|transcript	107
chr14	100279958	100280065	ENSG00000100811.15|ENSG00000259052.1	UTR|exon|gene|transcript	107
chr14	18976048	18976155	ENSG00000222036.8	UTR|exon|gene|transcript	107
chr14	74854156	74854263	ENSG00000119596.18|ENSG00000119608.15	UTR|exon|gene|transcript	107
chr14	75079245	75079352	ENSG00000119703.15	UTR|exon|gene|transcript	107
chr14	75070408	75070515	ENSG00000119703.15	UTR|exon|gene|transcript	107
chr14	55633234	55633341	ENSG00000126777.18	UTR|exon|gene|transcript	107
chr14	105382806	105382913	ENSG00000179364.15	UTR|exon|gene|transcript	107
chr14	93227118	93227225	ENSG00000012963.15	UTR|exon|gene|transcript	107
chr14	71587765	71587872	ENSG00000197555.10|ENSG00000285612.1	UTR|exon|gene|transcript	107
chr14	51914109	51914216	ENSG00000186469.9	UTR|exon|gene|transcript	107
chr14	105057173	105057280	ENSG00000183484.12	UTR|exon|gene|transcript	107
chr14	95711639	95711746	ENSG00000100721.11	UTR|exon|gene|transcript	107
chr14	24217019	24217126	ENSG00000129559.13|ENSG00000255526.6	UTR|exon|gene|transcript	107
chr14	76498512	76498619	ENSG00000119715.15|ENSG00000259124.1	UTR|exon|gene|transcript	107
chr14	103734892	103734999	ENSG00000088808.18	UTR|exon|gene|transcript	107
chr14	33778465	33778572	ENSG00000151322.20	UTR|exon|gene|transcript	107
chr14	88623316	88623423	ENSG00000100722.20|ENSG00000165521.16	UTR|exon|gene|transcript	107
chr14	52776244	52776351	ENSG00000100522.10|ENSG00000259049.1	UTR|exon|gene|transcript	107
chr14	34593044	34593150	ENSG00000129515.20	UTR|exon|gene|transcript	106
chr14	58232161	58232267	ENSG00000131966.14|ENSG00000139971.15	UTR|exon|gene|transcript	106
chr14	31100146	31100252	ENSG00000092148.14|ENSG00000100478.16	UTR|exon|gene|transcript	106
chr14	58512521	58512627	ENSG00000100578.18	UTR|exon|gene|transcript	106
chr14	58487006	58487112	ENSG00000100578.18	UTR|exon|gene|transcript	106
chr14	96087060	96087166	ENSG00000227051.7	UTR|exon|gene|transcript	106
chr14	23578394	23578500	ENSG00000092051.18	UTR|exon|gene|transcript	106
chr14	45043685	45043791	ENSG00000198718.13	UTR|exon|gene|transcript	106
chr14	23372860	23372966	ENSG00000166090.8	UTR|exon|gene|transcript	106
chr14	31139891	31139997	ENSG00000092148.14	UTR|exon|gene|transcript	106
chr14	95105677	95105783	ENSG00000100697.17	UTR|exon|gene|transcript	106
chr14	57593938	57594044	ENSG00000151812.15|ENSG00000259039.3	UTR|exon|gene|transcript	106
chr14	21797312	21797418	ENSG00000211782.2	UTR|exon|gene|transcript	106
chr14	24084519	24084625	ENSG00000129535.13	UTR|exon|gene|transcript	106
chr14	52004702	52004808	ENSG00000087302.9	UTR|exon|gene|transcript	106
chr14	55661273	55661379	ENSG00000126777.18	UTR|exon|gene|transcript	106
chr14	20357797	20357903	ENSG00000129484.14	UTR|exon|gene|transcript	106
chr14	35116630	35116736	ENSG00000092020.11	UTR|exon|gene|transcript	106
chr14	35402214	35402320	ENSG00000100906.12	UTR|exon|gene|transcript	106
chr14	23347890	23347996	ENSG00000092096.19	UTR|exon|gene|transcript	106
chr14	79279684	79279790	ENSG00000021645.20	UTR|exon|gene|transcript	106
chr14	105454192	105454298	ENSG00000182979.18	UTR|exon|gene|transcript	106
chr14	32152422	32152528	ENSG00000100852.14|ENSG00000285608.1	UTR|exon|gene|transcript	106
chr14	24317930	24318036	ENSG00000213903.9	UTR|exon|gene|transcript	106
chr14	35123045	35123151	ENSG00000100890.16|ENSG00000258790.1	UTR|exon|gene|transcript	106
chr14	24316840	24316946	ENSG00000213903.9	UTR|exon|gene|transcript	106
chr14	20745886	20745992	ENSG00000181562.5	UTR|exon|gene|transcript	106
chr14	85531479	85531585	ENSG00000185070.12|ENSG00000205562.5	UTR|exon|gene|transcript	106
chr14	20369673	20369779	ENSG00000129566.13	UTR|exon|gene|transcript	106
chr14	88696846	88696952	ENSG00000165521.16	UTR|exon|gene|transcript	106
chr14	24812086	24812191	ENSG00000168952.16	UTR|exon|gene|transcript	105
chr14	88626941	88627046	ENSG00000100722.20|ENSG00000165521.16	UTR|exon|gene|transcript	105
chr14	72892365	72892470	ENSG00000205683.12	UTR|exon|gene|transcript	105
chr14	62114356	62114461	ENSG00000258903.2|ENSG00000289503.1	UTR|exon|gene|transcript	105
chr14	67691139	67691244	ENSG00000072042.13	UTR|exon|gene|transcript	105
chr14	31085082	31085187	ENSG00000100478.16	UTR|exon|gene|transcript	105
chr14	75088479	75088584	ENSG00000119638.14|ENSG00000119703.15	UTR|exon|gene|transcript	105
chr14	21653834	21653939	ENSG00000221977.3	UTR|exon|gene|transcript	105
chr14	24181512	24181617	ENSG00000196497.17|ENSG00000259522.3	UTR|exon|gene|transcript	105
chr14	102029833	102029938	ENSG00000197102.14	UTR|exon|gene|transcript	105
chr14	75015486	75015591	ENSG00000119684.16	UTR|exon|gene|transcript	105
chr14	92686809	92686914	ENSG00000100599.16	UTR|exon|gene|transcript	105
chr14	50112614	50112719	ENSG00000100483.14	UTR|exon|gene|transcript	105
chr14	21087000	21087105	ENSG00000165801.10	UTR|exon|gene|transcript	105
chr14	76059166	76059271	ENSG00000119650.13	UTR|exon|gene|transcript	105
chr14	67780240	67780345	ENSG00000072121.17	UTR|exon|gene|transcript	105
chr14	94592576	94592681	ENSG00000188488.14|ENSG00000273259.3	UTR|exon|gene|transcript	105
chr14	54477982	54478087	ENSG00000197045.14	UTR|exon|gene|transcript	105
chr14	32834738	32834843	ENSG00000151320.11	UTR|exon|gene|transcript	105
chr14	20996890	20996995	ENSG00000165792.18|ENSG00000258471.2	UTR|exon|gene|transcript	105
chr14	37724897	37725002	ENSG00000139865.17	UTR|exon|gene|transcript	105
chr14	31448023	31448128	ENSG00000129480.14|ENSG00000203546.7|ENSG00000250365.7	UTR|exon|gene|transcript	105
chr14	105382476	105382581	ENSG00000179364.15	UTR|exon|gene|transcript	105
chr14	24249207	24249312	ENSG00000092295.12	UTR|exon|gene|transcript	105
chr14	79868186	79868290	ENSG00000021645.20	UTR|exon|gene|transcript	104
chr14	73717627	73717731	ENSG00000156030.14	UTR|exon|gene|transcript	104
chr14	35273566	35273670	ENSG00000100890.16|ENSG00000258790.1	UTR|exon|gene|transcript	104
chr14	62703003	62703107	ENSG00000140015.20	UTR|exon|gene|transcript	104
chr14	77331492	77331596	ENSG00000100577.19	UTR|exon|gene|transcript	104
chr14	91782822	91782926	ENSG00000165929.13	UTR|exon|gene|transcript	104
chr14	88326673	88326777	ENSG00000100433.16	UTR|exon|gene|transcript	104
chr14	21399601	21399705	ENSG00000100888.15	UTR|exon|gene|transcript	104
chr14	20585026	20585130	ENSG00000173464.16|ENSG00000259060.7	UTR|exon|gene|transcript	104
chr14	20446958	20447062	ENSG00000092094.11	UTR|exon|gene|transcript	104
chr14	32494270	32494374	ENSG00000151320.11	UTR|exon|gene|transcript	104
chr14	90920205	90920309	ENSG00000100784.12	UTR|exon|gene|transcript	104
chr14	24239692	24239796	ENSG00000092330.19	UTR|exon|gene|transcript	104
chr14	45108418	45108522	ENSG00000185246.18	UTR|exon|gene|transcript	104
chr14	100129580	100129684	ENSG00000196405.13	UTR|exon|gene|transcript	104
chr14	73754902	73755006	ENSG00000156030.14	UTR|exon|gene|transcript	104
chr14	37547174	37547278	ENSG00000151338.21	UTR|exon|gene|transcript	104
chr14	88625127	88625231	ENSG00000100722.20|ENSG00000165521.16	UTR|exon|gene|transcript	104
chr14	88618227	88618331	ENSG00000100722.20|ENSG00000165521.16	UTR|exon|gene|transcript	104
chr14	34603364	34603468	ENSG00000129515.20	UTR|exon|gene|transcript	104
chr14	64435568	64435671	ENSG00000100714.18|ENSG00000258824.2	UTR|exon|gene|transcript	103
chr14	73852013	73852116	ENSG00000140043.12|ENSG00000258653.3	UTR|exon|gene|transcript	103
chr14	69236045	69236148	ENSG00000081177.19	UTR|exon|gene|transcript	103
chr14	73275106	73275209	ENSG00000133961.21	UTR|exon|gene|transcript	103
chr14	64431536	64431639	ENSG00000100714.18|ENSG00000258824.2	UTR|exon|gene|transcript	103
chr14	45096492	45096595	ENSG00000185246.18	UTR|exon|gene|transcript	103
chr14	96241504	96241607	ENSG00000168398.7|ENSG00000258691.1	UTR|exon|gene|transcript	103
chr14	67784333	67784436	ENSG00000072121.17	UTR|exon|gene|transcript	103
chr14	103708659	103708762	ENSG00000126214.22|ENSG00000126215.14	UTR|exon|gene|transcript	103
chr14	101912497	101912600	ENSG00000078304.20	UTR|exon|gene|transcript	103
chr14	60509295	60509398	ENSG00000179008.9|ENSG00000184302.7	UTR|exon|gene|transcript	103
chr14	55031888	55031991	ENSG00000180008.9	UTR|exon|gene|transcript	103
chr14	104770744	104770847	ENSG00000142208.18	UTR|exon|gene|transcript	103
chr14	104768391	104768494	ENSG00000184990.13	UTR|exon|gene|transcript	103
chr14	20329270	20329373	ENSG00000100814.19	UTR|exon|gene|transcript	103
chr14	34714434	34714537	ENSG00000165410.15	UTR|exon|gene|transcript	103
chr14	45121484	45121587	ENSG00000100442.11	UTR|exon|gene|transcript	103
chr14	95876985	95877088	ENSG00000250366.4	UTR|exon|gene|transcript	103
chr14	59504705	59504808	ENSG00000050130.18|ENSG00000151838.12|ENSG00000258782.3	UTR|exon|gene|transcript	103
chr14	90019315	90019418	ENSG00000042088.14	UTR|exon|gene|transcript	103
chr14	92939758	92939861	ENSG00000100605.17	UTR|exon|gene|transcript	103
chr14	73275570	73275672	ENSG00000133961.21	UTR|exon|gene|transcript	102
chr14	105497875	105497977	ENSG00000185347.19	UTR|exon|gene|transcript	102
chr14	19931043	19931145	ENSG00000155249.5	UTR|exon|gene|transcript	102
chr14	77427513	77427615	ENSG00000151445.16	UTR|exon|gene|transcript	102
chr14	24186877	24186979	ENSG00000196497.17|ENSG00000259522.3	UTR|exon|gene|transcript	102
chr14	45130698	45130800	ENSG00000100442.11	UTR|exon|gene|transcript	102
chr14	96363112	96363214	ENSG00000066739.12	UTR|exon|gene|transcript	102
chr14	95185739	95185841	ENSG00000165959.12|ENSG00000259143.1	UTR|exon|gene|transcript	102
chr14	51249467	51249569	ENSG00000139921.13	UTR|exon|gene|transcript	102
chr14	102906021	102906123	ENSG00000131323.17	UTR|exon|gene|transcript	102
chr14	21723786	21723888	ENSG00000211777.2	UTR|exon|gene|transcript	102
chr14	91869878	91869980	ENSG00000140092.16	UTR|exon|gene|transcript	102
chr14	22551992	22552094	ENSG00000277734.8	UTR|exon|gene|transcript	102
chr14	24305765	24305867	ENSG00000136305.12|ENSG00000196943.14|ENSG00000213906.10	UTR|exon|gene|transcript	102
chr14	99500189	99500291	ENSG00000090061.17|ENSG00000205476.9	UTR|exon|gene|transcript	102
chr14	52552842	52552944	ENSG00000180998.12	UTR|exon|gene|transcript	102
chr14	102932910	102933012	ENSG00000166126.11|ENSG00000198752.11	UTR|exon|gene|transcript	102
chr14	64019991	64020093	ENSG00000054654.20	UTR|exon|gene|transcript	102
chr14	19719014	19719116	ENSG00000176294.6	UTR|exon|gene|transcript	102
chr14	24130786	24130887	ENSG00000139914.7|ENSG00000259371.2	UTR|exon|gene|transcript	101
chr14	103130314	103130415	ENSG00000185215.11	UTR|exon|gene|transcript	101
chr14	91587977	91588078	ENSG00000133962.8	UTR|exon|gene|transcript	101
chr14	44978197	44978298	ENSG00000179454.14|ENSG00000198718.13	UTR|exon|gene|transcript	101
chr14	20035937	20036038	ENSG00000176253.4	UTR|exon|gene|transcript	101
chr14	94617687	94617788	ENSG00000196136.18|ENSG00000273259.3	UTR|exon|gene|transcript	101
chr14	50327358	50327459	ENSG00000100490.10|ENSG00000125375.18|ENSG00000259071.1	UTR|exon|gene|transcript	101
chr14	102224499	102224600	ENSG00000080823.23|ENSG00000140153.18	UTR|exon|gene|transcript	101
chr14	30894928	30895029	ENSG00000100473.18|ENSG00000196792.12	UTR|exon|gene|transcript	101
chr14	20447138	20447239	ENSG00000092094.11	UTR|exon|gene|transcript	101
chr14	24098228	24098329	ENSG00000100889.12|ENSG00000129535.13	UTR|exon|gene|transcript	101
chr14	101824060	101824161	ENSG00000078304.20	UTR|exon|gene|transcript	101
chr14	104710087	104710188	ENSG00000203485.14	UTR|exon|gene|transcript	101
chr14	20380234	20380335	ENSG00000129566.13	UTR|exon|gene|transcript	101
chr14	102036668	102036769	ENSG00000197102.14|ENSG00000293472.1	UTR|exon|gene|transcript	101
chr14	67674489	67674590	ENSG00000100568.11|ENSG00000258466.5	UTR|exon|gene|transcript	101
chr14	102007007	102007108	ENSG00000197102.14	UTR|exon|gene|transcript	101
chr14	55644285	55644386	ENSG00000126777.18	UTR|exon|gene|transcript	101
chr14	96242448	96242549	ENSG00000168398.7|ENSG00000258691.1	UTR|exon|gene|transcript	101
chr14	96555846	96555947	ENSG00000090060.19	UTR|exon|gene|transcript	101
chr14	88575839	88575940	ENSG00000100722.20	UTR|exon|gene|transcript	101
chr14	106639556	106639657	ENSG00000211970.3	UTR|exon|gene|transcript	101
chr14	60063458	60063559	ENSG00000131951.12|ENSG00000258553.5	UTR|exon|gene|transcript	101
chr14	31101223	31101324	ENSG00000092148.14|ENSG00000100478.16	UTR|exon|gene|transcript	101
chr14	24366953	24367054	ENSG00000100968.14	UTR|exon|gene|transcript	101
chr14	89833076	89833177	ENSG00000140025.16|ENSG00000259053.1	UTR|exon|gene|transcript	101
chr14	104746134	104746235	ENSG00000185100.12	UTR|exon|gene|transcript	101
chr14	88694306	88694407	ENSG00000165521.16	UTR|exon|gene|transcript	101
chr14	23061083	23061184	ENSG00000100813.15	UTR|exon|gene|transcript	101
chr14	22900544	22900644	ENSG00000100461.18	UTR|exon|gene|transcript	100
chr14	57471254	57471354	ENSG00000100557.10	UTR|exon|gene|transcript	100
chr14	56618663	56618763	ENSG00000070269.14	UTR|exon|gene|transcript	100
chr14	35029567	35029667	ENSG00000100883.13	UTR|exon|gene|transcript	100
chr14	45109893	45109993	ENSG00000185246.18	UTR|exon|gene|transcript	100
chr14	30653488	30653588	ENSG00000092108.22	UTR|exon|gene|transcript	100
chr14	73120129	73120229	ENSG00000119707.14	UTR|exon|gene|transcript	100
chr14	103466342	103466442	ENSG00000075413.19	UTR|exon|gene|transcript	100
chr14	90870848	90870948	ENSG00000100784.12	UTR|exon|gene|transcript	100
chr14	23356903	23357003	ENSG00000100842.13|ENSG00000259018.1	UTR|exon|gene|transcript	100
chr14	22877983	22878083	ENSG00000197324.9	UTR|exon|gene|transcript	100
chr14	70051007	70051107	ENSG00000100678.20	UTR|exon|gene|transcript	100
chr14	20466687	20466787	ENSG00000198805.13	UTR|exon|gene|transcript	100
chr14	20378753	20378853	ENSG00000129566.13	UTR|exon|gene|transcript	100
chr14	99505212	99505312	ENSG00000090061.17|ENSG00000205476.9	UTR|exon|gene|transcript	100
chr14	69348092	69348192	ENSG00000100626.17	UTR|exon|gene|transcript	100
chr14	74348552	74348652	ENSG00000133980.5	UTR|exon|gene|transcript	100
chr14	105460357	105460457	ENSG00000182979.18	UTR|exon|gene|transcript	100
chr14	94000830	94000930	ENSG00000175699.15	UTR|exon|gene|transcript	100
chr14	59472864	59472964	ENSG00000126790.12	UTR|exon|gene|transcript	100
chr14	96378937	96379037	ENSG00000100744.15	UTR|exon|gene|transcript	100
chr14	31112443	31112543	ENSG00000092148.14|ENSG00000100478.16	UTR|exon|gene|transcript	100
chr14	64000561	64000660	ENSG00000054654.20	UTR|exon|gene|transcript	99
chr14	64568348	64568447	ENSG00000165807.8|ENSG00000259076.1	UTR|exon|gene|transcript	99
chr14	96087400	96087499	ENSG00000227051.7	UTR|exon|gene|transcript	99
chr14	35029454	35029553	ENSG00000100883.13	UTR|exon|gene|transcript	99
chr14	105466437	105466536	ENSG00000182979.18	UTR|exon|gene|transcript	99
chr14	51966903	51967002	ENSG00000186469.9	UTR|exon|gene|transcript	99
chr14	88638808	88638907	ENSG00000165521.16	UTR|exon|gene|transcript	99
chr14	105499248	105499347	ENSG00000185347.19	UTR|exon|gene|transcript	99
chr14	105493834	105493933	ENSG00000185347.19	UTR|exon|gene|transcript	99
chr14	54430157	54430256	ENSG00000100528.12	UTR|exon|gene|transcript	99
chr14	61279013	61279112	ENSG00000027075.17|ENSG00000182107.7	UTR|exon|gene|transcript	99
chr14	29599026	29599125	ENSG00000184304.17	UTR|exon|gene|transcript	99
chr14	58408879	58408978	ENSG00000100575.14|ENSG00000258378.1	UTR|exon|gene|transcript	99
chr14	21492507	21492606	ENSG00000092203.15	UTR|exon|gene|transcript	99
chr14	104991521	104991620	ENSG00000140104.14	UTR|exon|gene|transcript	99
chr14	74065647	74065746	ENSG00000119636.16|ENSG00000119711.13	UTR|exon|gene|transcript	99
chr14	23365633	23365732	ENSG00000100842.13	UTR|exon|gene|transcript	99
chr14	74902452	74902551	ENSG00000119689.15	UTR|exon|gene|transcript	99
chr14	100291357	100291456	ENSG00000197119.13|ENSG00000258504.2|ENSG00000259052.1	UTR|exon|gene|transcript	99
chr14	73112151	73112250	ENSG00000119707.14	UTR|exon|gene|transcript	99
chr14	76254181	76254280	ENSG00000089916.18|ENSG00000258454.1	UTR|exon|gene|transcript	99
chr14	31171860	31171959	ENSG00000092148.14	UTR|exon|gene|transcript	99
chr14	96547796	96547895	ENSG00000090060.19	UTR|exon|gene|transcript	99
chr14	49602369	49602468	ENSG00000165501.17	UTR|exon|gene|transcript	99
chr14	75068742	75068841	ENSG00000119640.9|ENSG00000119703.15	UTR|exon|gene|transcript	99
chr14	19743570	19743669	ENSG00000176294.6|ENSG00000182652.4	UTR|exon|gene|transcript	99
chr14	103749793	103749892	ENSG00000088808.18	UTR|exon|gene|transcript	99
chr14	23183038	23183137	ENSG00000092068.21	UTR|exon|gene|transcript	99
chr14	88616141	88616240	ENSG00000100722.20|ENSG00000165521.16	UTR|exon|gene|transcript	99
chr14	87968392	87968490	ENSG00000054983.17	UTR|exon|gene|transcript	98
chr14	30586717	30586815	ENSG00000092140.16	UTR|exon|gene|transcript	98
chr14	75118935	75119033	ENSG00000119638.14|ENSG00000119703.15	UTR|exon|gene|transcript	98
chr14	22871957	22872055	ENSG00000197324.9	UTR|exon|gene|transcript	98
chr14	68789230	68789328	ENSG00000185650.10	UTR|exon|gene|transcript	98
chr14	90397703	90397801	ENSG00000198668.14	UTR|exon|gene|transcript	98
chr14	77284409	77284507	ENSG00000009830.13	UTR|exon|gene|transcript	98
chr14	74894311	74894409	ENSG00000119689.15	UTR|exon|gene|transcript	98
chr14	74297929	74298027	ENSG00000119688.21	UTR|exon|gene|transcript	98
chr14	99936028	99936126	ENSG00000066629.19	UTR|exon|gene|transcript	98
chr14	69458729	69458827	ENSG00000029364.12	UTR|exon|gene|transcript	98
chr14	21634842	21634940	ENSG00000255582.1	UTR|exon|gene|transcript	98
chr14	69771544	69771642	ENSG00000100650.16	UTR|exon|gene|transcript	98
chr14	64425729	64425827	ENSG00000100714.18|ENSG00000258824.2	UTR|exon|gene|transcript	98
chr14	104744811	104744909	ENSG00000185100.12	UTR|exon|gene|transcript	98
chr14	20583558	20583656	ENSG00000173464.16|ENSG00000259060.7	UTR|exon|gene|transcript	98
chr14	99504353	99504451	ENSG00000090061.17|ENSG00000205476.9	UTR|exon|gene|transcript	98
chr14	21058357	21058455	ENSG00000165795.25|ENSG00000173431.2	UTR|exon|gene|transcript	98
chr14	81268315	81268413	ENSG00000140022.14	UTR|exon|gene|transcript	98
chr14	88507922	88508020	ENSG00000070778.13|ENSG00000258983.2	UTR|exon|gene|transcript	98
chr14	64565356	64565454	ENSG00000165807.8|ENSG00000259076.1	UTR|exon|gene|transcript	98
chr14	44928705	44928803	ENSG00000179454.14	UTR|exon|gene|transcript	98
chr14	23969176	23969274	ENSG00000157326.19|ENSG00000215256.6	UTR|exon|gene|transcript	98
chr14	65455620	65455718	ENSG00000033170.17	UTR|exon|gene|transcript	98
chr14	54427424	54427522	ENSG00000100528.12	UTR|exon|gene|transcript	98
chr14	73759807	73759905	ENSG00000156030.14	UTR|exon|gene|transcript	98
chr14	100145077	100145175	ENSG00000168350.8	UTR|exon|gene|transcript	98
chr14	102909385	102909483	ENSG00000131323.17	UTR|exon|gene|transcript	98
chr14	102232725	102232822	ENSG00000080823.23	UTR|exon|gene|transcript	97
chr14	22644255	22644352	ENSG00000255804.2	UTR|exon|gene|transcript	97
chr14	29927642	29927739	ENSG00000184304.17	UTR|exon|gene|transcript	97
chr14	24263404	24263501	ENSG00000092295.12	UTR|exon|gene|transcript	97
chr14	91232532	91232629	ENSG00000119714.11	UTR|exon|gene|transcript	97
chr14	21076359	21076456	ENSG00000165801.10	UTR|exon|gene|transcript	97
chr14	22609626	22609723	ENSG00000100439.11	UTR|exon|gene|transcript	97
chr14	23131460	23131557	ENSG00000092068.21	UTR|exon|gene|transcript	97
chr14	88621112	88621209	ENSG00000100722.20|ENSG00000165521.16	UTR|exon|gene|transcript	97
chr14	20371217	20371314	ENSG00000129566.13	UTR|exon|gene|transcript	97
chr14	88614773	88614870	ENSG00000100722.20|ENSG00000165521.16	UTR|exon|gene|transcript	97
chr14	31119769	31119866	ENSG00000092148.14|ENSG00000100478.16	UTR|exon|gene|transcript	97
chr14	103741991	103742088	ENSG00000088808.18	UTR|exon|gene|transcript	97
chr14	89230762	89230859	ENSG00000053254.16	UTR|exon|gene|transcript	97
chr14	24162046	24162143	ENSG00000213928.10|ENSG00000259529.2	UTR|exon|gene|transcript	97
chr14	103687114	103687211	ENSG00000126214.22	UTR|exon|gene|transcript	97
chr14	76837874	76837971	ENSG00000100565.16	UTR|exon|gene|transcript	97
chr14	22147994	22148091	ENSG00000211809.2	UTR|exon|gene|transcript	97
chr14	19877212	19877309	ENSG00000165762.3	UTR|exon|gene|transcript	97
chr14	103135711	103135808	ENSG00000185215.11	UTR|exon|gene|transcript	97
chr14	23566063	23566160	ENSG00000213983.12|ENSG00000258727.1	UTR|exon|gene|transcript	97
chr14	94580433	94580530	ENSG00000188488.14	UTR|exon|gene|transcript	97
chr14	19999912	20000009	ENSG00000196383.7	UTR|exon|gene|transcript	97
chr14	68729892	68729989	ENSG00000182185.19	UTR|exon|gene|transcript	97
chr14	35862589	35862686	ENSG00000100916.14	UTR|exon|gene|transcript	97
chr14	51652120	51652217	ENSG00000139926.16	UTR|exon|gene|transcript	97
chr14	64227929	64228026	ENSG00000140009.19	UTR|exon|gene|transcript	97
chr14	77723180	77723277	ENSG00000100603.14|ENSG00000119705.10	UTR|exon|gene|transcript	97
chr14	50242876	50242973	ENSG00000087299.12	UTR|exon|gene|transcript	97
chr14	89971174	89971271	ENSG00000042088.14	UTR|exon|gene|transcript	97
chr14	37519138	37519235	ENSG00000151338.21	UTR|exon|gene|transcript	97
chr14	67241437	67241533	ENSG00000072415.10	UTR|exon|gene|transcript	96
chr14	88574692	88574788	ENSG00000100722.20	UTR|exon|gene|transcript	96
chr14	23098965	23099061	ENSG00000179933.6	UTR|exon|gene|transcript	96
chr14	34597549	34597645	ENSG00000129515.20	UTR|exon|gene|transcript	96
chr14	75887211	75887307	ENSG00000119685.20	UTR|exon|gene|transcript	96
chr14	19761887	19761983	ENSG00000176294.6	UTR|exon|gene|transcript	96
chr14	60643628	60643724	ENSG00000126778.12	UTR|exon|gene|transcript	96
chr14	34533443	34533539	ENSG00000129518.10	UTR|exon|gene|transcript	96
chr14	50328940	50329036	ENSG00000100490.10|ENSG00000125375.18	UTR|exon|gene|transcript	96
chr14	54427328	54427424	ENSG00000100528.12	UTR|exon|gene|transcript	96
chr14	76857379	76857475	ENSG00000100565.16	UTR|exon|gene|transcript	96
chr14	37589623	37589719	ENSG00000129514.8	UTR|exon|gene|transcript	96
chr14	30737470	30737566	ENSG00000092108.22|ENSG00000258558.1	UTR|exon|gene|transcript	96
chr14	68795541	68795637	ENSG00000185650.10	UTR|exon|gene|transcript	96
chr14	23565605	23565701	ENSG00000213983.12|ENSG00000258727.1	UTR|exon|gene|transcript	96
chr14	75647551	75647647	ENSG00000119685.20|ENSG00000119686.10	UTR|exon|gene|transcript	96
chr14	54420116	54420212	ENSG00000100526.21	UTR|exon|gene|transcript	96
chr14	64532473	64532569	ENSG00000126804.14|ENSG00000259116.2	UTR|exon|gene|transcript	96
chr14	22564907	22565003	ENSG00000129562.11	UTR|exon|gene|transcript	96
chr14	88393392	88393488	ENSG00000042317.17	UTR|exon|gene|transcript	96
chr14	66486406	66486502	ENSG00000196553.15|ENSG00000258561.2	UTR|exon|gene|transcript	96
chr14	102042634	102042730	ENSG00000197102.14|ENSG00000293472.1	UTR|exon|gene|transcript	96
chr14	90302897	90302993	ENSG00000119720.18	UTR|exon|gene|transcript	96
chr14	64219314	64219410	ENSG00000054654.20|ENSG00000140009.19	UTR|exon|gene|transcript	96
chr14	77738965	77739061	ENSG00000100603.14|ENSG00000119705.10	UTR|exon|gene|transcript	96
chr14	74060298	74060394	ENSG00000119636.16|ENSG00000119711.13	UTR|exon|gene|transcript	96
chr14	35028087	35028183	ENSG00000100883.13	UTR|exon|gene|transcript	96
chr14	102024484	102024580	ENSG00000197102.14	UTR|exon|gene|transcript	96
chr14	89984587	89984683	ENSG00000042088.14	UTR|exon|gene|transcript	96
chr14	73137127	73137223	ENSG00000080815.20	UTR|exon|gene|transcript	96
chr14	61796332	61796428	ENSG00000023608.5	UTR|exon|gene|transcript	96
chr14	99937816	99937912	ENSG00000066629.19	UTR|exon|gene|transcript	96
chr14	91466260	91466355	ENSG00000100796.18	UTR|exon|gene|transcript	95
chr14	73088379	73088474	ENSG00000119707.14	UTR|exon|gene|transcript	95
chr14	58257751	58257846	ENSG00000100567.13|ENSG00000139971.15	UTR|exon|gene|transcript	95
chr14	101836573	101836668	ENSG00000078304.20|ENSG00000256705.3	UTR|exon|gene|transcript	95
chr14	60249564	60249659	ENSG00000100614.18	UTR|exon|gene|transcript	95
chr14	54436669	54436764	ENSG00000100528.12	UTR|exon|gene|transcript	95
chr14	59610137	59610232	ENSG00000139970.18	UTR|exon|gene|transcript	95
chr14	102039637	102039732	ENSG00000197102.14|ENSG00000293472.1	UTR|exon|gene|transcript	95
chr14	75063338	75063433	ENSG00000119640.9	UTR|exon|gene|transcript	95
chr14	37422854	37422949	ENSG00000151338.21	UTR|exon|gene|transcript	95
chr14	64750154	64750249	ENSG00000070182.21|ENSG00000126822.18	UTR|exon|gene|transcript	95
chr14	55368128	55368223	ENSG00000126775.9|ENSG00000178974.11	UTR|exon|gene|transcript	95
chr14	31141857	31141952	ENSG00000092148.14	UTR|exon|gene|transcript	95
chr14	65077192	65077287	ENSG00000125952.21	UTR|exon|gene|transcript	95
chr14	19733368	19733463	ENSG00000176294.6|ENSG00000258438.3	UTR|exon|gene|transcript	95
chr14	19882720	19882815	ENSG00000165762.3	UTR|exon|gene|transcript	95
chr14	50632478	50632573	ENSG00000151748.15|ENSG00000198513.14	UTR|exon|gene|transcript	95
chr14	23154258	23154353	ENSG00000092068.21	UTR|exon|gene|transcript	95
chr14	50331926	50332021	ENSG00000100490.10|ENSG00000125375.18	UTR|exon|gene|transcript	95
chr14	20700093	20700188	ENSG00000258451.1|ENSG00000258818.4|ENSG00000259171.1	UTR|exon|gene|transcript	95
chr14	22836619	22836714	ENSG00000157227.14	UTR|exon|gene|transcript	95
chr14	61052040	61052135	ENSG00000139974.17	UTR|exon|gene|transcript	95
chr14	19880174	19880269	ENSG00000165762.3	UTR|exon|gene|transcript	95
chr14	19829773	19829868	ENSG00000176294.6	UTR|exon|gene|transcript	95
chr14	20462033	20462128	ENSG00000198805.13	UTR|exon|gene|transcript	95
chr14	58647263	58647358	ENSG00000165617.16|ENSG00000258583.7	UTR|exon|gene|transcript	95
chr14	75650596	75650691	ENSG00000119685.20|ENSG00000119686.10|ENSG00000133935.7	UTR|exon|gene|transcript	95
chr14	60455050	60455145	ENSG00000179008.9	UTR|exon|gene|transcript	95
chr14	50766795	50766890	ENSG00000100503.27	UTR|exon|gene|transcript	95
chr14	95455784	95455879	ENSG00000176438.13	UTR|exon|gene|transcript	95
chr14	54941175	54941270	ENSG00000198554.12	UTR|exon|gene|transcript	95
chr14	77733951	77734046	ENSG00000100603.14|ENSG00000119705.10	UTR|exon|gene|transcript	95
chr14	89794668	89794763	ENSG00000140025.16|ENSG00000259053.1	UTR|exon|gene|transcript	95
chr14	64440125	64440220	ENSG00000100714.18|ENSG00000258824.2	UTR|exon|gene|transcript	95
chr14	22985912	22986007	ENSG00000100802.15|ENSG00000258457.5	UTR|exon|gene|transcript	95
chr14	80202502	80202597	ENSG00000211448.14	UTR|exon|gene|transcript	95
chr14	35307993	35308088	ENSG00000100902.11|ENSG00000258790.1	UTR|exon|gene|transcript	95
chr14	20289035	20289130	ENSG00000136319.12	UTR|exon|gene|transcript	95
chr14	96238471	96238566	ENSG00000168398.7|ENSG00000258691.1	UTR|exon|gene|transcript	95
chr14	52432208	52432303	ENSG00000087301.9	UTR|exon|gene|transcript	95
chr14	104804054	104804148	ENSG00000179627.10	UTR|exon|gene|transcript	94
chr14	24241019	24241113	ENSG00000092330.19	UTR|exon|gene|transcript	94
chr14	104793210	104793304	ENSG00000142208.18	UTR|exon|gene|transcript	94
chr14	24104030	24104124	ENSG00000100889.12|ENSG00000129535.13	UTR|exon|gene|transcript	94
chr14	68971446	68971540	ENSG00000072110.16	UTR|exon|gene|transcript	94
chr14	90899328	90899422	ENSG00000100784.12	UTR|exon|gene|transcript	94
chr14	24249113	24249207	ENSG00000092295.12	UTR|exon|gene|transcript	94
chr14	74657068	74657162	ENSG00000119682.18	UTR|exon|gene|transcript	94
chr14	74297835	74297929	ENSG00000119688.21	UTR|exon|gene|transcript	94
chr14	105247193	105247287	ENSG00000185024.18	UTR|exon|gene|transcript	94
chr14	105168420	105168514	ENSG00000184916.9|ENSG00000257622.1	UTR|exon|gene|transcript	94
chr14	52678318	52678412	ENSG00000197930.13	UTR|exon|gene|transcript	94
chr14	105470405	105470499	ENSG00000182979.18|ENSG00000257270.1	UTR|exon|gene|transcript	94
chr14	77427419	77427513	ENSG00000151445.16	UTR|exon|gene|transcript	94
chr14	102052432	102052526	ENSG00000197102.14|ENSG00000293472.1	UTR|exon|gene|transcript	94
chr14	103713310	103713404	ENSG00000126214.22|ENSG00000126215.14	UTR|exon|gene|transcript	94
chr14	64467486	64467580	ENSG00000089775.12|ENSG00000179841.8	UTR|exon|gene|transcript	94
chr14	67224834	67224928	ENSG00000172717.17	UTR|exon|gene|transcript	94
chr14	51095863	51095957	ENSG00000100505.14	UTR|exon|gene|transcript	94
chr14	67454465	67454559	ENSG00000198133.9	UTR|exon|gene|transcript	94
chr14	88695360	88695454	ENSG00000165521.16	UTR|exon|gene|transcript	94
chr14	103693953	103694047	ENSG00000126214.22	UTR|exon|gene|transcript	94
chr14	105397388	105397482	ENSG00000179364.15	UTR|exon|gene|transcript	94
chr14	105445417	105445511	ENSG00000182979.18|ENSG00000226174.7	UTR|exon|gene|transcript	94
chr14	102139514	102139608	ENSG00000080824.19|ENSG00000140153.18	UTR|exon|gene|transcript	94
chr14	31105382	31105476	ENSG00000092148.14|ENSG00000100478.16	UTR|exon|gene|transcript	94
chr14	64745756	64745850	ENSG00000126822.18	UTR|exon|gene|transcript	94
chr14	49674122	49674216	ENSG00000100479.14	UTR|exon|gene|transcript	94
chr14	66879938	66880032	ENSG00000171723.16	UTR|exon|gene|transcript	94
chr14	73697366	73697460	ENSG00000119661.15	UTR|exon|gene|transcript	94
chr14	50559175	50559268	ENSG00000012983.12|ENSG00000198513.14	UTR|exon|gene|transcript	93
chr14	75050851	75050944	ENSG00000119684.16	UTR|exon|gene|transcript	93
chr14	22772110	22772203	ENSG00000155463.14	UTR|exon|gene|transcript	93
chr14	30659777	30659870	ENSG00000092108.22	UTR|exon|gene|transcript	93
chr14	87984440	87984533	ENSG00000054983.17	UTR|exon|gene|transcript	93
chr14	74683295	74683388	ENSG00000119682.18	UTR|exon|gene|transcript	93
chr14	23324378	23324471	ENSG00000100836.11|ENSG00000258643.6	UTR|exon|gene|transcript	93
chr14	90851599	90851692	ENSG00000100784.12	UTR|exon|gene|transcript	93
chr14	24368185	24368278	ENSG00000100968.14	UTR|exon|gene|transcript	93
chr14	104759485	104759578	ENSG00000184990.13	UTR|exon|gene|transcript	93
chr14	50468689	50468782	ENSG00000012983.12	UTR|exon|gene|transcript	93
chr14	63312834	63312927	ENSG00000179600.4	UTR|exon|gene|transcript	93
chr14	77331227	77331320	ENSG00000100577.19	UTR|exon|gene|transcript	93
chr14	90274371	90274464	ENSG00000100764.14|ENSG00000119720.18	UTR|exon|gene|transcript	93
chr14	19781264	19781357	ENSG00000176294.6|ENSG00000176299.5	UTR|exon|gene|transcript	93
chr14	73409975	73410068	ENSG00000133961.21|ENSG00000285006.1	UTR|exon|gene|transcript	93
chr14	104718841	104718934	ENSG00000203485.14	UTR|exon|gene|transcript	93
chr14	57415813	57415906	ENSG00000139977.14	UTR|exon|gene|transcript	93
chr14	74852871	74852964	ENSG00000119596.18|ENSG00000119608.15	UTR|exon|gene|transcript	93
chr14	50428661	50428754	ENSG00000012983.12	UTR|exon|gene|transcript	93
chr14	64766398	64766490	ENSG00000070182.21	UTR|exon|gene|transcript	92
chr14	68937840	68937932	ENSG00000072110.16	UTR|exon|gene|transcript	92
chr14	105703994	105704086	ENSG00000211895.5	UTR|exon|gene|transcript	92
chr14	102930680	102930772	ENSG00000166126.11	UTR|exon|gene|transcript	92
chr14	102911358	102911450	ENSG00000131323.17	UTR|exon|gene|transcript	92
chr14	30874799	30874891	ENSG00000100473.18	UTR|exon|gene|transcript	92
chr14	95925571	95925663	ENSG00000250366.4	UTR|exon|gene|transcript	92
chr14	74290026	74290118	ENSG00000119688.21|ENSG00000258559.2	UTR|exon|gene|transcript	92
chr14	37926215	37926307	ENSG00000139865.17	UTR|exon|gene|transcript	92
chr14	88621209	88621301	ENSG00000100722.20|ENSG00000165521.16	UTR|exon|gene|transcript	92
chr14	51245362	51245454	ENSG00000139921.13	UTR|exon|gene|transcript	92
chr14	73492973	73493065	ENSG00000170468.8|ENSG00000187105.9	UTR|exon|gene|transcript	92
chr14	22901579	22901671	ENSG00000100461.18	UTR|exon|gene|transcript	92
chr14	102033064	102033156	ENSG00000197102.14	UTR|exon|gene|transcript	92
chr14	34609637	34609729	ENSG00000129515.20	UTR|exon|gene|transcript	92
chr14	79862033	79862125	ENSG00000021645.20	UTR|exon|gene|transcript	92
chr14	49893163	49893255	ENSG00000165527.8	UTR|exon|gene|transcript	92
chr14	35401551	35401643	ENSG00000100906.12	UTR|exon|gene|transcript	92
chr14	60968586	60968678	ENSG00000020426.11|ENSG00000258892.1	UTR|exon|gene|transcript	92
chr14	23296867	23296959	ENSG00000235194.9|ENSG00000290292.10	UTR|exon|gene|transcript	92
chr14	67587548	67587640	ENSG00000054690.14|ENSG00000100564.9	UTR|exon|gene|transcript	92
chr14	20298796	20298888	ENSG00000136319.12	UTR|exon|gene|transcript	92
chr14	88617051	88617143	ENSG00000100722.20|ENSG00000165521.16	UTR|exon|gene|transcript	92
chr14	24305095	24305186	ENSG00000196943.14	UTR|exon|gene|transcript	91
chr14	67338407	67338498	ENSG00000100554.12	UTR|exon|gene|transcript	91
chr14	23129649	23129740	ENSG00000092068.21	UTR|exon|gene|transcript	91
chr14	20587877	20587968	ENSG00000173464.16|ENSG00000258573.6|ENSG00000259060.7	UTR|exon|gene|transcript	91
chr14	88180107	88180198	ENSG00000100433.16|ENSG00000258538.5	UTR|exon|gene|transcript	91
chr14	91589578	91589669	ENSG00000133962.8	UTR|exon|gene|transcript	91
chr14	23272451	23272542	ENSG00000215277.9|ENSG00000290292.10	UTR|exon|gene|transcript	91
chr14	20377662	20377753	ENSG00000129566.13	UTR|exon|gene|transcript	91
chr14	34875137	34875228	ENSG00000198604.11|ENSG00000258738.1	UTR|exon|gene|transcript	91
chr14	88833915	88834006	ENSG00000165533.19	UTR|exon|gene|transcript	91
chr14	31599288	31599379	ENSG00000151413.17	UTR|exon|gene|transcript	91
chr14	90537490	90537581	ENSG00000165914.15	UTR|exon|gene|transcript	91
chr14	90786237	90786328	ENSG00000165914.15	UTR|exon|gene|transcript	91
chr14	51689745	51689836	ENSG00000139926.16	UTR|exon|gene|transcript	91
chr14	89416970	89417061	ENSG00000053254.16|ENSG00000259053.1	UTR|exon|gene|transcript	91
chr14	24138644	24138735	ENSG00000092010.15	UTR|exon|gene|transcript	91
chr14	91148573	91148664	ENSG00000133943.21	UTR|exon|gene|transcript	91
chr14	35831409	35831500	ENSG00000100916.14	UTR|exon|gene|transcript	91
chr14	24187399	24187490	ENSG00000196497.17|ENSG00000259522.3	UTR|exon|gene|transcript	91
chr14	24181954	24182045	ENSG00000196497.17|ENSG00000259522.3	UTR|exon|gene|transcript	91
chr14	61442557	61442648	ENSG00000027075.17	UTR|exon|gene|transcript	91
chr14	104711095	104711186	ENSG00000203485.14	UTR|exon|gene|transcript	91
chr14	88625308	88625399	ENSG00000100722.20|ENSG00000165521.16	UTR|exon|gene|transcript	91
chr14	60981499	60981590	ENSG00000139974.17|ENSG00000258892.1	UTR|exon|gene|transcript	91
chr14	69356262	69356353	ENSG00000100626.17	UTR|exon|gene|transcript	91
chr14	69766469	69766560	ENSG00000100650.16	UTR|exon|gene|transcript	91
chr14	58306021	58306112	ENSG00000032219.19	UTR|exon|gene|transcript	91
chr14	102592682	102592773	ENSG00000089902.10	UTR|exon|gene|transcript	91
chr14	30673256	30673347	ENSG00000092108.22	UTR|exon|gene|transcript	91
chr14	89931540	89931631	ENSG00000140025.16|ENSG00000259053.1	UTR|exon|gene|transcript	91
chr14	75886944	75887034	ENSG00000119685.20	UTR|exon|gene|transcript	90
chr14	100569426	100569516	ENSG00000183092.18	UTR|exon|gene|transcript	90
chr14	69399279	69399369	ENSG00000029364.12	UTR|exon|gene|transcript	90
chr14	37735920	37736010	ENSG00000139865.17	UTR|exon|gene|transcript	90
chr14	45025782	45025872	ENSG00000179454.14|ENSG00000198718.13	UTR|exon|gene|transcript	90
chr14	19773503	19773593	ENSG00000176294.6|ENSG00000176299.5	UTR|exon|gene|transcript	90
chr14	45167695	45167785	ENSG00000187790.12	UTR|exon|gene|transcript	90
chr14	92794366	92794456	ENSG00000066455.13	UTR|exon|gene|transcript	90
chr14	29597668	29597758	ENSG00000184304.17	UTR|exon|gene|transcript	90
chr14	39117998	39118088	ENSG00000092208.19	UTR|exon|gene|transcript	90
chr14	73909340	73909430	ENSG00000119725.21|ENSG00000258653.3|ENSG00000258891.1	UTR|exon|gene|transcript	90
chr14	88878999	88879089	ENSG00000165533.19	UTR|exon|gene|transcript	90
chr14	23183372	23183462	ENSG00000092068.21	UTR|exon|gene|transcript	90
chr14	20512500	20512590	ENSG00000182545.7	UTR|exon|gene|transcript	90
chr14	74664835	74664925	ENSG00000119682.18	UTR|exon|gene|transcript	90
chr14	96945048	96945138	ENSG00000100749.9	UTR|exon|gene|transcript	90
chr14	92711658	92711748	ENSG00000100600.15	UTR|exon|gene|transcript	90
chr14	23095524	23095614	ENSG00000100813.15|ENSG00000179933.6	UTR|exon|gene|transcript	90
chr14	85643201	85643291	ENSG00000185070.12	UTR|exon|gene|transcript	90
chr14	87950658	87950748	ENSG00000054983.17	UTR|exon|gene|transcript	90
chr14	24141347	24141437	ENSG00000100908.14	UTR|exon|gene|transcript	90
chr14	70672329	70672419	ENSG00000133985.3	UTR|exon|gene|transcript	90
chr14	73885301	73885391	ENSG00000140043.12|ENSG00000258653.3|ENSG00000273711.2	UTR|exon|gene|transcript	90
chr14	81266941	81267031	ENSG00000140022.14	UTR|exon|gene|transcript	90
chr14	90043162	90043252	ENSG00000042088.14	UTR|exon|gene|transcript	90
chr14	103465616	103465706	ENSG00000075413.19	UTR|exon|gene|transcript	90
chr14	32474468	32474558	ENSG00000151320.11	UTR|exon|gene|transcript	90
chr14	99397965	99398055	ENSG00000183576.13	UTR|exon|gene|transcript	90
chr14	21399980	21400070	ENSG00000100888.15	UTR|exon|gene|transcript	90
chr14	49895804	49895894	ENSG00000165527.8	UTR|exon|gene|transcript	90
chr14	105465093	105465183	ENSG00000182979.18	UTR|exon|gene|transcript	90
chr14	70452173	70452263	ENSG00000139985.8|ENSG00000257759.2	UTR|exon|gene|transcript	90
chr14	22978842	22978932	ENSG00000129474.17|ENSG00000259132.1	UTR|exon|gene|transcript	90
chr14	81185530	81185620	ENSG00000165417.12	UTR|exon|gene|transcript	90
chr14	74495738	74495828	ENSG00000165898.14	UTR|exon|gene|transcript	90
chr14	75012276	75012366	ENSG00000119718.11|ENSG00000279594.1	UTR|exon|gene|transcript	90
chr14	57566474	57566564	ENSG00000151812.15	UTR|exon|gene|transcript	90
chr14	102265822	102265912	ENSG00000080823.23	UTR|exon|gene|transcript	90
chr14	55042951	55043041	ENSG00000180008.9	UTR|exon|gene|transcript	90
chr14	20956295	20956384	ENSG00000169385.3	UTR|exon|gene|transcript	89
chr14	39266107	39266196	ENSG00000150527.18|ENSG00000258940.2	UTR|exon|gene|transcript	89
chr14	31447843	31447932	ENSG00000129480.14|ENSG00000203546.7|ENSG00000250365.7	UTR|exon|gene|transcript	89
chr14	105210277	105210366	ENSG00000185024.18	UTR|exon|gene|transcript	89
chr14	104989427	104989516	ENSG00000140104.14	UTR|exon|gene|transcript	89
chr14	60987068	60987157	ENSG00000139974.17	UTR|exon|gene|transcript	89
chr14	73961083	73961172	ENSG00000119723.17|ENSG00000187097.13	UTR|exon|gene|transcript	89
chr14	69241517	69241606	ENSG00000081177.19|ENSG00000258520.1	UTR|exon|gene|transcript	89
chr14	69355827	69355916	ENSG00000100626.17	UTR|exon|gene|transcript	89
chr14	100530041	100530130	ENSG00000176473.14	UTR|exon|gene|transcript	89
chr14	99725390	99725479	ENSG00000036530.9	UTR|exon|gene|transcript	89
chr14	58001634	58001723	ENSG00000139971.15	UTR|exon|gene|transcript	89
chr14	103468097	103468186	ENSG00000075413.19	UTR|exon|gene|transcript	89
chr14	74906314	74906403	ENSG00000198208.12	UTR|exon|gene|transcript	89
chr14	22896346	22896435	ENSG00000100461.18	UTR|exon|gene|transcript	89
chr14	94618024	94618113	ENSG00000196136.18|ENSG00000273259.3	UTR|exon|gene|transcript	89
chr14	57579425	57579514	ENSG00000151812.15|ENSG00000259039.3	UTR|exon|gene|transcript	89
chr14	59505315	59505404	ENSG00000050130.18|ENSG00000151838.12|ENSG00000258782.3	UTR|exon|gene|transcript	89
chr14	73537304	73537393	ENSG00000184227.8|ENSG00000187105.9	UTR|exon|gene|transcript	89
chr14	95922966	95923055	ENSG00000250366.4	UTR|exon|gene|transcript	89
chr14	96954540	96954629	ENSG00000100749.9	UTR|exon|gene|transcript	89
chr14	67805216	67805305	ENSG00000072121.17	UTR|exon|gene|transcript	89
chr14	95709966	95710055	ENSG00000100721.11	UTR|exon|gene|transcript	89
chr14	31482874	31482963	ENSG00000214943.5	UTR|exon|gene|transcript	89
chr14	51999707	51999796	ENSG00000087302.9	UTR|exon|gene|transcript	89
chr14	103344691	103344780	ENSG00000100664.11	UTR|exon|gene|transcript	89
chr14	77025157	77025246	ENSG00000119669.5	UTR|exon|gene|transcript	89
chr14	80955042	80955131	ENSG00000100629.17|ENSG00000165409.18	UTR|exon|gene|transcript	89
chr14	35013345	35013434	ENSG00000100883.13	UTR|exon|gene|transcript	89
chr14	103752999	103753087	ENSG00000088808.18	UTR|exon|gene|transcript	88
chr14	21656501	21656589	ENSG00000221977.3	UTR|exon|gene|transcript	88
chr14	24184675	24184763	ENSG00000196497.17|ENSG00000259522.3	UTR|exon|gene|transcript	88
chr14	104747107	104747195	ENSG00000185100.12	UTR|exon|gene|transcript	88
chr14	52005215	52005303	ENSG00000087302.9|ENSG00000087303.19	UTR|exon|gene|transcript	88
chr14	74669686	74669774	ENSG00000119682.18	UTR|exon|gene|transcript	88
chr14	65488495	65488583	ENSG00000033170.17	UTR|exon|gene|transcript	88
chr14	88497202	88497290	ENSG00000070778.13	UTR|exon|gene|transcript	88
chr14	88501280	88501368	ENSG00000070778.13|ENSG00000258983.2	UTR|exon|gene|transcript	88
chr14	23016542	23016630	ENSG00000100804.19	UTR|exon|gene|transcript	88
chr14	35310739	35310827	ENSG00000100902.11|ENSG00000258790.1	UTR|exon|gene|transcript	88
chr14	55636448	55636536	ENSG00000126777.18	UTR|exon|gene|transcript	88
chr14	24138816	24138904	ENSG00000092010.15	UTR|exon|gene|transcript	88
chr14	35050308	35050396	ENSG00000151327.14	UTR|exon|gene|transcript	88
chr14	99936246	99936334	ENSG00000066629.19	UTR|exon|gene|transcript	88
chr14	101991585	101991673	ENSG00000197102.14	UTR|exon|gene|transcript	88
chr14	75101065	75101153	ENSG00000119638.14|ENSG00000119703.15	UTR|exon|gene|transcript	88
chr14	21236372	21236460	ENSG00000092199.19	UTR|exon|gene|transcript	88
chr14	104688405	104688493	ENSG00000203485.14	UTR|exon|gene|transcript	88
chr14	24118436	24118523	ENSG00000100897.18	UTR|exon|gene|transcript	87
chr14	100291244	100291331	ENSG00000197119.13|ENSG00000258504.2|ENSG00000259052.1	UTR|exon|gene|transcript	87
chr14	49710294	49710381	ENSG00000197776.8	UTR|exon|gene|transcript	87
chr14	23559850	23559937	ENSG00000157306.14|ENSG00000213983.12|ENSG00000259431.6	UTR|exon|gene|transcript	87
chr14	88385397	88385484	ENSG00000042317.17	UTR|exon|gene|transcript	87
chr14	21082830	21082917	ENSG00000165801.10	UTR|exon|gene|transcript	87
chr14	45071711	45071798	ENSG00000198718.13	UTR|exon|gene|transcript	87
chr14	104138586	104138673	ENSG00000066735.16	UTR|exon|gene|transcript	87
chr14	73206385	73206472	ENSG00000080815.20	UTR|exon|gene|transcript	87
chr14	23326076	23326163	ENSG00000100836.11|ENSG00000258643.6	UTR|exon|gene|transcript	87
chr14	57292012	57292099	ENSG00000053770.12	UTR|exon|gene|transcript	87
chr14	30895661	30895748	ENSG00000196792.12	UTR|exon|gene|transcript	87
chr14	99971560	99971647	ENSG00000196405.13	UTR|exon|gene|transcript	87
chr14	96945150	96945237	ENSG00000100749.9	UTR|exon|gene|transcript	87
chr14	35014743	35014830	ENSG00000100883.13	UTR|exon|gene|transcript	87
chr14	57217981	57218068	ENSG00000070367.17	UTR|exon|gene|transcript	87
chr14	99700014	99700101	ENSG00000036530.9	UTR|exon|gene|transcript	87
chr14	64224460	64224547	ENSG00000054654.20|ENSG00000140009.19	UTR|exon|gene|transcript	87
chr14	39092760	39092847	ENSG00000100934.15	UTR|exon|gene|transcript	87
chr14	54751450	54751537	ENSG00000020577.14	UTR|exon|gene|transcript	87
chr14	49785004	49785091	ENSG00000165516.11|ENSG00000165525.18	UTR|exon|gene|transcript	87
chr14	75980893	75980980	ENSG00000119650.13|ENSG00000119699.8	UTR|exon|gene|transcript	87
chr14	20590072	20590159	ENSG00000173464.16|ENSG00000258436.2|ENSG00000258573.6|ENSG00000259060.7	UTR|exon|gene|transcript	87
chr14	45155372	45155459	ENSG00000187790.12	UTR|exon|gene|transcript	87
chr14	34575755	34575842	ENSG00000129515.20	UTR|exon|gene|transcript	87
chr14	73543710	73543796	ENSG00000184227.8|ENSG00000187105.9	UTR|exon|gene|transcript	86
chr14	34567685	34567771	ENSG00000129515.20	UTR|exon|gene|transcript	86
chr14	100735633	100735719	ENSG00000185559.16	UTR|exon|gene|transcript	86
chr14	30694772	30694858	ENSG00000092108.22	UTR|exon|gene|transcript	86
chr14	99572875	99572961	ENSG00000205476.9	UTR|exon|gene|transcript	86
chr14	77285480	77285566	ENSG00000009830.13	UTR|exon|gene|transcript	86
chr14	99971866	99971952	ENSG00000196405.13	UTR|exon|gene|transcript	86
chr14	33612494	33612580	ENSG00000151322.20	UTR|exon|gene|transcript	86
chr14	89797156	89797242	ENSG00000140025.16|ENSG00000259053.1	UTR|exon|gene|transcript	86
chr14	70188747	70188833	ENSG00000100678.20|ENSG00000258422.6	UTR|exon|gene|transcript	86
chr14	50322806	50322892	ENSG00000125375.18	UTR|exon|gene|transcript	86
chr14	24190089	24190175	ENSG00000100926.15|ENSG00000254692.1|ENSG00000259522.3|ENSG00000287765.1	UTR|exon|gene|transcript	86
chr14	24172380	24172466	ENSG00000100918.14	UTR|exon|gene|transcript	86
chr14	74737374	74737460	ENSG00000119616.11	UTR|exon|gene|transcript	86
chr14	67589231	67589317	ENSG00000054690.14|ENSG00000100564.9	UTR|exon|gene|transcript	86
chr14	31113103	31113189	ENSG00000092148.14|ENSG00000100478.16	UTR|exon|gene|transcript	86
chr14	21263666	21263752	ENSG00000092199.19	UTR|exon|gene|transcript	86
chr14	95194214	95194300	ENSG00000165959.12	UTR|exon|gene|transcript	86
chr14	75007081	75007167	ENSG00000119718.11|ENSG00000258646.1	UTR|exon|gene|transcript	86
chr14	99404224	99404310	ENSG00000183576.13	UTR|exon|gene|transcript	86
chr14	29578274	29578360	ENSG00000184304.17	UTR|exon|gene|transcript	86
chr14	64223294	64223380	ENSG00000054654.20|ENSG00000140009.19	UTR|exon|gene|transcript	86
chr14	104771721	104771807	ENSG00000142208.18	UTR|exon|gene|transcript	86
chr14	74905353	74905439	ENSG00000198208.12	UTR|exon|gene|transcript	86
chr14	88601923	88602009	ENSG00000100722.20	UTR|exon|gene|transcript	86
chr14	60461507	60461593	ENSG00000179008.9	UTR|exon|gene|transcript	86
chr14	30650564	30650650	ENSG00000092108.22	UTR|exon|gene|transcript	86
chr14	22843086	22843172	ENSG00000157227.14	UTR|exon|gene|transcript	86
chr14	67180937	67181023	ENSG00000171723.16	UTR|exon|gene|transcript	86
chr14	20033757	20033843	ENSG00000176253.4	UTR|exon|gene|transcript	86
chr14	69454811	69454897	ENSG00000029364.12	UTR|exon|gene|transcript	86
chr14	22770192	22770278	ENSG00000155463.14	UTR|exon|gene|transcript	86
chr14	24071435	24071521	ENSG00000100884.10	UTR|exon|gene|transcript	86
chr14	35078926	35079012	ENSG00000151327.14	UTR|exon|gene|transcript	86
chr14	76852364	76852450	ENSG00000100565.16	UTR|exon|gene|transcript	86
chr14	88469964	88470050	ENSG00000042317.17|ENSG00000070778.13	UTR|exon|gene|transcript	86
chr14	100884788	100884874	ENSG00000254656.3|ENSG00000258399.8	UTR|exon|gene|transcript	86
chr14	21089990	21090076	ENSG00000165801.10	UTR|exon|gene|transcript	86
chr14	73955842	73955928	ENSG00000119723.17	UTR|exon|gene|transcript	86
chr14	55354500	55354585	ENSG00000178974.11	UTR|exon|gene|transcript	85
chr14	21345112	21345197	ENSG00000092200.13	UTR|exon|gene|transcript	85
chr14	93183101	93183186	ENSG00000165943.5	UTR|exon|gene|transcript	85
chr14	60142992	60143077	ENSG00000126773.13	UTR|exon|gene|transcript	85
chr14	56117995	56118080	ENSG00000139946.11	UTR|exon|gene|transcript	85
chr14	57413793	57413878	ENSG00000139977.14	UTR|exon|gene|transcript	85
chr14	95710055	95710140	ENSG00000100721.11	UTR|exon|gene|transcript	85
chr14	52457089	52457174	ENSG00000087301.9	UTR|exon|gene|transcript	85
chr14	34711080	34711165	ENSG00000165410.15	UTR|exon|gene|transcript	85
chr14	64400792	64400877	ENSG00000100714.18	UTR|exon|gene|transcript	85
chr14	70583267	70583352	ENSG00000133997.12	UTR|exon|gene|transcript	85
chr14	21498172	21498257	ENSG00000092203.15|ENSG00000165819.12	UTR|exon|gene|transcript	85
chr14	31116235	31116320	ENSG00000092148.14|ENSG00000100478.16	UTR|exon|gene|transcript	85
chr14	44962285	44962370	ENSG00000179454.14|ENSG00000198718.13	UTR|exon|gene|transcript	85
chr14	93707759	93707844	ENSG00000133958.14	UTR|exon|gene|transcript	85
chr14	88485075	88485160	ENSG00000070778.13	UTR|exon|gene|transcript	85
chr14	92659384	92659469	ENSG00000100599.16	UTR|exon|gene|transcript	85
chr14	99721238	99721323	ENSG00000036530.9	UTR|exon|gene|transcript	85
chr14	90866468	90866553	ENSG00000100784.12	UTR|exon|gene|transcript	85
chr14	23348221	23348306	ENSG00000092096.19	UTR|exon|gene|transcript	85
chr14	56615943	56616027	ENSG00000070269.14	UTR|exon|gene|transcript	84
chr14	49725685	49725769	ENSG00000197776.8	UTR|exon|gene|transcript	84
chr14	49782457	49782541	ENSG00000165516.11|ENSG00000165525.18	UTR|exon|gene|transcript	84
chr14	65075543	65075627	ENSG00000125952.21	UTR|exon|gene|transcript	84
chr14	64486838	64486922	ENSG00000089775.12	UTR|exon|gene|transcript	84
chr14	21036190	21036274	ENSG00000165795.25|ENSG00000179636.15	UTR|exon|gene|transcript	84
chr14	104937978	104938062	ENSG00000185567.7	UTR|exon|gene|transcript	84
chr14	39154210	39154294	ENSG00000182400.15	UTR|exon|gene|transcript	84
chr14	90405107	90405191	ENSG00000198668.14|ENSG00000258424.1	UTR|exon|gene|transcript	84
chr14	24163508	24163592	ENSG00000213928.10|ENSG00000259529.2	UTR|exon|gene|transcript	84
chr14	32732681	32732765	ENSG00000151320.11	UTR|exon|gene|transcript	84
chr14	35863869	35863953	ENSG00000100916.14	UTR|exon|gene|transcript	84
chr14	77478241	77478325	ENSG00000100593.18	UTR|exon|gene|transcript	84
chr14	22609723	22609807	ENSG00000100439.11	UTR|exon|gene|transcript	84
chr14	102048921	102049005	ENSG00000197102.14|ENSG00000293472.1	UTR|exon|gene|transcript	84
chr14	85632125	85632209	ENSG00000185070.12	UTR|exon|gene|transcript	84
chr14	24186707	24186791	ENSG00000196497.17|ENSG00000259522.3	UTR|exon|gene|transcript	84
chr14	24268826	24268910	ENSG00000100949.15	UTR|exon|gene|transcript	84
chr14	94278643	94278727	ENSG00000119698.12	UTR|exon|gene|transcript	84
chr14	103490318	103490402	ENSG00000075413.19	UTR|exon|gene|transcript	84
chr14	20583790	20583874	ENSG00000173464.16|ENSG00000259060.7	UTR|exon|gene|transcript	84
chr14	24240330	24240414	ENSG00000092330.19	UTR|exon|gene|transcript	84
chr14	104793126	104793210	ENSG00000142208.18	UTR|exon|gene|transcript	84
chr14	94388910	94388994	ENSG00000197249.14	UTR|exon|gene|transcript	84
chr14	67797671	67797755	ENSG00000072121.17	UTR|exon|gene|transcript	84
chr14	49785135	49785219	ENSG00000165516.11|ENSG00000165525.18	UTR|exon|gene|transcript	84
chr14	22872209	22872293	ENSG00000197324.9	UTR|exon|gene|transcript	84
chr14	74900288	74900372	ENSG00000119689.15	UTR|exon|gene|transcript	84
chr14	24110508	24110592	ENSG00000100889.12|ENSG00000129535.13	UTR|exon|gene|transcript	84
chr14	75134355	75134439	ENSG00000170348.9|ENSG00000259138.1	UTR|exon|gene|transcript	84
chr14	103133681	103133765	ENSG00000185215.11	UTR|exon|gene|transcript	84
chr14	20996208	20996292	ENSG00000165792.18|ENSG00000258471.2	UTR|exon|gene|transcript	84
chr14	73120229	73120313	ENSG00000119707.14	UTR|exon|gene|transcript	84
chr14	31095718	31095802	ENSG00000100478.16	UTR|exon|gene|transcript	84
chr14	76867355	76867438	ENSG00000100565.16	UTR|exon|gene|transcript	83
chr14	88416761	88416844	ENSG00000042317.17	UTR|exon|gene|transcript	83
chr14	77462159	77462242	ENSG00000100591.8	UTR|exon|gene|transcript	83
chr14	24264264	24264347	ENSG00000092295.12	UTR|exon|gene|transcript	83
chr14	74495047	74495130	ENSG00000165898.14	UTR|exon|gene|transcript	83
chr14	61321823	61321906	ENSG00000027075.17|ENSG00000247287.3	UTR|exon|gene|transcript	83
chr14	104989548	104989631	ENSG00000140104.14	UTR|exon|gene|transcript	83
chr14	57232666	57232749	ENSG00000070367.17	UTR|exon|gene|transcript	83
chr14	64516616	64516699	ENSG00000126804.14|ENSG00000259116.2	UTR|exon|gene|transcript	83
chr14	90404965	90405048	ENSG00000198668.14|ENSG00000258424.1	UTR|exon|gene|transcript	83
chr14	30607919	30608002	ENSG00000092140.16	UTR|exon|gene|transcript	83
chr14	103535178	103535261	ENSG00000166166.13	UTR|exon|gene|transcript	83
chr14	103562208	103562291	ENSG00000126214.22|ENSG00000166170.12	UTR|exon|gene|transcript	83
chr14	57580438	57580521	ENSG00000151812.15|ENSG00000259039.3	UTR|exon|gene|transcript	83
chr14	31850118	31850201	ENSG00000151413.17	UTR|exon|gene|transcript	83
chr14	25049559	25049642	ENSG00000168952.16	UTR|exon|gene|transcript	83
chr14	104794445	104794528	ENSG00000142208.18	UTR|exon|gene|transcript	83
chr14	57493757	57493840	ENSG00000100557.10	UTR|exon|gene|transcript	83
chr14	73922492	73922575	ENSG00000119725.21|ENSG00000258653.3|ENSG00000258891.1	UTR|exon|gene|transcript	83
chr14	95544557	95544640	ENSG00000182512.5	UTR|exon|gene|transcript	83
chr14	61657622	61657705	ENSG00000232774.8|ENSG00000258989.1	UTR|exon|gene|transcript	83
chr14	89493943	89494026	ENSG00000053254.16|ENSG00000259053.1	UTR|exon|gene|transcript	83
chr14	50901828	50901911	ENSG00000100504.17|ENSG00000131969.15	UTR|exon|gene|transcript	83
chr14	39136541	39136624	ENSG00000092208.19	UTR|exon|gene|transcript	83
chr14	72562754	72562837	ENSG00000182732.18|ENSG00000258871.1	UTR|exon|gene|transcript	83
chr14	67815963	67816046	ENSG00000072121.17	UTR|exon|gene|transcript	83
chr14	45110093	45110176	ENSG00000185246.18	UTR|exon|gene|transcript	83
chr14	91114792	91114875	ENSG00000133943.21	UTR|exon|gene|transcript	83
chr14	73959078	73959161	ENSG00000119723.17|ENSG00000187097.13	UTR|exon|gene|transcript	83
chr14	24183272	24183355	ENSG00000196497.17|ENSG00000259522.3	UTR|exon|gene|transcript	83
chr14	75134272	75134355	ENSG00000170348.9|ENSG00000259138.1	UTR|exon|gene|transcript	83
chr14	93227035	93227118	ENSG00000012963.15	UTR|exon|gene|transcript	83
chr14	72958946	72959028	ENSG00000119599.17	UTR|exon|gene|transcript	82
chr14	69712057	69712139	ENSG00000100647.8	UTR|exon|gene|transcript	82
chr14	72959028	72959110	ENSG00000119599.17	UTR|exon|gene|transcript	82
chr14	24271404	24271486	ENSG00000100949.15|ENSG00000288044.3	UTR|exon|gene|transcript	82
chr14	69399006	69399088	ENSG00000029364.12	UTR|exon|gene|transcript	82
chr14	75279719	75279801	ENSG00000170345.10	UTR|exon|gene|transcript	82
chr14	94116212	94116294	ENSG00000165949.13	UTR|exon|gene|transcript	82
chr14	21351216	21351298	ENSG00000092200.13	UTR|exon|gene|transcript	82
chr14	24189066	24189148	ENSG00000259522.3|ENSG00000287765.1	UTR|exon|gene|transcript	82
chr14	72662751	72662833	ENSG00000205683.12	UTR|exon|gene|transcript	82
chr14	88875025	88875107	ENSG00000165533.19	UTR|exon|gene|transcript	82
chr14	103705090	103705172	ENSG00000126214.22|ENSG00000126215.14	UTR|exon|gene|transcript	82
chr14	41700612	41700694	ENSG00000165379.14	UTR|exon|gene|transcript	82
chr14	105172938	105173020	ENSG00000183828.15|ENSG00000257622.1	UTR|exon|gene|transcript	82
chr14	50806736	50806818	ENSG00000100503.27	UTR|exon|gene|transcript	82
chr14	29666076	29666158	ENSG00000184304.17	UTR|exon|gene|transcript	82
chr14	104740838	104740920	ENSG00000185100.12	UTR|exon|gene|transcript	82
chr14	24080395	24080477	ENSG00000129535.13	UTR|exon|gene|transcript	82
chr14	31093035	31093117	ENSG00000100478.16	UTR|exon|gene|transcript	82
chr14	93215199	93215281	ENSG00000012963.15|ENSG00000259066.5	UTR|exon|gene|transcript	82
chr14	65743142	65743224	ENSG00000033170.17	UTR|exon|gene|transcript	82
chr14	46651009	46651091	ENSG00000165496.5	UTR|exon|gene|transcript	82
chr14	96532338	96532420	ENSG00000090060.19	UTR|exon|gene|transcript	82
chr14	23126114	23126196	ENSG00000092068.21	UTR|exon|gene|transcript	82
chr14	105348492	105348574	ENSG00000179364.15	UTR|exon|gene|transcript	82
chr14	91976107	91976189	ENSG00000100815.12	UTR|exon|gene|transcript	82
chr14	20992540	20992622	ENSG00000165792.18	UTR|exon|gene|transcript	82
chr14	19936602	19936683	ENSG00000155249.5	UTR|exon|gene|transcript	81
chr14	69711430	69711511	ENSG00000100647.8	UTR|exon|gene|transcript	81
chr14	62116126	62116207	ENSG00000258903.2|ENSG00000289503.1	UTR|exon|gene|transcript	81
chr14	58472198	58472279	ENSG00000100578.18	UTR|exon|gene|transcript	81
chr14	75473014	75473095	ENSG00000140044.13	UTR|exon|gene|transcript	81
chr14	24189191	24189272	ENSG00000100926.15|ENSG00000254692.1|ENSG00000259522.3|ENSG00000287765.1	UTR|exon|gene|transcript	81
chr14	77457413	77457494	ENSG00000151445.16	UTR|exon|gene|transcript	81
chr14	20144662	20144743	ENSG00000184394.3	UTR|exon|gene|transcript	81
chr14	99691080	99691161	ENSG00000036530.9	UTR|exon|gene|transcript	81
chr14	77279366	77279447	ENSG00000009830.13	UTR|exon|gene|transcript	81
chr14	74015847	74015928	ENSG00000187097.13	UTR|exon|gene|transcript	81
chr14	64561947	64562028	ENSG00000165807.8|ENSG00000259076.1	UTR|exon|gene|transcript	81
chr14	39177511	39177592	ENSG00000100941.9	UTR|exon|gene|transcript	81
chr14	21076562	21076643	ENSG00000165801.10	UTR|exon|gene|transcript	81
chr14	105286295	105286376	ENSG00000185024.18	UTR|exon|gene|transcript	81
chr14	104589543	104589624	ENSG00000184601.11|ENSG00000258986.7|ENSG00000259037.1	UTR|exon|gene|transcript	81
chr14	24291138	24291219	ENSG00000157379.14|ENSG00000288044.3	UTR|exon|gene|transcript	81
chr14	67589317	67589398	ENSG00000054690.14|ENSG00000100564.9	UTR|exon|gene|transcript	81
chr14	57203231	57203312	ENSG00000070367.17	UTR|exon|gene|transcript	81
chr14	20587768	20587849	ENSG00000173464.16|ENSG00000258573.6|ENSG00000259060.7	UTR|exon|gene|transcript	81
chr14	22977049	22977130	ENSG00000129474.17|ENSG00000259132.1	UTR|exon|gene|transcript	81
chr14	21492295	21492376	ENSG00000092203.15	UTR|exon|gene|transcript	81
chr14	50396213	50396294	ENSG00000100490.10	UTR|exon|gene|transcript	81
chr14	61048155	61048236	ENSG00000139974.17	UTR|exon|gene|transcript	81
chr14	74675865	74675946	ENSG00000119682.18	UTR|exon|gene|transcript	81
chr14	103385616	103385697	ENSG00000075413.19	UTR|exon|gene|transcript	81
chr14	37547553	37547634	ENSG00000151338.21	UTR|exon|gene|transcript	81
chr14	103465971	103466052	ENSG00000075413.19	UTR|exon|gene|transcript	81
chr14	58331437	58331518	ENSG00000032219.19	UTR|exon|gene|transcript	81
chr14	74906799	74906880	ENSG00000198208.12	UTR|exon|gene|transcript	81
chr14	57483070	57483151	ENSG00000100557.10	UTR|exon|gene|transcript	81
chr14	57297777	57297858	ENSG00000053770.12	UTR|exon|gene|transcript	81
chr14	75010440	75010521	ENSG00000119718.11	UTR|exon|gene|transcript	81
chr14	24123362	24123443	ENSG00000100897.18|ENSG00000259371.2	UTR|exon|gene|transcript	81
chr14	75683660	75683740	ENSG00000119685.20	UTR|exon|gene|transcript	80
chr14	106791153	106791233	ENSG00000225698.4	UTR|exon|gene|transcript	80
chr14	56647772	56647852	ENSG00000070269.14|ENSG00000258428.5	UTR|exon|gene|transcript	80
chr14	20295446	20295526	ENSG00000136319.12	UTR|exon|gene|transcript	80
chr14	21043612	21043692	ENSG00000165795.25|ENSG00000165799.5	UTR|exon|gene|transcript	80
chr14	73961295	73961375	ENSG00000119723.17|ENSG00000187097.13	UTR|exon|gene|transcript	80
chr14	88496412	88496492	ENSG00000070778.13	UTR|exon|gene|transcript	80
chr14	52708308	52708388	ENSG00000100519.12	UTR|exon|gene|transcript	80
chr14	105049553	105049633	ENSG00000183484.12	UTR|exon|gene|transcript	80
chr14	100281916	100281996	ENSG00000100811.15|ENSG00000259052.1	UTR|exon|gene|transcript	80
chr14	106470720	106470800	ENSG00000232216.1	UTR|exon|gene|transcript	80
chr14	106803153	106803233	ENSG00000211976.2	UTR|exon|gene|transcript	80
chr14	106557397	106557477	ENSG00000211965.4	UTR|exon|gene|transcript	80
chr14	35834843	35834923	ENSG00000100916.14	UTR|exon|gene|transcript	80
chr14	20990383	20990463	ENSG00000165792.18	UTR|exon|gene|transcript	80
chr14	57594044	57594124	ENSG00000151812.15|ENSG00000259039.3	UTR|exon|gene|transcript	80
chr14	73173782	73173862	ENSG00000080815.20	UTR|exon|gene|transcript	80
chr14	74286709	74286789	ENSG00000119688.21	UTR|exon|gene|transcript	80
chr14	50888823	50888903	ENSG00000100504.17|ENSG00000131969.15	UTR|exon|gene|transcript	80
chr14	24632323	24632403	ENSG00000100453.14|ENSG00000258657.5	UTR|exon|gene|transcript	80
chr14	105460800	105460880	ENSG00000182979.18	UTR|exon|gene|transcript	80
chr14	35278552	35278632	ENSG00000258790.1	UTR|exon|gene|transcript	80
chr14	22922741	22922821	ENSG00000100462.16|ENSG00000237054.9	UTR|exon|gene|transcript	80
chr14	62103701	62103781	ENSG00000139973.18|ENSG00000258903.2|ENSG00000289503.1	UTR|exon|gene|transcript	80
chr14	61045345	61045425	ENSG00000139974.17	UTR|exon|gene|transcript	80
chr14	72951797	72951877	ENSG00000119599.17	UTR|exon|gene|transcript	80
chr14	30702295	30702375	ENSG00000092108.22	UTR|exon|gene|transcript	80
chr14	59504986	59505066	ENSG00000050130.18|ENSG00000151838.12|ENSG00000258782.3	UTR|exon|gene|transcript	80
chr14	69658512	69658592	ENSG00000100647.8	UTR|exon|gene|transcript	80
chr14	106154083	106154163	ENSG00000211943.2	UTR|exon|gene|transcript	80
chr14	106360244	106360324	ENSG00000211955.2	UTR|exon|gene|transcript	80
chr14	106335533	106335613	ENSG00000270550.1	UTR|exon|gene|transcript	80
chr14	52711445	52711524	ENSG00000100519.12	UTR|exon|gene|transcript	79
chr14	60065287	60065366	ENSG00000131951.12|ENSG00000258553.5	UTR|exon|gene|transcript	79
chr14	77304693	77304772	ENSG00000009830.13	UTR|exon|gene|transcript	79
chr14	77311948	77312027	ENSG00000009830.13	UTR|exon|gene|transcript	79
chr14	68795963	68796042	ENSG00000185650.10	UTR|exon|gene|transcript	79
chr14	104865434	104865513	ENSG00000099814.17	UTR|exon|gene|transcript	79
chr14	70368717	70368796	ENSG00000133983.16|ENSG00000213463.5|ENSG00000258644.6	UTR|exon|gene|transcript	79
chr14	52643136	52643215	ENSG00000197930.13	UTR|exon|gene|transcript	79
chr14	104770192	104770271	ENSG00000142208.18|ENSG00000258430.1	UTR|exon|gene|transcript	79
chr14	104746055	104746134	ENSG00000185100.12	UTR|exon|gene|transcript	79
chr14	23296277	23296356	ENSG00000235194.9|ENSG00000290292.10	UTR|exon|gene|transcript	79
chr14	24305867	24305946	ENSG00000136305.12|ENSG00000196943.14|ENSG00000213906.10	UTR|exon|gene|transcript	79
chr14	49723873	49723952	ENSG00000197776.8	UTR|exon|gene|transcript	79
chr14	66681106	66681185	ENSG00000171723.16	UTR|exon|gene|transcript	79
chr14	102039411	102039490	ENSG00000197102.14|ENSG00000293472.1	UTR|exon|gene|transcript	79
chr14	58467843	58467922	ENSG00000100578.18	UTR|exon|gene|transcript	79
chr14	90923112	90923191	ENSG00000100784.12	UTR|exon|gene|transcript	79
chr14	95867866	95867945	ENSG00000250366.4	UTR|exon|gene|transcript	79
chr14	88644432	88644511	ENSG00000165521.16	UTR|exon|gene|transcript	79
chr14	95186849	95186928	ENSG00000165959.12	UTR|exon|gene|transcript	79
chr14	50903388	50903467	ENSG00000100504.17|ENSG00000131969.15	UTR|exon|gene|transcript	79
chr14	89983126	89983205	ENSG00000042088.14	UTR|exon|gene|transcript	79
chr14	90272193	90272272	ENSG00000100764.14|ENSG00000119720.18	UTR|exon|gene|transcript	79
chr14	73718310	73718389	ENSG00000156030.14	UTR|exon|gene|transcript	79
chr14	30889808	30889887	ENSG00000100473.18	UTR|exon|gene|transcript	79
chr14	73961375	73961454	ENSG00000119723.17|ENSG00000187097.13	UTR|exon|gene|transcript	79
chr14	96552543	96552622	ENSG00000090060.19	UTR|exon|gene|transcript	79
chr14	75010827	75010906	ENSG00000119718.11	UTR|exon|gene|transcript	79
chr14	46871585	46871664	ENSG00000139915.22	UTR|exon|gene|transcript	79
chr14	105314800	105314879	ENSG00000179364.15|ENSG00000185024.18	UTR|exon|gene|transcript	79
chr14	50761789	50761867	ENSG00000100503.27	UTR|exon|gene|transcript	78
chr14	23365025	23365103	ENSG00000100842.13	UTR|exon|gene|transcript	78
chr14	38209311	38209389	ENSG00000139874.6	UTR|exon|gene|transcript	78
chr14	91188909	91188987	ENSG00000133943.21	UTR|exon|gene|transcript	78
chr14	91147780	91147858	ENSG00000133943.21	UTR|exon|gene|transcript	78
chr14	29632868	29632946	ENSG00000184304.17	UTR|exon|gene|transcript	78
chr14	29638488	29638566	ENSG00000184304.17	UTR|exon|gene|transcript	78
chr14	22920731	22920809	ENSG00000100462.16|ENSG00000237054.9	UTR|exon|gene|transcript	78
chr14	21431732	21431810	ENSG00000100888.15	UTR|exon|gene|transcript	78
chr14	19782725	19782803	ENSG00000176294.6|ENSG00000176299.5	UTR|exon|gene|transcript	78
chr14	35053199	35053277	ENSG00000151327.14	UTR|exon|gene|transcript	78
chr14	22816121	22816199	ENSG00000155465.21	UTR|exon|gene|transcript	78
chr14	96832430	96832508	ENSG00000100749.9	UTR|exon|gene|transcript	78
chr14	31207390	31207468	ENSG00000092148.14	UTR|exon|gene|transcript	78
chr14	45140631	45140709	ENSG00000187790.12	UTR|exon|gene|transcript	78
chr14	75105996	75106074	ENSG00000119638.14|ENSG00000119703.15	UTR|exon|gene|transcript	78
chr14	67776028	67776106	ENSG00000072121.17	UTR|exon|gene|transcript	78
chr14	21894482	21894560	ENSG00000211790.2	UTR|exon|gene|transcript	78
chr14	67338074	67338152	ENSG00000100554.12	UTR|exon|gene|transcript	78
chr14	36520556	36520634	ENSG00000136352.20|ENSG00000253563.2|ENSG00000257520.2|ENSG00000283098.2	UTR|exon|gene|transcript	78
chr14	106410943	106411021	ENSG00000211958.2	UTR|exon|gene|transcript	78
chr14	105450106	105450184	ENSG00000182979.18	UTR|exon|gene|transcript	78
chr14	73219289	73219367	ENSG00000080815.20	UTR|exon|gene|transcript	78
chr14	20326715	20326793	ENSG00000100814.19	UTR|exon|gene|transcript	78
chr14	96242208	96242286	ENSG00000168398.7|ENSG00000258691.1	UTR|exon|gene|transcript	78
chr14	73961454	73961532	ENSG00000119723.17|ENSG00000187097.13	UTR|exon|gene|transcript	78
chr14	74674033	74674111	ENSG00000119682.18	UTR|exon|gene|transcript	78
chr14	65479706	65479784	ENSG00000033170.17	UTR|exon|gene|transcript	78
chr14	75079910	75079988	ENSG00000119638.14|ENSG00000119703.15	UTR|exon|gene|transcript	78
chr14	81108840	81108918	ENSG00000165409.18|ENSG00000284959.3	UTR|exon|gene|transcript	78
chr14	23126672	23126750	ENSG00000092068.21	UTR|exon|gene|transcript	78
chr14	96884498	96884576	ENSG00000100749.9	UTR|exon|gene|transcript	78
chr14	55048469	55048547	ENSG00000180008.9	UTR|exon|gene|transcript	78
chr14	53953308	53953385	ENSG00000125378.16	UTR|exon|gene|transcript	77
chr14	77028113	77028190	ENSG00000119669.5|ENSG00000273729.1	UTR|exon|gene|transcript	77
chr14	77730987	77731064	ENSG00000100603.14|ENSG00000119705.10	UTR|exon|gene|transcript	77
chr14	92433911	92433988	ENSG00000140090.18	UTR|exon|gene|transcript	77
chr14	67651074	67651151	ENSG00000081181.8|ENSG00000100568.11	UTR|exon|gene|transcript	77
chr14	24269551	24269628	ENSG00000100949.15	UTR|exon|gene|transcript	77
chr14	60465978	60466055	ENSG00000179008.9	UTR|exon|gene|transcript	77
chr14	60267214	60267291	ENSG00000100614.18	UTR|exon|gene|transcript	77
chr14	19875141	19875218	ENSG00000165762.3	UTR|exon|gene|transcript	77
chr14	77484322	77484399	ENSG00000100593.18	UTR|exon|gene|transcript	77
chr14	105499109	105499186	ENSG00000185347.19	UTR|exon|gene|transcript	77
chr14	66507737	66507814	ENSG00000171723.16|ENSG00000258561.2	UTR|exon|gene|transcript	77
chr14	21033740	21033817	ENSG00000165795.25|ENSG00000179636.15|ENSG00000206150.4|ENSG00000255472.1	UTR|exon|gene|transcript	77
chr14	31172045	31172122	ENSG00000092148.14	UTR|exon|gene|transcript	77
chr14	87986968	87987045	ENSG00000054983.17	UTR|exon|gene|transcript	77
chr14	87939904	87939981	ENSG00000054983.17	UTR|exon|gene|transcript	77
chr14	85634534	85634611	ENSG00000185070.12	UTR|exon|gene|transcript	77
chr14	21080659	21080736	ENSG00000165801.10	UTR|exon|gene|transcript	77
chr14	31130919	31130996	ENSG00000092148.14|ENSG00000100478.16	UTR|exon|gene|transcript	77
chr14	31148720	31148797	ENSG00000092148.14	UTR|exon|gene|transcript	77
chr14	20373506	20373583	ENSG00000129566.13	UTR|exon|gene|transcript	77
chr14	21369819	21369896	ENSG00000092201.10	UTR|exon|gene|transcript	77
chr14	60982430	60982507	ENSG00000139974.17|ENSG00000258892.1	UTR|exon|gene|transcript	77
chr14	64439095	64439172	ENSG00000100714.18|ENSG00000258824.2	UTR|exon|gene|transcript	77
chr14	95104049	95104126	ENSG00000100697.17	UTR|exon|gene|transcript	77
chr14	21280082	21280159	ENSG00000092200.13	UTR|exon|gene|transcript	77
chr14	102229136	102229213	ENSG00000080823.23	UTR|exon|gene|transcript	77
chr14	62112748	62112825	ENSG00000258903.2|ENSG00000289503.1	UTR|exon|gene|transcript	77
chr14	50770915	50770992	ENSG00000100503.27	UTR|exon|gene|transcript	77
chr14	35099307	35099384	ENSG00000092020.11|ENSG00000151327.14	UTR|exon|gene|transcript	77
chr14	24137320	24137397	ENSG00000092010.15	UTR|exon|gene|transcript	77
chr14	74736689	74736766	ENSG00000119616.11	UTR|exon|gene|transcript	77
chr14	61795993	61796070	ENSG00000023608.5	UTR|exon|gene|transcript	77
chr14	34169569	34169646	ENSG00000129521.15	UTR|exon|gene|transcript	77
chr14	106724017	106724093	ENSG00000211974.3	UTR|exon|gene|transcript	76
chr14	88551235	88551311	ENSG00000070778.13	UTR|exon|gene|transcript	76
chr14	26597647	26597723	ENSG00000139910.20	UTR|exon|gene|transcript	76
chr14	74734930	74735006	ENSG00000119616.11	UTR|exon|gene|transcript	76
chr14	74671407	74671483	ENSG00000119682.18	UTR|exon|gene|transcript	76
chr14	34709112	34709188	ENSG00000165410.15	UTR|exon|gene|transcript	76
chr14	24322903	24322979	ENSG00000129467.14	UTR|exon|gene|transcript	76
chr14	73273589	73273665	ENSG00000100767.17|ENSG00000258944.1	UTR|exon|gene|transcript	76
chr14	68497451	68497527	ENSG00000182185.19	UTR|exon|gene|transcript	76
chr14	74287810	74287886	ENSG00000119688.21	UTR|exon|gene|transcript	76
chr14	34586229	34586305	ENSG00000129515.20	UTR|exon|gene|transcript	76
chr14	94306070	94306146	ENSG00000170099.6	UTR|exon|gene|transcript	76
chr14	34561298	34561374	ENSG00000129515.20	UTR|exon|gene|transcript	76
chr14	21395816	21395892	ENSG00000100888.15	UTR|exon|gene|transcript	76
chr14	22901733	22901809	ENSG00000100461.18	UTR|exon|gene|transcript	76
chr14	95112171	95112247	ENSG00000100697.17	UTR|exon|gene|transcript	76
chr14	103521358	103521434	ENSG00000166165.14	UTR|exon|gene|transcript	76
chr14	30707989	30708065	ENSG00000092108.22	UTR|exon|gene|transcript	76
chr14	20469775	20469851	ENSG00000198805.13	UTR|exon|gene|transcript	76
chr14	81197408	81197484	ENSG00000165417.12	UTR|exon|gene|transcript	76
chr14	35122371	35122447	ENSG00000092020.11|ENSG00000100890.16	UTR|exon|gene|transcript	76
chr14	104699435	104699511	ENSG00000203485.14	UTR|exon|gene|transcript	76
chr14	96856174	96856250	ENSG00000100749.9	UTR|exon|gene|transcript	76
chr14	24071359	24071435	ENSG00000100884.10	UTR|exon|gene|transcript	76
chr14	89956083	89956159	ENSG00000042088.14	UTR|exon|gene|transcript	76
chr14	100333827	100333903	ENSG00000140105.18|ENSG00000258666.1	UTR|exon|gene|transcript	76
chr14	53061125	53061201	ENSG00000100523.17	UTR|exon|gene|transcript	76
chr14	51827667	51827743	ENSG00000186469.9	UTR|exon|gene|transcript	76
chr14	22112346	22112422	ENSG00000211806.2	UTR|exon|gene|transcript	76
chr14	21499518	21499594	ENSG00000165819.12	UTR|exon|gene|transcript	76
chr14	102040597	102040673	ENSG00000197102.14|ENSG00000293472.1	UTR|exon|gene|transcript	76
chr14	94613705	94613781	ENSG00000196136.18|ENSG00000273259.3	UTR|exon|gene|transcript	76
chr14	74875894	74875970	ENSG00000119608.15	UTR|exon|gene|transcript	76
chr14	102231745	102231821	ENSG00000080823.23	UTR|exon|gene|transcript	76
chr14	60256790	60256866	ENSG00000100614.18	UTR|exon|gene|transcript	76
chr14	85530379	85530455	ENSG00000185070.12|ENSG00000205562.5	UTR|exon|gene|transcript	76
chr14	105380079	105380154	ENSG00000179364.15	UTR|exon|gene|transcript	75
chr14	88391380	88391455	ENSG00000042317.17	UTR|exon|gene|transcript	75
chr14	104112633	104112708	ENSG00000166183.16	UTR|exon|gene|transcript	75
chr14	73478488	73478563	ENSG00000187105.9|ENSG00000251393.5	UTR|exon|gene|transcript	75
chr14	20802331	20802406	ENSG00000129538.14	UTR|exon|gene|transcript	75
chr14	87837841	87837916	ENSG00000054983.17|ENSG00000258807.5|ENSG00000259077.1	UTR|exon|gene|transcript	75
chr14	60169696	60169771	ENSG00000100612.14	UTR|exon|gene|transcript	75
chr14	45114182	45114257	ENSG00000185246.18	UTR|exon|gene|transcript	75
chr14	88596733	88596808	ENSG00000100722.20	UTR|exon|gene|transcript	75
chr14	99406515	99406590	ENSG00000183576.13	UTR|exon|gene|transcript	75
chr14	22612283	22612358	ENSG00000100439.11	UTR|exon|gene|transcript	75
chr14	96562818	96562893	ENSG00000090060.19	UTR|exon|gene|transcript	75
chr14	49751772	49751847	ENSG00000197776.8	UTR|exon|gene|transcript	75
chr14	56488517	56488592	ENSG00000070269.14	UTR|exon|gene|transcript	75
chr14	85630580	85630655	ENSG00000185070.12	UTR|exon|gene|transcript	75
chr14	81533744	81533819	ENSG00000071537.14	UTR|exon|gene|transcript	75
chr14	102041659	102041734	ENSG00000197102.14|ENSG00000293472.1	UTR|exon|gene|transcript	75
chr14	37265206	37265281	ENSG00000151338.21	UTR|exon|gene|transcript	75
chr14	58551214	58551289	ENSG00000100578.18	UTR|exon|gene|transcript	75
chr14	102050932	102051007	ENSG00000197102.14|ENSG00000293472.1	UTR|exon|gene|transcript	75
chr14	64564750	64564825	ENSG00000165807.8|ENSG00000259076.1	UTR|exon|gene|transcript	75
chr14	22609807	22609882	ENSG00000100439.11	UTR|exon|gene|transcript	75
chr14	102502477	102502552	ENSG00000156381.9	UTR|exon|gene|transcript	75
chr14	67198986	67199061	ENSG00000172717.17	UTR|exon|gene|transcript	75
chr14	91587201	91587276	ENSG00000133962.8	UTR|exon|gene|transcript	75
chr14	22774041	22774116	ENSG00000155465.21	UTR|exon|gene|transcript	75
chr14	23295651	23295726	ENSG00000235194.9|ENSG00000270433.2|ENSG00000290292.10|ENSG00000290642.1	UTR|exon|gene|transcript	75
chr14	105620521	105620596	ENSG00000211892.4	UTR|exon|gene|transcript	75
chr14	73904035	73904110	ENSG00000119725.21|ENSG00000258653.3|ENSG00000258891.1	UTR|exon|gene|transcript	75
chr14	49896300	49896375	ENSG00000165527.8	UTR|exon|gene|transcript	75
chr14	24161765	24161840	ENSG00000213928.10|ENSG00000259529.2	UTR|exon|gene|transcript	75
chr14	37737659	37737734	ENSG00000139865.17	UTR|exon|gene|transcript	75
chr14	76083762	76083837	ENSG00000119650.13	UTR|exon|gene|transcript	75
chr14	30707914	30707989	ENSG00000092108.22	UTR|exon|gene|transcript	75
chr14	64220436	64220511	ENSG00000054654.20|ENSG00000140009.19	UTR|exon|gene|transcript	75
chr14	103679723	103679798	ENSG00000126214.22|ENSG00000256500.6	UTR|exon|gene|transcript	75
chr14	57569787	57569862	ENSG00000151812.15	UTR|exon|gene|transcript	75
chr14	49669523	49669598	ENSG00000100479.14	UTR|exon|gene|transcript	75
chr14	64297532	64297607	ENSG00000140009.19	UTR|exon|gene|transcript	75
chr14	104759578	104759653	ENSG00000184990.13	UTR|exon|gene|transcript	75
chr14	75578690	75578764	ENSG00000119686.10|ENSG00000224721.3	UTR|exon|gene|transcript	74
chr14	69769968	69770042	ENSG00000100650.16	UTR|exon|gene|transcript	74
chr14	106165656	106165730	ENSG00000211944.2	UTR|exon|gene|transcript	74
chr14	73740181	73740255	ENSG00000156030.14	UTR|exon|gene|transcript	74
chr14	60397756	60397830	ENSG00000179008.9|ENSG00000258427.3	UTR|exon|gene|transcript	74
chr14	58257924	58257998	ENSG00000100567.13|ENSG00000139971.15	UTR|exon|gene|transcript	74
chr14	21032077	21032151	ENSG00000165795.25|ENSG00000179636.15	UTR|exon|gene|transcript	74
chr14	79866967	79867041	ENSG00000021645.20	UTR|exon|gene|transcript	74
chr14	75100991	75101065	ENSG00000119638.14|ENSG00000119703.15	UTR|exon|gene|transcript	74
chr14	19936683	19936757	ENSG00000155249.5	UTR|exon|gene|transcript	74
chr14	87933898	87933972	ENSG00000054983.17	UTR|exon|gene|transcript	74
chr14	21633835	21633909	ENSG00000255582.1	UTR|exon|gene|transcript	74
chr14	24369424	24369498	ENSG00000100968.14	UTR|exon|gene|transcript	74
chr14	70325989	70326063	ENSG00000133983.16|ENSG00000259033.2	UTR|exon|gene|transcript	74
chr14	20558540	20558614	ENSG00000188655.11	UTR|exon|gene|transcript	74
chr14	73107825	73107899	ENSG00000119707.14	UTR|exon|gene|transcript	74
chr14	24097063	24097137	ENSG00000100889.12|ENSG00000129535.13	UTR|exon|gene|transcript	74
chr14	94176053	94176127	ENSG00000119698.12	UTR|exon|gene|transcript	74
chr14	105458269	105458343	ENSG00000182979.18	UTR|exon|gene|transcript	74
chr14	54479785	54479859	ENSG00000197045.14	UTR|exon|gene|transcript	74
chr14	31135541	31135615	ENSG00000092148.14	UTR|exon|gene|transcript	74
chr14	104712859	104712933	ENSG00000203485.14	UTR|exon|gene|transcript	74
chr14	21405045	21405119	ENSG00000100888.15	UTR|exon|gene|transcript	74
chr14	21371970	21372044	ENSG00000092201.10	UTR|exon|gene|transcript	74
chr14	31859750	31859824	ENSG00000151413.17	UTR|exon|gene|transcript	74
chr14	96204885	96204959	ENSG00000168398.7|ENSG00000258691.1	UTR|exon|gene|transcript	74
chr14	88877877	88877951	ENSG00000165533.19	UTR|exon|gene|transcript	74
chr14	31402975	31403049	ENSG00000129493.15|ENSG00000203546.7	UTR|exon|gene|transcript	74
chr14	99512366	99512440	ENSG00000090061.17|ENSG00000205476.9	UTR|exon|gene|transcript	74
chr14	74899922	74899996	ENSG00000119689.15	UTR|exon|gene|transcript	74
chr14	20447064	20447138	ENSG00000092094.11	UTR|exon|gene|transcript	74
chr14	35018691	35018765	ENSG00000100883.13	UTR|exon|gene|transcript	74
chr14	75011268	75011342	ENSG00000119718.11|ENSG00000279594.1	UTR|exon|gene|transcript	74
chr14	52859487	52859560	ENSG00000073712.15|ENSG00000285664.2	UTR|exon|gene|transcript	73
chr14	94102568	94102641	ENSG00000165948.11	UTR|exon|gene|transcript	73
chr14	30675785	30675858	ENSG00000092108.22	UTR|exon|gene|transcript	73
chr14	20289553	20289626	ENSG00000136319.12	UTR|exon|gene|transcript	73
chr14	77266217	77266290	ENSG00000165553.5|ENSG00000221754.1	UTR|exon|gene|transcript	73
chr14	24195051	24195124	ENSG00000100926.15|ENSG00000254692.1	UTR|exon|gene|transcript	73
chr14	49734588	49734661	ENSG00000197776.8	UTR|exon|gene|transcript	73
chr14	103341052	103341125	ENSG00000100664.11	UTR|exon|gene|transcript	73
chr14	56805575	56805648	ENSG00000165588.19	UTR|exon|gene|transcript	73
chr14	24163435	24163508	ENSG00000213928.10|ENSG00000259529.2	UTR|exon|gene|transcript	73
chr14	102233687	102233760	ENSG00000080823.23	UTR|exon|gene|transcript	73
chr14	24266816	24266889	ENSG00000100949.15	UTR|exon|gene|transcript	73
chr14	26595553	26595626	ENSG00000139910.20	UTR|exon|gene|transcript	73
chr14	49780702	49780775	ENSG00000165516.11	UTR|exon|gene|transcript	73
chr14	100369185	100369258	ENSG00000140105.18	UTR|exon|gene|transcript	73
chr14	37549380	37549453	ENSG00000151338.21	UTR|exon|gene|transcript	73
chr14	64388693	64388766	ENSG00000100714.18	UTR|exon|gene|transcript	73
chr14	51249692	51249765	ENSG00000139921.13	UTR|exon|gene|transcript	73
chr14	77331320	77331393	ENSG00000100577.19	UTR|exon|gene|transcript	73
chr14	60147519	60147592	ENSG00000100612.14|ENSG00000126773.13	UTR|exon|gene|transcript	73
chr14	99718053	99718126	ENSG00000036530.9	UTR|exon|gene|transcript	73
chr14	20198373	20198446	ENSG00000196832.5	UTR|exon|gene|transcript	73
chr14	65076377	65076450	ENSG00000125952.21	UTR|exon|gene|transcript	73
chr14	20999373	20999446	ENSG00000165794.10|ENSG00000258471.2	UTR|exon|gene|transcript	73
chr14	76780912	76780985	ENSG00000071246.11|ENSG00000258610.1|ENSG00000259081.1	UTR|exon|gene|transcript	73
chr14	64469771	64469844	ENSG00000089775.12|ENSG00000179841.8	UTR|exon|gene|transcript	73
chr14	58458472	58458545	ENSG00000100578.18	UTR|exon|gene|transcript	73
chr14	29626483	29626556	ENSG00000184304.17	UTR|exon|gene|transcript	73
chr14	103713904	103713976	ENSG00000126214.22|ENSG00000126215.14	UTR|exon|gene|transcript	72
chr14	49650180	49650252	ENSG00000100479.14	UTR|exon|gene|transcript	72
chr14	58548119	58548191	ENSG00000100578.18	UTR|exon|gene|transcript	72
chr14	60169771	60169843	ENSG00000100612.14	UTR|exon|gene|transcript	72
chr14	24190264	24190336	ENSG00000100926.15|ENSG00000254692.1|ENSG00000259522.3|ENSG00000287765.1	UTR|exon|gene|transcript	72
chr14	23567350	23567422	ENSG00000213983.12|ENSG00000258727.1	UTR|exon|gene|transcript	72
chr14	50623176	50623248	ENSG00000198513.14	UTR|exon|gene|transcript	72
chr14	102505178	102505250	ENSG00000156381.9	UTR|exon|gene|transcript	72
chr14	73523152	73523224	ENSG00000187105.9|ENSG00000258695.2	UTR|exon|gene|transcript	72
chr14	73903959	73904031	ENSG00000119725.21|ENSG00000258653.3|ENSG00000258891.1	UTR|exon|gene|transcript	72
chr14	51969722	51969794	ENSG00000186469.9|ENSG00000259007.1	UTR|exon|gene|transcript	72
chr14	102376649	102376721	ENSG00000196663.16	UTR|exon|gene|transcript	72
chr14	67583994	67584066	ENSG00000054690.14|ENSG00000100564.9	UTR|exon|gene|transcript	72
chr14	64227817	64227889	ENSG00000140009.19	UTR|exon|gene|transcript	72
chr14	90279061	90279133	ENSG00000119720.18	UTR|exon|gene|transcript	72
chr14	23295726	23295798	ENSG00000235194.9|ENSG00000270433.2|ENSG00000290292.10	UTR|exon|gene|transcript	72
chr14	71587622	71587694	ENSG00000197555.10|ENSG00000285612.1	UTR|exon|gene|transcript	72
chr14	68787661	68787733	ENSG00000185650.10	UTR|exon|gene|transcript	72
chr14	58477169	58477241	ENSG00000100578.18	UTR|exon|gene|transcript	72
chr14	75033418	75033490	ENSG00000119684.16	UTR|exon|gene|transcript	72
chr14	74723271	74723343	ENSG00000119616.11	UTR|exon|gene|transcript	72
chr14	62102357	62102429	ENSG00000139973.18|ENSG00000289503.1	UTR|exon|gene|transcript	72
chr14	96364707	96364779	ENSG00000100744.15	UTR|exon|gene|transcript	72
chr14	96536975	96537047	ENSG00000090060.19	UTR|exon|gene|transcript	72
chr14	100277721	100277793	ENSG00000100811.15	UTR|exon|gene|transcript	72
chr14	54427522	54427594	ENSG00000100528.12	UTR|exon|gene|transcript	72
chr14	77280391	77280463	ENSG00000009830.13	UTR|exon|gene|transcript	72
chr14	103503360	103503432	ENSG00000075413.19	UTR|exon|gene|transcript	72
chr14	66492828	66492900	ENSG00000196553.15|ENSG00000258561.2	UTR|exon|gene|transcript	72
chr14	102331549	102331621	ENSG00000022976.16	UTR|exon|gene|transcript	72
chr14	24810510	24810582	ENSG00000168952.16	UTR|exon|gene|transcript	72
chr14	73932923	73932995	ENSG00000156050.10|ENSG00000258891.1	UTR|exon|gene|transcript	72
chr14	20242738	20242810	ENSG00000176198.4	UTR|exon|gene|transcript	72
chr14	35317347	35317419	ENSG00000100902.11|ENSG00000258790.1	UTR|exon|gene|transcript	72
chr14	52643215	52643287	ENSG00000197930.13	UTR|exon|gene|transcript	72
chr14	23273405	23273477	ENSG00000215277.9|ENSG00000290292.10	UTR|exon|gene|transcript	72
chr14	19416287	19416358	ENSG00000187537.13	UTR|exon|gene|transcript	71
chr14	103135360	103135431	ENSG00000185215.11	UTR|exon|gene|transcript	71
chr14	77298688	77298759	ENSG00000009830.13	UTR|exon|gene|transcript	71
chr14	28765892	28765963	ENSG00000176165.13|ENSG00000186960.14	UTR|exon|gene|transcript	71
chr14	88504424	88504495	ENSG00000070778.13|ENSG00000258983.2	UTR|exon|gene|transcript	71
chr14	20802248	20802319	ENSG00000129538.14	UTR|exon|gene|transcript	71
chr14	34561189	34561260	ENSG00000129515.20|ENSG00000259135.1	UTR|exon|gene|transcript	71
chr14	88468915	88468986	ENSG00000042317.17|ENSG00000070778.13	UTR|exon|gene|transcript	71
chr14	75647079	75647150	ENSG00000119685.20|ENSG00000119686.10	UTR|exon|gene|transcript	71
chr14	18985410	18985481	ENSG00000222036.8	UTR|exon|gene|transcript	71
chr14	19421623	19421694	ENSG00000187537.13|ENSG00000276888.1	UTR|exon|gene|transcript	71
chr14	49709158	49709229	ENSG00000197776.8	UTR|exon|gene|transcript	71
chr14	31134871	31134942	ENSG00000092148.14	UTR|exon|gene|transcript	71
chr14	77331413	77331484	ENSG00000100577.19	UTR|exon|gene|transcript	71
chr14	24266429	24266500	ENSG00000100949.15	UTR|exon|gene|transcript	71
chr14	61051814	61051885	ENSG00000139974.17	UTR|exon|gene|transcript	71
chr14	91278140	91278211	ENSG00000015133.20	UTR|exon|gene|transcript	71
chr14	90405603	90405674	ENSG00000198668.14	UTR|exon|gene|transcript	71
chr14	21887890	21887961	ENSG00000211789.2	UTR|exon|gene|transcript	71
chr14	20138819	20138890	ENSG00000184394.3	UTR|exon|gene|transcript	71
chr14	74891096	74891167	ENSG00000119689.15	UTR|exon|gene|transcript	71
chr14	23125827	23125898	ENSG00000092068.21	UTR|exon|gene|transcript	71
chr14	71587694	71587765	ENSG00000197555.10|ENSG00000285612.1	UTR|exon|gene|transcript	71
chr14	22917478	22917549	ENSG00000100461.18	UTR|exon|gene|transcript	71
chr14	73933540	73933611	ENSG00000156050.10|ENSG00000258891.1	UTR|exon|gene|transcript	71
chr14	64297647	64297718	ENSG00000140009.19	UTR|exon|gene|transcript	71
chr14	31066125	31066196	ENSG00000100478.16	UTR|exon|gene|transcript	71
chr14	80202617	80202688	ENSG00000211448.14	UTR|exon|gene|transcript	71
chr14	93707272	93707343	ENSG00000133958.14	UTR|exon|gene|transcript	71
chr14	18980073	18980144	ENSG00000222036.8|ENSG00000275563.1	UTR|exon|gene|transcript	71
chr14	20994542	20994613	ENSG00000165792.18	UTR|exon|gene|transcript	71
chr14	101562625	101562696	ENSG00000197406.8|ENSG00000258498.10	UTR|exon|gene|transcript	71
chr14	23568297	23568368	ENSG00000092051.18	UTR|exon|gene|transcript	71
chr14	50754562	50754632	ENSG00000100503.27	UTR|exon|gene|transcript	70
chr14	44907186	44907256	ENSG00000179476.8|ENSG00000258949.1	UTR|exon|gene|transcript	70
chr14	50635112	50635182	ENSG00000151748.15	UTR|exon|gene|transcript	70
chr14	37227725	37227795	ENSG00000151338.21	UTR|exon|gene|transcript	70
chr14	55047343	55047413	ENSG00000180008.9	UTR|exon|gene|transcript	70
chr14	104681512	104681582	ENSG00000203485.14	UTR|exon|gene|transcript	70
chr14	21154866	21154936	ENSG00000169327.5	UTR|exon|gene|transcript	70
chr14	67181023	67181093	ENSG00000171723.16	UTR|exon|gene|transcript	70
chr14	95925005	95925075	ENSG00000250366.4	UTR|exon|gene|transcript	70
chr14	96860852	96860922	ENSG00000100749.9	UTR|exon|gene|transcript	70
chr14	103701443	103701513	ENSG00000126214.22|ENSG00000126215.14	UTR|exon|gene|transcript	70
chr14	45200191	45200261	ENSG00000187790.12	UTR|exon|gene|transcript	70
chr14	89981490	89981560	ENSG00000042088.14	UTR|exon|gene|transcript	70
chr14	78602419	78602489	ENSG00000021645.20	UTR|exon|gene|transcript	70
chr14	21918187	21918257	ENSG00000211791.2	UTR|exon|gene|transcript	70
chr14	67204536	67204606	ENSG00000172717.17	UTR|exon|gene|transcript	70
chr14	51708274	51708344	ENSG00000139926.16	UTR|exon|gene|transcript	70
chr14	67360598	67360668	ENSG00000134001.15	UTR|exon|gene|transcript	70
chr14	31453274	31453344	ENSG00000129480.14|ENSG00000203546.7	UTR|exon|gene|transcript	70
chr14	76853215	76853285	ENSG00000100565.16	UTR|exon|gene|transcript	70
chr14	90850488	90850558	ENSG00000100784.12	UTR|exon|gene|transcript	70
chr14	56647852	56647922	ENSG00000070269.14|ENSG00000258428.5	UTR|exon|gene|transcript	70
chr14	52652238	52652308	ENSG00000197930.13	UTR|exon|gene|transcript	70
chr14	88550417	88550487	ENSG00000070778.13	UTR|exon|gene|transcript	70
chr14	22987144	22987214	ENSG00000100802.15|ENSG00000258457.5	UTR|exon|gene|transcript	70
chr14	24218058	24218128	ENSG00000129559.13|ENSG00000255526.6	UTR|exon|gene|transcript	70
chr14	70907738	70907808	ENSG00000100731.16	UTR|exon|gene|transcript	70
chr14	90541185	90541255	ENSG00000165914.15	UTR|exon|gene|transcript	70
chr14	77288761	77288831	ENSG00000009830.13	UTR|exon|gene|transcript	70
chr14	92070760	92070830	ENSG00000066427.25	UTR|exon|gene|transcript	70
chr14	24094434	24094504	ENSG00000100889.12|ENSG00000129535.13	UTR|exon|gene|transcript	70
chr14	102336649	102336719	ENSG00000022976.16	UTR|exon|gene|transcript	70
chr14	21369749	21369819	ENSG00000092201.10	UTR|exon|gene|transcript	70
chr14	24269079	24269149	ENSG00000100949.15	UTR|exon|gene|transcript	70
chr14	34875577	34875647	ENSG00000198604.11|ENSG00000258738.1	UTR|exon|gene|transcript	70
chr14	75106395	75106465	ENSG00000119638.14|ENSG00000119703.15	UTR|exon|gene|transcript	70
chr14	94581544	94581614	ENSG00000188488.14	UTR|exon|gene|transcript	70
chr14	77469007	77469076	ENSG00000100591.8	UTR|exon|gene|transcript	69
chr14	57247643	57247712	ENSG00000070367.17	UTR|exon|gene|transcript	69
chr14	68477982	68478051	ENSG00000182185.19	UTR|exon|gene|transcript	69
chr14	35107305	35107374	ENSG00000092020.11|ENSG00000151327.14	UTR|exon|gene|transcript	69
chr14	21030512	21030581	ENSG00000165795.25|ENSG00000179636.15	UTR|exon|gene|transcript	69
chr14	52001797	52001866	ENSG00000087302.9	UTR|exon|gene|transcript	69
chr14	74612277	74612346	ENSG00000119681.12	UTR|exon|gene|transcript	69
chr14	95193848	95193917	ENSG00000165959.12	UTR|exon|gene|transcript	69
chr14	24213954	24214023	ENSG00000213920.9|ENSG00000255526.6|ENSG00000260669.2	UTR|exon|gene|transcript	69
chr14	69767255	69767324	ENSG00000100650.16	UTR|exon|gene|transcript	69
chr14	24144399	24144468	ENSG00000100911.16	UTR|exon|gene|transcript	69
chr14	24146240	24146309	ENSG00000100911.16	UTR|exon|gene|transcript	69
chr14	67197288	67197357	ENSG00000172717.17	UTR|exon|gene|transcript	69
chr14	64234453	64234522	ENSG00000140009.19	UTR|exon|gene|transcript	69
chr14	67199061	67199130	ENSG00000172717.17|ENSG00000258988.1	UTR|exon|gene|transcript	69
chr14	91457507	91457576	ENSG00000100796.18	UTR|exon|gene|transcript	69
chr14	55658545	55658614	ENSG00000126777.18	UTR|exon|gene|transcript	69
chr14	30630476	30630545	ENSG00000092108.22	UTR|exon|gene|transcript	69
chr14	22877527	22877596	ENSG00000197324.9	UTR|exon|gene|transcript	69
chr14	24138048	24138117	ENSG00000092010.15	UTR|exon|gene|transcript	69
chr14	30734789	30734858	ENSG00000092108.22	UTR|exon|gene|transcript	69
chr14	67794170	67794239	ENSG00000072121.17	UTR|exon|gene|transcript	69
chr14	69355566	69355635	ENSG00000100626.17	UTR|exon|gene|transcript	69
chr14	54436368	54436437	ENSG00000100528.12	UTR|exon|gene|transcript	69
chr14	64550208	64550277	ENSG00000165807.8	UTR|exon|gene|transcript	69
chr14	64540740	64540809	ENSG00000126803.10	UTR|exon|gene|transcript	69
chr14	21462349	21462418	ENSG00000129472.15	UTR|exon|gene|transcript	69
chr14	20770879	20770948	ENSG00000181552.4	UTR|exon|gene|transcript	69
chr14	100737126	100737195	ENSG00000185559.16	UTR|exon|gene|transcript	69
chr14	73220435	73220504	ENSG00000080815.20	UTR|exon|gene|transcript	69
chr14	79861964	79862033	ENSG00000021645.20	UTR|exon|gene|transcript	69
chr14	75010014	75010083	ENSG00000119718.11	UTR|exon|gene|transcript	69
chr14	64441384	64441453	ENSG00000100714.18|ENSG00000258824.2|ENSG00000272909.1	UTR|exon|gene|transcript	69
chr14	89932525	89932594	ENSG00000140025.16|ENSG00000259053.1	UTR|exon|gene|transcript	69
chr14	91279237	91279306	ENSG00000015133.20	UTR|exon|gene|transcript	69
chr14	55653016	55653085	ENSG00000126777.18	UTR|exon|gene|transcript	69
chr14	104770271	104770340	ENSG00000142208.18	UTR|exon|gene|transcript	69
chr14	73892107	73892175	ENSG00000119725.21|ENSG00000258653.3	UTR|exon|gene|transcript	68
chr14	49647292	49647360	ENSG00000100479.14	UTR|exon|gene|transcript	68
chr14	24325406	24325474	ENSG00000129467.14	UTR|exon|gene|transcript	68
chr14	69241449	69241517	ENSG00000081177.19|ENSG00000258520.1	UTR|exon|gene|transcript	68
chr14	95710481	95710549	ENSG00000100721.11	UTR|exon|gene|transcript	68
chr14	76176622	76176690	ENSG00000089916.18	UTR|exon|gene|transcript	68
chr14	50904073	50904141	ENSG00000100504.17|ENSG00000131969.15	UTR|exon|gene|transcript	68
chr14	21321438	21321506	ENSG00000092200.13	UTR|exon|gene|transcript	68
chr14	77737007	77737075	ENSG00000100603.14|ENSG00000119705.10	UTR|exon|gene|transcript	68
chr14	67225197	67225265	ENSG00000172717.17	UTR|exon|gene|transcript	68
chr14	99691779	99691847	ENSG00000036530.9|ENSG00000258672.1	UTR|exon|gene|transcript	68
chr14	58270417	58270485	ENSG00000100567.13|ENSG00000139971.15|ENSG00000257621.9	UTR|exon|gene|transcript	68
chr14	29724469	29724537	ENSG00000184304.17	UTR|exon|gene|transcript	68
chr14	90850032	90850100	ENSG00000100784.12	UTR|exon|gene|transcript	68
chr14	88578072	88578140	ENSG00000100722.20	UTR|exon|gene|transcript	68
chr14	24337694	24337762	ENSG00000129465.16	UTR|exon|gene|transcript	68
chr14	88505303	88505371	ENSG00000070778.13|ENSG00000258983.2	UTR|exon|gene|transcript	68
chr14	52711100	52711168	ENSG00000100519.12	UTR|exon|gene|transcript	68
chr14	77326837	77326905	ENSG00000100577.19	UTR|exon|gene|transcript	68
chr14	67789530	67789598	ENSG00000072121.17	UTR|exon|gene|transcript	68
chr14	20455577	20455645	ENSG00000100823.12	UTR|exon|gene|transcript	68
chr14	50319233	50319301	ENSG00000125375.18	UTR|exon|gene|transcript	68
chr14	20000119	20000187	ENSG00000196383.7	UTR|exon|gene|transcript	68
chr14	24418142	24418210	ENSG00000205978.6	UTR|exon|gene|transcript	68
chr14	101836457	101836525	ENSG00000078304.20|ENSG00000256705.3	UTR|exon|gene|transcript	68
chr14	45187780	45187848	ENSG00000187790.12	UTR|exon|gene|transcript	68
chr14	22893670	22893738	ENSG00000100461.18	UTR|exon|gene|transcript	68
chr14	77256726	77256794	ENSG00000165548.11	UTR|exon|gene|transcript	68
chr14	67651263	67651331	ENSG00000081181.8|ENSG00000100568.11	UTR|exon|gene|transcript	68
chr14	60135968	60136036	ENSG00000126773.13	UTR|exon|gene|transcript	68
chr14	22632580	22632648	ENSG00000255804.2	UTR|exon|gene|transcript	68
chr14	30700190	30700258	ENSG00000092108.22	UTR|exon|gene|transcript	68
chr14	34982783	34982851	ENSG00000100883.13|ENSG00000293497.1	UTR|exon|gene|transcript	68
chr14	71932751	71932819	ENSG00000182732.18	UTR|exon|gene|transcript	68
chr14	37547460	37547527	ENSG00000151338.21	UTR|exon|gene|transcript	67
chr14	102895132	102895199	ENSG00000131323.17	UTR|exon|gene|transcript	67
chr14	69484801	69484868	ENSG00000175985.10	UTR|exon|gene|transcript	67
chr14	89830572	89830639	ENSG00000140025.16|ENSG00000259053.1	UTR|exon|gene|transcript	67
chr14	73959414	73959481	ENSG00000119723.17|ENSG00000187097.13	UTR|exon|gene|transcript	67
chr14	31027113	31027180	ENSG00000100478.16	UTR|exon|gene|transcript	67
chr14	35077149	35077216	ENSG00000151327.14	UTR|exon|gene|transcript	67
chr14	63542828	63542895	ENSG00000154001.14	UTR|exon|gene|transcript	67
chr14	74858890	74858957	ENSG00000119596.18|ENSG00000119608.15	UTR|exon|gene|transcript	67
chr14	91235050	91235117	ENSG00000119714.11	UTR|exon|gene|transcript	67
chr14	75079107	75079174	ENSG00000119703.15	UTR|exon|gene|transcript	67
chr14	50632573	50632640	ENSG00000151748.15|ENSG00000198513.14	UTR|exon|gene|transcript	67
chr14	104741847	104741914	ENSG00000185100.12	UTR|exon|gene|transcript	67
chr14	89991916	89991983	ENSG00000042088.14	UTR|exon|gene|transcript	67
chr14	51720458	51720525	ENSG00000139926.16	UTR|exon|gene|transcript	67
chr14	30608002	30608069	ENSG00000092140.16	UTR|exon|gene|transcript	67
chr14	73931597	73931664	ENSG00000119725.21|ENSG00000156050.10|ENSG00000258653.3|ENSG00000258891.1	UTR|exon|gene|transcript	67
chr14	92116125	92116192	ENSG00000183648.11	UTR|exon|gene|transcript	67
chr14	21269322	21269389	ENSG00000092199.19	UTR|exon|gene|transcript	67
chr14	20289130	20289197	ENSG00000136319.12	UTR|exon|gene|transcript	67
chr14	67343371	67343438	ENSG00000100554.12	UTR|exon|gene|transcript	67
chr14	35278632	35278699	ENSG00000100902.11|ENSG00000258790.1	UTR|exon|gene|transcript	67
chr14	75118868	75118935	ENSG00000119638.14|ENSG00000119703.15	UTR|exon|gene|transcript	67
chr14	105209428	105209495	ENSG00000185024.18	UTR|exon|gene|transcript	67
chr14	100238297	100238364	ENSG00000100811.15|ENSG00000258982.1	UTR|exon|gene|transcript	67
chr14	24322395	24322462	ENSG00000129467.14	UTR|exon|gene|transcript	67
chr14	105528753	105528820	ENSG00000184986.12	UTR|exon|gene|transcript	67
chr14	24195470	24195537	ENSG00000100926.15|ENSG00000254692.1	UTR|exon|gene|transcript	67
chr14	75068675	75068742	ENSG00000119640.9|ENSG00000119703.15	UTR|exon|gene|transcript	67
chr14	24311804	24311871	ENSG00000213903.9|ENSG00000213906.10	UTR|exon|gene|transcript	67
chr14	45110602	45110669	ENSG00000185246.18	UTR|exon|gene|transcript	67
chr14	21090248	21090315	ENSG00000165804.16	UTR|exon|gene|transcript	67
chr14	29634474	29634541	ENSG00000184304.17	UTR|exon|gene|transcript	67
chr14	100294486	100294553	ENSG00000197119.13|ENSG00000258504.2	UTR|exon|gene|transcript	67
chr14	45073803	45073870	ENSG00000198718.13	UTR|exon|gene|transcript	67
chr14	69441905	69441972	ENSG00000029364.12	UTR|exon|gene|transcript	67
chr14	94102641	94102708	ENSG00000165948.11	UTR|exon|gene|transcript	67
chr14	23000958	23001025	ENSG00000100802.15	UTR|exon|gene|transcript	67
chr14	49643584	49643651	ENSG00000100479.14	UTR|exon|gene|transcript	67
chr14	20993191	20993257	ENSG00000165792.18	UTR|exon|gene|transcript	66
chr14	52713902	52713968	ENSG00000100519.12	UTR|exon|gene|transcript	66
chr14	61344350	61344416	ENSG00000027075.17	UTR|exon|gene|transcript	66
chr14	94175837	94175903	ENSG00000119698.12	UTR|exon|gene|transcript	66
chr14	100143890	100143956	ENSG00000196405.13	UTR|exon|gene|transcript	66
chr14	30722493	30722559	ENSG00000092108.22	UTR|exon|gene|transcript	66
chr14	39131957	39132023	ENSG00000092208.19	UTR|exon|gene|transcript	66
chr14	64479976	64480042	ENSG00000089775.12	UTR|exon|gene|transcript	66
chr14	30884552	30884618	ENSG00000100473.18|ENSG00000258525.2	UTR|exon|gene|transcript	66
chr14	23005064	23005130	ENSG00000100802.15	UTR|exon|gene|transcript	66
chr14	68902476	68902542	ENSG00000072110.16	UTR|exon|gene|transcript	66
chr14	20801393	20801459	ENSG00000129538.14	UTR|exon|gene|transcript	66
chr14	77734946	77735012	ENSG00000100603.14|ENSG00000119705.10	UTR|exon|gene|transcript	66
chr14	95141682	95141748	ENSG00000100697.17	UTR|exon|gene|transcript	66
chr14	24205857	24205923	ENSG00000139908.15|ENSG00000254692.1	UTR|exon|gene|transcript	66
chr14	103123885	103123951	ENSG00000185215.11	UTR|exon|gene|transcript	66
chr14	103711306	103711372	ENSG00000126214.22|ENSG00000126215.14	UTR|exon|gene|transcript	66
chr14	67208250	67208316	ENSG00000172717.17	UTR|exon|gene|transcript	66
chr14	67587300	67587366	ENSG00000054690.14|ENSG00000100564.9	UTR|exon|gene|transcript	66
chr14	90275506	90275572	ENSG00000119720.18	UTR|exon|gene|transcript	66
chr14	21621837	21621903	ENSG00000255569.1	UTR|exon|gene|transcript	66
chr14	23272911	23272977	ENSG00000215277.9|ENSG00000290292.10	UTR|exon|gene|transcript	66
chr14	51966777	51966843	ENSG00000186469.9	UTR|exon|gene|transcript	66
chr14	57866014	57866080	ENSG00000151812.15	UTR|exon|gene|transcript	66
chr14	57414065	57414131	ENSG00000139977.14	UTR|exon|gene|transcript	66
chr14	74029183	74029249	ENSG00000119636.16	UTR|exon|gene|transcript	66
chr14	20448105	20448171	ENSG00000092094.11	UTR|exon|gene|transcript	66
chr14	58263704	58263770	ENSG00000100567.13|ENSG00000139971.15	UTR|exon|gene|transcript	66
chr14	91253714	91253780	ENSG00000119714.11	UTR|exon|gene|transcript	66
chr14	32733319	32733385	ENSG00000151320.11	UTR|exon|gene|transcript	66
chr14	24103964	24104030	ENSG00000100889.12|ENSG00000129535.13	UTR|exon|gene|transcript	66
chr14	59429021	59429087	ENSG00000181619.12	UTR|exon|gene|transcript	66
chr14	31135475	31135541	ENSG00000092148.14	UTR|exon|gene|transcript	66
chr14	20590192	20590258	ENSG00000173464.16|ENSG00000258436.2|ENSG00000258573.6|ENSG00000259060.7	UTR|exon|gene|transcript	66
chr14	63543232	63543298	ENSG00000154001.14	UTR|exon|gene|transcript	66
chr14	39234048	39234114	ENSG00000150527.18	UTR|exon|gene|transcript	66
chr14	30895344	30895410	ENSG00000196792.12	UTR|exon|gene|transcript	66
chr14	50727235	50727300	ENSG00000100503.27	UTR|exon|gene|transcript	65
chr14	23555722	23555787	ENSG00000136367.15|ENSG00000157306.14	UTR|exon|gene|transcript	65
chr14	94377006	94377071	ENSG00000197249.14	UTR|exon|gene|transcript	65
chr14	24188004	24188069	ENSG00000196497.17|ENSG00000259522.3	UTR|exon|gene|transcript	65
chr14	57231505	57231570	ENSG00000070367.17	UTR|exon|gene|transcript	65
chr14	76083636	76083701	ENSG00000119650.13	UTR|exon|gene|transcript	65
chr14	105640167	105640232	ENSG00000211893.4|ENSG00000277030.1	UTR|exon|gene|transcript	65
chr14	58270933	58270998	ENSG00000100567.13|ENSG00000139971.15|ENSG00000257621.9	UTR|exon|gene|transcript	65
chr14	55652875	55652940	ENSG00000126777.18	UTR|exon|gene|transcript	65
chr14	50613286	50613351	ENSG00000198513.14	UTR|exon|gene|transcript	65
chr14	66486288	66486353	ENSG00000196553.15|ENSG00000258561.2	UTR|exon|gene|transcript	65
chr14	60292666	60292731	ENSG00000100614.18	UTR|exon|gene|transcript	65
chr14	24307516	24307581	ENSG00000136305.12|ENSG00000196943.14|ENSG00000213906.10	UTR|exon|gene|transcript	65
chr14	23356590	23356655	ENSG00000100842.13|ENSG00000259018.1	UTR|exon|gene|transcript	65
chr14	58548054	58548119	ENSG00000100578.18	UTR|exon|gene|transcript	65
chr14	89280949	89281014	ENSG00000053254.16	UTR|exon|gene|transcript	65
chr14	23285968	23286033	ENSG00000290292.10	UTR|exon|gene|transcript	65
chr14	23568073	23568138	ENSG00000092051.18	UTR|exon|gene|transcript	65
chr14	24323023	24323088	ENSG00000129467.14	UTR|exon|gene|transcript	65
chr14	57478916	57478981	ENSG00000100557.10	UTR|exon|gene|transcript	65
chr14	67587235	67587300	ENSG00000054690.14|ENSG00000100564.9	UTR|exon|gene|transcript	65
chr14	50246142	50246207	ENSG00000087299.12	UTR|exon|gene|transcript	65
chr14	81201593	81201658	ENSG00000165417.12	UTR|exon|gene|transcript	65
chr14	57239594	57239659	ENSG00000070367.17	UTR|exon|gene|transcript	65
chr14	35864934	35864999	ENSG00000100916.14	UTR|exon|gene|transcript	65
chr14	20325588	20325653	ENSG00000100814.19	UTR|exon|gene|transcript	65
chr14	76780463	76780528	ENSG00000071246.11|ENSG00000258610.1|ENSG00000259081.1	UTR|exon|gene|transcript	65
chr14	88627645	88627710	ENSG00000165521.16	UTR|exon|gene|transcript	65
chr14	69243193	69243258	ENSG00000081177.19|ENSG00000258520.1	UTR|exon|gene|transcript	65
chr14	103746488	103746553	ENSG00000088808.18	UTR|exon|gene|transcript	65
chr14	64941363	64941428	ENSG00000125954.13|ENSG00000176153.13|ENSG00000258289.10	UTR|exon|gene|transcript	65
chr14	77306336	77306401	ENSG00000009830.13	UTR|exon|gene|transcript	65
chr14	105987019	105987083	ENSG00000211934.3	UTR|exon|gene|transcript	64
chr14	35274078	35274142	ENSG00000100890.16|ENSG00000258790.1	UTR|exon|gene|transcript	64
chr14	106012356	106012420	ENSG00000276775.1	UTR|exon|gene|transcript	64
chr14	91181185	91181249	ENSG00000133943.21	UTR|exon|gene|transcript	64
chr14	73217180	73217244	ENSG00000080815.20	UTR|exon|gene|transcript	64
chr14	105450260	105450324	ENSG00000182979.18	UTR|exon|gene|transcript	64
chr14	87992728	87992792	ENSG00000054983.17	UTR|exon|gene|transcript	64
chr14	59495228	59495292	ENSG00000050130.18|ENSG00000258782.3	UTR|exon|gene|transcript	64
chr14	95191421	95191485	ENSG00000165959.12	UTR|exon|gene|transcript	64
chr14	50754803	50754867	ENSG00000100503.27	UTR|exon|gene|transcript	64
chr14	67586847	67586911	ENSG00000054690.14|ENSG00000100564.9	UTR|exon|gene|transcript	64
chr14	57470637	57470701	ENSG00000100557.10	UTR|exon|gene|transcript	64
chr14	64298420	64298484	ENSG00000140009.19	UTR|exon|gene|transcript	64
chr14	74662019	74662083	ENSG00000119682.18	UTR|exon|gene|transcript	64
chr14	96552479	96552543	ENSG00000090060.19	UTR|exon|gene|transcript	64
chr14	52552429	52552493	ENSG00000087301.9	UTR|exon|gene|transcript	64
chr14	24114860	24114924	ENSG00000100897.18|ENSG00000129535.13	UTR|exon|gene|transcript	64
chr14	75107487	75107551	ENSG00000119638.14|ENSG00000119703.15	UTR|exon|gene|transcript	64
chr14	45200127	45200191	ENSG00000187790.12	UTR|exon|gene|transcript	64
chr14	73922575	73922639	ENSG00000119725.21|ENSG00000258653.3|ENSG00000258891.1	UTR|exon|gene|transcript	64
chr14	24187086	24187150	ENSG00000196497.17|ENSG00000259522.3	UTR|exon|gene|transcript	64
chr14	74905643	74905707	ENSG00000198208.12	UTR|exon|gene|transcript	64
chr14	32076593	32076657	ENSG00000100852.14|ENSG00000258655.2	UTR|exon|gene|transcript	64
chr14	54477857	54477921	ENSG00000197045.14	UTR|exon|gene|transcript	64
chr14	22766797	22766861	ENSG00000155463.14	UTR|exon|gene|transcript	64
chr14	76782249	76782313	ENSG00000071246.11|ENSG00000258301.3	UTR|exon|gene|transcript	64
chr14	56810158	56810222	ENSG00000165588.19	UTR|exon|gene|transcript	64
chr14	33758784	33758848	ENSG00000151322.20	UTR|exon|gene|transcript	64
chr14	90786173	90786237	ENSG00000165914.15	UTR|exon|gene|transcript	64
chr14	21385200	21385264	ENSG00000100888.15	UTR|exon|gene|transcript	64
chr14	21078207	21078271	ENSG00000165801.10	UTR|exon|gene|transcript	64
chr14	24314495	24314559	ENSG00000213903.9	UTR|exon|gene|transcript	64
chr14	100144813	100144877	ENSG00000168350.8	UTR|exon|gene|transcript	64
chr14	33560120	33560184	ENSG00000151322.20	UTR|exon|gene|transcript	64
chr14	44961845	44961909	ENSG00000179454.14	UTR|exon|gene|transcript	64
chr14	57208544	57208608	ENSG00000070367.17	UTR|exon|gene|transcript	64
chr14	21093428	21093492	ENSG00000165804.16	UTR|exon|gene|transcript	64
chr14	101761797	101761861	ENSG00000078304.20	UTR|exon|gene|transcript	64
chr14	23567974	23568037	ENSG00000213983.12|ENSG00000258727.1	UTR|exon|gene|transcript	63
chr14	67360360	67360423	ENSG00000134001.15	UTR|exon|gene|transcript	63
chr14	21234768	21234831	ENSG00000092199.19	UTR|exon|gene|transcript	63
chr14	24311741	24311804	ENSG00000213903.9|ENSG00000213906.10	UTR|exon|gene|transcript	63
chr14	99522377	99522440	ENSG00000090061.17|ENSG00000205476.9	UTR|exon|gene|transcript	63
chr14	96560648	96560711	ENSG00000090060.19	UTR|exon|gene|transcript	63
chr14	73959161	73959224	ENSG00000119723.17|ENSG00000187097.13	UTR|exon|gene|transcript	63
chr14	91458138	91458201	ENSG00000100796.18	UTR|exon|gene|transcript	63
chr14	105368084	105368147	ENSG00000179364.15	UTR|exon|gene|transcript	63
chr14	24334796	24334859	ENSG00000129467.14|ENSG00000258973.1	UTR|exon|gene|transcript	63
chr14	75049655	75049718	ENSG00000119684.16	UTR|exon|gene|transcript	63
chr14	75432133	75432196	ENSG00000140044.13	UTR|exon|gene|transcript	63
chr14	96256237	96256300	ENSG00000100739.11|ENSG00000258691.1	UTR|exon|gene|transcript	63
chr14	69354313	69354376	ENSG00000100626.17	UTR|exon|gene|transcript	63
chr14	91001087	91001150	ENSG00000100784.12	UTR|exon|gene|transcript	63
chr14	96488212	96488275	ENSG00000140057.9	UTR|exon|gene|transcript	63
chr14	50466582	50466645	ENSG00000012983.12	UTR|exon|gene|transcript	63
chr14	51570347	51570410	ENSG00000139926.16|ENSG00000258537.6	UTR|exon|gene|transcript	63
chr14	96089195	96089258	ENSG00000227051.7	UTR|exon|gene|transcript	63
chr14	69152413	69152476	ENSG00000139990.18	UTR|exon|gene|transcript	63
chr14	60245784	60245847	ENSG00000100614.18|ENSG00000254718.6	UTR|exon|gene|transcript	63
chr14	93240121	93240184	ENSG00000011114.15	UTR|exon|gene|transcript	63
chr14	20587562	20587625	ENSG00000173464.16|ENSG00000259060.7	UTR|exon|gene|transcript	63
chr14	104745992	104746055	ENSG00000185100.12	UTR|exon|gene|transcript	63
chr14	92686507	92686570	ENSG00000100599.16	UTR|exon|gene|transcript	63
chr14	71932481	71932544	ENSG00000182732.18	UTR|exon|gene|transcript	63
chr14	70459905	70459968	ENSG00000139985.8|ENSG00000257759.2|ENSG00000290783.1	UTR|exon|gene|transcript	63
chr14	74296386	74296449	ENSG00000119688.21	UTR|exon|gene|transcript	63
chr14	91060641	91060704	ENSG00000133943.21	UTR|exon|gene|transcript	63
chr14	58647200	58647263	ENSG00000165617.16|ENSG00000258583.7	UTR|exon|gene|transcript	63
chr14	23375902	23375965	ENSG00000166090.8	UTR|exon|gene|transcript	63
chr14	61113662	61113725	ENSG00000139974.17	UTR|exon|gene|transcript	63
chr14	22611629	22611692	ENSG00000100439.11	UTR|exon|gene|transcript	63
chr14	76781456	76781518	ENSG00000071246.11|ENSG00000258610.1|ENSG00000259081.1	UTR|exon|gene|transcript	62
chr14	105020998	105021060	ENSG00000170779.11	UTR|exon|gene|transcript	62
chr14	100893443	100893505	ENSG00000254656.3|ENSG00000258399.8	UTR|exon|gene|transcript	62
chr14	30559506	30559568	ENSG00000092140.16|ENSG00000257636.6	UTR|exon|gene|transcript	62
chr14	69771482	69771544	ENSG00000100650.16	UTR|exon|gene|transcript	62
chr14	52718080	52718142	ENSG00000100519.12	UTR|exon|gene|transcript	62
chr14	70725851	70725913	ENSG00000006432.16	UTR|exon|gene|transcript	62
chr14	39103031	39103093	ENSG00000100934.15	UTR|exon|gene|transcript	62
chr14	92059847	92059909	ENSG00000066427.25	UTR|exon|gene|transcript	62
chr14	60458677	60458739	ENSG00000179008.9	UTR|exon|gene|transcript	62
chr14	104085699	104085761	ENSG00000166183.16	UTR|exon|gene|transcript	62
chr14	70168422	70168484	ENSG00000100678.20	UTR|exon|gene|transcript	62
chr14	99940112	99940174	ENSG00000066629.19	UTR|exon|gene|transcript	62
chr14	92033191	92033253	ENSG00000100815.12	UTR|exon|gene|transcript	62
chr14	92937893	92937955	ENSG00000100605.17	UTR|exon|gene|transcript	62
chr14	77275029	77275091	ENSG00000009830.13	UTR|exon|gene|transcript	62
chr14	91235117	91235179	ENSG00000119714.11	UTR|exon|gene|transcript	62
chr14	22846947	22847009	ENSG00000157227.14	UTR|exon|gene|transcript	62
chr14	58408811	58408873	ENSG00000100575.14|ENSG00000258378.1	UTR|exon|gene|transcript	62
chr14	90062134	90062196	ENSG00000152315.5	UTR|exon|gene|transcript	62
chr14	75103731	75103793	ENSG00000119638.14|ENSG00000119703.15	UTR|exon|gene|transcript	62
chr14	24271342	24271404	ENSG00000100949.15|ENSG00000288044.3	UTR|exon|gene|transcript	62
chr14	102909012	102909074	ENSG00000131323.17	UTR|exon|gene|transcript	62
chr14	94003292	94003354	ENSG00000175699.15	UTR|exon|gene|transcript	62
chr14	50231447	50231509	ENSG00000100485.12	UTR|exon|gene|transcript	62
chr14	57471192	57471254	ENSG00000100557.10	UTR|exon|gene|transcript	62
chr14	93222312	93222374	ENSG00000012963.15	UTR|exon|gene|transcript	62
chr14	35019012	35019074	ENSG00000100883.13	UTR|exon|gene|transcript	62
chr14	106211391	106211453	ENSG00000211946.3	UTR|exon|gene|transcript	62
chr14	69714314	69714376	ENSG00000100647.8	UTR|exon|gene|transcript	62
chr14	37594075	37594137	ENSG00000129514.8	UTR|exon|gene|transcript	62
chr14	100726533	100726595	ENSG00000185559.16	UTR|exon|gene|transcript	62
chr14	73719008	73719069	ENSG00000156030.14	UTR|exon|gene|transcript	61
chr14	35274017	35274078	ENSG00000100890.16|ENSG00000258790.1	UTR|exon|gene|transcript	61
chr14	67241771	67241832	ENSG00000072415.10	UTR|exon|gene|transcript	61
chr14	24183589	24183650	ENSG00000196497.17|ENSG00000259522.3	UTR|exon|gene|transcript	61
chr14	74736065	74736126	ENSG00000119616.11	UTR|exon|gene|transcript	61
chr14	23259883	23259944	ENSG00000215277.9	UTR|exon|gene|transcript	61
chr14	74286283	74286344	ENSG00000119688.21	UTR|exon|gene|transcript	61
chr14	75663088	75663149	ENSG00000119685.20|ENSG00000119686.10	UTR|exon|gene|transcript	61
chr14	106715120	106715181	ENSG00000211973.2	UTR|exon|gene|transcript	61
chr14	23566277	23566338	ENSG00000213983.12|ENSG00000258727.1	UTR|exon|gene|transcript	61
chr14	31094261	31094322	ENSG00000100478.16	UTR|exon|gene|transcript	61
chr14	20591258	20591319	ENSG00000173464.16|ENSG00000258436.2|ENSG00000258573.6|ENSG00000259060.7	UTR|exon|gene|transcript	61
chr14	85644360	85644421	ENSG00000185070.12	UTR|exon|gene|transcript	61
chr14	29576941	29577002	ENSG00000184304.17	UTR|exon|gene|transcript	61
chr14	88485781	88485842	ENSG00000070778.13	UTR|exon|gene|transcript	61
chr14	50730922	50730983	ENSG00000100503.27	UTR|exon|gene|transcript	61
chr14	88010786	88010847	ENSG00000140030.6|ENSG00000258407.1	UTR|exon|gene|transcript	61
chr14	24094765	24094826	ENSG00000100889.12|ENSG00000129535.13	UTR|exon|gene|transcript	61
chr14	76826076	76826137	ENSG00000013523.11	UTR|exon|gene|transcript	61
chr14	24172491	24172552	ENSG00000100918.14	UTR|exon|gene|transcript	61
chr14	90044703	90044764	ENSG00000042088.14	UTR|exon|gene|transcript	61
chr14	87993499	87993560	ENSG00000054983.17	UTR|exon|gene|transcript	61
chr14	75079988	75080049	ENSG00000119638.14|ENSG00000119703.15	UTR|exon|gene|transcript	61
chr14	23258484	23258545	ENSG00000215277.9	UTR|exon|gene|transcript	61
chr14	104756864	104756925	ENSG00000184990.13	UTR|exon|gene|transcript	61
chr14	31526051	31526112	ENSG00000151413.17	UTR|exon|gene|transcript	61
chr14	100291950	100292011	ENSG00000197119.13|ENSG00000258504.2	UTR|exon|gene|transcript	61
chr14	100294757	100294818	ENSG00000197119.13	UTR|exon|gene|transcript	61
chr14	100137999	100138060	ENSG00000196405.13	UTR|exon|gene|transcript	61
chr14	23264173	23264234	ENSG00000215277.9	UTR|exon|gene|transcript	61
chr14	24269490	24269551	ENSG00000100949.15	UTR|exon|gene|transcript	61
chr14	102251504	102251565	ENSG00000080823.23	UTR|exon|gene|transcript	61
chr14	74692040	74692101	ENSG00000119682.18	UTR|exon|gene|transcript	61
chr14	92093251	92093312	ENSG00000066427.25	UTR|exon|gene|transcript	61
chr14	54477921	54477982	ENSG00000197045.14	UTR|exon|gene|transcript	61
chr14	52490390	52490451	ENSG00000087301.9	UTR|exon|gene|transcript	61
chr14	54567250	54567310	ENSG00000020577.14	UTR|exon|gene|transcript	60
chr14	75127216	75127276	ENSG00000119638.14|ENSG00000259138.1	UTR|exon|gene|transcript	60
chr14	31119709	31119769	ENSG00000092148.14|ENSG00000100478.16	UTR|exon|gene|transcript	60
chr14	99512440	99512500	ENSG00000090061.17|ENSG00000205476.9	UTR|exon|gene|transcript	60
chr14	94378388	94378448	ENSG00000197249.14	UTR|exon|gene|transcript	60
chr14	75095371	75095431	ENSG00000119638.14|ENSG00000119703.15	UTR|exon|gene|transcript	60
chr14	95090431	95090491	ENSG00000100697.17	UTR|exon|gene|transcript	60
chr14	102225360	102225420	ENSG00000080823.23	UTR|exon|gene|transcript	60
chr14	65742968	65743028	ENSG00000033170.17	UTR|exon|gene|transcript	60
chr14	64933365	64933425	ENSG00000125954.13|ENSG00000258289.10	UTR|exon|gene|transcript	60
chr14	74500731	74500791	ENSG00000119681.12	UTR|exon|gene|transcript	60
chr14	105369840	105369900	ENSG00000179364.15	UTR|exon|gene|transcript	60
chr14	94110865	94110925	ENSG00000165949.13	UTR|exon|gene|transcript	60
chr14	64427701	64427761	ENSG00000100714.18|ENSG00000258824.2	UTR|exon|gene|transcript	60
chr14	74011090	74011150	ENSG00000187097.13	UTR|exon|gene|transcript	60
chr14	51966843	51966903	ENSG00000186469.9	UTR|exon|gene|transcript	60
chr14	64411089	64411149	ENSG00000100714.18	UTR|exon|gene|transcript	60
chr14	105053932	105053992	ENSG00000183484.12	UTR|exon|gene|transcript	60
chr14	103711589	103711649	ENSG00000126214.22|ENSG00000126215.14	UTR|exon|gene|transcript	60
chr14	35087950	35088010	ENSG00000092020.11|ENSG00000151327.14|ENSG00000279434.1	UTR|exon|gene|transcript	60
chr14	20375765	20375825	ENSG00000129566.13	UTR|exon|gene|transcript	60
chr14	24379479	24379539	ENSG00000100968.14	UTR|exon|gene|transcript	60
chr14	22834977	22835037	ENSG00000172590.18	UTR|exon|gene|transcript	60
chr14	35013434	35013494	ENSG00000100883.13	UTR|exon|gene|transcript	60
chr14	45096432	45096492	ENSG00000185246.18	UTR|exon|gene|transcript	60
chr14	21097327	21097387	ENSG00000165804.16	UTR|exon|gene|transcript	60
chr14	39118539	39118599	ENSG00000092208.19	UTR|exon|gene|transcript	60
chr14	96881408	96881468	ENSG00000100749.9	UTR|exon|gene|transcript	60
chr14	102027446	102027506	ENSG00000197102.14	UTR|exon|gene|transcript	60
chr14	37591032	37591092	ENSG00000129514.8	UTR|exon|gene|transcript	60
chr14	93184302	93184362	ENSG00000165943.5	UTR|exon|gene|transcript	60
chr14	93188937	93188997	ENSG00000259066.5	UTR|exon|gene|transcript	60
chr14	77284881	77284941	ENSG00000009830.13	UTR|exon|gene|transcript	60
chr14	81267907	81267967	ENSG00000140022.14	UTR|exon|gene|transcript	60
chr14	81398520	81398580	ENSG00000140022.14	UTR|exon|gene|transcript	60
chr14	75134439	75134499	ENSG00000170348.9|ENSG00000259138.1	UTR|exon|gene|transcript	60
chr14	52646191	52646251	ENSG00000197930.13	UTR|exon|gene|transcript	60
chr14	80206230	80206290	ENSG00000211448.14	UTR|exon|gene|transcript	60
chr14	105460893	105460953	ENSG00000182979.18	UTR|exon|gene|transcript	60
chr14	90043344	90043404	ENSG00000042088.14	UTR|exon|gene|transcript	60
chr14	67338560	67338620	ENSG00000100554.12	UTR|exon|gene|transcript	60
chr14	103519756	103519816	ENSG00000166165.14	UTR|exon|gene|transcript	60
chr14	103591832	103591892	ENSG00000126214.22|ENSG00000256053.9|ENSG00000256500.6	UTR|exon|gene|transcript	60
chr14	67392705	67392765	ENSG00000100558.9	UTR|exon|gene|transcript	60
chr14	102500028	102500088	ENSG00000196663.16	UTR|exon|gene|transcript	60
chr14	69453240	69453300	ENSG00000029364.12	UTR|exon|gene|transcript	60
chr14	91466355	91466414	ENSG00000100796.18	UTR|exon|gene|transcript	59
chr14	22976459	22976518	ENSG00000129474.17|ENSG00000259132.1	UTR|exon|gene|transcript	59
chr14	60136975	60137034	ENSG00000126773.13	UTR|exon|gene|transcript	59
chr14	24240183	24240242	ENSG00000092330.19	UTR|exon|gene|transcript	59
chr14	76083577	76083636	ENSG00000119650.13	UTR|exon|gene|transcript	59
chr14	52777081	52777140	ENSG00000100522.10|ENSG00000259049.1	UTR|exon|gene|transcript	59
chr14	106579177	106579236	ENSG00000211966.2	UTR|exon|gene|transcript	59
chr14	88611751	88611810	ENSG00000100722.20	UTR|exon|gene|transcript	59
chr14	73959355	73959414	ENSG00000119723.17|ENSG00000187097.13	UTR|exon|gene|transcript	59
chr14	75120871	75120930	ENSG00000119638.14	UTR|exon|gene|transcript	59
chr14	24209674	24209733	ENSG00000254505.11|ENSG00000254692.1|ENSG00000260669.2	UTR|exon|gene|transcript	59
chr14	80216088	80216147	ENSG00000211448.14|ENSG00000258766.1	UTR|exon|gene|transcript	59
chr14	60461353	60461412	ENSG00000179008.9	UTR|exon|gene|transcript	59
chr14	47674898	47674957	ENSG00000139915.22	UTR|exon|gene|transcript	59
chr14	61037624	61037683	ENSG00000139974.17	UTR|exon|gene|transcript	59
chr14	94146174	94146233	ENSG00000119698.12	UTR|exon|gene|transcript	59
chr14	76498666	76498725	ENSG00000119715.15|ENSG00000259124.1	UTR|exon|gene|transcript	59
chr14	105463492	105463551	ENSG00000182979.18	UTR|exon|gene|transcript	59
chr14	74056846	74056905	ENSG00000119636.16|ENSG00000119711.13	UTR|exon|gene|transcript	59
chr14	74667318	74667377	ENSG00000119682.18	UTR|exon|gene|transcript	59
chr14	49729489	49729548	ENSG00000197776.8	UTR|exon|gene|transcript	59
chr14	92126121	92126180	ENSG00000165934.13	UTR|exon|gene|transcript	59
chr14	22633708	22633767	ENSG00000255804.2	UTR|exon|gene|transcript	59
chr14	101964587	101964646	ENSG00000197102.14	UTR|exon|gene|transcript	59
chr14	66498108	66498167	ENSG00000196553.15|ENSG00000258561.2	UTR|exon|gene|transcript	59
chr14	95876462	95876521	ENSG00000250366.4	UTR|exon|gene|transcript	59
chr14	31093742	31093801	ENSG00000100478.16	UTR|exon|gene|transcript	59
chr14	99413875	99413934	ENSG00000183576.13	UTR|exon|gene|transcript	59
chr14	67662476	67662535	ENSG00000100568.11|ENSG00000258466.5	UTR|exon|gene|transcript	59
chr14	96846105	96846164	ENSG00000100749.9	UTR|exon|gene|transcript	59
chr14	56647713	56647772	ENSG00000070269.14|ENSG00000258428.5	UTR|exon|gene|transcript	59
chr14	24337402	24337460	ENSG00000129465.16	UTR|exon|gene|transcript	58
chr14	50504799	50504857	ENSG00000012983.12	UTR|exon|gene|transcript	58
chr14	91175998	91176056	ENSG00000133943.21	UTR|exon|gene|transcript	58
chr14	58549401	58549459	ENSG00000100578.18	UTR|exon|gene|transcript	58
chr14	24147591	24147649	ENSG00000092098.18|ENSG00000259529.2	UTR|exon|gene|transcript	58
chr14	39432272	39432330	ENSG00000165355.8	UTR|exon|gene|transcript	58
chr14	80941589	80941647	ENSG00000100629.17	UTR|exon|gene|transcript	58
chr14	103693895	103693953	ENSG00000126214.22	UTR|exon|gene|transcript	58
chr14	69356947	69357005	ENSG00000100626.17	UTR|exon|gene|transcript	58
chr14	76252050	76252108	ENSG00000089916.18|ENSG00000258454.1	UTR|exon|gene|transcript	58
chr14	38254491	38254549	ENSG00000176435.7	UTR|exon|gene|transcript	58
chr14	21456031	21456089	ENSG00000100888.15	UTR|exon|gene|transcript	58
chr14	68977578	68977636	ENSG00000072110.16	UTR|exon|gene|transcript	58
chr14	74763431	74763489	ENSG00000119596.18	UTR|exon|gene|transcript	58
chr14	55656041	55656099	ENSG00000126777.18	UTR|exon|gene|transcript	58
chr14	21021754	21021812	ENSG00000165795.25	UTR|exon|gene|transcript	58
chr14	22901671	22901729	ENSG00000100461.18	UTR|exon|gene|transcript	58
chr14	96847286	96847344	ENSG00000100749.9	UTR|exon|gene|transcript	58
chr14	60442073	60442131	ENSG00000179008.9	UTR|exon|gene|transcript	58
chr14	96881296	96881354	ENSG00000100749.9	UTR|exon|gene|transcript	58
chr14	56648094	56648152	ENSG00000070269.14|ENSG00000258428.5	UTR|exon|gene|transcript	58
chr14	102086985	102087043	ENSG00000080824.19	UTR|exon|gene|transcript	58
chr14	73922639	73922697	ENSG00000119725.21|ENSG00000258653.3|ENSG00000258891.1	UTR|exon|gene|transcript	58
chr14	95193357	95193415	ENSG00000165959.12	UTR|exon|gene|transcript	58
chr14	76781518	76781576	ENSG00000071246.11|ENSG00000258610.1	UTR|exon|gene|transcript	58
chr14	24119558	24119616	ENSG00000100897.18	UTR|exon|gene|transcript	58
chr14	103590299	103590357	ENSG00000126214.22|ENSG00000256053.9|ENSG00000256500.6	UTR|exon|gene|transcript	58
chr14	23347100	23347158	ENSG00000092096.19	UTR|exon|gene|transcript	58
chr14	66776463	66776521	ENSG00000171723.16	UTR|exon|gene|transcript	58
chr14	22898729	22898787	ENSG00000100461.18	UTR|exon|gene|transcript	58
chr14	99684303	99684361	ENSG00000036530.9	UTR|exon|gene|transcript	58
chr14	87968334	87968392	ENSG00000054983.17	UTR|exon|gene|transcript	58
chr14	88663030	88663088	ENSG00000165521.16	UTR|exon|gene|transcript	58
chr14	24123796	24123854	ENSG00000100897.18|ENSG00000259371.2	UTR|exon|gene|transcript	58
chr14	105394685	105394743	ENSG00000179364.15	UTR|exon|gene|transcript	58
chr14	60291396	60291454	ENSG00000100614.18	UTR|exon|gene|transcript	58
chr14	88857207	88857265	ENSG00000165533.19	UTR|exon|gene|transcript	58
chr14	77337690	77337748	ENSG00000100580.8	UTR|exon|gene|transcript	58
chr14	35046728	35046786	ENSG00000151327.14	UTR|exon|gene|transcript	58
chr14	22775443	22775501	ENSG00000155465.21	UTR|exon|gene|transcript	58
chr14	102042059	102042117	ENSG00000197102.14|ENSG00000293472.1	UTR|exon|gene|transcript	58
chr14	51256822	51256880	ENSG00000139921.13	UTR|exon|gene|transcript	58
chr14	101563394	101563452	ENSG00000197406.8|ENSG00000258498.10	UTR|exon|gene|transcript	58
chr14	103729124	103729182	ENSG00000100711.14	UTR|exon|gene|transcript	58
chr14	22976644	22976701	ENSG00000129474.17|ENSG00000259132.1	UTR|exon|gene|transcript	57
chr14	75069749	75069806	ENSG00000119703.15	UTR|exon|gene|transcript	57
chr14	32077073	32077130	ENSG00000100852.14	UTR|exon|gene|transcript	57
chr14	103503722	103503779	ENSG00000075413.19	UTR|exon|gene|transcript	57
chr14	24208146	24208203	ENSG00000139908.15|ENSG00000254692.1	UTR|exon|gene|transcript	57
chr14	20296389	20296446	ENSG00000136319.12	UTR|exon|gene|transcript	57
chr14	77457107	77457164	ENSG00000151445.16	UTR|exon|gene|transcript	57
chr14	24188101	24188158	ENSG00000196497.17|ENSG00000259522.3	UTR|exon|gene|transcript	57
chr14	104990956	104991013	ENSG00000140104.14	UTR|exon|gene|transcript	57
chr14	100143956	100144013	ENSG00000168350.8|ENSG00000196405.13	UTR|exon|gene|transcript	57
chr14	101562411	101562468	ENSG00000197406.8|ENSG00000258498.10	UTR|exon|gene|transcript	57
chr14	91836370	91836427	ENSG00000165929.13	UTR|exon|gene|transcript	57
chr14	20513827	20513884	ENSG00000182545.7	UTR|exon|gene|transcript	57
chr14	88611810	88611867	ENSG00000100722.20	UTR|exon|gene|transcript	57
chr14	20583501	20583558	ENSG00000173464.16|ENSG00000259060.7	UTR|exon|gene|transcript	57
chr14	103462404	103462461	ENSG00000075413.19	UTR|exon|gene|transcript	57
chr14	88879594	88879651	ENSG00000165533.19	UTR|exon|gene|transcript	57
chr14	76870149	76870206	ENSG00000100565.16	UTR|exon|gene|transcript	57
chr14	77024763	77024820	ENSG00000119669.5	UTR|exon|gene|transcript	57
chr14	105497356	105497413	ENSG00000185347.19	UTR|exon|gene|transcript	57
chr14	99405314	99405371	ENSG00000183576.13	UTR|exon|gene|transcript	57
chr14	104896615	104896672	ENSG00000099814.17	UTR|exon|gene|transcript	57
chr14	100126714	100126771	ENSG00000196405.13	UTR|exon|gene|transcript	57
chr14	74409744	74409801	ENSG00000183379.9	UTR|exon|gene|transcript	57
chr14	50595575	50595632	ENSG00000198513.14	UTR|exon|gene|transcript	57
chr14	37842291	37842348	ENSG00000139865.17	UTR|exon|gene|transcript	57
chr14	22771789	22771846	ENSG00000155463.14	UTR|exon|gene|transcript	57
chr14	75011211	75011268	ENSG00000119718.11	UTR|exon|gene|transcript	57
chr14	49607452	49607509	ENSG00000165501.17	UTR|exon|gene|transcript	57
chr14	90043252	90043309	ENSG00000042088.14	UTR|exon|gene|transcript	57
chr14	35314398	35314455	ENSG00000100902.11|ENSG00000258790.1	UTR|exon|gene|transcript	57
chr14	76781399	76781456	ENSG00000071246.11|ENSG00000258610.1|ENSG00000259081.1	UTR|exon|gene|transcript	57
chr14	76810088	76810145	ENSG00000013523.11	UTR|exon|gene|transcript	57
chr14	89986985	89987042	ENSG00000042088.14	UTR|exon|gene|transcript	57
chr14	24426544	24426601	ENSG00000139899.11	UTR|exon|gene|transcript	57
chr14	81192518	81192575	ENSG00000165417.12	UTR|exon|gene|transcript	57
chr14	58428040	58428096	ENSG00000100578.18	UTR|exon|gene|transcript	56
chr14	70783222	70783278	ENSG00000006432.16	UTR|exon|gene|transcript	56
chr14	93333328	93333384	ENSG00000133958.14	UTR|exon|gene|transcript	56
chr14	105490123	105490179	ENSG00000185347.19|ENSG00000257341.5	UTR|exon|gene|transcript	56
chr14	96932931	96932987	ENSG00000100749.9	UTR|exon|gene|transcript	56
chr14	73274564	73274620	ENSG00000100767.17	UTR|exon|gene|transcript	56
chr14	88872329	88872385	ENSG00000165533.19	UTR|exon|gene|transcript	56
chr14	91813769	91813825	ENSG00000165929.13	UTR|exon|gene|transcript	56
chr14	24375659	24375715	ENSG00000100968.14	UTR|exon|gene|transcript	56
chr14	88618756	88618812	ENSG00000100722.20|ENSG00000165521.16	UTR|exon|gene|transcript	56
chr14	58139358	58139414	ENSG00000139971.15	UTR|exon|gene|transcript	56
chr14	54478881	54478937	ENSG00000197045.14	UTR|exon|gene|transcript	56
chr14	73671541	73671597	ENSG00000119661.15	UTR|exon|gene|transcript	56
chr14	36298589	36298645	ENSG00000151332.20	UTR|exon|gene|transcript	56
chr14	69713439	69713495	ENSG00000100647.8	UTR|exon|gene|transcript	56
chr14	87988454	87988510	ENSG00000054983.17	UTR|exon|gene|transcript	56
chr14	67338498	67338554	ENSG00000100554.12	UTR|exon|gene|transcript	56
chr14	64449444	64449500	ENSG00000089775.12|ENSG00000100714.18	UTR|exon|gene|transcript	56
chr14	45200071	45200127	ENSG00000187790.12	UTR|exon|gene|transcript	56
chr14	89967366	89967422	ENSG00000042088.14	UTR|exon|gene|transcript	56
chr14	91215691	91215747	ENSG00000133943.21	UTR|exon|gene|transcript	56
chr14	50423120	50423176	ENSG00000012983.12	UTR|exon|gene|transcript	56
chr14	99773116	99773172	ENSG00000066629.19	UTR|exon|gene|transcript	56
chr14	35096708	35096764	ENSG00000092020.11|ENSG00000151327.14	UTR|exon|gene|transcript	56
chr14	35098662	35098718	ENSG00000092020.11|ENSG00000151327.14	UTR|exon|gene|transcript	56
chr14	103686806	103686862	ENSG00000126214.22	UTR|exon|gene|transcript	56
chr14	49583578	49583634	ENSG00000213741.11	UTR|exon|gene|transcript	56
chr14	73931541	73931597	ENSG00000119725.21|ENSG00000156050.10|ENSG00000258653.3|ENSG00000258891.1	UTR|exon|gene|transcript	56
chr14	100065444	100065500	ENSG00000196405.13|ENSG00000258560.1	UTR|exon|gene|transcript	56
chr14	75082062	75082118	ENSG00000119638.14|ENSG00000119703.15	UTR|exon|gene|transcript	56
chr14	90849054	90849110	ENSG00000100784.12	UTR|exon|gene|transcript	56
chr14	90405547	90405603	ENSG00000198668.14	UTR|exon|gene|transcript	56
chr14	21965450	21965506	ENSG00000211794.3	UTR|exon|gene|transcript	56
chr14	96797530	96797586	ENSG00000100749.9	UTR|exon|gene|transcript	56
chr14	32934717	32934773	ENSG00000151322.20	UTR|exon|gene|transcript	56
chr14	30649527	30649583	ENSG00000092108.22	UTR|exon|gene|transcript	56
chr14	23434193	23434249	ENSG00000092054.13	UTR|exon|gene|transcript	56
chr14	67753710	67753766	ENSG00000072121.17	UTR|exon|gene|transcript	56
chr14	23099061	23099117	ENSG00000179933.6|ENSG00000283654.3	UTR|exon|gene|transcript	56
chr14	57563921	57563977	ENSG00000151812.15	UTR|exon|gene|transcript	56
chr14	103334265	103334321	ENSG00000100664.11|ENSG00000291313.1	UTR|exon|gene|transcript	56
chr14	88611890	88611945	ENSG00000100722.20	UTR|exon|gene|transcript	55
chr14	75981327	75981382	ENSG00000119650.13|ENSG00000119699.8	UTR|exon|gene|transcript	55
chr14	51689690	51689745	ENSG00000139926.16	UTR|exon|gene|transcript	55
chr14	101893053	101893108	ENSG00000078304.20	UTR|exon|gene|transcript	55
chr14	20447939	20447994	ENSG00000092094.11	UTR|exon|gene|transcript	55
chr14	67360121	67360176	ENSG00000100554.12	UTR|exon|gene|transcript	55
chr14	73543655	73543710	ENSG00000184227.8|ENSG00000187105.9	UTR|exon|gene|transcript	55
chr14	91942906	91942961	ENSG00000140092.16	UTR|exon|gene|transcript	55
chr14	103465561	103465616	ENSG00000075413.19	UTR|exon|gene|transcript	55
chr14	96841520	96841575	ENSG00000100749.9	UTR|exon|gene|transcript	55
chr14	103686862	103686917	ENSG00000126214.22	UTR|exon|gene|transcript	55
chr14	58408978	58409033	ENSG00000100575.14|ENSG00000258378.1	UTR|exon|gene|transcript	55
chr14	75077991	75078046	ENSG00000119703.15	UTR|exon|gene|transcript	55
chr14	96387231	96387286	ENSG00000100744.15	UTR|exon|gene|transcript	55
chr14	20993257	20993312	ENSG00000165792.18	UTR|exon|gene|transcript	55
chr14	76177987	76178042	ENSG00000089916.18	UTR|exon|gene|transcript	55
chr14	60143887	60143942	ENSG00000126773.13	UTR|exon|gene|transcript	55
chr14	44961790	44961845	ENSG00000179454.14	UTR|exon|gene|transcript	55
chr14	77675794	77675849	ENSG00000100601.10	UTR|exon|gene|transcript	55
chr14	102039490	102039545	ENSG00000197102.14|ENSG00000293472.1	UTR|exon|gene|transcript	55
chr14	102342618	102342673	ENSG00000022976.16|ENSG00000100865.15	UTR|exon|gene|transcript	55
chr14	24317509	24317564	ENSG00000213903.9	UTR|exon|gene|transcript	55
chr14	24172079	24172134	ENSG00000100918.14	UTR|exon|gene|transcript	55
chr14	21395297	21395352	ENSG00000100888.15	UTR|exon|gene|transcript	55
chr14	24118749	24118804	ENSG00000100897.18	UTR|exon|gene|transcript	55
chr14	24164522	24164577	ENSG00000213928.10|ENSG00000259529.2	UTR|exon|gene|transcript	55
chr14	74292321	74292376	ENSG00000119688.21|ENSG00000258559.2	UTR|exon|gene|transcript	55
chr14	31114285	31114340	ENSG00000092148.14|ENSG00000100478.16	UTR|exon|gene|transcript	55
chr14	24241674	24241729	ENSG00000092330.19	UTR|exon|gene|transcript	55
chr14	106875017	106875071	ENSG00000211979.2	UTR|exon|gene|transcript	54
chr14	24235762	24235816	ENSG00000100938.19	UTR|exon|gene|transcript	54
chr14	50719762	50719816	ENSG00000100503.27	UTR|exon|gene|transcript	54
chr14	24138904	24138958	ENSG00000092010.15	UTR|exon|gene|transcript	54
chr14	54962497	54962551	ENSG00000198554.12	UTR|exon|gene|transcript	54
chr14	32154948	32155002	ENSG00000100852.14|ENSG00000285608.1	UTR|exon|gene|transcript	54
chr14	88469867	88469921	ENSG00000042317.17|ENSG00000070778.13	UTR|exon|gene|transcript	54
chr14	20994847	20994901	ENSG00000165792.18	UTR|exon|gene|transcript	54
chr14	20994793	20994847	ENSG00000165792.18	UTR|exon|gene|transcript	54
chr14	100374010	100374064	ENSG00000140105.18	UTR|exon|gene|transcript	54
chr14	33950912	33950966	ENSG00000129521.15	UTR|exon|gene|transcript	54
chr14	36308016	36308070	ENSG00000151332.20	UTR|exon|gene|transcript	54
chr14	22163294	22163348	ENSG00000211810.3	UTR|exon|gene|transcript	54
chr14	64550920	64550974	ENSG00000165807.8	UTR|exon|gene|transcript	54
chr14	24186128	24186182	ENSG00000196497.17|ENSG00000259522.3	UTR|exon|gene|transcript	54
chr14	85641697	85641751	ENSG00000185070.12	UTR|exon|gene|transcript	54
chr14	50282442	50282496	ENSG00000087299.12	UTR|exon|gene|transcript	54
chr14	20457680	20457734	ENSG00000100823.12|ENSG00000165782.11	UTR|exon|gene|transcript	54
chr14	92079414	92079468	ENSG00000066427.25	UTR|exon|gene|transcript	54
chr14	92167910	92167964	ENSG00000165934.13	UTR|exon|gene|transcript	54
chr14	92170145	92170199	ENSG00000165934.13	UTR|exon|gene|transcript	54
chr14	77732484	77732538	ENSG00000100603.14|ENSG00000119705.10	UTR|exon|gene|transcript	54
chr14	102036769	102036823	ENSG00000197102.14|ENSG00000293472.1	UTR|exon|gene|transcript	54
chr14	93214928	93214982	ENSG00000012963.15|ENSG00000259066.5	UTR|exon|gene|transcript	54
chr14	23347158	23347212	ENSG00000092096.19	UTR|exon|gene|transcript	54
chr14	58550852	58550906	ENSG00000100578.18	UTR|exon|gene|transcript	54
chr14	92121211	92121265	ENSG00000183648.11	UTR|exon|gene|transcript	54
chr14	45110548	45110602	ENSG00000185246.18	UTR|exon|gene|transcript	54
chr14	77274975	77275029	ENSG00000009830.13	UTR|exon|gene|transcript	54
chr14	103711831	103711885	ENSG00000126214.22|ENSG00000126215.14	UTR|exon|gene|transcript	54
chr14	90540587	90540641	ENSG00000165914.15	UTR|exon|gene|transcript	54
chr14	24609613	24609667	ENSG00000100450.13|ENSG00000258657.5	UTR|exon|gene|transcript	54
chr14	23348572	23348626	ENSG00000092096.19	UTR|exon|gene|transcript	54
chr14	37591310	37591364	ENSG00000129514.8	UTR|exon|gene|transcript	54
chr14	90259159	90259213	ENSG00000100764.14	UTR|exon|gene|transcript	54
chr14	22952405	22952459	ENSG00000092036.19|ENSG00000257285.7|ENSG00000259132.1	UTR|exon|gene|transcript	54
chr14	65070281	65070335	ENSG00000125952.21	UTR|exon|gene|transcript	54
chr14	61043449	61043503	ENSG00000139974.17	UTR|exon|gene|transcript	54
chr14	22905605	22905659	ENSG00000100461.18	UTR|exon|gene|transcript	54
chr14	56634898	56634952	ENSG00000070269.14|ENSG00000258428.5	UTR|exon|gene|transcript	54
chr14	54413775	54413829	ENSG00000100526.21	UTR|exon|gene|transcript	54
chr14	73099379	73099433	ENSG00000119707.14	UTR|exon|gene|transcript	54
chr14	74922340	74922394	ENSG00000198208.12	UTR|exon|gene|transcript	54
chr14	76407542	76407596	ENSG00000119715.15	UTR|exon|gene|transcript	54
chr14	58548736	58548790	ENSG00000100578.18	UTR|exon|gene|transcript	54
chr14	64412471	64412525	ENSG00000100714.18	UTR|exon|gene|transcript	54
chr14	20243766	20243820	ENSG00000176198.4	UTR|exon|gene|transcript	54
chr14	103428386	103428440	ENSG00000075413.19	UTR|exon|gene|transcript	54
chr14	96542242	96542296	ENSG00000090060.19	UTR|exon|gene|transcript	54
chr14	35085535	35085589	ENSG00000092020.11|ENSG00000151327.14	UTR|exon|gene|transcript	54
chr14	75986125	75986179	ENSG00000119650.13	UTR|exon|gene|transcript	54
chr14	52708763	52708816	ENSG00000100519.12	UTR|exon|gene|transcript	53
chr14	24237099	24237152	ENSG00000100938.19	UTR|exon|gene|transcript	53
chr14	55051750	55051803	ENSG00000168175.16	UTR|exon|gene|transcript	53
chr14	96876723	96876776	ENSG00000100749.9	UTR|exon|gene|transcript	53
chr14	99409852	99409905	ENSG00000183576.13	UTR|exon|gene|transcript	53
chr14	74292550	74292603	ENSG00000119688.21|ENSG00000258559.2	UTR|exon|gene|transcript	53
chr14	94110925	94110978	ENSG00000165949.13	UTR|exon|gene|transcript	53
chr14	102224794	102224847	ENSG00000080823.23|ENSG00000140153.18	UTR|exon|gene|transcript	53
chr14	74288206	74288259	ENSG00000119688.21	UTR|exon|gene|transcript	53
chr14	102229213	102229266	ENSG00000080823.23	UTR|exon|gene|transcript	53
chr14	58232108	58232161	ENSG00000131966.14|ENSG00000139971.15	UTR|exon|gene|transcript	53
chr14	77735936	77735989	ENSG00000100603.14|ENSG00000119705.10	UTR|exon|gene|transcript	53
chr14	24205804	24205857	ENSG00000139908.15|ENSG00000254692.1	UTR|exon|gene|transcript	53
chr14	77391268	77391321	ENSG00000100583.5	UTR|exon|gene|transcript	53
chr14	31123515	31123568	ENSG00000092148.14|ENSG00000100478.16	UTR|exon|gene|transcript	53
chr14	21263257	21263310	ENSG00000092199.19	UTR|exon|gene|transcript	53
chr14	23381986	23382039	ENSG00000197616.13	UTR|exon|gene|transcript	53
chr14	102501018	102501071	ENSG00000196663.16	UTR|exon|gene|transcript	53
chr14	75017028	75017081	ENSG00000119684.16	UTR|exon|gene|transcript	53
chr14	20368797	20368850	ENSG00000129566.13	UTR|exon|gene|transcript	53
chr14	29629040	29629093	ENSG00000184304.17	UTR|exon|gene|transcript	53
chr14	64227452	64227505	ENSG00000140009.19	UTR|exon|gene|transcript	53
chr14	91946923	91946976	ENSG00000140092.16	UTR|exon|gene|transcript	53
chr14	30706202	30706255	ENSG00000092108.22	UTR|exon|gene|transcript	53
chr14	60277312	60277365	ENSG00000100614.18	UTR|exon|gene|transcript	53
chr14	24430298	24430351	ENSG00000100441.10|ENSG00000139899.11	UTR|exon|gene|transcript	53
chr14	100292229	100292282	ENSG00000197119.13|ENSG00000258504.2	UTR|exon|gene|transcript	53
chr14	104990704	104990757	ENSG00000140104.14	UTR|exon|gene|transcript	53
chr14	36678430	36678483	ENSG00000183032.12|ENSG00000198807.13	UTR|exon|gene|transcript	53
chr14	36491200	36491253	ENSG00000229415.10|ENSG00000257520.2|ENSG00000283098.2	UTR|exon|gene|transcript	53
chr14	49743752	49743805	ENSG00000197776.8	UTR|exon|gene|transcript	53
chr14	75007735	75007788	ENSG00000119718.11|ENSG00000258646.1	UTR|exon|gene|transcript	53
chr14	49782541	49782594	ENSG00000165516.11|ENSG00000165525.18	UTR|exon|gene|transcript	53
chr14	71110065	71110118	ENSG00000100731.16	UTR|exon|gene|transcript	53
chr14	24123309	24123362	ENSG00000100897.18|ENSG00000259371.2	UTR|exon|gene|transcript	53
chr14	72959650	72959703	ENSG00000119599.17	UTR|exon|gene|transcript	53
chr14	60107585	60107638	ENSG00000126773.13	UTR|exon|gene|transcript	53
chr14	30719324	30719377	ENSG00000092108.22	UTR|exon|gene|transcript	53
chr14	24299580	24299633	ENSG00000157379.14	UTR|exon|gene|transcript	53
chr14	21536982	21537035	ENSG00000165821.12	UTR|exon|gene|transcript	53
chr14	93918941	93918994	ENSG00000140067.7|ENSG00000258584.2	UTR|exon|gene|transcript	53
chr14	61015903	61015956	ENSG00000139974.17	UTR|exon|gene|transcript	53
chr14	67585602	67585654	ENSG00000054690.14|ENSG00000100564.9	UTR|exon|gene|transcript	52
chr14	23372808	23372860	ENSG00000166090.8	UTR|exon|gene|transcript	52
chr14	102042227	102042279	ENSG00000197102.14|ENSG00000293472.1	UTR|exon|gene|transcript	52
chr14	55559071	55559123	ENSG00000126777.18|ENSG00000186615.12	UTR|exon|gene|transcript	52
chr14	68411457	68411509	ENSG00000182185.19	UTR|exon|gene|transcript	52
chr14	77324869	77324921	ENSG00000100577.19	UTR|exon|gene|transcript	52
chr14	21042390	21042442	ENSG00000165795.25|ENSG00000165799.5	UTR|exon|gene|transcript	52
chr14	56298043	56298095	ENSG00000139946.11	UTR|exon|gene|transcript	52
chr14	19434289	19434341	ENSG00000187537.13	UTR|exon|gene|transcript	52
chr14	24070896	24070948	ENSG00000100884.10	UTR|exon|gene|transcript	52
chr14	18967433	18967485	ENSG00000222036.8	UTR|exon|gene|transcript	52
chr14	89162361	89162413	ENSG00000053254.16	UTR|exon|gene|transcript	52
chr14	19780241	19780293	ENSG00000176294.6|ENSG00000176299.5	UTR|exon|gene|transcript	52
chr14	22897706	22897758	ENSG00000100461.18	UTR|exon|gene|transcript	52
chr14	90397178	90397230	ENSG00000198668.14	UTR|exon|gene|transcript	52
chr14	71587570	71587622	ENSG00000197555.10|ENSG00000285612.1	UTR|exon|gene|transcript	52
chr14	105940201	105940253	ENSG00000211933.2	UTR|exon|gene|transcript	52
chr14	64486606	64486658	ENSG00000089775.12	UTR|exon|gene|transcript	52
chr14	29636442	29636494	ENSG00000184304.17	UTR|exon|gene|transcript	52
chr14	64940131	64940183	ENSG00000125954.13|ENSG00000176153.13|ENSG00000258289.10	UTR|exon|gene|transcript	52
chr14	60396468	60396520	ENSG00000179008.9	UTR|exon|gene|transcript	52
chr14	72562662	72562714	ENSG00000182732.18|ENSG00000258871.1	UTR|exon|gene|transcript	52
chr14	104712933	104712985	ENSG00000203485.14	UTR|exon|gene|transcript	52
chr14	91940564	91940616	ENSG00000140092.16	UTR|exon|gene|transcript	52
chr14	67720847	67720899	ENSG00000139988.10	UTR|exon|gene|transcript	52
chr14	88621301	88621353	ENSG00000100722.20|ENSG00000165521.16	UTR|exon|gene|transcript	52
chr14	85654376	85654428	ENSG00000185070.12	UTR|exon|gene|transcript	52
chr14	67865087	67865139	ENSG00000182185.19	UTR|exon|gene|transcript	52
chr14	104793648	104793700	ENSG00000142208.18	UTR|exon|gene|transcript	52
chr14	54530998	54531050	ENSG00000100532.13	UTR|exon|gene|transcript	52
chr14	99492625	99492677	ENSG00000090061.17	UTR|exon|gene|transcript	52
chr14	69051802	69051854	ENSG00000139990.18	UTR|exon|gene|transcript	52
chr14	73106195	73106247	ENSG00000119707.14	UTR|exon|gene|transcript	52
chr14	21503829	21503881	ENSG00000165819.12	UTR|exon|gene|transcript	52
chr14	30659190	30659242	ENSG00000092108.22	UTR|exon|gene|transcript	52
chr14	52646410	52646461	ENSG00000197930.13	UTR|exon|gene|transcript	51
chr14	104989656	104989707	ENSG00000140104.14	UTR|exon|gene|transcript	51
chr14	21022182	21022233	ENSG00000165795.25	UTR|exon|gene|transcript	51
chr14	76870206	76870257	ENSG00000100565.16	UTR|exon|gene|transcript	51
chr14	76782776	76782827	ENSG00000071246.11|ENSG00000258301.3	UTR|exon|gene|transcript	51
chr14	50770466	50770517	ENSG00000100503.27	UTR|exon|gene|transcript	51
chr14	74295147	74295198	ENSG00000119688.21	UTR|exon|gene|transcript	51
chr14	94008812	94008863	ENSG00000175699.15	UTR|exon|gene|transcript	51
chr14	67589754	67589805	ENSG00000100564.9	UTR|exon|gene|transcript	51
chr14	24074314	24074365	ENSG00000100884.10	UTR|exon|gene|transcript	51
chr14	58298503	58298554	ENSG00000032219.19	UTR|exon|gene|transcript	51
chr14	58230425	58230476	ENSG00000131966.14|ENSG00000139971.15	UTR|exon|gene|transcript	51
chr14	102210470	102210521	ENSG00000140153.18	UTR|exon|gene|transcript	51
chr14	21149550	21149601	ENSG00000169327.5	UTR|exon|gene|transcript	51
chr14	75110320	75110371	ENSG00000119638.14|ENSG00000119703.15	UTR|exon|gene|transcript	51
chr14	104895710	104895761	ENSG00000099814.17	UTR|exon|gene|transcript	51
chr14	57282933	57282984	ENSG00000053770.12	UTR|exon|gene|transcript	51
chr14	50904141	50904192	ENSG00000100504.17|ENSG00000131969.15	UTR|exon|gene|transcript	51
chr14	77028571	77028622	ENSG00000119669.5|ENSG00000273729.1	UTR|exon|gene|transcript	51
chr14	60059065	60059116	ENSG00000131951.12|ENSG00000258553.5	UTR|exon|gene|transcript	51
chr14	20198749	20198800	ENSG00000196832.5	UTR|exon|gene|transcript	51
chr14	23061571	23061622	ENSG00000100813.15	UTR|exon|gene|transcript	51
chr14	65411169	65411220	ENSG00000033170.17|ENSG00000276116.2	UTR|exon|gene|transcript	51
chr14	87934680	87934731	ENSG00000054983.17	UTR|exon|gene|transcript	51
chr14	85650793	85650844	ENSG00000185070.12	UTR|exon|gene|transcript	51
chr14	105449358	105449409	ENSG00000182979.18|ENSG00000226174.7	UTR|exon|gene|transcript	51
chr14	22633114	22633165	ENSG00000255804.2	UTR|exon|gene|transcript	51
chr14	50593845	50593896	ENSG00000198513.14	UTR|exon|gene|transcript	51
chr14	39151745	39151796	ENSG00000182400.15	UTR|exon|gene|transcript	51
chr14	45247286	45247337	ENSG00000129534.14	UTR|exon|gene|transcript	51
chr14	92122295	92122346	ENSG00000165934.13	UTR|exon|gene|transcript	51
chr14	64212954	64213005	ENSG00000054654.20|ENSG00000140009.19	UTR|exon|gene|transcript	51
chr14	39267359	39267410	ENSG00000150527.18	UTR|exon|gene|transcript	51
chr14	64282985	64283036	ENSG00000140009.19	UTR|exon|gene|transcript	51
chr14	64503660	64503711	ENSG00000089775.12	UTR|exon|gene|transcript	51
chr14	100375282	100375333	ENSG00000140105.18	UTR|exon|gene|transcript	51
chr14	24071038	24071089	ENSG00000100884.10	UTR|exon|gene|transcript	51
chr14	73718714	73718764	ENSG00000156030.14	UTR|exon|gene|transcript	50
chr14	20993141	20993191	ENSG00000165792.18	UTR|exon|gene|transcript	50
chr14	100525895	100525945	ENSG00000176473.14	UTR|exon|gene|transcript	50
chr14	37837492	37837542	ENSG00000139865.17	UTR|exon|gene|transcript	50
chr14	73760057	73760107	ENSG00000156030.14	UTR|exon|gene|transcript	50
chr14	91115120	91115170	ENSG00000133943.21	UTR|exon|gene|transcript	50
chr14	29666158	29666208	ENSG00000184304.17	UTR|exon|gene|transcript	50
chr14	24167063	24167113	ENSG00000213928.10	UTR|exon|gene|transcript	50
chr14	74836602	74836652	ENSG00000119596.18	UTR|exon|gene|transcript	50
chr14	26596761	26596811	ENSG00000139910.20	UTR|exon|gene|transcript	50
chr14	25049894	25049944	ENSG00000168952.16	UTR|exon|gene|transcript	50
chr14	103503672	103503722	ENSG00000075413.19	UTR|exon|gene|transcript	50
chr14	24440926	24440976	ENSG00000100441.10|ENSG00000100445.18	UTR|exon|gene|transcript	50
chr14	64337897	64337947	ENSG00000140009.19|ENSG00000214770.3	UTR|exon|gene|transcript	50
chr14	64449500	64449550	ENSG00000089775.12|ENSG00000100714.18	UTR|exon|gene|transcript	50
chr14	72947141	72947191	ENSG00000119599.17	UTR|exon|gene|transcript	50
chr14	91417296	91417346	ENSG00000015133.20	UTR|exon|gene|transcript	50
chr14	24329060	24329110	ENSG00000129467.14	UTR|exon|gene|transcript	50
chr14	20325538	20325588	ENSG00000100814.19	UTR|exon|gene|transcript	50
chr14	20801459	20801509	ENSG00000129538.14	UTR|exon|gene|transcript	50
chr14	77098311	77098361	ENSG00000198894.8|ENSG00000259164.1	UTR|exon|gene|transcript	50
chr14	58638836	58638886	ENSG00000165617.16	UTR|exon|gene|transcript	50
chr14	73110830	73110880	ENSG00000119707.14	UTR|exon|gene|transcript	50
chr14	93721037	93721087	ENSG00000175785.13	UTR|exon|gene|transcript	50
chr14	93240903	93240953	ENSG00000011114.15	UTR|exon|gene|transcript	50
chr14	93976433	93976483	ENSG00000100628.12	UTR|exon|gene|transcript	50
chr14	59505188	59505238	ENSG00000050130.18|ENSG00000151838.12|ENSG00000258782.3	UTR|exon|gene|transcript	50
chr14	20329173	20329223	ENSG00000100814.19	UTR|exon|gene|transcript	50
chr14	50532823	50532873	ENSG00000012983.12|ENSG00000198513.14	UTR|exon|gene|transcript	50
chr14	102911450	102911500	ENSG00000131323.17	UTR|exon|gene|transcript	50
chr14	60063408	60063458	ENSG00000131951.12|ENSG00000258553.5	UTR|exon|gene|transcript	50
chr14	39088006	39088056	ENSG00000100934.15	UTR|exon|gene|transcript	50
chr14	96239386	96239436	ENSG00000168398.7|ENSG00000258691.1	UTR|exon|gene|transcript	50
chr14	96240150	96240200	ENSG00000168398.7|ENSG00000258691.1	UTR|exon|gene|transcript	50
chr14	21023888	21023938	ENSG00000165795.25	UTR|exon|gene|transcript	50
chr14	21024665	21024715	ENSG00000165795.25|ENSG00000179636.15|ENSG00000258604.1	UTR|exon|gene|transcript	50
chr14	104978244	104978294	ENSG00000185567.7	UTR|exon|gene|transcript	50
chr14	76499812	76499862	ENSG00000119715.15|ENSG00000259124.1	UTR|exon|gene|transcript	50
chr14	102041609	102041659	ENSG00000197102.14|ENSG00000293472.1	UTR|exon|gene|transcript	50
chr14	23264622	23264671	ENSG00000215277.9	UTR|exon|gene|transcript	49
chr14	105301189	105301238	ENSG00000179364.15|ENSG00000185024.18	UTR|exon|gene|transcript	49
chr14	102251755	102251804	ENSG00000080823.23	UTR|exon|gene|transcript	49
chr14	60092136	60092185	ENSG00000126773.13	UTR|exon|gene|transcript	49
chr14	92716135	92716184	ENSG00000100600.15	UTR|exon|gene|transcript	49
chr14	102592837	102592886	ENSG00000089902.10	UTR|exon|gene|transcript	49
chr14	93347219	93347268	ENSG00000133958.14|ENSG00000187581.3	UTR|exon|gene|transcript	49
chr14	73058618	73058667	ENSG00000119707.14|ENSG00000258813.2	UTR|exon|gene|transcript	49
chr14	65412910	65412959	ENSG00000033170.17	UTR|exon|gene|transcript	49
chr14	75064264	75064313	ENSG00000119640.9|ENSG00000119703.15	UTR|exon|gene|transcript	49
chr14	67169087	67169136	ENSG00000171723.16	UTR|exon|gene|transcript	49
chr14	74660891	74660940	ENSG00000119682.18	UTR|exon|gene|transcript	49
chr14	64221575	64221624	ENSG00000054654.20|ENSG00000140009.19	UTR|exon|gene|transcript	49
chr14	89989716	89989765	ENSG00000042088.14	UTR|exon|gene|transcript	49
chr14	73619839	73619888	ENSG00000205669.4|ENSG00000258603.5	UTR|exon|gene|transcript	49
chr14	24070847	24070896	ENSG00000100884.10	UTR|exon|gene|transcript	49
chr14	24205755	24205804	ENSG00000139908.15|ENSG00000254692.1	UTR|exon|gene|transcript	49
chr14	77498396	77498445	ENSG00000100593.18	UTR|exon|gene|transcript	49
chr14	24232700	24232749	ENSG00000100938.19	UTR|exon|gene|transcript	49
chr14	23535325	23535374	ENSG00000136367.15|ENSG00000157306.14	UTR|exon|gene|transcript	49
chr14	96881552	96881601	ENSG00000100749.9	UTR|exon|gene|transcript	49
chr14	100019526	100019575	ENSG00000196405.13	UTR|exon|gene|transcript	49
chr14	74663670	74663719	ENSG00000119682.18	UTR|exon|gene|transcript	49
chr14	92122069	92122118	ENSG00000165934.13	UTR|exon|gene|transcript	49
chr14	75032067	75032116	ENSG00000119684.16	UTR|exon|gene|transcript	49
chr14	88602034	88602083	ENSG00000100722.20	UTR|exon|gene|transcript	49
chr14	20320343	20320392	ENSG00000100814.19	UTR|exon|gene|transcript	49
chr14	65061312	65061361	ENSG00000125952.21|ENSG00000125954.13|ENSG00000257365.8	UTR|exon|gene|transcript	49
chr14	90527857	90527906	ENSG00000165914.15	UTR|exon|gene|transcript	49
chr14	103503288	103503337	ENSG00000075413.19	UTR|exon|gene|transcript	49
chr14	90531211	90531260	ENSG00000165914.15	UTR|exon|gene|transcript	49
chr14	50532399	50532447	ENSG00000012983.12	UTR|exon|gene|transcript	48
chr14	20460845	20460893	ENSG00000165782.11	UTR|exon|gene|transcript	48
chr14	101761749	101761797	ENSG00000078304.20	UTR|exon|gene|transcript	48
chr14	105586888	105586936	ENSG00000211890.4	UTR|exon|gene|transcript	48
chr14	20995116	20995164	ENSG00000165792.18	UTR|exon|gene|transcript	48
chr14	24367501	24367549	ENSG00000100968.14	UTR|exon|gene|transcript	48
chr14	103698230	103698278	ENSG00000126214.22|ENSG00000126215.14	UTR|exon|gene|transcript	48
chr14	75009563	75009611	ENSG00000119718.11	UTR|exon|gene|transcript	48
chr14	22908332	22908380	ENSG00000100461.18	UTR|exon|gene|transcript	48
chr14	52774941	52774989	ENSG00000198252.12	UTR|exon|gene|transcript	48
chr14	96090568	96090616	ENSG00000227051.7	UTR|exon|gene|transcript	48
chr14	31420237	31420285	ENSG00000129493.15|ENSG00000203546.7	UTR|exon|gene|transcript	48
chr14	101836525	101836573	ENSG00000078304.20|ENSG00000256705.3	UTR|exon|gene|transcript	48
chr14	23478083	23478131	ENSG00000129460.17	UTR|exon|gene|transcript	48
chr14	30911776	30911824	ENSG00000196792.12	UTR|exon|gene|transcript	48
chr14	72986896	72986944	ENSG00000165861.14	UTR|exon|gene|transcript	48
chr14	105300850	105300898	ENSG00000179364.15|ENSG00000185024.18	UTR|exon|gene|transcript	48
chr14	103468032	103468080	ENSG00000075413.19	UTR|exon|gene|transcript	48
chr14	50327909	50327957	ENSG00000100490.10|ENSG00000125375.18	UTR|exon|gene|transcript	48
chr14	22772994	22773042	ENSG00000155463.14	UTR|exon|gene|transcript	48
chr14	22899028	22899076	ENSG00000100461.18	UTR|exon|gene|transcript	48
chr14	50242433	50242481	ENSG00000087299.12	UTR|exon|gene|transcript	48
chr14	64234183	64234231	ENSG00000140009.19	UTR|exon|gene|transcript	48
chr14	74922394	74922442	ENSG00000198208.12	UTR|exon|gene|transcript	48
chr14	100375355	100375403	ENSG00000140105.18	UTR|exon|gene|transcript	48
chr14	74065446	74065494	ENSG00000119636.16|ENSG00000119711.13	UTR|exon|gene|transcript	48
chr14	35008783	35008831	ENSG00000100883.13	UTR|exon|gene|transcript	48
chr14	67533668	67533716	ENSG00000054690.14|ENSG00000198133.9	UTR|exon|gene|transcript	48
chr14	73114285	73114333	ENSG00000119707.14	UTR|exon|gene|transcript	48
chr14	94293024	94293072	ENSG00000140093.10	UTR|exon|gene|transcript	48
chr14	30735609	30735657	ENSG00000092108.22|ENSG00000258558.1	UTR|exon|gene|transcript	48
chr14	80216689	80216737	ENSG00000211448.14|ENSG00000258766.1	UTR|exon|gene|transcript	48
chr14	65411121	65411169	ENSG00000033170.17	UTR|exon|gene|transcript	48
chr14	95410955	95411003	ENSG00000176438.13	UTR|exon|gene|transcript	48
chr14	68880941	68880989	ENSG00000072110.16	UTR|exon|gene|transcript	48
chr14	104932998	104933045	ENSG00000166428.14	UTR|exon|gene|transcript	47
chr14	105464415	105464462	ENSG00000182979.18	UTR|exon|gene|transcript	47
chr14	21254546	21254593	ENSG00000092199.19	UTR|exon|gene|transcript	47
chr14	102228838	102228885	ENSG00000080823.23	UTR|exon|gene|transcript	47
chr14	99480741	99480788	ENSG00000183576.13	UTR|exon|gene|transcript	47
chr14	73272933	73272980	ENSG00000100767.17|ENSG00000258944.1	UTR|exon|gene|transcript	47
chr14	36520897	36520944	ENSG00000136352.20|ENSG00000253563.2|ENSG00000257520.2|ENSG00000283098.2	UTR|exon|gene|transcript	47
chr14	68904654	68904701	ENSG00000072110.16	UTR|exon|gene|transcript	47
chr14	21487646	21487693	ENSG00000092203.15	UTR|exon|gene|transcript	47
chr14	74290452	74290499	ENSG00000119688.21|ENSG00000258559.2	UTR|exon|gene|transcript	47
chr14	20329223	20329270	ENSG00000100814.19	UTR|exon|gene|transcript	47
chr14	102726670	102726717	ENSG00000089902.10	UTR|exon|gene|transcript	47
chr14	30715923	30715970	ENSG00000092108.22	UTR|exon|gene|transcript	47
chr14	73933425	73933472	ENSG00000156050.10|ENSG00000258891.1	UTR|exon|gene|transcript	47
chr14	96565059	96565106	ENSG00000090060.19	UTR|exon|gene|transcript	47
chr14	24308745	24308792	ENSG00000136305.12|ENSG00000196943.14|ENSG00000213906.10	UTR|exon|gene|transcript	47
chr14	77457494	77457541	ENSG00000151445.16	UTR|exon|gene|transcript	47
chr14	77423470	77423517	ENSG00000165555.10	UTR|exon|gene|transcript	47
chr14	58547976	58548023	ENSG00000100578.18	UTR|exon|gene|transcript	47
chr14	23346323	23346370	ENSG00000092096.19	UTR|exon|gene|transcript	47
chr14	102229072	102229119	ENSG00000080823.23	UTR|exon|gene|transcript	47
chr14	102344000	102344047	ENSG00000100865.15	UTR|exon|gene|transcript	47
chr14	88627772	88627819	ENSG00000165521.16	UTR|exon|gene|transcript	47
chr14	24180394	24180441	ENSG00000196497.17|ENSG00000259522.3	UTR|exon|gene|transcript	47
chr14	36319823	36319870	ENSG00000151332.20	UTR|exon|gene|transcript	47
chr14	73858815	73858862	ENSG00000140043.12|ENSG00000258653.3	UTR|exon|gene|transcript	47
chr14	24071089	24071136	ENSG00000100884.10	UTR|exon|gene|transcript	47
chr14	76178213	76178260	ENSG00000089916.18	UTR|exon|gene|transcript	47
chr14	89980632	89980679	ENSG00000042088.14	UTR|exon|gene|transcript	47
chr14	63204479	63204526	ENSG00000126785.13	UTR|exon|gene|transcript	47
chr14	87984393	87984440	ENSG00000054983.17	UTR|exon|gene|transcript	47
chr14	88500824	88500871	ENSG00000070778.13|ENSG00000258983.2	UTR|exon|gene|transcript	47
chr14	22887631	22887678	ENSG00000139890.10	UTR|exon|gene|transcript	47
chr14	28766525	28766572	ENSG00000176165.13|ENSG00000186960.14	UTR|exon|gene|transcript	47
chr14	49782410	49782457	ENSG00000165516.11|ENSG00000165525.18	UTR|exon|gene|transcript	47
chr14	20373100	20373147	ENSG00000129566.13	UTR|exon|gene|transcript	47
chr14	71109935	71109982	ENSG00000100731.16	UTR|exon|gene|transcript	47
chr14	52314501	52314548	ENSG00000125384.7	UTR|exon|gene|transcript	47
chr14	23182991	23183038	ENSG00000092068.21	UTR|exon|gene|transcript	47
chr14	37172471	37172517	ENSG00000183032.12|ENSG00000258708.1	UTR|exon|gene|transcript	46
chr14	64226988	64227034	ENSG00000140009.19	UTR|exon|gene|transcript	46
chr14	35122160	35122206	ENSG00000092020.11|ENSG00000100890.16	UTR|exon|gene|transcript	46
chr14	64440220	64440266	ENSG00000100714.18|ENSG00000258824.2	UTR|exon|gene|transcript	46
chr14	89955486	89955532	ENSG00000042088.14	UTR|exon|gene|transcript	46
chr14	105049399	105049445	ENSG00000183484.12	UTR|exon|gene|transcript	46
chr14	54413630	54413676	ENSG00000100526.21	UTR|exon|gene|transcript	46
chr14	64459935	64459981	ENSG00000089775.12|ENSG00000100714.18	UTR|exon|gene|transcript	46
chr14	64504872	64504918	ENSG00000089775.12|ENSG00000126804.14	UTR|exon|gene|transcript	46
chr14	71529324	71529370	ENSG00000197555.10	UTR|exon|gene|transcript	46
chr14	64505077	64505123	ENSG00000089775.12|ENSG00000126804.14	UTR|exon|gene|transcript	46
chr14	50313005	50313051	ENSG00000125375.18	UTR|exon|gene|transcript	46
chr14	61051885	61051931	ENSG00000139974.17	UTR|exon|gene|transcript	46
chr14	61030527	61030573	ENSG00000139974.17	UTR|exon|gene|transcript	46
chr14	22821232	22821278	ENSG00000155465.21	UTR|exon|gene|transcript	46
chr14	77283987	77284033	ENSG00000009830.13	UTR|exon|gene|transcript	46
chr14	51847125	51847171	ENSG00000186469.9	UTR|exon|gene|transcript	46
chr14	77330263	77330309	ENSG00000100577.19	UTR|exon|gene|transcript	46
chr14	75107667	75107713	ENSG00000119638.14|ENSG00000119703.15	UTR|exon|gene|transcript	46
chr14	68794692	68794738	ENSG00000185650.10	UTR|exon|gene|transcript	46
chr14	99515199	99515245	ENSG00000090061.17|ENSG00000205476.9	UTR|exon|gene|transcript	46
chr14	52269495	52269541	ENSG00000168229.4	UTR|exon|gene|transcript	46
chr14	99942014	99942060	ENSG00000066629.19	UTR|exon|gene|transcript	46
chr14	57288925	57288971	ENSG00000053770.12	UTR|exon|gene|transcript	46
chr14	31026748	31026794	ENSG00000100478.16	UTR|exon|gene|transcript	46
chr14	51249325	51249371	ENSG00000139921.13	UTR|exon|gene|transcript	46
chr14	39179090	39179136	ENSG00000100941.9	UTR|exon|gene|transcript	46
chr14	50885613	50885659	ENSG00000100504.17|ENSG00000131969.15	UTR|exon|gene|transcript	46
chr14	39267413	39267459	ENSG00000150527.18	UTR|exon|gene|transcript	46
chr14	94026491	94026537	ENSG00000089723.10	UTR|exon|gene|transcript	46
chr14	50727642	50727688	ENSG00000100503.27	UTR|exon|gene|transcript	46
chr14	64388381	64388427	ENSG00000100714.18	UTR|exon|gene|transcript	46
chr14	85648216	85648262	ENSG00000185070.12	UTR|exon|gene|transcript	46
chr14	23311098	23311144	ENSG00000129473.11|ENSG00000258643.6	UTR|exon|gene|transcript	46
chr14	67586410	67586456	ENSG00000054690.14|ENSG00000100564.9	UTR|exon|gene|transcript	46
chr14	32833132	32833178	ENSG00000151320.11	UTR|exon|gene|transcript	46
chr14	74856755	74856800	ENSG00000119596.18|ENSG00000119608.15	UTR|exon|gene|transcript	45
chr14	64747416	64747461	ENSG00000070182.21|ENSG00000126822.18	UTR|exon|gene|transcript	45
chr14	39350645	39350690	ENSG00000150527.18	UTR|exon|gene|transcript	45
chr14	103500155	103500200	ENSG00000075413.19	UTR|exon|gene|transcript	45
chr14	71739576	71739621	ENSG00000197555.10|ENSG00000285518.1	UTR|exon|gene|transcript	45
chr14	63374023	63374068	ENSG00000154001.14	UTR|exon|gene|transcript	45
chr14	76203720	76203765	ENSG00000089916.18	UTR|exon|gene|transcript	45
chr14	24208203	24208248	ENSG00000139908.15|ENSG00000254692.1	UTR|exon|gene|transcript	45
chr14	37795307	37795352	ENSG00000139865.17	UTR|exon|gene|transcript	45
chr14	19414561	19414606	ENSG00000187537.13	UTR|exon|gene|transcript	45
chr14	88843805	88843850	ENSG00000165533.19	UTR|exon|gene|transcript	45
chr14	74670761	74670806	ENSG00000119682.18	UTR|exon|gene|transcript	45
chr14	91589533	91589578	ENSG00000133962.8	UTR|exon|gene|transcript	45
chr14	103108472	103108517	ENSG00000205436.8	UTR|exon|gene|transcript	45
chr14	103385934	103385979	ENSG00000075413.19	UTR|exon|gene|transcript	45
chr14	103385984	103386029	ENSG00000075413.19	UTR|exon|gene|transcript	45
chr14	23348626	23348671	ENSG00000092096.19	UTR|exon|gene|transcript	45
chr14	74286344	74286389	ENSG00000119688.21	UTR|exon|gene|transcript	45
chr14	24265569	24265614	ENSG00000100949.15	UTR|exon|gene|transcript	45
chr14	39132023	39132068	ENSG00000092208.19	UTR|exon|gene|transcript	45
chr14	66507492	66507537	ENSG00000171723.16|ENSG00000258561.2	UTR|exon|gene|transcript	45
chr14	102777617	102777662	ENSG00000131323.17	UTR|exon|gene|transcript	45
chr14	24308423	24308468	ENSG00000136305.12|ENSG00000196943.14|ENSG00000213906.10	UTR|exon|gene|transcript	45
chr14	50723417	50723462	ENSG00000100503.27	UTR|exon|gene|transcript	45
chr14	67653436	67653481	ENSG00000100568.11	UTR|exon|gene|transcript	45
chr14	23301297	23301342	ENSG00000129473.11|ENSG00000235194.9	UTR|exon|gene|transcript	45
chr14	67201532	67201577	ENSG00000172717.17	UTR|exon|gene|transcript	45
chr14	45165565	45165610	ENSG00000187790.12	UTR|exon|gene|transcript	45
chr14	96051123	96051168	ENSG00000227051.7	UTR|exon|gene|transcript	45
chr14	57233987	57234032	ENSG00000070367.17	UTR|exon|gene|transcript	45
chr14	23310927	23310972	ENSG00000129473.11|ENSG00000258643.6	UTR|exon|gene|transcript	45
chr14	35046407	35046452	ENSG00000151327.14	UTR|exon|gene|transcript	45
chr14	58223782	58223827	ENSG00000131966.14|ENSG00000139971.15	UTR|exon|gene|transcript	45
chr14	102226283	102226328	ENSG00000080823.23	UTR|exon|gene|transcript	45
chr14	39136496	39136541	ENSG00000092208.19	UTR|exon|gene|transcript	45
chr14	31457054	31457099	ENSG00000129480.14|ENSG00000203546.7	UTR|exon|gene|transcript	45
chr14	69236406	69236451	ENSG00000081177.19	UTR|exon|gene|transcript	45
chr14	96933267	96933312	ENSG00000100749.9	UTR|exon|gene|transcript	45
chr14	21043567	21043612	ENSG00000165795.25|ENSG00000165799.5	UTR|exon|gene|transcript	45
chr14	31178019	31178064	ENSG00000092148.14	UTR|exon|gene|transcript	45
chr14	104985912	104985957	ENSG00000140104.14	UTR|exon|gene|transcript	45
chr14	39124991	39125036	ENSG00000092208.19	UTR|exon|gene|transcript	45
chr14	18987168	18987213	ENSG00000222036.8	UTR|exon|gene|transcript	45
chr14	35013858	35013902	ENSG00000100883.13	UTR|exon|gene|transcript	44
chr14	52775192	52775236	ENSG00000100522.10	UTR|exon|gene|transcript	44
chr14	75063022	75063066	ENSG00000119640.9	UTR|exon|gene|transcript	44
chr14	23095460	23095504	ENSG00000100813.15	UTR|exon|gene|transcript	44
chr14	24326298	24326342	ENSG00000129467.14	UTR|exon|gene|transcript	44
chr14	100325787	100325831	ENSG00000140107.12	UTR|exon|gene|transcript	44
chr14	24072888	24072932	ENSG00000100884.10	UTR|exon|gene|transcript	44
chr14	50761867	50761911	ENSG00000100503.27	UTR|exon|gene|transcript	44
chr14	32155039	32155083	ENSG00000100852.14|ENSG00000285608.1	UTR|exon|gene|transcript	44
chr14	50634017	50634061	ENSG00000151748.15	UTR|exon|gene|transcript	44
chr14	35085491	35085535	ENSG00000092020.11|ENSG00000151327.14	UTR|exon|gene|transcript	44
chr14	20513453	20513497	ENSG00000182545.7	UTR|exon|gene|transcript	44
chr14	54957591	54957635	ENSG00000198554.12	UTR|exon|gene|transcript	44
chr14	55607345	55607389	ENSG00000126777.18	UTR|exon|gene|transcript	44
chr14	103451920	103451964	ENSG00000075413.19	UTR|exon|gene|transcript	44
chr14	21101140	21101184	ENSG00000165804.16|ENSG00000232070.9	UTR|exon|gene|transcript	44
chr14	50312459	50312503	ENSG00000125375.18	UTR|exon|gene|transcript	44
chr14	95710722	95710766	ENSG00000100721.11	UTR|exon|gene|transcript	44
chr14	73920174	73920218	ENSG00000119725.21|ENSG00000258653.3|ENSG00000258891.1	UTR|exon|gene|transcript	44
chr14	57478981	57479025	ENSG00000100557.10	UTR|exon|gene|transcript	44
chr14	73100318	73100362	ENSG00000119707.14	UTR|exon|gene|transcript	44
chr14	93987352	93987396	ENSG00000175699.15	UTR|exon|gene|transcript	44
chr14	30735706	30735750	ENSG00000092108.22|ENSG00000258558.1	UTR|exon|gene|transcript	44
chr14	21669364	21669408	ENSG00000276240.4	UTR|exon|gene|transcript	44
chr14	67589992	67590036	ENSG00000100564.9	UTR|exon|gene|transcript	44
chr14	20239285	20239329	ENSG00000176198.4	UTR|exon|gene|transcript	44
chr14	73988102	73988146	ENSG00000187097.13	UTR|exon|gene|transcript	44
chr14	90405191	90405235	ENSG00000198668.14|ENSG00000258424.1	UTR|exon|gene|transcript	44
chr14	45110176	45110220	ENSG00000185246.18	UTR|exon|gene|transcript	44
chr14	23295914	23295958	ENSG00000235194.9|ENSG00000290292.10	UTR|exon|gene|transcript	44
chr14	22906200	22906244	ENSG00000100461.18	UTR|exon|gene|transcript	44
chr14	67359698	67359742	ENSG00000100554.12	UTR|exon|gene|transcript	44
chr14	89966146	89966190	ENSG00000042088.14	UTR|exon|gene|transcript	44
chr14	105056122	105056166	ENSG00000183484.12	UTR|exon|gene|transcript	44
chr14	52007967	52008011	ENSG00000087302.9|ENSG00000087303.19	UTR|exon|gene|transcript	44
chr14	65075157	65075201	ENSG00000125952.21	UTR|exon|gene|transcript	44
chr14	65061361	65061405	ENSG00000125952.21|ENSG00000125954.13|ENSG00000257365.8	UTR|exon|gene|transcript	44
chr14	88563650	88563693	ENSG00000100722.20	UTR|exon|gene|transcript	43
chr14	105389960	105390003	ENSG00000179364.15	UTR|exon|gene|transcript	43
chr14	39265351	39265394	ENSG00000150527.18	UTR|exon|gene|transcript	43
chr14	88469921	88469964	ENSG00000042317.17|ENSG00000070778.13	UTR|exon|gene|transcript	43
chr14	41766853	41766896	ENSG00000165379.14	UTR|exon|gene|transcript	43
chr14	94770020	94770063	ENSG00000133937.5	UTR|exon|gene|transcript	43
chr14	73120348	73120391	ENSG00000119707.14	UTR|exon|gene|transcript	43
chr14	74922442	74922485	ENSG00000198208.12	UTR|exon|gene|transcript	43
chr14	74906009	74906052	ENSG00000198208.12	UTR|exon|gene|transcript	43
chr14	52928356	52928399	ENSG00000073712.15|ENSG00000285664.2	UTR|exon|gene|transcript	43
chr14	100537152	100537195	ENSG00000183092.18	UTR|exon|gene|transcript	43
chr14	74901190	74901233	ENSG00000119689.15	UTR|exon|gene|transcript	43
chr14	75082128	75082171	ENSG00000119638.14|ENSG00000119703.15	UTR|exon|gene|transcript	43
chr14	100374838	100374881	ENSG00000140105.18	UTR|exon|gene|transcript	43
chr14	67586367	67586410	ENSG00000054690.14|ENSG00000100564.9	UTR|exon|gene|transcript	43
chr14	64442265	64442308	ENSG00000100714.18|ENSG00000258824.2	UTR|exon|gene|transcript	43
chr14	70460384	70460427	ENSG00000139985.8|ENSG00000257759.2|ENSG00000290783.1	UTR|exon|gene|transcript	43
chr14	90278060	90278103	ENSG00000119720.18	UTR|exon|gene|transcript	43
chr14	64087856	64087899	ENSG00000054654.20|ENSG00000140009.19	UTR|exon|gene|transcript	43
chr14	100292186	100292229	ENSG00000197119.13|ENSG00000258504.2	UTR|exon|gene|transcript	43
chr14	24430670	24430713	ENSG00000100441.10|ENSG00000139899.11	UTR|exon|gene|transcript	43
chr14	90906148	90906191	ENSG00000100784.12	UTR|exon|gene|transcript	43
chr14	55064627	55064670	ENSG00000168175.16	UTR|exon|gene|transcript	43
chr14	99271245	99271288	ENSG00000127152.18	UTR|exon|gene|transcript	43
chr14	102500714	102500757	ENSG00000196663.16	UTR|exon|gene|transcript	43
chr14	54842995	54843038	ENSG00000131979.20	UTR|exon|gene|transcript	43
chr14	32473849	32473892	ENSG00000151320.11	UTR|exon|gene|transcript	43
chr14	55191476	55191519	ENSG00000126787.13	UTR|exon|gene|transcript	43
chr14	67590036	67590079	ENSG00000100564.9	UTR|exon|gene|transcript	43
chr14	22881220	22881263	ENSG00000197324.9	UTR|exon|gene|transcript	43
chr14	56579840	56579883	ENSG00000070269.14	UTR|exon|gene|transcript	43
chr14	60397713	60397756	ENSG00000179008.9	UTR|exon|gene|transcript	43
chr14	50476127	50476170	ENSG00000012983.12	UTR|exon|gene|transcript	43
chr14	104112590	104112633	ENSG00000166183.16	UTR|exon|gene|transcript	43
chr14	20305595	20305638	ENSG00000136319.12	UTR|exon|gene|transcript	43
chr14	92082299	92082342	ENSG00000066427.25	UTR|exon|gene|transcript	43
chr14	95712396	95712439	ENSG00000100721.11|ENSG00000257275.6	UTR|exon|gene|transcript	43
chr14	20368393	20368436	ENSG00000129566.13	UTR|exon|gene|transcript	43
chr14	23065965	23066008	ENSG00000100813.15	UTR|exon|gene|transcript	43
chr14	24166255	24166298	ENSG00000213928.10|ENSG00000259529.2|ENSG00000289757.1	UTR|exon|gene|transcript	43
chr14	23137920	23137963	ENSG00000092068.21	UTR|exon|gene|transcript	43
chr14	73932478	73932521	ENSG00000119725.21|ENSG00000156050.10|ENSG00000258891.1	UTR|exon|gene|transcript	43
chr14	21522660	21522703	ENSG00000165821.12	UTR|exon|gene|transcript	43
chr14	93332303	93332346	ENSG00000011114.15	UTR|exon|gene|transcript	43
chr14	76773522	76773565	ENSG00000071246.11	UTR|exon|gene|transcript	43
chr14	64586836	64586879	ENSG00000165807.8|ENSG00000259076.1	UTR|exon|gene|transcript	43
chr14	101894517	101894560	ENSG00000078304.20	UTR|exon|gene|transcript	43
chr14	23025858	23025901	ENSG00000100804.19	UTR|exon|gene|transcript	43
chr14	58232065	58232108	ENSG00000131966.14|ENSG00000139971.15	UTR|exon|gene|transcript	43
chr14	24313913	24313955	ENSG00000213903.9	UTR|exon|gene|transcript	42
chr14	88500782	88500824	ENSG00000070778.13|ENSG00000258983.2	UTR|exon|gene|transcript	42
chr14	23057402	23057444	ENSG00000139880.21	UTR|exon|gene|transcript	42
chr14	55611976	55612018	ENSG00000126777.18	UTR|exon|gene|transcript	42
chr14	61995833	61995875	ENSG00000139973.18	UTR|exon|gene|transcript	42
chr14	61697788	61697830	ENSG00000100644.17	UTR|exon|gene|transcript	42
chr14	32824773	32824815	ENSG00000151320.11	UTR|exon|gene|transcript	42
chr14	53958719	53958761	ENSG00000125378.16|ENSG00000287156.1	UTR|exon|gene|transcript	42
chr14	35826474	35826516	ENSG00000100916.14|ENSG00000258938.1	UTR|exon|gene|transcript	42
chr14	102343876	102343918	ENSG00000100865.15	UTR|exon|gene|transcript	42
chr14	102828205	102828247	ENSG00000131323.17	UTR|exon|gene|transcript	42
chr14	79279467	79279509	ENSG00000021645.20	UTR|exon|gene|transcript	42
chr14	102465629	102465671	ENSG00000196663.16	UTR|exon|gene|transcript	42
chr14	22920638	22920680	ENSG00000100462.16|ENSG00000237054.9	UTR|exon|gene|transcript	42
chr14	64444692	64444734	ENSG00000100714.18|ENSG00000258824.2	UTR|exon|gene|transcript	42
chr14	52274964	52275006	ENSG00000168229.4	UTR|exon|gene|transcript	42
chr14	22919045	22919087	ENSG00000100461.18|ENSG00000237054.9	UTR|exon|gene|transcript	42
chr14	51966710	51966752	ENSG00000186469.9	UTR|exon|gene|transcript	42
chr14	102051437	102051479	ENSG00000197102.14|ENSG00000293472.1	UTR|exon|gene|transcript	42
chr14	88617444	88617486	ENSG00000100722.20|ENSG00000165521.16	UTR|exon|gene|transcript	42
chr14	57493715	57493757	ENSG00000100557.10	UTR|exon|gene|transcript	42
chr14	65061138	65061180	ENSG00000125952.21|ENSG00000125954.13|ENSG00000257365.8	UTR|exon|gene|transcript	42
chr14	85644600	85644642	ENSG00000185070.12	UTR|exon|gene|transcript	42
chr14	71528698	71528740	ENSG00000197555.10	UTR|exon|gene|transcript	42
chr14	85646332	85646374	ENSG00000185070.12	UTR|exon|gene|transcript	42
chr14	24147649	24147691	ENSG00000092098.18|ENSG00000259529.2	UTR|exon|gene|transcript	42
chr14	73478563	73478605	ENSG00000187105.9	UTR|exon|gene|transcript	42
chr14	95185993	95186035	ENSG00000165959.12	UTR|exon|gene|transcript	42
chr14	21431816	21431858	ENSG00000100888.15	UTR|exon|gene|transcript	42
chr14	94314667	94314709	ENSG00000170099.6	UTR|exon|gene|transcript	42
chr14	34222835	34222877	ENSG00000129521.15	UTR|exon|gene|transcript	42
chr14	21436923	21436965	ENSG00000100888.15	UTR|exon|gene|transcript	42
chr14	96090959	96091001	ENSG00000227051.7	UTR|exon|gene|transcript	42
chr14	24138967	24139009	ENSG00000100908.14	UTR|exon|gene|transcript	42
chr14	92096092	92096134	ENSG00000066427.25	UTR|exon|gene|transcript	42
chr14	30676196	30676238	ENSG00000092108.22	UTR|exon|gene|transcript	42
chr14	20373677	20373719	ENSG00000129566.13	UTR|exon|gene|transcript	42
chr14	94081407	94081449	ENSG00000165948.11	UTR|exon|gene|transcript	42
chr14	68478051	68478093	ENSG00000182185.19	UTR|exon|gene|transcript	42
chr14	30639776	30639818	ENSG00000092108.22	UTR|exon|gene|transcript	42
chr14	88571083	88571124	ENSG00000100722.20	UTR|exon|gene|transcript	41
chr14	88607242	88607283	ENSG00000100722.20	UTR|exon|gene|transcript	41
chr14	100568100	100568141	ENSG00000183092.18	UTR|exon|gene|transcript	41
chr14	20995164	20995205	ENSG00000165792.18	UTR|exon|gene|transcript	41
chr14	102084754	102084795	ENSG00000080824.19	UTR|exon|gene|transcript	41
chr14	51256915	51256956	ENSG00000139921.13	UTR|exon|gene|transcript	41
chr14	72926500	72926541	ENSG00000119599.17	UTR|exon|gene|transcript	41
chr14	81108507	81108548	ENSG00000165409.18|ENSG00000284959.3	UTR|exon|gene|transcript	41
chr14	89830935	89830976	ENSG00000140025.16|ENSG00000259053.1	UTR|exon|gene|transcript	41
chr14	64431786	64431827	ENSG00000100714.18|ENSG00000258824.2	UTR|exon|gene|transcript	41
chr14	90850422	90850463	ENSG00000100784.12	UTR|exon|gene|transcript	41
chr14	69711735	69711776	ENSG00000100647.8	UTR|exon|gene|transcript	41
chr14	75981801	75981842	ENSG00000119650.13|ENSG00000119699.8	UTR|exon|gene|transcript	41
chr14	67589713	67589754	ENSG00000100564.9	UTR|exon|gene|transcript	41
chr14	24114227	24114268	ENSG00000100897.18|ENSG00000129535.13	UTR|exon|gene|transcript	41
chr14	46841674	46841715	ENSG00000139915.22	UTR|exon|gene|transcript	41
chr14	35317306	35317347	ENSG00000100902.11|ENSG00000258790.1	UTR|exon|gene|transcript	41
chr14	91114400	91114441	ENSG00000133943.21	UTR|exon|gene|transcript	41
chr14	31673508	31673549	ENSG00000151413.17	UTR|exon|gene|transcript	41
chr14	63852500	63852541	ENSG00000054654.20	UTR|exon|gene|transcript	41
chr14	100239203	100239244	ENSG00000100811.15	UTR|exon|gene|transcript	41
chr14	50761911	50761952	ENSG00000100503.27	UTR|exon|gene|transcript	41
chr14	67390662	67390703	ENSG00000100558.9	UTR|exon|gene|transcript	41
chr14	22881017	22881058	ENSG00000197324.9	UTR|exon|gene|transcript	41
chr14	56612244	56612285	ENSG00000070269.14	UTR|exon|gene|transcript	41
chr14	77392083	77392124	ENSG00000100583.5	UTR|exon|gene|transcript	41
chr14	23548386	23548427	ENSG00000136367.15|ENSG00000157306.14	UTR|exon|gene|transcript	41
chr14	105300629	105300670	ENSG00000179364.15|ENSG00000185024.18	UTR|exon|gene|transcript	41
chr14	88626900	88626941	ENSG00000100722.20|ENSG00000165521.16	UTR|exon|gene|transcript	41
chr14	35096557	35096598	ENSG00000092020.11|ENSG00000151327.14	UTR|exon|gene|transcript	41
chr14	35277573	35277614	ENSG00000100890.16|ENSG00000258790.1	UTR|exon|gene|transcript	41
chr14	30735809	30735850	ENSG00000092108.22|ENSG00000258558.1	UTR|exon|gene|transcript	41
chr14	57288884	57288925	ENSG00000053770.12	UTR|exon|gene|transcript	41
chr14	31105627	31105668	ENSG00000092148.14|ENSG00000100478.16	UTR|exon|gene|transcript	41
chr14	103557170	103557211	ENSG00000166170.12|ENSG00000258851.1	UTR|exon|gene|transcript	41
chr14	58215243	58215284	ENSG00000131966.14|ENSG00000139971.15	UTR|exon|gene|transcript	41
chr14	76804374	76804415	ENSG00000013523.11	UTR|exon|gene|transcript	41
chr14	58490163	58490204	ENSG00000100578.18	UTR|exon|gene|transcript	41
chr14	30880455	30880496	ENSG00000100473.18|ENSG00000258525.2	UTR|exon|gene|transcript	41
chr14	24313515	24313556	ENSG00000213903.9	UTR|exon|gene|transcript	41
chr14	24183472	24183513	ENSG00000196497.17|ENSG00000259522.3	UTR|exon|gene|transcript	41
chr14	72986944	72986985	ENSG00000165861.14	UTR|exon|gene|transcript	41
chr14	73568063	73568104	ENSG00000119673.16|ENSG00000258603.5	UTR|exon|gene|transcript	41
chr14	24313955	24313995	ENSG00000213903.9	UTR|exon|gene|transcript	40
chr14	34581560	34581600	ENSG00000129515.20	UTR|exon|gene|transcript	40
chr14	102051651	102051691	ENSG00000197102.14|ENSG00000293472.1	UTR|exon|gene|transcript	40
chr14	105450066	105450106	ENSG00000182979.18|ENSG00000226174.7	UTR|exon|gene|transcript	40
chr14	92929716	92929756	ENSG00000100604.13	UTR|exon|gene|transcript	40
chr14	58639150	58639190	ENSG00000165617.16	UTR|exon|gene|transcript	40
chr14	68900861	68900901	ENSG00000072110.16	UTR|exon|gene|transcript	40
chr14	31129408	31129448	ENSG00000092148.14|ENSG00000100478.16	UTR|exon|gene|transcript	40
chr14	60984763	60984803	ENSG00000139974.17	UTR|exon|gene|transcript	40
chr14	22999362	22999402	ENSG00000100802.15	UTR|exon|gene|transcript	40
chr14	92714375	92714415	ENSG00000100600.15	UTR|exon|gene|transcript	40
chr14	52708666	52708706	ENSG00000100519.12	UTR|exon|gene|transcript	40
chr14	19935607	19935647	ENSG00000155249.5	UTR|exon|gene|transcript	40
chr14	90272550	90272590	ENSG00000100764.14|ENSG00000119720.18	UTR|exon|gene|transcript	40
chr14	50778764	50778804	ENSG00000100503.27	UTR|exon|gene|transcript	40
chr14	64424803	64424843	ENSG00000100714.18|ENSG00000258824.2	UTR|exon|gene|transcript	40
chr14	51847171	51847211	ENSG00000186469.9	UTR|exon|gene|transcript	40
chr14	64948693	64948733	ENSG00000125954.13|ENSG00000139998.16	UTR|exon|gene|transcript	40
chr14	72941784	72941824	ENSG00000119599.17	UTR|exon|gene|transcript	40
chr14	31673354	31673394	ENSG00000151413.17	UTR|exon|gene|transcript	40
chr14	30673954	30673994	ENSG00000092108.22	UTR|exon|gene|transcript	40
chr14	103137010	103137050	ENSG00000185215.11	UTR|exon|gene|transcript	40
chr14	76083701	76083741	ENSG00000119650.13	UTR|exon|gene|transcript	40
chr14	35865721	35865761	ENSG00000100916.14	UTR|exon|gene|transcript	40
chr14	72941744	72941784	ENSG00000119599.17	UTR|exon|gene|transcript	40
chr14	50763924	50763964	ENSG00000100503.27	UTR|exon|gene|transcript	40
chr14	87982204	87982243	ENSG00000054983.17	UTR|exon|gene|transcript	39
chr14	73654846	73654885	ENSG00000119661.15	UTR|exon|gene|transcript	39
chr14	53044840	53044879	ENSG00000100523.17	UTR|exon|gene|transcript	39
chr14	89161360	89161399	ENSG00000053254.16	UTR|exon|gene|transcript	39
chr14	104986116	104986155	ENSG00000140104.14	UTR|exon|gene|transcript	39
chr14	74737661	74737700	ENSG00000119616.11	UTR|exon|gene|transcript	39
chr14	75118829	75118868	ENSG00000119638.14|ENSG00000119703.15	UTR|exon|gene|transcript	39
chr14	102304999	102305038	ENSG00000080823.23	UTR|exon|gene|transcript	39
chr14	23558859	23558898	ENSG00000157306.14|ENSG00000259431.6	UTR|exon|gene|transcript	39
chr14	91509726	91509765	ENSG00000100796.18	UTR|exon|gene|transcript	39
chr14	73409936	73409975	ENSG00000133961.21|ENSG00000285006.1	UTR|exon|gene|transcript	39
chr14	95417361	95417400	ENSG00000176438.13	UTR|exon|gene|transcript	39
chr14	105057988	105058027	ENSG00000183484.12	UTR|exon|gene|transcript	39
chr14	23071147	23071186	ENSG00000100813.15	UTR|exon|gene|transcript	39
chr14	58470612	58470651	ENSG00000100578.18	UTR|exon|gene|transcript	39
chr14	66842677	66842716	ENSG00000171723.16	UTR|exon|gene|transcript	39
chr14	95106040	95106079	ENSG00000100697.17	UTR|exon|gene|transcript	39
chr14	103466052	103466091	ENSG00000075413.19	UTR|exon|gene|transcript	39
chr14	22551604	22551643	ENSG00000277734.8	UTR|exon|gene|transcript	39
chr14	104589808	104589847	ENSG00000184601.11|ENSG00000258986.7|ENSG00000259037.1	UTR|exon|gene|transcript	39
chr14	50630937	50630976	ENSG00000198513.14	UTR|exon|gene|transcript	39
chr14	96945418	96945457	ENSG00000100749.9	UTR|exon|gene|transcript	39
chr14	77287232	77287271	ENSG00000009830.13	UTR|exon|gene|transcript	39
chr14	103702680	103702719	ENSG00000126214.22|ENSG00000126215.14	UTR|exon|gene|transcript	39
chr14	21499763	21499802	ENSG00000165819.12	UTR|exon|gene|transcript	39
chr14	64283036	64283075	ENSG00000140009.19	UTR|exon|gene|transcript	39
chr14	52004653	52004692	ENSG00000087302.9	UTR|exon|gene|transcript	39
chr14	105314414	105314453	ENSG00000179364.15|ENSG00000185024.18	UTR|exon|gene|transcript	39
chr14	52787832	52787871	ENSG00000100522.10	UTR|exon|gene|transcript	39
chr14	64930898	64930937	ENSG00000125954.13|ENSG00000258289.10	UTR|exon|gene|transcript	39
chr14	20590761	20590800	ENSG00000173464.16|ENSG00000258436.2|ENSG00000258573.6|ENSG00000259060.7	UTR|exon|gene|transcript	39
chr14	50792459	50792498	ENSG00000100503.27	UTR|exon|gene|transcript	39
chr14	35809071	35809110	ENSG00000174373.17	UTR|exon|gene|transcript	39
chr14	45187848	45187887	ENSG00000187790.12	UTR|exon|gene|transcript	39
chr14	61281183	61281222	ENSG00000027075.17|ENSG00000182107.7	UTR|exon|gene|transcript	39
chr14	75473360	75473399	ENSG00000140044.13	UTR|exon|gene|transcript	39
chr14	100276035	100276074	ENSG00000100811.15	UTR|exon|gene|transcript	39
chr14	54567572	54567611	ENSG00000020577.14	UTR|exon|gene|transcript	39
chr14	104804673	104804712	ENSG00000179627.10	UTR|exon|gene|transcript	39
chr14	50397217	50397256	ENSG00000100490.10|ENSG00000258857.1	UTR|exon|gene|transcript	39
chr14	57297596	57297635	ENSG00000053770.12	UTR|exon|gene|transcript	39
chr14	50468650	50468689	ENSG00000012983.12	UTR|exon|gene|transcript	39
chr14	58408663	58408702	ENSG00000100575.14|ENSG00000196860.8|ENSG00000258378.1	UTR|exon|gene|transcript	39
chr14	74292603	74292642	ENSG00000119688.21|ENSG00000258559.2	UTR|exon|gene|transcript	39
chr14	23262931	23262970	ENSG00000215277.9	UTR|exon|gene|transcript	39
chr14	94613521	94613560	ENSG00000196136.18|ENSG00000273259.3	UTR|exon|gene|transcript	39
chr14	24166311	24166350	ENSG00000213928.10|ENSG00000259529.2|ENSG00000289757.1	UTR|exon|gene|transcript	39
chr14	58540097	58540136	ENSG00000100578.18	UTR|exon|gene|transcript	39
chr14	73103439	73103478	ENSG00000119707.14	UTR|exon|gene|transcript	39
chr14	81427161	81427200	ENSG00000140022.14	UTR|exon|gene|transcript	39
chr14	102231706	102231745	ENSG00000080823.23	UTR|exon|gene|transcript	39
chr14	35045987	35046026	ENSG00000151327.14	UTR|exon|gene|transcript	39
chr14	67678033	67678072	ENSG00000072042.13|ENSG00000258466.5	UTR|exon|gene|transcript	39
chr14	74670070	74670109	ENSG00000119682.18	UTR|exon|gene|transcript	39
chr14	20688836	20688874	ENSG00000214274.10|ENSG00000258818.4|ENSG00000259171.1	UTR|exon|gene|transcript	38
chr14	105395213	105395251	ENSG00000179364.15	UTR|exon|gene|transcript	38
chr14	34561260	34561298	ENSG00000129515.20|ENSG00000259135.1	UTR|exon|gene|transcript	38
chr14	52730223	52730261	ENSG00000198252.12	UTR|exon|gene|transcript	38
chr14	20801355	20801393	ENSG00000129538.14	UTR|exon|gene|transcript	38
chr14	34567853	34567891	ENSG00000129515.20	UTR|exon|gene|transcript	38
chr14	30884618	30884656	ENSG00000100473.18|ENSG00000258525.2	UTR|exon|gene|transcript	38
chr14	21024884	21024922	ENSG00000165795.25|ENSG00000179636.15|ENSG00000258604.1	UTR|exon|gene|transcript	38
chr14	55651889	55651927	ENSG00000126777.18	UTR|exon|gene|transcript	38
chr14	49618745	49618783	ENSG00000165502.7	UTR|exon|gene|transcript	38
chr14	30707876	30707914	ENSG00000092108.22	UTR|exon|gene|transcript	38
chr14	55659665	55659703	ENSG00000126777.18	UTR|exon|gene|transcript	38
chr14	64950878	64950916	ENSG00000125954.13|ENSG00000139998.16	UTR|exon|gene|transcript	38
chr14	57490941	57490979	ENSG00000100557.10	UTR|exon|gene|transcript	38
chr14	21287938	21287976	ENSG00000092200.13	UTR|exon|gene|transcript	38
chr14	95230095	95230133	ENSG00000165959.12	UTR|exon|gene|transcript	38
chr14	50231324	50231362	ENSG00000100485.12	UTR|exon|gene|transcript	38
chr14	52695558	52695596	ENSG00000197930.13	UTR|exon|gene|transcript	38
chr14	19002870	19002908	ENSG00000222036.8	UTR|exon|gene|transcript	38
chr14	105488662	105488700	ENSG00000213145.10|ENSG00000257341.5	UTR|exon|gene|transcript	38
chr14	23538065	23538103	ENSG00000136367.15|ENSG00000157306.14	UTR|exon|gene|transcript	38
chr14	20427445	20427483	ENSG00000185271.9	UTR|exon|gene|transcript	38
chr14	31105589	31105627	ENSG00000092148.14|ENSG00000100478.16	UTR|exon|gene|transcript	38
chr14	103133765	103133803	ENSG00000185215.11	UTR|exon|gene|transcript	38
chr14	64715834	64715872	ENSG00000126822.18	UTR|exon|gene|transcript	38
chr14	23478036	23478074	ENSG00000129460.17	UTR|exon|gene|transcript	38
chr14	95710666	95710704	ENSG00000100721.11	UTR|exon|gene|transcript	38
chr14	92500380	92500418	ENSG00000140090.18	UTR|exon|gene|transcript	38
chr14	77760973	77761011	ENSG00000100603.14|ENSG00000119705.10|ENSG00000197734.10	UTR|exon|gene|transcript	38
chr14	74669648	74669686	ENSG00000119682.18	UTR|exon|gene|transcript	38
chr14	75660824	75660862	ENSG00000119685.20|ENSG00000119686.10|ENSG00000133935.7	UTR|exon|gene|transcript	38
chr14	62117528	62117566	ENSG00000186369.12|ENSG00000289503.1|ENSG00000293464.1	UTR|exon|gene|transcript	38
chr14	54420078	54420116	ENSG00000100526.21	UTR|exon|gene|transcript	38
chr14	104770154	104770192	ENSG00000142208.18|ENSG00000258430.1	UTR|exon|gene|transcript	38
chr14	45109742	45109780	ENSG00000185246.18	UTR|exon|gene|transcript	38
chr14	50886646	50886684	ENSG00000100504.17|ENSG00000131969.15	UTR|exon|gene|transcript	38
chr14	70044216	70044254	ENSG00000100678.20	UTR|exon|gene|transcript	38
chr14	35317419	35317457	ENSG00000100902.11|ENSG00000258790.1	UTR|exon|gene|transcript	38
chr14	35539068	35539106	ENSG00000174373.17	UTR|exon|gene|transcript	38
chr14	29927604	29927642	ENSG00000184304.17	UTR|exon|gene|transcript	38
chr14	21016772	21016810	ENSG00000165795.25	UTR|exon|gene|transcript	38
chr14	54397030	54397068	ENSG00000100526.21	UTR|exon|gene|transcript	38
chr14	70044418	70044456	ENSG00000100678.20	UTR|exon|gene|transcript	38
chr14	100137606	100137644	ENSG00000196405.13	UTR|exon|gene|transcript	38
chr14	52646153	52646191	ENSG00000197930.13	UTR|exon|gene|transcript	38
chr14	90396546	90396584	ENSG00000198668.14	UTR|exon|gene|transcript	38
chr14	33948232	33948270	ENSG00000129521.15	UTR|exon|gene|transcript	38
chr14	24161840	24161878	ENSG00000213928.10|ENSG00000259529.2	UTR|exon|gene|transcript	38
chr14	24427525	24427563	ENSG00000139899.11	UTR|exon|gene|transcript	38
chr14	67586911	67586949	ENSG00000054690.14|ENSG00000100564.9	UTR|exon|gene|transcript	38
chr14	67586809	67586847	ENSG00000054690.14|ENSG00000100564.9	UTR|exon|gene|transcript	38
chr14	102016048	102016086	ENSG00000197102.14	UTR|exon|gene|transcript	38
chr14	24319741	24319779	ENSG00000129467.14	UTR|exon|gene|transcript	38
chr14	37795269	37795307	ENSG00000139865.17	UTR|exon|gene|transcript	38
chr14	102027506	102027544	ENSG00000197102.14	UTR|exon|gene|transcript	38
chr14	38207903	38207941	ENSG00000139874.6	UTR|exon|gene|transcript	38
chr14	105367212	105367250	ENSG00000179364.15	UTR|exon|gene|transcript	38
chr14	24322670	24322708	ENSG00000129467.14	UTR|exon|gene|transcript	38
chr14	73886877	73886915	ENSG00000119725.21|ENSG00000258653.3	UTR|exon|gene|transcript	38
chr14	24080068	24080106	ENSG00000129535.13	UTR|exon|gene|transcript	38
chr14	23068427	23068464	ENSG00000100813.15	UTR|exon|gene|transcript	37
chr14	74289482	74289519	ENSG00000119688.21|ENSG00000258559.2	UTR|exon|gene|transcript	37
chr14	103498864	103498901	ENSG00000075413.19	UTR|exon|gene|transcript	37
chr14	73058667	73058704	ENSG00000119707.14|ENSG00000258813.2	UTR|exon|gene|transcript	37
chr14	94768222	94768259	ENSG00000133937.5	UTR|exon|gene|transcript	37
chr14	69119193	69119230	ENSG00000139990.18	UTR|exon|gene|transcript	37
chr14	22773572	22773609	ENSG00000155465.21	UTR|exon|gene|transcript	37
chr14	22773252	22773289	ENSG00000155465.21	UTR|exon|gene|transcript	37
chr14	21325830	21325867	ENSG00000092200.13	UTR|exon|gene|transcript	37
chr14	49601612	49601649	ENSG00000165501.17	UTR|exon|gene|transcript	37
chr14	104579910	104579947	ENSG00000184601.11|ENSG00000258986.7	UTR|exon|gene|transcript	37
chr14	91947360	91947397	ENSG00000140092.16	UTR|exon|gene|transcript	37
chr14	50322769	50322806	ENSG00000125375.18	UTR|exon|gene|transcript	37
chr14	75132746	75132783	ENSG00000170348.9|ENSG00000259138.1	UTR|exon|gene|transcript	37
chr14	70047867	70047904	ENSG00000100678.20	UTR|exon|gene|transcript	37
chr14	81144901	81144938	ENSG00000165409.18|ENSG00000284959.3	UTR|exon|gene|transcript	37
chr14	24077730	24077767	ENSG00000100884.10	UTR|exon|gene|transcript	37
chr14	77285566	77285603	ENSG00000009830.13	UTR|exon|gene|transcript	37
chr14	21497826	21497863	ENSG00000092203.15	UTR|exon|gene|transcript	37
chr14	77265482	77265519	ENSG00000165553.5	UTR|exon|gene|transcript	37
chr14	61279921	61279958	ENSG00000027075.17|ENSG00000182107.7	UTR|exon|gene|transcript	37
chr14	102082996	102083033	ENSG00000080824.19	UTR|exon|gene|transcript	37
chr14	88614581	88614618	ENSG00000100722.20|ENSG00000165521.16	UTR|exon|gene|transcript	37
chr14	96881354	96881391	ENSG00000100749.9	UTR|exon|gene|transcript	37
chr14	103334538	103334575	ENSG00000100664.11|ENSG00000291313.1	UTR|exon|gene|transcript	37
chr14	20472307	20472344	ENSG00000198805.13	UTR|exon|gene|transcript	37
chr14	24141437	24141474	ENSG00000100908.14	UTR|exon|gene|transcript	37
chr14	63204782	63204819	ENSG00000126785.13	UTR|exon|gene|transcript	37
chr14	24052116	24052153	ENSG00000186648.15|ENSG00000215256.6	UTR|exon|gene|transcript	37
chr14	102503244	102503281	ENSG00000156381.9	UTR|exon|gene|transcript	37
chr14	24115327	24115364	ENSG00000100897.18	UTR|exon|gene|transcript	37
chr14	73611560	73611597	ENSG00000205669.4|ENSG00000258603.5	UTR|exon|gene|transcript	37
chr14	19782803	19782839	ENSG00000176294.6|ENSG00000176299.5	UTR|exon|gene|transcript	36
chr14	49779711	49779747	ENSG00000165516.11	UTR|exon|gene|transcript	36
chr14	93955112	93955148	ENSG00000100628.12	UTR|exon|gene|transcript	36
chr14	102037757	102037793	ENSG00000197102.14|ENSG00000293472.1	UTR|exon|gene|transcript	36
chr14	105391213	105391249	ENSG00000179364.15	UTR|exon|gene|transcript	36
chr14	92323265	92323301	ENSG00000140090.18	UTR|exon|gene|transcript	36
chr14	51967002	51967038	ENSG00000186469.9|ENSG00000259007.1	UTR|exon|gene|transcript	36
chr14	35099271	35099307	ENSG00000092020.11|ENSG00000151327.14	UTR|exon|gene|transcript	36
chr14	91881382	91881418	ENSG00000140092.16	UTR|exon|gene|transcript	36
chr14	31032970	31033006	ENSG00000100478.16	UTR|exon|gene|transcript	36
chr14	49619104	49619140	ENSG00000165502.7	UTR|exon|gene|transcript	36
chr14	58219693	58219729	ENSG00000131966.14|ENSG00000139971.15	UTR|exon|gene|transcript	36
chr14	24137169	24137205	ENSG00000092010.15	UTR|exon|gene|transcript	36
chr14	96881468	96881504	ENSG00000100749.9	UTR|exon|gene|transcript	36
chr14	56618627	56618663	ENSG00000070269.14	UTR|exon|gene|transcript	36
chr14	24339856	24339892	ENSG00000129465.16	UTR|exon|gene|transcript	36
chr14	22999120	22999156	ENSG00000100802.15	UTR|exon|gene|transcript	36
chr14	21098978	21099014	ENSG00000165804.16|ENSG00000232070.9	UTR|exon|gene|transcript	36
chr14	21098381	21098417	ENSG00000165804.16	UTR|exon|gene|transcript	36
chr14	96092760	96092796	ENSG00000227051.7	UTR|exon|gene|transcript	36
chr14	104711628	104711664	ENSG00000203485.14	UTR|exon|gene|transcript	36
chr14	21103102	21103138	ENSG00000165804.16|ENSG00000232070.9	UTR|exon|gene|transcript	36
chr14	60982507	60982543	ENSG00000139974.17|ENSG00000258892.1	UTR|exon|gene|transcript	36
chr14	77616579	77616615	ENSG00000100596.8	UTR|exon|gene|transcript	36
chr14	36657634	36657670	ENSG00000198807.13|ENSG00000258661.1	UTR|exon|gene|transcript	36
chr14	95417567	95417603	ENSG00000176438.13	UTR|exon|gene|transcript	36
chr14	105176991	105177027	ENSG00000183828.15|ENSG00000257622.1	UTR|exon|gene|transcript	36
chr14	21018203	21018239	ENSG00000165795.25	UTR|exon|gene|transcript	36
chr14	67589677	67589713	ENSG00000100564.9	UTR|exon|gene|transcript	36
chr14	64062750	64062786	ENSG00000054654.20	UTR|exon|gene|transcript	36
chr14	21022784	21022820	ENSG00000165795.25	UTR|exon|gene|transcript	36
chr14	90398415	90398451	ENSG00000198668.14	UTR|exon|gene|transcript	36
chr14	77736971	77737007	ENSG00000100603.14|ENSG00000119705.10	UTR|exon|gene|transcript	36
chr14	35403798	35403834	ENSG00000100906.12	UTR|exon|gene|transcript	36
chr14	50560064	50560100	ENSG00000012983.12|ENSG00000198513.14	UTR|exon|gene|transcript	36
chr14	50533075	50533111	ENSG00000012983.12|ENSG00000198513.14	UTR|exon|gene|transcript	36
chr14	100139333	100139369	ENSG00000196405.13	UTR|exon|gene|transcript	36
chr14	45027298	45027334	ENSG00000179454.14|ENSG00000198718.13	UTR|exon|gene|transcript	36
chr14	23273366	23273402	ENSG00000215277.9|ENSG00000290292.10	UTR|exon|gene|transcript	36
chr14	74835411	74835447	ENSG00000119596.18	UTR|exon|gene|transcript	36
chr14	75428216	75428252	ENSG00000140044.13	UTR|exon|gene|transcript	36
chr14	58647134	58647170	ENSG00000165617.16|ENSG00000258583.7	UTR|exon|gene|transcript	36
chr14	73673055	73673091	ENSG00000119661.15	UTR|exon|gene|transcript	36
chr14	105460764	105460800	ENSG00000182979.18	UTR|exon|gene|transcript	36
chr14	73719264	73719300	ENSG00000156030.14	UTR|exon|gene|transcript	36
chr14	39033203	39033238	ENSG00000100934.15	UTR|exon|gene|transcript	35
chr14	24183863	24183898	ENSG00000196497.17|ENSG00000259522.3	UTR|exon|gene|transcript	35
chr14	20558615	20558650	ENSG00000188655.11	UTR|exon|gene|transcript	35
chr14	53153133	53153168	ENSG00000100523.17	UTR|exon|gene|transcript	35
chr14	87988172	87988207	ENSG00000054983.17	UTR|exon|gene|transcript	35
chr14	68874317	68874352	ENSG00000072110.16	UTR|exon|gene|transcript	35
chr14	94050929	94050964	ENSG00000089737.19	UTR|exon|gene|transcript	35
chr14	22070654	22070689	ENSG00000211802.3	UTR|exon|gene|transcript	35
chr14	92080987	92081022	ENSG00000066427.25	UTR|exon|gene|transcript	35
chr14	101925272	101925307	ENSG00000078304.20	UTR|exon|gene|transcript	35
chr14	24324356	24324391	ENSG00000129467.14	UTR|exon|gene|transcript	35
chr14	66916034	66916069	ENSG00000171723.16	UTR|exon|gene|transcript	35
chr14	35096598	35096633	ENSG00000092020.11|ENSG00000151327.14	UTR|exon|gene|transcript	35
chr14	61281148	61281183	ENSG00000027075.17|ENSG00000182107.7	UTR|exon|gene|transcript	35
chr14	24269659	24269694	ENSG00000100949.15	UTR|exon|gene|transcript	35
chr14	96363568	96363603	ENSG00000100744.15	UTR|exon|gene|transcript	35
chr14	104711664	104711699	ENSG00000203485.14	UTR|exon|gene|transcript	35
chr14	22926701	22926736	ENSG00000100462.16|ENSG00000237054.9	UTR|exon|gene|transcript	35
chr14	24367432	24367467	ENSG00000100968.14	UTR|exon|gene|transcript	35
chr14	24074125	24074160	ENSG00000100884.10	UTR|exon|gene|transcript	35
chr14	100280915	100280950	ENSG00000100811.15|ENSG00000259052.1	UTR|exon|gene|transcript	35
chr14	102251469	102251504	ENSG00000080823.23	UTR|exon|gene|transcript	35
chr14	20560336	20560371	ENSG00000188655.11	UTR|exon|gene|transcript	35
chr14	72609182	72609217	ENSG00000205683.12	UTR|exon|gene|transcript	35
chr14	35314360	35314395	ENSG00000100902.11|ENSG00000258790.1	UTR|exon|gene|transcript	35
chr14	56609105	56609140	ENSG00000070269.14	UTR|exon|gene|transcript	35
chr14	31565013	31565048	ENSG00000151413.17	UTR|exon|gene|transcript	35
chr14	21035842	21035877	ENSG00000165795.25|ENSG00000179636.15	UTR|exon|gene|transcript	35
chr14	67585567	67585602	ENSG00000054690.14|ENSG00000100564.9	UTR|exon|gene|transcript	35
chr14	55271492	55271527	ENSG00000178974.11|ENSG00000258413.2	UTR|exon|gene|transcript	35
chr14	104747072	104747107	ENSG00000185100.12	UTR|exon|gene|transcript	35
chr14	55044364	55044399	ENSG00000180008.9	UTR|exon|gene|transcript	35
chr14	102932379	102932414	ENSG00000166126.11|ENSG00000198752.11	UTR|exon|gene|transcript	35
chr14	79864382	79864417	ENSG00000021645.20	UTR|exon|gene|transcript	35
chr14	24189156	24189191	ENSG00000100926.15|ENSG00000254692.1|ENSG00000259522.3|ENSG00000287765.1	UTR|exon|gene|transcript	35
chr14	23298298	23298333	ENSG00000235194.9|ENSG00000290292.10	UTR|exon|gene|transcript	35
chr14	90033384	90033419	ENSG00000042088.14	UTR|exon|gene|transcript	35
chr14	89975780	89975815	ENSG00000042088.14	UTR|exon|gene|transcript	35
chr14	90405072	90405107	ENSG00000198668.14|ENSG00000258424.1	UTR|exon|gene|transcript	35
chr14	24143974	24144009	ENSG00000100911.16	UTR|exon|gene|transcript	35
chr14	21476873	21476908	ENSG00000092203.15|ENSG00000129472.15	UTR|exon|gene|transcript	35
chr14	93955215	93955250	ENSG00000100628.12	UTR|exon|gene|transcript	35
chr14	37564252	37564287	ENSG00000151338.21|ENSG00000259087.5	UTR|exon|gene|transcript	35
chr14	77113390	77113424	ENSG00000198894.8|ENSG00000259164.1	UTR|exon|gene|transcript	34
chr14	58408494	58408528	ENSG00000100575.14|ENSG00000196860.8|ENSG00000258378.1	UTR|exon|gene|transcript	34
chr14	58408613	58408647	ENSG00000100575.14|ENSG00000196860.8|ENSG00000258378.1	UTR|exon|gene|transcript	34
chr14	50118309	50118343	ENSG00000100485.12	UTR|exon|gene|transcript	34
chr14	20381011	20381045	ENSG00000129566.13	UTR|exon|gene|transcript	34
chr14	100134655	100134689	ENSG00000196405.13	UTR|exon|gene|transcript	34
chr14	59504669	59504703	ENSG00000050130.18|ENSG00000151838.12|ENSG00000258782.3	UTR|exon|gene|transcript	34
chr14	59504908	59504942	ENSG00000050130.18|ENSG00000151838.12|ENSG00000258782.3	UTR|exon|gene|transcript	34
chr14	92713851	92713885	ENSG00000100600.15	UTR|exon|gene|transcript	34
chr14	93955508	93955542	ENSG00000100628.12	UTR|exon|gene|transcript	34
chr14	59461231	59461265	ENSG00000126790.12|ENSG00000181619.12	UTR|exon|gene|transcript	34
chr14	93927454	93927488	ENSG00000140067.7	UTR|exon|gene|transcript	34
chr14	64431827	64431861	ENSG00000100714.18|ENSG00000258824.2	UTR|exon|gene|transcript	34
chr14	85621480	85621514	ENSG00000185070.12	UTR|exon|gene|transcript	34
chr14	76371346	76371380	ENSG00000119715.15	UTR|exon|gene|transcript	34
chr14	24264204	24264238	ENSG00000092295.12	UTR|exon|gene|transcript	34
chr14	61046072	61046106	ENSG00000139974.17	UTR|exon|gene|transcript	34
chr14	67338152	67338186	ENSG00000100554.12	UTR|exon|gene|transcript	34
chr14	75081376	75081410	ENSG00000119638.14|ENSG00000119703.15	UTR|exon|gene|transcript	34
chr14	41731836	41731870	ENSG00000165379.14	UTR|exon|gene|transcript	34
chr14	20993442	20993476	ENSG00000165792.18	UTR|exon|gene|transcript	34
chr14	20428299	20428333	ENSG00000185271.9	UTR|exon|gene|transcript	34
chr14	24137397	24137431	ENSG00000092010.15	UTR|exon|gene|transcript	34
chr14	47218020	47218054	ENSG00000139915.22	UTR|exon|gene|transcript	34
chr14	95141153	95141187	ENSG00000100697.17	UTR|exon|gene|transcript	34
chr14	60144285	60144319	ENSG00000100612.14|ENSG00000126773.13	UTR|exon|gene|transcript	34
chr14	30721883	30721917	ENSG00000092108.22	UTR|exon|gene|transcript	34
chr14	92130950	92130984	ENSG00000165934.13	UTR|exon|gene|transcript	34
chr14	68411423	68411457	ENSG00000182185.19	UTR|exon|gene|transcript	34
chr14	102049005	102049039	ENSG00000197102.14|ENSG00000293472.1	UTR|exon|gene|transcript	34
chr14	21030270	21030304	ENSG00000165795.25|ENSG00000179636.15	UTR|exon|gene|transcript	34
chr14	31207121	31207155	ENSG00000092148.14	UTR|exon|gene|transcript	34
chr14	102037110	102037144	ENSG00000197102.14|ENSG00000293472.1	UTR|exon|gene|transcript	34
chr14	88551311	88551345	ENSG00000070778.13	UTR|exon|gene|transcript	34
chr14	26597048	26597082	ENSG00000139910.20	UTR|exon|gene|transcript	34
chr14	20587691	20587725	ENSG00000173464.16|ENSG00000258573.6|ENSG00000259060.7	UTR|exon|gene|transcript	34
chr14	55047630	55047664	ENSG00000180008.9	UTR|exon|gene|transcript	34
chr14	99271924	99271958	ENSG00000127152.18	UTR|exon|gene|transcript	34
chr14	29576494	29576528	ENSG00000184304.17	UTR|exon|gene|transcript	34
chr14	24367467	24367501	ENSG00000100968.14	UTR|exon|gene|transcript	34
chr14	89954523	89954557	ENSG00000140025.16|ENSG00000259053.1	UTR|exon|gene|transcript	34
chr14	96237073	96237107	ENSG00000168398.7|ENSG00000258691.1	UTR|exon|gene|transcript	34
chr14	56648964	56648998	ENSG00000070269.14|ENSG00000259133.5	UTR|exon|gene|transcript	34
chr14	60984729	60984763	ENSG00000139974.17	UTR|exon|gene|transcript	34
chr14	50312683	50312717	ENSG00000125375.18	UTR|exon|gene|transcript	34
chr14	67541833	67541867	ENSG00000054690.14	UTR|exon|gene|transcript	34
chr14	89162327	89162361	ENSG00000053254.16	UTR|exon|gene|transcript	34
chr14	103703132	103703165	ENSG00000126214.22|ENSG00000126215.14	UTR|exon|gene|transcript	33
chr14	23407575	23407608	ENSG00000197616.13	UTR|exon|gene|transcript	33
chr14	21499137	21499170	ENSG00000092203.15|ENSG00000165819.12	UTR|exon|gene|transcript	33
chr14	93116088	93116121	ENSG00000100605.17	UTR|exon|gene|transcript	33
chr14	77024542	77024575	ENSG00000119669.5	UTR|exon|gene|transcript	33
chr14	22880394	22880427	ENSG00000197324.9	UTR|exon|gene|transcript	33
chr14	105707117	105707150	ENSG00000211895.5	UTR|exon|gene|transcript	33
chr14	73702105	73702138	ENSG00000119661.15	UTR|exon|gene|transcript	33
chr14	35114067	35114100	ENSG00000092020.11|ENSG00000151327.14	UTR|exon|gene|transcript	33
chr14	53054437	53054470	ENSG00000100523.17	UTR|exon|gene|transcript	33
chr14	45115601	45115634	ENSG00000100442.11|ENSG00000185246.18	UTR|exon|gene|transcript	33
chr14	67335819	67335852	ENSG00000072415.10|ENSG00000100554.12	UTR|exon|gene|transcript	33
chr14	69771916	69771949	ENSG00000100650.16	UTR|exon|gene|transcript	33
chr14	45121587	45121620	ENSG00000100442.11	UTR|exon|gene|transcript	33
chr14	59927910	59927943	ENSG00000131951.12	UTR|exon|gene|transcript	33
chr14	21018762	21018795	ENSG00000165795.25	UTR|exon|gene|transcript	33
chr14	54939010	54939043	ENSG00000198554.12	UTR|exon|gene|transcript	33
chr14	24441801	24441834	ENSG00000100441.10|ENSG00000100445.18	UTR|exon|gene|transcript	33
chr14	85533960	85533993	ENSG00000185070.12	UTR|exon|gene|transcript	33
chr14	24290602	24290635	ENSG00000157379.14|ENSG00000288044.3	UTR|exon|gene|transcript	33
chr14	103057189	103057222	ENSG00000198752.11	UTR|exon|gene|transcript	33
chr14	75078390	75078423	ENSG00000119703.15	UTR|exon|gene|transcript	33
chr14	52709574	52709607	ENSG00000100519.12	UTR|exon|gene|transcript	33
chr14	105248144	105248177	ENSG00000185024.18	UTR|exon|gene|transcript	33
chr14	23298884	23298917	ENSG00000129473.11|ENSG00000235194.9|ENSG00000290292.10	UTR|exon|gene|transcript	33
chr14	103846844	103846877	ENSG00000088808.18	UTR|exon|gene|transcript	33
chr14	54418273	54418306	ENSG00000100526.21	UTR|exon|gene|transcript	33
chr14	24079674	24079707	ENSG00000129535.13	UTR|exon|gene|transcript	33
chr14	57483151	57483184	ENSG00000100557.10	UTR|exon|gene|transcript	33
chr14	23379738	23379771	ENSG00000166091.21	UTR|exon|gene|transcript	33
chr14	100291456	100291489	ENSG00000197119.13|ENSG00000258504.2	UTR|exon|gene|transcript	33
chr14	45028296	45028329	ENSG00000179454.14|ENSG00000198718.13	UTR|exon|gene|transcript	33
chr14	89932594	89932627	ENSG00000140025.16|ENSG00000259053.1	UTR|exon|gene|transcript	33
chr14	90853510	90853543	ENSG00000100784.12	UTR|exon|gene|transcript	33
chr14	96364053	96364086	ENSG00000100744.15	UTR|exon|gene|transcript	33
chr14	67208316	67208349	ENSG00000172717.17	UTR|exon|gene|transcript	33
chr14	20469547	20469580	ENSG00000198805.13	UTR|exon|gene|transcript	33
chr14	34996676	34996709	ENSG00000100883.13	UTR|exon|gene|transcript	33
chr14	28765677	28765710	ENSG00000176165.13|ENSG00000186960.14	UTR|exon|gene|transcript	33
chr14	96856553	96856586	ENSG00000100749.9	UTR|exon|gene|transcript	33
chr14	69769561	69769594	ENSG00000100650.16	UTR|exon|gene|transcript	33
chr14	23568037	23568070	ENSG00000092051.18|ENSG00000213983.12|ENSG00000258727.1	UTR|exon|gene|transcript	33
chr14	46841323	46841356	ENSG00000139915.22	UTR|exon|gene|transcript	33
chr14	77142636	77142669	ENSG00000165548.11|ENSG00000177108.5|ENSG00000259164.1|ENSG00000269883.1	UTR|exon|gene|transcript	33
chr14	102032434	102032467	ENSG00000197102.14	UTR|exon|gene|transcript	33
chr14	20590728	20590761	ENSG00000173464.16|ENSG00000258436.2|ENSG00000258573.6|ENSG00000259060.7	UTR|exon|gene|transcript	33
chr14	74922072	74922104	ENSG00000198208.12	UTR|exon|gene|transcript	32
chr14	37590708	37590740	ENSG00000129514.8	UTR|exon|gene|transcript	32
chr14	67651676	67651708	ENSG00000081181.8|ENSG00000100568.11	UTR|exon|gene|transcript	32
chr14	87949899	87949931	ENSG00000054983.17	UTR|exon|gene|transcript	32
chr14	68796042	68796074	ENSG00000185650.10	UTR|exon|gene|transcript	32
chr14	24322363	24322395	ENSG00000129467.14	UTR|exon|gene|transcript	32
chr14	56585000	56585032	ENSG00000070269.14	UTR|exon|gene|transcript	32
chr14	103110223	103110255	ENSG00000205436.8	UTR|exon|gene|transcript	32
chr14	38210913	38210945	ENSG00000139874.6	UTR|exon|gene|transcript	32
chr14	105489404	105489436	ENSG00000257341.5	UTR|exon|gene|transcript	32
chr14	77760801	77760833	ENSG00000100603.14|ENSG00000119705.10	UTR|exon|gene|transcript	32
chr14	39170221	39170253	ENSG00000182400.15	UTR|exon|gene|transcript	32
chr14	67816533	67816565	ENSG00000072121.17	UTR|exon|gene|transcript	32
chr14	67768516	67768548	ENSG00000072121.17	UTR|exon|gene|transcript	32
chr14	50725839	50725871	ENSG00000100503.27	UTR|exon|gene|transcript	32
chr14	100097013	100097045	ENSG00000196405.13	UTR|exon|gene|transcript	32
chr14	100123570	100123602	ENSG00000196405.13	UTR|exon|gene|transcript	32
chr14	23262679	23262711	ENSG00000215277.9	UTR|exon|gene|transcript	32
chr14	64565625	64565657	ENSG00000165807.8|ENSG00000259076.1	UTR|exon|gene|transcript	32
chr14	92935253	92935285	ENSG00000100604.13	UTR|exon|gene|transcript	32
chr14	69053824	69053856	ENSG00000139990.18	UTR|exon|gene|transcript	32
chr14	24974818	24974850	ENSG00000168952.16	UTR|exon|gene|transcript	32
chr14	50395871	50395903	ENSG00000100490.10	UTR|exon|gene|transcript	32
chr14	23578672	23578704	ENSG00000092051.18	UTR|exon|gene|transcript	32
chr14	24440976	24441008	ENSG00000100441.10|ENSG00000100445.18	UTR|exon|gene|transcript	32
chr14	30607887	30607919	ENSG00000092140.16	UTR|exon|gene|transcript	32
chr14	24188069	24188101	ENSG00000196497.17|ENSG00000259522.3	UTR|exon|gene|transcript	32
chr14	96088491	96088523	ENSG00000227051.7	UTR|exon|gene|transcript	32
chr14	103457180	103457212	ENSG00000075413.19	UTR|exon|gene|transcript	32
chr14	74675708	74675740	ENSG00000119682.18	UTR|exon|gene|transcript	32
chr14	69209438	69209470	ENSG00000081177.19|ENSG00000258957.2	UTR|exon|gene|transcript	32
chr14	52646378	52646410	ENSG00000197930.13	UTR|exon|gene|transcript	32
chr14	73223515	73223547	ENSG00000080815.20	UTR|exon|gene|transcript	32
chr14	21093591	21093623	ENSG00000165804.16	UTR|exon|gene|transcript	32
chr14	74064920	74064952	ENSG00000119636.16|ENSG00000119711.13	UTR|exon|gene|transcript	32
chr14	69769594	69769626	ENSG00000100650.16	UTR|exon|gene|transcript	32
chr14	20117467	20117499	ENSG00000176230.7	UTR|exon|gene|transcript	32
chr14	102055887	102055919	ENSG00000197102.14|ENSG00000293472.1	UTR|exon|gene|transcript	32
chr14	105528721	105528753	ENSG00000184986.12	UTR|exon|gene|transcript	32
chr14	66916002	66916034	ENSG00000171723.16	UTR|exon|gene|transcript	32
chr14	73174172	73174204	ENSG00000080815.20	UTR|exon|gene|transcript	32
chr14	45134744	45134776	ENSG00000100442.11	UTR|exon|gene|transcript	32
chr14	100141735	100141767	ENSG00000196405.13	UTR|exon|gene|transcript	32
chr14	52657916	52657948	ENSG00000197930.13	UTR|exon|gene|transcript	32
chr14	34629963	34629995	ENSG00000129515.20	UTR|exon|gene|transcript	32
chr14	100375406	100375438	ENSG00000140105.18	UTR|exon|gene|transcript	32
chr14	57480722	57480754	ENSG00000100557.10	UTR|exon|gene|transcript	32
chr14	50231362	50231394	ENSG00000100485.12	UTR|exon|gene|transcript	32
chr14	94096906	94096937	ENSG00000165948.11	UTR|exon|gene|transcript	31
chr14	22924269	22924300	ENSG00000100462.16|ENSG00000237054.9	UTR|exon|gene|transcript	31
chr14	104986335	104986366	ENSG00000140104.14	UTR|exon|gene|transcript	31
chr14	64209454	64209485	ENSG00000054654.20|ENSG00000140009.19	UTR|exon|gene|transcript	31
chr14	24141316	24141347	ENSG00000100908.14	UTR|exon|gene|transcript	31
chr14	58267473	58267504	ENSG00000100567.13|ENSG00000139971.15|ENSG00000257621.9|ENSG00000258682.1	UTR|exon|gene|transcript	31
chr14	88438422	88438453	ENSG00000042317.17	UTR|exon|gene|transcript	31
chr14	73885391	73885422	ENSG00000140043.12|ENSG00000258653.3|ENSG00000273711.2	UTR|exon|gene|transcript	31
chr14	34713642	34713673	ENSG00000165410.15	UTR|exon|gene|transcript	31
chr14	64932230	64932261	ENSG00000125954.13|ENSG00000258289.10	UTR|exon|gene|transcript	31
chr14	77296163	77296194	ENSG00000009830.13	UTR|exon|gene|transcript	31
chr14	77140542	77140573	ENSG00000165548.11|ENSG00000177108.5|ENSG00000259164.1	UTR|exon|gene|transcript	31
chr14	56579883	56579914	ENSG00000070269.14	UTR|exon|gene|transcript	31
chr14	20455338	20455369	ENSG00000100823.12	UTR|exon|gene|transcript	31
chr14	88185503	88185534	ENSG00000100433.16	UTR|exon|gene|transcript	31
chr14	37606711	37606742	ENSG00000139865.17	UTR|exon|gene|transcript	31
chr14	65075126	65075157	ENSG00000125952.21	UTR|exon|gene|transcript	31
chr14	93187260	93187291	ENSG00000153485.6|ENSG00000259066.5	UTR|exon|gene|transcript	31
chr14	69259978	69260009	ENSG00000100626.17|ENSG00000258520.1	UTR|exon|gene|transcript	31
chr14	95409000	95409031	ENSG00000176438.13	UTR|exon|gene|transcript	31
chr14	80959431	80959462	ENSG00000100629.17|ENSG00000165409.18	UTR|exon|gene|transcript	31
chr14	50621868	50621899	ENSG00000198513.14	UTR|exon|gene|transcript	31
chr14	49894264	49894295	ENSG00000165527.8	UTR|exon|gene|transcript	31
chr14	74293279	74293310	ENSG00000119688.21|ENSG00000258559.2	UTR|exon|gene|transcript	31
chr14	81180177	81180208	ENSG00000165417.12	UTR|exon|gene|transcript	31
chr14	94096855	94096886	ENSG00000165948.11	UTR|exon|gene|transcript	31
chr14	70671655	70671686	ENSG00000133985.3	UTR|exon|gene|transcript	31
chr14	96089505	96089536	ENSG00000227051.7	UTR|exon|gene|transcript	31
chr14	100295625	100295656	ENSG00000197119.13	UTR|exon|gene|transcript	31
chr14	24378024	24378055	ENSG00000100968.14	UTR|exon|gene|transcript	31
chr14	50881595	50881626	ENSG00000100504.17|ENSG00000131969.15	UTR|exon|gene|transcript	31
chr14	81108919	81108950	ENSG00000165409.18|ENSG00000284959.3	UTR|exon|gene|transcript	31
chr14	21210581	21210612	ENSG00000092199.19	UTR|exon|gene|transcript	31
chr14	63599942	63599973	ENSG00000140006.12	UTR|exon|gene|transcript	31
chr14	88841526	88841557	ENSG00000165533.19	UTR|exon|gene|transcript	31
chr14	24266785	24266816	ENSG00000100949.15	UTR|exon|gene|transcript	31
chr14	69356482	69356513	ENSG00000100626.17	UTR|exon|gene|transcript	31
chr14	24269628	24269659	ENSG00000100949.15	UTR|exon|gene|transcript	31
chr14	104709619	104709650	ENSG00000203485.14	UTR|exon|gene|transcript	31
chr14	24369121	24369152	ENSG00000100968.14	UTR|exon|gene|transcript	31
chr14	24309903	24309934	ENSG00000136305.12|ENSG00000213906.10	UTR|exon|gene|transcript	31
chr14	71739370	71739401	ENSG00000197555.10|ENSG00000285518.1	UTR|exon|gene|transcript	31
chr14	61390807	61390838	ENSG00000027075.17	UTR|exon|gene|transcript	31
chr14	21025645	21025676	ENSG00000165795.25|ENSG00000179636.15|ENSG00000258604.1	UTR|exon|gene|transcript	31
chr14	89924627	89924658	ENSG00000140025.16|ENSG00000259053.1	UTR|exon|gene|transcript	31
chr14	21078176	21078207	ENSG00000165801.10	UTR|exon|gene|transcript	31
chr14	75657502	75657533	ENSG00000119685.20|ENSG00000119686.10|ENSG00000133935.7	UTR|exon|gene|transcript	31
chr14	50560403	50560434	ENSG00000012983.12|ENSG00000198513.14	UTR|exon|gene|transcript	31
chr14	69771973	69772004	ENSG00000100650.16	UTR|exon|gene|transcript	31
chr14	24073647	24073678	ENSG00000100884.10	UTR|exon|gene|transcript	31
chr14	75684083	75684114	ENSG00000119685.20	UTR|exon|gene|transcript	31
chr14	74685615	74685646	ENSG00000119682.18	UTR|exon|gene|transcript	31
chr14	67585950	67585981	ENSG00000054690.14|ENSG00000100564.9	UTR|exon|gene|transcript	31
chr14	64552813	64552844	ENSG00000165807.8|ENSG00000259076.1	UTR|exon|gene|transcript	31
chr14	104937212	104937243	ENSG00000166428.14	UTR|exon|gene|transcript	31
chr14	21024108	21024139	ENSG00000165795.25|ENSG00000179636.15	UTR|exon|gene|transcript	31
chr14	23307160	23307191	ENSG00000129473.11|ENSG00000258643.6	UTR|exon|gene|transcript	31
chr14	60148947	60148978	ENSG00000100612.14|ENSG00000126773.13	UTR|exon|gene|transcript	31
chr14	22575058	22575089	ENSG00000129562.11	UTR|exon|gene|transcript	31
chr14	92686299	92686330	ENSG00000100599.16	UTR|exon|gene|transcript	31
chr14	21024139	21024170	ENSG00000165795.25|ENSG00000179636.15	UTR|exon|gene|transcript	31
chr14	24205696	24205727	ENSG00000139908.15|ENSG00000254692.1	UTR|exon|gene|transcript	31
chr14	52327683	52327713	ENSG00000125384.7	UTR|exon|gene|transcript	30
chr14	66493913	66493943	ENSG00000196553.15|ENSG00000258561.2	UTR|exon|gene|transcript	30
chr14	77284851	77284881	ENSG00000009830.13	UTR|exon|gene|transcript	30
chr14	77286982	77287012	ENSG00000009830.13	UTR|exon|gene|transcript	30
chr14	65006173	65006203	ENSG00000125952.21|ENSG00000125954.13|ENSG00000257365.8	UTR|exon|gene|transcript	30
chr14	37564330	37564360	ENSG00000151338.21|ENSG00000259087.5	UTR|exon|gene|transcript	30
chr14	102033268	102033298	ENSG00000197102.14	UTR|exon|gene|transcript	30
chr14	37546029	37546059	ENSG00000151338.21	UTR|exon|gene|transcript	30
chr14	72959375	72959405	ENSG00000119599.17	UTR|exon|gene|transcript	30
chr14	23324348	23324378	ENSG00000100836.11|ENSG00000258643.6	UTR|exon|gene|transcript	30
chr14	55612018	55612048	ENSG00000126777.18	UTR|exon|gene|transcript	30
chr14	22830018	22830048	ENSG00000172590.18	UTR|exon|gene|transcript	30
chr14	90857929	90857959	ENSG00000100784.12	UTR|exon|gene|transcript	30
chr14	73717942	73717972	ENSG00000156030.14	UTR|exon|gene|transcript	30
chr14	39133729	39133759	ENSG00000092208.19	UTR|exon|gene|transcript	30
chr14	102083792	102083822	ENSG00000080824.19	UTR|exon|gene|transcript	30
chr14	96954816	96954846	ENSG00000100749.9	UTR|exon|gene|transcript	30
chr14	45116252	45116282	ENSG00000100442.11|ENSG00000185246.18	UTR|exon|gene|transcript	30
chr14	104800670	104800700	ENSG00000179627.10	UTR|exon|gene|transcript	30
chr14	74714913	74714943	ENSG00000119616.11	UTR|exon|gene|transcript	30
chr14	23296837	23296867	ENSG00000235194.9|ENSG00000290292.10	UTR|exon|gene|transcript	30
chr14	74735866	74735896	ENSG00000119616.11	UTR|exon|gene|transcript	30
chr14	24074095	24074125	ENSG00000100884.10	UTR|exon|gene|transcript	30
chr14	67221995	67222025	ENSG00000172717.17	UTR|exon|gene|transcript	30
chr14	64460654	64460684	ENSG00000089775.12|ENSG00000100714.18	UTR|exon|gene|transcript	30
chr14	100293586	100293616	ENSG00000197119.13|ENSG00000258504.2	UTR|exon|gene|transcript	30
chr14	71110118	71110148	ENSG00000100731.16	UTR|exon|gene|transcript	30
chr14	22951491	22951521	ENSG00000092036.19|ENSG00000257285.7|ENSG00000259132.1	UTR|exon|gene|transcript	30
chr14	24325376	24325406	ENSG00000129467.14	UTR|exon|gene|transcript	30
chr14	24305186	24305216	ENSG00000136305.12|ENSG00000196943.14	UTR|exon|gene|transcript	30
chr14	95712366	95712396	ENSG00000100721.11|ENSG00000257275.6	UTR|exon|gene|transcript	30
chr14	64467106	64467136	ENSG00000089775.12|ENSG00000179841.8	UTR|exon|gene|transcript	30
chr14	69398707	69398737	ENSG00000029364.12	UTR|exon|gene|transcript	30
chr14	90274083	90274113	ENSG00000100764.14|ENSG00000119720.18	UTR|exon|gene|transcript	30
chr14	74493307	74493337	ENSG00000119655.11	UTR|exon|gene|transcript	30
chr14	74499271	74499301	ENSG00000119681.12	UTR|exon|gene|transcript	30
chr14	20994033	20994063	ENSG00000165792.18	UTR|exon|gene|transcript	30
chr14	21211306	21211336	ENSG00000092199.19	UTR|exon|gene|transcript	30
chr14	77024858	77024888	ENSG00000119669.5	UTR|exon|gene|transcript	30
chr14	73106051	73106081	ENSG00000119707.14	UTR|exon|gene|transcript	30
chr14	23300106	23300136	ENSG00000129473.11|ENSG00000235194.9	UTR|exon|gene|transcript	30
chr14	24508235	24508265	ENSG00000092009.10|ENSG00000258744.3	UTR|exon|gene|transcript	30
chr14	104876297	104876327	ENSG00000099814.17	UTR|exon|gene|transcript	30
chr14	23298251	23298281	ENSG00000235194.9|ENSG00000290292.10	UTR|exon|gene|transcript	30
chr14	31026349	31026379	ENSG00000100478.16|ENSG00000196792.12	UTR|exon|gene|transcript	30
chr14	94768460	94768490	ENSG00000133937.5	UTR|exon|gene|transcript	30
chr14	92797407	92797437	ENSG00000066455.13	UTR|exon|gene|transcript	30
chr14	24236065	24236095	ENSG00000100938.19	UTR|exon|gene|transcript	30
chr14	58647170	58647200	ENSG00000165617.16|ENSG00000258583.7	UTR|exon|gene|transcript	30
chr14	94283314	94283344	ENSG00000140093.10	UTR|exon|gene|transcript	30
chr14	77284033	77284063	ENSG00000009830.13	UTR|exon|gene|transcript	30
chr14	93788420	93788450	ENSG00000175785.13	UTR|exon|gene|transcript	30
chr14	94114850	94114880	ENSG00000165949.13	UTR|exon|gene|transcript	30
chr14	45046544	45046574	ENSG00000198718.13	UTR|exon|gene|transcript	30
chr14	103701514	103701544	ENSG00000126214.22|ENSG00000126215.14	UTR|exon|gene|transcript	30
chr14	105497413	105497443	ENSG00000185347.19	UTR|exon|gene|transcript	30
chr14	73721480	73721509	ENSG00000156030.14	UTR|exon|gene|transcript	29
chr14	105464673	105464702	ENSG00000182979.18	UTR|exon|gene|transcript	29
chr14	19780293	19780322	ENSG00000176294.6|ENSG00000176299.5	UTR|exon|gene|transcript	29
chr14	19749310	19749339	ENSG00000176294.6|ENSG00000182652.4	UTR|exon|gene|transcript	29
chr14	102044462	102044491	ENSG00000197102.14|ENSG00000293472.1	UTR|exon|gene|transcript	29
chr14	35276001	35276030	ENSG00000100890.16|ENSG00000258790.1	UTR|exon|gene|transcript	29
chr14	34712135	34712164	ENSG00000165410.15	UTR|exon|gene|transcript	29
chr14	74903609	74903638	ENSG00000119689.15	UTR|exon|gene|transcript	29
chr14	105176962	105176991	ENSG00000183828.15|ENSG00000257622.1	UTR|exon|gene|transcript	29
chr14	24237041	24237070	ENSG00000100938.19	UTR|exon|gene|transcript	29
chr14	69191899	69191928	ENSG00000081177.19|ENSG00000258957.2	UTR|exon|gene|transcript	29
chr14	95099906	95099935	ENSG00000100697.17	UTR|exon|gene|transcript	29
chr14	92732786	92732815	ENSG00000100600.15	UTR|exon|gene|transcript	29
chr14	92713822	92713851	ENSG00000100600.15	UTR|exon|gene|transcript	29
chr14	95091322	95091351	ENSG00000100697.17	UTR|exon|gene|transcript	29
chr14	35109931	35109960	ENSG00000092020.11|ENSG00000151327.14	UTR|exon|gene|transcript	29
chr14	93430836	93430865	ENSG00000133958.14	UTR|exon|gene|transcript	29
chr14	59461173	59461202	ENSG00000126790.12|ENSG00000181619.12	UTR|exon|gene|transcript	29
chr14	77275424	77275453	ENSG00000009830.13	UTR|exon|gene|transcript	29
chr14	21526184	21526213	ENSG00000165821.12	UTR|exon|gene|transcript	29
chr14	58298558	58298587	ENSG00000032219.19	UTR|exon|gene|transcript	29
chr14	100137577	100137606	ENSG00000196405.13	UTR|exon|gene|transcript	29
chr14	24209645	24209674	ENSG00000254505.11|ENSG00000254692.1|ENSG00000260669.2	UTR|exon|gene|transcript	29
chr14	96531696	96531725	ENSG00000090060.19	UTR|exon|gene|transcript	29
chr14	67359742	67359771	ENSG00000100554.12	UTR|exon|gene|transcript	29
chr14	64221546	64221575	ENSG00000054654.20|ENSG00000140009.19	UTR|exon|gene|transcript	29
chr14	103107754	103107783	ENSG00000205436.8	UTR|exon|gene|transcript	29
chr14	96881516	96881545	ENSG00000100749.9	UTR|exon|gene|transcript	29
chr14	67447395	67447424	ENSG00000198133.9	UTR|exon|gene|transcript	29
chr14	23043128	23043157	ENSG00000222028.5	UTR|exon|gene|transcript	29
chr14	20995900	20995929	ENSG00000165792.18|ENSG00000258471.2	UTR|exon|gene|transcript	29
chr14	77717598	77717627	ENSG00000100603.14|ENSG00000119705.10	UTR|exon|gene|transcript	29
chr14	102233760	102233789	ENSG00000080823.23	UTR|exon|gene|transcript	29
chr14	58223827	58223856	ENSG00000131966.14|ENSG00000139971.15	UTR|exon|gene|transcript	29
chr14	57237337	57237366	ENSG00000070367.17	UTR|exon|gene|transcript	29
chr14	105055729	105055758	ENSG00000183484.12	UTR|exon|gene|transcript	29
chr14	20015193	20015222	ENSG00000169484.4	UTR|exon|gene|transcript	29
chr14	51095076	51095105	ENSG00000100505.14	UTR|exon|gene|transcript	29
chr14	24095349	24095378	ENSG00000100889.12|ENSG00000129535.13	UTR|exon|gene|transcript	29
chr14	24094376	24094405	ENSG00000100889.12|ENSG00000129535.13	UTR|exon|gene|transcript	29
chr14	100454780	100454809	ENSG00000176473.14	UTR|exon|gene|transcript	29
chr14	81221188	81221217	ENSG00000165417.12	UTR|exon|gene|transcript	29
chr14	30676713	30676742	ENSG00000092108.22	UTR|exon|gene|transcript	29
chr14	21262739	21262768	ENSG00000092199.19	UTR|exon|gene|transcript	29
chr14	23260658	23260687	ENSG00000215277.9	UTR|exon|gene|transcript	29
chr14	64503098	64503127	ENSG00000089775.12	UTR|exon|gene|transcript	29
chr14	75069720	75069749	ENSG00000119703.15	UTR|exon|gene|transcript	29
chr14	21210936	21210965	ENSG00000092199.19	UTR|exon|gene|transcript	29
chr14	22598413	22598442	ENSG00000100439.11|ENSG00000275552.1	UTR|exon|gene|transcript	29
chr14	24167034	24167063	ENSG00000213928.10|ENSG00000289757.1	UTR|exon|gene|transcript	29
chr14	103503252	103503281	ENSG00000075413.19	UTR|exon|gene|transcript	29
chr14	73276548	73276577	ENSG00000133961.21	UTR|exon|gene|transcript	29
chr14	23990923	23990952	ENSG00000187630.18|ENSG00000215256.6|ENSG00000285467.1	UTR|exon|gene|transcript	29
chr14	90404717	90404746	ENSG00000198668.14|ENSG00000258424.1	UTR|exon|gene|transcript	29
chr14	90533790	90533819	ENSG00000165914.15	UTR|exon|gene|transcript	29
chr14	99512165	99512194	ENSG00000090061.17|ENSG00000205476.9	UTR|exon|gene|transcript	29
chr14	65077773	65077802	ENSG00000125952.21	UTR|exon|gene|transcript	29
chr14	105736342	105736371	ENSG00000211896.7	UTR|exon|gene|transcript	29
chr14	105395251	105395280	ENSG00000179364.15	UTR|exon|gene|transcript	29
chr14	39159449	39159478	ENSG00000182400.15	UTR|exon|gene|transcript	29
chr14	37547634	37547663	ENSG00000151338.21	UTR|exon|gene|transcript	29
chr14	87988143	87988172	ENSG00000054983.17	UTR|exon|gene|transcript	29
chr14	91160265	91160294	ENSG00000133943.21	UTR|exon|gene|transcript	29
chr14	24205727	24205755	ENSG00000139908.15|ENSG00000254692.1	UTR|exon|gene|transcript	28
chr14	68788893	68788921	ENSG00000185650.10	UTR|exon|gene|transcript	28
chr14	103561164	103561192	ENSG00000166170.12|ENSG00000258851.1	UTR|exon|gene|transcript	28
chr14	93184846	93184874	ENSG00000165943.5	UTR|exon|gene|transcript	28
chr14	72958918	72958946	ENSG00000119599.17	UTR|exon|gene|transcript	28
chr14	77141602	77141630	ENSG00000165548.11|ENSG00000177108.5|ENSG00000259164.1|ENSG00000269883.1	UTR|exon|gene|transcript	28
chr14	77304772	77304800	ENSG00000009830.13	UTR|exon|gene|transcript	28
chr14	58444019	58444047	ENSG00000100578.18	UTR|exon|gene|transcript	28
chr14	24324306	24324334	ENSG00000129467.14	UTR|exon|gene|transcript	28
chr14	37234377	37234405	ENSG00000151338.21	UTR|exon|gene|transcript	28
chr14	73703310	73703338	ENSG00000119661.15	UTR|exon|gene|transcript	28
chr14	94102031	94102059	ENSG00000165948.11	UTR|exon|gene|transcript	28
chr14	74858814	74858842	ENSG00000119596.18|ENSG00000119608.15	UTR|exon|gene|transcript	28
chr14	21476599	21476627	ENSG00000092203.15|ENSG00000129472.15	UTR|exon|gene|transcript	28
chr14	94282617	94282645	ENSG00000140093.10	UTR|exon|gene|transcript	28
chr14	50109670	50109698	ENSG00000100483.14	UTR|exon|gene|transcript	28
chr14	93187422	93187450	ENSG00000153485.6|ENSG00000259066.5	UTR|exon|gene|transcript	28
chr14	24240155	24240183	ENSG00000092330.19	UTR|exon|gene|transcript	28
chr14	21861473	21861501	ENSG00000289723.1	UTR|exon|gene|transcript	28
chr14	58234790	58234818	ENSG00000131966.14|ENSG00000139971.15	UTR|exon|gene|transcript	28
chr14	75014947	75014975	ENSG00000119684.16	UTR|exon|gene|transcript	28
chr14	73537393	73537421	ENSG00000184227.8|ENSG00000187105.9	UTR|exon|gene|transcript	28
chr14	23035111	23035139	ENSG00000100804.19	UTR|exon|gene|transcript	28
chr14	88013778	88013806	ENSG00000140030.6|ENSG00000258407.1	UTR|exon|gene|transcript	28
chr14	24313885	24313913	ENSG00000213903.9	UTR|exon|gene|transcript	28
chr14	54480693	54480721	ENSG00000197045.14	UTR|exon|gene|transcript	28
chr14	61051786	61051814	ENSG00000139974.17	UTR|exon|gene|transcript	28
chr14	63543298	63543326	ENSG00000154001.14	UTR|exon|gene|transcript	28
chr14	21016850	21016878	ENSG00000165795.25	UTR|exon|gene|transcript	28
chr14	54567310	54567338	ENSG00000020577.14	UTR|exon|gene|transcript	28
chr14	96933496	96933524	ENSG00000100749.9	UTR|exon|gene|transcript	28
chr14	21022233	21022261	ENSG00000165795.25	UTR|exon|gene|transcript	28
chr14	24115246	24115274	ENSG00000100897.18	UTR|exon|gene|transcript	28
chr14	44961909	44961937	ENSG00000179454.14	UTR|exon|gene|transcript	28
chr14	102263588	102263616	ENSG00000080823.23	UTR|exon|gene|transcript	28
chr14	35091179	35091207	ENSG00000092020.11|ENSG00000151327.14	UTR|exon|gene|transcript	28
chr14	104991493	104991521	ENSG00000140104.14	UTR|exon|gene|transcript	28
chr14	31112415	31112443	ENSG00000092148.14|ENSG00000100478.16	UTR|exon|gene|transcript	28
chr14	91223702	91223730	ENSG00000133943.21	UTR|exon|gene|transcript	28
chr14	64294032	64294060	ENSG00000140009.19	UTR|exon|gene|transcript	28
chr14	20995205	20995233	ENSG00000165792.18	UTR|exon|gene|transcript	28
chr14	36517216	36517244	ENSG00000136352.20|ENSG00000257520.2|ENSG00000283098.2	UTR|exon|gene|transcript	28
chr14	24094737	24094765	ENSG00000100889.12|ENSG00000129535.13	UTR|exon|gene|transcript	28
chr14	24167736	24167764	ENSG00000213928.10	UTR|exon|gene|transcript	28
chr14	60144158	60144186	ENSG00000100612.14|ENSG00000126773.13	UTR|exon|gene|transcript	28
chr14	64503724	64503752	ENSG00000089775.12|ENSG00000126804.14	UTR|exon|gene|transcript	28
chr14	53036754	53036782	ENSG00000100523.17|ENSG00000258985.1	UTR|exon|gene|transcript	28
chr14	60245756	60245784	ENSG00000100614.18|ENSG00000254718.6	UTR|exon|gene|transcript	28
chr14	22609882	22609910	ENSG00000100439.11	UTR|exon|gene|transcript	28
chr14	58207990	58208018	ENSG00000131966.14|ENSG00000139971.15	UTR|exon|gene|transcript	28
chr14	92167362	92167390	ENSG00000165934.13	UTR|exon|gene|transcript	28
chr14	50246701	50246729	ENSG00000087299.12	UTR|exon|gene|transcript	28
chr14	105248683	105248711	ENSG00000184887.14|ENSG00000185024.18	UTR|exon|gene|transcript	28
chr14	55680690	55680718	ENSG00000126777.18	UTR|exon|gene|transcript	28
chr14	102830444	102830472	ENSG00000131323.17	UTR|exon|gene|transcript	28
chr14	45200028	45200056	ENSG00000187790.12	UTR|exon|gene|transcript	28
chr14	101979691	101979718	ENSG00000197102.14	UTR|exon|gene|transcript	27
chr14	24239207	24239234	ENSG00000092330.19|ENSG00000100938.19	UTR|exon|gene|transcript	27
chr14	75009188	75009215	ENSG00000119718.11	UTR|exon|gene|transcript	27
chr14	24318364	24318391	ENSG00000129467.14	UTR|exon|gene|transcript	27
chr14	20368366	20368393	ENSG00000129566.13	UTR|exon|gene|transcript	27
chr14	34714760	34714787	ENSG00000165410.15	UTR|exon|gene|transcript	27
chr14	39230230	39230257	ENSG00000150527.18	UTR|exon|gene|transcript	27
chr14	73887142	73887169	ENSG00000119725.21|ENSG00000258653.3	UTR|exon|gene|transcript	27
chr14	39230622	39230649	ENSG00000150527.18	UTR|exon|gene|transcript	27
chr14	20378209	20378236	ENSG00000129566.13	UTR|exon|gene|transcript	27
chr14	34983077	34983104	ENSG00000100883.13	UTR|exon|gene|transcript	27
chr14	35275812	35275839	ENSG00000100890.16|ENSG00000258790.1	UTR|exon|gene|transcript	27
chr14	81087926	81087953	ENSG00000165409.18|ENSG00000284959.3	UTR|exon|gene|transcript	27
chr14	23183462	23183489	ENSG00000092068.21	UTR|exon|gene|transcript	27
chr14	24172134	24172161	ENSG00000100918.14	UTR|exon|gene|transcript	27
chr14	72562837	72562864	ENSG00000182732.18|ENSG00000258871.1	UTR|exon|gene|transcript	27
chr14	75078363	75078390	ENSG00000119703.15	UTR|exon|gene|transcript	27
chr14	88617617	88617644	ENSG00000100722.20|ENSG00000165521.16	UTR|exon|gene|transcript	27
chr14	103498501	103498528	ENSG00000075413.19	UTR|exon|gene|transcript	27
chr14	95189011	95189038	ENSG00000165959.12	UTR|exon|gene|transcript	27
chr14	104992947	104992974	ENSG00000140104.14	UTR|exon|gene|transcript	27
chr14	91732059	91732086	ENSG00000133962.8	UTR|exon|gene|transcript	27
chr14	76844874	76844901	ENSG00000100565.16	UTR|exon|gene|transcript	27
chr14	53949901	53949928	ENSG00000125378.16	UTR|exon|gene|transcript	27
chr14	22634811	22634838	ENSG00000255804.2	UTR|exon|gene|transcript	27
chr14	103913346	103913373	ENSG00000156411.10	UTR|exon|gene|transcript	27
chr14	92039696	92039723	ENSG00000100815.12	UTR|exon|gene|transcript	27
chr14	20448732	20448759	ENSG00000092094.11	UTR|exon|gene|transcript	27
chr14	24082848	24082875	ENSG00000129535.13	UTR|exon|gene|transcript	27
chr14	74500704	74500731	ENSG00000119681.12	UTR|exon|gene|transcript	27
chr14	30191871	30191898	ENSG00000184304.17|ENSG00000248975.2	UTR|exon|gene|transcript	27
chr14	33820815	33820842	ENSG00000151322.20	UTR|exon|gene|transcript	27
chr14	102344362	102344389	ENSG00000100865.15	UTR|exon|gene|transcript	27
chr14	50830569	50830596	ENSG00000100503.27	UTR|exon|gene|transcript	27
chr14	100143863	100143890	ENSG00000196405.13	UTR|exon|gene|transcript	27
chr14	89985131	89985158	ENSG00000042088.14	UTR|exon|gene|transcript	27
chr14	31207363	31207390	ENSG00000092148.14	UTR|exon|gene|transcript	27
chr14	56800706	56800733	ENSG00000165588.19	UTR|exon|gene|transcript	27
chr14	21103579	21103606	ENSG00000165804.16|ENSG00000232070.9	UTR|exon|gene|transcript	27
chr14	91157638	91157665	ENSG00000133943.21	UTR|exon|gene|transcript	27
chr14	74084420	74084447	ENSG00000119711.13	UTR|exon|gene|transcript	27
chr14	64227505	64227532	ENSG00000140009.19	UTR|exon|gene|transcript	27
chr14	61321931	61321958	ENSG00000027075.17|ENSG00000247287.3	UTR|exon|gene|transcript	27
chr14	23298508	23298535	ENSG00000235194.9|ENSG00000290292.10	UTR|exon|gene|transcript	27
chr14	91509958	91509985	ENSG00000100796.18	UTR|exon|gene|transcript	27
chr14	64081553	64081580	ENSG00000054654.20	UTR|exon|gene|transcript	27
chr14	104868423	104868450	ENSG00000099814.17	UTR|exon|gene|transcript	27
chr14	69767960	69767987	ENSG00000100650.16	UTR|exon|gene|transcript	27
chr14	50591048	50591075	ENSG00000198513.14	UTR|exon|gene|transcript	27
chr14	45170174	45170201	ENSG00000187790.12	UTR|exon|gene|transcript	27
chr14	33735213	33735240	ENSG00000151322.20	UTR|exon|gene|transcript	27
chr14	21030222	21030249	ENSG00000165795.25|ENSG00000179636.15	UTR|exon|gene|transcript	27
chr14	24070948	24070975	ENSG00000100884.10	UTR|exon|gene|transcript	27
chr14	99678300	99678327	ENSG00000182218.10	UTR|exon|gene|transcript	27
chr14	21016810	21016837	ENSG00000165795.25	UTR|exon|gene|transcript	27
chr14	99522132	99522159	ENSG00000090061.17|ENSG00000205476.9	UTR|exon|gene|transcript	27
chr14	105621115	105621142	ENSG00000211892.4|ENSG00000274172.1	UTR|exon|gene|transcript	27
chr14	65101545	65101572	ENSG00000125952.21	UTR|exon|gene|transcript	27
chr14	23061544	23061571	ENSG00000100813.15	UTR|exon|gene|transcript	27
chr14	105397685	105397712	ENSG00000179364.15	UTR|exon|gene|transcript	27
chr14	105463231	105463258	ENSG00000182979.18	UTR|exon|gene|transcript	27
chr14	65412811	65412837	ENSG00000033170.17	UTR|exon|gene|transcript	26
chr14	39175253	39175279	ENSG00000100941.9|ENSG00000259083.1	UTR|exon|gene|transcript	26
chr14	24314810	24314836	ENSG00000213903.9	UTR|exon|gene|transcript	26
chr14	102033156	102033182	ENSG00000197102.14	UTR|exon|gene|transcript	26
chr14	31859996	31860022	ENSG00000151413.17	UTR|exon|gene|transcript	26
chr14	24305606	24305632	ENSG00000136305.12|ENSG00000196943.14	UTR|exon|gene|transcript	26
chr14	73988146	73988172	ENSG00000187097.13	UTR|exon|gene|transcript	26
chr14	31446633	31446659	ENSG00000129480.14|ENSG00000203546.7|ENSG00000250365.7	UTR|exon|gene|transcript	26
chr14	69766860	69766886	ENSG00000100650.16	UTR|exon|gene|transcript	26
chr14	90399136	90399162	ENSG00000198668.14	UTR|exon|gene|transcript	26
chr14	26596004	26596030	ENSG00000139910.20	UTR|exon|gene|transcript	26
chr14	90404807	90404833	ENSG00000198668.14|ENSG00000258424.1	UTR|exon|gene|transcript	26
chr14	55031862	55031888	ENSG00000180008.9	UTR|exon|gene|transcript	26
chr14	50561351	50561377	ENSG00000198513.14	UTR|exon|gene|transcript	26
chr14	50532447	50532473	ENSG00000012983.12	UTR|exon|gene|transcript	26
chr14	20700576	20700602	ENSG00000258451.1|ENSG00000258818.4	UTR|exon|gene|transcript	26
chr14	20768451	20768477	ENSG00000181552.4	UTR|exon|gene|transcript	26
chr14	92058551	92058577	ENSG00000066427.25	UTR|exon|gene|transcript	26
chr14	47675281	47675307	ENSG00000139915.22	UTR|exon|gene|transcript	26
chr14	49710262	49710288	ENSG00000197776.8	UTR|exon|gene|transcript	26
chr14	100525869	100525895	ENSG00000176473.14	UTR|exon|gene|transcript	26
chr14	60144827	60144853	ENSG00000100612.14|ENSG00000126773.13	UTR|exon|gene|transcript	26
chr14	101563046	101563072	ENSG00000197406.8|ENSG00000258498.10	UTR|exon|gene|transcript	26
chr14	67198135	67198161	ENSG00000172717.17	UTR|exon|gene|transcript	26
chr14	22926318	22926344	ENSG00000100462.16|ENSG00000237054.9	UTR|exon|gene|transcript	26
chr14	24264238	24264264	ENSG00000092295.12	UTR|exon|gene|transcript	26
chr14	20587658	20587684	ENSG00000173464.16|ENSG00000258573.6|ENSG00000259060.7	UTR|exon|gene|transcript	26
chr14	20587742	20587768	ENSG00000173464.16|ENSG00000258573.6|ENSG00000259060.7	UTR|exon|gene|transcript	26
chr14	24098202	24098228	ENSG00000100889.12|ENSG00000129535.13	UTR|exon|gene|transcript	26
chr14	57247617	57247643	ENSG00000070367.17	UTR|exon|gene|transcript	26
chr14	100291331	100291357	ENSG00000197119.13|ENSG00000258504.2|ENSG00000259052.1	UTR|exon|gene|transcript	26
chr14	22773289	22773315	ENSG00000155465.21	UTR|exon|gene|transcript	26
chr14	21210555	21210581	ENSG00000092199.19	UTR|exon|gene|transcript	26
chr14	20446837	20446863	ENSG00000092094.11	UTR|exon|gene|transcript	26
chr14	74495366	74495392	ENSG00000165898.14	UTR|exon|gene|transcript	26
chr14	61052630	61052656	ENSG00000139974.17	UTR|exon|gene|transcript	26
chr14	77508229	77508255	ENSG00000100596.8	UTR|exon|gene|transcript	26
chr14	64227426	64227452	ENSG00000140009.19	UTR|exon|gene|transcript	26
chr14	64232825	64232851	ENSG00000140009.19	UTR|exon|gene|transcript	26
chr14	70524907	70524933	ENSG00000134007.5|ENSG00000257759.2	UTR|exon|gene|transcript	26
chr14	24442135	24442161	ENSG00000100445.18	UTR|exon|gene|transcript	26
chr14	100141767	100141793	ENSG00000196405.13	UTR|exon|gene|transcript	26
chr14	75428069	75428095	ENSG00000140044.13	UTR|exon|gene|transcript	26
chr14	70080180	70080206	ENSG00000100678.20	UTR|exon|gene|transcript	26
chr14	90043315	90043341	ENSG00000042088.14	UTR|exon|gene|transcript	26
chr14	96885689	96885715	ENSG00000100749.9	UTR|exon|gene|transcript	26
chr14	22836593	22836619	ENSG00000157227.14	UTR|exon|gene|transcript	26
chr14	20513241	20513267	ENSG00000182545.7	UTR|exon|gene|transcript	26
chr14	24143596	24143622	ENSG00000100911.16	UTR|exon|gene|transcript	26
chr14	58411945	58411971	ENSG00000100575.14|ENSG00000258378.1	UTR|exon|gene|transcript	26
chr14	37547527	37547553	ENSG00000151338.21	UTR|exon|gene|transcript	26
chr14	64704464	64704490	ENSG00000126822.18	UTR|exon|gene|transcript	26
chr14	23010021	23010047	ENSG00000100802.15	UTR|exon|gene|transcript	26
chr14	92060195	92060221	ENSG00000066427.25	UTR|exon|gene|transcript	26
chr14	49679652	49679678	ENSG00000100479.14	UTR|exon|gene|transcript	26
chr14	58638061	58638087	ENSG00000165617.16	UTR|exon|gene|transcript	26
chr14	68794363	68794389	ENSG00000185650.10	UTR|exon|gene|transcript	26
chr14	74891167	74891193	ENSG00000119689.15	UTR|exon|gene|transcript	26
chr14	52707330	52707356	ENSG00000100519.12	UTR|exon|gene|transcript	26
chr14	68882567	68882592	ENSG00000072110.16	UTR|exon|gene|transcript	25
chr14	88602009	88602034	ENSG00000100722.20	UTR|exon|gene|transcript	25
chr14	51877591	51877616	ENSG00000186469.9	UTR|exon|gene|transcript	25
chr14	22946235	22946260	ENSG00000092036.19|ENSG00000257285.7	UTR|exon|gene|transcript	25
chr14	67585990	67586015	ENSG00000054690.14|ENSG00000100564.9	UTR|exon|gene|transcript	25
chr14	73264019	73264044	ENSG00000100767.17	UTR|exon|gene|transcript	25
chr14	67515264	67515289	ENSG00000198133.9	UTR|exon|gene|transcript	25
chr14	31673549	31673574	ENSG00000151413.17	UTR|exon|gene|transcript	25
chr14	90404760	90404785	ENSG00000198668.14|ENSG00000258424.1	UTR|exon|gene|transcript	25
chr14	31673483	31673508	ENSG00000151413.17	UTR|exon|gene|transcript	25
chr14	99481424	99481449	ENSG00000090061.17	UTR|exon|gene|transcript	25
chr14	85642844	85642869	ENSG00000185070.12	UTR|exon|gene|transcript	25
chr14	85648454	85648479	ENSG00000185070.12	UTR|exon|gene|transcript	25
chr14	106269061	106269086	ENSG00000211949.3	UTR|exon|gene|transcript	25
chr14	23058579	23058604	ENSG00000100813.15|ENSG00000288795.1	UTR|exon|gene|transcript	25
chr14	85636954	85636979	ENSG00000185070.12	UTR|exon|gene|transcript	25
chr14	73272908	73272933	ENSG00000100767.17|ENSG00000258944.1	UTR|exon|gene|transcript	25
chr14	45198910	45198935	ENSG00000187790.12	UTR|exon|gene|transcript	25
chr14	96945763	96945788	ENSG00000100749.9	UTR|exon|gene|transcript	25
chr14	35082511	35082536	ENSG00000151327.14	UTR|exon|gene|transcript	25
chr14	35401890	35401915	ENSG00000100906.12	UTR|exon|gene|transcript	25
chr14	104793304	104793329	ENSG00000142208.18	UTR|exon|gene|transcript	25
chr14	105463206	105463231	ENSG00000182979.18	UTR|exon|gene|transcript	25
chr14	37841670	37841695	ENSG00000139865.17	UTR|exon|gene|transcript	25
chr14	51966752	51966777	ENSG00000186469.9	UTR|exon|gene|transcript	25
chr14	20371607	20371632	ENSG00000129566.13	UTR|exon|gene|transcript	25
chr14	74292286	74292311	ENSG00000119688.21|ENSG00000258559.2	UTR|exon|gene|transcript	25
chr14	37219666	37219691	ENSG00000151338.21	UTR|exon|gene|transcript	25
chr14	95413111	95413136	ENSG00000176438.13	UTR|exon|gene|transcript	25
chr14	21234193	21234218	ENSG00000092199.19	UTR|exon|gene|transcript	25
chr14	22999053	22999078	ENSG00000100802.15|ENSG00000258457.5	UTR|exon|gene|transcript	25
chr14	21371903	21371928	ENSG00000092201.10	UTR|exon|gene|transcript	25
chr14	41607376	41607401	ENSG00000165379.14	UTR|exon|gene|transcript	25
chr14	22003111	22003136	ENSG00000211798.3	UTR|exon|gene|transcript	25
chr14	35008626	35008651	ENSG00000100883.13	UTR|exon|gene|transcript	25
chr14	64463260	64463285	ENSG00000089775.12|ENSG00000100714.18	UTR|exon|gene|transcript	25
chr14	20446410	20446435	ENSG00000092094.11	UTR|exon|gene|transcript	25
chr14	69352180	69352205	ENSG00000100626.17	UTR|exon|gene|transcript	25
chr14	95157390	95157415	ENSG00000100697.17	UTR|exon|gene|transcript	25
chr14	24123149	24123174	ENSG00000100897.18|ENSG00000259371.2	UTR|exon|gene|transcript	25
chr14	67336646	67336671	ENSG00000100554.12	UTR|exon|gene|transcript	25
chr14	24254122	24254147	ENSG00000092295.12	UTR|exon|gene|transcript	25
chr14	100903697	100903722	ENSG00000225746.13|ENSG00000254656.3|ENSG00000258399.8	UTR|exon|gene|transcript	25
chr14	24172466	24172491	ENSG00000100918.14	UTR|exon|gene|transcript	25
chr14	30559309	30559334	ENSG00000092140.16|ENSG00000257636.6	UTR|exon|gene|transcript	25
chr14	23269862	23269887	ENSG00000215277.9	UTR|exon|gene|transcript	25
chr14	91157665	91157690	ENSG00000133943.21	UTR|exon|gene|transcript	25
chr14	67382656	67382681	ENSG00000134001.15	UTR|exon|gene|transcript	25
chr14	30577821	30577846	ENSG00000092140.16	UTR|exon|gene|transcript	25
chr14	100291925	100291950	ENSG00000197119.13|ENSG00000258504.2	UTR|exon|gene|transcript	25
chr14	55661248	55661273	ENSG00000126777.18	UTR|exon|gene|transcript	25
chr14	77924512	77924537	ENSG00000063761.16	UTR|exon|gene|transcript	25
chr14	23296644	23296669	ENSG00000235194.9|ENSG00000290292.10	UTR|exon|gene|transcript	25
chr14	96532671	96532696	ENSG00000090060.19	UTR|exon|gene|transcript	25
chr14	74015823	74015847	ENSG00000187097.13	UTR|exon|gene|transcript	24
chr14	22834321	22834345	ENSG00000172590.18	UTR|exon|gene|transcript	24
chr14	64000695	64000719	ENSG00000054654.20	UTR|exon|gene|transcript	24
chr14	69771949	69771973	ENSG00000100650.16	UTR|exon|gene|transcript	24
chr14	23299743	23299767	ENSG00000129473.11|ENSG00000235194.9|ENSG00000290292.10	UTR|exon|gene|transcript	24
chr14	79862454	79862478	ENSG00000021645.20	UTR|exon|gene|transcript	24
chr14	90405048	90405072	ENSG00000198668.14|ENSG00000258424.1	UTR|exon|gene|transcript	24
chr14	54962951	54962975	ENSG00000198554.12	UTR|exon|gene|transcript	24
chr14	24322623	24322647	ENSG00000129467.14	UTR|exon|gene|transcript	24
chr14	105368515	105368539	ENSG00000179364.15	UTR|exon|gene|transcript	24
chr14	30874891	30874915	ENSG00000100473.18	UTR|exon|gene|transcript	24
chr14	106301838	106301862	ENSG00000211951.2	UTR|exon|gene|transcript	24
chr14	72464693	72464717	ENSG00000182732.18	UTR|exon|gene|transcript	24
chr14	90578253	90578277	ENSG00000165914.15	UTR|exon|gene|transcript	24
chr14	31025105	31025129	ENSG00000100478.16|ENSG00000196792.12	UTR|exon|gene|transcript	24
chr14	57409931	57409955	ENSG00000139977.14	UTR|exon|gene|transcript	24
chr14	45227662	45227686	ENSG00000129534.14	UTR|exon|gene|transcript	24
chr14	62104908	62104932	ENSG00000139973.18|ENSG00000258903.2|ENSG00000289503.1	UTR|exon|gene|transcript	24
chr14	29656475	29656499	ENSG00000184304.17|ENSG00000257120.1	UTR|exon|gene|transcript	24
chr14	20458267	20458291	ENSG00000165782.11	UTR|exon|gene|transcript	24
chr14	102509653	102509677	ENSG00000156381.9	UTR|exon|gene|transcript	24
chr14	73263985	73264009	ENSG00000100767.17	UTR|exon|gene|transcript	24
chr14	22905398	22905422	ENSG00000100461.18	UTR|exon|gene|transcript	24
chr14	100238531	100238555	ENSG00000100811.15|ENSG00000258982.1	UTR|exon|gene|transcript	24
chr14	91417752	91417776	ENSG00000015133.20	UTR|exon|gene|transcript	24
chr14	73959498	73959522	ENSG00000119723.17|ENSG00000187097.13	UTR|exon|gene|transcript	24
chr14	31490079	31490103	ENSG00000151413.17	UTR|exon|gene|transcript	24
chr14	33794020	33794044	ENSG00000151322.20	UTR|exon|gene|transcript	24
chr14	96240378	96240402	ENSG00000168398.7|ENSG00000258691.1	UTR|exon|gene|transcript	24
chr14	57209566	57209590	ENSG00000070367.17	UTR|exon|gene|transcript	24
chr14	104706152	104706176	ENSG00000203485.14	UTR|exon|gene|transcript	24
chr14	61695515	61695539	ENSG00000100644.17|ENSG00000258777.2	UTR|exon|gene|transcript	24
chr14	24132823	24132847	ENSG00000139914.7	UTR|exon|gene|transcript	24
chr14	51730430	51730454	ENSG00000139926.16	UTR|exon|gene|transcript	24
chr14	30615515	30615539	ENSG00000092140.16	UTR|exon|gene|transcript	24
chr14	22771730	22771754	ENSG00000155463.14	UTR|exon|gene|transcript	24
chr14	76762343	76762367	ENSG00000071246.11	UTR|exon|gene|transcript	24
chr14	24216995	24217019	ENSG00000129559.13|ENSG00000255526.6	UTR|exon|gene|transcript	24
chr14	23469738	23469762	ENSG00000129460.17	UTR|exon|gene|transcript	24
chr14	24236041	24236065	ENSG00000100938.19	UTR|exon|gene|transcript	24
chr14	92687634	92687658	ENSG00000100599.16	UTR|exon|gene|transcript	24
chr14	20354084	20354108	ENSG00000129484.14	UTR|exon|gene|transcript	24
chr14	22999078	22999102	ENSG00000100802.15	UTR|exon|gene|transcript	24
chr14	44897334	44897358	ENSG00000179476.8	UTR|exon|gene|transcript	24
chr14	31085187	31085211	ENSG00000100478.16	UTR|exon|gene|transcript	24
chr14	77391244	77391268	ENSG00000100583.5	UTR|exon|gene|transcript	24
chr14	51877633	51877657	ENSG00000186469.9	UTR|exon|gene|transcript	24
chr14	24271486	24271510	ENSG00000100949.15|ENSG00000288044.3	UTR|exon|gene|transcript	24
chr14	20408439	20408463	ENSG00000129566.13	UTR|exon|gene|transcript	24
chr14	103590872	103590896	ENSG00000126214.22|ENSG00000256053.9|ENSG00000256500.6	UTR|exon|gene|transcript	24
chr14	20590159	20590183	ENSG00000173464.16|ENSG00000258436.2|ENSG00000258573.6|ENSG00000259060.7	UTR|exon|gene|transcript	24
chr14	103712061	103712085	ENSG00000126214.22|ENSG00000126215.14	UTR|exon|gene|transcript	24
chr14	24318391	24318415	ENSG00000129467.14	UTR|exon|gene|transcript	24
chr14	34629601	34629625	ENSG00000129515.20	UTR|exon|gene|transcript	24
chr14	75022994	75023018	ENSG00000119684.16	UTR|exon|gene|transcript	24
chr14	64704101	64704125	ENSG00000126822.18	UTR|exon|gene|transcript	24
chr14	101912600	101912624	ENSG00000078304.20	UTR|exon|gene|transcript	24
chr14	94378348	94378372	ENSG00000197249.14	UTR|exon|gene|transcript	24
chr14	94581614	94581638	ENSG00000188488.14	UTR|exon|gene|transcript	24
chr14	93240353	93240377	ENSG00000011114.15	UTR|exon|gene|transcript	24
chr14	30895029	30895053	ENSG00000100473.18|ENSG00000196792.12	UTR|exon|gene|transcript	24
chr14	71739967	71739991	ENSG00000197555.10	UTR|exon|gene|transcript	24
chr14	64935344	64935368	ENSG00000125954.13|ENSG00000258289.10	UTR|exon|gene|transcript	24
chr14	39136746	39136770	ENSG00000092208.19	UTR|exon|gene|transcript	24
chr14	23062432	23062455	ENSG00000100813.15	UTR|exon|gene|transcript	23
chr14	88384997	88385020	ENSG00000042317.17	UTR|exon|gene|transcript	23
chr14	74066069	74066092	ENSG00000119636.16|ENSG00000119711.13	UTR|exon|gene|transcript	23
chr14	69053801	69053824	ENSG00000139990.18	UTR|exon|gene|transcript	23
chr14	50418524	50418547	ENSG00000012983.12	UTR|exon|gene|transcript	23
chr14	55680718	55680741	ENSG00000126777.18	UTR|exon|gene|transcript	23
chr14	104707552	104707575	ENSG00000203485.14	UTR|exon|gene|transcript	23
chr14	95089246	95089269	ENSG00000100697.17	UTR|exon|gene|transcript	23
chr14	55026948	55026971	ENSG00000198554.12	UTR|exon|gene|transcript	23
chr14	32077030	32077053	ENSG00000100852.14	UTR|exon|gene|transcript	23
chr14	30874915	30874938	ENSG00000100473.18	UTR|exon|gene|transcript	23
chr14	94001699	94001722	ENSG00000175699.15	UTR|exon|gene|transcript	23
chr14	77271069	77271092	ENSG00000165553.5	UTR|exon|gene|transcript	23
chr14	77287209	77287232	ENSG00000009830.13	UTR|exon|gene|transcript	23
chr14	93332955	93332978	ENSG00000011114.15	UTR|exon|gene|transcript	23
chr14	35832977	35833000	ENSG00000100916.14	UTR|exon|gene|transcript	23
chr14	93707249	93707272	ENSG00000133958.14	UTR|exon|gene|transcript	23
chr14	59263454	59263477	ENSG00000100592.16	UTR|exon|gene|transcript	23
chr14	24374122	24374145	ENSG00000100968.14	UTR|exon|gene|transcript	23
chr14	64589357	64589380	ENSG00000165807.8|ENSG00000259076.1	UTR|exon|gene|transcript	23
chr14	69797155	69797178	ENSG00000100652.5	UTR|exon|gene|transcript	23
chr14	102933573	102933596	ENSG00000166126.11|ENSG00000198752.11|ENSG00000259515.1	UTR|exon|gene|transcript	23
chr14	55148111	55148134	ENSG00000126787.13	UTR|exon|gene|transcript	23
chr14	99501413	99501436	ENSG00000090061.17|ENSG00000205476.9	UTR|exon|gene|transcript	23
chr14	104896305	104896328	ENSG00000099814.17	UTR|exon|gene|transcript	23
chr14	80205601	80205624	ENSG00000211448.14	UTR|exon|gene|transcript	23
chr14	81220639	81220662	ENSG00000165417.12	UTR|exon|gene|transcript	23
chr14	22919087	22919110	ENSG00000100461.18|ENSG00000237054.9	UTR|exon|gene|transcript	23
chr14	90268798	90268821	ENSG00000100764.14|ENSG00000119720.18	UTR|exon|gene|transcript	23
chr14	51966687	51966710	ENSG00000186469.9	UTR|exon|gene|transcript	23
chr14	39387102	39387125	ENSG00000150527.18	UTR|exon|gene|transcript	23
chr14	37842694	37842717	ENSG00000139865.17	UTR|exon|gene|transcript	23
chr14	19876244	19876267	ENSG00000165762.3	UTR|exon|gene|transcript	23
chr14	72615017	72615040	ENSG00000205683.12	UTR|exon|gene|transcript	23
chr14	75011577	75011600	ENSG00000119718.11|ENSG00000279594.1	UTR|exon|gene|transcript	23
chr14	35113982	35114005	ENSG00000092020.11|ENSG00000151327.14	UTR|exon|gene|transcript	23
chr14	73931817	73931840	ENSG00000119725.21|ENSG00000156050.10|ENSG00000258653.3|ENSG00000258891.1	UTR|exon|gene|transcript	23
chr14	75015463	75015486	ENSG00000119684.16	UTR|exon|gene|transcript	23
chr14	77717561	77717584	ENSG00000119705.10	UTR|exon|gene|transcript	23
chr14	30735662	30735685	ENSG00000092108.22|ENSG00000258558.1	UTR|exon|gene|transcript	23
chr14	53950008	53950031	ENSG00000125378.16	UTR|exon|gene|transcript	23
chr14	92080964	92080987	ENSG00000066427.25	UTR|exon|gene|transcript	23
chr14	70907715	70907738	ENSG00000100731.16	UTR|exon|gene|transcript	23
chr14	60645876	60645899	ENSG00000126778.12	UTR|exon|gene|transcript	23
chr14	60724182	60724205	ENSG00000100625.9	UTR|exon|gene|transcript	23
chr14	44897311	44897334	ENSG00000179476.8	UTR|exon|gene|transcript	23
chr14	24161729	24161752	ENSG00000213928.10|ENSG00000259529.2	UTR|exon|gene|transcript	23
chr14	21868838	21868861	ENSG00000211788.2	UTR|exon|gene|transcript	23
chr14	105021060	105021083	ENSG00000170779.11	UTR|exon|gene|transcript	23
chr14	103503337	103503360	ENSG00000075413.19	UTR|exon|gene|transcript	23
chr14	24378001	24378024	ENSG00000100968.14	UTR|exon|gene|transcript	23
chr14	70188569	70188592	ENSG00000100678.20|ENSG00000258422.6	UTR|exon|gene|transcript	23
chr14	35083437	35083460	ENSG00000151327.14	UTR|exon|gene|transcript	23
chr14	21568675	21568698	ENSG00000169208.3	UTR|exon|gene|transcript	23
chr14	24143381	24143404	ENSG00000100911.16	UTR|exon|gene|transcript	23
chr14	67619954	67619977	ENSG00000081181.8	UTR|exon|gene|transcript	23
chr14	62128022	62128045	ENSG00000186369.12|ENSG00000289503.1|ENSG00000293464.1	UTR|exon|gene|transcript	23
chr14	105499186	105499209	ENSG00000185347.19	UTR|exon|gene|transcript	23
chr14	24310548	24310571	ENSG00000136305.12|ENSG00000213906.10	UTR|exon|gene|transcript	23
chr14	77181872	77181894	ENSG00000165548.11|ENSG00000259164.1	UTR|exon|gene|transcript	22
chr14	35401868	35401890	ENSG00000100906.12	UTR|exon|gene|transcript	22
chr14	24232303	24232325	ENSG00000129559.13|ENSG00000255526.6	UTR|exon|gene|transcript	22
chr14	31428143	31428165	ENSG00000203546.7|ENSG00000250365.7	UTR|exon|gene|transcript	22
chr14	22955154	22955176	ENSG00000092036.19|ENSG00000257285.7|ENSG00000259132.1	UTR|exon|gene|transcript	22
chr14	93288167	93288189	ENSG00000011114.15	UTR|exon|gene|transcript	22
chr14	67823519	67823541	ENSG00000182185.19	UTR|exon|gene|transcript	22
chr14	100074516	100074538	ENSG00000196405.13|ENSG00000258560.1	UTR|exon|gene|transcript	22
chr14	90618023	90618045	ENSG00000165914.15	UTR|exon|gene|transcript	22
chr14	74854505	74854527	ENSG00000119596.18|ENSG00000119608.15	UTR|exon|gene|transcript	22
chr14	75646633	75646655	ENSG00000119685.20|ENSG00000119686.10	UTR|exon|gene|transcript	22
chr14	60053997	60054019	ENSG00000131951.12|ENSG00000258553.5	UTR|exon|gene|transcript	22
chr14	90277072	90277094	ENSG00000119720.18	UTR|exon|gene|transcript	22
chr14	90405833	90405855	ENSG00000198668.14	UTR|exon|gene|transcript	22
chr14	39279336	39279358	ENSG00000150527.18	UTR|exon|gene|transcript	22
chr14	23270639	23270661	ENSG00000215277.9	UTR|exon|gene|transcript	22
chr14	39276933	39276955	ENSG00000150527.18	UTR|exon|gene|transcript	22
chr14	92688746	92688768	ENSG00000100599.16	UTR|exon|gene|transcript	22
chr14	59595982	59596004	ENSG00000139970.18	UTR|exon|gene|transcript	22
chr14	50719816	50719838	ENSG00000100503.27	UTR|exon|gene|transcript	22
chr14	52713880	52713902	ENSG00000100519.12	UTR|exon|gene|transcript	22
chr14	91458116	91458138	ENSG00000100796.18	UTR|exon|gene|transcript	22
chr14	61052858	61052880	ENSG00000139974.17	UTR|exon|gene|transcript	22
chr14	37198104	37198126	ENSG00000151338.21	UTR|exon|gene|transcript	22
chr14	23376814	23376836	ENSG00000166091.21	UTR|exon|gene|transcript	22
chr14	91836182	91836204	ENSG00000165929.13	UTR|exon|gene|transcript	22
chr14	102229266	102229288	ENSG00000080823.23	UTR|exon|gene|transcript	22
chr14	73904908	73904930	ENSG00000119725.21|ENSG00000258653.3|ENSG00000258891.1	UTR|exon|gene|transcript	22
chr14	24209623	24209645	ENSG00000254505.11|ENSG00000254692.1	UTR|exon|gene|transcript	22
chr14	95185370	95185392	ENSG00000165959.12|ENSG00000259143.1	UTR|exon|gene|transcript	22
chr14	76154331	76154353	ENSG00000089916.18	UTR|exon|gene|transcript	22
chr14	73237556	73237578	ENSG00000100767.17	UTR|exon|gene|transcript	22
chr14	104689717	104689739	ENSG00000203485.14	UTR|exon|gene|transcript	22
chr14	31026379	31026401	ENSG00000100478.16|ENSG00000196792.12	UTR|exon|gene|transcript	22
chr14	68979200	68979222	ENSG00000072110.16	UTR|exon|gene|transcript	22
chr14	85647369	85647391	ENSG00000185070.12	UTR|exon|gene|transcript	22
chr14	104756925	104756947	ENSG00000184990.13	UTR|exon|gene|transcript	22
chr14	58423827	58423849	ENSG00000100575.14|ENSG00000258378.1	UTR|exon|gene|transcript	22
chr14	20368880	20368902	ENSG00000129566.13	UTR|exon|gene|transcript	22
chr14	103714213	103714235	ENSG00000126214.22|ENSG00000126215.14	UTR|exon|gene|transcript	22
chr14	104896065	104896087	ENSG00000099814.17	UTR|exon|gene|transcript	22
chr14	88621756	88621778	ENSG00000100722.20|ENSG00000165521.16	UTR|exon|gene|transcript	22
chr14	58521200	58521222	ENSG00000100578.18	UTR|exon|gene|transcript	22
chr14	20457925	20457947	ENSG00000165782.11	UTR|exon|gene|transcript	22
chr14	87837819	87837841	ENSG00000054983.17|ENSG00000258807.5|ENSG00000259077.1	UTR|exon|gene|transcript	22
chr14	23059058	23059080	ENSG00000100813.15	UTR|exon|gene|transcript	22
chr14	87986488	87986510	ENSG00000054983.17	UTR|exon|gene|transcript	22
chr14	21263145	21263167	ENSG00000092199.19	UTR|exon|gene|transcript	22
chr14	68874837	68874858	ENSG00000072110.16	UTR|exon|gene|transcript	21
chr14	81436323	81436344	ENSG00000140022.14	UTR|exon|gene|transcript	21
chr14	54902663	54902684	ENSG00000131979.20	UTR|exon|gene|transcript	21
chr14	102506914	102506935	ENSG00000156381.9	UTR|exon|gene|transcript	21
chr14	94097528	94097549	ENSG00000165948.11	UTR|exon|gene|transcript	21
chr14	77321138	77321159	ENSG00000100577.19	UTR|exon|gene|transcript	21
chr14	88634468	88634489	ENSG00000165521.16	UTR|exon|gene|transcript	21
chr14	55355063	55355084	ENSG00000178974.11	UTR|exon|gene|transcript	21
chr14	58234734	58234755	ENSG00000131966.14|ENSG00000139971.15	UTR|exon|gene|transcript	21
chr14	88517164	88517185	ENSG00000070778.13	UTR|exon|gene|transcript	21
chr14	58235615	58235636	ENSG00000131966.14|ENSG00000139971.15	UTR|exon|gene|transcript	21
chr14	35098718	35098739	ENSG00000092020.11|ENSG00000151327.14	UTR|exon|gene|transcript	21
chr14	39096118	39096139	ENSG00000100934.15	UTR|exon|gene|transcript	21
chr14	105704366	105704387	ENSG00000211895.5	UTR|exon|gene|transcript	21
chr14	67335798	67335819	ENSG00000072415.10|ENSG00000100554.12	UTR|exon|gene|transcript	21
chr14	39177687	39177708	ENSG00000100941.9	UTR|exon|gene|transcript	21
chr14	67294370	67294391	ENSG00000072415.10|ENSG00000100554.12	UTR|exon|gene|transcript	21
chr14	105490332	105490353	ENSG00000185347.19|ENSG00000257341.5	UTR|exon|gene|transcript	21
chr14	90274839	90274860	ENSG00000100764.14|ENSG00000119720.18	UTR|exon|gene|transcript	21
chr14	102052118	102052139	ENSG00000197102.14|ENSG00000293472.1	UTR|exon|gene|transcript	21
chr14	24818078	24818099	ENSG00000168952.16	UTR|exon|gene|transcript	21
chr14	35109901	35109922	ENSG00000092020.11|ENSG00000151327.14	UTR|exon|gene|transcript	21
chr14	105055791	105055812	ENSG00000183484.12	UTR|exon|gene|transcript	21
chr14	70809513	70809534	ENSG00000006432.16|ENSG00000259153.4	UTR|exon|gene|transcript	21
chr14	101560254	101560275	ENSG00000197406.8|ENSG00000258498.10	UTR|exon|gene|transcript	21
chr14	35116609	35116630	ENSG00000092020.11|ENSG00000151327.14	UTR|exon|gene|transcript	21
chr14	50822056	50822077	ENSG00000100503.27|ENSG00000258843.1	UTR|exon|gene|transcript	21
chr14	102251916	102251937	ENSG00000080823.23	UTR|exon|gene|transcript	21
chr14	35122814	35122835	ENSG00000100890.16|ENSG00000258790.1	UTR|exon|gene|transcript	21
chr14	45046682	45046703	ENSG00000198718.13	UTR|exon|gene|transcript	21
chr14	103707699	103707720	ENSG00000126214.22|ENSG00000126215.14	UTR|exon|gene|transcript	21
chr14	72954462	72954483	ENSG00000119599.17	UTR|exon|gene|transcript	21
chr14	54539271	54539292	ENSG00000100532.13	UTR|exon|gene|transcript	21
chr14	24440905	24440926	ENSG00000100441.10|ENSG00000100445.18	UTR|exon|gene|transcript	21
chr14	102052526	102052547	ENSG00000197102.14|ENSG00000293472.1	UTR|exon|gene|transcript	21
chr14	89954660	89954681	ENSG00000140025.16	UTR|exon|gene|transcript	21
chr14	72540303	72540324	ENSG00000182732.18|ENSG00000286333.1	UTR|exon|gene|transcript	21
chr14	90870827	90870848	ENSG00000100784.12	UTR|exon|gene|transcript	21
chr14	20590258	20590279	ENSG00000173464.16|ENSG00000258436.2|ENSG00000258573.6|ENSG00000259060.7	UTR|exon|gene|transcript	21
chr14	77760952	77760973	ENSG00000100603.14|ENSG00000119705.10|ENSG00000197734.10	UTR|exon|gene|transcript	21
chr14	91060615	91060636	ENSG00000100784.12|ENSG00000133943.21	UTR|exon|gene|transcript	21
chr14	24118134	24118155	ENSG00000100897.18	UTR|exon|gene|transcript	21
chr14	24115293	24115314	ENSG00000100897.18	UTR|exon|gene|transcript	21
chr14	22773224	22773245	ENSG00000155465.21	UTR|exon|gene|transcript	21
chr14	77098489	77098510	ENSG00000198894.8|ENSG00000259164.1	UTR|exon|gene|transcript	21
chr14	104753180	104753201	ENSG00000184990.13	UTR|exon|gene|transcript	21
chr14	49643563	49643584	ENSG00000100479.14	UTR|exon|gene|transcript	21
chr14	75684787	75684808	ENSG00000119685.20	UTR|exon|gene|transcript	21
chr14	95095345	95095366	ENSG00000100697.17	UTR|exon|gene|transcript	21
chr14	68978176	68978197	ENSG00000072110.16	UTR|exon|gene|transcript	21
chr14	96565407	96565428	ENSG00000090060.19	UTR|exon|gene|transcript	21
chr14	57268419	57268440	ENSG00000070367.17	UTR|exon|gene|transcript	21
chr14	57269293	57269314	ENSG00000053770.12	UTR|exon|gene|transcript	21
chr14	96241607	96241628	ENSG00000168398.7|ENSG00000258691.1	UTR|exon|gene|transcript	21
chr14	24147570	24147591	ENSG00000092098.18|ENSG00000259529.2	UTR|exon|gene|transcript	21
chr14	103448918	103448939	ENSG00000075413.19	UTR|exon|gene|transcript	21
chr14	95157360	95157381	ENSG00000100697.17	UTR|exon|gene|transcript	21
chr14	35401512	35401533	ENSG00000100906.12	UTR|exon|gene|transcript	21
chr14	69242947	69242968	ENSG00000081177.19|ENSG00000258520.1	UTR|exon|gene|transcript	21
chr14	21070851	21070872	ENSG00000165795.25|ENSG00000165801.10	UTR|exon|gene|transcript	21
chr14	55368107	55368128	ENSG00000126775.9|ENSG00000178974.11	UTR|exon|gene|transcript	21
chr14	95108072	95108093	ENSG00000100697.17	UTR|exon|gene|transcript	21
chr14	21025692	21025713	ENSG00000165795.25|ENSG00000179636.15|ENSG00000258604.1	UTR|exon|gene|transcript	21
chr14	21030249	21030270	ENSG00000165795.25|ENSG00000179636.15	UTR|exon|gene|transcript	21
chr14	103126346	103126367	ENSG00000185215.11	UTR|exon|gene|transcript	21
chr14	94129270	94129291	ENSG00000119632.4	UTR|exon|gene|transcript	21
chr14	75474086	75474107	ENSG00000140044.13	UTR|exon|gene|transcript	21
chr14	22999023	22999044	ENSG00000100802.15|ENSG00000258457.5	UTR|exon|gene|transcript	21
chr14	32433459	32433480	ENSG00000151320.11	UTR|exon|gene|transcript	21
chr14	93115163	93115184	ENSG00000100605.17	UTR|exon|gene|transcript	21
chr14	99792795	99792816	ENSG00000066629.19	UTR|exon|gene|transcript	21
chr14	23408252	23408273	ENSG00000197616.13	UTR|exon|gene|transcript	21
chr14	52928399	52928420	ENSG00000073712.15|ENSG00000285664.2	UTR|exon|gene|transcript	21
chr14	35122447	35122468	ENSG00000092020.11|ENSG00000100890.16	UTR|exon|gene|transcript	21
chr14	66496847	66496867	ENSG00000196553.15|ENSG00000258561.2	UTR|exon|gene|transcript	20
chr14	66486370	66486390	ENSG00000196553.15|ENSG00000258561.2	UTR|exon|gene|transcript	20
chr14	75522590	75522610	ENSG00000156127.8	UTR|exon|gene|transcript	20
chr14	24241729	24241749	ENSG00000092330.19	UTR|exon|gene|transcript	20
chr14	21511290	21511310	ENSG00000165819.12	UTR|exon|gene|transcript	20
chr14	94096886	94096906	ENSG00000165948.11	UTR|exon|gene|transcript	20
chr14	99668928	99668948	ENSG00000182218.10	UTR|exon|gene|transcript	20
chr14	73961550	73961570	ENSG00000119723.17|ENSG00000187097.13	UTR|exon|gene|transcript	20
chr14	45200008	45200028	ENSG00000187790.12	UTR|exon|gene|transcript	20
chr14	58408582	58408602	ENSG00000100575.14|ENSG00000196860.8|ENSG00000258378.1	UTR|exon|gene|transcript	20
chr14	20118438	20118458	ENSG00000176230.7	UTR|exon|gene|transcript	20
chr14	20369343	20369363	ENSG00000129566.13	UTR|exon|gene|transcript	20
chr14	94487282	94487302	ENSG00000165953.10	UTR|exon|gene|transcript	20
chr14	88594414	88594434	ENSG00000100722.20	UTR|exon|gene|transcript	20
chr14	35273670	35273690	ENSG00000100890.16|ENSG00000258790.1	UTR|exon|gene|transcript	20
chr14	104769626	104769646	ENSG00000142208.18|ENSG00000258430.1	UTR|exon|gene|transcript	20
chr14	21025625	21025645	ENSG00000165795.25|ENSG00000179636.15|ENSG00000258604.1	UTR|exon|gene|transcript	20
chr14	99506299	99506319	ENSG00000090061.17|ENSG00000205476.9	UTR|exon|gene|transcript	20
chr14	99458278	99458298	ENSG00000183576.13	UTR|exon|gene|transcript	20
chr14	77098365	77098385	ENSG00000198894.8|ENSG00000259164.1	UTR|exon|gene|transcript	20
chr14	35099251	35099271	ENSG00000092020.11|ENSG00000151327.14	UTR|exon|gene|transcript	20
chr14	95709946	95709966	ENSG00000100721.11	UTR|exon|gene|transcript	20
chr14	56806703	56806723	ENSG00000165588.19	UTR|exon|gene|transcript	20
chr14	105530035	105530055	ENSG00000184986.12	UTR|exon|gene|transcript	20
chr14	96502513	96502533	ENSG00000090060.19	UTR|exon|gene|transcript	20
chr14	74060394	74060414	ENSG00000119636.16|ENSG00000119711.13	UTR|exon|gene|transcript	20
chr14	23095504	23095524	ENSG00000100813.15|ENSG00000179933.6	UTR|exon|gene|transcript	20
chr14	103334981	103335001	ENSG00000100664.11|ENSG00000291313.1	UTR|exon|gene|transcript	20
chr14	21264462	21264482	ENSG00000092199.19	UTR|exon|gene|transcript	20
chr14	76804415	76804435	ENSG00000013523.11	UTR|exon|gene|transcript	20
chr14	68902542	68902562	ENSG00000072110.16	UTR|exon|gene|transcript	20
chr14	96876535	96876555	ENSG00000100749.9	UTR|exon|gene|transcript	20
chr14	92712722	92712742	ENSG00000100600.15	UTR|exon|gene|transcript	20
chr14	24144009	24144029	ENSG00000100911.16	UTR|exon|gene|transcript	20
chr14	22924478	22924498	ENSG00000100462.16|ENSG00000237054.9	UTR|exon|gene|transcript	20
chr14	24182403	24182423	ENSG00000196497.17|ENSG00000259522.3	UTR|exon|gene|transcript	20
chr14	49784904	49784924	ENSG00000165516.11|ENSG00000165525.18	UTR|exon|gene|transcript	20
chr14	70368950	70368970	ENSG00000133983.16|ENSG00000213463.5|ENSG00000258644.6	UTR|exon|gene|transcript	20
chr14	41886605	41886625	ENSG00000165379.14	UTR|exon|gene|transcript	20
chr14	70189400	70189420	ENSG00000100678.20|ENSG00000258422.6	UTR|exon|gene|transcript	20
chr14	93240726	93240746	ENSG00000011114.15	UTR|exon|gene|transcript	20
chr14	77331393	77331413	ENSG00000100577.19	UTR|exon|gene|transcript	20
chr14	23298917	23298937	ENSG00000129473.11|ENSG00000235194.9|ENSG00000290292.10	UTR|exon|gene|transcript	20
chr14	74955431	74955451	ENSG00000119630.14	UTR|exon|gene|transcript	20
chr14	74292830	74292850	ENSG00000119688.21|ENSG00000258559.2	UTR|exon|gene|transcript	20
chr14	102014227	102014247	ENSG00000197102.14	UTR|exon|gene|transcript	20
chr14	34983104	34983124	ENSG00000100883.13	UTR|exon|gene|transcript	20
chr14	24094356	24094376	ENSG00000100889.12|ENSG00000129535.13	UTR|exon|gene|transcript	20
chr14	90530379	90530399	ENSG00000165914.15	UTR|exon|gene|transcript	20
chr14	63853123	63853143	ENSG00000054654.20	UTR|exon|gene|transcript	20
chr14	80202597	80202617	ENSG00000211448.14	UTR|exon|gene|transcript	20
chr14	74906444	74906464	ENSG00000198208.12	UTR|exon|gene|transcript	20
chr14	74905622	74905642	ENSG00000198208.12	UTR|exon|gene|transcript	20
chr14	89797136	89797156	ENSG00000140025.16|ENSG00000259053.1	UTR|exon|gene|transcript	20
chr14	71741209	71741229	ENSG00000197555.10	UTR|exon|gene|transcript	20
chr14	22846127	22846147	ENSG00000157227.14	UTR|exon|gene|transcript	20
chr14	105379738	105379758	ENSG00000179364.15	UTR|exon|gene|transcript	20
chr14	64073967	64073987	ENSG00000054654.20	UTR|exon|gene|transcript	20
chr14	80830164	80830184	ENSG00000100629.17	UTR|exon|gene|transcript	20
chr14	89955027	89955047	ENSG00000042088.14	UTR|exon|gene|transcript	20
chr14	23272891	23272911	ENSG00000215277.9|ENSG00000290292.10	UTR|exon|gene|transcript	20
chr14	81108456	81108476	ENSG00000165409.18|ENSG00000284959.3	UTR|exon|gene|transcript	20
chr14	35053431	35053451	ENSG00000151327.14	UTR|exon|gene|transcript	20
chr14	37874459	37874479	ENSG00000139865.17	UTR|exon|gene|transcript	20
chr14	19002527	19002547	ENSG00000222036.8	UTR|exon|gene|transcript	20
chr14	106038345	106038365	ENSG00000211937.3	UTR|exon|gene|transcript	20
chr14	24147547	24147566	ENSG00000092098.18|ENSG00000100911.16|ENSG00000259529.2	UTR|exon|gene|transcript	19
chr14	73100362	73100381	ENSG00000119707.14	UTR|exon|gene|transcript	19
chr14	105499229	105499248	ENSG00000185347.19	UTR|exon|gene|transcript	19
chr14	94314648	94314667	ENSG00000170099.6	UTR|exon|gene|transcript	19
chr14	55027320	55027339	ENSG00000180008.9	UTR|exon|gene|transcript	19
chr14	77458127	77458146	ENSG00000100591.8	UTR|exon|gene|transcript	19
chr14	44905550	44905569	ENSG00000179476.8|ENSG00000258949.1	UTR|exon|gene|transcript	19
chr14	39147813	39147832	ENSG00000182400.15	UTR|exon|gene|transcript	19
chr14	49893255	49893274	ENSG00000165527.8	UTR|exon|gene|transcript	19
chr14	64589338	64589357	ENSG00000165807.8|ENSG00000259076.1	UTR|exon|gene|transcript	19
chr14	24369244	24369263	ENSG00000100968.14	UTR|exon|gene|transcript	19
chr14	102055519	102055538	ENSG00000197102.14|ENSG00000293472.1	UTR|exon|gene|transcript	19
chr14	75622059	75622078	ENSG00000119686.10	UTR|exon|gene|transcript	19
chr14	22919110	22919129	ENSG00000100461.18|ENSG00000237054.9	UTR|exon|gene|transcript	19
chr14	105464702	105464721	ENSG00000182979.18	UTR|exon|gene|transcript	19
chr14	24430035	24430054	ENSG00000100441.10|ENSG00000139899.11	UTR|exon|gene|transcript	19
chr14	56805556	56805575	ENSG00000165588.19	UTR|exon|gene|transcript	19
chr14	56805648	56805667	ENSG00000165588.19	UTR|exon|gene|transcript	19
chr14	20311369	20311388	ENSG00000100814.19	UTR|exon|gene|transcript	19
chr14	94470166	94470185	ENSG00000170054.16	UTR|exon|gene|transcript	19
chr14	64460006	64460025	ENSG00000089775.12|ENSG00000100714.18	UTR|exon|gene|transcript	19
chr14	61279411	61279430	ENSG00000027075.17|ENSG00000182107.7	UTR|exon|gene|transcript	19
chr14	95184072	95184091	ENSG00000165959.12	UTR|exon|gene|transcript	19
chr14	60250379	60250398	ENSG00000100614.18	UTR|exon|gene|transcript	19
chr14	45096886	45096905	ENSG00000185246.18	UTR|exon|gene|transcript	19
chr14	101921363	101921382	ENSG00000078304.20	UTR|exon|gene|transcript	19
chr14	100530271	100530290	ENSG00000176473.14	UTR|exon|gene|transcript	19
chr14	77320769	77320788	ENSG00000009830.13	UTR|exon|gene|transcript	19
chr14	21210903	21210922	ENSG00000092199.19	UTR|exon|gene|transcript	19
chr14	35548511	35548530	ENSG00000174373.17	UTR|exon|gene|transcript	19
chr14	95444335	95444354	ENSG00000176438.13	UTR|exon|gene|transcript	19
chr14	90537955	90537974	ENSG00000165914.15	UTR|exon|gene|transcript	19
chr14	23567331	23567350	ENSG00000213983.12|ENSG00000258727.1	UTR|exon|gene|transcript	19
chr14	19935647	19935666	ENSG00000155249.5	UTR|exon|gene|transcript	19
chr14	31025768	31025787	ENSG00000100478.16|ENSG00000196792.12	UTR|exon|gene|transcript	19
chr14	29594085	29594104	ENSG00000184304.17	UTR|exon|gene|transcript	19
chr14	75010302	75010321	ENSG00000119718.11	UTR|exon|gene|transcript	19
chr14	58304990	58305009	ENSG00000032219.19	UTR|exon|gene|transcript	19
chr14	30559737	30559756	ENSG00000092140.16|ENSG00000257636.6	UTR|exon|gene|transcript	19
chr14	104769351	104769370	ENSG00000142208.18|ENSG00000258430.1	UTR|exon|gene|transcript	19
chr14	105499209	105499228	ENSG00000185347.19	UTR|exon|gene|transcript	19
chr14	64944056	64944075	ENSG00000125954.13|ENSG00000258289.10	UTR|exon|gene|transcript	19
chr14	93721424	93721443	ENSG00000175785.13	UTR|exon|gene|transcript	19
chr14	73885707	73885726	ENSG00000140043.12|ENSG00000258653.3	UTR|exon|gene|transcript	19
chr14	52327871	52327890	ENSG00000125384.7	UTR|exon|gene|transcript	19
chr14	23558840	23558859	ENSG00000157306.14|ENSG00000259431.6	UTR|exon|gene|transcript	19
chr14	88567857	88567876	ENSG00000100722.20	UTR|exon|gene|transcript	19
chr14	35083359	35083378	ENSG00000151327.14	UTR|exon|gene|transcript	19
chr14	89923307	89923325	ENSG00000140025.16|ENSG00000259053.1	UTR|exon|gene|transcript	18
chr14	24631857	24631875	ENSG00000100453.14|ENSG00000258657.5	UTR|exon|gene|transcript	18
chr14	20587625	20587643	ENSG00000173464.16|ENSG00000259060.7	UTR|exon|gene|transcript	18
chr14	20425851	20425869	ENSG00000185271.9	UTR|exon|gene|transcript	18
chr14	81266784	81266802	ENSG00000140022.14	UTR|exon|gene|transcript	18
chr14	24182824	24182842	ENSG00000196497.17|ENSG00000259522.3	UTR|exon|gene|transcript	18
chr14	22771771	22771789	ENSG00000155463.14	UTR|exon|gene|transcript	18
chr14	64521486	64521504	ENSG00000126804.14|ENSG00000259116.2	UTR|exon|gene|transcript	18
chr14	64544931	64544949	ENSG00000126803.10	UTR|exon|gene|transcript	18
chr14	24268164	24268182	ENSG00000100949.15	UTR|exon|gene|transcript	18
chr14	76180763	76180781	ENSG00000089916.18	UTR|exon|gene|transcript	18
chr14	103385565	103385583	ENSG00000075413.19	UTR|exon|gene|transcript	18
chr14	58495596	58495614	ENSG00000100578.18	UTR|exon|gene|transcript	18
chr14	73273821	73273839	ENSG00000100767.17|ENSG00000258944.1	UTR|exon|gene|transcript	18
chr14	50283852	50283870	ENSG00000087299.12	UTR|exon|gene|transcript	18
chr14	23063435	23063453	ENSG00000100813.15	UTR|exon|gene|transcript	18
chr14	22982468	22982486	ENSG00000129474.17	UTR|exon|gene|transcript	18
chr14	56816586	56816604	ENSG00000165588.19|ENSG00000248550.4	UTR|exon|gene|transcript	18
chr14	102050416	102050434	ENSG00000197102.14|ENSG00000293472.1	UTR|exon|gene|transcript	18
chr14	85639818	85639836	ENSG00000185070.12	UTR|exon|gene|transcript	18
chr14	24166383	24166401	ENSG00000213928.10|ENSG00000259529.2|ENSG00000289757.1	UTR|exon|gene|transcript	18
chr14	90856662	90856680	ENSG00000100784.12	UTR|exon|gene|transcript	18
chr14	45095220	45095238	ENSG00000185246.18	UTR|exon|gene|transcript	18
chr14	91165257	91165275	ENSG00000133943.21	UTR|exon|gene|transcript	18
chr14	103701997	103702015	ENSG00000126214.22|ENSG00000126215.14	UTR|exon|gene|transcript	18
chr14	67197270	67197288	ENSG00000172717.17	UTR|exon|gene|transcript	18
chr14	31400278	31400296	ENSG00000129493.15|ENSG00000203546.7	UTR|exon|gene|transcript	18
chr14	24115521	24115539	ENSG00000100897.18	UTR|exon|gene|transcript	18
chr14	24310176	24310194	ENSG00000136305.12|ENSG00000213906.10	UTR|exon|gene|transcript	18
chr14	23100421	23100439	ENSG00000179933.6|ENSG00000283654.3	UTR|exon|gene|transcript	18
chr14	49782082	49782100	ENSG00000165516.11|ENSG00000165525.18	UTR|exon|gene|transcript	18
chr14	30580929	30580947	ENSG00000092140.16	UTR|exon|gene|transcript	18
chr14	20770132	20770150	ENSG00000181552.4	UTR|exon|gene|transcript	18
chr14	24369226	24369244	ENSG00000100968.14	UTR|exon|gene|transcript	18
chr14	67473923	67473941	ENSG00000198133.9	UTR|exon|gene|transcript	18
chr14	64390336	64390354	ENSG00000100714.18	UTR|exon|gene|transcript	18
chr14	20587859	20587877	ENSG00000173464.16|ENSG00000258573.6|ENSG00000259060.7	UTR|exon|gene|transcript	18
chr14	93925253	93925271	ENSG00000140067.7|ENSG00000258584.2	UTR|exon|gene|transcript	18
chr14	74285995	74286013	ENSG00000119688.21	UTR|exon|gene|transcript	18
chr14	22999102	22999120	ENSG00000100802.15	UTR|exon|gene|transcript	18
chr14	21025271	21025289	ENSG00000165795.25|ENSG00000179636.15|ENSG00000258604.1	UTR|exon|gene|transcript	18
chr14	24232285	24232303	ENSG00000129559.13|ENSG00000255526.6	UTR|exon|gene|transcript	18
chr14	102508888	102508906	ENSG00000156381.9	UTR|exon|gene|transcript	18
chr14	75546887	75546905	ENSG00000156127.8	UTR|exon|gene|transcript	18
chr14	91181249	91181267	ENSG00000133943.21	UTR|exon|gene|transcript	18
chr14	20457738	20457756	ENSG00000100823.12|ENSG00000165782.11	UTR|exon|gene|transcript	18
chr14	95710704	95710722	ENSG00000100721.11	UTR|exon|gene|transcript	18
chr14	20693546	20693564	ENSG00000214274.10|ENSG00000258451.1|ENSG00000258818.4|ENSG00000259171.1	UTR|exon|gene|transcript	18
chr14	79862425	79862443	ENSG00000021645.20	UTR|exon|gene|transcript	18
chr14	58234768	58234786	ENSG00000131966.14|ENSG00000139971.15	UTR|exon|gene|transcript	18
chr14	60249659	60249677	ENSG00000100614.18	UTR|exon|gene|transcript	18
chr14	33585961	33585979	ENSG00000151322.20	UTR|exon|gene|transcript	18
chr14	85626172	85626190	ENSG00000185070.12	UTR|exon|gene|transcript	18
chr14	21156025	21156043	ENSG00000169327.5	UTR|exon|gene|transcript	18
chr14	91128894	91128912	ENSG00000133943.21	UTR|exon|gene|transcript	18
chr14	96268785	96268803	ENSG00000100739.11	UTR|exon|gene|transcript	18
chr14	102042730	102042748	ENSG00000197102.14|ENSG00000293472.1	UTR|exon|gene|transcript	18
chr14	91196374	91196392	ENSG00000133943.21	UTR|exon|gene|transcript	18
chr14	77457891	77457909	ENSG00000100591.8|ENSG00000151445.16	UTR|exon|gene|transcript	18
chr14	102932726	102932744	ENSG00000166126.11|ENSG00000198752.11	UTR|exon|gene|transcript	18
chr14	73147980	73147998	ENSG00000080815.20	UTR|exon|gene|transcript	18
chr14	31100119	31100137	ENSG00000092148.14|ENSG00000100478.16	UTR|exon|gene|transcript	18
chr14	24232267	24232285	ENSG00000129559.13|ENSG00000255526.6	UTR|exon|gene|transcript	18
chr14	103503227	103503245	ENSG00000075413.19	UTR|exon|gene|transcript	18
chr14	63204113	63204131	ENSG00000126785.13	UTR|exon|gene|transcript	18
chr14	31487896	31487914	ENSG00000214943.5	UTR|exon|gene|transcript	18
chr14	96931538	96931556	ENSG00000100749.9	UTR|exon|gene|transcript	18
chr14	57480704	57480722	ENSG00000100557.10	UTR|exon|gene|transcript	18
chr14	20428810	20428827	ENSG00000185271.9	UTR|exon|gene|transcript	17
chr14	73963091	73963108	ENSG00000119723.17|ENSG00000187097.13	UTR|exon|gene|transcript	17
chr14	73274623	73274640	ENSG00000100767.17	UTR|exon|gene|transcript	17
chr14	95157292	95157309	ENSG00000100697.17	UTR|exon|gene|transcript	17
chr14	76209977	76209994	ENSG00000089916.18	UTR|exon|gene|transcript	17
chr14	102870184	102870201	ENSG00000131323.17	UTR|exon|gene|transcript	17
chr14	104581608	104581625	ENSG00000184601.11|ENSG00000258986.7	UTR|exon|gene|transcript	17
chr14	64388089	64388106	ENSG00000100714.18	UTR|exon|gene|transcript	17
chr14	34603347	34603364	ENSG00000129515.20	UTR|exon|gene|transcript	17
chr14	24183455	24183472	ENSG00000196497.17|ENSG00000259522.3	UTR|exon|gene|transcript	17
chr14	64552844	64552861	ENSG00000165807.8|ENSG00000259076.1	UTR|exon|gene|transcript	17
chr14	25049860	25049877	ENSG00000168952.16	UTR|exon|gene|transcript	17
chr14	105391749	105391766	ENSG00000179364.15	UTR|exon|gene|transcript	17
chr14	80211508	80211525	ENSG00000211448.14|ENSG00000258766.1	UTR|exon|gene|transcript	17
chr14	39136479	39136496	ENSG00000092208.19	UTR|exon|gene|transcript	17
chr14	58427859	58427876	ENSG00000100578.18	UTR|exon|gene|transcript	17
chr14	20583695	20583712	ENSG00000173464.16|ENSG00000259060.7	UTR|exon|gene|transcript	17
chr14	103534821	103534838	ENSG00000166166.13	UTR|exon|gene|transcript	17
chr14	24430713	24430730	ENSG00000100441.10|ENSG00000139899.11	UTR|exon|gene|transcript	17
chr14	49577794	49577811	ENSG00000213741.11	UTR|exon|gene|transcript	17
chr14	22894741	22894758	ENSG00000100461.18	UTR|exon|gene|transcript	17
chr14	54567611	54567628	ENSG00000020577.14	UTR|exon|gene|transcript	17
chr14	60724074	60724091	ENSG00000100625.9	UTR|exon|gene|transcript	17
chr14	77422889	77422906	ENSG00000165555.10	UTR|exon|gene|transcript	17
chr14	95184432	95184449	ENSG00000165959.12	UTR|exon|gene|transcript	17
chr14	70326281	70326298	ENSG00000133983.16|ENSG00000258644.6|ENSG00000259033.2	UTR|exon|gene|transcript	17
chr14	53951596	53951613	ENSG00000125378.16	UTR|exon|gene|transcript	17
chr14	94498397	94498414	ENSG00000165953.10	UTR|exon|gene|transcript	17
chr14	92703821	92703838	ENSG00000100600.15	UTR|exon|gene|transcript	17
chr14	75661370	75661387	ENSG00000119685.20|ENSG00000119686.10	UTR|exon|gene|transcript	17
chr14	70044401	70044418	ENSG00000100678.20	UTR|exon|gene|transcript	17
chr14	104801180	104801197	ENSG00000179627.10	UTR|exon|gene|transcript	17
chr14	34780115	34780132	ENSG00000198604.11	UTR|exon|gene|transcript	17
chr14	88612203	88612220	ENSG00000100722.20	UTR|exon|gene|transcript	17
chr14	77306401	77306418	ENSG00000009830.13	UTR|exon|gene|transcript	17
chr14	21263649	21263666	ENSG00000092199.19	UTR|exon|gene|transcript	17
chr14	21570744	21570761	ENSG00000169208.3	UTR|exon|gene|transcript	17
chr14	52951018	52951035	ENSG00000073712.15	UTR|exon|gene|transcript	17
chr14	24166412	24166429	ENSG00000213928.10|ENSG00000259529.2|ENSG00000289757.1	UTR|exon|gene|transcript	17
chr14	23062415	23062432	ENSG00000100813.15	UTR|exon|gene|transcript	17
chr14	70642024	70642041	ENSG00000133985.3	UTR|exon|gene|transcript	17
chr14	26446570	26446587	ENSG00000139910.20	UTR|exon|gene|transcript	17
chr14	34092385	34092402	ENSG00000129521.15	UTR|exon|gene|transcript	17
chr14	52068994	52069011	ENSG00000087303.19	UTR|exon|gene|transcript	17
chr14	72615870	72615887	ENSG00000205683.12	UTR|exon|gene|transcript	17
chr14	102229119	102229136	ENSG00000080823.23	UTR|exon|gene|transcript	17
chr14	76498458	76498475	ENSG00000119715.15|ENSG00000259124.1	UTR|exon|gene|transcript	17
chr14	94587345	94587362	ENSG00000188488.14	UTR|exon|gene|transcript	17
chr14	102232708	102232725	ENSG00000080823.23	UTR|exon|gene|transcript	17
chr14	24166497	24166514	ENSG00000213928.10|ENSG00000289757.1	UTR|exon|gene|transcript	17
chr14	62128397	62128414	ENSG00000289503.1|ENSG00000293464.1	UTR|exon|gene|transcript	17
chr14	24183650	24183667	ENSG00000196497.17|ENSG00000259522.3	UTR|exon|gene|transcript	17
chr14	21670935	21670952	ENSG00000276240.4	UTR|exon|gene|transcript	17
chr14	89795375	89795392	ENSG00000140025.16|ENSG00000259053.1	UTR|exon|gene|transcript	17
chr14	41731336	41731353	ENSG00000165379.14	UTR|exon|gene|transcript	17
chr14	53956688	53956705	ENSG00000125378.16|ENSG00000287156.1	UTR|exon|gene|transcript	17
chr14	85630307	85630324	ENSG00000185070.12	UTR|exon|gene|transcript	17
chr14	66486353	66486370	ENSG00000196553.15|ENSG00000258561.2	UTR|exon|gene|transcript	17
chr14	85533250	85533267	ENSG00000185070.12	UTR|exon|gene|transcript	17
chr14	75958098	75958115	ENSG00000119650.13|ENSG00000119699.8	UTR|exon|gene|transcript	17
chr14	99397747	99397764	ENSG00000183576.13	UTR|exon|gene|transcript	17
chr14	92492907	92492924	ENSG00000140090.18	UTR|exon|gene|transcript	17
chr14	96945365	96945382	ENSG00000100749.9	UTR|exon|gene|transcript	17
chr14	59630506	59630523	ENSG00000139970.18	UTR|exon|gene|transcript	17
chr14	75002973	75002990	ENSG00000119718.11	UTR|exon|gene|transcript	17
chr14	88877971	88877988	ENSG00000165533.19	UTR|exon|gene|transcript	17
chr14	21211903	21211920	ENSG00000092199.19	UTR|exon|gene|transcript	17
chr14	36298572	36298589	ENSG00000151332.20	UTR|exon|gene|transcript	17
chr14	50247040	50247057	ENSG00000087299.12	UTR|exon|gene|transcript	17
chr14	73959481	73959498	ENSG00000119723.17|ENSG00000187097.13	UTR|exon|gene|transcript	17
chr14	39103812	39103829	ENSG00000100934.15	UTR|exon|gene|transcript	17
chr14	54941158	54941175	ENSG00000198554.12	UTR|exon|gene|transcript	17
chr14	24271516	24271533	ENSG00000100949.15|ENSG00000288044.3	UTR|exon|gene|transcript	17
chr14	51877616	51877633	ENSG00000186469.9	UTR|exon|gene|transcript	17
chr14	73887378	73887395	ENSG00000119725.21|ENSG00000258653.3	UTR|exon|gene|transcript	17
chr14	67294971	67294987	ENSG00000072415.10|ENSG00000100554.12	UTR|exon|gene|transcript	16
chr14	58508554	58508570	ENSG00000100578.18	UTR|exon|gene|transcript	16
chr14	54844000	54844016	ENSG00000131979.20	UTR|exon|gene|transcript	16
chr14	99680463	99680479	ENSG00000182218.10	UTR|exon|gene|transcript	16
chr14	35085475	35085491	ENSG00000092020.11|ENSG00000151327.14	UTR|exon|gene|transcript	16
chr14	105491245	105491261	ENSG00000185347.19|ENSG00000257341.5	UTR|exon|gene|transcript	16
chr14	96279398	96279414	ENSG00000066739.12	UTR|exon|gene|transcript	16
chr14	65077327	65077343	ENSG00000125952.21	UTR|exon|gene|transcript	16
chr14	65102344	65102360	ENSG00000125952.21	UTR|exon|gene|transcript	16
chr14	23068464	23068480	ENSG00000100813.15	UTR|exon|gene|transcript	16
chr14	23097641	23097657	ENSG00000179933.6	UTR|exon|gene|transcript	16
chr14	50328691	50328707	ENSG00000100490.10|ENSG00000125375.18	UTR|exon|gene|transcript	16
chr14	50326248	50326264	ENSG00000125375.18	UTR|exon|gene|transcript	16
chr14	35308963	35308979	ENSG00000100902.11|ENSG00000258790.1	UTR|exon|gene|transcript	16
chr14	67228395	67228411	ENSG00000172717.17	UTR|exon|gene|transcript	16
chr14	50242522	50242538	ENSG00000087299.12	UTR|exon|gene|transcript	16
chr14	23478178	23478194	ENSG00000129460.17	UTR|exon|gene|transcript	16
chr14	23311735	23311751	ENSG00000129473.11|ENSG00000258643.6	UTR|exon|gene|transcript	16
chr14	77105656	77105672	ENSG00000198894.8|ENSG00000259164.1	UTR|exon|gene|transcript	16
chr14	73932247	73932263	ENSG00000119725.21|ENSG00000156050.10|ENSG00000258653.3|ENSG00000258891.1	UTR|exon|gene|transcript	16
chr14	67240870	67240886	ENSG00000072415.10	UTR|exon|gene|transcript	16
chr14	58298587	58298603	ENSG00000032219.19	UTR|exon|gene|transcript	16
chr14	24336158	24336174	ENSG00000129465.16|ENSG00000258973.1	UTR|exon|gene|transcript	16
chr14	88563634	88563650	ENSG00000100722.20	UTR|exon|gene|transcript	16
chr14	66486390	66486406	ENSG00000196553.15|ENSG00000258561.2	UTR|exon|gene|transcript	16
chr14	100333801	100333817	ENSG00000140105.18|ENSG00000258666.1	UTR|exon|gene|transcript	16
chr14	24268182	24268198	ENSG00000100949.15	UTR|exon|gene|transcript	16
chr14	69348310	69348326	ENSG00000100626.17	UTR|exon|gene|transcript	16
chr14	76204004	76204020	ENSG00000089916.18	UTR|exon|gene|transcript	16
chr14	74295940	74295956	ENSG00000119688.21	UTR|exon|gene|transcript	16
chr14	21666631	21666647	ENSG00000221977.3	UTR|exon|gene|transcript	16
chr14	72617599	72617615	ENSG00000205683.12	UTR|exon|gene|transcript	16
chr14	22956927	22956943	ENSG00000092036.19|ENSG00000259132.1	UTR|exon|gene|transcript	16
chr14	58408647	58408663	ENSG00000100575.14|ENSG00000196860.8|ENSG00000258378.1	UTR|exon|gene|transcript	16
chr14	94596441	94596457	ENSG00000273259.3	UTR|exon|gene|transcript	16
chr14	21404814	21404830	ENSG00000100888.15	UTR|exon|gene|transcript	16
chr14	58267504	58267520	ENSG00000100567.13|ENSG00000139971.15|ENSG00000257621.9|ENSG00000258682.1	UTR|exon|gene|transcript	16
chr14	77710880	77710896	ENSG00000119705.10	UTR|exon|gene|transcript	16
chr14	61052429	61052445	ENSG00000139974.17	UTR|exon|gene|transcript	16
chr14	73458195	73458211	ENSG00000133961.21|ENSG00000285006.1	UTR|exon|gene|transcript	16
chr14	59919867	59919883	ENSG00000131951.12|ENSG00000261120.1	UTR|exon|gene|transcript	16
chr14	88586719	88586735	ENSG00000100722.20	UTR|exon|gene|transcript	16
chr14	105055845	105055861	ENSG00000183484.12	UTR|exon|gene|transcript	16
chr14	26549679	26549695	ENSG00000139910.20	UTR|exon|gene|transcript	16
chr14	33774514	33774530	ENSG00000151322.20	UTR|exon|gene|transcript	16
chr14	77331195	77331211	ENSG00000100577.19	UTR|exon|gene|transcript	16
chr14	77331211	77331227	ENSG00000100577.19	UTR|exon|gene|transcript	16
chr14	50632640	50632656	ENSG00000151748.15|ENSG00000198513.14	UTR|exon|gene|transcript	16
chr14	103498848	103498864	ENSG00000075413.19	UTR|exon|gene|transcript	16
chr14	74921545	74921561	ENSG00000198208.12	UTR|exon|gene|transcript	16
chr14	29576478	29576494	ENSG00000184304.17	UTR|exon|gene|transcript	16
chr14	91173737	91173753	ENSG00000133943.21	UTR|exon|gene|transcript	16
chr14	92121195	92121211	ENSG00000183648.11	UTR|exon|gene|transcript	16
chr14	60136505	60136521	ENSG00000126773.13	UTR|exon|gene|transcript	16
chr14	75069152	75069168	ENSG00000119640.9|ENSG00000119703.15	UTR|exon|gene|transcript	16
chr14	93184670	93184686	ENSG00000165943.5	UTR|exon|gene|transcript	16
chr14	75660774	75660790	ENSG00000119685.20|ENSG00000119686.10|ENSG00000133935.7	UTR|exon|gene|transcript	16
chr14	94475969	94475985	ENSG00000170054.16	UTR|exon|gene|transcript	16
chr14	94498414	94498430	ENSG00000165953.10	UTR|exon|gene|transcript	16
chr14	94581638	94581654	ENSG00000188488.14	UTR|exon|gene|transcript	16
chr14	88594398	88594414	ENSG00000100722.20	UTR|exon|gene|transcript	16
chr14	20468852	20468868	ENSG00000198805.13	UTR|exon|gene|transcript	16
chr14	22987128	22987144	ENSG00000100802.15|ENSG00000258457.5	UTR|exon|gene|transcript	16
chr14	74906428	74906444	ENSG00000198208.12	UTR|exon|gene|transcript	16
chr14	93927438	93927454	ENSG00000140067.7	UTR|exon|gene|transcript	16
chr14	24609667	24609683	ENSG00000100450.13|ENSG00000258657.5	UTR|exon|gene|transcript	16
chr14	21025676	21025692	ENSG00000165795.25|ENSG00000179636.15|ENSG00000258604.1	UTR|exon|gene|transcript	16
chr14	45253087	45253103	ENSG00000129534.14	UTR|exon|gene|transcript	16
chr14	74670126	74670142	ENSG00000119682.18	UTR|exon|gene|transcript	16
chr14	75471090	75471106	ENSG00000140044.13	UTR|exon|gene|transcript	16
chr14	51860413	51860429	ENSG00000186469.9	UTR|exon|gene|transcript	16
chr14	80991964	80991980	ENSG00000165409.18	UTR|exon|gene|transcript	16
chr14	21498145	21498161	ENSG00000092203.15|ENSG00000165819.12	UTR|exon|gene|transcript	16
chr14	55663180	55663196	ENSG00000126777.18	UTR|exon|gene|transcript	16
chr14	24166467	24166483	ENSG00000213928.10|ENSG00000289757.1	UTR|exon|gene|transcript	16
chr14	64972760	64972776	ENSG00000125954.13|ENSG00000139998.16	UTR|exon|gene|transcript	16
chr14	21024715	21024731	ENSG00000165795.25|ENSG00000179636.15|ENSG00000258604.1	UTR|exon|gene|transcript	16
chr14	105529858	105529874	ENSG00000184986.12	UTR|exon|gene|transcript	16
chr14	73696075	73696091	ENSG00000119661.15	UTR|exon|gene|transcript	16
chr14	37622049	37622064	ENSG00000139865.17	UTR|exon|gene|transcript	15
chr14	106389843	106389858	ENSG00000211957.2	UTR|exon|gene|transcript	15
chr14	23104953	23104968	ENSG00000283654.3	UTR|exon|gene|transcript	15
chr14	23071186	23071201	ENSG00000100813.15	UTR|exon|gene|transcript	15
chr14	22901564	22901579	ENSG00000100461.18	UTR|exon|gene|transcript	15
chr14	34462212	34462227	ENSG00000129521.15|ENSG00000165389.7	UTR|exon|gene|transcript	15
chr14	20002147	20002162	ENSG00000196383.7	UTR|exon|gene|transcript	15
chr14	80916547	80916562	ENSG00000100629.17	UTR|exon|gene|transcript	15
chr14	80315773	80315788	ENSG00000211448.14|ENSG00000258766.1	UTR|exon|gene|transcript	15
chr14	100380909	100380924	ENSG00000176473.14	UTR|exon|gene|transcript	15
chr14	69711674	69711689	ENSG00000100647.8	UTR|exon|gene|transcript	15
chr14	58548790	58548805	ENSG00000100578.18	UTR|exon|gene|transcript	15
chr14	88603045	88603060	ENSG00000100722.20	UTR|exon|gene|transcript	15
chr14	52951035	52951050	ENSG00000073712.15	UTR|exon|gene|transcript	15
chr14	70729650	70729665	ENSG00000006432.16	UTR|exon|gene|transcript	15
chr14	88183074	88183089	ENSG00000100433.16	UTR|exon|gene|transcript	15
chr14	35317478	35317493	ENSG00000100902.11	UTR|exon|gene|transcript	15
chr14	96092561	96092576	ENSG00000227051.7	UTR|exon|gene|transcript	15
chr14	21023399	21023414	ENSG00000165795.25	UTR|exon|gene|transcript	15
chr14	21477263	21477278	ENSG00000092203.15	UTR|exon|gene|transcript	15
chr14	94378012	94378027	ENSG00000197249.14	UTR|exon|gene|transcript	15
chr14	73272893	73272908	ENSG00000100767.17|ENSG00000258944.1	UTR|exon|gene|transcript	15
chr14	63374669	63374684	ENSG00000154001.14	UTR|exon|gene|transcript	15
chr14	73355751	73355766	ENSG00000133961.21	UTR|exon|gene|transcript	15
chr14	21099014	21099029	ENSG00000165804.16|ENSG00000232070.9	UTR|exon|gene|transcript	15
chr14	21497982	21497997	ENSG00000092203.15	UTR|exon|gene|transcript	15
chr14	50591534	50591549	ENSG00000198513.14	UTR|exon|gene|transcript	15
chr14	75546977	75546992	ENSG00000156127.8	UTR|exon|gene|transcript	15
chr14	69209423	69209438	ENSG00000081177.19|ENSG00000258957.2	UTR|exon|gene|transcript	15
chr14	75073620	75073635	ENSG00000119703.15	UTR|exon|gene|transcript	15
chr14	20354108	20354123	ENSG00000129484.14	UTR|exon|gene|transcript	15
chr14	56806723	56806738	ENSG00000165588.19	UTR|exon|gene|transcript	15
chr14	57244164	57244179	ENSG00000070367.17	UTR|exon|gene|transcript	15
chr14	20587643	20587658	ENSG00000173464.16|ENSG00000258573.6|ENSG00000259060.7	UTR|exon|gene|transcript	15
chr14	81192635	81192650	ENSG00000165417.12	UTR|exon|gene|transcript	15
chr14	101761869	101761884	ENSG00000078304.20	UTR|exon|gene|transcript	15
chr14	91060600	91060615	ENSG00000100784.12|ENSG00000133943.21	UTR|exon|gene|transcript	15
chr14	73958955	73958970	ENSG00000119723.17|ENSG00000187097.13	UTR|exon|gene|transcript	15
chr14	77321509	77321524	ENSG00000100577.19	UTR|exon|gene|transcript	15
chr14	73297876	73297891	ENSG00000133961.21	UTR|exon|gene|transcript	15
chr14	61279722	61279737	ENSG00000027075.17|ENSG00000182107.7	UTR|exon|gene|transcript	15
chr14	95086227	95086242	ENSG00000100697.17	UTR|exon|gene|transcript	15
chr14	68795005	68795020	ENSG00000185650.10|ENSG00000289626.1	UTR|exon|gene|transcript	15
chr14	31861203	31861218	ENSG00000151413.17	UTR|exon|gene|transcript	15
chr14	20583680	20583695	ENSG00000173464.16|ENSG00000259060.7	UTR|exon|gene|transcript	15
chr14	63641803	63641818	ENSG00000140006.12	UTR|exon|gene|transcript	15
chr14	24987885	24987900	ENSG00000168952.16	UTR|exon|gene|transcript	15
chr14	102029818	102029833	ENSG00000197102.14	UTR|exon|gene|transcript	15
chr14	24232336	24232351	ENSG00000129559.13|ENSG00000255526.6	UTR|exon|gene|transcript	15
chr14	91060585	91060600	ENSG00000100784.12|ENSG00000133943.21	UTR|exon|gene|transcript	15
chr14	24315636	24315651	ENSG00000213903.9	UTR|exon|gene|transcript	15
chr14	50475076	50475091	ENSG00000012983.12	UTR|exon|gene|transcript	15
chr14	94464682	94464697	ENSG00000170054.16|ENSG00000256357.1	UTR|exon|gene|transcript	15
chr14	24195036	24195051	ENSG00000100926.15|ENSG00000254692.1	UTR|exon|gene|transcript	15
chr14	88877956	88877971	ENSG00000165533.19	UTR|exon|gene|transcript	15
chr14	103708506	103708521	ENSG00000126214.22|ENSG00000126215.14	UTR|exon|gene|transcript	15
chr14	24074726	24074741	ENSG00000100884.10	UTR|exon|gene|transcript	15
chr14	88326455	88326470	ENSG00000100433.16	UTR|exon|gene|transcript	15
chr14	73531197	73531212	ENSG00000187105.9	UTR|exon|gene|transcript	15
chr14	21094404	21094419	ENSG00000165804.16	UTR|exon|gene|transcript	15
chr14	30889793	30889808	ENSG00000100473.18|ENSG00000258525.2	UTR|exon|gene|transcript	15
chr14	94096840	94096855	ENSG00000165948.11	UTR|exon|gene|transcript	15
chr14	75646618	75646633	ENSG00000119685.20|ENSG00000119686.10	UTR|exon|gene|transcript	15
chr14	75108886	75108901	ENSG00000119638.14|ENSG00000119703.15	UTR|exon|gene|transcript	15
chr14	103124491	103124506	ENSG00000185215.11	UTR|exon|gene|transcript	15
chr14	95691321	95691336	ENSG00000213231.13|ENSG00000259084.6	UTR|exon|gene|transcript	15
chr14	74084405	74084420	ENSG00000119711.13	UTR|exon|gene|transcript	15
chr14	24188158	24188173	ENSG00000196497.17|ENSG00000259522.3	UTR|exon|gene|transcript	15
chr14	24143366	24143381	ENSG00000100911.16	UTR|exon|gene|transcript	15
chr14	23262664	23262679	ENSG00000215277.9	UTR|exon|gene|transcript	15
chr14	81476851	81476866	ENSG00000071537.14	UTR|exon|gene|transcript	15
chr14	104895530	104895545	ENSG00000099814.17	UTR|exon|gene|transcript	15
chr14	73136762	73136777	ENSG00000080815.20	UTR|exon|gene|transcript	15
chr14	23321994	23322009	ENSG00000100836.11|ENSG00000258643.6	UTR|exon|gene|transcript	15
chr14	92323650	92323665	ENSG00000140090.18	UTR|exon|gene|transcript	15
chr14	24183782	24183797	ENSG00000196497.17|ENSG00000259522.3	UTR|exon|gene|transcript	15
chr14	62103362	62103377	ENSG00000139973.18|ENSG00000258903.2|ENSG00000289503.1	UTR|exon|gene|transcript	15
chr14	67189555	67189569	ENSG00000172717.17	UTR|exon|gene|transcript	14
chr14	93925047	93925061	ENSG00000140067.7|ENSG00000258584.2	UTR|exon|gene|transcript	14
chr14	21020783	21020797	ENSG00000165795.25	UTR|exon|gene|transcript	14
chr14	99691847	99691861	ENSG00000036530.9|ENSG00000258672.1	UTR|exon|gene|transcript	14
chr14	100587312	100587326	ENSG00000183092.18	UTR|exon|gene|transcript	14
chr14	103698582	103698596	ENSG00000126214.22|ENSG00000126215.14	UTR|exon|gene|transcript	14
chr14	24634160	24634174	ENSG00000100453.14|ENSG00000258657.5	UTR|exon|gene|transcript	14
chr14	51651940	51651954	ENSG00000139926.16	UTR|exon|gene|transcript	14
chr14	50831005	50831019	ENSG00000100503.27	UTR|exon|gene|transcript	14
chr14	91167707	91167721	ENSG00000133943.21	UTR|exon|gene|transcript	14
chr14	100334478	100334492	ENSG00000140105.18|ENSG00000258666.1	UTR|exon|gene|transcript	14
chr14	33924226	33924240	ENSG00000129521.15	UTR|exon|gene|transcript	14
chr14	24269149	24269163	ENSG00000100949.15	UTR|exon|gene|transcript	14
chr14	63375760	63375774	ENSG00000154001.14	UTR|exon|gene|transcript	14
chr14	81180208	81180222	ENSG00000165417.12	UTR|exon|gene|transcript	14
chr14	20583776	20583790	ENSG00000173464.16|ENSG00000259060.7	UTR|exon|gene|transcript	14
chr14	95260514	95260528	ENSG00000165959.12	UTR|exon|gene|transcript	14
chr14	21263310	21263324	ENSG00000092199.19	UTR|exon|gene|transcript	14
chr14	89412476	89412490	ENSG00000053254.16|ENSG00000259053.1	UTR|exon|gene|transcript	14
chr14	61052445	61052459	ENSG00000139974.17	UTR|exon|gene|transcript	14
chr14	90404746	90404760	ENSG00000198668.14|ENSG00000258424.1	UTR|exon|gene|transcript	14
chr14	22922821	22922835	ENSG00000100462.16|ENSG00000237054.9	UTR|exon|gene|transcript	14
chr14	20315780	20315794	ENSG00000100814.19	UTR|exon|gene|transcript	14
chr14	24166520	24166534	ENSG00000213928.10|ENSG00000289757.1	UTR|exon|gene|transcript	14
chr14	88270789	88270803	ENSG00000100433.16	UTR|exon|gene|transcript	14
chr14	64934418	64934432	ENSG00000125954.13|ENSG00000258289.10	UTR|exon|gene|transcript	14
chr14	67678072	67678086	ENSG00000072042.13|ENSG00000258466.5	UTR|exon|gene|transcript	14
chr14	70725816	70725830	ENSG00000006432.16	UTR|exon|gene|transcript	14
chr14	105486992	105487006	ENSG00000213145.10	UTR|exon|gene|transcript	14
chr14	21265023	21265037	ENSG00000092199.19	UTR|exon|gene|transcript	14
chr14	77277278	77277292	ENSG00000009830.13	UTR|exon|gene|transcript	14
chr14	102048515	102048529	ENSG00000197102.14|ENSG00000293472.1	UTR|exon|gene|transcript	14
chr14	30628208	30628222	ENSG00000092108.22	UTR|exon|gene|transcript	14
chr14	74685646	74685660	ENSG00000119682.18	UTR|exon|gene|transcript	14
chr14	81221217	81221231	ENSG00000165417.12|ENSG00000273783.2	UTR|exon|gene|transcript	14
chr14	75007721	75007735	ENSG00000119718.11|ENSG00000258646.1	UTR|exon|gene|transcript	14
chr14	59263440	59263454	ENSG00000100592.16	UTR|exon|gene|transcript	14
chr14	50628151	50628165	ENSG00000198513.14	UTR|exon|gene|transcript	14
chr14	67887020	67887034	ENSG00000182185.19	UTR|exon|gene|transcript	14
chr14	20588014	20588028	ENSG00000173464.16|ENSG00000258573.6|ENSG00000259060.7	UTR|exon|gene|transcript	14
chr14	21568519	21568533	ENSG00000169208.3	UTR|exon|gene|transcript	14
chr14	47343220	47343234	ENSG00000139915.22	UTR|exon|gene|transcript	14
chr14	102027936	102027950	ENSG00000197102.14	UTR|exon|gene|transcript	14
chr14	30707862	30707876	ENSG00000092108.22	UTR|exon|gene|transcript	14
chr14	104767863	104767877	ENSG00000184990.13	UTR|exon|gene|transcript	14
chr14	102039082	102039096	ENSG00000197102.14|ENSG00000293472.1	UTR|exon|gene|transcript	14
chr14	104895186	104895200	ENSG00000099814.17	UTR|exon|gene|transcript	14
chr14	64504508	64504522	ENSG00000089775.12|ENSG00000126804.14	UTR|exon|gene|transcript	14
chr14	34710367	34710381	ENSG00000165410.15	UTR|exon|gene|transcript	14
chr14	55353253	55353267	ENSG00000178974.11	UTR|exon|gene|transcript	14
chr14	100074502	100074516	ENSG00000196405.13|ENSG00000258560.1	UTR|exon|gene|transcript	14
chr14	95475821	95475835	ENSG00000176438.13	UTR|exon|gene|transcript	14
chr14	103085998	103086012	ENSG00000283071.1	UTR|exon|gene|transcript	14
chr14	28766969	28766983	ENSG00000176165.13|ENSG00000186960.14	UTR|exon|gene|transcript	14
chr14	70048405	70048419	ENSG00000100678.20	UTR|exon|gene|transcript	14
chr14	94614042	94614056	ENSG00000196136.18|ENSG00000273259.3	UTR|exon|gene|transcript	14
chr14	74493291	74493305	ENSG00000119655.11	UTR|exon|gene|transcript	14
chr14	90536062	90536076	ENSG00000165914.15	UTR|exon|gene|transcript	14
chr14	24232963	24232977	ENSG00000100938.19	UTR|exon|gene|transcript	14
chr14	22956755	22956769	ENSG00000092036.19|ENSG00000259132.1	UTR|exon|gene|transcript	14
chr14	70046384	70046398	ENSG00000100678.20	UTR|exon|gene|transcript	14
chr14	75278962	75278976	ENSG00000170345.10	UTR|exon|gene|transcript	14
chr14	23556135	23556149	ENSG00000136367.15|ENSG00000157306.14|ENSG00000259431.6	UTR|exon|gene|transcript	14
chr14	64336412	64336426	ENSG00000140009.19|ENSG00000214770.3	UTR|exon|gene|transcript	14
chr14	20510452	20510466	ENSG00000182545.7	UTR|exon|gene|transcript	14
chr14	60644916	60644930	ENSG00000126778.12	UTR|exon|gene|transcript	14
chr14	64952557	64952571	ENSG00000125954.13|ENSG00000139998.16	UTR|exon|gene|transcript	14
chr14	96239943	96239957	ENSG00000168398.7|ENSG00000258691.1	UTR|exon|gene|transcript	14
chr14	80992417	80992430	ENSG00000165409.18	UTR|exon|gene|transcript	13
chr14	35046992	35047005	ENSG00000151327.14	UTR|exon|gene|transcript	13
chr14	50332236	50332249	ENSG00000100490.10|ENSG00000125375.18	UTR|exon|gene|transcript	13
chr14	20428087	20428100	ENSG00000185271.9	UTR|exon|gene|transcript	13
chr14	58548023	58548036	ENSG00000100578.18	UTR|exon|gene|transcript	13
chr14	73892094	73892107	ENSG00000119725.21|ENSG00000258653.3	UTR|exon|gene|transcript	13
chr14	35029554	35029567	ENSG00000100883.13	UTR|exon|gene|transcript	13
chr14	102224642	102224655	ENSG00000080823.23|ENSG00000140153.18	UTR|exon|gene|transcript	13
chr14	103489293	103489306	ENSG00000075413.19	UTR|exon|gene|transcript	13
chr14	28766289	28766302	ENSG00000176165.13|ENSG00000186960.14	UTR|exon|gene|transcript	13
chr14	24166298	24166311	ENSG00000213928.10|ENSG00000259529.2|ENSG00000289757.1	UTR|exon|gene|transcript	13
chr14	24166350	24166363	ENSG00000213928.10|ENSG00000259529.2|ENSG00000289757.1	UTR|exon|gene|transcript	13
chr14	21016837	21016850	ENSG00000165795.25	UTR|exon|gene|transcript	13
chr14	20588034	20588047	ENSG00000173464.16|ENSG00000258573.6|ENSG00000259060.7	UTR|exon|gene|transcript	13
chr14	32939040	32939053	ENSG00000151322.20	UTR|exon|gene|transcript	13
chr14	24161752	24161765	ENSG00000213928.10|ENSG00000259529.2	UTR|exon|gene|transcript	13
chr14	94378375	94378388	ENSG00000197249.14	UTR|exon|gene|transcript	13
chr14	74498182	74498195	ENSG00000119681.12	UTR|exon|gene|transcript	13
chr14	104769370	104769383	ENSG00000142208.18|ENSG00000258430.1	UTR|exon|gene|transcript	13
chr14	23567422	23567435	ENSG00000213983.12|ENSG00000258727.1	UTR|exon|gene|transcript	13
chr14	76180781	76180794	ENSG00000089916.18	UTR|exon|gene|transcript	13
chr14	23299525	23299538	ENSG00000129473.11|ENSG00000235194.9|ENSG00000290292.10	UTR|exon|gene|transcript	13
chr14	99726256	99726269	ENSG00000036530.9	UTR|exon|gene|transcript	13
chr14	24239668	24239681	ENSG00000092330.19	UTR|exon|gene|transcript	13
chr14	105460880	105460893	ENSG00000182979.18	UTR|exon|gene|transcript	13
chr14	49783814	49783827	ENSG00000165516.11|ENSG00000165525.18	UTR|exon|gene|transcript	13
chr14	31085789	31085802	ENSG00000100478.16	UTR|exon|gene|transcript	13
chr14	24263088	24263101	ENSG00000092295.12	UTR|exon|gene|transcript	13
chr14	21383927	21383940	ENSG00000092201.10	UTR|exon|gene|transcript	13
chr14	105055778	105055791	ENSG00000183484.12	UTR|exon|gene|transcript	13
chr14	60973506	60973519	ENSG00000126814.7|ENSG00000258892.1	UTR|exon|gene|transcript	13
chr14	100530290	100530303	ENSG00000176473.14	UTR|exon|gene|transcript	13
chr14	94049601	94049614	ENSG00000089737.19	UTR|exon|gene|transcript	13
chr14	65077314	65077327	ENSG00000125952.21	UTR|exon|gene|transcript	13
chr14	23058566	23058579	ENSG00000100813.15|ENSG00000288795.1	UTR|exon|gene|transcript	13
chr14	100065431	100065444	ENSG00000196405.13|ENSG00000258560.1	UTR|exon|gene|transcript	13
chr14	73237579	73237592	ENSG00000100767.17	UTR|exon|gene|transcript	13
chr14	22929029	22929042	ENSG00000100462.16	UTR|exon|gene|transcript	13
chr14	22982295	22982308	ENSG00000129474.17	UTR|exon|gene|transcript	13
chr14	103703334	103703347	ENSG00000126214.22|ENSG00000126215.14	UTR|exon|gene|transcript	13
chr14	64503711	64503724	ENSG00000089775.12|ENSG00000126804.14	UTR|exon|gene|transcript	13
chr14	73146113	73146126	ENSG00000080815.20	UTR|exon|gene|transcript	13
chr14	24377988	24378001	ENSG00000100968.14	UTR|exon|gene|transcript	13
chr14	22575089	22575102	ENSG00000129562.11	UTR|exon|gene|transcript	13
chr14	71529311	71529324	ENSG00000197555.10	UTR|exon|gene|transcript	13
chr14	105177122	105177135	ENSG00000183828.15|ENSG00000257622.1	UTR|exon|gene|transcript	13
chr14	102319505	102319518	ENSG00000022976.16	UTR|exon|gene|transcript	13
chr14	92703808	92703821	ENSG00000100600.15	UTR|exon|gene|transcript	13
chr14	81261931	81261944	ENSG00000140022.14	UTR|exon|gene|transcript	13
chr14	55353598	55353611	ENSG00000178974.11	UTR|exon|gene|transcript	13
chr14	34874853	34874866	ENSG00000198604.11|ENSG00000258738.1	UTR|exon|gene|transcript	13
chr14	31427506	31427519	ENSG00000203546.7|ENSG00000250365.7	UTR|exon|gene|transcript	13
chr14	93296144	93296157	ENSG00000011114.15	UTR|exon|gene|transcript	13
chr14	94390637	94390650	ENSG00000197249.14	UTR|exon|gene|transcript	13
chr14	31400265	31400278	ENSG00000129493.15|ENSG00000203546.7	UTR|exon|gene|transcript	13
chr14	58303638	58303651	ENSG00000032219.19	UTR|exon|gene|transcript	13
chr14	60982543	60982556	ENSG00000139974.17|ENSG00000258892.1	UTR|exon|gene|transcript	13
chr14	24816290	24816303	ENSG00000168952.16	UTR|exon|gene|transcript	13
chr14	74898486	74898499	ENSG00000119689.15	UTR|exon|gene|transcript	13
chr14	67386289	67386302	ENSG00000134001.15	UTR|exon|gene|transcript	13
chr14	21030304	21030317	ENSG00000165795.25|ENSG00000179636.15	UTR|exon|gene|transcript	13
chr14	36519421	36519434	ENSG00000136352.20|ENSG00000253563.2|ENSG00000257520.2|ENSG00000283098.2	UTR|exon|gene|transcript	13
chr14	52775882	52775895	ENSG00000100522.10|ENSG00000259049.1	UTR|exon|gene|transcript	13
chr14	105140981	105140994	ENSG00000184916.9	UTR|exon|gene|transcript	13
chr14	105851704	105851717	ENSG00000211899.10	UTR|exon|gene|transcript	13
chr14	37926178	37926191	ENSG00000139865.17	UTR|exon|gene|transcript	13
chr14	105583840	105583853	ENSG00000211890.4	UTR|exon|gene|transcript	13
chr14	88853034	88853046	ENSG00000165533.19	UTR|exon|gene|transcript	12
chr14	87976476	87976488	ENSG00000054983.17	UTR|exon|gene|transcript	12
chr14	21098311	21098323	ENSG00000165804.16	UTR|exon|gene|transcript	12
chr14	21024096	21024108	ENSG00000165795.25	UTR|exon|gene|transcript	12
chr14	105491233	105491245	ENSG00000185347.19|ENSG00000257341.5	UTR|exon|gene|transcript	12
chr14	24240242	24240254	ENSG00000092330.19	UTR|exon|gene|transcript	12
chr14	35079012	35079024	ENSG00000151327.14	UTR|exon|gene|transcript	12
chr14	23325286	23325298	ENSG00000100836.11|ENSG00000258643.6	UTR|exon|gene|transcript	12
chr14	23326163	23326175	ENSG00000258643.6	UTR|exon|gene|transcript	12
chr14	94377146	94377158	ENSG00000197249.14	UTR|exon|gene|transcript	12
chr14	73886915	73886927	ENSG00000119725.21|ENSG00000258653.3	UTR|exon|gene|transcript	12
chr14	24166429	24166441	ENSG00000213928.10|ENSG00000259529.2|ENSG00000289757.1	UTR|exon|gene|transcript	12
chr14	103110547	103110559	ENSG00000205436.8	UTR|exon|gene|transcript	12
chr14	103715814	103715826	ENSG00000100711.14	UTR|exon|gene|transcript	12
chr14	104990598	104990610	ENSG00000140104.14	UTR|exon|gene|transcript	12
chr14	30735692	30735704	ENSG00000092108.22|ENSG00000258558.1	UTR|exon|gene|transcript	12
chr14	22207521	22207533	ENSG00000211813.2|ENSG00000251002.10	UTR|exon|gene|transcript	12
chr14	20997016	20997028	ENSG00000165792.18|ENSG00000258471.2	UTR|exon|gene|transcript	12
chr14	25049877	25049889	ENSG00000168952.16	UTR|exon|gene|transcript	12
chr14	100144218	100144230	ENSG00000168350.8|ENSG00000196405.13	UTR|exon|gene|transcript	12
chr14	73299285	73299297	ENSG00000133961.21	UTR|exon|gene|transcript	12
chr14	91114357	91114369	ENSG00000133943.21	UTR|exon|gene|transcript	12
chr14	73932263	73932275	ENSG00000119725.21|ENSG00000156050.10|ENSG00000258653.3|ENSG00000258891.1	UTR|exon|gene|transcript	12
chr14	50885765	50885777	ENSG00000100504.17|ENSG00000131969.15	UTR|exon|gene|transcript	12
chr14	50771315	50771327	ENSG00000100503.27	UTR|exon|gene|transcript	12
chr14	59368859	59368871	ENSG00000100592.16	UTR|exon|gene|transcript	12
chr14	73147998	73148010	ENSG00000080815.20	UTR|exon|gene|transcript	12
chr14	76814409	76814421	ENSG00000013523.11	UTR|exon|gene|transcript	12
chr14	20458546	20458558	ENSG00000165782.11	UTR|exon|gene|transcript	12
chr14	104753146	104753158	ENSG00000184990.13	UTR|exon|gene|transcript	12
chr14	20802319	20802331	ENSG00000129538.14	UTR|exon|gene|transcript	12
chr14	99850206	99850218	ENSG00000066629.19	UTR|exon|gene|transcript	12
chr14	96537047	96537059	ENSG00000090060.19	UTR|exon|gene|transcript	12
chr14	74084962	74084974	ENSG00000205659.12	UTR|exon|gene|transcript	12
chr14	77028353	77028365	ENSG00000119669.5|ENSG00000273729.1	UTR|exon|gene|transcript	12
chr14	67659845	67659857	ENSG00000100568.11|ENSG00000258466.5	UTR|exon|gene|transcript	12
chr14	35113156	35113168	ENSG00000092020.11|ENSG00000151327.14	UTR|exon|gene|transcript	12
chr14	21210533	21210545	ENSG00000092199.19	UTR|exon|gene|transcript	12
chr14	22920809	22920821	ENSG00000100462.16|ENSG00000237054.9	UTR|exon|gene|transcript	12
chr14	72926486	72926498	ENSG00000119599.17	UTR|exon|gene|transcript	12
chr14	22956949	22956961	ENSG00000092036.19|ENSG00000259132.1|ENSG00000284118.1	UTR|exon|gene|transcript	12
chr14	23478140	23478152	ENSG00000129460.17	UTR|exon|gene|transcript	12
chr14	69767239	69767251	ENSG00000100650.16	UTR|exon|gene|transcript	12
chr14	64465601	64465613	ENSG00000089775.12|ENSG00000179841.8	UTR|exon|gene|transcript	12
chr14	76498475	76498487	ENSG00000119715.15|ENSG00000259124.1	UTR|exon|gene|transcript	12
chr14	41608402	41608414	ENSG00000165379.14	UTR|exon|gene|transcript	12
chr14	69771642	69771654	ENSG00000100650.16	UTR|exon|gene|transcript	12
chr14	90398451	90398463	ENSG00000198668.14	UTR|exon|gene|transcript	12
chr14	59461265	59461277	ENSG00000126790.12|ENSG00000181619.12	UTR|exon|gene|transcript	12
chr14	103522493	103522505	ENSG00000166165.14	UTR|exon|gene|transcript	12
chr14	64564825	64564837	ENSG00000165807.8|ENSG00000259076.1	UTR|exon|gene|transcript	12
chr14	24308205	24308217	ENSG00000136305.12|ENSG00000196943.14|ENSG00000213906.10	UTR|exon|gene|transcript	12
chr14	91114375	91114387	ENSG00000133943.21	UTR|exon|gene|transcript	12
chr14	46871853	46871865	ENSG00000139915.22	UTR|exon|gene|transcript	12
chr14	72609439	72609451	ENSG00000205683.12	UTR|exon|gene|transcript	12
chr14	24168022	24168034	ENSG00000213928.10	UTR|exon|gene|transcript	12
chr14	20587968	20587980	ENSG00000173464.16|ENSG00000258573.6|ENSG00000259060.7	UTR|exon|gene|transcript	12
chr14	20684684	20684696	ENSG00000214274.10|ENSG00000258818.4|ENSG00000259171.1	UTR|exon|gene|transcript	12
chr14	96945138	96945150	ENSG00000100749.9	UTR|exon|gene|transcript	12
chr14	60644695	60644707	ENSG00000126778.12	UTR|exon|gene|transcript	12
chr14	20782309	20782321	ENSG00000169413.3	UTR|exon|gene|transcript	12
chr14	24141304	24141316	ENSG00000100908.14	UTR|exon|gene|transcript	12
chr14	22816109	22816121	ENSG00000155465.21	UTR|exon|gene|transcript	12
chr14	23346614	23346626	ENSG00000092096.19	UTR|exon|gene|transcript	12
chr14	67412059	67412071	ENSG00000100558.9	UTR|exon|gene|transcript	12
chr14	52005454	52005466	ENSG00000087302.9|ENSG00000087303.19	UTR|exon|gene|transcript	12
chr14	105454298	105454310	ENSG00000182979.18	UTR|exon|gene|transcript	12
chr14	24440589	24440601	ENSG00000100441.10|ENSG00000100445.18	UTR|exon|gene|transcript	12
chr14	96039488	96039500	ENSG00000227051.7	UTR|exon|gene|transcript	12
chr14	91869411	91869423	ENSG00000140092.16	UTR|exon|gene|transcript	12
chr14	30638161	30638173	ENSG00000092108.22	UTR|exon|gene|transcript	12
chr14	96881391	96881403	ENSG00000100749.9	UTR|exon|gene|transcript	12
chr14	96881504	96881516	ENSG00000100749.9	UTR|exon|gene|transcript	12
chr14	92080952	92080964	ENSG00000066427.25	UTR|exon|gene|transcript	12
chr14	100333789	100333801	ENSG00000140105.18|ENSG00000258666.1	UTR|exon|gene|transcript	12
chr14	45227802	45227814	ENSG00000129534.14	UTR|exon|gene|transcript	12
chr14	88857265	88857277	ENSG00000165533.19	UTR|exon|gene|transcript	12
chr14	54843781	54843793	ENSG00000131979.20	UTR|exon|gene|transcript	12
chr14	54842016	54842028	ENSG00000131979.20	UTR|exon|gene|transcript	12
chr14	99481411	99481423	ENSG00000090061.17	UTR|exon|gene|transcript	12
chr14	99481449	99481461	ENSG00000090061.17	UTR|exon|gene|transcript	12
chr14	60649381	60649393	ENSG00000126778.12	UTR|exon|gene|transcript	12
chr14	34604174	34604186	ENSG00000129515.20	UTR|exon|gene|transcript	12
chr14	57269093	57269105	ENSG00000053770.12	UTR|exon|gene|transcript	12
chr14	37595111	37595123	ENSG00000129514.8	UTR|exon|gene|transcript	12
chr14	20454764	20454775	ENSG00000092094.11	UTR|exon|gene|transcript	11
chr14	73027016	73027027	ENSG00000165861.14	UTR|exon|gene|transcript	11
chr14	23558898	23558909	ENSG00000157306.14|ENSG00000259431.6	UTR|exon|gene|transcript	11
chr14	24292620	24292631	ENSG00000157379.14|ENSG00000288044.3	UTR|exon|gene|transcript	11
chr14	22900765	22900776	ENSG00000100461.18	UTR|exon|gene|transcript	11
chr14	102044034	102044045	ENSG00000197102.14|ENSG00000293472.1	UTR|exon|gene|transcript	11
chr14	51951904	51951915	ENSG00000186469.9	UTR|exon|gene|transcript	11
chr14	103503809	103503820	ENSG00000075413.19	UTR|exon|gene|transcript	11
chr14	63852742	63852753	ENSG00000054654.20	UTR|exon|gene|transcript	11
chr14	59465330	59465341	ENSG00000126790.12|ENSG00000181619.12	UTR|exon|gene|transcript	11
chr14	88611872	88611883	ENSG00000100722.20	UTR|exon|gene|transcript	11
chr14	24070836	24070847	ENSG00000100884.10	UTR|exon|gene|transcript	11
chr14	21020495	21020506	ENSG00000165795.25	UTR|exon|gene|transcript	11
chr14	93788409	93788420	ENSG00000175785.13	UTR|exon|gene|transcript	11
chr14	75469908	75469919	ENSG00000140044.13	UTR|exon|gene|transcript	11
chr14	105368073	105368084	ENSG00000179364.15	UTR|exon|gene|transcript	11
chr14	64294264	64294275	ENSG00000140009.19	UTR|exon|gene|transcript	11
chr14	64934368	64934379	ENSG00000125954.13|ENSG00000258289.10	UTR|exon|gene|transcript	11
chr14	102039000	102039011	ENSG00000197102.14|ENSG00000293472.1	UTR|exon|gene|transcript	11
chr14	34768689	34768700	ENSG00000198604.11	UTR|exon|gene|transcript	11
chr14	79862443	79862454	ENSG00000021645.20	UTR|exon|gene|transcript	11
chr14	23306982	23306993	ENSG00000129473.11|ENSG00000258643.6	UTR|exon|gene|transcript	11
chr14	72959110	72959121	ENSG00000119599.17	UTR|exon|gene|transcript	11
chr14	59456462	59456473	ENSG00000181619.12	UTR|exon|gene|transcript	11
chr14	77291313	77291324	ENSG00000009830.13	UTR|exon|gene|transcript	11
chr14	74712932	74712943	ENSG00000119682.18	UTR|exon|gene|transcript	11
chr14	21498161	21498172	ENSG00000092203.15|ENSG00000165819.12	UTR|exon|gene|transcript	11
chr14	103686200	103686211	ENSG00000126214.22	UTR|exon|gene|transcript	11
chr14	61995822	61995833	ENSG00000139973.18	UTR|exon|gene|transcript	11
chr14	77818967	77818978	ENSG00000063761.16	UTR|exon|gene|transcript	11
chr14	24118523	24118534	ENSG00000100897.18	UTR|exon|gene|transcript	11
chr14	22922198	22922209	ENSG00000100462.16|ENSG00000237054.9	UTR|exon|gene|transcript	11
chr14	24166401	24166412	ENSG00000213928.10|ENSG00000259529.2|ENSG00000289757.1	UTR|exon|gene|transcript	11
chr14	23478152	23478163	ENSG00000129460.17	UTR|exon|gene|transcript	11
chr14	69260274	69260285	ENSG00000100626.17|ENSG00000258520.1	UTR|exon|gene|transcript	11
chr14	20588003	20588014	ENSG00000173464.16|ENSG00000258573.6|ENSG00000259060.7	UTR|exon|gene|transcript	11
chr14	62110138	62110149	ENSG00000139973.18|ENSG00000258903.2|ENSG00000289503.1	UTR|exon|gene|transcript	11
chr14	91114389	91114400	ENSG00000133943.21	UTR|exon|gene|transcript	11
chr14	24144191	24144202	ENSG00000100911.16	UTR|exon|gene|transcript	11
chr14	75282219	75282230	ENSG00000170345.10	UTR|exon|gene|transcript	11
chr14	99480790	99480801	ENSG00000183576.13	UTR|exon|gene|transcript	11
chr14	102933562	102933573	ENSG00000166126.11|ENSG00000198752.11	UTR|exon|gene|transcript	11
chr14	54509948	54509959	ENSG00000100532.13	UTR|exon|gene|transcript	11
chr14	104804495	104804506	ENSG00000179627.10	UTR|exon|gene|transcript	11
chr14	20242810	20242821	ENSG00000176198.4	UTR|exon|gene|transcript	11
chr14	95415265	95415276	ENSG00000176438.13	UTR|exon|gene|transcript	11
chr14	21234218	21234229	ENSG00000092199.19	UTR|exon|gene|transcript	11
chr14	101894506	101894517	ENSG00000078304.20	UTR|exon|gene|transcript	11
chr14	35539148	35539159	ENSG00000174373.17	UTR|exon|gene|transcript	11
chr14	20470621	20470632	ENSG00000198805.13	UTR|exon|gene|transcript	11
chr14	49896101	49896112	ENSG00000165527.8	UTR|exon|gene|transcript	11
chr14	96876373	96876384	ENSG00000100749.9	UTR|exon|gene|transcript	11
chr14	91945455	91945466	ENSG00000140092.16	UTR|exon|gene|transcript	11
chr14	52928345	52928356	ENSG00000073712.15|ENSG00000285664.2	UTR|exon|gene|transcript	11
chr14	100376704	100376715	ENSG00000140105.18|ENSG00000176473.14	UTR|exon|gene|transcript	11
chr14	100295656	100295667	ENSG00000197119.13	UTR|exon|gene|transcript	11
chr14	24078087	24078098	ENSG00000100884.10	UTR|exon|gene|transcript	11
chr14	23469727	23469738	ENSG00000129460.17	UTR|exon|gene|transcript	11
chr14	58408602	58408613	ENSG00000100575.14|ENSG00000196860.8|ENSG00000258378.1	UTR|exon|gene|transcript	11
chr14	58373876	58373887	ENSG00000032219.19|ENSG00000258658.1	UTR|exon|gene|transcript	11
chr14	45109731	45109742	ENSG00000185246.18	UTR|exon|gene|transcript	11
chr14	33801278	33801289	ENSG00000151322.20	UTR|exon|gene|transcript	11
chr14	30694858	30694869	ENSG00000092108.22	UTR|exon|gene|transcript	11
chr14	104136453	104136464	ENSG00000066735.16|ENSG00000289840.1	UTR|exon|gene|transcript	11
chr14	21383435	21383446	ENSG00000092201.10	UTR|exon|gene|transcript	11
chr14	58260947	58260958	ENSG00000100567.13|ENSG00000139971.15	UTR|exon|gene|transcript	11
chr14	55644274	55644285	ENSG00000126777.18	UTR|exon|gene|transcript	11
chr14	21032817	21032828	ENSG00000165795.25|ENSG00000179636.15|ENSG00000206150.4|ENSG00000255472.1	UTR|exon|gene|transcript	11
chr14	60166202	60166213	ENSG00000100612.14|ENSG00000126773.13	UTR|exon|gene|transcript	11
chr14	70535004	70535015	ENSG00000134007.5|ENSG00000257759.2	UTR|exon|gene|transcript	11
chr14	104753159	104753170	ENSG00000184990.13	UTR|exon|gene|transcript	11
chr14	92687253	92687264	ENSG00000100599.16	UTR|exon|gene|transcript	11
chr14	92499818	92499829	ENSG00000140090.18	UTR|exon|gene|transcript	11
chr14	24265556	24265567	ENSG00000100949.15	UTR|exon|gene|transcript	11
chr14	100375333	100375344	ENSG00000140105.18	UTR|exon|gene|transcript	11
chr14	64945827	64945838	ENSG00000125954.13|ENSG00000139998.16	UTR|exon|gene|transcript	11
chr14	64945815	64945826	ENSG00000125954.13|ENSG00000139998.16	UTR|exon|gene|transcript	11
chr14	23125571	23125582	ENSG00000092068.21	UTR|exon|gene|transcript	11
chr14	24115282	24115293	ENSG00000100897.18	UTR|exon|gene|transcript	11
chr14	67224823	67224834	ENSG00000172717.17	UTR|exon|gene|transcript	11
chr14	35046452	35046463	ENSG00000151327.14	UTR|exon|gene|transcript	11
chr14	23298281	23298292	ENSG00000235194.9|ENSG00000290292.10	UTR|exon|gene|transcript	11
chr14	24439767	24439778	ENSG00000100441.10|ENSG00000100445.18	UTR|exon|gene|transcript	11
chr14	51860779	51860790	ENSG00000186469.9	UTR|exon|gene|transcript	11
chr14	102080741	102080752	ENSG00000080824.19	UTR|exon|gene|transcript	11
chr14	69879553	69879564	ENSG00000198732.11	UTR|exon|gene|transcript	11
chr14	20143724	20143735	ENSG00000184394.3	UTR|exon|gene|transcript	11
chr14	96392143	96392154	ENSG00000140057.9	UTR|exon|gene|transcript	11
chr14	21094419	21094430	ENSG00000165804.16	UTR|exon|gene|transcript	11
chr14	21154021	21154032	ENSG00000169327.5	UTR|exon|gene|transcript	11
chr14	21150441	21150451	ENSG00000169327.5	UTR|exon|gene|transcript	10
chr14	96264744	96264754	ENSG00000100739.11|ENSG00000258793.1	UTR|exon|gene|transcript	10
chr14	64389034	64389044	ENSG00000100714.18	UTR|exon|gene|transcript	10
chr14	68874132	68874142	ENSG00000072110.16	UTR|exon|gene|transcript	10
chr14	80497468	80497478	ENSG00000100629.17	UTR|exon|gene|transcript	10
chr14	60141659	60141669	ENSG00000126773.13	UTR|exon|gene|transcript	10
chr14	24071624	24071634	ENSG00000100884.10	UTR|exon|gene|transcript	10
chr14	53150076	53150086	ENSG00000100523.17	UTR|exon|gene|transcript	10
chr14	67353790	67353800	ENSG00000100554.12	UTR|exon|gene|transcript	10
chr14	21089545	21089555	ENSG00000165801.10	UTR|exon|gene|transcript	10
chr14	64230888	64230898	ENSG00000140009.19	UTR|exon|gene|transcript	10
chr14	24505505	24505515	ENSG00000092009.10|ENSG00000258744.3	UTR|exon|gene|transcript	10
chr14	67304067	67304077	ENSG00000072415.10|ENSG00000100554.12	UTR|exon|gene|transcript	10
chr14	22911393	22911403	ENSG00000100461.18	UTR|exon|gene|transcript	10
chr14	23365623	23365633	ENSG00000100842.13	UTR|exon|gene|transcript	10
chr14	75106385	75106395	ENSG00000119638.14|ENSG00000119703.15	UTR|exon|gene|transcript	10
chr14	104753170	104753180	ENSG00000184990.13	UTR|exon|gene|transcript	10
chr14	20996995	20997005	ENSG00000165792.18|ENSG00000258471.2	UTR|exon|gene|transcript	10
chr14	55145413	55145423	ENSG00000131981.16	UTR|exon|gene|transcript	10
chr14	99272108	99272118	ENSG00000127152.18	UTR|exon|gene|transcript	10
chr14	55350380	55350390	ENSG00000178974.11	UTR|exon|gene|transcript	10
chr14	23365270	23365280	ENSG00000100842.13	UTR|exon|gene|transcript	10
chr14	24265541	24265551	ENSG00000100949.15	UTR|exon|gene|transcript	10
chr14	100333817	100333827	ENSG00000140105.18|ENSG00000258666.1	UTR|exon|gene|transcript	10
chr14	72942993	72943003	ENSG00000119599.17	UTR|exon|gene|transcript	10
chr14	24318348	24318358	ENSG00000129467.14	UTR|exon|gene|transcript	10
chr14	45068423	45068433	ENSG00000198718.13	UTR|exon|gene|transcript	10
chr14	24161710	24161720	ENSG00000213928.10|ENSG00000259529.2	UTR|exon|gene|transcript	10
chr14	102506388	102506398	ENSG00000156381.9	UTR|exon|gene|transcript	10
chr14	73713779	73713789	ENSG00000176903.5	UTR|exon|gene|transcript	10
chr14	70907840	70907850	ENSG00000100731.16	UTR|exon|gene|transcript	10
chr14	52784654	52784664	ENSG00000100522.10	UTR|exon|gene|transcript	10
chr14	64449105	64449115	ENSG00000089775.12|ENSG00000100714.18	UTR|exon|gene|transcript	10
chr14	24166487	24166497	ENSG00000213928.10|ENSG00000289757.1	UTR|exon|gene|transcript	10
chr14	30638173	30638183	ENSG00000092108.22	UTR|exon|gene|transcript	10
chr14	91869430	91869440	ENSG00000140092.16	UTR|exon|gene|transcript	10
chr14	88853046	88853056	ENSG00000165533.19	UTR|exon|gene|transcript	10
chr14	100102320	100102330	ENSG00000196405.13	UTR|exon|gene|transcript	10
chr14	103912289	103912299	ENSG00000156411.10	UTR|exon|gene|transcript	10
chr14	104986325	104986335	ENSG00000140104.14	UTR|exon|gene|transcript	10
chr14	92938257	92938267	ENSG00000100605.17	UTR|exon|gene|transcript	10
chr14	24239681	24239691	ENSG00000092330.19	UTR|exon|gene|transcript	10
chr14	53043422	53043432	ENSG00000100523.17	UTR|exon|gene|transcript	10
chr14	53036744	53036754	ENSG00000100523.17	UTR|exon|gene|transcript	10
chr14	35317457	35317467	ENSG00000100902.11|ENSG00000258790.1	UTR|exon|gene|transcript	10
chr14	58260958	58260968	ENSG00000100567.13|ENSG00000139971.15	UTR|exon|gene|transcript	10
chr14	96797802	96797812	ENSG00000100749.9	UTR|exon|gene|transcript	10
chr14	64502771	64502781	ENSG00000089775.12	UTR|exon|gene|transcript	10
chr14	19876234	19876244	ENSG00000165762.3	UTR|exon|gene|transcript	10
chr14	52004692	52004702	ENSG00000087302.9	UTR|exon|gene|transcript	10
chr14	21210922	21210932	ENSG00000092199.19	UTR|exon|gene|transcript	10
chr14	104801170	104801180	ENSG00000179627.10	UTR|exon|gene|transcript	10
chr14	68611247	68611257	ENSG00000182185.19|ENSG00000287385.1	UTR|exon|gene|transcript	10
chr14	68893654	68893664	ENSG00000072110.16	UTR|exon|gene|transcript	10
chr14	24071028	24071038	ENSG00000100884.10	UTR|exon|gene|transcript	10
chr14	25049284	25049294	ENSG00000168952.16	UTR|exon|gene|transcript	10
chr14	20587849	20587859	ENSG00000173464.16|ENSG00000258573.6|ENSG00000259060.7	UTR|exon|gene|transcript	10
chr14	90525998	90526008	ENSG00000165914.15	UTR|exon|gene|transcript	10
chr14	20587980	20587990	ENSG00000173464.16|ENSG00000258573.6|ENSG00000259060.7	UTR|exon|gene|transcript	10
chr14	63727944	63727954	ENSG00000126821.8	UTR|exon|gene|transcript	10
chr14	30735799	30735809	ENSG00000092108.22|ENSG00000258558.1	UTR|exon|gene|transcript	10
chr14	24146581	24146591	ENSG00000100911.16	UTR|exon|gene|transcript	10
chr14	56579830	56579840	ENSG00000070269.14	UTR|exon|gene|transcript	10
chr14	31420285	31420295	ENSG00000129493.15|ENSG00000203546.7|ENSG00000250365.7	UTR|exon|gene|transcript	10
chr14	20446400	20446410	ENSG00000092094.11	UTR|exon|gene|transcript	10
chr14	30735760	30735770	ENSG00000092108.22|ENSG00000258558.1	UTR|exon|gene|transcript	10
chr14	91145303	91145313	ENSG00000133943.21	UTR|exon|gene|transcript	10
chr14	49688412	49688422	ENSG00000100479.14	UTR|exon|gene|transcript	10
chr14	54488648	54488658	ENSG00000197045.14	UTR|exon|gene|transcript	10
chr14	24266775	24266785	ENSG00000100949.15	UTR|exon|gene|transcript	10
chr14	22771761	22771771	ENSG00000155463.14	UTR|exon|gene|transcript	10
chr14	22816199	22816209	ENSG00000155465.21	UTR|exon|gene|transcript	10
chr14	20801345	20801355	ENSG00000129538.14	UTR|exon|gene|transcript	10
chr14	24078806	24078816	ENSG00000129535.13	UTR|exon|gene|transcript	10
chr14	31207746	31207756	ENSG00000092148.14	UTR|exon|gene|transcript	10
chr14	45200061	45200071	ENSG00000187790.12	UTR|exon|gene|transcript	10
chr14	76154353	76154363	ENSG00000089916.18	UTR|exon|gene|transcript	10
chr14	58152074	58152084	ENSG00000139971.15	UTR|exon|gene|transcript	10
chr14	88396193	88396203	ENSG00000042317.17	UTR|exon|gene|transcript	10
chr14	94127788	94127798	ENSG00000119632.4	UTR|exon|gene|transcript	10
chr14	105315579	105315589	ENSG00000179364.15|ENSG00000185024.18	UTR|exon|gene|transcript	10
chr14	103503799	103503809	ENSG00000075413.19	UTR|exon|gene|transcript	10
chr14	74292311	74292321	ENSG00000119688.21|ENSG00000258559.2	UTR|exon|gene|transcript	10
chr14	74493281	74493291	ENSG00000119655.11	UTR|exon|gene|transcript	10
chr14	23478163	23478173	ENSG00000129460.17	UTR|exon|gene|transcript	10
chr14	22823316	22823326	ENSG00000155465.21	UTR|exon|gene|transcript	10
chr14	23558909	23558919	ENSG00000157306.14|ENSG00000259431.6	UTR|exon|gene|transcript	10
chr14	102027618	102027628	ENSG00000197102.14	UTR|exon|gene|transcript	10
chr14	70671305	70671314	ENSG00000133985.3	UTR|exon|gene|transcript	9
chr14	75069362	75069371	ENSG00000119640.9|ENSG00000119703.15	UTR|exon|gene|transcript	9
chr14	58548045	58548054	ENSG00000100578.18	UTR|exon|gene|transcript	9
chr14	58548036	58548045	ENSG00000100578.18	UTR|exon|gene|transcript	9
chr14	21031252	21031261	ENSG00000165795.25|ENSG00000179636.15	UTR|exon|gene|transcript	9
chr14	102050573	102050582	ENSG00000197102.14|ENSG00000293472.1	UTR|exon|gene|transcript	9
chr14	21019638	21019647	ENSG00000165795.25	UTR|exon|gene|transcript	9
chr14	21148821	21148830	ENSG00000169327.5	UTR|exon|gene|transcript	9
chr14	23469706	23469715	ENSG00000129460.17	UTR|exon|gene|transcript	9
chr14	59596004	59596013	ENSG00000139970.18	UTR|exon|gene|transcript	9
chr14	103714204	103714213	ENSG00000126214.22|ENSG00000126215.14	UTR|exon|gene|transcript	9
chr14	22226752	22226761	ENSG00000211815.3|ENSG00000251002.10	UTR|exon|gene|transcript	9
chr14	102053426	102053435	ENSG00000197102.14|ENSG00000293472.1	UTR|exon|gene|transcript	9
chr14	33949355	33949364	ENSG00000129521.15	UTR|exon|gene|transcript	9
chr14	24441834	24441843	ENSG00000100441.10|ENSG00000100445.18	UTR|exon|gene|transcript	9
chr14	96268958	96268967	ENSG00000100739.11	UTR|exon|gene|transcript	9
chr14	96264754	96264763	ENSG00000100739.11|ENSG00000258793.1	UTR|exon|gene|transcript	9
chr14	73273279	73273288	ENSG00000100767.17|ENSG00000258944.1	UTR|exon|gene|transcript	9
chr14	23377221	23377230	ENSG00000166091.21	UTR|exon|gene|transcript	9
chr14	103429198	103429207	ENSG00000075413.19	UTR|exon|gene|transcript	9
chr14	81265676	81265685	ENSG00000140022.14	UTR|exon|gene|transcript	9
chr14	19827439	19827448	ENSG00000176294.6	UTR|exon|gene|transcript	9
chr14	34713676	34713685	ENSG00000165410.15	UTR|exon|gene|transcript	9
chr14	32077356	32077365	ENSG00000100852.14	UTR|exon|gene|transcript	9
chr14	33797572	33797581	ENSG00000151322.20	UTR|exon|gene|transcript	9
chr14	104937243	104937252	ENSG00000166428.14|ENSG00000185567.7	UTR|exon|gene|transcript	9
chr14	20288866	20288875	ENSG00000136319.12	UTR|exon|gene|transcript	9
chr14	73148010	73148019	ENSG00000080815.20	UTR|exon|gene|transcript	9
chr14	24368174	24368183	ENSG00000100968.14	UTR|exon|gene|transcript	9
chr14	24369156	24369165	ENSG00000100968.14	UTR|exon|gene|transcript	9
chr14	24239646	24239655	ENSG00000092330.19	UTR|exon|gene|transcript	9
chr14	56297788	56297797	ENSG00000139946.11	UTR|exon|gene|transcript	9
chr14	88479736	88479745	ENSG00000070778.13	UTR|exon|gene|transcript	9
chr14	69453300	69453309	ENSG00000029364.12	UTR|exon|gene|transcript	9
chr14	101761884	101761893	ENSG00000078304.20	UTR|exon|gene|transcript	9
chr14	30705876	30705885	ENSG00000092108.22	UTR|exon|gene|transcript	9
chr14	23351846	23351855	ENSG00000092096.19	UTR|exon|gene|transcript	9
chr14	23352741	23352750	ENSG00000092096.19	UTR|exon|gene|transcript	9
chr14	100238555	100238564	ENSG00000100811.15	UTR|exon|gene|transcript	9
chr14	70326323	70326332	ENSG00000133983.16|ENSG00000258644.6|ENSG00000259033.2	UTR|exon|gene|transcript	9
chr14	95157381	95157390	ENSG00000100697.17	UTR|exon|gene|transcript	9
chr14	23478074	23478083	ENSG00000129460.17	UTR|exon|gene|transcript	9
chr14	23478026	23478035	ENSG00000129460.17	UTR|exon|gene|transcript	9
chr14	22946260	22946269	ENSG00000092036.19|ENSG00000257285.7	UTR|exon|gene|transcript	9
chr14	104085690	104085699	ENSG00000166183.16	UTR|exon|gene|transcript	9
chr14	49621048	49621057	ENSG00000168282.6|ENSG00000258377.1	UTR|exon|gene|transcript	9
chr14	102503581	102503590	ENSG00000156381.9	UTR|exon|gene|transcript	9
chr14	74493755	74493764	ENSG00000119655.11|ENSG00000165898.14	UTR|exon|gene|transcript	9
chr14	22919138	22919147	ENSG00000100461.18|ENSG00000237054.9	UTR|exon|gene|transcript	9
chr14	35109922	35109931	ENSG00000092020.11|ENSG00000151327.14	UTR|exon|gene|transcript	9
chr14	72540324	72540333	ENSG00000182732.18|ENSG00000286333.1	UTR|exon|gene|transcript	9
chr14	24209614	24209623	ENSG00000254505.11|ENSG00000254692.1	UTR|exon|gene|transcript	9
chr14	102343598	102343607	ENSG00000100865.15	UTR|exon|gene|transcript	9
chr14	77717584	77717593	ENSG00000119705.10	UTR|exon|gene|transcript	9
chr14	104804174	104804183	ENSG00000179627.10	UTR|exon|gene|transcript	9
chr14	74656928	74656937	ENSG00000119682.18	UTR|exon|gene|transcript	9
chr14	104924981	104924990	ENSG00000166428.14	UTR|exon|gene|transcript	9
chr14	93430478	93430487	ENSG00000133958.14	UTR|exon|gene|transcript	9
chr14	24166550	24166559	ENSG00000213928.10|ENSG00000289757.1	UTR|exon|gene|transcript	9
chr14	88416752	88416761	ENSG00000042317.17	UTR|exon|gene|transcript	9
chr14	24242501	24242510	ENSG00000092330.19|ENSG00000289979.1	UTR|exon|gene|transcript	9
chr14	74286700	74286709	ENSG00000119688.21	UTR|exon|gene|transcript	9
chr14	88396184	88396193	ENSG00000042317.17	UTR|exon|gene|transcript	9
chr14	74662800	74662809	ENSG00000119682.18	UTR|exon|gene|transcript	9
chr14	24166374	24166383	ENSG00000213928.10|ENSG00000259529.2|ENSG00000289757.1	UTR|exon|gene|transcript	9
chr14	20590183	20590192	ENSG00000173464.16|ENSG00000258436.2|ENSG00000258573.6|ENSG00000259060.7	UTR|exon|gene|transcript	9
chr14	74837309	74837318	ENSG00000119596.18	UTR|exon|gene|transcript	9
chr14	96565050	96565059	ENSG00000090060.19	UTR|exon|gene|transcript	9
chr14	102029538	102029547	ENSG00000197102.14	UTR|exon|gene|transcript	9
chr14	77274957	77274966	ENSG00000009830.13	UTR|exon|gene|transcript	9
chr14	85531585	85531594	ENSG00000185070.12|ENSG00000205562.5	UTR|exon|gene|transcript	9
chr14	37521255	37521264	ENSG00000151338.21	UTR|exon|gene|transcript	9
chr14	99699465	99699474	ENSG00000036530.9	UTR|exon|gene|transcript	9
chr14	30874603	30874612	ENSG00000100473.18	UTR|exon|gene|transcript	9
chr14	67412071	67412080	ENSG00000100558.9	UTR|exon|gene|transcript	9
chr14	63908967	63908976	ENSG00000054654.20	UTR|exon|gene|transcript	9
chr14	102042279	102042288	ENSG00000197102.14|ENSG00000293472.1	UTR|exon|gene|transcript	9
chr14	22999044	22999053	ENSG00000100802.15|ENSG00000258457.5	UTR|exon|gene|transcript	9
chr14	80197529	80197538	ENSG00000211448.14	UTR|exon|gene|transcript	9
chr14	31100137	31100146	ENSG00000092148.14|ENSG00000100478.16	UTR|exon|gene|transcript	9
chr14	95925562	95925571	ENSG00000250366.4	UTR|exon|gene|transcript	9
chr14	96363832	96363841	ENSG00000100744.15	UTR|exon|gene|transcript	9
chr14	24146596	24146605	ENSG00000100911.16	UTR|exon|gene|transcript	9
chr14	19002448	19002457	ENSG00000222036.8	UTR|exon|gene|transcript	9
chr14	24161694	24161703	ENSG00000213928.10|ENSG00000259529.2	UTR|exon|gene|transcript	9
chr14	24161679	24161688	ENSG00000213928.10|ENSG00000259529.2	UTR|exon|gene|transcript	9
chr14	31094170	31094178	ENSG00000100478.16	UTR|exon|gene|transcript	8
chr14	56579654	56579662	ENSG00000070269.14	UTR|exon|gene|transcript	8
chr14	24146957	24146965	ENSG00000092098.18|ENSG00000100911.16	UTR|exon|gene|transcript	8
chr14	19002365	19002373	ENSG00000222036.8	UTR|exon|gene|transcript	8
chr14	64957939	64957947	ENSG00000125954.13|ENSG00000139998.16	UTR|exon|gene|transcript	8
chr14	102050405	102050413	ENSG00000197102.14|ENSG00000293472.1	UTR|exon|gene|transcript	8
chr14	34714540	34714548	ENSG00000165410.15	UTR|exon|gene|transcript	8
chr14	102036660	102036668	ENSG00000197102.14|ENSG00000293472.1	UTR|exon|gene|transcript	8
chr14	20030237	20030245	ENSG00000176253.4	UTR|exon|gene|transcript	8
chr14	73147752	73147760	ENSG00000080815.20	UTR|exon|gene|transcript	8
chr14	96848471	96848479	ENSG00000100749.9	UTR|exon|gene|transcript	8
chr14	96846094	96846102	ENSG00000100749.9	UTR|exon|gene|transcript	8
chr14	95307754	95307762	ENSG00000165959.12	UTR|exon|gene|transcript	8
chr14	56636507	56636515	ENSG00000070269.14|ENSG00000258428.5	UTR|exon|gene|transcript	8
chr14	77521581	77521589	ENSG00000100596.8	UTR|exon|gene|transcript	8
chr14	37501620	37501628	ENSG00000151338.21	UTR|exon|gene|transcript	8
chr14	24189148	24189156	ENSG00000100926.15|ENSG00000259522.3|ENSG00000287765.1	UTR|exon|gene|transcript	8
chr14	80994291	80994299	ENSG00000165409.18	UTR|exon|gene|transcript	8
chr14	105392659	105392667	ENSG00000179364.15	UTR|exon|gene|transcript	8
chr14	81209869	81209877	ENSG00000165417.12	UTR|exon|gene|transcript	8
chr14	102157312	102157320	ENSG00000140153.18	UTR|exon|gene|transcript	8
chr14	23469679	23469687	ENSG00000129460.17	UTR|exon|gene|transcript	8
chr14	88554864	88554872	ENSG00000070778.13	UTR|exon|gene|transcript	8
chr14	105488939	105488947	ENSG00000213145.10|ENSG00000257341.5	UTR|exon|gene|transcript	8
chr14	60485078	60485086	ENSG00000179008.9	UTR|exon|gene|transcript	8
chr14	101761861	101761869	ENSG00000078304.20	UTR|exon|gene|transcript	8
chr14	71110153	71110161	ENSG00000100731.16	UTR|exon|gene|transcript	8
chr14	91185567	91185575	ENSG00000133943.21	UTR|exon|gene|transcript	8
chr14	29657576	29657584	ENSG00000184304.17|ENSG00000257120.1	UTR|exon|gene|transcript	8
chr14	32939257	32939265	ENSG00000151322.20	UTR|exon|gene|transcript	8
chr14	24161721	24161729	ENSG00000213928.10|ENSG00000259529.2	UTR|exon|gene|transcript	8
chr14	24071531	24071539	ENSG00000100884.10	UTR|exon|gene|transcript	8
chr14	70584085	70584093	ENSG00000133997.12	UTR|exon|gene|transcript	8
chr14	92170994	92171002	ENSG00000165934.13	UTR|exon|gene|transcript	8
chr14	92170909	92170917	ENSG00000165934.13	UTR|exon|gene|transcript	8
chr14	21499175	21499183	ENSG00000165819.12	UTR|exon|gene|transcript	8
chr14	21665074	21665082	ENSG00000221977.3	UTR|exon|gene|transcript	8
chr14	21498137	21498145	ENSG00000092203.15|ENSG00000165819.12	UTR|exon|gene|transcript	8
chr14	58551289	58551297	ENSG00000100578.18	UTR|exon|gene|transcript	8
chr14	21016763	21016771	ENSG00000165795.25	UTR|exon|gene|transcript	8
chr14	91867261	91867269	ENSG00000165929.13	UTR|exon|gene|transcript	8
chr14	100736830	100736838	ENSG00000185559.16	UTR|exon|gene|transcript	8
chr14	101824161	101824169	ENSG00000078304.20	UTR|exon|gene|transcript	8
chr14	95222402	95222410	ENSG00000165959.12	UTR|exon|gene|transcript	8
chr14	23126750	23126758	ENSG00000092068.21	UTR|exon|gene|transcript	8
chr14	88577984	88577992	ENSG00000100722.20	UTR|exon|gene|transcript	8
chr14	24429090	24429098	ENSG00000139899.11	UTR|exon|gene|transcript	8
chr14	73298188	73298196	ENSG00000133961.21	UTR|exon|gene|transcript	8
chr14	24164300	24164308	ENSG00000213928.10|ENSG00000259529.2	UTR|exon|gene|transcript	8
chr14	72937970	72937978	ENSG00000119599.17	UTR|exon|gene|transcript	8
chr14	54842007	54842015	ENSG00000131979.20	UTR|exon|gene|transcript	8
chr14	102042383	102042391	ENSG00000197102.14|ENSG00000293472.1	UTR|exon|gene|transcript	8
chr14	71739401	71739409	ENSG00000197555.10|ENSG00000285518.1	UTR|exon|gene|transcript	8
chr14	36662000	36662008	ENSG00000198807.13	UTR|exon|gene|transcript	8
chr14	75086913	75086921	ENSG00000119638.14|ENSG00000119703.15	UTR|exon|gene|transcript	8
chr14	75082120	75082128	ENSG00000119638.14|ENSG00000119703.15	UTR|exon|gene|transcript	8
chr14	75070150	75070158	ENSG00000119703.15	UTR|exon|gene|transcript	8
chr14	100294131	100294139	ENSG00000197119.13|ENSG00000258504.2	UTR|exon|gene|transcript	8
chr14	50792235	50792243	ENSG00000100503.27	UTR|exon|gene|transcript	8
chr14	24180386	24180394	ENSG00000196497.17	UTR|exon|gene|transcript	8
chr14	21034288	21034296	ENSG00000165795.25|ENSG00000179636.15|ENSG00000206150.4	UTR|exon|gene|transcript	8
chr14	58234760	58234768	ENSG00000131966.14|ENSG00000139971.15	UTR|exon|gene|transcript	8
chr14	103110539	103110547	ENSG00000205436.8	UTR|exon|gene|transcript	8
chr14	20461457	20461465	ENSG00000165782.11	UTR|exon|gene|transcript	8
chr14	94127780	94127788	ENSG00000119632.4	UTR|exon|gene|transcript	8
chr14	64449321	64449329	ENSG00000089775.12|ENSG00000100714.18	UTR|exon|gene|transcript	8
chr14	88824699	88824707	ENSG00000165533.19	UTR|exon|gene|transcript	8
chr14	21021746	21021754	ENSG00000165795.25	UTR|exon|gene|transcript	8
chr14	67467824	67467832	ENSG00000198133.9	UTR|exon|gene|transcript	8
chr14	52951010	52951018	ENSG00000073712.15	UTR|exon|gene|transcript	8
chr14	24166459	24166467	ENSG00000213928.10|ENSG00000289757.1	UTR|exon|gene|transcript	8
chr14	50668006	50668014	ENSG00000151748.15	UTR|exon|gene|transcript	8
chr14	103715830	103715838	ENSG00000100711.14	UTR|exon|gene|transcript	8
chr14	99465805	99465813	ENSG00000183576.13	UTR|exon|gene|transcript	8
chr14	36582501	36582509	ENSG00000136327.7|ENSG00000283098.2	UTR|exon|gene|transcript	8
chr14	105252506	105252514	ENSG00000185024.18	UTR|exon|gene|transcript	8
chr14	45231290	45231298	ENSG00000129534.14	UTR|exon|gene|transcript	8
chr14	30894920	30894928	ENSG00000100473.18|ENSG00000196792.12	UTR|exon|gene|transcript	8
chr14	35277614	35277622	ENSG00000100890.16|ENSG00000258790.1	UTR|exon|gene|transcript	8
chr14	99480881	99480889	ENSG00000183576.13	UTR|exon|gene|transcript	8
chr14	21431724	21431732	ENSG00000100888.15	UTR|exon|gene|transcript	8
chr14	24166441	24166449	ENSG00000213928.10|ENSG00000259529.2|ENSG00000289757.1	UTR|exon|gene|transcript	8
chr14	67241536	67241544	ENSG00000072415.10	UTR|exon|gene|transcript	8
chr14	72454519	72454527	ENSG00000182732.18	UTR|exon|gene|transcript	8
chr14	24115317	24115325	ENSG00000100897.18	UTR|exon|gene|transcript	8
chr14	24115274	24115282	ENSG00000100897.18	UTR|exon|gene|transcript	8
chr14	103503779	103503787	ENSG00000075413.19	UTR|exon|gene|transcript	8
chr14	49598500	49598508	ENSG00000213741.11	UTR|exon|gene|transcript	8
chr14	88620926	88620934	ENSG00000100722.20|ENSG00000165521.16	UTR|exon|gene|transcript	8
chr14	81474095	81474103	ENSG00000071537.14	UTR|exon|gene|transcript	8
chr14	96532330	96532338	ENSG00000090060.19	UTR|exon|gene|transcript	8
chr14	74493339	74493347	ENSG00000119655.11	UTR|exon|gene|transcript	8
chr14	35011508	35011516	ENSG00000100883.13	UTR|exon|gene|transcript	8
chr14	77511811	77511819	ENSG00000100596.8	UTR|exon|gene|transcript	8
chr14	103697608	103697616	ENSG00000126214.22|ENSG00000126215.14	UTR|exon|gene|transcript	8
chr14	73698549	73698557	ENSG00000119661.15|ENSG00000258660.1	UTR|exon|gene|transcript	8
chr14	73069852	73069859	ENSG00000119707.14	UTR|exon|gene|transcript	7
chr14	103465706	103465713	ENSG00000075413.19	UTR|exon|gene|transcript	7
chr14	37590378	37590385	ENSG00000129514.8	UTR|exon|gene|transcript	7
chr14	39128341	39128348	ENSG00000092208.19	UTR|exon|gene|transcript	7
chr14	20587684	20587691	ENSG00000173464.16|ENSG00000258573.6|ENSG00000259060.7	UTR|exon|gene|transcript	7
chr14	77716344	77716351	ENSG00000119705.10	UTR|exon|gene|transcript	7
chr14	49783115	49783122	ENSG00000165516.11|ENSG00000165525.18	UTR|exon|gene|transcript	7
chr14	102042117	102042124	ENSG00000197102.14|ENSG00000293472.1	UTR|exon|gene|transcript	7
chr14	20699364	20699371	ENSG00000258451.1|ENSG00000258818.4|ENSG00000259171.1	UTR|exon|gene|transcript	7
chr14	64502568	64502575	ENSG00000089775.12	UTR|exon|gene|transcript	7
chr14	74493274	74493281	ENSG00000119655.11	UTR|exon|gene|transcript	7
chr14	65413207	65413214	ENSG00000033170.17	UTR|exon|gene|transcript	7
chr14	85651002	85651009	ENSG00000185070.12	UTR|exon|gene|transcript	7
chr14	30715970	30715977	ENSG00000092108.22	UTR|exon|gene|transcript	7
chr14	85645153	85645160	ENSG00000185070.12	UTR|exon|gene|transcript	7
chr14	91869423	91869430	ENSG00000140092.16	UTR|exon|gene|transcript	7
chr14	62128414	62128421	ENSG00000289503.1|ENSG00000293464.1	UTR|exon|gene|transcript	7
chr14	24213942	24213949	ENSG00000213920.9|ENSG00000260669.2	UTR|exon|gene|transcript	7
chr14	21492606	21492613	ENSG00000092203.15	UTR|exon|gene|transcript	7
chr14	50725832	50725839	ENSG00000100503.27	UTR|exon|gene|transcript	7
chr14	81436121	81436128	ENSG00000140022.14	UTR|exon|gene|transcript	7
chr14	64490533	64490540	ENSG00000089775.12	UTR|exon|gene|transcript	7
chr14	96881545	96881552	ENSG00000100749.9	UTR|exon|gene|transcript	7
chr14	22946228	22946235	ENSG00000092036.19|ENSG00000257285.7	UTR|exon|gene|transcript	7
chr14	24094349	24094356	ENSG00000100889.12|ENSG00000129535.13	UTR|exon|gene|transcript	7
chr14	63539685	63539692	ENSG00000154001.14	UTR|exon|gene|transcript	7
chr14	23321456	23321463	ENSG00000100836.11|ENSG00000258643.6	UTR|exon|gene|transcript	7
chr14	103503245	103503252	ENSG00000075413.19	UTR|exon|gene|transcript	7
chr14	103941695	103941702	ENSG00000156414.20|ENSG00000227729.5	UTR|exon|gene|transcript	7
chr14	24307858	24307865	ENSG00000136305.12|ENSG00000196943.14|ENSG00000213906.10	UTR|exon|gene|transcript	7
chr14	30673923	30673930	ENSG00000092108.22	UTR|exon|gene|transcript	7
chr14	64459996	64460003	ENSG00000089775.12|ENSG00000100714.18	UTR|exon|gene|transcript	7
chr14	70809506	70809513	ENSG00000006432.16|ENSG00000259153.4	UTR|exon|gene|transcript	7
chr14	20587990	20587997	ENSG00000173464.16|ENSG00000258573.6|ENSG00000259060.7	UTR|exon|gene|transcript	7
chr14	22899965	22899972	ENSG00000100461.18	UTR|exon|gene|transcript	7
chr14	22909482	22909489	ENSG00000100461.18	UTR|exon|gene|transcript	7
chr14	74493764	74493771	ENSG00000119655.11|ENSG00000165898.14	UTR|exon|gene|transcript	7
chr14	69380127	69380134	ENSG00000100632.11	UTR|exon|gene|transcript	7
chr14	23034601	23034608	ENSG00000100804.19	UTR|exon|gene|transcript	7
chr14	104712985	104712992	ENSG00000203485.14	UTR|exon|gene|transcript	7
chr14	22919129	22919136	ENSG00000100461.18|ENSG00000237054.9	UTR|exon|gene|transcript	7
chr14	103137432	103137439	ENSG00000185215.11	UTR|exon|gene|transcript	7
chr14	56119162	56119169	ENSG00000139946.11	UTR|exon|gene|transcript	7
chr14	22773245	22773252	ENSG00000155465.21	UTR|exon|gene|transcript	7
chr14	30618225	30618232	ENSG00000092140.16	UTR|exon|gene|transcript	7
chr14	22771754	22771761	ENSG00000155463.14	UTR|exon|gene|transcript	7
chr14	91510137	91510144	ENSG00000100796.18	UTR|exon|gene|transcript	7
chr14	24239661	24239668	ENSG00000092330.19	UTR|exon|gene|transcript	7
chr14	89963107	89963114	ENSG00000042088.14	UTR|exon|gene|transcript	7
chr14	24166363	24166370	ENSG00000213928.10|ENSG00000259529.2|ENSG00000289757.1	UTR|exon|gene|transcript	7
chr14	73959522	73959529	ENSG00000119723.17|ENSG00000187097.13	UTR|exon|gene|transcript	7
chr14	73904901	73904908	ENSG00000119725.21|ENSG00000258653.3|ENSG00000258891.1	UTR|exon|gene|transcript	7
chr14	24070975	24070982	ENSG00000100884.10	UTR|exon|gene|transcript	7
chr14	45151521	45151528	ENSG00000187790.12	UTR|exon|gene|transcript	7
chr14	72926479	72926486	ENSG00000119599.17	UTR|exon|gene|transcript	7
chr14	65617089	65617096	ENSG00000033170.17	UTR|exon|gene|transcript	7
chr14	30735782	30735789	ENSG00000092108.22|ENSG00000258558.1	UTR|exon|gene|transcript	7
chr14	30735750	30735757	ENSG00000092108.22|ENSG00000258558.1	UTR|exon|gene|transcript	7
chr14	52776854	52776861	ENSG00000100522.10|ENSG00000259049.1	UTR|exon|gene|transcript	7
chr14	91114441	91114448	ENSG00000133943.21	UTR|exon|gene|transcript	7
chr14	20684696	20684703	ENSG00000214274.10|ENSG00000258818.4|ENSG00000259171.1	UTR|exon|gene|transcript	7
chr14	23568604	23568611	ENSG00000092051.18	UTR|exon|gene|transcript	7
chr14	23126395	23126402	ENSG00000092068.21	UTR|exon|gene|transcript	7
chr14	103558467	103558474	ENSG00000166170.12|ENSG00000258851.1	UTR|exon|gene|transcript	7
chr14	102043678	102043685	ENSG00000197102.14|ENSG00000293472.1	UTR|exon|gene|transcript	7
chr14	103562615	103562622	ENSG00000126214.22|ENSG00000166170.12	UTR|exon|gene|transcript	7
chr14	55684253	55684260	ENSG00000126777.18	UTR|exon|gene|transcript	7
chr14	50752726	50752733	ENSG00000100503.27	UTR|exon|gene|transcript	7
chr14	24216858	24216865	ENSG00000129559.13|ENSG00000255526.6	UTR|exon|gene|transcript	7
chr14	103098760	103098767	ENSG00000205436.8	UTR|exon|gene|transcript	7
chr14	20455331	20455338	ENSG00000100823.12	UTR|exon|gene|transcript	7
chr14	24117725	24117732	ENSG00000100897.18	UTR|exon|gene|transcript	7
chr14	73715123	73715130	ENSG00000156030.14	UTR|exon|gene|transcript	7
chr14	73612548	73612555	ENSG00000205669.4|ENSG00000258603.5	UTR|exon|gene|transcript	7
chr14	69767232	69767239	ENSG00000100650.16	UTR|exon|gene|transcript	7
chr14	105395206	105395213	ENSG00000179364.15	UTR|exon|gene|transcript	7
chr14	22612956	22612963	ENSG00000100439.11	UTR|exon|gene|transcript	7
chr14	94390628	94390635	ENSG00000197249.14	UTR|exon|gene|transcript	7
chr14	90534785	90534792	ENSG00000165914.15	UTR|exon|gene|transcript	7
chr14	67353952	67353959	ENSG00000100554.12	UTR|exon|gene|transcript	7
chr14	20558650	20558657	ENSG00000188655.11	UTR|exon|gene|transcript	7
chr14	100239196	100239203	ENSG00000100811.15	UTR|exon|gene|transcript	7
chr14	30735685	30735692	ENSG00000092108.22|ENSG00000258558.1	UTR|exon|gene|transcript	7
chr14	21768488	21768495	ENSG00000211780.3	UTR|exon|gene|transcript	7
chr14	69462381	69462388	ENSG00000029364.12	UTR|exon|gene|transcript	7
chr14	70048604	70048611	ENSG00000100678.20	UTR|exon|gene|transcript	7
chr14	24172072	24172079	ENSG00000100918.14	UTR|exon|gene|transcript	7
chr14	103713682	103713689	ENSG00000126214.22|ENSG00000126215.14	UTR|exon|gene|transcript	7
chr14	90274780	90274787	ENSG00000100764.14|ENSG00000119720.18	UTR|exon|gene|transcript	7
chr14	102032271	102032278	ENSG00000197102.14	UTR|exon|gene|transcript	7
chr14	95157420	95157426	ENSG00000100697.17	UTR|exon|gene|transcript	6
chr14	32076113	32076119	ENSG00000100852.14|ENSG00000258655.2	UTR|exon|gene|transcript	6
chr14	31861218	31861224	ENSG00000151413.17	UTR|exon|gene|transcript	6
chr14	41608085	41608091	ENSG00000165379.14	UTR|exon|gene|transcript	6
chr14	103754238	103754244	ENSG00000088808.18	UTR|exon|gene|transcript	6
chr14	67720841	67720847	ENSG00000139988.10	UTR|exon|gene|transcript	6
chr14	24271510	24271516	ENSG00000100949.15|ENSG00000288044.3	UTR|exon|gene|transcript	6
chr14	91942174	91942180	ENSG00000140092.16	UTR|exon|gene|transcript	6
chr14	64459988	64459994	ENSG00000089775.12|ENSG00000100714.18	UTR|exon|gene|transcript	6
chr14	103733813	103733819	ENSG00000088808.18	UTR|exon|gene|transcript	6
chr14	41608414	41608420	ENSG00000165379.14	UTR|exon|gene|transcript	6
chr14	20588028	20588034	ENSG00000173464.16|ENSG00000258573.6|ENSG00000259060.7	UTR|exon|gene|transcript	6
chr14	90862216	90862222	ENSG00000100784.12	UTR|exon|gene|transcript	6
chr14	30633929	30633935	ENSG00000092108.22	UTR|exon|gene|transcript	6
chr14	103503282	103503288	ENSG00000075413.19	UTR|exon|gene|transcript	6
chr14	102500455	102500461	ENSG00000196663.16	UTR|exon|gene|transcript	6
chr14	103912509	103912515	ENSG00000156411.10	UTR|exon|gene|transcript	6
chr14	33950299	33950305	ENSG00000129521.15	UTR|exon|gene|transcript	6
chr14	75053236	75053242	ENSG00000119640.9	UTR|exon|gene|transcript	6
chr14	100537146	100537152	ENSG00000183092.18	UTR|exon|gene|transcript	6
chr14	70369467	70369473	ENSG00000133983.16|ENSG00000213463.5|ENSG00000258644.6	UTR|exon|gene|transcript	6
chr14	93218674	93218680	ENSG00000012963.15	UTR|exon|gene|transcript	6
chr14	35088010	35088016	ENSG00000092020.11|ENSG00000151327.14|ENSG00000279434.1	UTR|exon|gene|transcript	6
chr14	65102360	65102366	ENSG00000125952.21	UTR|exon|gene|transcript	6
chr14	57201596	57201602	ENSG00000070367.17	UTR|exon|gene|transcript	6
chr14	67203287	67203293	ENSG00000172717.17	UTR|exon|gene|transcript	6
chr14	76761591	76761597	ENSG00000071246.11	UTR|exon|gene|transcript	6
chr14	22987122	22987128	ENSG00000100802.15|ENSG00000258457.5	UTR|exon|gene|transcript	6
chr14	22924631	22924637	ENSG00000100462.16|ENSG00000237054.9	UTR|exon|gene|transcript	6
chr14	87965623	87965629	ENSG00000054983.17	UTR|exon|gene|transcript	6
chr14	22815313	22815319	ENSG00000155465.21	UTR|exon|gene|transcript	6
chr14	50327059	50327065	ENSG00000100490.10|ENSG00000125375.18|ENSG00000259071.1	UTR|exon|gene|transcript	6
chr14	24161688	24161694	ENSG00000213928.10|ENSG00000259529.2	UTR|exon|gene|transcript	6
chr14	52695552	52695558	ENSG00000197930.13	UTR|exon|gene|transcript	6
chr14	77505996	77506002	ENSG00000100596.8	UTR|exon|gene|transcript	6
chr14	94388559	94388565	ENSG00000197249.14	UTR|exon|gene|transcript	6
chr14	50614372	50614378	ENSG00000198513.14	UTR|exon|gene|transcript	6
chr14	19883282	19883288	ENSG00000165762.3	UTR|exon|gene|transcript	6
chr14	67241428	67241434	ENSG00000072415.10	UTR|exon|gene|transcript	6
chr14	22769790	22769796	ENSG00000155463.14	UTR|exon|gene|transcript	6
chr14	58408873	58408879	ENSG00000100575.14|ENSG00000258378.1	UTR|exon|gene|transcript	6
chr14	102499834	102499840	ENSG00000196663.16	UTR|exon|gene|transcript	6
chr14	94618272	94618278	ENSG00000196136.18|ENSG00000273259.3	UTR|exon|gene|transcript	6
chr14	93188254	93188260	ENSG00000153485.6|ENSG00000259066.5	UTR|exon|gene|transcript	6
chr14	20511122	20511128	ENSG00000182545.7	UTR|exon|gene|transcript	6
chr14	22956943	22956949	ENSG00000092036.19|ENSG00000259132.1	UTR|exon|gene|transcript	6
chr14	73275209	73275215	ENSG00000133961.21	UTR|exon|gene|transcript	6
chr14	24114924	24114930	ENSG00000100897.18|ENSG00000129535.13	UTR|exon|gene|transcript	6
chr14	67181792	67181798	ENSG00000171723.16	UTR|exon|gene|transcript	6
chr14	95090491	95090497	ENSG00000100697.17	UTR|exon|gene|transcript	6
chr14	102348550	102348556	ENSG00000100865.15	UTR|exon|gene|transcript	6
chr14	49783105	49783111	ENSG00000165516.11|ENSG00000165525.18	UTR|exon|gene|transcript	6
chr14	77423517	77423523	ENSG00000165555.10	UTR|exon|gene|transcript	6
chr14	21020797	21020803	ENSG00000165795.25	UTR|exon|gene|transcript	6
chr14	77285603	77285609	ENSG00000009830.13	UTR|exon|gene|transcript	6
chr14	103556544	103556550	ENSG00000166170.12|ENSG00000258851.1	UTR|exon|gene|transcript	6
chr14	21498126	21498132	ENSG00000092203.15	UTR|exon|gene|transcript	6
chr14	52776861	52776867	ENSG00000100522.10|ENSG00000259049.1	UTR|exon|gene|transcript	6
chr14	90919460	90919466	ENSG00000100784.12	UTR|exon|gene|transcript	6
chr14	91114369	91114375	ENSG00000133943.21	UTR|exon|gene|transcript	6
chr14	52776188	52776194	ENSG00000100522.10|ENSG00000259049.1	UTR|exon|gene|transcript	6
chr14	99684297	99684303	ENSG00000036530.9	UTR|exon|gene|transcript	6
chr14	60134221	60134227	ENSG00000126773.13	UTR|exon|gene|transcript	6
chr14	90289065	90289071	ENSG00000119720.18	UTR|exon|gene|transcript	6
chr14	20997010	20997016	ENSG00000165792.18|ENSG00000258471.2	UTR|exon|gene|transcript	6
chr14	24427598	24427604	ENSG00000139899.11	UTR|exon|gene|transcript	6
chr14	103686194	103686200	ENSG00000126214.22	UTR|exon|gene|transcript	6
chr14	103503820	103503826	ENSG00000075413.19	UTR|exon|gene|transcript	6
chr14	67585984	67585990	ENSG00000054690.14|ENSG00000100564.9	UTR|exon|gene|transcript	6
chr14	21030216	21030222	ENSG00000165795.25|ENSG00000179636.15	UTR|exon|gene|transcript	6
chr14	21025464	21025470	ENSG00000165795.25|ENSG00000179636.15|ENSG00000258604.1	UTR|exon|gene|transcript	6
chr14	75684394	75684400	ENSG00000119685.20	UTR|exon|gene|transcript	6
chr14	73530238	73530244	ENSG00000187105.9|ENSG00000258695.2	UTR|exon|gene|transcript	6
chr14	24165189	24165195	ENSG00000213928.10|ENSG00000259529.2	UTR|exon|gene|transcript	6
chr14	67488567	67488573	ENSG00000198133.9	UTR|exon|gene|transcript	6
chr14	95111450	95111456	ENSG00000100697.17	UTR|exon|gene|transcript	6
chr14	103107423	103107429	ENSG00000205436.8	UTR|exon|gene|transcript	6
chr14	24239655	24239661	ENSG00000092330.19	UTR|exon|gene|transcript	6
chr14	103057449	103057455	ENSG00000198752.11	UTR|exon|gene|transcript	6
chr14	31483965	31483971	ENSG00000214943.5	UTR|exon|gene|transcript	6
chr14	67677357	67677363	ENSG00000072042.13|ENSG00000258466.5	UTR|exon|gene|transcript	6
chr14	59595976	59595982	ENSG00000139970.18	UTR|exon|gene|transcript	6
chr14	23346317	23346323	ENSG00000092096.19	UTR|exon|gene|transcript	6
chr14	59483692	59483698	ENSG00000126790.12|ENSG00000258782.3	UTR|exon|gene|transcript	6
chr14	60018364	60018370	ENSG00000131951.12|ENSG00000258553.5	UTR|exon|gene|transcript	6
chr14	23298292	23298298	ENSG00000235194.9|ENSG00000290292.10	UTR|exon|gene|transcript	6
chr14	74903953	74903959	ENSG00000198208.12	UTR|exon|gene|transcript	6
chr14	75278976	75278982	ENSG00000170345.10	UTR|exon|gene|transcript	6
chr14	24310542	24310548	ENSG00000136305.12|ENSG00000213906.10	UTR|exon|gene|transcript	6
chr14	70723570	70723576	ENSG00000006432.16	UTR|exon|gene|transcript	6
chr14	45159326	45159332	ENSG00000187790.12	UTR|exon|gene|transcript	6
chr14	93431017	93431023	ENSG00000133958.14	UTR|exon|gene|transcript	6
chr14	77312027	77312033	ENSG00000009830.13	UTR|exon|gene|transcript	6
chr14	59505404	59505410	ENSG00000050130.18|ENSG00000151838.12|ENSG00000258782.3	UTR|exon|gene|transcript	6
chr14	22589161	22589167	ENSG00000129562.11	UTR|exon|gene|transcript	6
chr14	77280074	77280080	ENSG00000009830.13	UTR|exon|gene|transcript	6
chr14	73239772	73239778	ENSG00000100767.17	UTR|exon|gene|transcript	6
chr14	24325817	24325823	ENSG00000129467.14	UTR|exon|gene|transcript	6
chr14	31122913	31122919	ENSG00000092148.14|ENSG00000100478.16	UTR|exon|gene|transcript	6
chr14	88012734	88012740	ENSG00000140030.6|ENSG00000258407.1	UTR|exon|gene|transcript	6
chr14	74661255	74661261	ENSG00000119682.18	UTR|exon|gene|transcript	6
chr14	67338554	67338560	ENSG00000100554.12	UTR|exon|gene|transcript	6
chr14	22906194	22906200	ENSG00000100461.18	UTR|exon|gene|transcript	6
chr14	57595873	57595879	ENSG00000151812.15|ENSG00000259039.3	UTR|exon|gene|transcript	6
chr14	90043309	90043315	ENSG00000042088.14	UTR|exon|gene|transcript	6
chr14	69244012	69244018	ENSG00000081177.19|ENSG00000258520.1	UTR|exon|gene|transcript	6
chr14	57483064	57483070	ENSG00000100557.10	UTR|exon|gene|transcript	6
chr14	21210549	21210555	ENSG00000092199.19	UTR|exon|gene|transcript	6
chr14	100146452	100146458	ENSG00000168350.8	UTR|exon|gene|transcript	6
chr14	24634174	24634180	ENSG00000100453.14|ENSG00000258657.5	UTR|exon|gene|transcript	6
chr14	24166514	24166520	ENSG00000213928.10|ENSG00000289757.1	UTR|exon|gene|transcript	6
chr14	24232325	24232331	ENSG00000129559.13|ENSG00000255526.6	UTR|exon|gene|transcript	6
chr14	24218052	24218058	ENSG00000129559.13|ENSG00000255526.6	UTR|exon|gene|transcript	6
chr14	24147189	24147195	ENSG00000092098.18|ENSG00000100911.16	UTR|exon|gene|transcript	6
chr14	23551551	23551557	ENSG00000136367.15|ENSG00000157306.14	UTR|exon|gene|transcript	6
chr14	73223685	73223691	ENSG00000080815.20	UTR|exon|gene|transcript	6
chr14	24338210	24338216	ENSG00000129465.16	UTR|exon|gene|transcript	6
chr14	73223680	73223685	ENSG00000080815.20	UTR|exon|gene|transcript	5
chr14	104681269	104681274	ENSG00000203485.14	UTR|exon|gene|transcript	5
chr14	24232331	24232336	ENSG00000129559.13|ENSG00000255526.6	UTR|exon|gene|transcript	5
chr14	56579825	56579830	ENSG00000070269.14	UTR|exon|gene|transcript	5
chr14	96502587	96502592	ENSG00000090060.19	UTR|exon|gene|transcript	5
chr14	21090076	21090081	ENSG00000165801.10|ENSG00000165804.16	UTR|exon|gene|transcript	5
chr14	96363563	96363568	ENSG00000100744.15	UTR|exon|gene|transcript	5
chr14	21154545	21154550	ENSG00000169327.5	UTR|exon|gene|transcript	5
chr14	96237068	96237073	ENSG00000168398.7|ENSG00000258691.1	UTR|exon|gene|transcript	5
chr14	74409801	74409806	ENSG00000183379.9	UTR|exon|gene|transcript	5
chr14	74405893	74405898	ENSG00000183379.9	UTR|exon|gene|transcript	5
chr14	64746900	64746905	ENSG00000070182.21|ENSG00000126822.18	UTR|exon|gene|transcript	5
chr14	80496473	80496478	ENSG00000100629.17	UTR|exon|gene|transcript	5
chr14	22900776	22900781	ENSG00000100461.18	UTR|exon|gene|transcript	5
chr14	92703838	92703843	ENSG00000100600.15	UTR|exon|gene|transcript	5
chr14	22123521	22123526	ENSG00000211807.3	UTR|exon|gene|transcript	5
chr14	77284063	77284068	ENSG00000009830.13	UTR|exon|gene|transcript	5
chr14	51730454	51730459	ENSG00000139926.16	UTR|exon|gene|transcript	5
chr14	24104125	24104130	ENSG00000100889.12|ENSG00000129535.13	UTR|exon|gene|transcript	5
chr14	73264587	73264592	ENSG00000100767.17	UTR|exon|gene|transcript	5
chr14	24163377	24163382	ENSG00000213928.10|ENSG00000259529.2	UTR|exon|gene|transcript	5
chr14	24161705	24161710	ENSG00000213928.10|ENSG00000259529.2	UTR|exon|gene|transcript	5
chr14	24071539	24071544	ENSG00000100884.10	UTR|exon|gene|transcript	5
chr14	24071526	24071531	ENSG00000100884.10	UTR|exon|gene|transcript	5
chr14	69769791	69769796	ENSG00000100650.16	UTR|exon|gene|transcript	5
chr14	68884303	68884308	ENSG00000072110.16	UTR|exon|gene|transcript	5
chr14	49740177	49740182	ENSG00000197776.8	UTR|exon|gene|transcript	5
chr14	93242032	93242037	ENSG00000011114.15	UTR|exon|gene|transcript	5
chr14	68788652	68788657	ENSG00000185650.10	UTR|exon|gene|transcript	5
chr14	21498132	21498137	ENSG00000092203.15|ENSG00000165819.12	UTR|exon|gene|transcript	5
chr14	94130143	94130148	ENSG00000119632.4	UTR|exon|gene|transcript	5
chr14	21019115	21019120	ENSG00000165795.25	UTR|exon|gene|transcript	5
chr14	77274970	77274975	ENSG00000009830.13	UTR|exon|gene|transcript	5
chr14	24146591	24146596	ENSG00000100911.16	UTR|exon|gene|transcript	5
chr14	102228830	102228835	ENSG00000080823.23	UTR|exon|gene|transcript	5
chr14	24437425	24437430	ENSG00000100441.10	UTR|exon|gene|transcript	5
chr14	89156171	89156176	ENSG00000053254.16	UTR|exon|gene|transcript	5
chr14	88877951	88877956	ENSG00000165533.19	UTR|exon|gene|transcript	5
chr14	89797131	89797136	ENSG00000140025.16|ENSG00000259053.1	UTR|exon|gene|transcript	5
chr14	22924300	22924305	ENSG00000100462.16|ENSG00000237054.9	UTR|exon|gene|transcript	5
chr14	20997030	20997035	ENSG00000165792.18|ENSG00000258471.2	UTR|exon|gene|transcript	5
chr14	74906794	74906799	ENSG00000198208.12	UTR|exon|gene|transcript	5
chr14	67388218	67388223	ENSG00000100558.9	UTR|exon|gene|transcript	5
chr14	58427505	58427510	ENSG00000100575.14|ENSG00000100578.18	UTR|exon|gene|transcript	5
chr14	21477258	21477263	ENSG00000092203.15	UTR|exon|gene|transcript	5
chr14	94290643	94290648	ENSG00000140093.10	UTR|exon|gene|transcript	5
chr14	94175636	94175641	ENSG00000119698.12	UTR|exon|gene|transcript	5
chr14	104769386	104769391	ENSG00000142208.18|ENSG00000258430.1	UTR|exon|gene|transcript	5
chr14	35401544	35401549	ENSG00000100906.12	UTR|exon|gene|transcript	5
chr14	102343003	102343008	ENSG00000100865.15	UTR|exon|gene|transcript	5
chr14	50727300	50727305	ENSG00000100503.27	UTR|exon|gene|transcript	5
chr14	103503792	103503797	ENSG00000075413.19	UTR|exon|gene|transcript	5
chr14	103503787	103503792	ENSG00000075413.19	UTR|exon|gene|transcript	5
chr14	30893798	30893803	ENSG00000100473.18|ENSG00000196792.12	UTR|exon|gene|transcript	5
chr14	94487273	94487278	ENSG00000165953.10	UTR|exon|gene|transcript	5
chr14	102501774	102501779	ENSG00000156381.9|ENSG00000196663.16|ENSG00000212330.1	UTR|exon|gene|transcript	5
chr14	30735657	30735662	ENSG00000092108.22|ENSG00000258558.1	UTR|exon|gene|transcript	5
chr14	50108636	50108641	ENSG00000100483.14	UTR|exon|gene|transcript	5
chr14	51969795	51969800	ENSG00000186469.9|ENSG00000259007.1	UTR|exon|gene|transcript	5
chr14	23307191	23307196	ENSG00000129473.11|ENSG00000258643.6	UTR|exon|gene|transcript	5
chr14	24166454	24166459	ENSG00000213928.10|ENSG00000289757.1	UTR|exon|gene|transcript	5
chr14	49643558	49643563	ENSG00000100479.14	UTR|exon|gene|transcript	5
chr14	35274012	35274017	ENSG00000100890.16|ENSG00000258790.1	UTR|exon|gene|transcript	5
chr14	49751847	49751852	ENSG00000197776.8	UTR|exon|gene|transcript	5
chr14	21385193	21385198	ENSG00000100888.15	UTR|exon|gene|transcript	5
chr14	104759654	104759659	ENSG00000184990.13	UTR|exon|gene|transcript	5
chr14	104746235	104746240	ENSG00000185100.12	UTR|exon|gene|transcript	5
chr14	50725827	50725832	ENSG00000100503.27	UTR|exon|gene|transcript	5
chr14	24308656	24308661	ENSG00000136305.12|ENSG00000196943.14|ENSG00000213906.10	UTR|exon|gene|transcript	5
chr14	60245751	60245756	ENSG00000100614.18|ENSG00000254718.6	UTR|exon|gene|transcript	5
chr14	74907387	74907392	ENSG00000198208.12	UTR|exon|gene|transcript	5
chr14	102026573	102026578	ENSG00000197102.14	UTR|exon|gene|transcript	5
chr14	25049889	25049894	ENSG00000168952.16	UTR|exon|gene|transcript	5
chr14	100375350	100375355	ENSG00000140105.18	UTR|exon|gene|transcript	5
chr14	64460025	64460030	ENSG00000089775.12|ENSG00000100714.18	UTR|exon|gene|transcript	5
chr14	88663114	88663119	ENSG00000165521.16	UTR|exon|gene|transcript	5
chr14	103468080	103468085	ENSG00000075413.19	UTR|exon|gene|transcript	5
chr14	20510466	20510471	ENSG00000182545.7	UTR|exon|gene|transcript	5
chr14	58299614	58299619	ENSG00000032219.19	UTR|exon|gene|transcript	5
chr14	58272007	58272012	ENSG00000100567.13|ENSG00000139971.15|ENSG00000257621.9	UTR|exon|gene|transcript	5
chr14	88619384	88619389	ENSG00000100722.20|ENSG00000165521.16	UTR|exon|gene|transcript	5
chr14	67181798	67181803	ENSG00000171723.16	UTR|exon|gene|transcript	5
chr14	75954823	75954828	ENSG00000119650.13|ENSG00000119685.20	UTR|exon|gene|transcript	5
chr14	23969274	23969279	ENSG00000157326.19|ENSG00000215256.6	UTR|exon|gene|transcript	5
chr14	24094344	24094349	ENSG00000100889.12|ENSG00000129535.13	UTR|exon|gene|transcript	5
chr14	59870630	59870635	ENSG00000139970.18	UTR|exon|gene|transcript	5
chr14	100295697	100295702	ENSG00000197119.13	UTR|exon|gene|transcript	5
chr14	20590723	20590728	ENSG00000173464.16|ENSG00000258436.2|ENSG00000258573.6|ENSG00000259060.7	UTR|exon|gene|transcript	5
chr14	41607055	41607060	ENSG00000165379.14	UTR|exon|gene|transcript	5
chr14	19882436	19882441	ENSG00000165762.3	UTR|exon|gene|transcript	5
chr14	95091360	95091365	ENSG00000100697.17	UTR|exon|gene|transcript	5
chr14	24114855	24114860	ENSG00000100897.18|ENSG00000129535.13	UTR|exon|gene|transcript	5
chr14	88611867	88611872	ENSG00000100722.20	UTR|exon|gene|transcript	5
chr14	35085466	35085471	ENSG00000092020.11|ENSG00000151327.14	UTR|exon|gene|transcript	5
chr14	104721584	104721589	ENSG00000203485.14	UTR|exon|gene|transcript	5
chr14	58234755	58234760	ENSG00000131966.14|ENSG00000139971.15	UTR|exon|gene|transcript	5
chr14	21269392	21269397	ENSG00000092199.19	UTR|exon|gene|transcript	5
chr14	95157415	95157420	ENSG00000100697.17	UTR|exon|gene|transcript	5
chr14	37521790	37521795	ENSG00000151338.21	UTR|exon|gene|transcript	5
chr14	74661266	74661271	ENSG00000119682.18	UTR|exon|gene|transcript	5
chr14	96876813	96876818	ENSG00000100749.9	UTR|exon|gene|transcript	5
chr14	35317467	35317472	ENSG00000100902.11|ENSG00000258790.1	UTR|exon|gene|transcript	5
chr14	19882681	19882686	ENSG00000165762.3	UTR|exon|gene|transcript	5
chr14	34710381	34710386	ENSG00000165410.15	UTR|exon|gene|transcript	5
chr14	102024344	102024349	ENSG00000197102.14	UTR|exon|gene|transcript	5
chr14	102015104	102015109	ENSG00000197102.14	UTR|exon|gene|transcript	5
chr14	91060636	91060641	ENSG00000100784.12|ENSG00000133943.21	UTR|exon|gene|transcript	5
chr14	61445721	61445726	ENSG00000027075.17	UTR|exon|gene|transcript	5
chr14	24239234	24239239	ENSG00000092330.19|ENSG00000100938.19	UTR|exon|gene|transcript	5
chr14	24166539	24166544	ENSG00000213928.10|ENSG00000289757.1	UTR|exon|gene|transcript	5
chr14	24318358	24318363	ENSG00000129467.14	UTR|exon|gene|transcript	5
chr14	23125296	23125301	ENSG00000092068.21|ENSG00000288931.1	UTR|exon|gene|transcript	5
chr14	105488511	105488516	ENSG00000213145.10|ENSG00000257341.5	UTR|exon|gene|transcript	5
chr14	45200056	45200061	ENSG00000187790.12	UTR|exon|gene|transcript	5
chr14	91510300	91510305	ENSG00000100796.18	UTR|exon|gene|transcript	5
chr14	60974435	60974440	ENSG00000126814.7|ENSG00000258892.1	UTR|exon|gene|transcript	5
chr14	70675358	70675363	ENSG00000133985.3	UTR|exon|gene|transcript	5
chr14	71110148	71110153	ENSG00000100731.16	UTR|exon|gene|transcript	5
chr14	72986891	72986896	ENSG00000165861.14	UTR|exon|gene|transcript	5
chr14	76204982	76204987	ENSG00000089916.18	UTR|exon|gene|transcript	5
chr14	23478173	23478178	ENSG00000129460.17	UTR|exon|gene|transcript	5
chr14	69243539	69243544	ENSG00000081177.19|ENSG00000258520.1	UTR|exon|gene|transcript	5
chr14	95711748	95711753	ENSG00000100721.11|ENSG00000257275.6	UTR|exon|gene|transcript	5
chr14	96833466	96833471	ENSG00000100749.9	UTR|exon|gene|transcript	5
chr14	96832508	96832513	ENSG00000100749.9	UTR|exon|gene|transcript	5
chr14	104712827	104712832	ENSG00000203485.14	UTR|exon|gene|transcript	5
chr14	76407537	76407542	ENSG00000119715.15	UTR|exon|gene|transcript	5
chr14	35310827	35310832	ENSG00000100902.11|ENSG00000258790.1	UTR|exon|gene|transcript	5
chr14	24166534	24166539	ENSG00000213928.10|ENSG00000289757.1	UTR|exon|gene|transcript	5
chr14	103385979	103385984	ENSG00000075413.19	UTR|exon|gene|transcript	5
chr14	103385697	103385702	ENSG00000075413.19	UTR|exon|gene|transcript	5
chr14	103345000	103345005	ENSG00000100664.11	UTR|exon|gene|transcript	5
chr14	23095614	23095619	ENSG00000179933.6	UTR|exon|gene|transcript	5
chr14	88180102	88180107	ENSG00000100433.16|ENSG00000258538.5	UTR|exon|gene|transcript	5
chr14	74661261	74661266	ENSG00000119682.18	UTR|exon|gene|transcript	5
chr14	20781694	20781699	ENSG00000169413.3	UTR|exon|gene|transcript	5
chr14	20955766	20955771	ENSG00000169385.3	UTR|exon|gene|transcript	5
chr14	73458561	73458566	ENSG00000133961.21|ENSG00000285006.1	UTR|exon|gene|transcript	5
chr14	91462048	91462053	ENSG00000100796.18	UTR|exon|gene|transcript	5
chr14	56800733	56800738	ENSG00000165588.19	UTR|exon|gene|transcript	5
chr14	24146605	24146610	ENSG00000100911.16	UTR|exon|gene|transcript	5
chr14	64958143	64958148	ENSG00000125954.13|ENSG00000139998.16	UTR|exon|gene|transcript	5
chr14	24147566	24147570	ENSG00000092098.18|ENSG00000100911.16|ENSG00000259529.2	UTR|exon|gene|transcript	4
chr14	73616989	73616993	ENSG00000205669.4|ENSG00000258603.5	UTR|exon|gene|transcript	4
chr14	64879822	64879826	ENSG00000070182.21	UTR|exon|gene|transcript	4
chr14	35401535	35401539	ENSG00000100906.12	UTR|exon|gene|transcript	4
chr14	74084449	74084453	ENSG00000119711.13	UTR|exon|gene|transcript	4
chr14	35538351	35538355	ENSG00000174373.17	UTR|exon|gene|transcript	4
chr14	104713444	104713448	ENSG00000203485.14	UTR|exon|gene|transcript	4
chr14	24239642	24239646	ENSG00000092330.19	UTR|exon|gene|transcript	4
chr14	24232749	24232753	ENSG00000100938.19	UTR|exon|gene|transcript	4
chr14	77717594	77717598	ENSG00000119705.10	UTR|exon|gene|transcript	4
chr14	61550972	61550976	ENSG00000027075.17|ENSG00000258989.1	UTR|exon|gene|transcript	4
chr14	60981272	60981276	ENSG00000139974.17|ENSG00000258892.1	UTR|exon|gene|transcript	4
chr14	60974322	60974326	ENSG00000126814.7|ENSG00000258892.1	UTR|exon|gene|transcript	4
chr14	60277087	60277091	ENSG00000100614.18	UTR|exon|gene|transcript	4
chr14	24182791	24182795	ENSG00000196497.17|ENSG00000259522.3	UTR|exon|gene|transcript	4
chr14	20426524	20426528	ENSG00000185271.9	UTR|exon|gene|transcript	4
chr14	52646374	52646378	ENSG00000197930.13	UTR|exon|gene|transcript	4
chr14	72970877	72970881	ENSG00000165861.14	UTR|exon|gene|transcript	4
chr14	85627893	85627897	ENSG00000185070.12	UTR|exon|gene|transcript	4
chr14	88563350	88563354	ENSG00000100722.20	UTR|exon|gene|transcript	4
chr14	76083742	76083746	ENSG00000119650.13	UTR|exon|gene|transcript	4
chr14	58230476	58230480	ENSG00000131966.14|ENSG00000139971.15	UTR|exon|gene|transcript	4
chr14	74084955	74084959	ENSG00000205659.12	UTR|exon|gene|transcript	4
chr14	96855352	96855356	ENSG00000100749.9	UTR|exon|gene|transcript	4
chr14	102014247	102014251	ENSG00000197102.14	UTR|exon|gene|transcript	4
chr14	20609647	20609651	ENSG00000173464.16|ENSG00000259060.7	UTR|exon|gene|transcript	4
chr14	52727990	52727994	ENSG00000100519.12	UTR|exon|gene|transcript	4
chr14	91867458	91867462	ENSG00000165929.13	UTR|exon|gene|transcript	4
chr14	91836366	91836370	ENSG00000165929.13	UTR|exon|gene|transcript	4
chr14	44928829	44928833	ENSG00000179454.14	UTR|exon|gene|transcript	4
chr14	67753706	67753710	ENSG00000072121.17	UTR|exon|gene|transcript	4
chr14	105464563	105464567	ENSG00000182979.18	UTR|exon|gene|transcript	4
chr14	50418520	50418524	ENSG00000012983.12	UTR|exon|gene|transcript	4
chr14	20457734	20457738	ENSG00000100823.12|ENSG00000165782.11	UTR|exon|gene|transcript	4
chr14	103094724	103094728	ENSG00000205436.8	UTR|exon|gene|transcript	4
chr14	102777610	102777614	ENSG00000131323.17	UTR|exon|gene|transcript	4
chr14	55684579	55684583	ENSG00000126777.18	UTR|exon|gene|transcript	4
chr14	35317474	35317478	ENSG00000100902.11	UTR|exon|gene|transcript	4
chr14	24235816	24235820	ENSG00000100938.19	UTR|exon|gene|transcript	4
chr14	95157426	95157430	ENSG00000100697.17	UTR|exon|gene|transcript	4
chr14	23509540	23509544	ENSG00000129460.17	UTR|exon|gene|transcript	4
chr14	74292826	74292830	ENSG00000119688.21|ENSG00000258559.2	UTR|exon|gene|transcript	4
chr14	36678334	36678338	ENSG00000183032.12|ENSG00000198807.13	UTR|exon|gene|transcript	4
chr14	52784650	52784654	ENSG00000100522.10	UTR|exon|gene|transcript	4
chr14	102509085	102509089	ENSG00000156381.9	UTR|exon|gene|transcript	4
chr14	37507758	37507762	ENSG00000151338.21	UTR|exon|gene|transcript	4
chr14	23262927	23262931	ENSG00000215277.9	UTR|exon|gene|transcript	4
chr14	50633045	50633049	ENSG00000151748.15|ENSG00000198513.14	UTR|exon|gene|transcript	4
chr14	55191168	55191172	ENSG00000126787.13	UTR|exon|gene|transcript	4
chr14	58234786	58234790	ENSG00000131966.14|ENSG00000139971.15	UTR|exon|gene|transcript	4
chr14	50632656	50632660	ENSG00000151748.15|ENSG00000198513.14	UTR|exon|gene|transcript	4
chr14	24369152	24369156	ENSG00000100968.14	UTR|exon|gene|transcript	4
chr14	64459982	64459986	ENSG00000089775.12|ENSG00000100714.18	UTR|exon|gene|transcript	4
chr14	64458303	64458307	ENSG00000089775.12|ENSG00000100714.18	UTR|exon|gene|transcript	4
chr14	69767251	69767255	ENSG00000100650.16	UTR|exon|gene|transcript	4
chr14	55191172	55191176	ENSG00000126787.13	UTR|exon|gene|transcript	4
chr14	55137369	55137373	ENSG00000131981.16	UTR|exon|gene|transcript	4
chr14	55061679	55061683	ENSG00000168175.16	UTR|exon|gene|transcript	4
chr14	96945387	96945391	ENSG00000100749.9	UTR|exon|gene|transcript	4
chr14	96945382	96945386	ENSG00000100749.9	UTR|exon|gene|transcript	4
chr14	50108632	50108636	ENSG00000100483.14	UTR|exon|gene|transcript	4
chr14	23299541	23299545	ENSG00000129473.11|ENSG00000235194.9|ENSG00000290292.10	UTR|exon|gene|transcript	4
chr14	90537181	90537185	ENSG00000165914.15	UTR|exon|gene|transcript	4
chr14	74942628	74942632	ENSG00000119630.14	UTR|exon|gene|transcript	4
chr14	74922170	74922174	ENSG00000198208.12	UTR|exon|gene|transcript	4
chr14	60294774	60294778	ENSG00000100614.18	UTR|exon|gene|transcript	4
chr14	70522357	70522361	ENSG00000134007.5|ENSG00000257759.2	UTR|exon|gene|transcript	4
chr14	72562750	72562754	ENSG00000182732.18|ENSG00000258871.1	UTR|exon|gene|transcript	4
chr14	37501516	37501520	ENSG00000151338.21	UTR|exon|gene|transcript	4
chr14	105314882	105314886	ENSG00000179364.15|ENSG00000185024.18	UTR|exon|gene|transcript	4
chr14	80197525	80197529	ENSG00000211448.14	UTR|exon|gene|transcript	4
chr14	64196810	64196814	ENSG00000054654.20|ENSG00000140009.19	UTR|exon|gene|transcript	4
chr14	39350690	39350694	ENSG00000150527.18	UTR|exon|gene|transcript	4
chr14	36657670	36657674	ENSG00000198807.13|ENSG00000258661.1	UTR|exon|gene|transcript	4
chr14	24265551	24265555	ENSG00000100949.15	UTR|exon|gene|transcript	4
chr14	24265537	24265541	ENSG00000100949.15	UTR|exon|gene|transcript	4
chr14	35401540	35401544	ENSG00000100906.12	UTR|exon|gene|transcript	4
chr14	94487278	94487282	ENSG00000165953.10	UTR|exon|gene|transcript	4
chr14	81260651	81260655	ENSG00000140022.14	UTR|exon|gene|transcript	4
chr14	94383241	94383245	ENSG00000197249.14	UTR|exon|gene|transcript	4
chr14	94383237	94383241	ENSG00000197249.14	UTR|exon|gene|transcript	4
chr14	30894908	30894912	ENSG00000100473.18|ENSG00000196792.12	UTR|exon|gene|transcript	4
chr14	104769391	104769395	ENSG00000142208.18|ENSG00000258430.1	UTR|exon|gene|transcript	4
chr14	49643554	49643558	ENSG00000100479.14	UTR|exon|gene|transcript	4
chr14	68874127	68874131	ENSG00000072110.16	UTR|exon|gene|transcript	4
chr14	73852116	73852120	ENSG00000140043.12|ENSG00000258653.3	UTR|exon|gene|transcript	4
chr14	93187951	93187955	ENSG00000153485.6|ENSG00000259066.5	UTR|exon|gene|transcript	4
chr14	90278053	90278057	ENSG00000119720.18	UTR|exon|gene|transcript	4
chr14	20587997	20588001	ENSG00000173464.16|ENSG00000258573.6|ENSG00000259060.7	UTR|exon|gene|transcript	4
chr14	20997005	20997009	ENSG00000165792.18|ENSG00000258471.2	UTR|exon|gene|transcript	4
chr14	103711087	103711091	ENSG00000126214.22|ENSG00000126215.14	UTR|exon|gene|transcript	4
chr14	49783111	49783115	ENSG00000165516.11|ENSG00000165525.18	UTR|exon|gene|transcript	4
chr14	60032063	60032067	ENSG00000131951.12|ENSG00000258553.5	UTR|exon|gene|transcript	4
chr14	77337901	77337905	ENSG00000100580.8	UTR|exon|gene|transcript	4
chr14	77331488	77331492	ENSG00000100577.19	UTR|exon|gene|transcript	4
chr14	103701544	103701548	ENSG00000126214.22|ENSG00000126215.14	UTR|exon|gene|transcript	4
chr14	36519370	36519374	ENSG00000136352.20|ENSG00000253563.2|ENSG00000257520.2|ENSG00000283098.2	UTR|exon|gene|transcript	4
chr14	45073596	45073600	ENSG00000198718.13	UTR|exon|gene|transcript	4
chr14	102228826	102228830	ENSG00000080823.23	UTR|exon|gene|transcript	4
chr14	50975261	50975265	ENSG00000100505.14	UTR|exon|gene|transcript	4
chr14	70326063	70326067	ENSG00000133983.16|ENSG00000258644.6|ENSG00000259033.2	UTR|exon|gene|transcript	4
chr14	54420214	54420218	ENSG00000100526.21	UTR|exon|gene|transcript	4
chr14	92500672	92500676	ENSG00000140090.18	UTR|exon|gene|transcript	4
chr14	45073799	45073803	ENSG00000198718.13	UTR|exon|gene|transcript	4
chr14	24166483	24166487	ENSG00000213928.10|ENSG00000289757.1	UTR|exon|gene|transcript	4
chr14	73904031	73904035	ENSG00000119725.21|ENSG00000258653.3|ENSG00000258891.1	UTR|exon|gene|transcript	4
chr14	21024505	21024509	ENSG00000165795.25|ENSG00000179636.15|ENSG00000258604.1	UTR|exon|gene|transcript	4
chr14	75470873	75470877	ENSG00000140044.13	UTR|exon|gene|transcript	4
chr14	77274966	77274970	ENSG00000009830.13	UTR|exon|gene|transcript	4
chr14	23478134	23478138	ENSG00000129460.17	UTR|exon|gene|transcript	4
chr14	94462716	94462720	ENSG00000170054.16|ENSG00000256357.1	UTR|exon|gene|transcript	4
chr14	22920524	22920528	ENSG00000100462.16|ENSG00000237054.9	UTR|exon|gene|transcript	4
chr14	103629331	103629335	ENSG00000126214.22|ENSG00000256500.6	UTR|exon|gene|transcript	4
chr14	99684413	99684417	ENSG00000036530.9	UTR|exon|gene|transcript	4
chr14	21499171	21499175	ENSG00000092203.15|ENSG00000165819.12	UTR|exon|gene|transcript	4
chr14	103503827	103503831	ENSG00000075413.19	UTR|exon|gene|transcript	4
chr14	21569438	21569442	ENSG00000169208.3	UTR|exon|gene|transcript	4
chr14	81146302	81146306	ENSG00000165409.18|ENSG00000284959.3	UTR|exon|gene|transcript	4
chr14	102223667	102223671	ENSG00000140153.18	UTR|exon|gene|transcript	4
chr14	102210521	102210525	ENSG00000140153.18	UTR|exon|gene|transcript	4
chr14	92748488	92748492	ENSG00000100600.15	UTR|exon|gene|transcript	4
chr14	64233028	64233032	ENSG00000140009.19	UTR|exon|gene|transcript	4
chr14	67338070	67338074	ENSG00000100554.12	UTR|exon|gene|transcript	4
chr14	75474107	75474111	ENSG00000140044.13	UTR|exon|gene|transcript	4
chr14	35548507	35548511	ENSG00000174373.17	UTR|exon|gene|transcript	4
chr14	104793700	104793704	ENSG00000142208.18	UTR|exon|gene|transcript	4
chr14	20197433	20197437	ENSG00000196832.5	UTR|exon|gene|transcript	4
chr14	21521536	21521540	ENSG00000165821.12|ENSG00000257096.1	UTR|exon|gene|transcript	4
chr14	103715826	103715830	ENSG00000100711.14	UTR|exon|gene|transcript	4
chr14	100065425	100065429	ENSG00000196405.13|ENSG00000258560.1	UTR|exon|gene|transcript	4
chr14	93245824	93245828	ENSG00000011114.15	UTR|exon|gene|transcript	4
chr14	39103808	39103812	ENSG00000100934.15|ENSG00000258651.1	UTR|exon|gene|transcript	4
chr14	45232508	45232512	ENSG00000129534.14	UTR|exon|gene|transcript	4
chr14	23568820	23568824	ENSG00000092051.18	UTR|exon|gene|transcript	4
chr14	96534885	96534889	ENSG00000090060.19	UTR|exon|gene|transcript	4
chr14	21210932	21210936	ENSG00000092199.19	UTR|exon|gene|transcript	4
chr14	21210545	21210549	ENSG00000092199.19	UTR|exon|gene|transcript	4
chr14	57572015	57572019	ENSG00000151812.15	UTR|exon|gene|transcript	4
chr14	103342154	103342158	ENSG00000100664.11	UTR|exon|gene|transcript	4
chr14	24123792	24123796	ENSG00000100897.18|ENSG00000259371.2	UTR|exon|gene|transcript	4
chr14	87992514	87992517	ENSG00000054983.17	UTR|exon|gene|transcript	3
chr14	85650126	85650129	ENSG00000185070.12	UTR|exon|gene|transcript	3
chr14	23058563	23058566	ENSG00000100813.15|ENSG00000288795.1	UTR|exon|gene|transcript	3
chr14	23068480	23068483	ENSG00000100813.15	UTR|exon|gene|transcript	3
chr14	21153713	21153716	ENSG00000169327.5	UTR|exon|gene|transcript	3
chr14	96263669	96263672	ENSG00000100739.11|ENSG00000258691.1|ENSG00000258793.1	UTR|exon|gene|transcript	3
chr14	38208442	38208445	ENSG00000139874.6	UTR|exon|gene|transcript	3
chr14	38209045	38209048	ENSG00000139874.6	UTR|exon|gene|transcript	3
chr14	61043146	61043149	ENSG00000139974.17	UTR|exon|gene|transcript	3
chr14	23356402	23356405	ENSG00000100842.13	UTR|exon|gene|transcript	3
chr14	22813437	22813440	ENSG00000155465.21	UTR|exon|gene|transcript	3
chr14	61052461	61052464	ENSG00000139974.17	UTR|exon|gene|transcript	3
chr14	22815319	22815322	ENSG00000155465.21	UTR|exon|gene|transcript	3
chr14	105209285	105209288	ENSG00000185024.18	UTR|exon|gene|transcript	3
chr14	73355766	73355769	ENSG00000133961.21	UTR|exon|gene|transcript	3
chr14	96531725	96531728	ENSG00000090060.19	UTR|exon|gene|transcript	3
chr14	96531728	96531731	ENSG00000090060.19	UTR|exon|gene|transcript	3
chr14	73239769	73239772	ENSG00000100767.17	UTR|exon|gene|transcript	3
chr14	74493771	74493774	ENSG00000119655.11|ENSG00000165898.14	UTR|exon|gene|transcript	3
chr14	104689161	104689164	ENSG00000203485.14	UTR|exon|gene|transcript	3
chr14	73223677	73223680	ENSG00000080815.20	UTR|exon|gene|transcript	3
chr14	64744339	64744342	ENSG00000126822.18	UTR|exon|gene|transcript	3
chr14	39103628	39103631	ENSG00000100934.15|ENSG00000258651.1	UTR|exon|gene|transcript	3
chr14	30735779	30735782	ENSG00000092108.22|ENSG00000258558.1	UTR|exon|gene|transcript	3
chr14	100019575	100019578	ENSG00000196405.13	UTR|exon|gene|transcript	3
chr14	30735796	30735799	ENSG00000092108.22|ENSG00000258558.1	UTR|exon|gene|transcript	3
chr14	68878520	68878523	ENSG00000072110.16	UTR|exon|gene|transcript	3
chr14	74286566	74286569	ENSG00000119688.21	UTR|exon|gene|transcript	3
chr14	39266416	39266419	ENSG00000150527.18|ENSG00000258940.2	UTR|exon|gene|transcript	3
chr14	21841239	21841242	ENSG00000211785.1	UTR|exon|gene|transcript	3
chr14	24241113	24241116	ENSG00000092330.19	UTR|exon|gene|transcript	3
chr14	23469690	23469693	ENSG00000129460.17	UTR|exon|gene|transcript	3
chr14	23469693	23469696	ENSG00000129460.17	UTR|exon|gene|transcript	3
chr14	93115184	93115187	ENSG00000100605.17	UTR|exon|gene|transcript	3
chr14	24166562	24166565	ENSG00000213928.10|ENSG00000289757.1	UTR|exon|gene|transcript	3
chr14	23273402	23273405	ENSG00000215277.9|ENSG00000290292.10	UTR|exon|gene|transcript	3
chr14	102054868	102054871	ENSG00000197102.14|ENSG00000293472.1	UTR|exon|gene|transcript	3
chr14	89963104	89963107	ENSG00000042088.14	UTR|exon|gene|transcript	3
chr14	30735757	30735760	ENSG00000092108.22|ENSG00000258558.1	UTR|exon|gene|transcript	3
chr14	30735776	30735779	ENSG00000092108.22|ENSG00000258558.1	UTR|exon|gene|transcript	3
chr14	64390488	64390491	ENSG00000100714.18	UTR|exon|gene|transcript	3
chr14	24426828	24426831	ENSG00000139899.11	UTR|exon|gene|transcript	3
chr14	103559615	103559618	ENSG00000166170.12|ENSG00000258851.1	UTR|exon|gene|transcript	3
chr14	94051187	94051190	ENSG00000089737.19	UTR|exon|gene|transcript	3
chr14	94079742	94079745	ENSG00000089737.19	UTR|exon|gene|transcript	3
chr14	54793312	54793315	ENSG00000020577.14	UTR|exon|gene|transcript	3
chr14	94094813	94094816	ENSG00000165948.11	UTR|exon|gene|transcript	3
chr14	88879698	88879701	ENSG00000165533.19	UTR|exon|gene|transcript	3
chr14	39266419	39266422	ENSG00000150527.18|ENSG00000258940.2	UTR|exon|gene|transcript	3
chr14	74857729	74857732	ENSG00000119596.18|ENSG00000119608.15	UTR|exon|gene|transcript	3
chr14	102228835	102228838	ENSG00000080823.23	UTR|exon|gene|transcript	3
chr14	77175849	77175852	ENSG00000165548.11|ENSG00000259164.1	UTR|exon|gene|transcript	3
chr14	73963108	73963111	ENSG00000119723.17|ENSG00000187097.13	UTR|exon|gene|transcript	3
chr14	94097491	94097494	ENSG00000165948.11	UTR|exon|gene|transcript	3
chr14	94116690	94116693	ENSG00000165949.13	UTR|exon|gene|transcript	3
chr14	24071521	24071524	ENSG00000100884.10	UTR|exon|gene|transcript	3
chr14	21024093	21024096	ENSG00000165795.25	UTR|exon|gene|transcript	3
chr14	99508877	99508880	ENSG00000090061.17|ENSG00000205476.9	UTR|exon|gene|transcript	3
chr14	74736424	74736427	ENSG00000119616.11	UTR|exon|gene|transcript	3
chr14	102250987	102250990	ENSG00000080823.23	UTR|exon|gene|transcript	3
chr14	105049396	105049399	ENSG00000183484.12	UTR|exon|gene|transcript	3
chr14	100144232	100144235	ENSG00000168350.8|ENSG00000196405.13	UTR|exon|gene|transcript	3
chr14	92703843	92703846	ENSG00000100600.15	UTR|exon|gene|transcript	3
chr14	30735791	30735794	ENSG00000092108.22|ENSG00000258558.1	UTR|exon|gene|transcript	3
chr14	74903950	74903953	ENSG00000198208.12	UTR|exon|gene|transcript	3
chr14	64084693	64084696	ENSG00000054654.20|ENSG00000140009.19	UTR|exon|gene|transcript	3
chr14	90043341	90043344	ENSG00000042088.14	UTR|exon|gene|transcript	3
chr14	20560928	20560931	ENSG00000188655.11	UTR|exon|gene|transcript	3
chr14	72566526	72566529	ENSG00000182732.18|ENSG00000258871.1	UTR|exon|gene|transcript	3
chr14	77299454	77299457	ENSG00000009830.13	UTR|exon|gene|transcript	3
chr14	77301089	77301092	ENSG00000009830.13	UTR|exon|gene|transcript	3
chr14	50792793	50792796	ENSG00000100503.27	UTR|exon|gene|transcript	3
chr14	102342364	102342367	ENSG00000022976.16|ENSG00000100865.15	UTR|exon|gene|transcript	3
chr14	102343306	102343309	ENSG00000100865.15	UTR|exon|gene|transcript	3
chr14	104769383	104769386	ENSG00000142208.18|ENSG00000258430.1	UTR|exon|gene|transcript	3
chr14	21460616	21460619	ENSG00000129472.15	UTR|exon|gene|transcript	3
chr14	21482608	21482611	ENSG00000092203.15	UTR|exon|gene|transcript	3
chr14	73274620	73274623	ENSG00000100767.17	UTR|exon|gene|transcript	3
chr14	24069726	24069729	ENSG00000186648.15	UTR|exon|gene|transcript	3
chr14	99481408	99481411	ENSG00000090061.17	UTR|exon|gene|transcript	3
chr14	94448774	94448777	ENSG00000186910.4|ENSG00000256357.1	UTR|exon|gene|transcript	3
chr14	102343765	102343768	ENSG00000100865.15	UTR|exon|gene|transcript	3
chr14	102348278	102348281	ENSG00000100865.15	UTR|exon|gene|transcript	3
chr14	102503898	102503901	ENSG00000156381.9	UTR|exon|gene|transcript	3
chr14	102506686	102506689	ENSG00000156381.9	UTR|exon|gene|transcript	3
chr14	35085472	35085475	ENSG00000092020.11|ENSG00000151327.14	UTR|exon|gene|transcript	3
chr14	22604087	22604090	ENSG00000100439.11	UTR|exon|gene|transcript	3
chr14	33949580	33949583	ENSG00000129521.15	UTR|exon|gene|transcript	3
chr14	24290599	24290602	ENSG00000157379.14|ENSG00000288044.3	UTR|exon|gene|transcript	3
chr14	80216147	80216150	ENSG00000211448.14|ENSG00000258766.1	UTR|exon|gene|transcript	3
chr14	73575655	73575658	ENSG00000119673.16|ENSG00000258603.5	UTR|exon|gene|transcript	3
chr14	88853031	88853034	ENSG00000165533.19	UTR|exon|gene|transcript	3
chr14	77175852	77175855	ENSG00000165548.11|ENSG00000259164.1	UTR|exon|gene|transcript	3
chr14	77181894	77181897	ENSG00000165548.11|ENSG00000259164.1	UTR|exon|gene|transcript	3
chr14	21025470	21025473	ENSG00000165795.25|ENSG00000179636.15|ENSG00000258604.1	UTR|exon|gene|transcript	3
chr14	49598774	49598777	ENSG00000165501.17|ENSG00000213741.11	UTR|exon|gene|transcript	3
chr14	49635149	49635152	ENSG00000165506.15	UTR|exon|gene|transcript	3
chr14	94378372	94378375	ENSG00000197249.14	UTR|exon|gene|transcript	3
chr14	103715838	103715841	ENSG00000100711.14	UTR|exon|gene|transcript	3
chr14	75650163	75650166	ENSG00000119685.20|ENSG00000119686.10|ENSG00000133935.7	UTR|exon|gene|transcript	3
chr14	67241434	67241437	ENSG00000072415.10	UTR|exon|gene|transcript	3
chr14	24166449	24166452	ENSG00000213928.10|ENSG00000259529.2|ENSG00000289757.1	UTR|exon|gene|transcript	3
chr14	104769348	104769351	ENSG00000142208.18|ENSG00000258430.1	UTR|exon|gene|transcript	3
chr14	58298555	58298558	ENSG00000032219.19	UTR|exon|gene|transcript	3
chr14	94581995	94581998	ENSG00000188488.14	UTR|exon|gene|transcript	3
chr14	94593115	94593118	ENSG00000188488.14|ENSG00000273259.3	UTR|exon|gene|transcript	3
chr14	49598771	49598774	ENSG00000165501.17|ENSG00000213741.11	UTR|exon|gene|transcript	3
chr14	24379601	24379604	ENSG00000100968.14	UTR|exon|gene|transcript	3
chr14	50243686	50243689	ENSG00000087299.12	UTR|exon|gene|transcript	3
chr14	24115314	24115317	ENSG00000100897.18	UTR|exon|gene|transcript	3
chr14	20329374	20329377	ENSG00000100814.19	UTR|exon|gene|transcript	3
chr14	20329377	20329380	ENSG00000100814.19	UTR|exon|gene|transcript	3
chr14	23469698	23469701	ENSG00000129460.17	UTR|exon|gene|transcript	3
chr14	23469702	23469705	ENSG00000129460.17	UTR|exon|gene|transcript	3
chr14	60140793	60140796	ENSG00000126773.13	UTR|exon|gene|transcript	3
chr14	60169843	60169846	ENSG00000100612.14	UTR|exon|gene|transcript	3
chr14	100294139	100294142	ENSG00000197119.13|ENSG00000258504.2	UTR|exon|gene|transcript	3
chr14	100277793	100277796	ENSG00000100811.15	UTR|exon|gene|transcript	3
chr14	39267410	39267413	ENSG00000150527.18	UTR|exon|gene|transcript	3
chr14	67386983	67386986	ENSG00000100558.9	UTR|exon|gene|transcript	3
chr14	100281715	100281718	ENSG00000100811.15|ENSG00000259052.1	UTR|exon|gene|transcript	3
chr14	30673994	30673997	ENSG00000092108.22	UTR|exon|gene|transcript	3
chr14	92096134	92096137	ENSG00000066427.25	UTR|exon|gene|transcript	3
chr14	92116122	92116125	ENSG00000183648.11	UTR|exon|gene|transcript	3
chr14	33804173	33804176	ENSG00000151322.20	UTR|exon|gene|transcript	3
chr14	22830049	22830052	ENSG00000172590.18	UTR|exon|gene|transcript	3
chr14	26443089	26443092	ENSG00000139910.20	UTR|exon|gene|transcript	3
chr14	23299538	23299541	ENSG00000129473.11|ENSG00000235194.9|ENSG00000290292.10	UTR|exon|gene|transcript	3
chr14	24006403	24006406	ENSG00000187630.18|ENSG00000215256.6|ENSG00000285467.1	UTR|exon|gene|transcript	3
chr14	75981759	75981762	ENSG00000119650.13|ENSG00000119699.8	UTR|exon|gene|transcript	3
chr14	72954160	72954163	ENSG00000119599.17	UTR|exon|gene|transcript	3
chr14	88620923	88620926	ENSG00000100722.20|ENSG00000165521.16	UTR|exon|gene|transcript	3
chr14	64481229	64481232	ENSG00000089775.12	UTR|exon|gene|transcript	3
chr14	96881601	96881604	ENSG00000100749.9	UTR|exon|gene|transcript	3
chr14	96881606	96881609	ENSG00000100749.9	UTR|exon|gene|transcript	3
chr14	21351298	21351301	ENSG00000092200.13	UTR|exon|gene|transcript	3
chr14	21351475	21351478	ENSG00000092201.10	UTR|exon|gene|transcript	3
chr14	55580303	55580306	ENSG00000126777.18|ENSG00000186615.12	UTR|exon|gene|transcript	3
chr14	35083378	35083381	ENSG00000151327.14	UTR|exon|gene|transcript	3
chr14	23005350	23005353	ENSG00000100802.15	UTR|exon|gene|transcript	3
chr14	22956961	22956964	ENSG00000092036.19|ENSG00000259132.1|ENSG00000284118.1	UTR|exon|gene|transcript	3
chr14	39175250	39175253	ENSG00000100941.9|ENSG00000259083.1	UTR|exon|gene|transcript	3
chr14	74661271	74661274	ENSG00000119682.18	UTR|exon|gene|transcript	3
chr14	45200261	45200264	ENSG00000187790.12	UTR|exon|gene|transcript	3
chr14	53949735	53949738	ENSG00000125378.16	UTR|exon|gene|transcript	3
chr14	33950752	33950755	ENSG00000129521.15	UTR|exon|gene|transcript	3
chr14	100375344	100375347	ENSG00000140105.18	UTR|exon|gene|transcript	3
chr14	100375347	100375350	ENSG00000140105.18	UTR|exon|gene|transcript	3
chr14	100375403	100375406	ENSG00000140105.18	UTR|exon|gene|transcript	3
chr14	52857267	52857270	ENSG00000073712.15|ENSG00000285664.2	UTR|exon|gene|transcript	3
chr14	67592715	67592718	ENSG00000100564.9	UTR|exon|gene|transcript	3
chr14	67651260	67651263	ENSG00000081181.8|ENSG00000100568.11	UTR|exon|gene|transcript	3
chr14	36662010	36662013	ENSG00000198807.13	UTR|exon|gene|transcript	3
chr14	105314879	105314882	ENSG00000179364.15|ENSG00000185024.18	UTR|exon|gene|transcript	3
chr14	63204866	63204869	ENSG00000126785.13	UTR|exon|gene|transcript	3
chr14	22847586	22847589	ENSG00000157227.14	UTR|exon|gene|transcript	3
chr14	72464690	72464693	ENSG00000182732.18	UTR|exon|gene|transcript	3
chr14	69075408	69075411	ENSG00000139990.18|ENSG00000289180.2	UTR|exon|gene|transcript	3
chr14	24239204	24239207	ENSG00000092330.19|ENSG00000100938.19	UTR|exon|gene|transcript	3
chr14	55684576	55684579	ENSG00000126777.18	UTR|exon|gene|transcript	3
chr14	102777614	102777617	ENSG00000131323.17	UTR|exon|gene|transcript	3
chr14	81436320	81436323	ENSG00000140022.14	UTR|exon|gene|transcript	3
chr14	50425906	50425909	ENSG00000012983.12	UTR|exon|gene|transcript	3
chr14	71320500	71320503	ENSG00000197555.10|ENSG00000259146.4	UTR|exon|gene|transcript	3
chr14	101986760	101986763	ENSG00000197102.14	UTR|exon|gene|transcript	3
chr14	67720899	67720902	ENSG00000139988.10	UTR|exon|gene|transcript	3
chr14	30638121	30638124	ENSG00000092108.22	UTR|exon|gene|transcript	3
chr14	30700187	30700190	ENSG00000092108.22	UTR|exon|gene|transcript	3
chr14	73478483	73478486	ENSG00000187105.9|ENSG00000251393.5	UTR|exon|gene|transcript	3
chr14	73932275	73932278	ENSG00000119725.21|ENSG00000156050.10|ENSG00000258653.3|ENSG00000258891.1	UTR|exon|gene|transcript	3
chr14	91147777	91147780	ENSG00000133943.21	UTR|exon|gene|transcript	3
chr14	75002968	75002971	ENSG00000119718.11	UTR|exon|gene|transcript	3
chr14	74084959	74084962	ENSG00000205659.12	UTR|exon|gene|transcript	3
chr14	21269389	21269392	ENSG00000092199.19	UTR|exon|gene|transcript	3
chr14	58200172	58200175	ENSG00000131966.14|ENSG00000139971.15	UTR|exon|gene|transcript	3
chr14	69574749	69574752	ENSG00000267909.3	UTR|exon|gene|transcript	3
chr14	56118478	56118481	ENSG00000139946.11	UTR|exon|gene|transcript	3
chr14	105486526	105486529	ENSG00000213145.10	UTR|exon|gene|transcript	3
chr14	24166544	24166547	ENSG00000213928.10|ENSG00000289757.1	UTR|exon|gene|transcript	3
chr14	24166547	24166550	ENSG00000213928.10|ENSG00000289757.1	UTR|exon|gene|transcript	3
chr14	23568070	23568073	ENSG00000092051.18|ENSG00000258727.1	UTR|exon|gene|transcript	3
chr14	73410068	73410071	ENSG00000133961.21|ENSG00000285006.1	UTR|exon|gene|transcript	3
chr14	49897051	49897054	ENSG00000165527.8	UTR|exon|gene|transcript	3
chr14	71321528	71321531	ENSG00000197555.10|ENSG00000259146.4	UTR|exon|gene|transcript	3
chr14	30616669	30616672	ENSG00000092140.16	UTR|exon|gene|transcript	3
chr14	60974432	60974435	ENSG00000126814.7|ENSG00000206870.1|ENSG00000258892.1	UTR|exon|gene|transcript	3
chr14	22773221	22773224	ENSG00000155465.21	UTR|exon|gene|transcript	3
chr14	20694183	20694186	ENSG00000214274.10|ENSG00000258451.1|ENSG00000258818.4|ENSG00000259171.1	UTR|exon|gene|transcript	3
chr14	75010218	75010221	ENSG00000119718.11	UTR|exon|gene|transcript	3
chr14	96853163	96853166	ENSG00000100749.9	UTR|exon|gene|transcript	3
chr14	95866596	95866599	ENSG00000250366.4	UTR|exon|gene|transcript	3
chr14	24138959	24138962	ENSG00000092010.15|ENSG00000100908.14	UTR|exon|gene|transcript	3
chr14	24138964	24138967	ENSG00000092010.15|ENSG00000100908.14	UTR|exon|gene|transcript	3
chr14	24140937	24140940	ENSG00000100908.14	UTR|exon|gene|transcript	3
chr14	76762632	76762635	ENSG00000071246.11	UTR|exon|gene|transcript	3
chr14	24166371	24166374	ENSG00000213928.10|ENSG00000259529.2|ENSG00000289757.1	UTR|exon|gene|transcript	3
chr14	88438455	88438458	ENSG00000042317.17	UTR|exon|gene|transcript	3
chr14	24319209	24319212	ENSG00000129467.14	UTR|exon|gene|transcript	3
chr14	65075123	65075126	ENSG00000125952.21	UTR|exon|gene|transcript	3
chr14	50328903	50328906	ENSG00000100490.10|ENSG00000125375.18	UTR|exon|gene|transcript	3
chr14	73106282	73106285	ENSG00000119707.14	UTR|exon|gene|transcript	3
chr14	23064485	23064488	ENSG00000100813.15	UTR|exon|gene|transcript	3
chr14	24147544	24147547	ENSG00000092098.18|ENSG00000100911.16	UTR|exon|gene|transcript	3
chr14	24146610	24146613	ENSG00000100911.16	UTR|exon|gene|transcript	3
chr14	65070354	65070357	ENSG00000125952.21	UTR|exon|gene|transcript	3
chr14	74479939	74479941	ENSG00000119655.11	UTR|exon|gene|transcript	2
chr14	74493305	74493307	ENSG00000119655.11	UTR|exon|gene|transcript	2
chr14	74493337	74493339	ENSG00000119655.11	UTR|exon|gene|transcript	2
chr14	24166452	24166454	ENSG00000213928.10|ENSG00000289757.1	UTR|exon|gene|transcript	2
chr14	88594434	88594436	ENSG00000100722.20	UTR|exon|gene|transcript	2
chr14	64744343	64744345	ENSG00000126822.18	UTR|exon|gene|transcript	2
chr14	64945813	64945815	ENSG00000125954.13|ENSG00000139998.16	UTR|exon|gene|transcript	2
chr14	88438453	88438455	ENSG00000042317.17	UTR|exon|gene|transcript	2
chr14	88438458	88438460	ENSG00000042317.17	UTR|exon|gene|transcript	2
chr14	64972776	64972778	ENSG00000125954.13|ENSG00000139998.16	UTR|exon|gene|transcript	2
chr14	24161677	24161679	ENSG00000213928.10|ENSG00000259529.2	UTR|exon|gene|transcript	2
chr14	64460004	64460006	ENSG00000089775.12|ENSG00000100714.18	UTR|exon|gene|transcript	2
chr14	88875107	88875109	ENSG00000165533.19	UTR|exon|gene|transcript	2
chr14	102348281	102348283	ENSG00000100865.15	UTR|exon|gene|transcript	2
chr14	72926498	72926500	ENSG00000119599.17	UTR|exon|gene|transcript	2
chr14	103503797	103503799	ENSG00000075413.19	UTR|exon|gene|transcript	2
chr14	102210525	102210527	ENSG00000140153.18	UTR|exon|gene|transcript	2
chr14	102223671	102223673	ENSG00000140153.18	UTR|exon|gene|transcript	2
chr14	64460719	64460721	ENSG00000089775.12|ENSG00000100714.18	UTR|exon|gene|transcript	2
chr14	37198102	37198104	ENSG00000151338.21	UTR|exon|gene|transcript	2
chr14	73715121	73715123	ENSG00000156030.14	UTR|exon|gene|transcript	2
chr14	73558945	73558947	ENSG00000187105.9|ENSG00000258603.5	UTR|exon|gene|transcript	2
chr14	73575653	73575655	ENSG00000119673.16|ENSG00000258603.5	UTR|exon|gene|transcript	2
chr14	64459986	64459988	ENSG00000089775.12|ENSG00000100714.18	UTR|exon|gene|transcript	2
chr14	64459994	64459996	ENSG00000089775.12|ENSG00000100714.18	UTR|exon|gene|transcript	2
chr14	24290597	24290599	ENSG00000157379.14|ENSG00000288044.3	UTR|exon|gene|transcript	2
chr14	24439765	24439767	ENSG00000100441.10|ENSG00000100445.18	UTR|exon|gene|transcript	2
chr14	24166559	24166561	ENSG00000213928.10|ENSG00000289757.1	UTR|exon|gene|transcript	2
chr14	51874080	51874082	ENSG00000186469.9	UTR|exon|gene|transcript	2
chr14	51967038	51967040	ENSG00000186469.9|ENSG00000259007.1	UTR|exon|gene|transcript	2
chr14	64226430	64226432	ENSG00000054654.20|ENSG00000140009.19	UTR|exon|gene|transcript	2
chr14	73892024	73892026	ENSG00000119725.21|ENSG00000258653.3	UTR|exon|gene|transcript	2
chr14	64411370	64411372	ENSG00000100714.18	UTR|exon|gene|transcript	2
chr14	89412490	89412492	ENSG00000053254.16|ENSG00000259053.1	UTR|exon|gene|transcript	2
chr14	22883285	22883287	ENSG00000139890.10	UTR|exon|gene|transcript	2
chr14	22895047	22895049	ENSG00000100461.18	UTR|exon|gene|transcript	2
chr14	90524913	90524915	ENSG00000165914.15	UTR|exon|gene|transcript	2
chr14	39276955	39276957	ENSG00000150527.18	UTR|exon|gene|transcript	2
chr14	39350421	39350423	ENSG00000150527.18	UTR|exon|gene|transcript	2
chr14	90278057	90278059	ENSG00000119720.18	UTR|exon|gene|transcript	2
chr14	91114387	91114389	ENSG00000133943.21	UTR|exon|gene|transcript	2
chr14	71111475	71111477	ENSG00000100731.16	UTR|exon|gene|transcript	2
chr14	20955517	20955519	ENSG00000169385.3	UTR|exon|gene|transcript	2
chr14	75002971	75002973	ENSG00000119718.11	UTR|exon|gene|transcript	2
chr14	24078098	24078100	ENSG00000100884.10	UTR|exon|gene|transcript	2
chr14	20802091	20802093	ENSG00000129538.14	UTR|exon|gene|transcript	2
chr14	52773339	52773341	ENSG00000198252.12	UTR|exon|gene|transcript	2
chr14	101561494	101561496	ENSG00000197406.8|ENSG00000258498.10	UTR|exon|gene|transcript	2
chr14	102053741	102053743	ENSG00000197102.14|ENSG00000293472.1	UTR|exon|gene|transcript	2
chr14	51095105	51095107	ENSG00000100505.14	UTR|exon|gene|transcript	2
chr14	91114448	91114450	ENSG00000133943.21	UTR|exon|gene|transcript	2
chr14	90862457	90862459	ENSG00000100784.12	UTR|exon|gene|transcript	2
chr14	67674783	67674785	ENSG00000100568.11|ENSG00000258466.5	UTR|exon|gene|transcript	2
chr14	77738882	77738884	ENSG00000100603.14|ENSG00000119705.10	UTR|exon|gene|transcript	2
chr14	62110334	62110336	ENSG00000139973.18|ENSG00000258903.2|ENSG00000289503.1	UTR|exon|gene|transcript	2
chr14	23325298	23325300	ENSG00000100836.11|ENSG00000258643.6	UTR|exon|gene|transcript	2
chr14	23346313	23346315	ENSG00000092096.19	UTR|exon|gene|transcript	2
chr14	77935012	77935014	ENSG00000063761.16	UTR|exon|gene|transcript	2
chr14	105248336	105248338	ENSG00000185024.18	UTR|exon|gene|transcript	2
chr14	36662008	36662010	ENSG00000198807.13	UTR|exon|gene|transcript	2
chr14	91580695	91580697	ENSG00000133962.8	UTR|exon|gene|transcript	2
chr14	60968678	60968680	ENSG00000020426.11|ENSG00000258892.1	UTR|exon|gene|transcript	2
chr14	100569747	100569749	ENSG00000183092.18	UTR|exon|gene|transcript	2
chr14	53949738	53949740	ENSG00000125378.16	UTR|exon|gene|transcript	2
chr14	24187084	24187086	ENSG00000196497.17|ENSG00000259522.3	UTR|exon|gene|transcript	2
chr14	75082118	75082120	ENSG00000119638.14|ENSG00000119703.15	UTR|exon|gene|transcript	2
chr14	34529355	34529357	ENSG00000129518.10	UTR|exon|gene|transcript	2
chr14	103707429	103707431	ENSG00000126214.22|ENSG00000126215.14	UTR|exon|gene|transcript	2
chr14	49780212	49780214	ENSG00000165516.11	UTR|exon|gene|transcript	2
chr14	53951788	53951790	ENSG00000125378.16	UTR|exon|gene|transcript	2
chr14	72352092	72352094	ENSG00000182732.18	UTR|exon|gene|transcript	2
chr14	20588001	20588003	ENSG00000173464.16|ENSG00000258573.6|ENSG00000259060.7	UTR|exon|gene|transcript	2
chr14	75009561	75009563	ENSG00000119718.11	UTR|exon|gene|transcript	2
chr14	75427800	75427802	ENSG00000140044.13	UTR|exon|gene|transcript	2
chr14	54420212	54420214	ENSG00000100526.21	UTR|exon|gene|transcript	2
chr14	54538614	54538616	ENSG00000100532.13	UTR|exon|gene|transcript	2
chr14	100065429	100065431	ENSG00000196405.13|ENSG00000258560.1	UTR|exon|gene|transcript	2
chr14	75622057	75622059	ENSG00000119686.10	UTR|exon|gene|transcript	2
chr14	52857272	52857274	ENSG00000073712.15|ENSG00000285664.2	UTR|exon|gene|transcript	2
chr14	77469470	77469472	ENSG00000100591.8	UTR|exon|gene|transcript	2
chr14	23346315	23346317	ENSG00000092096.19	UTR|exon|gene|transcript	2
chr14	61052459	61052461	ENSG00000139974.17	UTR|exon|gene|transcript	2
chr14	105140994	105140996	ENSG00000184916.9	UTR|exon|gene|transcript	2
chr14	73478486	73478488	ENSG00000187105.9|ENSG00000251393.5	UTR|exon|gene|transcript	2
chr14	73931500	73931502	ENSG00000119725.21|ENSG00000156050.10|ENSG00000258653.3|ENSG00000258891.1	UTR|exon|gene|transcript	2
chr14	91167705	91167707	ENSG00000133943.21	UTR|exon|gene|transcript	2
chr14	92171118	92171120	ENSG00000165934.13	UTR|exon|gene|transcript	2
chr14	60142000	60142002	ENSG00000126773.13	UTR|exon|gene|transcript	2
chr14	70044214	70044216	ENSG00000100678.20	UTR|exon|gene|transcript	2
chr14	24069724	24069726	ENSG00000186648.15	UTR|exon|gene|transcript	2
chr14	103733192	103733194	ENSG00000100711.14	UTR|exon|gene|transcript	2
chr14	49729007	49729009	ENSG00000197776.8	UTR|exon|gene|transcript	2
chr14	99480788	99480790	ENSG00000183576.13	UTR|exon|gene|transcript	2
chr14	24071524	24071526	ENSG00000100884.10	UTR|exon|gene|transcript	2
chr14	75745487	75745489	ENSG00000119685.20	UTR|exon|gene|transcript	2
chr14	20997028	20997030	ENSG00000165792.18|ENSG00000258471.2	UTR|exon|gene|transcript	2
chr14	100144230	100144232	ENSG00000168350.8|ENSG00000196405.13	UTR|exon|gene|transcript	2
chr14	24265567	24265569	ENSG00000100949.15	UTR|exon|gene|transcript	2
chr14	77457411	77457413	ENSG00000151445.16	UTR|exon|gene|transcript	2
chr14	92039946	92039948	ENSG00000100815.12	UTR|exon|gene|transcript	2
chr14	24262352	24262354	ENSG00000092295.12	UTR|exon|gene|transcript	2
chr14	103912287	103912289	ENSG00000156411.10	UTR|exon|gene|transcript	2
chr14	49583576	49583578	ENSG00000213741.11	UTR|exon|gene|transcript	2
chr14	103912299	103912301	ENSG00000156411.10	UTR|exon|gene|transcript	2
chr14	96945391	96945393	ENSG00000100749.9	UTR|exon|gene|transcript	2
chr14	55049486	55049488	ENSG00000180008.9	UTR|exon|gene|transcript	2
chr14	55067203	55067205	ENSG00000168175.16	UTR|exon|gene|transcript	2
chr14	92703806	92703808	ENSG00000100600.15	UTR|exon|gene|transcript	2
chr14	67823541	67823543	ENSG00000182185.19	UTR|exon|gene|transcript	2
chr14	77331484	77331486	ENSG00000100577.19	UTR|exon|gene|transcript	2
chr14	77331486	77331488	ENSG00000100577.19	UTR|exon|gene|transcript	2
chr14	24161703	24161705	ENSG00000213928.10|ENSG00000259529.2	UTR|exon|gene|transcript	2
chr14	73961293	73961295	ENSG00000119723.17|ENSG00000187097.13	UTR|exon|gene|transcript	2
chr14	59472862	59472864	ENSG00000126790.12	UTR|exon|gene|transcript	2
chr14	23469688	23469690	ENSG00000129460.17	UTR|exon|gene|transcript	2
chr14	30735789	30735791	ENSG00000092108.22|ENSG00000258558.1	UTR|exon|gene|transcript	2
chr14	30735794	30735796	ENSG00000092108.22|ENSG00000258558.1	UTR|exon|gene|transcript	2
chr14	59504703	59504705	ENSG00000050130.18|ENSG00000151838.12|ENSG00000258782.3	UTR|exon|gene|transcript	2
chr14	104995514	104995516	ENSG00000140104.14	UTR|exon|gene|transcript	2
chr14	104995516	104995518	ENSG00000140104.14	UTR|exon|gene|transcript	2
chr14	105049394	105049396	ENSG00000183484.12	UTR|exon|gene|transcript	2
chr14	68788952	68788954	ENSG00000185650.10	UTR|exon|gene|transcript	2
chr14	68793254	68793256	ENSG00000185650.10	UTR|exon|gene|transcript	2
chr14	77304691	77304693	ENSG00000009830.13	UTR|exon|gene|transcript	2
chr14	24213949	24213951	ENSG00000213920.9|ENSG00000260669.2	UTR|exon|gene|transcript	2
chr14	96881609	96881611	ENSG00000100749.9	UTR|exon|gene|transcript	2
chr14	96881612	96881614	ENSG00000100749.9	UTR|exon|gene|transcript	2
chr14	21036274	21036276	ENSG00000165795.25|ENSG00000179636.15	UTR|exon|gene|transcript	2
chr14	104052665	104052667	ENSG00000156414.20	UTR|exon|gene|transcript	2
chr14	35317472	35317474	ENSG00000100902.11|ENSG00000258790.1	UTR|exon|gene|transcript	2
chr14	35401510	35401512	ENSG00000100906.12	UTR|exon|gene|transcript	2
chr14	96881403	96881405	ENSG00000100749.9	UTR|exon|gene|transcript	2
chr14	23645637	23645639	ENSG00000100867.15	UTR|exon|gene|transcript	2
chr14	69712176	69712178	ENSG00000100647.8	UTR|exon|gene|transcript	2
chr14	69726934	69726936	ENSG00000100650.16	UTR|exon|gene|transcript	2
chr14	55656099	55656101	ENSG00000126777.18	UTR|exon|gene|transcript	2
chr14	24213951	24213953	ENSG00000213920.9|ENSG00000260669.2	UTR|exon|gene|transcript	2
chr14	24216856	24216858	ENSG00000129559.13|ENSG00000255526.6	UTR|exon|gene|transcript	2
chr14	24132847	24132849	ENSG00000139914.7	UTR|exon|gene|transcript	2
chr14	24138962	24138964	ENSG00000092010.15|ENSG00000100908.14	UTR|exon|gene|transcript	2
chr14	35401533	35401535	ENSG00000100906.12	UTR|exon|gene|transcript	2
chr14	76196457	76196459	ENSG00000089916.18	UTR|exon|gene|transcript	2
chr14	24006406	24006408	ENSG00000187630.18|ENSG00000215256.6|ENSG00000285467.1	UTR|exon|gene|transcript	2
chr14	75958096	75958098	ENSG00000119650.13|ENSG00000119699.8	UTR|exon|gene|transcript	2
chr14	77322721	77322723	ENSG00000100577.19	UTR|exon|gene|transcript	2
chr14	30735704	30735706	ENSG00000092108.22|ENSG00000258558.1	UTR|exon|gene|transcript	2
chr14	30735770	30735772	ENSG00000092108.22|ENSG00000258558.1	UTR|exon|gene|transcript	2
chr14	30735772	30735774	ENSG00000092108.22|ENSG00000258558.1	UTR|exon|gene|transcript	2
chr14	30735774	30735776	ENSG00000092108.22|ENSG00000258558.1	UTR|exon|gene|transcript	2
chr14	24143404	24143406	ENSG00000100911.16	UTR|exon|gene|transcript	2
chr14	24143406	24143408	ENSG00000100911.16	UTR|exon|gene|transcript	2
chr14	45115596	45115598	ENSG00000185246.18	UTR|exon|gene|transcript	2
chr14	45115599	45115601	ENSG00000100442.11|ENSG00000185246.18	UTR|exon|gene|transcript	2
chr14	92940884	92940886	ENSG00000100605.17	UTR|exon|gene|transcript	2
chr14	94116688	94116690	ENSG00000165949.13	UTR|exon|gene|transcript	2
chr14	69462388	69462390	ENSG00000029364.12	UTR|exon|gene|transcript	2
chr14	49573184	49573186	ENSG00000213741.11	UTR|exon|gene|transcript	2
chr14	20305807	20305809	ENSG00000136319.12|ENSG00000258459.1	UTR|exon|gene|transcript	2
chr14	20311367	20311369	ENSG00000100814.19	UTR|exon|gene|transcript	2
chr14	46651736	46651738	ENSG00000165496.5	UTR|exon|gene|transcript	2
chr14	96387286	96387288	ENSG00000100744.15	UTR|exon|gene|transcript	2
chr14	96881405	96881407	ENSG00000100749.9	UTR|exon|gene|transcript	2
chr14	77274955	77274957	ENSG00000009830.13	UTR|exon|gene|transcript	2
chr14	30889791	30889793	ENSG00000100473.18|ENSG00000258525.2	UTR|exon|gene|transcript	2
chr14	59371403	59371405	ENSG00000100592.16	UTR|exon|gene|transcript	2
chr14	59465341	59465343	ENSG00000126790.12|ENSG00000181619.12	UTR|exon|gene|transcript	2
chr14	59472860	59472862	ENSG00000126790.12	UTR|exon|gene|transcript	2
chr14	21521080	21521082	ENSG00000165821.12	UTR|exon|gene|transcript	2
chr14	104795626	104795628	ENSG00000142208.18	UTR|exon|gene|transcript	2
chr14	56800738	56800740	ENSG00000165588.19	UTR|exon|gene|transcript	2
chr14	31094606	31094608	ENSG00000100478.16	UTR|exon|gene|transcript	2
chr14	69398705	69398707	ENSG00000029364.12	UTR|exon|gene|transcript	2
chr14	23551342	23551344	ENSG00000136367.15|ENSG00000157306.14	UTR|exon|gene|transcript	2
chr14	74084447	74084449	ENSG00000119711.13	UTR|exon|gene|transcript	2
chr14	76501835	76501837	ENSG00000119715.15|ENSG00000259124.1	UTR|exon|gene|transcript	2
chr14	23567681	23567683	ENSG00000213983.12|ENSG00000258727.1	UTR|exon|gene|transcript	2
chr14	56579822	56579824	ENSG00000070269.14	UTR|exon|gene|transcript	2
chr14	68795337	68795339	ENSG00000185650.10	UTR|exon|gene|transcript	2
chr14	58448491	58448493	ENSG00000100578.18	UTR|exon|gene|transcript	2
chr14	30890616	30890618	ENSG00000100473.18	UTR|exon|gene|transcript	2
chr14	94283312	94283314	ENSG00000140093.10	UTR|exon|gene|transcript	2
chr14	73275215	73275217	ENSG00000133961.21	UTR|exon|gene|transcript	2
chr14	74015928	74015930	ENSG00000187097.13	UTR|exon|gene|transcript	2
chr14	30877571	30877573	ENSG00000100473.18|ENSG00000258525.2	UTR|exon|gene|transcript	2
chr14	21385198	21385200	ENSG00000100888.15	UTR|exon|gene|transcript	2
chr14	69244018	69244020	ENSG00000081177.19|ENSG00000258520.1	UTR|exon|gene|transcript	2
chr14	57563919	57563921	ENSG00000151812.15	UTR|exon|gene|transcript	2
chr14	95193917	95193919	ENSG00000165959.12	UTR|exon|gene|transcript	2
chr14	21154864	21154866	ENSG00000169327.5	UTR|exon|gene|transcript	2
chr14	20287647	20287649	ENSG00000136319.12	UTR|exon|gene|transcript	2
chr14	21088096	21088098	ENSG00000165801.10	UTR|exon|gene|transcript	2
chr14	21090081	21090083	ENSG00000165801.10|ENSG00000165804.16	UTR|exon|gene|transcript	2
chr14	58272004	58272006	ENSG00000100567.13|ENSG00000139971.15|ENSG00000257621.9	UTR|exon|gene|transcript	2
chr14	45185371	45185373	ENSG00000187790.12	UTR|exon|gene|transcript	2
chr14	35401549	35401551	ENSG00000100906.12	UTR|exon|gene|transcript	2
chr14	20118504	20118506	ENSG00000176230.7	UTR|exon|gene|transcript	2
chr14	20119592	20119594	ENSG00000176230.7	UTR|exon|gene|transcript	2
chr14	94390419	94390421	ENSG00000197249.14	UTR|exon|gene|transcript	2
chr14	94390635	94390637	ENSG00000197249.14	UTR|exon|gene|transcript	2
chr14	94462720	94462722	ENSG00000170054.16|ENSG00000256357.1	UTR|exon|gene|transcript	2
chr14	95157290	95157292	ENSG00000100697.17	UTR|exon|gene|transcript	2
chr14	104719603	104719605	ENSG00000203485.14	UTR|exon|gene|transcript	2
chr14	104757477	104757479	ENSG00000184990.13	UTR|exon|gene|transcript	2
chr14	23478132	23478134	ENSG00000129460.17	UTR|exon|gene|transcript	2
chr14	95711746	95711748	ENSG00000100721.11|ENSG00000257275.6	UTR|exon|gene|transcript	2
chr14	20447062	20447064	ENSG00000092094.11	UTR|exon|gene|transcript	2
chr14	35107303	35107305	ENSG00000092020.11|ENSG00000151327.14	UTR|exon|gene|transcript	2
chr14	24115325	24115327	ENSG00000100897.18	UTR|exon|gene|transcript	2
chr14	23117305	23117307	ENSG00000092067.7	UTR|exon|gene|transcript	2
chr14	24368183	24368185	ENSG00000100968.14	UTR|exon|gene|transcript	2
chr14	23125294	23125296	ENSG00000092068.21|ENSG00000288931.1	UTR|exon|gene|transcript	2
chr14	88611886	88611888	ENSG00000100722.20	UTR|exon|gene|transcript	2
chr14	88611888	88611890	ENSG00000100722.20	UTR|exon|gene|transcript	2
chr14	39147811	39147813	ENSG00000182400.15	UTR|exon|gene|transcript	2
chr14	88611884	88611886	ENSG00000100722.20	UTR|exon|gene|transcript	2
chr14	66880032	66880033	ENSG00000171723.16	UTR|exon|gene|transcript	1
chr14	74356782	74356783	ENSG00000133980.5	UTR|exon|gene|transcript	1
chr14	18997158	18997159	ENSG00000222036.8	UTR|exon|gene|transcript	1
chr14	19003474	19003475	ENSG00000222036.8	UTR|exon|gene|transcript	1
chr14	64589380	64589381	ENSG00000165807.8|ENSG00000259076.1	UTR|exon|gene|transcript	1
chr14	88611883	88611884	ENSG00000100722.20	UTR|exon|gene|transcript	1
chr14	105486690	105486691	ENSG00000213145.10	UTR|exon|gene|transcript	1
chr14	23240344	23240345	ENSG00000215277.9	UTR|exon|gene|transcript	1
chr14	22946227	22946228	ENSG00000092036.19|ENSG00000257285.7	UTR|exon|gene|transcript	1
chr14	24377122	24377123	ENSG00000100968.14	UTR|exon|gene|transcript	1
chr14	24318363	24318364	ENSG00000129467.14	UTR|exon|gene|transcript	1
chr14	105499228	105499229	ENSG00000185347.19	UTR|exon|gene|transcript	1
chr14	105491261	105491262	ENSG00000185347.19|ENSG00000257341.5	UTR|exon|gene|transcript	1
chr14	50246747	50246748	ENSG00000087299.12	UTR|exon|gene|transcript	1
chr14	50246437	50246438	ENSG00000087299.12	UTR|exon|gene|transcript	1
chr14	103503281	103503282	ENSG00000075413.19	UTR|exon|gene|transcript	1
chr14	74712943	74712944	ENSG00000119682.18	UTR|exon|gene|transcript	1
chr14	74612080	74612081	ENSG00000119681.12	UTR|exon|gene|transcript	1
chr14	72969450	72969451	ENSG00000165861.14	UTR|exon|gene|transcript	1
chr14	50331925	50331926	ENSG00000100490.10|ENSG00000125375.18	UTR|exon|gene|transcript	1
chr14	35107302	35107303	ENSG00000092020.11|ENSG00000151327.14	UTR|exon|gene|transcript	1
chr14	85530201	85530202	ENSG00000185070.12|ENSG00000205562.5	UTR|exon|gene|transcript	1
chr14	95711753	95711754	ENSG00000100721.11|ENSG00000257275.6	UTR|exon|gene|transcript	1
chr14	95475835	95475836	ENSG00000176438.13	UTR|exon|gene|transcript	1
chr14	23478131	23478132	ENSG00000129460.17	UTR|exon|gene|transcript	1
chr14	23478035	23478036	ENSG00000129460.17	UTR|exon|gene|transcript	1
chr14	23469705	23469706	ENSG00000129460.17	UTR|exon|gene|transcript	1
chr14	77098310	77098311	ENSG00000198894.8|ENSG00000259164.1	UTR|exon|gene|transcript	1
chr14	58298554	58298555	ENSG00000032219.19	UTR|exon|gene|transcript	1
chr14	104768006	104768007	ENSG00000184990.13	UTR|exon|gene|transcript	1
chr14	104759653	104759654	ENSG00000184990.13	UTR|exon|gene|transcript	1
chr14	104753158	104753159	ENSG00000184990.13	UTR|exon|gene|transcript	1
chr14	95086242	95086243	ENSG00000100697.17	UTR|exon|gene|transcript	1
chr14	77027908	77027909	ENSG00000119669.5	UTR|exon|gene|transcript	1
chr14	58223621	58223622	ENSG00000131966.14|ENSG00000139971.15	UTR|exon|gene|transcript	1
chr14	24239241	24239242	ENSG00000092330.19|ENSG00000100938.19	UTR|exon|gene|transcript	1
chr14	104769395	104769396	ENSG00000142208.18|ENSG00000258430.1	UTR|exon|gene|transcript	1
chr14	35401539	35401540	ENSG00000100906.12	UTR|exon|gene|transcript	1
chr14	58427504	58427505	ENSG00000100575.14|ENSG00000100578.18	UTR|exon|gene|transcript	1
chr14	58272006	58272007	ENSG00000100567.13|ENSG00000139971.15|ENSG00000257621.9	UTR|exon|gene|transcript	1
chr14	94624054	94624055	ENSG00000196136.18|ENSG00000273259.3	UTR|exon|gene|transcript	1
chr14	96392142	96392143	ENSG00000140057.9	UTR|exon|gene|transcript	1
chr14	24239240	24239241	ENSG00000092330.19|ENSG00000100938.19	UTR|exon|gene|transcript	1
chr14	24239239	24239240	ENSG00000092330.19|ENSG00000100938.19	UTR|exon|gene|transcript	1
chr14	104715339	104715340	ENSG00000203485.14	UTR|exon|gene|transcript	1
chr14	35538355	35538356	ENSG00000174373.17	UTR|exon|gene|transcript	1
chr14	95413236	95413237	ENSG00000176438.13	UTR|exon|gene|transcript	1
chr14	21231368	21231369	ENSG00000092199.19	UTR|exon|gene|transcript	1
chr14	69242357	69242358	ENSG00000081177.19|ENSG00000258520.1	UTR|exon|gene|transcript	1
chr14	69242356	69242357	ENSG00000081177.19|ENSG00000258520.1	UTR|exon|gene|transcript	1
chr14	94624053	94624054	ENSG00000196136.18|ENSG00000273259.3	UTR|exon|gene|transcript	1
chr14	94624052	94624053	ENSG00000196136.18|ENSG00000273259.3	UTR|exon|gene|transcript	1
chr14	94097494	94097495	ENSG00000165948.11	UTR|exon|gene|transcript	1
chr14	45159325	45159326	ENSG00000187790.12	UTR|exon|gene|transcript	1
chr14	73963111	73963112	ENSG00000119723.17|ENSG00000187097.13	UTR|exon|gene|transcript	1
chr14	21476872	21476873	ENSG00000092203.15|ENSG00000129472.15	UTR|exon|gene|transcript	1
chr14	94116694	94116695	ENSG00000165949.13	UTR|exon|gene|transcript	1
chr14	77225461	77225462	ENSG00000165548.11|ENSG00000259164.1	UTR|exon|gene|transcript	1
chr14	96537059	96537060	ENSG00000090060.19	UTR|exon|gene|transcript	1
chr14	31100118	31100119	ENSG00000092148.14|ENSG00000100478.16	UTR|exon|gene|transcript	1
chr14	31100117	31100118	ENSG00000092148.14|ENSG00000100478.16	UTR|exon|gene|transcript	1
chr14	73237578	73237579	ENSG00000100767.17	UTR|exon|gene|transcript	1
chr14	31100116	31100117	ENSG00000092148.14|ENSG00000100478.16	UTR|exon|gene|transcript	1
chr14	57390956	57390957	ENSG00000139977.14	UTR|exon|gene|transcript	1
chr14	57390681	57390682	ENSG00000139977.14	UTR|exon|gene|transcript	1
chr14	23556134	23556135	ENSG00000136367.15|ENSG00000157306.14|ENSG00000259431.6	UTR|exon|gene|transcript	1
chr14	77132581	77132582	ENSG00000165548.11|ENSG00000177108.5|ENSG00000259164.1	UTR|exon|gene|transcript	1
chr14	23478139	23478140	ENSG00000129460.17	UTR|exon|gene|transcript	1
chr14	23478138	23478139	ENSG00000129460.17	UTR|exon|gene|transcript	1
chr14	93296157	93296158	ENSG00000011114.15	UTR|exon|gene|transcript	1
chr14	21521079	21521080	ENSG00000165821.12	UTR|exon|gene|transcript	1
chr14	21511310	21511311	ENSG00000165819.12	UTR|exon|gene|transcript	1
chr14	93934165	93934166	ENSG00000100628.12	UTR|exon|gene|transcript	1
chr14	21499170	21499171	ENSG00000092203.15|ENSG00000165819.12	UTR|exon|gene|transcript	1
chr14	68874131	68874132	ENSG00000072110.16	UTR|exon|gene|transcript	1
chr14	96881604	96881605	ENSG00000100749.9	UTR|exon|gene|transcript	1
chr14	96881407	96881408	ENSG00000100749.9	UTR|exon|gene|transcript	1
chr14	96382246	96382247	ENSG00000100744.15	UTR|exon|gene|transcript	1
chr14	56634952	56634953	ENSG00000070269.14|ENSG00000258428.5	UTR|exon|gene|transcript	1
chr14	56810375	56810376	ENSG00000165588.19	UTR|exon|gene|transcript	1
chr14	104590863	104590864	ENSG00000258986.7	UTR|exon|gene|transcript	1
chr14	20314416	20314417	ENSG00000100814.19	UTR|exon|gene|transcript	1
chr14	47058995	47058996	ENSG00000139915.22	UTR|exon|gene|transcript	1
chr14	56579824	56579825	ENSG00000070269.14	UTR|exon|gene|transcript	1
chr14	94116693	94116694	ENSG00000165949.13	UTR|exon|gene|transcript	1
chr14	94102708	94102709	ENSG00000165948.11	UTR|exon|gene|transcript	1
chr14	45115598	45115599	ENSG00000100442.11|ENSG00000185246.18	UTR|exon|gene|transcript	1
chr14	24143365	24143366	ENSG00000100911.16	UTR|exon|gene|transcript	1
chr14	24143364	24143365	ENSG00000100911.16	UTR|exon|gene|transcript	1
chr14	75981758	75981759	ENSG00000119650.13|ENSG00000119699.8	UTR|exon|gene|transcript	1
chr14	24138958	24138959	ENSG00000092010.15|ENSG00000100908.14	UTR|exon|gene|transcript	1
chr14	56488479	56488480	ENSG00000070269.14	UTR|exon|gene|transcript	1
chr14	21079009	21079010	ENSG00000165801.10	UTR|exon|gene|transcript	1
chr14	76083741	76083742	ENSG00000119650.13	UTR|exon|gene|transcript	1
chr14	24213953	24213954	ENSG00000213920.9|ENSG00000260669.2	UTR|exon|gene|transcript	1
chr14	96881605	96881606	ENSG00000100749.9	UTR|exon|gene|transcript	1
chr14	20357903	20357904	ENSG00000129484.14	UTR|exon|gene|transcript	1
chr14	20329373	20329374	ENSG00000100814.19	UTR|exon|gene|transcript	1
chr14	103920990	103920991	ENSG00000156411.10	UTR|exon|gene|transcript	1
chr14	96931556	96931557	ENSG00000100749.9	UTR|exon|gene|transcript	1
chr14	96881611	96881612	ENSG00000100749.9	UTR|exon|gene|transcript	1
chr14	22464322	22464323	ENSG00000211829.9|ENSG00000251002.10	UTR|exon|gene|transcript	1
chr14	45095238	45095239	ENSG00000185246.18	UTR|exon|gene|transcript	1
chr14	20030338	20030339	ENSG00000176253.4	UTR|exon|gene|transcript	1
chr14	20029989	20029990	ENSG00000176253.4	UTR|exon|gene|transcript	1
chr14	21666699	21666700	ENSG00000221977.3	UTR|exon|gene|transcript	1
chr14	23469687	23469688	ENSG00000129460.17	UTR|exon|gene|transcript	1
chr14	23469678	23469679	ENSG00000129460.17	UTR|exon|gene|transcript	1
chr14	24239691	24239692	ENSG00000092330.19	UTR|exon|gene|transcript	1
chr14	60110844	60110845	ENSG00000126773.13	UTR|exon|gene|transcript	1
chr14	24162143	24162144	ENSG00000213928.10|ENSG00000259529.2	UTR|exon|gene|transcript	1
chr14	24161720	24161721	ENSG00000213928.10|ENSG00000259529.2	UTR|exon|gene|transcript	1
chr14	77331596	77331597	ENSG00000100577.19	UTR|exon|gene|transcript	1
chr14	23469701	23469702	ENSG00000129460.17	UTR|exon|gene|transcript	1
chr14	23469697	23469698	ENSG00000129460.17	UTR|exon|gene|transcript	1
chr14	23469696	23469697	ENSG00000129460.17	UTR|exon|gene|transcript	1
chr14	99536087	99536088	ENSG00000205476.9	UTR|exon|gene|transcript	1
chr14	54842015	54842016	ENSG00000131979.20	UTR|exon|gene|transcript	1
chr14	54793311	54793312	ENSG00000020577.14	UTR|exon|gene|transcript	1
chr14	55189179	55189180	ENSG00000126787.13	UTR|exon|gene|transcript	1
chr14	55049488	55049489	ENSG00000180008.9	UTR|exon|gene|transcript	1
chr14	96945386	96945387	ENSG00000100749.9	UTR|exon|gene|transcript	1
chr14	103912515	103912516	ENSG00000156411.10	UTR|exon|gene|transcript	1
chr14	49614671	49614672	ENSG00000165501.17	UTR|exon|gene|transcript	1
chr14	49614670	49614671	ENSG00000165501.17	UTR|exon|gene|transcript	1
chr14	103734891	103734892	ENSG00000088808.18	UTR|exon|gene|transcript	1
chr14	92500000	92500001	ENSG00000140090.18	UTR|exon|gene|transcript	1
chr14	92496251	92496252	ENSG00000140090.18	UTR|exon|gene|transcript	1
chr14	22550663	22550664	ENSG00000277734.8	UTR|exon|gene|transcript	1
chr14	91869410	91869411	ENSG00000140092.16	UTR|exon|gene|transcript	1
chr14	44907256	44907257	ENSG00000179476.8|ENSG00000258949.1	UTR|exon|gene|transcript	1
chr14	44900434	44900435	ENSG00000179476.8|ENSG00000258949.1	UTR|exon|gene|transcript	1
chr14	36678429	36678430	ENSG00000183032.12|ENSG00000198807.13	UTR|exon|gene|transcript	1
chr14	23379771	23379772	ENSG00000166091.21	UTR|exon|gene|transcript	1
chr14	67734450	67734451	ENSG00000072121.17|ENSG00000139988.10	UTR|exon|gene|transcript	1
chr14	92121795	92121796	ENSG00000183648.11	UTR|exon|gene|transcript	1
chr14	92116121	92116122	ENSG00000183648.11	UTR|exon|gene|transcript	1
chr14	24265555	24265556	ENSG00000100949.15	UTR|exon|gene|transcript	1
chr14	21016762	21016763	ENSG00000165795.25	UTR|exon|gene|transcript	1
chr14	99480801	99480802	ENSG00000183576.13	UTR|exon|gene|transcript	1
chr14	103734300	103734301	ENSG00000088808.18	UTR|exon|gene|transcript	1
chr14	74287809	74287810	ENSG00000119688.21	UTR|exon|gene|transcript	1
chr14	99481423	99481424	ENSG00000090061.17	UTR|exon|gene|transcript	1
chr14	69772004	69772005	ENSG00000100650.16	UTR|exon|gene|transcript	1
chr14	21016771	21016772	ENSG00000165795.25	UTR|exon|gene|transcript	1
chr14	22564906	22564907	ENSG00000129562.11	UTR|exon|gene|transcript	1
chr14	77717494	77717495	ENSG00000119705.10	UTR|exon|gene|transcript	1
chr14	61281147	61281148	ENSG00000027075.17|ENSG00000182107.7	UTR|exon|gene|transcript	1
chr14	77469249	77469250	ENSG00000100591.8	UTR|exon|gene|transcript	1
chr14	91272623	91272624	ENSG00000015133.20	UTR|exon|gene|transcript	1
chr14	91232531	91232532	ENSG00000119714.11	UTR|exon|gene|transcript	1
chr14	60973667	60973668	ENSG00000126814.7|ENSG00000258892.1	UTR|exon|gene|transcript	1
chr14	100530270	100530271	ENSG00000176473.14	UTR|exon|gene|transcript	1
chr14	52727994	52727995	ENSG00000100519.12	UTR|exon|gene|transcript	1
chr14	69771915	69771916	ENSG00000100650.16	UTR|exon|gene|transcript	1
chr14	75546992	75546993	ENSG00000156127.8	UTR|exon|gene|transcript	1
chr14	54474483	54474484	ENSG00000197045.14	UTR|exon|gene|transcript	1
chr14	54789127	54789128	ENSG00000020577.14	UTR|exon|gene|transcript	1
chr14	75469484	75469485	ENSG00000140044.13	UTR|exon|gene|transcript	1
chr14	24078086	24078087	ENSG00000100884.10	UTR|exon|gene|transcript	1
chr14	24205695	24205696	ENSG00000139908.15|ENSG00000254692.1	UTR|exon|gene|transcript	1
chr14	100144235	100144236	ENSG00000168350.8|ENSG00000196405.13	UTR|exon|gene|transcript	1
chr14	20997009	20997010	ENSG00000165792.18|ENSG00000258471.2	UTR|exon|gene|transcript	1
chr14	103710457	103710458	ENSG00000126214.22|ENSG00000126215.14	UTR|exon|gene|transcript	1
chr14	103701513	103701514	ENSG00000126214.22|ENSG00000126215.14	UTR|exon|gene|transcript	1
chr14	52857271	52857272	ENSG00000073712.15|ENSG00000285664.2	UTR|exon|gene|transcript	1
chr14	52857270	52857271	ENSG00000073712.15|ENSG00000285664.2	UTR|exon|gene|transcript	1
chr14	60981276	60981277	ENSG00000139974.17|ENSG00000258892.1	UTR|exon|gene|transcript	1
chr14	63291024	63291025	ENSG00000126785.13	UTR|exon|gene|transcript	1
chr14	19879951	19879952	ENSG00000165762.3	UTR|exon|gene|transcript	1
chr14	22834346	22834347	ENSG00000172590.18	UTR|exon|gene|transcript	1
chr14	72566529	72566530	ENSG00000182732.18|ENSG00000258871.1	UTR|exon|gene|transcript	1
chr14	103697617	103697618	ENSG00000126214.22|ENSG00000126215.14	UTR|exon|gene|transcript	1
chr14	20427193	20427194	ENSG00000185271.9	UTR|exon|gene|transcript	1
chr14	103697616	103697617	ENSG00000126214.22|ENSG00000126215.14	UTR|exon|gene|transcript	1
chr14	49783813	49783814	ENSG00000165516.11|ENSG00000165525.18	UTR|exon|gene|transcript	1
chr14	101912624	101912625	ENSG00000078304.20	UTR|exon|gene|transcript	1
chr14	75016785	75016786	ENSG00000119684.16	UTR|exon|gene|transcript	1
chr14	61748258	61748259	ENSG00000100644.17|ENSG00000258667.3|ENSG00000258964.1	UTR|exon|gene|transcript	1
chr14	77717593	77717594	ENSG00000119705.10	UTR|exon|gene|transcript	1
chr14	24606483	24606484	ENSG00000100450.13|ENSG00000258657.5	UTR|exon|gene|transcript	1
chr14	90331904	90331905	ENSG00000119720.18	UTR|exon|gene|transcript	1
chr14	90278059	90278060	ENSG00000119720.18	UTR|exon|gene|transcript	1
chr14	105314887	105314888	ENSG00000179364.15|ENSG00000185024.18	UTR|exon|gene|transcript	1
chr14	105314886	105314887	ENSG00000179364.15|ENSG00000185024.18	UTR|exon|gene|transcript	1
chr14	79868290	79868291	ENSG00000021645.20	UTR|exon|gene|transcript	1
chr14	63909147	63909148	ENSG00000054654.20	UTR|exon|gene|transcript	1
chr14	63317849	63317850	ENSG00000179600.4	UTR|exon|gene|transcript	1
chr14	22834345	22834346	ENSG00000172590.18	UTR|exon|gene|transcript	1
chr14	22830048	22830049	ENSG00000172590.18	UTR|exon|gene|transcript	1
chr14	89619027	89619028	ENSG00000053254.16|ENSG00000259053.1	UTR|exon|gene|transcript	1
chr14	64390649	64390650	ENSG00000100714.18	UTR|exon|gene|transcript	1
chr14	73860537	73860538	ENSG00000140043.12|ENSG00000258653.3	UTR|exon|gene|transcript	1
chr14	81108918	81108919	ENSG00000165409.18|ENSG00000284959.3	UTR|exon|gene|transcript	1
chr14	67364766	67364767	ENSG00000134001.15	UTR|exon|gene|transcript	1
chr14	89983205	89983206	ENSG00000042088.14	UTR|exon|gene|transcript	1
chr14	64229818	64229819	ENSG00000140009.19	UTR|exon|gene|transcript	1
chr14	64226432	64226433	ENSG00000054654.20|ENSG00000140009.19	UTR|exon|gene|transcript	1
chr14	24439778	24439779	ENSG00000100441.10|ENSG00000100445.18	UTR|exon|gene|transcript	1
chr14	35085471	35085472	ENSG00000092020.11|ENSG00000151327.14	UTR|exon|gene|transcript	1
chr14	20556092	20556093	ENSG00000188655.11	UTR|exon|gene|transcript	1
chr14	50725826	50725827	ENSG00000100503.27	UTR|exon|gene|transcript	1
chr14	72352091	72352092	ENSG00000182732.18	UTR|exon|gene|transcript	1
chr14	24166370	24166371	ENSG00000213928.10|ENSG00000259529.2|ENSG00000289757.1	UTR|exon|gene|transcript	1
chr14	51969794	51969795	ENSG00000186469.9|ENSG00000259007.1	UTR|exon|gene|transcript	1
chr14	34752730	34752731	ENSG00000198604.11	UTR|exon|gene|transcript	1
chr14	74905642	74905643	ENSG00000198208.12	UTR|exon|gene|transcript	1
chr14	102039545	102039546	ENSG00000197102.14|ENSG00000293472.1	UTR|exon|gene|transcript	1
chr14	102051991	102051992	ENSG00000197102.14|ENSG00000293472.1	UTR|exon|gene|transcript	1
chr14	24104124	24104125	ENSG00000100889.12|ENSG00000129535.13	UTR|exon|gene|transcript	1
chr14	24166565	24166566	ENSG00000213928.10|ENSG00000289757.1	UTR|exon|gene|transcript	1
chr14	24166561	24166562	ENSG00000213928.10|ENSG00000289757.1	UTR|exon|gene|transcript	1
chr14	80476982	80476983	ENSG00000100629.17	UTR|exon|gene|transcript	1
chr14	64460003	64460004	ENSG00000089775.12|ENSG00000100714.18	UTR|exon|gene|transcript	1
chr14	64459981	64459982	ENSG00000089775.12|ENSG00000100714.18	UTR|exon|gene|transcript	1
chr14	88792687	88792688	ENSG00000165521.16	UTR|exon|gene|transcript	1
chr14	105438713	105438714	ENSG00000182979.18|ENSG00000226174.7	UTR|exon|gene|transcript	1
chr14	22920528	22920529	ENSG00000100462.16|ENSG00000237054.9	UTR|exon|gene|transcript	1
chr14	22919137	22919138	ENSG00000100461.18|ENSG00000237054.9	UTR|exon|gene|transcript	1
chr14	22919136	22919137	ENSG00000100461.18|ENSG00000237054.9	UTR|exon|gene|transcript	1
chr14	24378055	24378056	ENSG00000100968.14	UTR|exon|gene|transcript	1
chr14	73696074	73696075	ENSG00000119661.15	UTR|exon|gene|transcript	1
chr14	102225945	102225946	ENSG00000080823.23	UTR|exon|gene|transcript	1
chr14	35046377	35046378	ENSG00000151327.14	UTR|exon|gene|transcript	1
chr14	35046376	35046377	ENSG00000151327.14	UTR|exon|gene|transcript	1
chr14	35029553	35029554	ENSG00000100883.13	UTR|exon|gene|transcript	1
chr14	50905216	50905217	ENSG00000100504.17	UTR|exon|gene|transcript	1
chr14	103503826	103503827	ENSG00000075413.19	UTR|exon|gene|transcript	1
chr14	74732817	74732818	ENSG00000119616.11	UTR|exon|gene|transcript	1
chr14	74723343	74723344	ENSG00000119616.11	UTR|exon|gene|transcript	1
chr14	24437424	24437425	ENSG00000100441.10	UTR|exon|gene|transcript	1
chr14	105741337	105741338	ENSG00000211896.7	UTR|exon|gene|transcript	1
chr14	23104968	23104969	ENSG00000283654.3	UTR|exon|gene|transcript	1
chr14	23097657	23097658	ENSG00000179933.6	UTR|exon|gene|transcript	1
chr14	64823147	64823148	ENSG00000070182.21	UTR|exon|gene|transcript	1
chr14	64945826	64945827	ENSG00000125954.13|ENSG00000139998.16	UTR|exon|gene|transcript	1
chr14	64744342	64744343	ENSG00000126822.18	UTR|exon|gene|transcript	1
chr14	81265646	81265647	ENSG00000140022.14	UTR|exon|gene|transcript	1
chr14	24119144	24119145	ENSG00000100897.18	UTR|exon|gene|transcript	1
chr14	19404616	19404617	ENSG00000187537.13	UTR|exon|gene|transcript	1
