chr	start	end	feature1	feature2	length
chr15	49675039	49675389	EH38D4873284_49675039_49675389	regulatory	350
chr15	71083363	71083713	EH38D2806669_71083363_71083713	regulatory	350
chr15	70245946	70246296	EH38D2805784_70245946_70246296	regulatory	350
chr15	86044952	86045302	EH38D2820192_86044952_86045302	regulatory	350
chr15	101615388	101615738	EH38D4913627_101615388_101615738	regulatory	350
chr15	90529399	90529749	EH38D4905581_90529399_90529749	regulatory	350
chr15	40927912	40928262	EH38D4867881_40927912_40928262	regulatory	350
chr15	40941820	40942170	EH38D4867907_40941820_40942170	regulatory	350
chr15	40906147	40906497	EH38D2780215_40906147_40906497	regulatory	350
chr15	40871754	40872104	EH38D4867793_40871754_40872104	regulatory	350
chr15	91055914	91056264	EH38D4906204_91055914_91056264	regulatory	350
chr15	70826624	70826974	EH38D2806484_70826624_70826974	regulatory	350
chr15	70014958	70015308	EH38D2805443_70014958_70015308	regulatory	350
chr15	51828619	51828969	EH38D4874618_51828619_51828969	regulatory	350
chr15	70407278	70407628	EH38D2805997_70407278_70407628	regulatory	350
chr15	68479434	68479784	EH38D2803793_68479434_68479784	regulatory	350
chr15	67943992	67944342	EH38D4886057_67943992_67944342	regulatory	350
chr15	70240108	70240458	EH38D2805776_70240108_70240458	regulatory	350
chr15	96746624	96746974	EH38D4909565_96746624_96746974	regulatory	350
chr15	97005751	97006101	EH38D2829667_97005751_97006101	regulatory	350
chr15	97013046	97013396	EH38D2829676_97013046_97013396	regulatory	350
chr15	34725589	34725939	EH38D2774801_34725589_34725939	regulatory	350
chr15	67945930	67946280	EH38D4886059_67945930_67946280	regulatory	350
chr15	70494887	70495237	EH38D4888845_70494887_70495237	regulatory	350
chr15	66883383	66883733	EH38D4885072_66883383_66883733	regulatory	350
chr15	72902588	72902938	EH38D4890584_72902588_72902938	regulatory	350
chr15	72939736	72940086	EH38D2808332_72939736_72940086	regulatory	350
chr15	72961359	72961709	EH38D4890603_72961359_72961709	regulatory	350
chr15	72970967	72971317	EH38D4890611_72970967_72971317	regulatory	350
chr15	73375235	73375585	EH38D4890902_73375235_73375585	regulatory	350
chr15	65088210	65088560	EH38D4883118_65088210_65088560	regulatory	350
chr15	39511342	39511692	EH38D4866387_39511342_39511692	regulatory	350
chr15	99504743	99505093	EH38D4911430_99504743_99505093	regulatory	350
chr15	87752601	87752951	EH38D2821344_87752601_87752951	regulatory	350
chr15	87762102	87762452	EH38D2821354_87762102_87762452	regulatory	350
chr15	50797950	50798300	EH38D2787824_50797950_50798300	regulatory	350
chr15	25900925	25901275	EH38D4858641_25900925_25901275	regulatory	350
chr15	85950102	85950452	EH38D2820116_85950102_85950452	regulatory	350
chr15	49706809	49707159	EH38D4873305_49706809_49707159	regulatory	350
chr15	93028770	93029120	EH38D2826452_93028770_93029120	regulatory	350
chr15	73802731	73803081	EH38D2809100_73802731_73803081	regulatory	350
chr15	63172736	63173086	EH38D4881347_63172736_63173086	regulatory	350
chr15	64687212	64687562	EH38D2799722_64687212_64687562	regulatory	350
chr15	73897881	73898231	EH38D4891349_73897881_73898231	regulatory	350
chr15	63896744	63897094	EH38D2798994_63896744_63897094	regulatory	350
chr15	40111879	40112229	EH38D4866872_40111879_40112229	regulatory	350
chr15	94743676	94744026	EH38D2827782_94743676_94744026	regulatory	350
chr15	87144826	87145176	EH38D2820924_87144826_87145176	regulatory	350
chr15	48358831	48359181	EH38D4872576_48358831_48359181	regulatory	350
chr15	52798576	52798926	EH38D4875386_52798576_52798926	regulatory	350
chr15	52732128	52732478	EH38D2789549_52732128_52732478	regulatory	350
chr15	84967363	84967713	EH38D4901277_84967363_84967713	regulatory	350
chr15	85330981	85331331	EH38D2819384_85330981_85331331	regulatory	350
chr15	91385369	91385719	EH38D4906391_91385369_91385719	regulatory	350
chr15	91852772	91853122	EH38D4906622_91852772_91853122	regulatory	350
chr15	92365188	92365538	EH38D2825731_92365188_92365538	regulatory	350
chr15	89784143	89784493	EH38D4904658_89784143_89784493	regulatory	350
chr15	89958068	89958418	EH38D4904889_89958068_89958418	regulatory	350
chr15	89963305	89963655	EH38D4904894_89963305_89963655	regulatory	350
chr15	36506779	36507129	EH38D2776148_36506779_36507129	regulatory	350
chr15	36430391	36430741	EH38D4864744_36430391_36430741	regulatory	350
chr15	39530859	39531209	EH38D2778704_39530859_39531209	regulatory	350
chr15	39429973	39430323	EH38D2778590_39429973_39430323	regulatory	350
chr15	95843235	95843585	EH38D4909023_95843235_95843585	regulatory	350
chr15	95843597	95843947	EH38D4909024_95843597_95843947	regulatory	350
chr15	95846197	95846547	EH38D2828641_95846197_95846547	regulatory	350
chr15	38588662	38589012	EH38D2777737_38588662_38589012	regulatory	350
chr15	38378190	38378540	EH38D2777579_38378190_38378540	regulatory	350
chr15	80777192	80777542	EH38D2815965_80777192_80777542	regulatory	350
chr15	82057464	82057814	EH38D4899362_82057464_82057814	regulatory	350
chr15	95972174	95972524	EH38D2828751_95972174_95972524	regulatory	350
chr15	36414642	36414992	EH38D4864736_36414642_36414992	regulatory	350
chr15	63503185	63503535	EH38D4881662_63503185_63503535	regulatory	350
chr15	63453229	63453579	EH38D4881601_63453229_63453579	regulatory	350
chr15	60406765	60407115	EH38D4879544_60406765_60407115	regulatory	350
chr15	77869347	77869697	EH38D2813211_77869347_77869697	regulatory	350
chr15	101127048	101127398	EH38D2833382_101127048_101127398	regulatory	350
chr15	62978393	62978743	EH38D2797907_62978393_62978743	regulatory	350
chr15	62985794	62986144	EH38D4881165_62985794_62986144	regulatory	350
chr15	62934284	62934634	EH38D2797861_62934284_62934634	regulatory	350
chr15	91308134	91308484	EH38D4906351_91308134_91308484	regulatory	350
chr15	95988544	95988894	EH38D2828766_95988544_95988894	regulatory	350
chr15	23860353	23860703	EH38D2767957_23860353_23860703	regulatory	350
chr15	57784090	57784440	EH38D4877753_57784090_57784440	regulatory	350
chr15	82082404	82082754	EH38D4899381_82082404_82082754	regulatory	350
chr15	53835342	53835692	EH38D4875759_53835342_53835692	regulatory	350
chr15	57337996	57338346	EH38D2792591_57337996_57338346	regulatory	350
chr15	23877983	23878333	EH38D4857528_23877983_23878333	regulatory	350
chr15	79977434	79977784	EH38D2815180_79977434_79977784	regulatory	350
chr15	80151164	80151514	EH38D4897997_80151164_80151514	regulatory	350
chr15	37773098	37773448	EH38D2777098_37773098_37773448	regulatory	350
chr15	96347270	96347620	EH38D2829173_96347270_96347620	regulatory	350
chr15	96421281	96421631	EH38D4909430_96421281_96421631	regulatory	350
chr15	96494535	96494885	EH38D4909466_96494535_96494885	regulatory	350
chr15	77496695	77497045	EH38D2812741_77496695_77497045	regulatory	350
chr15	77611807	77612157	EH38D4895305_77611807_77612157	regulatory	350
chr15	36362558	36362908	EH38D2776032_36362558_36362908	regulatory	350
chr15	48096345	48096695	EH38D2785622_48096345_48096695	regulatory	350
chr15	87816839	87817189	EH38D4902791_87816839_87817189	regulatory	350
chr15	48059830	48060180	EH38D4872434_48059830_48060180	regulatory	350
chr15	48064417	48064767	EH38D2785587_48064417_48064767	regulatory	350
chr15	46312146	46312496	EH38D4871776_46312146_46312496	regulatory	350
chr15	93027999	93028349	EH38D4907605_93027999_93028349	regulatory	350
chr15	95912297	95912647	EH38D4909064_95912297_95912647	regulatory	350
chr15	95929368	95929718	EH38D4909073_95929368_95929718	regulatory	350
chr15	95931026	95931376	EH38D2828720_95931026_95931376	regulatory	350
chr15	90376899	90377249	EH38D4905446_90376899_90377249	regulatory	350
chr15	45229001	45229351	EH38D4871255_45229001_45229351	regulatory	350
chr15	88897322	88897672	EH38D4903660_88897322_88897672	regulatory	350
chr15	44782572	44782922	EH38D2783241_44782572_44782922	regulatory	350
chr15	89203950	89204300	EH38D4904014_89203950_89204300	regulatory	350
chr15	76988500	76988850	EH38D4894727_76988500_76988850	regulatory	350
chr15	78316275	78316625	EH38D2813754_78316275_78316625	regulatory	350
chr15	59879526	59879876	EH38D4879216_59879526_59879876	regulatory	350
chr15	79933276	79933626	EH38D2815131_79933276_79933626	regulatory	350
chr15	59751811	59752161	EH38D2794931_59751811_59752161	regulatory	350
chr15	101086362	101086712	EH38D4912858_101086362_101086712	regulatory	350
chr15	23537683	23538033	EH38D4857396_23537683_23538033	regulatory	350
chr15	78397027	78397377	EH38D2813853_78397027_78397377	regulatory	350
chr15	59570378	59570728	EH38D2794782_59570378_59570728	regulatory	350
chr15	77851675	77852025	EH38D2813177_77851675_77852025	regulatory	350
chr15	69919812	69920162	EH38D4888069_69919812_69920162	regulatory	350
chr15	34214141	34214491	EH38D2774459_34214141_34214491	regulatory	350
chr15	70199550	70199900	EH38D4888449_70199550_70199900	regulatory	350
chr15	69857690	69858040	EH38D2805270_69857690_69858040	regulatory	350
chr15	70212243	70212593	EH38D4888464_70212243_70212593	regulatory	350
chr15	70220671	70221021	EH38D4888479_70220671_70221021	regulatory	350
chr15	98322572	98322922	EH38D4910222_98322572_98322922	regulatory	350
chr15	98548155	98548505	EH38D2830680_98548155_98548505	regulatory	350
chr15	31325675	31326025	EH38D4861968_31325675_31326025	regulatory	350
chr15	31440955	31441305	EH38D4862161_31440955_31441305	regulatory	350
chr15	70154415	70154765	EH38D4888374_70154415_70154765	regulatory	350
chr15	69275275	69275625	EH38D4887376_69275275_69275625	regulatory	350
chr15	69133575	69133925	EH38D2804527_69133575_69133925	regulatory	350
chr15	70281809	70282159	EH38D4888565_70281809_70282159	regulatory	350
chr15	70300534	70300884	EH38D4888585_70300534_70300884	regulatory	350
chr15	70375117	70375467	EH38D4888663_70375117_70375467	regulatory	350
chr15	68543306	68543656	EH38D4886677_68543306_68543656	regulatory	350
chr15	34650170	34650520	EH38D4863971_34650170_34650520	regulatory	350
chr15	97960298	97960648	EH38D4910010_97960298_97960648	regulatory	350
chr15	34609577	34609926	EH38D2774698_34609577_34609926	regulatory	349
chr15	98628238	98628587	EH38D2830747_98628238_98628587	regulatory	349
chr15	34708468	34708817	EH38D4864007_34708468_34708817	regulatory	349
chr15	34682680	34683029	EH38D2774751_34682680_34683029	regulatory	349
chr15	69117415	69117764	EH38D4887303_69117415_69117764	regulatory	349
chr15	70264189	70264538	EH38D4888536_70264189_70264538	regulatory	349
chr15	70258602	70258951	EH38D4888521_70258602_70258951	regulatory	349
chr15	101558239	101558588	EH38D4913585_101558239_101558588	regulatory	349
chr15	33200398	33200747	EH38D4863150_33200398_33200747	regulatory	349
chr15	98562424	98562773	EH38D4910425_98562424_98562773	regulatory	349
chr15	31437724	31438073	EH38D4862155_31437724_31438073	regulatory	349
chr15	69862563	69862912	EH38D2805278_69862563_69862912	regulatory	349
chr15	69881820	69882169	EH38D2805299_69881820_69882169	regulatory	349
chr15	57923766	57924115	EH38D2793228_57923766_57924115	regulatory	349
chr15	79816629	79816978	EH38D2815026_79816629_79816978	regulatory	349
chr15	57551728	57552077	EH38D4877589_57551728_57552077	regulatory	349
chr15	96342076	96342425	EH38D4909336_96342076_96342425	regulatory	349
chr15	78389386	78389735	EH38D2813845_78389386_78389735	regulatory	349
chr15	59917528	59917877	EH38D4879236_59917528_59917877	regulatory	349
chr15	59885869	59886218	EH38D4879221_59885869_59886218	regulatory	349
chr15	57872332	57872681	EH38D4877786_57872332_57872681	regulatory	349
chr15	89461467	89461816	EH38D2822964_89461467_89461816	regulatory	349
chr15	89206845	89207194	EH38D4904017_89206845_89207194	regulatory	349
chr15	89018246	89018595	EH38D2822456_89018246_89018595	regulatory	349
chr15	88954816	88955165	EH38D2822396_88954816_88955165	regulatory	349
chr15	88932331	88932680	EH38D4903710_88932331_88932680	regulatory	349
chr15	88794005	88794354	EH38D4903560_88794005_88794354	regulatory	349
chr15	99951486	99951835	EH38D2832099_99951486_99951835	regulatory	349
chr15	90143237	90143586	EH38D4905152_90143237_90143586	regulatory	349
chr15	42102677	42103026	EH38D4869129_42102677_42103026	regulatory	349
chr15	101092154	101092503	EH38D4912869_101092154_101092503	regulatory	349
chr15	99508044	99508393	EH38D4911435_99508044_99508393	regulatory	349
chr15	88401472	88401821	EH38D2821915_88401472_88401821	regulatory	349
chr15	46120727	46121076	EH38D2784229_46120727_46121076	regulatory	349
chr15	87816067	87816416	EH38D2821392_87816067_87816416	regulatory	349
chr15	87777042	87777391	EH38D2821366_87777042_87777391	regulatory	349
chr15	100653594	100653943	EH38D4912322_100653594_100653943	regulatory	349
chr15	77541530	77541879	EH38D2812812_77541530_77541879	regulatory	349
chr15	62138129	62138478	EH38D2797033_62138129_62138478	regulatory	349
chr15	62135615	62135964	EH38D2797028_62135615_62135964	regulatory	349
chr15	77097396	77097745	EH38D4894918_77097396_77097745	regulatory	349
chr15	96582508	96582857	EH38D4909497_96582508_96582857	regulatory	349
chr15	36887283	36887632	EH38D4865001_36887283_36887632	regulatory	349
chr15	96418143	96418492	EH38D4909424_96418143_96418492	regulatory	349
chr15	37216165	37216514	EH38D2776855_37216165_37216514	regulatory	349
chr15	96598546	96598895	EH38D2829409_96598546_96598895	regulatory	349
chr15	58571489	58571838	EH38D2793884_58571489_58571838	regulatory	349
chr15	99495844	99496193	EH38D4911416_99495844_99496193	regulatory	349
chr15	57587072	57587421	EH38D4877624_57587072_57587421	regulatory	349
chr15	57578551	57578900	EH38D2792896_57578551_57578900	regulatory	349
chr15	79635484	79635833	EH38D2814914_79635484_79635833	regulatory	349
chr15	79475321	79475670	EH38D2814800_79475321_79475670	regulatory	349
chr15	37900832	37901181	EH38D4865431_37900832_37901182	regulatory	349
chr15	75673317	75673666	EH38D4893747_75673317_75673666	regulatory	349
chr15	62976336	62976685	EH38D4881154_62976336_62976685	regulatory	349
chr15	77860070	77860419	EH38D2813188_77860070_77860419	regulatory	349
chr15	63449799	63450148	EH38D4881597_63449799_63450148	regulatory	349
chr15	74726399	74726748	EH38D2810176_74726399_74726748	regulatory	349
chr15	63834260	63834609	EH38D2798916_63834260_63834609	regulatory	349
chr15	82040865	82041214	EH38D4899343_82040865_82041214	regulatory	349
chr15	38398195	38398544	EH38D4865727_38398195_38398544	regulatory	349
chr15	95840023	95840372	EH38D2828633_95840023_95840372	regulatory	349
chr15	39502629	39502978	EH38D2778682_39502629_39502978	regulatory	349
chr15	95557570	95557919	EH38D2828384_95557570_95557919	regulatory	349
chr15	95884328	95884677	EH38D2828682_95884328_95884677	regulatory	349
chr15	64835700	64836049	EH38D4882797_64835700_64836049	regulatory	349
chr15	96692864	96693213	EH38D4909540_96692864_96693213	regulatory	349
chr15	96626939	96627288	EH38D4909514_96626939_96627288	regulatory	349
chr15	99446852	99447201	EH38D4911342_99446852_99447201	regulatory	349
chr15	27601650	27601999	EH38D2770082_27601650_27601999	regulatory	349
chr15	89828386	89828735	EH38D4904749_89828386_89828735	regulatory	349
chr15	92562156	92562505	EH38D2825904_92562156_92562505	regulatory	349
chr15	91742097	91742446	EH38D4906555_91742097_91742446	regulatory	349
chr15	38128317	38128666	EH38D4865568_38128317_38128666	regulatory	349
chr15	100687556	100687905	EH38D4912350_100687556_100687905	regulatory	349
chr15	25671206	25671555	EH38D4858338_25671206_25671555	regulatory	349
chr15	87736444	87736793	EH38D4902753_87736444_87736793	regulatory	349
chr15	87733574	87733923	EH38D4902751_87733574_87733923	regulatory	349
chr15	48355440	48355789	EH38D2785815_48355440_48355789	regulatory	349
chr15	48394174	48394523	EH38D4872592_48394174_48394523	regulatory	349
chr15	40115772	40116121	EH38D4866879_40115772_40116121	regulatory	349
chr15	35018954	35019303	EH38D4864175_35018954_35019303	regulatory	349
chr15	66789707	66790056	EH38D2801873_66789707_66790056	regulatory	349
chr15	63857516	63857865	EH38D2798942_63857516_63857865	regulatory	349
chr15	63894259	63894608	EH38D4881941_63894259_63894608	regulatory	349
chr15	64456750	64457099	EH38D4882461_64456750_64457099	regulatory	349
chr15	64163648	64163997	EH38D2799286_64163648_64163997	regulatory	349
chr15	73956755	73957104	EH38D4891460_73956755_73957104	regulatory	349
chr15	73838943	73839292	EH38D2809136_73838943_73839292	regulatory	349
chr15	63073722	63074071	EH38D2798070_63073722_63074071	regulatory	349
chr15	75140168	75140517	EH38D2810640_75140168_75140517	regulatory	349
chr15	99442396	99442745	EH38D2831669_99442396_99442745	regulatory	349
chr15	85941446	85941795	EH38D4902098_85941446_85941795	regulatory	349
chr15	85886361	85886710	EH38D4902074_85886361_85886710	regulatory	349
chr15	29698320	29698669	EH38D2771456_29698320_29698669	regulatory	349
chr15	94793675	94794024	EH38D4908595_94793675_94794024	regulatory	349
chr15	51011183	51011532	EH38D4873999_51011183_51011532	regulatory	349
chr15	51623536	51623885	EH38D4874500_51623536_51623885	regulatory	349
chr15	51829035	51829384	EH38D2788692_51829035_51829384	regulatory	349
chr15	66803174	66803523	EH38D4884933_66803174_66803523	regulatory	349
chr15	65088729	65089078	EH38D4883119_65088729_65089078	regulatory	349
chr15	65525655	65526004	EH38D2800562_65525655_65526004	regulatory	349
chr15	72911689	72912038	EH38D4890590_72911689_72912038	regulatory	349
chr15	22264319	22264668	EH38D4856615_22264319_22264668	regulatory	349
chr15	67915010	67915359	EH38D4886028_67915010_67915359	regulatory	349
chr15	20645944	20646293	EH38D4856300_20645944_20646293	regulatory	349
chr15	96849553	96849902	EH38D4909608_96849553_96849902	regulatory	349
chr15	96804766	96805115	EH38D4909594_96804766_96805115	regulatory	349
chr15	36256503	36256852	EH38D4864667_36256503_36256852	regulatory	349
chr15	70243651	70244000	EH38D4888494_70243651_70244000	regulatory	349
chr15	70447949	70448298	EH38D2806061_70447949_70448298	regulatory	349
chr15	68022126	68022475	EH38D4886106_68022126_68022475	regulatory	349
chr15	70400737	70401086	EH38D2805989_70400737_70401086	regulatory	349
chr15	101278226	101278575	EH38D2833591_101278226_101278575	regulatory	349
chr15	90866193	90866542	EH38D4905940_90866193_90866542	regulatory	349
chr15	40918853	40919202	EH38D2780236_40918853_40919202	regulatory	349
chr15	40960928	40961277	EH38D4867940_40960928_40961277	regulatory	349
chr15	27731798	27732147	EH38D2770195_27731798_27732147	regulatory	349
chr15	27722150	27722499	EH38D2770186_27722150_27722499	regulatory	349
chr15	31301461	31301810	EH38D4861925_31301461_31301810	regulatory	349
chr15	31324864	31325213	EH38D4861966_31324864_31325213	regulatory	349
chr15	98580653	98581001	EH38D2830711_98580653_98581001	regulatory	348
chr15	31465448	31465796	EH38D4862192_31465448_31465796	regulatory	348
chr15	49824028	49824376	EH38D2787074_49824028_49824376	regulatory	348
chr15	85956878	85957226	EH38D4902107_85956878_85957226	regulatory	348
chr15	26177281	26177629	EH38D2769203_26177281_26177629	regulatory	348
chr15	85890200	85890548	EH38D2820067_85890200_85890548	regulatory	348
chr15	50791557	50791905	EH38D4873899_50791557_50791905	regulatory	348
chr15	50791005	50791353	EH38D4873898_50791005_50791353	regulatory	348
chr15	85840558	85840906	EH38D2820026_85840558_85840906	regulatory	348
chr15	85333448	85333796	EH38D2819389_85333448_85333796	regulatory	348
chr15	48385458	48385806	EH38D2785840_48385458_48385806	regulatory	348
chr15	48373833	48374181	EH38D4872581_48373833_48374181	regulatory	348
chr15	87710440	87710788	EH38D2821294_87710440_87710788	regulatory	348
chr15	39539498	39539846	EH38D4866404_39539498_39539846	regulatory	348
chr15	39578780	39579128	EH38D4866422_39578780_39579128	regulatory	348
chr15	94671873	94672221	EH38D2827727_94671873_94672221	regulatory	348
chr15	100694460	100694808	EH38D2832789_100694460_100694808	regulatory	348
chr15	80778978	80779326	EH38D4898491_80778978_80779326	regulatory	348
chr15	29687310	29687658	EH38D4860957_29687310_29687658	regulatory	348
chr15	79977825	79978173	EH38D4897851_79977825_79978173	regulatory	348
chr15	23869431	23869779	EH38D2767962_23869431_23869779	regulatory	348
chr15	25624885	25625233	EH38D2768680_25624885_25625233	regulatory	348
chr15	53203459	53203807	EH38D2789818_53203459_53203807	regulatory	348
chr15	53378210	53378558	EH38D4875573_53378210_53378558	regulatory	348
chr15	53252017	53252365	EH38D4875545_53252017_53252365	regulatory	348
chr15	100714560	100714908	EH38D2832815_100714560_100714908	regulatory	348
chr15	57916286	57916634	EH38D4877808_57916286_57916634	regulatory	348
chr15	57896107	57896455	EH38D2793203_57896107_57896455	regulatory	348
chr15	38076846	38077194	EH38D4865535_38076846_38077194	regulatory	348
chr15	40330295	40330643	EH38D4867144_40330295_40330643	regulatory	348
chr15	46933368	46933716	EH38D2784674_46933368_46933716	regulatory	348
chr15	87764468	87764816	EH38D2821358_87764468_87764816	regulatory	348
chr15	89503138	89503486	EH38D4904369_89503138_89503486	regulatory	348
chr15	78758843	78759191	EH38D4896840_78758843_78759191	regulatory	348
chr15	78755928	78756276	EH38D4896832_78755928_78756276	regulatory	348
chr15	78751026	78751374	EH38D4896821_78751026_78751374	regulatory	348
chr15	59583093	59583441	EH38D4879059_59583093_59583441	regulatory	348
chr15	100843336	100843684	EH38D2832969_100843336_100843684	regulatory	348
chr15	59722463	59722811	EH38D4879150_59722463_59722811	regulatory	348
chr15	30001618	30001966	EH38D4861183_30001618_30001966	regulatory	348
chr15	99476891	99477239	EH38D4911385_99476891_99477239	regulatory	348
chr15	59839933	59840281	EH38D2794992_59839933_59840281	regulatory	348
chr15	78360378	78360726	EH38D2813815_78360378_78360726	regulatory	348
chr15	59966266	59966614	EH38D4879260_59966266_59966614	regulatory	348
chr15	59953567	59953915	EH38D4879257_59953567_59953915	regulatory	348
chr15	78308421	78308769	EH38D4896392_78308421_78308769	regulatory	348
chr15	60255389	60255737	EH38D4879418_60255389_60255737	regulatory	348
chr15	45231082	45231430	EH38D4871258_45231082_45231430	regulatory	348
chr15	42094608	42094956	EH38D4869119_42094608_42094956	regulatory	348
chr15	37101623	37101971	EH38D2776767_37101623_37101971	regulatory	348
chr15	96586951	96587299	EH38D4909501_96586951_96587299	regulatory	348
chr15	76347093	76347441	EH38D4894405_76347093_76347441	regulatory	348
chr15	62379989	62380337	EH38D4880658_62379989_62380337	regulatory	348
chr15	101133898	101134246	EH38D2833391_101133898_101134246	regulatory	348
chr15	60408436	60408784	EH38D2795544_60408436_60408784	regulatory	348
chr15	74531359	74531707	EH38D4892315_74531359_74531707	regulatory	348
chr15	63605852	63606200	EH38D4881754_63605852_63606200	regulatory	348
chr15	36428202	36428550	EH38D2776079_36428202_36428550	regulatory	348
chr15	99447706	99448054	EH38D4911344_99447706_99448054	regulatory	348
chr15	89971539	89971887	EH38D2823443_89971539_89971887	regulatory	348
chr15	40346218	40346566	EH38D4867173_40346218_40346566	regulatory	348
chr15	92502962	92503310	EH38D2825853_92502962_92503310	regulatory	348
chr15	91681687	91682035	EH38D4906531_91681687_91682035	regulatory	348
chr15	40757026	40757374	EH38D2780043_40757026_40757374	regulatory	348
chr15	64455881	64456229	EH38D2799511_64455881_64456229	regulatory	348
chr15	101162676	101163024	EH38D2833426_101162676_101163024	regulatory	348
chr15	23081268	23081616	EH38D4857209_23081268_23081616	regulatory	348
chr15	36357111	36357459	EH38D2776024_36357111_36357459	regulatory	348
chr15	72971811	72972159	EH38D2808360_72971811_72972159	regulatory	348
chr15	72836959	72837307	EH38D4890534_72836959_72837307	regulatory	348
chr15	67882403	67882751	EH38D4886003_67882403_67882751	regulatory	348
chr15	70486616	70486964	EH38D2806115_70486616_70486964	regulatory	348
chr15	96893264	96893612	EH38D4909626_96893264_96893612	regulatory	348
chr15	35871832	35872180	EH38D2775712_35871832_35872180	regulatory	348
chr15	70478499	70478847	EH38D2806104_70478499_70478847	regulatory	348
chr15	68012894	68013242	EH38D4886098_68012894_68013242	regulatory	348
chr15	70426468	70426816	EH38D2806022_70426468_70426816	regulatory	348
chr15	71067326	71067674	EH38D4889283_71067326_71067674	regulatory	348
chr15	40911071	40911419	EH38D4867851_40911071_40911419	regulatory	348
chr15	90838086	90838434	EH38D4905910_90838086_90838434	regulatory	348
chr15	40959716	40960064	EH38D2780304_40959716_40960064	regulatory	348
chr15	69931199	69931547	EH38D2805359_69931199_69931547	regulatory	348
chr15	97904156	97904504	EH38D4909989_97904156_97904504	regulatory	348
chr15	97992024	97992372	EH38D4910037_97992024_97992372	regulatory	348
chr15	32704325	32704673	EH38D4862795_32704325_32704673	regulatory	348
chr15	70033731	70034078	EH38D2805467_70033731_70034078	regulatory	347
chr15	31443895	31444242	EH38D4862166_31443895_31444242	regulatory	347
chr15	70235353	70235700	EH38D2805771_70235353_70235700	regulatory	347
chr15	91712315	91712662	EH38D4906546_91712315_91712662	regulatory	347
chr15	40865911	40866258	EH38D2780169_40865911_40866258	regulatory	347
chr15	70023795	70024142	EH38D4888172_70023795_70024142	regulatory	347
chr15	31306552	31306899	EH38D4861935_31306552_31306899	regulatory	347
chr15	75180449	75180796	EH38D4893153_75180449_75180796	regulatory	347
chr15	73895526	73895873	EH38D4891346_73895526_73895873	regulatory	347
chr15	74374288	74374635	EH38D4892090_74374288_74374635	regulatory	347
chr15	64738709	64739056	EH38D4882689_64738709_64739056	regulatory	347
chr15	27679724	27680071	EH38D2770139_27679724_27680071	regulatory	347
chr15	44250611	44250958	EH38D2782888_44250611_44250958	regulatory	347
chr15	88610820	88611167	EH38D4903345_88610820_88611167	regulatory	347
chr15	94607287	94607634	EH38D4908518_94607287_94607634	regulatory	347
chr15	28876317	28876664	EH38D2770720_28876317_28876664	regulatory	347
chr15	94125148	94125495	EH38D2827309_94125148_94125495	regulatory	347
chr15	94674221	94674568	EH38D2827731_94674221_94674568	regulatory	347
chr15	46079990	46080337	EH38D2784208_46079990_46080337	regulatory	347
chr15	88574656	88575003	EH38D4903322_88574656_88575003	regulatory	347
chr15	41585748	41586095	EH38D4868467_41585748_41586095	regulatory	347
chr15	38247371	38247718	EH38D2777469_38247371_38247718	regulatory	347
chr15	79673442	79673789	EH38D4897647_79673442_79673789	regulatory	347
chr15	56533688	56534035	EH38D4876938_56533688_56534035	regulatory	347
chr15	80758370	80758717	EH38D2815944_80758370_80758717	regulatory	347
chr15	80620959	80621306	EH38D2815816_80620959_80621306	regulatory	347
chr15	56532761	56533108	EH38D2791849_56532761_56533108	regulatory	347
chr15	95922477	95922824	EH38D4909067_95922477_95922824	regulatory	347
chr15	37880037	37880384	EH38D2777164_37880037_37880384	regulatory	347
chr15	29688000	29688347	EH38D4860959_29688000_29688347	regulatory	347
chr15	52794890	52795237	EH38D4875375_52794890_52795237	regulatory	347
chr15	51672376	51672723	EH38D2788543_51672376_51672723	regulatory	347
chr15	39434869	39435216	EH38D4866345_39434869_39435216	regulatory	347
chr15	25611598	25611945	EH38D2768666_25611598_25611945	regulatory	347
chr15	82039876	82040223	EH38D2817090_82039876_82040223	regulatory	347
chr15	55104677	55105024	EH38D2790856_55104677_55105024	regulatory	347
chr15	53196274	53196621	EH38D2789811_53196274_53196621	regulatory	347
chr15	52730178	52730525	EH38D2789545_52730178_52730525	regulatory	347
chr15	85340015	85340362	EH38D4901548_85340015_85340362	regulatory	347
chr15	97177216	97177563	EH38D4909747_97177216_97177563	regulatory	347
chr15	19943557	19943904	EH38D4855879_19943557_19943904	regulatory	347
chr15	70339958	70340305	EH38D2805913_70339958_70340305	regulatory	347
chr15	63011315	63011662	EH38D2797944_63011315_63011662	regulatory	347
chr15	36358070	36358417	EH38D4864701_36358070_36358417	regulatory	347
chr15	34837279	34837626	EH38D4864092_34837279_34837626	regulatory	347
chr15	96838130	96838477	EH38D4909606_96838130_96838477	regulatory	347
chr15	96695407	96695754	EH38D2829466_96695407_96695754	regulatory	347
chr15	67915660	67916007	EH38D4886029_67915660_67916007	regulatory	347
chr15	67925112	67925459	EH38D4886041_67925109_67925459	regulatory	347
chr15	22254059	22254406	EH38D4856593_22254059_22254406	regulatory	347
chr15	34367482	34367829	EH38D4863821_34367482_34367829	regulatory	347
chr15	70465777	70466124	EH38D4888789_70465777_70466124	regulatory	347
chr15	70473608	70473955	EH38D2806094_70473608_70473955	regulatory	347
chr15	68497355	68497702	EH38D4886637_68497355_68497702	regulatory	347
chr15	66839505	66839852	EH38D2801926_66839505_66839852	regulatory	347
chr15	62940809	62941156	EH38D4881121_62940807_62941156	regulatory	347
chr15	96350247	96350594	EH38D4909349_96350247_96350594	regulatory	347
chr15	62125815	62126162	EH38D2797022_62125815_62126162	regulatory	347
chr15	96544194	96544541	EH38D4909485_96544194_96544541	regulatory	347
chr15	63186035	63186382	EH38D4881358_63186035_63186382	regulatory	347
chr15	63493482	63493829	EH38D4881646_63493482_63493829	regulatory	347
chr15	76983990	76984337	EH38D4894719_76983990_76984337	regulatory	347
chr15	63476247	63476594	EH38D4881623_63476247_63476594	regulatory	347
chr15	77891101	77891448	EH38D4895753_77891101_77891448	regulatory	347
chr15	78740441	78740788	EH38D4896809_78740441_78740788	regulatory	347
chr15	79770160	79770507	EH38D2814990_79770160_79770507	regulatory	347
chr15	79682303	79682650	EH38D4897657_79682303_79682650	regulatory	347
chr15	31457847	31458193	EH38D2772608_31457847_31458193	regulatory	346
chr15	69855628	69855974	EH38D4888011_69855628_69855974	regulatory	346
chr15	69971874	69972220	EH38D4888103_69971874_69972220	regulatory	346
chr15	69979273	69979619	EH38D2805401_69979273_69979619	regulatory	346
chr15	23690452	23690798	EH38D2767884_23690452_23690798	regulatory	346
chr15	95880174	95880520	EH38D2828676_95880174_95880520	regulatory	346
chr15	80776439	80776785	EH38D4898486_80776439_80776785	regulatory	346
chr15	56492837	56493183	EH38D4876926_56492837_56493183	regulatory	346
chr15	56539664	56540010	EH38D2791862_56539664_56540010	regulatory	346
chr15	57312349	57312695	EH38D2792557_57312349_57312695	regulatory	346
chr15	57345659	57346005	EH38D4877406_57345659_57346005	regulatory	346
chr15	55124634	55124980	EH38D4876194_55124634_55124980	regulatory	346
chr15	87207146	87207492	EH38D2820960_87207146_87207492	regulatory	346
chr15	49089061	49089407	EH38D4872995_49089061_49089407	regulatory	346
chr15	85354433	85354779	EH38D2819428_85354433_85354779	regulatory	346
chr15	85938941	85939287	EH38D2820107_85938941_85939291	regulatory	346
chr15	87269595	87269941	EH38D4902568_87269595_87269941	regulatory	346
chr15	48711139	48711485	EH38D2786204_48711139_48711485	regulatory	346
chr15	90816373	90816719	EH38D4905869_90816373_90816719	regulatory	346
chr15	40918175	40918521	EH38D2780235_40918175_40918521	regulatory	346
chr15	42065083	42065429	EH38D4869063_42065083_42065429	regulatory	346
chr15	42057944	42058290	EH38D4869050_42057944_42058290	regulatory	346
chr15	42056988	42057334	EH38D4869048_42056988_42057334	regulatory	346
chr15	89823072	89823418	EH38D2823308_89823072_89823418	regulatory	346
chr15	91793880	91794226	EH38D2825171_91793880_91794226	regulatory	346
chr15	40470408	40470754	EH38D4867378_40470408_40470754	regulatory	346
chr15	99511590	99511936	EH38D4911443_99511590_99511936	regulatory	346
chr15	91694097	91694443	EH38D2825093_91694097_91694443	regulatory	346
chr15	98560373	98560719	EH38D2830692_98560373_98560719	regulatory	346
chr15	100663100	100663446	EH38D4912331_100663100_100663446	regulatory	346
chr15	89204720	89205066	EH38D4904015_89204720_89205066	regulatory	346
chr15	88378350	88378696	EH38D4903162_88378350_88378696	regulatory	346
chr15	40135882	40136228	EH38D2779417_40135882_40136228	regulatory	346
chr15	93029751	93030097	EH38D4907607_93029751_93030097	regulatory	346
chr15	87151987	87152333	EH38D2820927_87151987_87152333	regulatory	346
chr15	87167743	87168089	EH38D2820936_87167743_87168089	regulatory	346
chr15	74396456	74396802	EH38D2809807_74396456_74396802	regulatory	346
chr15	96694082	96694428	EH38D4909542_96694082_96694428	regulatory	346
chr15	36370789	36371135	EH38D4864712_36370789_36371135	regulatory	346
chr15	36334046	36334392	EH38D4864688_36334046_36334392	regulatory	346
chr15	36499128	36499474	EH38D2776139_36499128_36499474	regulatory	346
chr15	62886609	62886955	EH38D4881076_62886609_62886955	regulatory	346
chr15	62150520	62150866	EH38D4880507_62150520_62150866	regulatory	346
chr15	99454958	99455304	EH38D4911362_99454958_99455304	regulatory	346
chr15	63029752	63030098	EH38D2797974_63029752_63030098	regulatory	346
chr15	60299666	60300012	EH38D4879438_60299666_60300012	regulatory	346
chr15	60135983	60136329	EH38D4879365_60135983_60136329	regulatory	346
chr15	37587008	37587354	EH38D2777003_37587008_37587354	regulatory	346
chr15	96549153	96549499	EH38D2829374_96549153_96549499	regulatory	346
chr15	101110888	101111234	EH38D4912899_101110888_101111234	regulatory	346
chr15	101121646	101121992	EH38D2833372_101121646_101121992	regulatory	346
chr15	77823852	77824198	EH38D4895644_77823852_77824198	regulatory	346
chr15	100833406	100833752	EH38D4912507_100833406_100833752	regulatory	346
chr15	78301958	78302304	EH38D4896384_78301958_78302304	regulatory	346
chr15	77975449	77975795	EH38D4895889_77975449_77975795	regulatory	346
chr15	70795258	70795604	EH38D2806453_70795258_70795604	regulatory	346
chr15	63027680	63028026	EH38D4881202_63027680_63028026	regulatory	346
chr15	66963764	66964110	EH38D4885185_66963764_66964110	regulatory	346
chr15	64809910	64810256	EH38D4882764_64809910_64810256	regulatory	346
chr15	73374650	73374996	EH38D2808723_73374650_73374996	regulatory	346
chr15	101537749	101538095	EH38D4913551_101537749_101538095	regulatory	346
chr15	70437945	70438291	EH38D2806044_70437945_70438291	regulatory	346
chr15	68449431	68449777	EH38D4886598_68449431_68449777	regulatory	346
chr15	70435399	70435745	EH38D2806040_70435399_70435745	regulatory	346
chr15	97080587	97080933	EH38D2829726_97080587_97080933	regulatory	346
chr15	70272957	70273303	EH38D2805830_70272957_70273303	regulatory	346
chr15	32705128	32705474	EH38D2773140_32705128_32705474	regulatory	346
chr15	31464266	31464612	EH38D4862189_31464266_31464612	regulatory	346
chr15	25886771	25887116	EH38D4858631_25886771_25887116	regulatory	345
chr15	94205368	94205713	EH38D2827364_94205368_94205713	regulatory	345
chr15	40322499	40322844	EH38D2779615_40322499_40322844	regulatory	345
chr15	94229592	94229937	EH38D4908325_94229592_94229937	regulatory	345
chr15	64801980	64802325	EH38D2799850_64801980_64802325	regulatory	345
chr15	73389581	73389926	EH38D2808741_73389581_73389926	regulatory	345
chr15	38587254	38587599	EH38D4865846_38587254_38587599	regulatory	345
chr15	38578647	38578992	EH38D4865845_38578647_38578992	regulatory	345
chr15	65044931	65045276	EH38D2800106_65044931_65045276	regulatory	345
chr15	40862020	40862365	EH38D2780166_40862020_40862365	regulatory	345
chr15	29612158	29612503	EH38D4860888_29612158_29612503	regulatory	345
chr15	73865849	73866194	EH38D2809160_73865849_73866194	regulatory	345
chr15	97014045	97014390	EH38D2829678_97014045_97014390	regulatory	345
chr15	56468540	56468885	EH38D4876912_56468540_56468885	regulatory	345
chr15	100663963	100664308	EH38D2832754_100663963_100664308	regulatory	345
chr15	53247065	53247410	EH38D4875539_53247065_53247410	regulatory	345
chr15	49669336	49669681	EH38D2786957_49669336_49669681	regulatory	345
chr15	79978789	79979134	EH38D4897853_79978789_79979134	regulatory	345
chr15	57334282	57334627	EH38D2792586_57334282_57334627	regulatory	345
chr15	75153596	75153941	EH38D4893115_75153596_75153941	regulatory	345
chr15	62362641	62362986	EH38D4880650_62362641_62362986	regulatory	345
chr15	72998220	72998565	EH38D4890616_72998220_72998565	regulatory	345
chr15	37877863	37878208	EH38D2777161_37877863_37878208	regulatory	345
chr15	76929024	76929369	EH38D4894672_76929024_76929369	regulatory	345
chr15	77487439	77487784	EH38D2812728_77487439_77487784	regulatory	345
chr15	40923556	40923901	EH38D4867872_40923556_40923901	regulatory	345
chr15	40829128	40829473	EH38D4867724_40829128_40829473	regulatory	345
chr15	91043942	91044287	EH38D4906193_91043942_91044287	regulatory	345
chr15	96341687	96342032	EH38D2829157_96341687_96342032	regulatory	345
chr15	85879799	85880144	EH38D4902069_85879799_85880144	regulatory	345
chr15	69852905	69853250	EH38D4888009_69852905_69853250	regulatory	345
chr15	61750820	61751165	EH38D4880322_61750820_61751165	regulatory	345
chr15	88748142	88748487	EH38D4903526_88748142_88748487	regulatory	345
chr15	31905080	31905425	EH38D4862517_31905080_31905425	regulatory	345
chr15	85899970	85900315	EH38D4902081_85899970_85900315	regulatory	345
chr15	66907188	66907533	EH38D4885102_66907188_66907533	regulatory	345
chr15	60155682	60156027	EH38D4879377_60155682_60156027	regulatory	345
chr15	62099134	62099479	EH38D2796984_62099134_62099479	regulatory	345
chr15	27589283	27589628	EH38D4859433_27589283_27589628	regulatory	345
chr15	101120999	101121344	EH38D4912915_101120999_101121344	regulatory	345
chr15	66800923	66801268	EH38D4884930_66800923_66801268	regulatory	345
chr15	33211416	33211761	EH38D2773672_33211416_33211761	regulatory	345
chr15	45088801	45089146	EH38D2783443_45088801_45089146	regulatory	345
chr15	78322305	78322650	EH38D2813761_78322305_78322650	regulatory	345
chr15	67927851	67928196	EH38D2803186_67927851_67928196	regulatory	345
chr15	49855908	49856253	EH38D4873378_49855908_49856253	regulatory	345
chr15	36356470	36356815	EH38D2776023_36356470_36356815	regulatory	345
chr15	80605773	80606118	EH38D4898373_80605773_80606118	regulatory	345
chr15	70438818	70439163	EH38D2806045_70438818_70439163	regulatory	345
chr15	86062724	86063069	EH38D2820207_86062724_86063069	regulatory	345
chr15	101614749	101615094	EH38D4913626_101614749_101615094	regulatory	345
chr15	59569478	59569823	EH38D4879051_59569478_59569823	regulatory	345
chr15	57367617	57367962	EH38D4877434_57367617_57367962	regulatory	345
chr15	53323191	53323535	EH38D2789880_53323191_53323535	regulatory	344
chr15	87082603	87082947	EH38D4902515_87082603_87082947	regulatory	344
chr15	94731204	94731548	EH38D4908578_94731204_94731548	regulatory	344
chr15	40277497	40277841	EH38D4867043_40277497_40277841	regulatory	344
chr15	70160893	70161237	EH38D2805663_70160893_70161237	regulatory	344
chr15	40112434	40112778	EH38D2779388_40112434_40112778	regulatory	344
chr15	39468353	39468697	EH38D4866365_39468353_39468697	regulatory	344
chr15	60121877	60122221	EH38D4879355_60121877_60122221	regulatory	344
chr15	67198696	67199040	EH38D2802473_67198696_67199040	regulatory	344
chr15	70651286	70651630	EH38D2806310_70651286_70651630	regulatory	344
chr15	55792037	55792381	EH38D2791326_55792037_55792381	regulatory	344
chr15	101089577	101089921	EH38D4912864_101089577_101089921	regulatory	344
chr15	96410241	96410585	EH38D4909412_96410241_96410585	regulatory	344
chr15	85831348	85831692	EH38D2820015_85831348_85831692	regulatory	344
chr15	62884054	62884398	EH38D4881074_62884054_62884398	regulatory	344
chr15	63483782	63484126	EH38D4881635_63483782_63484126	regulatory	344
chr15	39468855	39469199	EH38D4866366_39468855_39469199	regulatory	344
chr15	91759621	91759965	EH38D4906568_91759621_91759965	regulatory	344
chr15	98433359	98433703	EH38D2830594_98433359_98433703	regulatory	344
chr15	77554738	77555082	EH38D4895222_77554738_77555082	regulatory	344
chr15	75721873	75722217	EH38D2811175_75721873_75722217	regulatory	344
chr15	38088992	38089336	EH38D2777342_38088992_38089336	regulatory	344
chr15	52717882	52718226	EH38D4875302_52717882_52718226	regulatory	344
chr15	88307379	88307723	EH38D2821829_88307379_88307723	regulatory	344
chr15	32342260	32342604	EH38D4862669_32342260_32342604	regulatory	344
chr15	69876573	69876917	EH38D2805294_69876573_69876917	regulatory	344
chr15	87169926	87170270	EH38D2820937_87169926_87170270	regulatory	344
chr15	68731060	68731404	EH38D4886967_68731060_68731404	regulatory	344
chr15	79640204	79640548	EH38D2814919_79640204_79640548	regulatory	344
chr15	86002469	86002813	EH38D2820161_86002469_86002813	regulatory	344
chr15	48077616	48077960	EH38D2785599_48077616_48077960	regulatory	344
chr15	49769236	49769580	EH38D2787045_49769236_49769580	regulatory	344
chr15	22257340	22257684	EH38D4856600_22257340_22257684	regulatory	344
chr15	36498406	36498750	EH38D2776137_36498406_36498750	regulatory	344
chr15	45343493	45343837	EH38D4871308_45343493_45343837	regulatory	344
chr15	45091199	45091543	EH38D2783445_45091199_45091543	regulatory	344
chr15	88659587	88659931	EH38D4903441_88659587_88659931	regulatory	344
chr15	78390846	78391190	EH38D4896499_78390846_78391190	regulatory	344
chr15	97978809	97979153	EH38D4910026_97978809_97979153	regulatory	344
chr15	67968991	67969335	EH38D2803228_67968991_67969335	regulatory	344
chr15	34716152	34716496	EH38D4864015_34716152_34716496	regulatory	344
chr15	97976182	97976526	EH38D4910025_97976182_97976526	regulatory	344
chr15	46892655	46892999	EH38D2784651_46892655_46892999	regulatory	344
chr15	100831443	100831787	EH38D2832955_100831443_100831787	regulatory	344
chr15	23564838	23565182	EH38D2767803_23564838_23565182	regulatory	344
chr15	94692748	94693091	EH38D4908558_94692748_94693091	regulatory	343
chr15	52806270	52806613	EH38D4875402_52806270_52806613	regulatory	343
chr15	94206460	94206803	EH38D2827366_94206460_94206803	regulatory	343
chr15	95611001	95611344	EH38D4908918_95611001_95611344	regulatory	343
chr15	84955380	84955723	EH38D4901267_84955380_84955723	regulatory	343
chr15	92385127	92385470	EH38D2825747_92385127_92385470	regulatory	343
chr15	95829804	95830147	EH38D4909017_95829804_95830147	regulatory	343
chr15	73021342	73021685	EH38D4890630_73021342_73021685	regulatory	343
chr15	73369361	73369704	EH38D4890891_73369361_73369704	regulatory	343
chr15	73002570	73002913	EH38D2808396_73002570_73002913	regulatory	343
chr15	45203218	45203561	EH38D2783592_45203218_45203561	regulatory	343
chr15	96432014	96432357	EH38D2829294_96432014_96432357	regulatory	343
chr15	101104211	101104554	EH38D2833340_101104211_101104554	regulatory	343
chr15	77875109	77875452	EH38D4895730_77875109_77875452	regulatory	343
chr15	62118506	62118849	EH38D4880488_62118506_62118849	regulatory	343
chr15	69876059	69876402	EH38D2805293_69876059_69876402	regulatory	343
chr15	89747884	89748227	EH38D2823197_89747884_89748227	regulatory	343
chr15	61750450	61750793	EH38D4880321_61750450_61750793	regulatory	343
chr15	42053945	42054288	EH38D4869046_42053945_42054288	regulatory	343
chr15	77505553	77505896	EH38D4895138_77505553_77505896	regulatory	343
chr15	59878867	59879210	EH38D2795023_59878867_59879210	regulatory	343
chr15	96538508	96538851	EH38D4909480_96538508_96538851	regulatory	343
chr15	85910851	85911194	EH38D2820085_85910851_85911194	regulatory	343
chr15	67946384	67946727	EH38D4886060_67946384_67946727	regulatory	343
chr15	36500035	36500378	EH38D2776142_36500035_36500378	regulatory	343
chr15	45224695	45225038	EH38D2783605_45224695_45225038	regulatory	343
chr15	99443830	99444173	EH38D2831671_99443830_99444173	regulatory	343
chr15	46088919	46089262	EH38D2784216_46088919_46089262	regulatory	343
chr15	88448949	88449292	EH38D2821941_88448949_88449292	regulatory	343
chr15	80605282	80605625	EH38D2815791_80605282_80605625	regulatory	343
chr15	22253069	22253412	EH38D4856590_22253069_22253412	regulatory	343
chr15	68517308	68517651	EH38D4886662_68517308_68517651	regulatory	343
chr15	48393635	48393978	EH38D4872591_48393635_48393978	regulatory	343
chr15	97068033	97068376	EH38D4909698_97068033_97068376	regulatory	343
chr15	34603107	34603450	EH38D2774690_34603107_34603450	regulatory	343
chr15	48671476	48671819	EH38D2786166_48671476_48671819	regulatory	343
chr15	57589691	57590034	EH38D4877626_57589691_57590034	regulatory	343
chr15	56045101	56045444	EH38D4876708_56045101_56045444	regulatory	343
chr15	57328045	57328388	EH38D4877388_57328045_57328388	regulatory	343
chr15	26146218	26146561	EH38D2769183_26146218_26146561	regulatory	343
chr15	101618811	101619154	EH38D2834011_101618811_101619154	regulatory	343
chr15	63887636	63887979	EH38D4881930_63887636_63887979	regulatory	343
chr15	63874654	63874996	EH38D2798965_63874654_63875003	regulatory	342
chr15	85335551	85335893	EH38D2819392_85335551_85335893	regulatory	342
chr15	85756707	85757049	EH38D4901911_85756707_85757049	regulatory	342
chr15	96406770	96407112	EH38D2829256_96406770_96407112	regulatory	342
chr15	79982204	79982546	EH38D4897857_79982204_79982546	regulatory	342
chr15	69107200	69107542	EH38D4887295_69107200_69107542	regulatory	342
chr15	37818211	37818553	EH38D2777131_37818211_37818553	regulatory	342
chr15	66964446	66964788	EH38D2802114_66964446_66964788	regulatory	342
chr15	51025457	51025799	EH38D2787988_51025457_51025799	regulatory	342
chr15	80629433	80629775	EH38D4898387_80629433_80629775	regulatory	342
chr15	99415376	99415718	EH38D4911276_99415376_99415718	regulatory	342
chr15	48667757	48668099	EH38D4872755_48667757_48668099	regulatory	342
chr15	57582146	57582488	EH38D4877620_57582146_57582488	regulatory	342
chr15	90315673	90316015	EH38D4905371_90315673_90316015	regulatory	342
chr15	70152107	70152449	EH38D4888368_70152100_70152449	regulatory	342
chr15	70185281	70185623	EH38D2805695_70185281_70185623	regulatory	342
chr15	92810063	92810405	EH38D4907396_92810063_92810405	regulatory	342
chr15	74396987	74397329	EH38D4892139_74396987_74397329	regulatory	342
chr15	77852501	77852843	EH38D2813178_77852501_77852843	regulatory	342
chr15	98304397	98304739	EH38D4910210_98304397_98304739	regulatory	342
chr15	101159297	101159639	EH38D4912982_101159297_101159639	regulatory	342
chr15	33234033	33234375	EH38D4863164_33234033_33234375	regulatory	342
chr15	88571448	88571790	EH38D2822049_88571448_88571790	regulatory	342
chr15	46240242	46240584	EH38D4871751_46240242_46240584	regulatory	342
chr15	73821191	73821533	EH38D2809119_73821191_73821533	regulatory	342
chr15	66269709	66270051	EH38D4884337_66269709_66270051	regulatory	342
chr15	38115919	38116261	EH38D2777357_38115919_38116261	regulatory	342
chr15	22256736	22257078	EH38D4856598_22256736_22257078	regulatory	342
chr15	88605617	88605959	EH38D4903339_88605617_88605959	regulatory	342
chr15	53833260	53833602	EH38D2790194_53833260_53833602	regulatory	342
chr15	57911209	57911551	EH38D2793214_57911209_57911551	regulatory	342
chr15	63000235	63000577	EH38D4881178_63000235_63000577	regulatory	342
chr15	23416533	23416875	EH38D4857322_23416526_23416875	regulatory	342
chr15	31236484	31236826	EH38D2772286_31236484_31236826	regulatory	342
chr15	75182447	75182789	EH38D4893156_75182447_75182789	regulatory	342
chr15	23371925	23372267	EH38D4857278_23371925_23372267	regulatory	342
chr15	70451070	70451412	EH38D4888772_70451070_70451412	regulatory	342
chr15	63176345	63176687	EH38D2798173_63176345_63176687	regulatory	342
chr15	65037360	65037702	EH38D4883033_65037360_65037702	regulatory	342
chr15	59587139	59587481	EH38D4879062_59587139_59587481	regulatory	342
chr15	59543829	59544171	EH38D4879028_59543829_59544171	regulatory	342
chr15	40925577	40925919	EH38D4867875_40925577_40925919	regulatory	342
chr15	96353397	96353738	EH38D4909356_96353397_96353738	regulatory	341
chr15	77891888	77892229	EH38D4895755_77891888_77892229	regulatory	341
chr15	77908188	77908529	EH38D4895795_77908188_77908529	regulatory	341
chr15	40158060	40158401	EH38D4866928_40158060_40158401	regulatory	341
chr15	44813275	44813616	EH38D4870854_44813275_44813623	regulatory	341
chr15	69885504	69885845	EH38D4888033_69885504_69885845	regulatory	341
chr15	32698816	32699157	EH38D2773131_32698816_32699157	regulatory	341
chr15	59828315	59828656	EH38D2794976_59828315_59828656	regulatory	341
chr15	36432177	36432518	EH38D2776084_36432177_36432518	regulatory	341
chr15	99435187	99435528	EH38D4911311_99435187_99435528	regulatory	341
chr15	79636308	79636649	EH38D2814916_79636308_79636649	regulatory	341
chr15	59779108	59779449	EH38D4879170_59779108_59779449	regulatory	341
chr15	68577905	68578246	EH38D4886733_68577905_68578246	regulatory	341
chr15	37813524	37813865	EH38D2777128_37813524_37813865	regulatory	341
chr15	37824748	37825089	EH38D4865394_37824748_37825089	regulatory	341
chr15	26087376	26087717	EH38D2769129_26087375_26087717	regulatory	341
chr15	66957154	66957495	EH38D4885177_66957154_66957499	regulatory	341
chr15	60073132	60073473	EH38D2795200_60073132_60073473	regulatory	341
chr15	25894432	25894773	EH38D4858637_25894432_25894773	regulatory	341
chr15	97993390	97993731	EH38D2830262_97993390_97993731	regulatory	341
chr15	22267786	22268127	EH38D4856622_22267786_22268127	regulatory	341
chr15	70189871	70190212	EH38D4888431_70189862_70190212	regulatory	341
chr15	70480261	70480602	EH38D4888821_70480261_70480602	regulatory	341
chr15	46310029	46310370	EH38D2784324_46310029_46310370	regulatory	341
chr15	73318790	73319131	EH38D4890802_73318790_73319131	regulatory	341
chr15	74762351	74762692	EH38D2810198_74762351_74762692	regulatory	341
chr15	34722049	34722390	EH38D2774796_34722049_34722390	regulatory	341
chr15	82105840	82106181	EH38D4899405_82105840_82106181	regulatory	341
chr15	77550851	77551192	EH38D4895214_77550851_77551192	regulatory	341
chr15	63888202	63888543	EH38D4881931_63888202_63888543	regulatory	341
chr15	57922846	57923187	EH38D4877813_57922846_57923187	regulatory	341
chr15	37595469	37595810	EH38D2777009_37595469_37595810	regulatory	341
chr15	52797921	52798262	EH38D4875384_52797921_52798262	regulatory	341
chr15	23897633	23897974	EH38D4857540_23897633_23897974	regulatory	341
chr15	83653629	83653970	EH38D4900474_83653629_83653970	regulatory	341
chr15	53320860	53321201	EH38D2789878_53320860_53321201	regulatory	341
chr15	84587991	84588331	EH38D4900819_84587991_84588339	regulatory	340
chr15	82128389	82128729	EH38D4899429_82128389_82128729	regulatory	340
chr15	21272597	21272937	EH38D2767262_21272597_21272937	regulatory	340
chr15	63891034	63891374	EH38D4881936_63891034_63891374	regulatory	340
chr15	48086242	48086582	EH38D2785610_48086242_48086582	regulatory	340
chr15	64991714	64992054	EH38D2800066_64991714_64992054	regulatory	340
chr15	65033099	65033439	EH38D4883026_65033099_65033439	regulatory	340
chr15	40832972	40833312	EH38D4867731_40832972_40833312	regulatory	340
chr15	95867133	95867473	EH38D4909036_95867133_95867473	regulatory	340
chr15	31245736	31246076	EH38D2772295_31245736_31246076	regulatory	340
chr15	70410433	70410773	EH38D4888712_70410433_70410773	regulatory	340
chr15	78757134	78757474	EH38D4896835_78757134_78757482	regulatory	340
chr15	74763534	74763874	EH38D4892582_74763534_74763874	regulatory	340
chr15	73849662	73850002	EH38D4891279_73849662_73850002	regulatory	340
chr15	92818679	92819019	EH38D4907409_92818679_92819019	regulatory	340
chr15	55819824	55820164	EH38D4876578_55819824_55820164	regulatory	340
chr15	94119912	94120252	EH38D2827302_94119912_94120252	regulatory	340
chr15	85858779	85859119	EH38D4902053_85858779_85859119	regulatory	340
chr15	94110694	94111034	EH38D4908272_94110694_94111034	regulatory	340
chr15	49673896	49674236	EH38D2786961_49673896_49674236	regulatory	340
chr15	70605596	70605936	EH38D4888985_70605596_70605936	regulatory	340
chr15	57561403	57561743	EH38D4877604_57561403_57561743	regulatory	340
chr15	70526492	70526832	EH38D2806173_70526492_70526832	regulatory	340
chr15	68561152	68561492	EH38D2803883_68561152_68561492	regulatory	340
chr15	26294075	26294415	EH38D2769267_26294075_26294415	regulatory	340
chr15	72967458	72967798	EH38D2808352_72967458_72967798	regulatory	340
chr15	62920785	62921125	EH38D2797845_62920785_62921125	regulatory	340
chr15	95882187	95882527	EH38D4909049_95882187_95882527	regulatory	340
chr15	77537963	77538303	EH38D2812804_77537955_77538303	regulatory	340
chr15	56040508	56040847	EH38D4876700_56040508_56040847	regulatory	339
chr15	48396044	48396383	EH38D4872593_48396044_48396383	regulatory	339
chr15	92531458	92531797	EH38D4907120_92531458_92531797	regulatory	339
chr15	56059002	56059341	EH38D4876716_56059002_56059341	regulatory	339
chr15	85973868	85974207	EH38D4902113_85973868_85974207	regulatory	339
chr15	79503633	79503972	EH38D4897569_79503633_79503972	regulatory	339
chr15	73792430	73792769	EH38D4891224_73792422_73792769	regulatory	339
chr15	36438527	36438866	EH38D2776092_36438527_36438866	regulatory	339
chr15	29688406	29688745	EH38D4860960_29688406_29688745	regulatory	339
chr15	91321770	91322109	EH38D4906359_91321770_91322109	regulatory	339
chr15	70174423	70174762	EH38D4888406_70174423_70174762	regulatory	339
chr15	87220240	87220579	EH38D2820978_87220240_87220579	regulatory	339
chr15	53320467	53320806	EH38D4875560_53320467_53320806	regulatory	339
chr15	98428359	98428698	EH38D4910310_98428359_98428698	regulatory	339
chr15	39453328	39453667	EH38D4866356_39453328_39453667	regulatory	339
chr15	101138891	101139230	EH38D4912939_101138891_101139230	regulatory	339
chr15	70344667	70345006	EH38D4888618_70344667_70345006	regulatory	339
chr15	76342478	76342817	EH38D4894398_76342478_76342817	regulatory	339
chr15	85947099	85947438	EH38D2820114_85947099_85947438	regulatory	339
chr15	57565338	57565677	EH38D2792883_57565333_57565677	regulatory	339
chr15	36888657	36888996	EH38D2776498_36888657_36888996	regulatory	339
chr15	90338616	90338955	EH38D2823832_90338616_90338955	regulatory	339
chr15	37103994	37104333	EH38D4865139_37103994_37104333	regulatory	339
chr15	32706713	32707052	EH38D4862798_32706713_32707052	regulatory	339
chr15	96341022	96341361	EH38D2829155_96341022_96341361	regulatory	339
chr15	31280113	31280452	EH38D4861894_31280113_31280452	regulatory	339
chr15	74405871	74406210	EH38D4892158_74405871_74406210	regulatory	339
chr15	73899191	73899530	EH38D4891351_73899191_73899530	regulatory	339
chr15	50778095	50778434	EH38D4873890_50778095_50778434	regulatory	339
chr15	88769554	88769893	EH38D4903537_88769554_88769893	regulatory	339
chr15	37109037	37109376	EH38D2776787_37109037_37109376	regulatory	339
chr15	85250947	85251286	EH38D4901458_85250947_85251286	regulatory	339
chr15	77859355	77859694	EH38D4895699_77859353_77859694	regulatory	339
chr15	53247428	53247767	EH38D4875540_53247428_53247767	regulatory	339
chr15	94125684	94126023	EH38D4908278_94125684_94126023	regulatory	339
chr15	19973748	19974087	EH38D4855891_19973748_19974087	regulatory	339
chr15	38111106	38111444	EH38D4865556_38111106_38111444	regulatory	338
chr15	62112133	62112471	EH38D4880480_62112133_62112471	regulatory	338
chr15	41604348	41604686	EH38D4868489_41604348_41604686	regulatory	338
chr15	81155696	81156034	EH38D4898833_81155686_81156034	regulatory	338
chr15	59843653	59843991	EH38D4879196_59843653_59843991	regulatory	338
chr15	99926188	99926526	EH38D4911683_99926188_99926526	regulatory	338
chr15	90344697	90345035	EH38D4905408_90344697_90345035	regulatory	338
chr15	40966233	40966571	EH38D2780312_40966233_40966571	regulatory	338
chr15	45091625	45091963	EH38D4871025_45091625_45091963	regulatory	338
chr15	62063886	62064224	EH38D4880454_62063886_62064229	regulatory	338
chr15	74144387	74144725	EH38D2809476_74144387_74144725	regulatory	338
chr15	53254086	53254424	EH38D2789847_53254086_53254424	regulatory	338
chr15	26178928	26179266	EH38D2769206_26178928_26179266	regulatory	338
chr15	61779621	61779959	EH38D2796794_61779621_61779959	regulatory	338
chr15	53871962	53872300	EH38D4875775_53871962_53872300	regulatory	338
chr15	37789460	37789798	EH38D4865381_37789460_37789798	regulatory	338
chr15	39432000	39432338	EH38D2778594_39432000_39432338	regulatory	338
chr15	75669202	75669540	EH38D4893737_75669202_75669550	regulatory	338
chr15	88381331	88381669	EH38D4903165_88381331_88381669	regulatory	338
chr15	75666755	75667093	EH38D2811104_75666755_75667093	regulatory	338
chr15	45346435	45346773	EH38D4871310_45346435_45346773	regulatory	338
chr15	49847475	49847813	EH38D4873375_49847475_49847813	regulatory	338
chr15	46280785	46281123	EH38D2784306_46280785_46281123	regulatory	338
chr15	70466906	70467244	EH38D4888792_70466906_70467244	regulatory	338
chr15	63023383	63023721	EH38D4881198_63023383_63023721	regulatory	338
chr15	78323136	78323474	EH38D4896415_78323136_78323474	regulatory	338
chr15	34217627	34217965	EH38D2774463_34217627_34217965	regulatory	338
chr15	40343535	40343873	EH38D4867165_40343535_40343873	regulatory	338
chr15	89756894	89757232	EH38D4904605_89756894_89757232	regulatory	338
chr15	32747772	32748109	EH38D2773206_32747772_32748109	regulatory	337
chr15	97959693	97960030	EH38D4910009_97959693_97960030	regulatory	337
chr15	46083276	46083613	EH38D2784213_46083276_46083613	regulatory	337
chr15	46947016	46947353	EH38D2784681_46947016_46947353	regulatory	337
chr15	89444782	89445119	EH38D2822945_89444782_89445119	regulatory	337
chr15	46091919	46092256	EH38D2784220_46091919_46092256	regulatory	337
chr15	39510026	39510363	EH38D4866385_39510026_39510363	regulatory	337
chr15	75178472	75178809	EH38D4893149_75178472_75178809	regulatory	337
chr15	99502654	99502991	EH38D2831746_99502654_99502991	regulatory	337
chr15	55178040	55178377	EH38D2790902_55178040_55178377	regulatory	337
chr15	74402939	74403276	EH38D4892153_74402939_74403276	regulatory	337
chr15	84810064	84810401	EH38D2818926_84810064_84810401	regulatory	337
chr15	91049836	91050173	EH38D4906197_91049836_91050173	regulatory	337
chr15	35175756	35176093	EH38D4864257_35175756_35176093	regulatory	337
chr15	63503815	63504152	EH38D4881664_63503815_63504152	regulatory	337
chr15	79812009	79812346	EH38D2815022_79812009_79812346	regulatory	337
chr15	85937704	85938041	EH38D4902097_85937704_85938041	regulatory	337
chr15	80668075	80668412	EH38D2815851_80668075_80668412	regulatory	337
chr15	40328806	40329143	EH38D4867142_40328806_40329143	regulatory	337
chr15	31263955	31264292	EH38D4861855_31263955_31264292	regulatory	337
chr15	62122230	62122567	EH38D4880492_62122230_62122567	regulatory	337
chr15	34637283	34637620	EH38D2774716_34637283_34637620	regulatory	337
chr15	45201563	45201900	EH38D4871237_45201563_45201900	regulatory	337
chr15	37904039	37904376	EH38D2777184_37904039_37904376	regulatory	337
chr15	95910750	95911087	EH38D2828702_95910750_95911087	regulatory	337
chr15	101827260	101827597	EH38D4913765_101827260_101827597	regulatory	337
chr15	94197029	94197365	EH38D2827355_94197029_94197365	regulatory	336
chr15	88619808	88620144	EH38D4903355_88619808_88620144	regulatory	336
chr15	60195626	60195962	EH38D2795308_60195626_60195962	regulatory	336
chr15	26069245	26069581	EH38D2769108_26069245_26069581	regulatory	336
chr15	40957592	40957928	EH38D4867933_40957592_40957928	regulatory	336
chr15	90819450	90819786	EH38D4905876_90819450_90819786	regulatory	336
chr15	87723166	87723502	EH38D2821305_87723166_87723502	regulatory	336
chr15	54884776	54885112	EH38D4876112_54884776_54885112	regulatory	336
chr15	38593523	38593859	EH38D2777740_38593523_38593859	regulatory	336
chr15	37585988	37586324	EH38D4865309_37585988_37586324	regulatory	336
chr15	54841005	54841341	EH38D4876099_54841005_54841341	regulatory	336
chr15	77889053	77889389	EH38D4895748_77889053_77889389	regulatory	336
chr15	60138483	60138819	EH38D2795265_60138483_60138819	regulatory	336
chr15	95989383	95989719	EH38D2828768_95989383_95989719	regulatory	336
chr15	63474063	63474399	EH38D2798556_63474063_63474399	regulatory	336
chr15	97916980	97917316	EH38D2830198_97916980_97917316	regulatory	336
chr15	72825794	72826130	EH38D4890522_72825794_72826130	regulatory	336
chr15	59940951	59941287	EH38D2795070_59940951_59941287	regulatory	336
chr15	49816018	49816354	EH38D2787071_49816005_49816354	regulatory	336
chr15	90816833	90817169	EH38D4905870_90816833_90817169	regulatory	336
chr15	97059992	97060328	EH38D2829706_97059992_97060328	regulatory	336
chr15	88399037	88399373	EH38D2821911_88399037_88399373	regulatory	336
chr15	52857913	52858249	EH38D2789676_52857913_52858249	regulatory	336
chr15	95839338	95839674	EH38D2828632_95839338_95839674	regulatory	336
chr15	35055460	35055796	EH38D4864192_35055460_35055796	regulatory	336
chr15	35043383	35043719	EH38D4864186_35043383_35043719	regulatory	336
chr15	91075970	91076306	EH38D2824587_91075970_91076306	regulatory	336
chr15	70463076	70463412	EH38D2806079_70463062_70463412	regulatory	336
chr15	70412908	70413244	EH38D2806003_70412908_70413244	regulatory	336
chr15	40438680	40439016	EH38D4867320_40438680_40439016	regulatory	336
chr15	84660208	84660544	EH38D4900923_84660208_84660544	regulatory	336
chr15	66830409	66830745	EH38D2801909_66830409_66830745	regulatory	336
chr15	53252955	53253291	EH38D2789846_53252955_53253291	regulatory	336
chr15	87072316	87072652	EH38D4902510_87072316_87072652	regulatory	336
chr15	70433035	70433370	EH38D2806034_70433035_70433370	regulatory	335
chr15	42920809	42921144	EH38D4869691_42920794_42921144	regulatory	335
chr15	65086881	65087216	EH38D4883115_65086881_65087216	regulatory	335
chr15	25674981	25675316	EH38D4858347_25674981_25675316	regulatory	335
chr15	44942014	44942349	EH38D4870940_44942014_44942349	regulatory	335
chr15	95946981	95947316	EH38D4909085_95946981_95947331	regulatory	335
chr15	34218264	34218599	EH38D4863712_34218264_34218599	regulatory	335
chr15	76974626	76974961	EH38D4894703_76974626_76974961	regulatory	335
chr15	40940339	40940674	EH38D2780273_40940339_40940674	regulatory	335
chr15	96583697	96584032	EH38D4909499_96583697_96584032	regulatory	335
chr15	62110580	62110915	EH38D2797002_62110580_62110915	regulatory	335
chr15	79738267	79738602	EH38D2814974_79738267_79738602	regulatory	335
chr15	70388296	70388631	EH38D2805981_70388296_70388631	regulatory	335
chr15	79298385	79298720	EH38D2814651_79298385_79298720	regulatory	335
chr15	75274432	75274767	EH38D4893302_75274432_75274767	regulatory	335
chr15	85346642	85346977	EH38D4901556_85346642_85346977	regulatory	335
chr15	48354891	48355226	EH38D2785814_48354891_48355226	regulatory	335
chr15	36415380	36415715	EH38D2776069_36415380_36415715	regulatory	335
chr15	85897845	85898180	EH38D4902080_85897845_85898180	regulatory	335
chr15	67199999	67200334	EH38D2802476_67199999_67200334	regulatory	335
chr15	80673762	80674097	EH38D4898418_80673759_80674097	regulatory	335
chr15	62148321	62148656	EH38D4880505_62148321_62148656	regulatory	335
chr15	69987838	69988173	EH38D2805411_69987838_69988173	regulatory	335
chr15	66876330	66876664	EH38D4885058_66876330_66876664	regulatory	334
chr15	39573897	39574231	EH38D2778740_39573897_39574231	regulatory	334
chr15	101172739	101173073	EH38D4913004_101172739_101173073	regulatory	334
chr15	36888049	36888383	EH38D4865002_36888049_36888383	regulatory	334
chr15	57552107	57552441	EH38D4877590_57552107_57552441	regulatory	334
chr15	70268833	70269167	EH38D4888544_70268833_70269167	regulatory	334
chr15	99485537	99485871	EH38D4911399_99485537_99485871	regulatory	334
chr15	31914309	31914643	EH38D2772880_31914309_31914643	regulatory	334
chr15	37814963	37815297	EH38D2777130_37814963_37815297	regulatory	334
chr15	44727486	44727820	EH38D4870799_44727486_44727820	regulatory	334
chr15	95556871	95557205	EH38D2828382_95556871_95557205	regulatory	334
chr15	70419016	70419350	EH38D4888723_70419016_70419350	regulatory	334
chr15	35039161	35039495	EH38D2775033_35039161_35039495	regulatory	334
chr15	36364735	36365069	EH38D4864705_36364735_36365069	regulatory	334
chr15	85999697	86000031	EH38D4902122_85999697_86000031	regulatory	334
chr15	74762743	74763077	EH38D4892581_74762743_74763077	regulatory	334
chr15	63446252	63446586	EH38D4881592_63446252_63446596	regulatory	334
chr15	95874677	95875011	EH38D2828669_95874677_95875011	regulatory	334
chr15	52924764	52925098	EH38D4875438_52924764_52925098	regulatory	334
chr15	48101514	48101848	EH38D2785625_48101514_48101848	regulatory	334
chr15	91694845	91695179	EH38D2825096_91694845_91695179	regulatory	334
chr15	62306873	62307207	EH38D4880618_62306873_62307207	regulatory	334
chr15	59738686	59739020	EH38D4879158_59738686_59739020	regulatory	334
chr15	62147625	62147959	EH38D4880504_62147625_62147959	regulatory	334
chr15	59696355	59696689	EH38D4879140_59696355_59696689	regulatory	334
chr15	95627090	95627424	EH38D4908927_95627090_95627424	regulatory	334
chr15	40346849	40347183	EH38D4867175_40346849_40347183	regulatory	334
chr15	23642516	23642849	EH38D4857443_23642516_23642849	regulatory	333
chr15	73386954	73387287	EH38D4890914_73386940_73387287	regulatory	333
chr15	87764831	87765164	EH38D2821359_87764831_87765164	regulatory	333
chr15	46858186	46858519	EH38D4871925_46858186_46858536	regulatory	333
chr15	88313486	88313819	EH38D2821836_88313486_88313819	regulatory	333
chr15	36373601	36373934	EH38D2776043_36373601_36373934	regulatory	333
chr15	90863088	90863421	EH38D4905937_90863088_90863421	regulatory	333
chr15	34724525	34724858	EH38D4864024_34724525_34724858	regulatory	333
chr15	87239857	87240190	EH38D2820989_87239857_87240190	regulatory	333
chr15	92810570	92810903	EH38D4907397_92810570_92810903	regulatory	333
chr15	53160137	53160470	EH38D4875508_53160137_53160470	regulatory	333
chr15	63870059	63870392	EH38D4881913_63870059_63870392	regulatory	333
chr15	77836418	77836751	EH38D4895669_77836418_77836751	regulatory	333
chr15	49096429	49096762	EH38D2786552_49096429_49096762	regulatory	333
chr15	49086110	49086443	EH38D4872994_49086110_49086443	regulatory	333
chr15	99564127	99564460	EH38D2831804_99564127_99564460	regulatory	333
chr15	37826661	37826994	EH38D2777141_37826661_37826994	regulatory	333
chr15	34620902	34621235	EH38D4863956_34620902_34621242	regulatory	333
chr15	97081714	97082047	EH38D2829728_97081703_97082047	regulatory	333
chr15	66692935	66693268	EH38D2801726_66692935_66693279	regulatory	333
chr15	62928445	62928778	EH38D4881112_62928445_62928778	regulatory	333
chr15	67938186	67938519	EH38D4886050_67938186_67938519	regulatory	333
chr15	66276582	66276915	EH38D2801327_66276582_66276915	regulatory	333
chr15	90316159	90316492	EH38D2823814_90316159_90316508	regulatory	333
chr15	57327051	57327384	EH38D2792574_57327047_57327384	regulatory	333
chr15	89226700	89227033	EH38D4904045_89226700_89227048	regulatory	333
chr15	77497322	77497655	EH38D4895127_77497322_77497672	regulatory	333
chr15	94582414	94582747	EH38D4908503_94582414_94582747	regulatory	333
chr15	62087629	62087962	EH38D2796976_62087629_62087962	regulatory	333
chr15	94228670	94229003	EH38D4908323_94228670_94229003	regulatory	333
chr15	60343804	60344137	EH38D4879468_60343804_60344137	regulatory	333
chr15	69996402	69996735	EH38D4888130_69996402_69996735	regulatory	333
chr15	70376808	70377140	EH38D4888664_70376808_70377140	regulatory	332
chr15	66850095	66850427	EH38D2801947_66850095_66850427	regulatory	332
chr15	77539509	77539841	EH38D2812808_77539509_77539843	regulatory	332
chr15	48674915	48675247	EH38D2786169_48674901_48675247	regulatory	332
chr15	42575264	42575596	EH38D2781742_42575254_42575596	regulatory	332
chr15	89460814	89461146	EH38D4904298_89460814_89461152	regulatory	332
chr15	66698360	66698692	EH38D4884742_66698360_66698710	regulatory	332
chr15	46961825	46962157	EH38D4871945_46961825_46962157	regulatory	332
chr15	78909825	78910157	EH38D4897022_78909825_78910157	regulatory	332
chr15	96802648	96802980	EH38D2829539_96802648_96802980	regulatory	332
chr15	55993887	55994219	EH38D4876667_55993887_55994219	regulatory	332
chr15	90154181	90154513	EH38D2823651_90154181_90154513	regulatory	332
chr15	87707480	87707812	EH38D4902736_87707480_87707812	regulatory	332
chr15	25669980	25670312	EH38D2768720_25669980_25670312	regulatory	332
chr15	70362961	70363293	EH38D4888654_70362961_70363293	regulatory	332
chr15	89436655	89436987	EH38D4904263_89436655_89436987	regulatory	332
chr15	38129616	38129948	EH38D4865570_38129616_38129948	regulatory	332
chr15	37110239	37110571	EH38D2776790_37110239_37110571	regulatory	332
chr15	96703163	96703495	EH38D4909549_96703163_96703495	regulatory	332
chr15	36407672	36408004	EH38D2776065_36407672_36408004	regulatory	332
chr15	29670275	29670607	EH38D4860930_29670275_29670616	regulatory	332
chr15	59861541	59861872	EH38D2795007_59861541_59861872	regulatory	331
chr15	40922616	40922947	EH38D2780240_40922616_40922947	regulatory	331
chr15	82112009	82112340	EH38D4899414_82111990_82112340	regulatory	331
chr15	99408297	99408628	EH38D4911262_99408297_99408628	regulatory	331
chr15	53765383	53765714	EH38D2790156_53765383_53765714	regulatory	331
chr15	70147391	70147722	EH38D2805638_70147391_70147722	regulatory	331
chr15	97140189	97140520	EH38D4909728_97140189_97140520	regulatory	331
chr15	37819186	37819517	EH38D4865391_37819186_37819517	regulatory	331
chr15	95944245	95944576	EH38D2828731_95944245_95944576	regulatory	331
chr15	62887140	62887471	EH38D2797803_62887140_62887471	regulatory	331
chr15	88454978	88455309	EH38D2821948_88454978_88455309	regulatory	331
chr15	56536594	56536925	EH38D4876942_56536594_56536944	regulatory	331
chr15	92344033	92344364	EH38D4906989_92344033_92344364	regulatory	331
chr15	68492874	68493205	EH38D2803809_68492874_68493205	regulatory	331
chr15	37801483	37801814	EH38D2777124_37801483_37801814	regulatory	331
chr15	70475098	70475429	EH38D4888810_70475098_70475429	regulatory	331
chr15	56496588	56496919	EH38D2791836_56496588_56496919	regulatory	331
chr15	73817989	73818320	EH38D2809116_73817989_73818320	regulatory	331
chr15	37599208	37599539	EH38D2777011_37599208_37599539	regulatory	331
chr15	31473602	31473933	EH38D2772631_31473602_31473933	regulatory	331
chr15	84878522	84878853	EH38D4901173_84878522_84878853	regulatory	331
chr15	77506461	77506792	EH38D4895140_77506461_77506792	regulatory	331
chr15	54829874	54830205	EH38D4876093_54829874_54830205	regulatory	331
chr15	95620970	95621301	EH38D2828446_95620970_95621301	regulatory	331
chr15	43868455	43868785	EH38D4870287_43868455_43868785	regulatory	330
chr15	68561497	68561827	EH38D2803884_68561497_68561834	regulatory	330
chr15	23381186	23381516	EH38D4857286_23381186_23381516	regulatory	330
chr15	88708642	88708972	EH38D2822195_88708642_88708972	regulatory	330
chr15	82124753	82125083	EH38D4899428_82124753_82125083	regulatory	330
chr15	78395187	78395517	EH38D2813852_78395187_78395517	regulatory	330
chr15	44215618	44215948	EH38D2782871_44215618_44215948	regulatory	330
chr15	57335797	57336127	EH38D2792590_57335797_57336127	regulatory	330
chr15	69891018	69891348	EH38D2805309_69891018_69891348	regulatory	330
chr15	90817494	90817824	EH38D4905872_90817494_90817824	regulatory	330
chr15	85967141	85967471	EH38D2820134_85967141_85967471	regulatory	330
chr15	28106725	28107055	EH38D4859820_28106725_28107055	regulatory	330
chr15	73786612	73786942	EH38D4891218_73786612_73786942	regulatory	330
chr15	74771930	74772260	EH38D4892598_74771930_74772260	regulatory	330
chr15	31439361	31439691	EH38D4862158_31439361_31439691	regulatory	330
chr15	66904065	66904395	EH38D4885099_66904065_66904395	regulatory	330
chr15	59553990	59554320	EH38D4879039_59553990_59554320	regulatory	330
chr15	46278069	46278399	EH38D4871763_46278069_46278399	regulatory	330
chr15	99438665	99438995	EH38D4911323_99438665_99438995	regulatory	330
chr15	97085684	97086013	EH38D2829734_97085684_97086013	regulatory	329
chr15	74373672	74374001	EH38D4892088_74373672_74374001	regulatory	329
chr15	69939857	69940186	EH38D4888080_69939857_69940186	regulatory	329
chr15	70474463	70474792	EH38D4888808_70474463_70474792	regulatory	329
chr15	89085315	89085644	EH38D2822520_89085315_89085644	regulatory	329
chr15	95596499	95596828	EH38D2828418_95596499_95596828	regulatory	329
chr15	82741559	82741888	EH38D4899865_82741559_82741888	regulatory	329
chr15	59531168	59531497	EH38D4879018_59531168_59531506	regulatory	329
chr15	80609581	80609910	EH38D2815797_80609581_80609910	regulatory	329
chr15	70566045	70566374	EH38D4888940_70566045_70566374	regulatory	329
chr15	85344792	85345121	EH38D4901554_85344792_85345121	regulatory	329
chr15	54884351	54884680	EH38D4876111_54884351_54884680	regulatory	329
chr15	101529007	101529336	EH38D2833912_101529007_101529336	regulatory	329
chr15	25643926	25644255	EH38D4858319_25643906_25644255	regulatory	329
chr15	86021298	86021627	EH38D2820176_86021298_86021627	regulatory	329
chr15	94701626	94701955	EH38D2827751_94701626_94701955	regulatory	329
chr15	74051289	74051617	EH38D4891610_74051289_74051617	regulatory	328
chr15	64148611	64148939	EH38D2799262_64148589_64148939	regulatory	328
chr15	22265138	22265466	EH38D4856617_22265138_22265466	regulatory	328
chr15	70492758	70493086	EH38D4888841_70492758_70493106	regulatory	328
chr15	38226897	38227225	EH38D2777454_38226875_38227225	regulatory	328
chr15	76328357	76328685	EH38D2811731_76328357_76328685	regulatory	328
chr15	96641452	96641780	EH38D4909523_96641442_96641780	regulatory	328
chr15	67954758	67955086	EH38D2803216_67954758_67955100	regulatory	328
chr15	88571932	88572260	EH38D4903320_88571932_88572282	regulatory	328
chr15	46079070	46079398	EH38D4871712_46079070_46079398	regulatory	328
chr15	101173879	101174207	EH38D4913006_101173879_101174207	regulatory	328
chr15	35066112	35066440	EH38D4864201_35066112_35066440	regulatory	328
chr15	72232153	72232481	EH38D4890126_72232153_72232481	regulatory	328
chr15	60119141	60119469	EH38D4879353_60119141_60119475	regulatory	328
chr15	88896374	88896702	EH38D2822331_88896374_88896722	regulatory	328
chr15	68470410	68470738	EH38D2803789_68470410_68470738	regulatory	328
chr15	88275804	88276132	EH38D4903097_88275787_88276132	regulatory	328
chr15	68504251	68504579	EH38D4886647_68504251_68504592	regulatory	328
chr15	77510282	77510610	EH38D4895146_77510282_77510610	regulatory	328
chr15	31308306	31308634	EH38D2772399_31308306_31308634	regulatory	328
chr15	34514334	34514662	EH38D2774644_34514334_34514662	regulatory	328
chr15	25877721	25878049	EH38D4858624_25877700_25878049	regulatory	328
chr15	70807040	70807368	EH38D2806464_70807040_70807368	regulatory	328
chr15	63077978	63078306	EH38D4881269_63077978_63078306	regulatory	328
chr15	38620081	38620409	EH38D2777773_38620081_38620409	regulatory	328
chr15	48103621	48103948	EH38D4872460_48103621_48103963	regulatory	327
chr15	35876802	35877129	EH38D2775715_35876802_35877129	regulatory	327
chr15	53197377	53197704	EH38D4875516_53197377_53197704	regulatory	327
chr15	31272695	31273022	EH38D2772341_31272695_31273022	regulatory	327
chr15	70250874	70251201	EH38D2805793_70250874_70251201	regulatory	327
chr15	92600976	92601303	EH38D4907173_92600957_92601303	regulatory	327
chr15	88986990	88987317	EH38D2822422_88986990_88987317	regulatory	327
chr15	86066487	86066814	EH38D4902151_86066487_86066814	regulatory	327
chr15	39556444	39556771	EH38D2778726_39556444_39556771	regulatory	327
chr15	40892489	40892816	EH38D4867813_40892471_40892816	regulatory	327
chr15	59975992	59976319	EH38D4879263_59975992_59976319	regulatory	327
chr15	34729902	34730229	EH38D4864030_34729902_34730229	regulatory	327
chr15	22265665	22265992	EH38D4856618_22265665_22265992	regulatory	327
chr15	75456799	75457126	EH38D4893505_75456799_75457126	regulatory	327
chr15	66899968	66900295	EH38D2802026_66899968_66900295	regulatory	327
chr15	67917076	67917402	EH38D4886030_67917057_67917402	regulatory	326
chr15	60118320	60118646	EH38D2795237_60118300_60118646	regulatory	326
chr15	57923325	57923651	EH38D2793227_57923325_57923651	regulatory	326
chr15	41773384	41773710	EH38D4868577_41773384_41773710	regulatory	326
chr15	65227997	65228323	EH38D4883279_65227997_65228323	regulatory	326
chr15	63038052	63038378	EH38D2797981_63038052_63038378	regulatory	326
chr15	79773193	79773519	EH38D2814995_79773193_79773519	regulatory	326
chr15	26084052	26084378	EH38D4858765_26084052_26084378	regulatory	326
chr15	33292751	33293077	EH38D4863192_33292751_33293077	regulatory	326
chr15	53918363	53918689	EH38D2790253_53918363_53918689	regulatory	326
chr15	66269263	66269589	EH38D2801322_66269263_66269589	regulatory	326
chr15	44819617	44819943	EH38D4870860_44819594_44819943	regulatory	326
chr15	56467965	56468291	EH38D4876911_56467965_56468291	regulatory	326
chr15	31316226	31316552	EH38D4861954_31316226_31316552	regulatory	326
chr15	97084693	97085019	EH38D2829732_97084693_97085019	regulatory	326
chr15	37220464	37220790	EH38D2776861_37220464_37220790	regulatory	326
chr15	68524800	68525126	EH38D4886667_68524800_68525126	regulatory	326
chr15	63080680	63081006	EH38D4881270_63080680_63081006	regulatory	326
chr15	79595410	79595736	EH38D2814882_79595410_79595736	regulatory	326
chr15	97900030	97900356	EH38D4909983_97900030_97900356	regulatory	326
chr15	55770330	55770656	EH38D2791307_55770310_55770656	regulatory	326
chr15	48384643	48384969	EH38D2785838_48384631_48384969	regulatory	326
chr15	55109222	55109548	EH38D2790862_55109222_55109548	regulatory	326
chr15	43274173	43274499	EH38D4869916_43274173_43274523	regulatory	326
chr15	40328206	40328531	EH38D2779629_40328206_40328531	regulatory	325
chr15	56492266	56492591	EH38D4876925_56492266_56492591	regulatory	325
chr15	70246878	70247203	EH38D4888500_70246878_70247203	regulatory	325
chr15	70036566	70036891	EH38D2805472_70036541_70036891	regulatory	325
chr15	101617590	101617915	EH38D2834008_101617590_101617915	regulatory	325
chr15	60340606	60340931	EH38D2795414_60340606_60340931	regulatory	325
chr15	27549109	27549434	EH38D2770049_27549109_27549434	regulatory	325
chr15	72934979	72935304	EH38D2808329_72934979_72935304	regulatory	325
chr15	76342964	76343289	EH38D4894399_76342964_76343289	regulatory	325
chr15	87707108	87707433	EH38D2821292_87707108_87707433	regulatory	325
chr15	64806471	64806796	EH38D2799853_64806471_64806796	regulatory	325
chr15	42721026	42721351	EH38D4869575_42721026_42721376	regulatory	325
chr15	89443755	89444080	EH38D2822943_89443755_89444080	regulatory	325
chr15	52857483	52857808	EH38D2789675_52857483_52857808	regulatory	325
chr15	87203299	87203624	EH38D2820959_87203299_87203624	regulatory	325
chr15	22259833	22260158	EH38D4856607_22259833_22260158	regulatory	325
chr15	31438616	31438941	EH38D4862157_31438616_31438961	regulatory	325
chr15	96891078	96891403	EH38D2829597_96891078_96891403	regulatory	325
chr15	69125254	69125579	EH38D2804514_69125254_69125579	regulatory	325
chr15	69131642	69131967	EH38D4887310_69131642_69131967	regulatory	325
chr15	79526436	79526761	EH38D4897586_79526436_79526761	regulatory	325
chr15	89444227	89444552	EH38D2822944_89444227_89444552	regulatory	325
chr15	77885108	77885433	EH38D2813228_77885096_77885445	regulatory	325
chr15	29685745	29686070	EH38D4860954_29685745_29686070	regulatory	325
chr15	84979416	84979741	EH38D4901293_84979411_84979741	regulatory	325
chr15	74833388	74833713	EH38D4892722_74833388_74833713	regulatory	325
chr15	70463432	70463757	EH38D4888786_70463432_70463757	regulatory	325
chr15	48681344	48681668	EH38D4872764_48681344_48681668	regulatory	324
chr15	53455168	53455492	EH38D4875613_53455168_53455492	regulatory	324
chr15	37339712	37340036	EH38D4865231_37339712_37340036	regulatory	324
chr15	99450855	99451179	EH38D4911351_99450855_99451179	regulatory	324
chr15	74050885	74051209	EH38D2809399_74050885_74051220	regulatory	324
chr15	56052406	56052730	EH38D2791535_56052406_56052730	regulatory	324
chr15	62224020	62224344	EH38D4880550_62224020_62224368	regulatory	324
chr15	44904725	44905049	EH38D4870922_44904725_44905049	regulatory	324
chr15	92525509	92525833	EH38D4907118_92525509_92525833	regulatory	324
chr15	38411956	38412280	EH38D4865733_38411956_38412303	regulatory	324
chr15	74831818	74832142	EH38D4892718_74831818_74832142	regulatory	324
chr15	67998779	67999103	EH38D2803251_67998779_67999103	regulatory	324
chr15	40763268	40763592	EH38D2780048_40763268_40763592	regulatory	324
chr15	61817869	61818192	EH38D4880354_61817850_61818192	regulatory	323
chr15	88299509	88299832	EH38D4903113_88299509_88299832	regulatory	323
chr15	88714828	88715151	EH38D4903493_88714828_88715151	regulatory	323
chr15	28876858	28877181	EH38D4860174_28876858_28877181	regulatory	323
chr15	53834339	53834662	EH38D4875757_53834339_53834676	regulatory	323
chr15	101088243	101088566	EH38D2833314_101088243_101088566	regulatory	323
chr15	84397115	84397438	EH38D4900746_84397115_84397438	regulatory	323
chr15	28110460	28110783	EH38D2770482_28110460_28110783	regulatory	323
chr15	89998327	89998650	EH38D4904923_89998327_89998677	regulatory	323
chr15	72740283	72740606	EH38D4890448_72740283_72740632	regulatory	323
chr15	38086204	38086527	EH38D4865544_38086204_38086527	regulatory	323
chr15	98321026	98321349	EH38D4910221_98321026_98321349	regulatory	323
chr15	74404184	74404507	EH38D4892156_74404184_74404507	regulatory	323
chr15	70015644	70015967	EH38D4888156_70015644_70015967	regulatory	323
chr15	80031899	80032222	EH38D4897909_80031878_80032222	regulatory	323
chr15	41161458	41161781	EH38D4868057_41161458_41161781	regulatory	323
chr15	34496230	34496553	EH38D4863884_34496230_34496573	regulatory	323
chr15	87118435	87118758	EH38D2820901_87118435_87118758	regulatory	323
chr15	56491160	56491483	EH38D2791827_56491160_56491483	regulatory	323
chr15	74397391	74397713	EH38D4892140_74397391_74397713	regulatory	322
chr15	72811521	72811843	EH38D4890509_72811521_72811843	regulatory	322
chr15	62348147	62348469	EH38D2797182_62348147_62348469	regulatory	322
chr15	70433938	70434260	EH38D4888743_70433938_70434260	regulatory	322
chr15	42921441	42921763	EH38D4869693_42921441_42921791	regulatory	322
chr15	94703641	94703963	EH38D4908563_94703641_94703963	regulatory	322
chr15	63474856	63475178	EH38D2798558_63474850_63475178	regulatory	322
chr15	84947141	84947463	EH38D4901260_84947141_84947463	regulatory	322
chr15	37106733	37107055	EH38D4865143_37106733_37107055	regulatory	322
chr15	77507901	77508223	EH38D2812758_77507901_77508223	regulatory	322
chr15	37103021	37103343	EH38D4865138_37103021_37103343	regulatory	322
chr15	92813520	92813841	EH38D2826178_92813493_92813841	regulatory	321
chr15	60228662	60228983	EH38D2795336_60228662_60228983	regulatory	321
chr15	74709084	74709405	EH38D4892523_74709084_74709405	regulatory	321
chr15	38589545	38589866	EH38D4865849_38589545_38589866	regulatory	321
chr15	95868530	95868851	EH38D4909037_95868530_95868851	regulatory	321
chr15	101088806	101089127	EH38D4912863_101088806_101089127	regulatory	321
chr15	25889504	25889825	EH38D2768966_25889504_25889825	regulatory	321
chr15	99928396	99928717	EH38D4911685_99928396_99928717	regulatory	321
chr15	75836981	75837302	EH38D4893987_75836981_75837328	regulatory	321
chr15	95946260	95946581	EH38D4909084_95946260_95946581	regulatory	321
chr15	94700923	94701244	EH38D2827749_94700923_94701244	regulatory	321
chr15	64146090	64146411	EH38D4882231_64146087_64146411	regulatory	321
chr15	68578430	68578751	EH38D4886734_68578430_68578751	regulatory	321
chr15	42053071	42053392	EH38D4869045_42053071_42053392	regulatory	321
chr15	75308055	75308376	EH38D4893322_75308048_75308391	regulatory	321
chr15	26170660	26170981	EH38D4858800_26170660_26170981	regulatory	321
chr15	96416903	96417223	EH38D4909423_96416903_96417223	regulatory	320
chr15	40437161	40437481	EH38D4867317_40437161_40437481	regulatory	320
chr15	98421618	98421938	EH38D4910300_98421618_98421938	regulatory	320
chr15	77821479	77821799	EH38D4895639_77821479_77821805	regulatory	320
chr15	101147252	101147572	EH38D4912957_101147252_101147572	regulatory	320
chr15	28873121	28873441	EH38D4860170_28873091_28873441	regulatory	320
chr15	34132313	34132633	EH38D2774407_34132313_34132633	regulatory	320
chr15	96352017	96352337	EH38D4909352_96352017_96352337	regulatory	320
chr15	68009115	68009435	EH38D2803260_68009115_68009465	regulatory	320
chr15	85348110	85348430	EH38D4901559_85348110_85348430	regulatory	320
chr15	19944563	19944882	EH38D4855882_19944563_19944882	regulatory	319
chr15	60154986	60155305	EH38D4879375_60154986_60155305	regulatory	319
chr15	23423233	23423552	EH38D4857335_23423233_23423552	regulatory	319
chr15	40330925	40331244	EH38D2779633_40330925_40331244	regulatory	319
chr15	62901152	62901471	EH38D4881093_62901152_62901473	regulatory	319
chr15	36544796	36545115	EH38D4864799_36544796_36545115	regulatory	319
chr15	88567379	88567698	EH38D2822044_88567379_88567698	regulatory	319
chr15	101148574	101148893	EH38D4912959_101148574_101148893	regulatory	319
chr15	88383705	88384024	EH38D4903168_88383705_88384024	regulatory	319
chr15	63178082	63178401	EH38D2798175_63178082_63178425	regulatory	319
chr15	87219677	87219996	EH38D2820977_87219677_87219996	regulatory	319
chr15	20227452	20227770	EH38D2767028_20227452_20227799	regulatory	318
chr15	85997557	85997875	EH38D2820157_85997557_85997875	regulatory	318
chr15	45307338	45307656	EH38D4871290_45307338_45307687	regulatory	318
chr15	41490359	41490677	EH38D2780678_41490359_41490694	regulatory	318
chr15	70653850	70654168	EH38D4889017_70653850_70654168	regulatory	318
chr15	100651891	100652209	EH38D4912321_100651891_100652209	regulatory	318
chr15	88324415	88324733	EH38D4903125_88324415_88324765	regulatory	318
chr15	91316179	91316497	EH38D4906356_91316179_91316497	regulatory	318
chr15	46089475	46089793	EH38D4871713_46089475_46089793	regulatory	318
chr15	96849228	96849546	EH38D2829566_96849206_96849546	regulatory	318
chr15	22227564	22227882	EH38D4856539_22227564_22227882	regulatory	318
chr15	82057039	82057357	EH38D4899361_82057007_82057357	regulatory	318
chr15	89348901	89349219	EH38D2822798_89348901_89349219	regulatory	318
chr15	89341373	89341691	EH38D4904145_89341351_89341691	regulatory	318
chr15	60160096	60160414	EH38D2795283_60160096_60160414	regulatory	318
chr15	89019495	89019813	EH38D4903785_89019495_89019813	regulatory	318
chr15	92819063	92819381	EH38D4907410_92819063_92819381	regulatory	318
chr15	34674483	34674801	EH38D2774745_34674483_34674801	regulatory	318
chr15	97072605	97072923	EH38D4909701_97072590_97072923	regulatory	318
chr15	94225642	94225960	EH38D4908321_94225642_94225960	regulatory	318
chr15	94670460	94670777	EH38D4908546_94670460_94670777	regulatory	317
chr15	70604708	70605025	EH38D2806264_70604708_70605025	regulatory	317
chr15	23368826	23369143	EH38D4857273_23368826_23369143	regulatory	317
chr15	75672697	75673014	EH38D2811115_75672697_75673014	regulatory	317
chr15	31452883	31453200	EH38D2772602_31452883_31453202	regulatory	317
chr15	69891499	69891816	EH38D4888037_69891499_69891816	regulatory	317
chr15	61834126	61834443	EH38D4880364_61834126_61834443	regulatory	317
chr15	71067005	71067322	EH38D4889282_71067005_71067322	regulatory	317
chr15	82108515	82108832	EH38D4899408_82108515_82108832	regulatory	317
chr15	42100403	42100720	EH38D4869125_42100403_42100720	regulatory	317
chr15	48976068	48976385	EH38D4872920_48976068_48976385	regulatory	317
chr15	55796596	55796913	EH38D2791328_55796596_55796945	regulatory	317
chr15	70251611	70251928	EH38D4888508_70251611_70251928	regulatory	317
chr15	38078442	38078758	EH38D2777329_38078442_38078758	regulatory	316
chr15	97114989	97115305	EH38D2829747_97114989_97115305	regulatory	316
chr15	34692690	34693006	EH38D2774759_34692690_34693006	regulatory	316
chr15	89459226	89459542	EH38D4904295_89459194_89459542	regulatory	316
chr15	40137074	40137390	EH38D4866909_40137074_40137390	regulatory	316
chr15	51629633	51629949	EH38D2788520_51629633_51629949	regulatory	316
chr15	50238324	50238640	EH38D4873593_50238324_50238640	regulatory	316
chr15	75153149	75153465	EH38D4893114_75153115_75153465	regulatory	316
chr15	73781107	73781423	EH38D4891211_73781107_73781432	regulatory	316
chr15	69855310	69855626	EH38D2805265_69855310_69855626	regulatory	316
chr15	90000283	90000598	EH38D4904928_90000283_90000598	regulatory	315
chr15	25642244	25642559	EH38D2768696_25642244_25642559	regulatory	315
chr15	70265661	70265976	EH38D2805817_70265661_70265976	regulatory	315
chr15	52728972	52729287	EH38D2789542_52728972_52729287	regulatory	315
chr15	67199090	67199405	EH38D4885524_67199090_67199405	regulatory	315
chr15	46405181	46405496	EH38D2784373_46405181_46405496	regulatory	315
chr15	70098480	70098795	EH38D4888296_70098480_70098795	regulatory	315
chr15	36416782	36417097	EH38D2776072_36416782_36417097	regulatory	315
chr15	87711052	87711366	EH38D4902737_87711052_87711366	regulatory	314
chr15	77546068	77546382	EH38D2812820_77546035_77546382	regulatory	314
chr15	84949954	84950268	EH38D4901261_84949954_84950268	regulatory	314
chr15	69862920	69863234	EH38D2805279_69862920_69863234	regulatory	314
chr15	34126488	34126802	EH38D4863662_34126488_34126802	regulatory	314
chr15	97061415	97061729	EH38D4909693_97061415_97061729	regulatory	314
chr15	98620067	98620381	EH38D4910481_98620067_98620381	regulatory	314
chr15	38127370	38127684	EH38D2777362_38127370_38127684	regulatory	314
chr15	72824166	72824480	EH38D2808249_72824166_72824480	regulatory	314
chr15	41483563	41483877	EH38D4868319_41483549_41483898	regulatory	314
chr15	74530014	74530328	EH38D4892313_74529978_74530328	regulatory	314
chr15	98605069	98605383	EH38D4910462_98605035_98605383	regulatory	314
chr15	49831605	49831919	EH38D4873368_49831605_49831953	regulatory	314
chr15	40081707	40082021	EH38D2779328_40081707_40082021	regulatory	314
chr15	41584838	41585152	EH38D4868463_41584838_41585152	regulatory	314
chr15	73033677	73033991	EH38D2808428_73033663_73033991	regulatory	314
chr15	57343412	57343725	EH38D2792600_57343412_57343725	regulatory	313
chr15	37702439	37702752	EH38D2777054_37702439_37702752	regulatory	313
chr15	56495084	56495397	EH38D4876928_56495084_56495426	regulatory	313
chr15	82530564	82530877	EH38D4899669_82530564_82530877	regulatory	313
chr15	59722104	59722417	EH38D2794914_59722104_59722417	regulatory	313
chr15	48976432	48976745	EH38D4872921_48976432_48976745	regulatory	313
chr15	59779743	59780056	EH38D2794942_59779743_59780056	regulatory	313
chr15	96870666	96870979	EH38D2829581_96870666_96870979	regulatory	313
chr15	99472408	99472721	EH38D2831704_99472382_99472721	regulatory	313
chr15	66842283	66842596	EH38D4884998_66842283_66842633	regulatory	313
chr15	77910118	77910431	EH38D4895801_77910118_77910431	regulatory	313
chr15	65085473	65085786	EH38D4883111_65085437_65085786	regulatory	313
chr15	73436670	73436983	EH38D4890946_73436670_73436983	regulatory	313
chr15	91775945	91776258	EH38D2825153_91775945_91776258	regulatory	313
chr15	62890151	62890464	EH38D4881081_62890151_62890500	regulatory	313
chr15	19844110	19844423	EH38D4855865_19844110_19844423	regulatory	313
chr15	69988582	69988894	EH38D4888118_69988582_69988894	regulatory	312
chr15	96600785	96601097	EH38D2829411_96600785_96601097	regulatory	312
chr15	48370515	48370827	EH38D2785827_48370515_48370827	regulatory	312
chr15	34456704	34457016	EH38D4863867_34456694_34457016	regulatory	312
chr15	59848055	59848367	EH38D4879200_59848055_59848367	regulatory	312
chr15	69922260	69922572	EH38D4888074_69922260_69922572	regulatory	312
chr15	99917345	99917657	EH38D4911677_99917329_99917657	regulatory	312
chr15	79431998	79432310	EH38D4897534_79431998_79432310	regulatory	312
chr15	90859833	90860145	EH38D2824366_90859833_90860182	regulatory	312
chr15	56533195	56533507	EH38D2791850_56533157_56533507	regulatory	312
chr15	31307561	31307873	EH38D4861937_31307561_31307873	regulatory	312
chr15	68517735	68518047	EH38D4886663_68517735_68518047	regulatory	312
chr15	90836375	90836687	EH38D2824342_90836339_90836687	regulatory	312
chr15	40928361	40928673	EH38D4867882_40928361_40928673	regulatory	312
chr15	74540893	74541205	EH38D4892324_74540893_74541238	regulatory	312
chr15	34737600	34737912	EH38D4864034_34737600_34737924	regulatory	312
chr15	70460042	70460354	EH38D2806073_70460042_70460381	regulatory	312
chr15	89975939	89976251	EH38D4904905_89975939_89976287	regulatory	312
chr15	48394998	48395309	EH38D2785855_48394998_48395309	regulatory	311
chr15	70342864	70343175	EH38D4888614_70342850_70343175	regulatory	311
chr15	57580477	57580788	EH38D4877619_57580477_57580788	regulatory	311
chr15	82100472	82100783	EH38D4899395_82100472_82100783	regulatory	311
chr15	61746638	61746949	EH38D4880318_61746638_61746949	regulatory	311
chr15	63873130	63873441	EH38D2798962_63873130_63873469	regulatory	311
chr15	69916205	69916516	EH38D4888062_69916166_69916516	regulatory	311
chr15	70452188	70452499	EH38D4888774_70452188_70452537	regulatory	311
chr15	59591448	59591759	EH38D2794798_59591448_59591759	regulatory	311
chr15	31265286	31265597	EH38D4861859_31265286_31265597	regulatory	311
chr15	64840727	64841038	EH38D4882802_64840727_64841069	regulatory	311
chr15	96728590	96728901	EH38D4909555_96728590_96728938	regulatory	311
chr15	62119397	62119708	EH38D2797012_62119397_62119708	regulatory	311
chr15	32716280	32716591	EH38D2773152_32716280_32716591	regulatory	311
chr15	98611082	98611392	EH38D4910470_98611082_98611392	regulatory	310
chr15	70503452	70503762	EH38D4888860_70503452_70503763	regulatory	310
chr15	59904536	59904846	EH38D4879230_59904500_59904846	regulatory	310
chr15	49718268	49718578	EH38D2786997_49718268_49718615	regulatory	310
chr15	85753843	85754153	EH38D4901905_85753843_85754153	regulatory	310
chr15	99492814	99493124	EH38D4911409_99492814_99493125	regulatory	310
chr15	48985547	48985857	EH38D4872927_48985547_48985857	regulatory	310
chr15	77038757	77039067	EH38D4894853_77038757_77039067	regulatory	310
chr15	34616634	34616944	EH38D2774703_34616634_34616944	regulatory	310
chr15	74730932	74731242	EH38D4892546_74730932_74731242	regulatory	310
chr15	62137510	62137820	EH38D4880498_62137510_62137820	regulatory	310
chr15	26179994	26180304	EH38D2769208_26179994_26180304	regulatory	310
chr15	63075070	63075380	EH38D2798073_63075070_63075411	regulatory	310
chr15	37111368	37111678	EH38D4865145_37111358_37111678	regulatory	310
chr15	88605229	88605539	EH38D4903338_88605229_88605539	regulatory	310
chr15	78951963	78952273	EH38D4897094_78951963_78952312	regulatory	310
chr15	77864205	77864515	EH38D2813198_77864205_77864515	regulatory	310
chr15	88284596	88284906	EH38D2821809_88284565_88284906	regulatory	310
chr15	53197033	53197342	EH38D2789812_53197033_53197342	regulatory	309
chr15	62104539	62104848	EH38D4880477_62104539_62104848	regulatory	309
chr15	89760281	89760590	EH38D4904611_89760281_89760629	regulatory	309
chr15	37593907	37594216	EH38D2777007_37593907_37594216	regulatory	309
chr15	96720673	96720982	EH38D2829482_96720673_96720982	regulatory	309
chr15	59818371	59818680	EH38D4879186_59818371_59818680	regulatory	309
chr15	46188736	46189045	EH38D2784261_46188736_46189045	regulatory	309
chr15	78507254	78507563	EH38D4896597_78507254_78507604	regulatory	309
chr15	23422645	23422954	EH38D4857333_23422645_23422992	regulatory	309
chr15	59834313	59834622	EH38D2794985_59834313_59834622	regulatory	309
chr15	77926846	77927155	EH38D4895827_77926826_77927163	regulatory	309
chr15	74442677	74442986	EH38D4892227_74442677_74443022	regulatory	309
chr15	37792368	37792677	EH38D2777117_37792368_37792677	regulatory	309
chr15	75274826	75275135	EH38D4893303_75274826_75275135	regulatory	309
chr15	31266115	31266424	EH38D4861861_31266115_31266464	regulatory	309
chr15	98599967	98600276	EH38D4910458_98599967_98600276	regulatory	309
chr15	63179112	63179421	EH38D2798177_63179112_63179460	regulatory	309
chr15	45704258	45704566	EH38D4871574_45704258_45704566	regulatory	308
chr15	36358544	36358852	EH38D4864702_36358544_36358852	regulatory	308
chr15	100703174	100703482	EH38D2832796_100703133_100703482	regulatory	308
chr15	48695872	48696180	EH38D4872770_48695872_48696180	regulatory	308
chr15	72899036	72899344	EH38D4890580_72899036_72899344	regulatory	308
chr15	99412571	99412879	EH38D4911270_99412571_99412879	regulatory	308
chr15	72237878	72238186	EH38D4890133_72237850_72238186	regulatory	308
chr15	101167842	101168150	EH38D4912995_101167842_101168150	regulatory	308
chr15	96416592	96416900	EH38D4909422_96416592_96416900	regulatory	308
chr15	70214366	70214674	EH38D4888469_70214366_70214716	regulatory	308
chr15	70218960	70219268	EH38D4888477_70218960_70219268	regulatory	308
chr15	98311614	98311922	EH38D4910213_98311614_98311922	regulatory	308
chr15	59739788	59740096	EH38D4879159_59739749_59740096	regulatory	308
chr15	99512071	99512379	EH38D4911444_99512071_99512379	regulatory	308
chr15	90859251	90859559	EH38D4905934_90859251_90859559	regulatory	308
chr15	52730623	52730930	EH38D4875309_52730623_52730930	regulatory	307
chr15	43316368	43316675	EH38D4869954_43316368_43316675	regulatory	307
chr15	83439867	83440174	EH38D2818111_83439867_83440174	regulatory	307
chr15	63013369	63013676	EH38D4881186_63013369_63013676	regulatory	307
chr15	64731300	64731607	EH38D4882679_64731300_64731607	regulatory	307
chr15	68554052	68554359	EH38D4886696_68554043_68554359	regulatory	307
chr15	89230243	89230550	EH38D2822697_89230241_89230550	regulatory	307
chr15	77037719	77038026	EH38D4894850_77037719_77038026	regulatory	307
chr15	66853365	66853672	EH38D4885027_66853365_66853707	regulatory	307
chr15	89002321	89002628	EH38D4903768_89002278_89002628	regulatory	307
chr15	25624571	25624878	EH38D4858308_25624571_25624878	regulatory	307
chr15	88933040	88933346	EH38D4903712_88933040_88933346	regulatory	306
chr15	66981787	66982093	EH38D2802123_66981787_66982093	regulatory	306
chr15	37148778	37149084	EH38D4865166_37148778_37149084	regulatory	306
chr15	70142890	70143196	EH38D4888356_70142890_70143196	regulatory	306
chr15	70470510	70470816	EH38D4888800_70470510_70470816	regulatory	306
chr15	88897842	88898148	EH38D2822334_88897842_88898148	regulatory	306
chr15	42921900	42922206	EH38D2781990_42921863_42922206	regulatory	306
chr15	77495809	77496115	EH38D2812739_77495809_77496115	regulatory	306
chr15	73636485	73636791	EH38D4891055_73636485_73636802	regulatory	306
chr15	86014160	86014466	EH38D4902128_86014160_86014466	regulatory	306
chr15	95875214	95875520	EH38D4909044_95875214_95875563	regulatory	306
chr15	70253073	70253379	EH38D4888512_70253073_70253404	regulatory	306
chr15	31326397	31326703	EH38D4861970_31326397_31326745	regulatory	306
chr15	82806070	82806376	EH38D4899912_82806034_82806380	regulatory	306
chr15	53324172	53324478	EH38D2789881_53324172_53324478	regulatory	306
chr15	75214328	75214633	EH38D4893215_75214328_75214633	regulatory	305
chr15	75672080	75672385	EH38D4893744_75672080_75672385	regulatory	305
chr15	72971438	72971743	EH38D2808359_72971438_72971743	regulatory	305
chr15	59711513	59711818	EH38D2794909_59711513_59711818	regulatory	305
chr15	31262817	31263122	EH38D4861852_31262817_31263159	regulatory	305
chr15	101540608	101540913	EH38D4913557_101540592_101540913	regulatory	305
chr15	44804319	44804624	EH38D4870847_44804319_44804667	regulatory	305
chr15	44798870	44799175	EH38D4870840_44798834_44799175	regulatory	305
chr15	69865401	69865706	EH38D2805282_69865401_69865706	regulatory	305
chr15	76964188	76964493	EH38D2812183_76964188_76964493	regulatory	305
chr15	85800507	85800812	EH38D4902003_85800507_85800855	regulatory	305
chr15	89917627	89917932	EH38D2823406_89917627_89917977	regulatory	305
chr15	48675479	48675784	EH38D4872760_48675479_48675784	regulatory	305
chr15	60264131	60264435	EH38D4879424_60264131_60264435	regulatory	304
chr15	37608000	37608304	EH38D4865318_37608000_37608304	regulatory	304
chr15	57916698	57917002	EH38D4877809_57916698_57917045	regulatory	304
chr15	97078067	97078371	EH38D4909704_97078067_97078371	regulatory	304
chr15	63006368	63006672	EH38D2797942_63006368_63006718	regulatory	304
chr15	82106740	82107044	EH38D4899406_82106740_82107044	regulatory	304
chr15	70474793	70475097	EH38D4888809_70474793_70475097	regulatory	304
chr15	70764364	70764668	EH38D4889084_70764364_70764668	regulatory	304
chr15	69128734	69129038	EH38D4887308_69128734_69129038	regulatory	304
chr15	56539198	56539502	EH38D2791861_56539198_56539502	regulatory	304
chr15	39462745	39463049	EH38D4866362_39462713_39463049	regulatory	304
chr15	54687698	54688002	EH38D2790675_54687698_54688002	regulatory	304
chr15	99961195	99961498	EH38D4911714_99961195_99961536	regulatory	303
chr15	77859717	77860020	EH38D4895700_77859717_77860020	regulatory	303
chr15	71079376	71079679	EH38D2806664_71079370_71079679	regulatory	303
chr15	85935243	85935546	EH38D2820103_85935243_85935546	regulatory	303
chr15	79106740	79107043	EH38D2814521_79106740_79107043	regulatory	303
chr15	45430275	45430578	EH38D4871370_45430275_45430612	regulatory	303
chr15	70111402	70111705	EH38D2805596_70111402_70111716	regulatory	303
chr15	95550410	95550713	EH38D2828376_95550410_95550737	regulatory	303
chr15	43275771	43276074	EH38D4869917_43275771_43276074	regulatory	303
chr15	101255991	101256294	EH38D2833561_101255991_101256294	regulatory	303
chr15	87265444	87265747	EH38D4902565_87265444_87265747	regulatory	303
chr15	63169820	63170123	EH38D4881345_63169820_63170165	regulatory	303
chr15	63041074	63041377	EH38D2797988_63041074_63041377	regulatory	303
chr15	37878444	37878747	EH38D4865419_37878444_37878747	regulatory	303
chr15	101122874	101123177	EH38D4912918_101122874_101123177	regulatory	303
chr15	96803807	96804110	EH38D2829541_96803807_96804110	regulatory	303
chr15	100690024	100690327	EH38D4912354_100690024_100690327	regulatory	303
chr15	78738169	78738472	EH38D4896803_78738169_78738472	regulatory	303
chr15	19965624	19965927	EH38D4855887_19965624_19965927	regulatory	303
chr15	89822037	89822340	EH38D4904736_89821995_89822340	regulatory	303
chr15	92523230	92523532	EH38D4907113_92523230_92523539	regulatory	302
chr15	34991477	34991779	EH38D2774999_34991434_34991779	regulatory	302
chr15	49848142	49848444	EH38D2787093_49848142_49848478	regulatory	302
chr15	70512796	70513098	EH38D2806156_70512748_70513098	regulatory	302
chr15	61749223	61749525	EH38D4880319_61749177_61749525	regulatory	302
chr15	69870075	69870377	EH38D4888025_69870027_69870377	regulatory	302
chr15	87829728	87830030	EH38D4902798_87829691_87830030	regulatory	302
chr15	39504850	39505152	EH38D4866382_39504850_39505152	regulatory	302
chr15	61266953	61267255	EH38D4880133_61266953_61267255	regulatory	302
chr15	23871997	23872299	EH38D4857526_23871997_23872346	regulatory	302
chr15	32716967	32717269	EH38D4862804_32716967_32717305	regulatory	302
chr15	73956309	73956611	EH38D4891459_73956309_73956611	regulatory	302
chr15	67946830	67947132	EH38D4886061_67946830_67947132	regulatory	302
chr15	101135587	101135889	EH38D2833392_101135574_101135919	regulatory	302
chr15	90856830	90857132	EH38D4905931_90856830_90857132	regulatory	302
chr15	88708325	88708627	EH38D2822194_88708325_88708627	regulatory	302
chr15	79116043	79116344	EH38D4897318_79116043_79116344	regulatory	301
chr15	98611863	98612164	EH38D4910471_98611819_98612164	regulatory	301
chr15	36498021	36498322	EH38D2776136_36498021_36498322	regulatory	301
chr15	34516238	34516539	EH38D2774649_34516238_34516539	regulatory	301
chr15	70767709	70768010	EH38D4889087_70767709_70768041	regulatory	301
chr15	62982982	62983283	EH38D4881161_62982982_62983283	regulatory	301
chr15	37205153	37205454	EH38D2776851_37205153_37205486	regulatory	301
chr15	85343486	85343787	EH38D2819405_85343486_85343813	regulatory	301
chr15	40349213	40349514	EH38D4867181_40349213_40349544	regulatory	301
chr15	64728236	64728537	EH38D4882674_64728236_64728537	regulatory	301
chr15	66903730	66904031	EH38D4885098_66903681_66904031	regulatory	301
chr15	63166314	63166615	EH38D4881344_63166314_63166615	regulatory	301
chr15	40927522	40927823	EH38D4867880_40927522_40927864	regulatory	301
chr15	68775689	68775990	EH38D4887000_68775640_68775990	regulatory	301
chr15	75176407	75176707	EH38D4893146_75176364_75176707	regulatory	300
chr15	66842716	66843016	EH38D4884999_66842716_66843016	regulatory	300
chr15	39535468	39535768	EH38D4866402_39535468_39535768	regulatory	300
chr15	35014268	35014568	EH38D2775015_35014268_35014596	regulatory	300
chr15	31871161	31871461	EH38D2772867_31871161_31871461	regulatory	300
chr15	37765757	37766057	EH38D4865365_37765757_37766107	regulatory	300
chr15	55004556	55004856	EH38D4876141_55004527_55004856	regulatory	300
chr15	101137838	101138138	EH38D4912936_101137838_101138138	regulatory	300
chr15	31263340	31263640	EH38D4861853_31263290_31263640	regulatory	300
chr15	72237422	72237722	EH38D4890132_72237422_72237768	regulatory	300
chr15	73789593	73789893	EH38D2809085_73789593_73789893	regulatory	300
chr15	64807375	64807675	EH38D4882763_64807375_64807675	regulatory	300
chr15	90082359	90082659	EH38D2823579_90082359_90082659	regulatory	300
chr15	52735526	52735826	EH38D4875315_52735526_52735826	regulatory	300
chr15	62945805	62946105	EH38D2797873_62945779_62946105	regulatory	300
chr15	79993421	79993721	EH38D4897866_79993421_79993721	regulatory	300
chr15	76329024	76329324	EH38D2811732_76329024_76329324	regulatory	300
chr15	62299575	62299875	EH38D4880615_62299575_62299925	regulatory	300
chr15	70200719	70201019	EH38D2805728_70200719_70201019	regulatory	300
chr15	53808218	53808518	EH38D2790176_53808208_53808518	regulatory	300
chr15	101528349	101528649	EH38D4913529_101528301_101528649	regulatory	300
chr15	73959103	73959402	EH38D2809291_73959103_73959453	regulatory	299
chr15	23467066	23467365	EH38D2767754_23467022_23467365	regulatory	299
chr15	85373273	85373572	EH38D4901584_85373273_85373603	regulatory	299
chr15	46300764	46301063	EH38D2784318_46300764_46301063	regulatory	299
chr15	39427195	39427494	EH38D4866339_39427146_39427494	regulatory	299
chr15	46298453	46298752	EH38D2784315_46298453_46298752	regulatory	299
chr15	70156680	70156979	EH38D4888379_70156680_70157023	regulatory	299
chr15	62113603	62113902	EH38D4880483_62113603_62113902	regulatory	299
chr15	48062525	48062824	EH38D4872440_48062525_48062824	regulatory	299
chr15	96352379	96352678	EH38D4909353_96352379_96352713	regulatory	299
chr15	76333886	76334185	EH38D4894372_76333886_76334185	regulatory	299
chr15	77910658	77910957	EH38D4895803_77910658_77910957	regulatory	299
chr15	60194713	60195012	EH38D4879396_60194669_60195012	regulatory	299
chr15	73897400	73897699	EH38D4891348_73897400_73897699	regulatory	299
chr15	26235428	26235727	EH38D2769244_26235428_26235727	regulatory	299
chr15	53034871	53035169	EH38D4875471_53034871_53035213	regulatory	298
chr15	62083320	62083618	EH38D2796970_62083320_62083618	regulatory	298
chr15	68525260	68525558	EH38D2803839_68525260_68525558	regulatory	298
chr15	43268769	43269067	EH38D4869907_43268769_43269067	regulatory	298
chr15	70802715	70803013	EH38D4889122_70802665_70803013	regulatory	298
chr15	91802176	91802474	EH38D2825176_91802176_91802474	regulatory	298
chr15	70643780	70644078	EH38D2806303_70643736_70644078	regulatory	298
chr15	40941477	40941775	EH38D2780276_40941477_40941775	regulatory	298
chr15	70289539	70289837	EH38D4888577_70289539_70289837	regulatory	298
chr15	59591901	59592199	EH38D4879064_59591901_59592199	regulatory	298
chr15	48964567	48964865	EH38D2786427_48964567_48964865	regulatory	298
chr15	42107481	42107779	EH38D4869138_42107481_42107810	regulatory	298
chr15	52103504	52103802	EH38D4874818_52103504_52103851	regulatory	298
chr15	99507500	99507798	EH38D2831755_99507500_99507798	regulatory	298
chr15	53308336	53308634	EH38D2789871_53308285_53308634	regulatory	298
chr15	80033540	80033837	EH38D4897912_80033490_80033837	regulatory	297
chr15	70426151	70426448	EH38D4888731_70426143_70426448	regulatory	297
chr15	72156051	72156348	EH38D4890008_72156051_72156348	regulatory	297
chr15	95883832	95884129	EH38D4909051_95883832_95884129	regulatory	297
chr15	54675298	54675595	EH38D2790667_54675298_54675595	regulatory	297
chr15	31262152	31262449	EH38D4861850_31262152_31262449	regulatory	297
chr15	41605593	41605890	EH38D4868492_41605593_41605890	regulatory	297
chr15	63076703	63077000	EH38D4881268_63076655_63077000	regulatory	297
chr15	63075660	63075957	EH38D2798074_63075660_63075957	regulatory	297
chr15	52791078	52791375	EH38D2789608_52791062_52791375	regulatory	297
chr15	22231682	22231979	EH38D4856549_22231682_22232025	regulatory	297
chr15	89783480	89783776	EH38D4904656_89783480_89783828	regulatory	296
chr15	35078564	35078860	EH38D4864209_35078564_35078860	regulatory	296
chr15	32701381	32701677	EH38D2773134_32701330_32701677	regulatory	296
chr15	62071741	62072037	EH38D4880465_62071734_62072037	regulatory	296
chr15	78420303	78420599	EH38D4896534_78420255_78420599	regulatory	296
chr15	57566874	57567170	EH38D2792884_57566853_57567198	regulatory	296
chr15	40117112	40117408	EH38D4866882_40117112_40117408	regulatory	296
chr15	71096655	71096951	EH38D4889297_71096655_71097001	regulatory	296
chr15	70262637	70262933	EH38D4888531_70262637_70262933	regulatory	296
chr15	25644272	25644568	EH38D4858320_25644272_25644568	regulatory	296
chr15	26970884	26971180	EH38D4859151_26970884_26971194	regulatory	296
chr15	70252397	70252693	EH38D4888510_70252345_70252693	regulatory	296
chr15	74395596	74395891	EH38D4892138_74395596_74395891	regulatory	295
chr15	59902387	59902682	EH38D4879228_59902387_59902682	regulatory	295
chr15	49064308	49064603	EH38D2786523_49064308_49064603	regulatory	295
chr15	48987951	48988246	EH38D4872930_48987951_48988258	regulatory	295
chr15	88917765	88918060	EH38D4903697_88917765_88918109	regulatory	295
chr15	70172975	70173270	EH38D4888404_70172975_70173311	regulatory	295
chr15	36331668	36331963	EH38D2776003_36331668_36331963	regulatory	295
chr15	88396467	88396762	EH38D4903183_88396421_88396762	regulatory	295
chr15	36550693	36550988	EH38D2776180_36550693_36550988	regulatory	295
chr15	49830471	49830766	EH38D4873367_49830471_49830766	regulatory	295
chr15	40876778	40877073	EH38D4867802_40876778_40877073	regulatory	295
chr15	48119330	48119625	EH38D4872471_48119330_48119625	regulatory	295
chr15	40436505	40436800	EH38D4867315_40436505_40436800	regulatory	295
chr15	97059564	97059859	EH38D2829705_97059564_97059859	regulatory	295
chr15	84811897	84812192	EH38D4901067_84811895_84812192	regulatory	295
chr15	27573837	27574132	EH38D4859428_27573837_27574132	regulatory	295
chr15	96593762	96594056	EH38D4909504_96593762_96594056	regulatory	294
chr15	60414132	60414426	EH38D2795552_60414132_60414474	regulatory	294
chr15	74832842	74833136	EH38D4892721_74832842_74833179	regulatory	294
chr15	36332314	36332608	EH38D2776005_36332258_36332608	regulatory	294
chr15	38243697	38243991	EH38D2777467_38243697_38243991	regulatory	294
chr15	59993360	59993654	EH38D4879269_59993360_59993654	regulatory	294
chr15	42926726	42927020	EH38D4869694_42926726_42927020	regulatory	294
chr15	55784281	55784575	EH38D2791317_55784281_55784575	regulatory	294
chr15	98648244	98648538	EH38D4910508_98648244_98648594	regulatory	294
chr15	37872773	37873067	EH38D4865416_37872773_37873067	regulatory	294
chr15	72912191	72912485	EH38D2808314_72912191_72912485	regulatory	294
chr15	64808839	64809133	EH38D2799857_64808839_64809162	regulatory	294
chr15	79596046	79596340	EH38D4897615_79596046_79596395	regulatory	294
chr15	69119650	69119944	EH38D2804510_69119650_69119944	regulatory	294
chr15	66785725	66786019	EH38D4884908_66785685_66786019	regulatory	294
chr15	55792408	55792702	EH38D4876566_55792408_55792702	regulatory	294
chr15	76336478	76336772	EH38D2811743_76336478_76336827	regulatory	294
chr15	80604772	80605065	EH38D2815790_80604772_80605065	regulatory	293
chr15	70794589	70794882	EH38D2806451_70794589_70794882	regulatory	293
chr15	48703594	48703887	EH38D4872775_48703594_48703887	regulatory	293
chr15	39438323	39438616	EH38D4866347_39438272_39438616	regulatory	293
chr15	72962126	72962419	EH38D4890604_72962126_72962419	regulatory	293
chr15	78306134	78306427	EH38D4896388_78306134_78306477	regulatory	293
chr15	74777447	74777740	EH38D4892608_74777447_74777740	regulatory	293
chr15	63388497	63388790	EH38D4881548_63388497_63388844	regulatory	293
chr15	21270540	21270833	EH38D4856433_21270486_21270833	regulatory	293
chr15	59994549	59994842	EH38D2795102_59994549_59994842	regulatory	293
chr15	99486511	99486804	EH38D4911401_99486511_99486860	regulatory	293
chr15	85838681	85838974	EH38D4902035_85838681_85839030	regulatory	293
chr15	67196204	67196497	EH38D4885518_67196204_67196497	regulatory	293
chr15	55102322	55102615	EH38D4876178_55102316_55102615	regulatory	293
chr15	60128762	60129055	EH38D2795254_60128762_60129055	regulatory	293
chr15	95590751	95591044	EH38D2828413_95590751_95591044	regulatory	293
chr15	68026078	68026370	EH38D2803279_68026075_68026400	regulatory	292
chr15	47182880	47183172	EH38D4871997_47182880_47183172	regulatory	292
chr15	100713435	100713727	EH38D4912380_100713379_100713727	regulatory	292
chr15	59724961	59725253	EH38D4879154_59724945_59725253	regulatory	292
chr15	28875674	28875966	EH38D2770719_28875674_28875971	regulatory	292
chr15	34841227	34841519	EH38D2774901_34841227_34841519	regulatory	292
chr15	42103839	42104131	EH38D4869130_42103839_42104131	regulatory	292
chr15	101105124	101105416	EH38D2833342_101105083_101105416	regulatory	292
chr15	63480859	63481151	EH38D4881632_63480859_63481161	regulatory	292
chr15	90828228	90828520	EH38D4905897_90828228_90828520	regulatory	292
chr15	85253336	85253628	EH38D4901464_85253336_85253633	regulatory	292
chr15	40878868	40879160	EH38D2780184_40878868_40879185	regulatory	292
chr15	37260308	37260600	EH38D4865206_37260308_37260600	regulatory	292
chr15	77966830	77967122	EH38D4895876_77966830_77967122	regulatory	292
chr15	27681091	27681382	EH38D4859488_27681080_27681382	regulatory	291
chr15	39455833	39456124	EH38D4866358_39455833_39456124	regulatory	291
chr15	78912388	78912679	EH38D4897026_78912388_78912679	regulatory	291
chr15	31303713	31304004	EH38D2772386_31303663_31304004	regulatory	291
chr15	26082305	26082596	EH38D4858763_26082247_26082596	regulatory	291
chr15	84588498	84588789	EH38D2818707_84588498_84588838	regulatory	291
chr15	53201701	53201992	EH38D2789815_53201701_53202048	regulatory	291
chr15	31301064	31301355	EH38D4861924_31301064_31301355	regulatory	291
chr15	59741383	59741674	EH38D4879161_59741383_59741674	regulatory	291
chr15	70387159	70387450	EH38D4888683_70387159_70387450	regulatory	291
chr15	84748300	84748591	EH38D4900987_84748300_84748650	regulatory	291
chr15	57893043	57893334	EH38D2793199_57893043_57893334	regulatory	291
chr15	23395055	23395346	EH38D4857297_23395055_23395346	regulatory	291
chr15	63473076	63473366	EH38D4881620_63473076_63473366	regulatory	290
chr15	55743409	55743699	EH38D2791285_55743385_55743699	regulatory	290
chr15	70217229	70217519	EH38D2805749_70217229_70217570	regulatory	290
chr15	82336353	82336643	EH38D4899594_82336344_82336643	regulatory	290
chr15	95846750	95847040	EH38D4909026_95846750_95847040	regulatory	290
chr15	66795881	66796171	EH38D4884924_66795881_66796230	regulatory	290
chr15	39455534	39455824	EH38D2778624_39455534_39455824	regulatory	290
chr15	70140648	70140938	EH38D4888353_70140648_70140998	regulatory	290
chr15	34969742	34970032	EH38D4864147_34969684_34970032	regulatory	290
chr15	54836083	54836372	EH38D2790741_54836083_54836372	regulatory	289
chr15	44820724	44821013	EH38D4870862_44820724_44821013	regulatory	289
chr15	77893826	77894115	EH38D4895760_77893826_77894115	regulatory	289
chr15	89221631	89221920	EH38D4904038_89221631_89221976	regulatory	289
chr15	39532421	39532710	EH38D4866398_39532421_39532710	regulatory	289
chr15	58571881	58572170	EH38D4878326_58571881_58572170	regulatory	289
chr15	29572163	29572452	EH38D4860876_29572131_29572452	regulatory	289
chr15	55125068	55125357	EH38D4876195_55125068_55125357	regulatory	289
chr15	48987181	48987470	EH38D2786456_48987181_48987470	regulatory	289
chr15	96416129	96416418	EH38D4909421_96416129_96416418	regulatory	289
chr15	70447164	70447453	EH38D4888766_70447164_70447453	regulatory	289
chr15	78301369	78301658	EH38D4896383_78301369_78301658	regulatory	289
chr15	96495463	96495751	EH38D4909467_96495463_96495751	regulatory	288
chr15	53512084	53512372	EH38D4875630_53512084_53512372	regulatory	288
chr15	46043376	46043664	EH38D2784194_46043341_46043664	regulatory	288
chr15	72994865	72995153	EH38D4890615_72994865_72995153	regulatory	288
chr15	57346028	57346316	EH38D4877407_57346028_57346316	regulatory	288
chr15	72818596	72818884	EH38D4890512_72818596_72818884	regulatory	288
chr15	70271885	70272173	EH38D2805828_70271885_70272173	regulatory	288
chr15	40080899	40081187	EH38D2779326_40080898_40081225	regulatory	288
chr15	73049625	73049913	EH38D4890649_73049625_73049913	regulatory	288
chr15	68730698	68730986	EH38D4886966_68730698_68730986	regulatory	288
chr15	23438167	23438455	EH38D4857349_23438167_23438501	regulatory	288
chr15	56467677	56467965	EH38D2791812_56467677_56467965	regulatory	288
chr15	70127845	70128133	EH38D4888332_70127845_70128133	regulatory	288
chr15	43266928	43267216	EH38D4869905_43266871_43267216	regulatory	288
chr15	99447263	99447551	EH38D4911343_99447263_99447551	regulatory	288
chr15	74403610	74403898	EH38D2809825_74403610_74403898	regulatory	288
chr15	78754917	78755205	EH38D2814152_78754917_78755205	regulatory	288
chr15	77498069	77498357	EH38D2812743_77498069_77498357	regulatory	288
chr15	37134710	37134997	EH38D2776812_37134710_37134997	regulatory	287
chr15	89450422	89450709	EH38D4904284_89450422_89450715	regulatory	287
chr15	36430764	36431051	EH38D2776083_36430764_36431072	regulatory	287
chr15	84747924	84748211	EH38D4900986_84747924_84748231	regulatory	287
chr15	62124950	62125237	EH38D2797021_62124950_62125237	regulatory	287
chr15	68464528	68464815	EH38D2803778_68464528_68464815	regulatory	287
chr15	65214139	65214426	EH38D2800271_65214139_65214426	regulatory	287
chr15	37672071	37672358	EH38D4865330_37672071_37672358	regulatory	287
chr15	101114275	101114562	EH38D2833359_101114275_101114562	regulatory	287
chr15	40858780	40859067	EH38D4867774_40858780_40859067	regulatory	287
chr15	65086359	65086646	EH38D4883113_65086359_65086646	regulatory	287
chr15	40939939	40940226	EH38D2780272_40939939_40940226	regulatory	287
chr15	23074251	23074538	EH38D4857199_23074251_23074538	regulatory	287
chr15	96414672	96414959	EH38D4909418_96414672_96414959	regulatory	287
chr15	65189165	65189452	EH38D4883222_65189165_65189513	regulatory	287
chr15	70024626	70024913	EH38D4888174_70024570_70024913	regulatory	287
chr15	37517563	37517850	EH38D2776967_37517563_37517850	regulatory	287
chr15	66851127	66851414	EH38D4885020_66851127_66851414	regulatory	287
chr15	65312614	65312901	EH38D4883365_65312614_65312962	regulatory	287
chr15	40815134	40815421	EH38D4867708_40815134_40815421	regulatory	287
chr15	73821876	73822163	EH38D2809120_73821876_73822163	regulatory	287
chr15	96599376	96599662	EH38D2829410_96599376_96599662	regulatory	286
chr15	88606447	88606733	EH38D4903341_88606447_88606733	regulatory	286
chr15	88681666	88681952	EH38D4903462_88681666_88681952	regulatory	286
chr15	69141365	69141651	EH38D2804536_69141365_69141665	regulatory	286
chr15	53453605	53453891	EH38D4875610_53453541_53453891	regulatory	286
chr15	49046447	49046733	EH38D4872967_49046383_49046733	regulatory	286
chr15	55768842	55769128	EH38D4876554_55768842_55769190	regulatory	286
chr15	60168269	60168555	EH38D4879384_60168269_60168555	regulatory	286
chr15	62151424	62151710	EH38D4880509_62151424_62151710	regulatory	286
chr15	101115896	101116182	EH38D2833362_101115896_101116182	regulatory	286
chr15	77870467	77870753	EH38D4895721_77870467_77870813	regulatory	286
chr15	89470210	89470496	EH38D2822970_89470210_89470551	regulatory	286
chr15	63902658	63902944	EH38D4881951_63902658_63902986	regulatory	286
chr15	70291748	70292034	EH38D4888579_70291748_70292094	regulatory	286
chr15	37105897	37106183	EH38D2776778_37105897_37106183	regulatory	286
chr15	23537239	23537525	EH38D4857395_23537197_23537525	regulatory	286
chr15	88802844	88803130	EH38D4903572_88802844_88803130	regulatory	286
chr15	65435726	65436011	EH38D4883577_65435726_65436068	regulatory	285
chr15	61798711	61798996	EH38D4880343_61798711_61798996	regulatory	285
chr15	70487481	70487766	EH38D2806117_70487481_70487804	regulatory	285
chr15	28107967	28108252	EH38D2770479_28107967_28108252	regulatory	285
chr15	92541553	92541838	EH38D4907127_92541553_92541838	regulatory	285
chr15	75671744	75672029	EH38D4893743_75671744_75672029	regulatory	285
chr15	96340710	96340995	EH38D4909335_96340710_96340995	regulatory	285
chr15	72890140	72890425	EH38D2808300_72890140_72890425	regulatory	285
chr15	55789117	55789402	EH38D4876564_55789117_55789402	regulatory	285
chr15	72155753	72156038	EH38D4890007_72155753_72156038	regulatory	285
chr15	28101340	28101625	EH38D2770464_28101340_28101625	regulatory	285
chr15	52923684	52923968	EH38D4875437_52923684_52923968	regulatory	284
chr15	38229819	38230103	EH38D4865632_38229754_38230103	regulatory	284
chr15	27706359	27706643	EH38D4859507_27706359_27706692	regulatory	284
chr15	40943908	40944192	EH38D2780281_40943908_40944192	regulatory	284
chr15	97899059	97899343	EH38D2830178_97899059_97899343	regulatory	284
chr15	69121250	69121534	EH38D4887306_69121250_69121544	regulatory	284
chr15	97921350	97921634	EH38D2830201_97921350_97921634	regulatory	284
chr15	70509841	70510125	EH38D4888868_70509841_70510174	regulatory	284
chr15	63321072	63321356	EH38D4881464_63321072_63321356	regulatory	284
chr15	39438873	39439157	EH38D2778605_39438873_39439157	regulatory	284
chr15	72670877	72671161	EH38D4890413_72670877_72671161	regulatory	284
chr15	91656509	91656793	EH38D2825070_91656488_91656793	regulatory	284
chr15	79430968	79431252	EH38D4897530_79430968_79431252	regulatory	284
chr15	96345651	96345935	EH38D2829169_96345585_96345935	regulatory	284
chr15	101140376	101140660	EH38D4912943_101140376_101140660	regulatory	284
chr15	74954063	74954347	EH38D2810434_74954063_74954347	regulatory	284
chr15	64149878	64150161	EH38D4882236_64149878_64150161	regulatory	283
chr15	62296867	62297150	EH38D2797144_62296830_62297150	regulatory	283
chr15	76963638	76963921	EH38D2812181_76963638_76963921	regulatory	283
chr15	57327757	57328040	EH38D2792576_57327757_57328040	regulatory	283
chr15	40155327	40155610	EH38D2779433_40155327_40155610	regulatory	283
chr15	90818616	90818899	EH38D2824322_90818616_90818899	regulatory	283
chr15	85353564	85353847	EH38D4901568_85353564_85353912	regulatory	283
chr15	68729731	68730014	EH38D2804107_68729731_68730014	regulatory	283
chr15	34515940	34516223	EH38D4863895_34515940_34516223	regulatory	283
chr15	99510822	99511105	EH38D4911442_99510762_99511105	regulatory	283
chr15	63895901	63896184	EH38D4881943_63895901_63896184	regulatory	283
chr15	67961360	67961643	EH38D2803221_67961360_67961643	regulatory	283
chr15	38430745	38431028	EH38D2777606_38430684_38431028	regulatory	283
chr15	20210950	20211233	EH38D2767016_20210950_20211233	regulatory	283
chr15	40910337	40910620	EH38D4867848_40910271_40910620	regulatory	283
chr15	59700548	59700831	EH38D2794898_59700548_59700874	regulatory	283
chr15	73305896	73306179	EH38D4890790_73305896_73306238	regulatory	283
chr15	40470035	40470318	EH38D4867377_40469997_40470318	regulatory	283
chr15	40308100	40308383	EH38D4867107_40308100_40308383	regulatory	283
chr15	87207621	87207904	EH38D2820961_87207621_87207904	regulatory	283
chr15	70318606	70318889	EH38D4888600_70318606_70318889	regulatory	283
chr15	67883086	67883369	EH38D4886004_67883027_67883369	regulatory	283
chr15	68536323	68536605	EH38D2803846_68536323_68536673	regulatory	282
chr15	99509182	99509464	EH38D4911438_99509182_99509464	regulatory	282
chr15	63499637	63499919	EH38D4881656_63499577_63499919	regulatory	282
chr15	100712238	100712520	EH38D2832810_100712238_100712520	regulatory	282
chr15	75721151	75721433	EH38D2811174_75721101_75721433	regulatory	282
chr15	79989256	79989538	EH38D2815192_79989256_79989538	regulatory	282
chr15	82067526	82067808	EH38D4899370_82067526_82067873	regulatory	282
chr15	70194329	70194611	EH38D2805710_70194329_70194611	regulatory	282
chr15	77542738	77543020	EH38D4895198_77542738_77543075	regulatory	282
chr15	38577512	38577793	EH38D4865844_38577512_38577793	regulatory	281
chr15	88613219	88613500	EH38D2822082_88613158_88613500	regulatory	281
chr15	94666606	94666887	EH38D4908545_94666606_94666887	regulatory	281
chr15	52718613	52718894	EH38D2789534_52718613_52718894	regulatory	281
chr15	31264830	31265111	EH38D4861858_31264830_31265111	regulatory	281
chr15	23688218	23688499	EH38D4857473_23688218_23688499	regulatory	281
chr15	39439197	39439478	EH38D2778606_39439197_39439537	regulatory	281
chr15	88776720	88777001	EH38D4903541_88776651_88777001	regulatory	281
chr15	73810184	73810465	EH38D4891243_73810184_73810465	regulatory	281
chr15	56001512	56001793	EH38D2791493_56001512_56001854	regulatory	281
chr15	25597091	25597372	EH38D2768654_25597091_25597372	regulatory	281
chr15	64779036	64779317	EH38D2799830_64779036_64779317	regulatory	281
chr15	56537911	56538192	EH38D2791858_56537911_56538261	regulatory	281
chr15	48985101	48985382	EH38D4872926_48985101_48985382	regulatory	281
chr15	32704674	32704955	EH38D2773139_32704674_32704955	regulatory	281
chr15	33282680	33282961	EH38D4863185_33282680_33282961	regulatory	281
chr15	49848846	49849127	EH38D2787094_49848846_49849127	regulatory	281
chr15	63035281	63035562	EH38D2797978_63035281_63035562	regulatory	281
chr15	37766436	37766717	EH38D4865366_37766436_37766717	regulatory	281
chr15	33277765	33278045	EH38D4863181_33277752_33278045	regulatory	280
chr15	65318856	65319136	EH38D4883375_65318856_65319202	regulatory	280
chr15	74726769	74727049	EH38D2810177_74726769_74727087	regulatory	280
chr15	49674451	49674731	EH38D2786962_49674451_49674731	regulatory	280
chr15	98547814	98548094	EH38D2830679_98547814_98548094	regulatory	280
chr15	63836620	63836900	EH38D2798919_63836620_63836968	regulatory	280
chr15	62224510	62224790	EH38D4880551_62224510_62224790	regulatory	280
chr15	91853174	91853454	EH38D4906623_91853174_91853454	regulatory	280
chr15	39445134	39445414	EH38D4866352_39445134_39445414	regulatory	280
chr15	60170998	60171278	EH38D4879385_60170998_60171278	regulatory	280
chr15	99409074	99409354	EH38D4911263_99409074_99409420	regulatory	280
chr15	43315985	43316265	EH38D4869953_43315985_43316265	regulatory	280
chr15	96837629	96837909	EH38D4909605_96837559_96837909	regulatory	280
chr15	97115438	97115718	EH38D4909719_97115438_97115718	regulatory	280
chr15	62165285	62165565	EH38D4880518_62165216_62165565	regulatory	280
chr15	89016684	89016964	EH38D2822452_89016684_89017020	regulatory	280
chr15	37133663	37133942	EH38D2776809_37133663_37133942	regulatory	279
chr15	45308573	45308852	EH38D2783661_45308521_45308861	regulatory	279
chr15	22239484	22239763	EH38D4856565_22239484_22239763	regulatory	279
chr15	52879187	52879466	EH38D2789697_52879187_52879466	regulatory	279
chr15	59568670	59568949	EH38D4879049_59568606_59568949	regulatory	279
chr15	62297152	62297431	EH38D2797145_62297152_62297431	regulatory	279
chr15	95845900	95846179	EH38D2828640_95845900_95846179	regulatory	279
chr15	62940147	62940426	EH38D2797866_62940147_62940426	regulatory	279
chr15	88435692	88435971	EH38D4903206_88435692_88436041	regulatory	279
chr15	37362496	37362775	EH38D4865242_37362496_37362775	regulatory	279
chr15	34818605	34818884	EH38D2774889_34818605_34818884	regulatory	279
chr15	70159647	70159925	EH38D2805661_70159647_70159975	regulatory	278
chr15	39554012	39554290	EH38D2778720_39554012_39554320	regulatory	278
chr15	34821976	34822254	EH38D2774891_34821976_34822254	regulatory	278
chr15	43270708	43270986	EH38D4869911_43270708_43271051	regulatory	278
chr15	57355129	57355407	EH38D4877420_57355129_57355407	regulatory	278
chr15	60179856	60180134	EH38D4879390_60179856_60180134	regulatory	278
chr15	98321954	98322232	EH38D2830499_98321954_98322232	regulatory	278
chr15	74444446	74444724	EH38D4892232_74444446_74444724	regulatory	278
chr15	95987953	95988231	EH38D4909098_95987953_95988231	regulatory	278
chr15	66844092	66844370	EH38D4885002_66844092_66844427	regulatory	278
chr15	74939253	74939531	EH38D4892858_74939253_74939531	regulatory	278
chr15	72999000	72999278	EH38D4890617_72999000_72999278	regulatory	278
chr15	40893332	40893610	EH38D4867814_40893332_40893671	regulatory	278
chr15	91302935	91303213	EH38D2824771_91302935_91303213	regulatory	278
chr15	34110115	34110393	EH38D4863653_34110114_34110393	regulatory	278
chr15	50424101	50424379	EH38D4873701_50424101_50424449	regulatory	278
chr15	78387278	78387556	EH38D2813840_78387278_78387622	regulatory	278
chr15	92810964	92811242	EH38D4907398_92810964_92811242	regulatory	278
chr15	70597301	70597579	EH38D2806260_70597301_70597579	regulatory	278
chr15	98624569	98624847	EH38D4910488_98624569_98624847	regulatory	278
chr15	67944470	67944747	EH38D4886058_67944470_67944816	regulatory	277
chr15	29633036	29633313	EH38D4860904_29633036_29633313	regulatory	277
chr15	74438751	74439028	EH38D4892218_74438751_74439028	regulatory	277
chr15	31279724	31280001	EH38D4861893_31279724_31280001	regulatory	277
chr15	38608867	38609144	EH38D4865866_38608867_38609144	regulatory	277
chr15	96409412	96409689	EH38D4909410_96409412_96409689	regulatory	277
chr15	75667646	75667923	EH38D2811106_75667646_75667923	regulatory	277
chr15	77876102	77876379	EH38D4895732_77876102_77876379	regulatory	277
chr15	95606474	95606751	EH38D2828432_95606474_95606751	regulatory	277
chr15	90819854	90820131	EH38D4905877_90819854_90820186	regulatory	277
chr15	57559865	57560142	EH38D4877601_57559865_57560142	regulatory	277
chr15	57947859	57948136	EH38D2793241_57947859_57948136	regulatory	277
chr15	40086766	40087043	EH38D4866813_40086766_40087043	regulatory	277
chr15	77550324	77550601	EH38D4895213_77550324_77550601	regulatory	277
chr15	70099596	70099873	EH38D4888299_70099524_70099873	regulatory	277
chr15	23457966	23458243	EH38D2767749_23457966_23458243	regulatory	277
chr15	70788406	70788683	EH38D2806442_70788401_70788746	regulatory	277
chr15	80989828	80990104	EH38D4898716_80989754_80990104	regulatory	276
chr15	78415483	78415759	EH38D4896531_78415419_78415759	regulatory	276
chr15	68010419	68010695	EH38D2803262_68010419_68010742	regulatory	276
chr15	88701625	88701901	EH38D4903484_88701625_88701901	regulatory	276
chr15	36359662	36359938	EH38D2776029_36359662_36359938	regulatory	276
chr15	88615776	88616052	EH38D4903350_88615745_88616052	regulatory	276
chr15	37110833	37111109	EH38D2776791_37110833_37111181	regulatory	276
chr15	98000499	98000775	EH38D2830271_98000499_98000845	regulatory	276
chr15	40150274	40150550	EH38D4866918_40150205_40150550	regulatory	276
chr15	56042061	56042337	EH38D4876703_56042061_56042337	regulatory	276
chr15	59528908	59529184	EH38D2794733_59528908_59529258	regulatory	276
chr15	26156121	26156397	EH38D4858794_26156121_26156397	regulatory	276
chr15	37904469	37904744	EH38D4865433_37904469_37904744	regulatory	275
chr15	87051855	87052130	EH38D2820870_87051855_87052130	regulatory	275
chr15	70466356	70466631	EH38D4888791_70466356_70466631	regulatory	275
chr15	59551012	59551287	EH38D4879038_59551012_59551287	regulatory	275
chr15	77496151	77496426	EH38D4895126_77496151_77496426	regulatory	275
chr15	63042144	63042419	EH38D4881210_63042144_63042419	regulatory	275
chr15	88657412	88657687	EH38D4903435_88657412_88657687	regulatory	275
chr15	74392150	74392425	EH38D2809798_74392150_74392425	regulatory	275
chr15	70447568	70447843	EH38D4888767_70447568_70447843	regulatory	275
chr15	23399278	23399553	EH38D4857303_23399278_23399553	regulatory	275
chr15	37741233	37741508	EH38D4865353_37741233_37741508	regulatory	275
chr15	48091485	48091760	EH38D2785619_48091485_48091809	regulatory	275
chr15	48397949	48398224	EH38D4872594_48397949_48398224	regulatory	275
chr15	101172036	101172311	EH38D4913003_101172036_101172311	regulatory	275
chr15	29637029	29637304	EH38D2771394_29637029_29637304	regulatory	275
chr15	32705536	32705811	EH38D4862796_32705536_32705880	regulatory	275
chr15	40863024	40863299	EH38D2780167_40863024_40863299	regulatory	275
chr15	49712253	49712527	EH38D4873309_49712253_49712527	regulatory	274
chr15	77975164	77975438	EH38D4895888_77975164_77975438	regulatory	274
chr15	97929962	97930236	EH38D4910001_97929962_97930236	regulatory	274
chr15	28099315	28099589	EH38D4859801_28099243_28099589	regulatory	274
chr15	23690076	23690350	EH38D4857475_23690076_23690350	regulatory	274
chr15	100342005	100342279	EH38D4912172_100341931_100342279	regulatory	274
chr15	52529604	52529878	EH38D4875186_52529604_52529878	regulatory	274
chr15	70608214	70608488	EH38D2806270_70608145_70608488	regulatory	274
chr15	73034235	73034509	EH38D2808429_73034235_73034585	regulatory	274
chr15	38129968	38130242	EH38D4865571_38129968_38130317	regulatory	274
chr15	85361846	85362120	EH38D2819435_85361846_85362194	regulatory	274
chr15	52984565	52984839	EH38D4875459_52984565_52984906	regulatory	274
chr15	88274595	88274869	EH38D4903095_88274595_88274869	regulatory	274
chr15	88988130	88988404	EH38D4903751_88988130_88988404	regulatory	274
chr15	88331294	88331567	EH38D4903131_88331231_88331567	regulatory	273
chr15	57550717	57550990	EH38D4877587_57550646_57550990	regulatory	273
chr15	77853049	77853322	EH38D4895690_77853049_77853322	regulatory	273
chr15	68463919	68464192	EH38D2803777_68463919_68464267	regulatory	273
chr15	40941134	40941407	EH38D4867906_40941134_40941407	regulatory	273
chr15	101149309	101149582	EH38D2833409_101149275_101149610	regulatory	273
chr15	85986822	85987095	EH38D2820150_85986822_85987095	regulatory	273
chr15	97909355	97909628	EH38D4909994_97909355_97909628	regulatory	273
chr15	80342121	80342394	EH38D4898128_80342121_80342394	regulatory	273
chr15	91804494	91804767	EH38D2825179_91804494_91804795	regulatory	273
chr15	70377455	70377728	EH38D4888666_70377455_70377728	regulatory	273
chr15	70127375	70127648	EH38D2805612_70127375_70127648	regulatory	273
chr15	38086736	38087009	EH38D4865545_38086660_38087009	regulatory	273
chr15	101616121	101616393	EH38D4913629_101616121_101616393	regulatory	272
chr15	85380298	85380570	EH38D4901592_85380298_85380648	regulatory	272
chr15	31267825	31268097	EH38D4861864_31267825_31268097	regulatory	272
chr15	53872468	53872740	EH38D2790224_53872468_53872740	regulatory	272
chr15	45003086	45003358	EH38D4870958_45003086_45003358	regulatory	272
chr15	85361321	85361593	EH38D4901575_85361321_85361593	regulatory	272
chr15	70199179	70199451	EH38D4888448_70199179_70199453	regulatory	272
chr15	99545606	99545878	EH38D4911460_99545606_99545939	regulatory	272
chr15	79778376	79778648	EH38D2815002_79778376_79778722	regulatory	272
chr15	48695121	48695393	EH38D4872769_48695113_48695463	regulatory	272
chr15	70101823	70102095	EH38D2805584_70101823_70102095	regulatory	272
chr15	66827705	66827977	EH38D4884969_66827705_66827977	regulatory	272
chr15	35004019	35004291	EH38D2775010_35004019_35004291	regulatory	272
chr15	66830863	66831135	EH38D4884974_66830863_66831135	regulatory	272
chr15	57553592	57553864	EH38D4877593_57553592_57553864	regulatory	272
chr15	89227502	89227774	EH38D4904046_89227502_89227774	regulatory	272
chr15	101252898	101253169	EH38D2833554_101252898_101253169	regulatory	271
chr15	70015348	70015619	EH38D4888155_70015348_70015619	regulatory	271
chr15	61720259	61720530	EH38D4880308_61720259_61720530	regulatory	271
chr15	97059284	97059555	EH38D2829704_97059284_97059555	regulatory	271
chr15	77871416	77871687	EH38D4895723_77871416_77871726	regulatory	271
chr15	48671194	48671465	EH38D4872756_48671194_48671465	regulatory	271
chr15	34644929	34645200	EH38D2774722_34644929_34645200	regulatory	271
chr15	62089660	62089931	EH38D4880471_62089660_62089950	regulatory	271
chr15	70264852	70265123	EH38D2805816_70264783_70265123	regulatory	271
chr15	53033737	53034008	EH38D4875470_53033667_53034008	regulatory	271
chr15	70186255	70186526	EH38D4888422_70186255_70186594	regulatory	271
chr15	52925225	52925496	EH38D2789715_52925147_52925496	regulatory	271
chr15	95539335	95539606	EH38D4908881_95539335_95539606	regulatory	271
chr15	84970881	84971151	EH38D4901281_84970853_84971195	regulatory	270
chr15	39554858	39555128	EH38D2778722_39554778_39555128	regulatory	270
chr15	32519045	32519315	EH38D2773028_32519045_32519315	regulatory	270
chr15	32342846	32343116	EH38D4862670_32342846_32343116	regulatory	270
chr15	65185395	65185665	EH38D4883215_65185317_65185665	regulatory	270
chr15	29618655	29618925	EH38D4860895_29618655_29618925	regulatory	270
chr15	25892267	25892537	EH38D4858635_25892189_25892537	regulatory	270
chr15	40348551	40348821	EH38D4867179_40348551_40348821	regulatory	270
chr15	63187560	63187830	EH38D4881360_63187560_63187905	regulatory	270
chr15	92541264	92541534	EH38D4907126_92541264_92541534	regulatory	270
chr15	40343907	40344177	EH38D4867166_40343907_40344177	regulatory	270
chr15	72800829	72801099	EH38D2808226_72800829_72801126	regulatory	270
chr15	72670598	72670868	EH38D4890412_72670598_72670868	regulatory	270
chr15	96351677	96351947	EH38D2829182_96351677_96351947	regulatory	270
chr15	101091067	101091337	EH38D4912867_101091067_101091337	regulatory	270
chr15	89999636	89999906	EH38D4904926_89999636_89999976	regulatory	270
chr15	59104855	59105125	EH38D2794308_59104855_59105205	regulatory	270
chr15	89747376	89747646	EH38D4904587_89747376_89747646	regulatory	270
chr15	53384482	53384752	EH38D4875575_53384482_53384815	regulatory	270
chr15	70035733	70036003	EH38D4888194_70035733_70036080	regulatory	270
chr15	94777098	94777367	EH38D2827801_94777098_94777367	regulatory	269
chr15	100715408	100715677	EH38D4912384_100715408_100715677	regulatory	269
chr15	77509967	77510236	EH38D4895145_77509910_77510236	regulatory	269
chr15	70535709	70535978	EH38D4888907_70535709_70536057	regulatory	269
chr15	89784625	89784894	EH38D4904659_89784625_89784902	regulatory	269
chr15	65303828	65304097	EH38D4883349_65303828_65304105	regulatory	269
chr15	52798937	52799206	EH38D4875387_52798937_52799206	regulatory	269
chr15	46317006	46317275	EH38D2784330_46317006_46317275	regulatory	269
chr15	66908606	66908874	EH38D2802038_66908606_66908874	regulatory	268
chr15	54839897	54840165	EH38D2790744_54839897_54840165	regulatory	268
chr15	77543324	77543592	EH38D4895200_77543324_77543661	regulatory	268
chr15	64163134	64163402	EH38D2799284_64163052_64163402	regulatory	268
chr15	87736859	87737127	EH38D4902754_87736859_87737127	regulatory	268
chr15	31295805	31296073	EH38D4861913_31295733_31296073	regulatory	268
chr15	100688587	100688855	EH38D4912353_100688587_100688855	regulatory	268
chr15	82039353	82039621	EH38D4899341_82039329_82039664	regulatory	268
chr15	75137947	75138215	EH38D4893104_75137947_75138215	regulatory	268
chr15	63880841	63881109	EH38D4881923_63880778_63881109	regulatory	268
chr15	84747650	84747918	EH38D4900985_84747650_84747918	regulatory	268
chr15	97998765	97999033	EH38D4910044_97998765_97999033	regulatory	268
chr15	75669887	75670155	EH38D4893739_75669887_75670155	regulatory	268
chr15	69144057	69144325	EH38D2804539_69144057_69144325	regulatory	268
chr15	75775285	75775552	EH38D4893929_75775285_75775635	regulatory	267
chr15	88954468	88954735	EH38D4903729_88954468_88954735	regulatory	267
chr15	63494540	63494807	EH38D4881648_63494459_63494807	regulatory	267
chr15	75171462	75171729	EH38D2810675_75171453_75171790	regulatory	267
chr15	50816260	50816527	EH38D2787839_50816191_50816527	regulatory	267
chr15	70257631	70257898	EH38D2805803_70257631_70257898	regulatory	267
chr15	91307738	91308005	EH38D2824777_91307672_91308005	regulatory	267
chr15	70357257	70357524	EH38D4888641_70357257_70357524	regulatory	267
chr15	40116140	40116407	EH38D4866880_40116140_40116407	regulatory	267
chr15	87704344	87704611	EH38D4902732_87704344_87704611	regulatory	267
chr15	73771493	73771760	EH38D4891195_73771493_73771760	regulatory	267
chr15	77499421	77499687	EH38D4895131_77499421_77499687	regulatory	266
chr15	70184997	70185263	EH38D4888420_70184997_70185263	regulatory	266
chr15	73899875	73900141	EH38D4891353_73899875_73900141	regulatory	266
chr15	63487352	63487618	EH38D4881638_63487352_63487618	regulatory	266
chr15	63076364	63076630	EH38D4881267_63076364_63076648	regulatory	266
chr15	63843828	63844094	EH38D2798928_63843828_63844094	regulatory	266
chr15	40109321	40109587	EH38D4866865_40109321_40109587	regulatory	266
chr15	34722503	34722769	EH38D4864023_34722503_34722769	regulatory	266
chr15	45347084	45347350	EH38D4871311_45347084_45347365	regulatory	266
chr15	70377141	70377407	EH38D4888665_70377141_70377450	regulatory	266
chr15	79958685	79958951	EH38D4897819_79958685_79959015	regulatory	266
chr15	66820880	66821146	EH38D2801899_66820880_66821230	regulatory	266
chr15	23437145	23437411	EH38D4857347_23437145_23437476	regulatory	266
chr15	73677168	73677434	EH38D4891077_73677115_73677434	regulatory	266
chr15	73682343	73682609	EH38D4891087_73682343_73682609	regulatory	266
chr15	73649934	73650200	EH38D2808951_73649868_73650200	regulatory	266
chr15	74773423	74773689	EH38D4892600_74773423_74773689	regulatory	266
chr15	95604822	95605088	EH38D4908912_95604741_95605088	regulatory	266
chr15	40904043	40904308	EH38D4867834_40904043_40904331	regulatory	265
chr15	22260182	22260447	EH38D2767313_22260182_22260447	regulatory	265
chr15	61780327	61780592	EH38D2796796_61780327_61780676	regulatory	265
chr15	37537111	37537376	EH38D2776974_37537111_37537376	regulatory	265
chr15	70488089	70488354	EH38D4888831_70488089_70488354	regulatory	265
chr15	22239204	22239469	EH38D4856564_22239204_22239469	regulatory	265
chr15	96350947	96351212	EH38D4909351_96350947_96351212	regulatory	265
chr15	70448345	70448610	EH38D4888768_70448345_70448610	regulatory	265
chr15	56534414	56534679	EH38D2791853_56534414_56534679	regulatory	265
chr15	64093857	64094122	EH38D4882178_64093776_64094126	regulatory	265
chr15	70793604	70793869	EH38D4889113_70793604_70793869	regulatory	265
chr15	40763803	40764067	EH38D4867619_40763803_40764148	regulatory	264
chr15	55800295	55800559	EH38D4876569_55800295_55800559	regulatory	264
chr15	55786126	55786390	EH38D4876563_55786126_55786390	regulatory	264
chr15	40760066	40760330	EH38D2780045_40759984_40760330	regulatory	264
chr15	67885910	67886174	EH38D2803138_67885835_67886174	regulatory	264
chr15	70236268	70236532	EH38D4888486_70236268_70236532	regulatory	264
chr15	54836446	54836710	EH38D2790742_54836446_54836776	regulatory	264
chr15	70259804	70260068	EH38D4888524_70259804_70260068	regulatory	264
chr15	59568977	59569241	EH38D4879050_59568977_59569241	regulatory	264
chr15	69862011	69862275	EH38D2805277_69862011_69862275	regulatory	264
chr15	48984733	48984997	EH38D4872925_48984733_48984997	regulatory	264
chr15	31167676	31167940	EH38D4861717_31167676_31168026	regulatory	264
chr15	52719767	52720031	EH38D4875303_52719767_52720031	regulatory	264
chr15	40154906	40155170	EH38D4866924_40154861_40155170	regulatory	264
chr15	62326444	62326708	EH38D2797164_62326444_62326714	regulatory	264
chr15	70140120	70140384	EH38D4888352_70140120_70140384	regulatory	264
chr15	45003696	45003960	EH38D4870960_45003696_45004045	regulatory	264
chr15	78302754	78303018	EH38D2813730_78302673_78303018	regulatory	264
chr15	89442787	89443051	EH38D4904273_89442729_89443051	regulatory	264
chr15	27677675	27677939	EH38D4859485_27677675_27677939	regulatory	264
chr15	48395551	48395814	EH38D2785856_48395464_48395814	regulatory	263
chr15	27583040	27583303	EH38D2770067_27583040_27583303	regulatory	263
chr15	37578401	37578664	EH38D4865303_37578401_37578664	regulatory	263
chr15	53208872	53209135	EH38D4875522_53208872_53209135	regulatory	263
chr15	101530609	101530872	EH38D4913532_101530609_101530872	regulatory	263
chr15	33199627	33199890	EH38D4863149_33199627_33199890	regulatory	263
chr15	55743722	55743985	EH38D2791286_55743722_55743985	regulatory	263
chr15	64825668	64825931	EH38D4882785_64825585_64825931	regulatory	263
chr15	23304348	23304611	EH38D4857253_23304348_23304611	regulatory	263
chr15	74399502	74399765	EH38D4892145_74399502_74399765	regulatory	263
chr15	31436249	31436512	EH38D4862152_31436249_31436512	regulatory	263
chr15	40116806	40117068	EH38D4866881_40116806_40117068	regulatory	262
chr15	96728003	96728265	EH38D4909554_96728003_96728265	regulatory	262
chr15	31456835	31457097	EH38D4862180_31456835_31457142	regulatory	262
chr15	42057433	42057695	EH38D4869049_42057433_42057783	regulatory	262
chr15	100695103	100695365	EH38D4912360_100695103_100695391	regulatory	262
chr15	91063671	91063933	EH38D2824575_91063671_91063988	regulatory	262
chr15	25890670	25890932	EH38D4858633_25890670_25890932	regulatory	262
chr15	74394419	74394681	EH38D2809802_74394413_74394752	regulatory	262
chr15	89751766	89752028	EH38D4904597_89751766_89752113	regulatory	262
chr15	48389858	48390120	EH38D4872587_48389858_48390120	regulatory	262
chr15	31233658	31233920	EH38D2772281_31233658_31233947	regulatory	262
chr15	66835036	66835298	EH38D4884983_66834948_66835298	regulatory	262
chr15	83446909	83447171	EH38D4900375_83446909_83447171	regulatory	262
chr15	78622189	78622451	EH38D4896673_78622189_78622451	regulatory	262
chr15	23857102	23857364	EH38D4857521_23857102_23857364	regulatory	262
chr15	88621074	88621336	EH38D4903358_88621074_88621424	regulatory	262
chr15	53392189	53392451	EH38D4875582_53392120_53392451	regulatory	262
chr15	99452495	99452757	EH38D4911355_99452495_99452757	regulatory	262
chr15	53454656	53454918	EH38D4875611_53454656_53454918	regulatory	262
chr15	31302804	31303066	EH38D4861928_31302804_31303066	regulatory	262
chr15	50781925	50782187	EH38D2787811_50781925_50782232	regulatory	262
chr15	90387913	90388175	EH38D4905457_90387913_90388182	regulatory	262
chr15	82048102	82048364	EH38D2817108_82048102_82048364	regulatory	262
chr15	46315525	46315787	EH38D4871777_46315525_46315787	regulatory	262
chr15	68441032	68441293	EH38D2803762_68441032_68441293	regulatory	261
chr15	85336965	85337226	EH38D2819394_85336965_85337297	regulatory	261
chr15	69860984	69861245	EH38D4888014_69860895_69861245	regulatory	261
chr15	37695734	37695995	EH38D4865338_37695734_37696080	regulatory	261
chr15	37108566	37108827	EH38D2776786_37108566_37108827	regulatory	261
chr15	86063361	86063622	EH38D4902148_86063361_86063701	regulatory	261
chr15	90340393	90340654	EH38D2823834_90340393_90340654	regulatory	261
chr15	90820234	90820495	EH38D4905878_90820234_90820495	regulatory	261
chr15	47135324	47135585	EH38D2784752_47135324_47135585	regulatory	261
chr15	70358064	70358325	EH38D4888643_70358064_70358325	regulatory	261
chr15	70308987	70309248	EH38D2805872_70308987_70309326	regulatory	261
chr15	95935927	95936188	EH38D2828724_95935927_95936188	regulatory	261
chr15	44195271	44195532	EH38D4870477_44195182_44195532	regulatory	261
chr15	101174257	101174518	EH38D4913007_101174257_101174518	regulatory	261
chr15	71093457	71093718	EH38D4889295_71093457_71093718	regulatory	261
chr15	37793930	37794191	EH38D2777118_37793843_37794191	regulatory	261
chr15	62094405	62094666	EH38D2796983_62094405_62094755	regulatory	261
chr15	84884393	84884653	EH38D2819022_84884393_84884719	regulatory	260
chr15	76972810	76973070	EH38D4894697_76972723_76973070	regulatory	260
chr15	37217565	37217825	EH38D4865191_37217565_37217898	regulatory	260
chr15	65033749	65034009	EH38D4883027_65033749_65034009	regulatory	260
chr15	85880616	85880876	EH38D4902070_85880596_85880876	regulatory	260
chr15	65083703	65083963	EH38D2800156_65083703_65083963	regulatory	260
chr15	39497855	39498115	EH38D2778674_39497766_39498115	regulatory	260
chr15	64150265	64150525	EH38D4882237_64150265_64150525	regulatory	260
chr15	64720229	64720489	EH38D4882669_64720229_64720575	regulatory	260
chr15	53917423	53917683	EH38D4875788_53917423_53917683	regulatory	260
chr15	61764192	61764452	EH38D4880329_61764192_61764452	regulatory	260
chr15	97058911	97059171	EH38D4909691_97058874_97059171	regulatory	260
chr15	37772799	37773059	EH38D2777097_37772799_37773059	regulatory	260
chr15	53811590	53811849	EH38D2790181_53811590_53811849	regulatory	259
chr15	38614767	38615026	EH38D4865874_38614680_38615026	regulatory	259
chr15	48406990	48407249	EH38D4872602_48406990_48407249	regulatory	259
chr15	69980481	69980740	EH38D4888109_69980392_69980740	regulatory	259
chr15	69991201	69991460	EH38D4888123_69991124_69991460	regulatory	259
chr15	51629355	51629614	EH38D4874505_51629350_51629614	regulatory	259
chr15	62296211	62296470	EH38D2797143_62296137_62296482	regulatory	259
chr15	74407408	74407667	EH38D4892160_74407318_74407667	regulatory	259
chr15	90342672	90342931	EH38D4905405_90342581_90342931	regulatory	259
chr15	69882315	69882574	EH38D2805300_69882287_69882574	regulatory	259
chr15	91849828	91850087	EH38D2825214_91849828_91850178	regulatory	259
chr15	60070944	60071203	EH38D4879323_60070861_60071203	regulatory	259
chr15	73812515	73812774	EH38D4891246_73812515_73812774	regulatory	259
chr15	59691282	59691541	EH38D2794889_59691282_59691541	regulatory	259
chr15	88277037	88277296	EH38D2821804_88277037_88277387	regulatory	259
chr15	31200761	31201019	EH38D4861747_31200680_31201019	regulatory	258
chr15	88659318	88659576	EH38D4903440_88659318_88659576	regulatory	258
chr15	35019891	35020149	EH38D2775019_35019799_35020149	regulatory	258
chr15	64776429	64776687	EH38D4882744_64776429_64776687	regulatory	258
chr15	70101422	70101680	EH38D2805583_70101422_70101772	regulatory	258
chr15	46089808	46090066	EH38D4871714_46089808_46090066	regulatory	258
chr15	73866950	73867208	EH38D2809162_73866950_73867208	regulatory	258
chr15	63018726	63018984	EH38D4881191_63018726_63018984	regulatory	258
chr15	94673938	94674196	EH38D4908550_94673938_94674196	regulatory	258
chr15	40828744	40829002	EH38D4867723_40828653_40829002	regulatory	258
chr15	70765944	70766202	EH38D4889086_70765944_70766202	regulatory	258
chr15	85852222	85852480	EH38D4902046_85852139_85852483	regulatory	258
chr15	70632468	70632725	EH38D2806293_70632468_70632817	regulatory	257
chr15	59924164	59924421	EH38D4879243_59924164_59924421	regulatory	257
chr15	85934795	85935052	EH38D4902093_85934735_85935052	regulatory	257
chr15	38131167	38131424	EH38D4865574_38131167_38131424	regulatory	257
chr15	76346816	76347073	EH38D4894404_76346816_76347073	regulatory	257
chr15	68754767	68755024	EH38D4886984_68754746_68755093	regulatory	257
chr15	90337283	90337540	EH38D2823831_90337283_90337557	regulatory	257
chr15	64164057	64164314	EH38D2799287_64164057_64164314	regulatory	257
chr15	101619293	101619550	EH38D4913633_101619293_101619550	regulatory	257
chr15	89746487	89746744	EH38D4904584_89746487_89746744	regulatory	257
chr15	88696788	88697045	EH38D2822177_88696788_88697129	regulatory	257
chr15	96350685	96350942	EH38D4909350_96350685_96350942	regulatory	257
chr15	57799132	57799389	EH38D2793128_57799073_57799389	regulatory	257
chr15	74442103	74442360	EH38D4892225_74442103_74442360	regulatory	257
chr15	85865109	85865365	EH38D2820044_85865109_85865365	regulatory	256
chr15	31307300	31307556	EH38D4861936_31307300_31307556	regulatory	256
chr15	41283701	41283957	EH38D4868152_41283701_41284051	regulatory	256
chr15	100849203	100849459	EH38D2832976_100849203_100849459	regulatory	256
chr15	69885221	69885477	EH38D2805303_69885221_69885477	regulatory	256
chr15	68542871	68543127	EH38D2803854_68542782_68543127	regulatory	256
chr15	23648981	23649237	EH38D4857457_23648981_23649237	regulatory	256
chr15	43307582	43307838	EH38D2782272_43307582_43307926	regulatory	256
chr15	90160347	90160603	EH38D4905169_90160347_90160682	regulatory	256
chr15	69914024	69914280	EH38D2805339_69914024_69914359	regulatory	256
chr15	64825982	64826238	EH38D4882786_64825982_64826238	regulatory	256
chr15	72967883	72968139	EH38D4890608_72967883_72968139	regulatory	256
chr15	80670048	80670304	EH38D4898416_80670048_80670304	regulatory	256
chr15	78322735	78322991	EH38D4896414_78322735_78322991	regulatory	256
chr15	70147804	70148060	EH38D4888364_70147804_70148079	regulatory	256
chr15	38424287	38424543	EH38D2777602_38424287_38424543	regulatory	256
chr15	70764079	70764335	EH38D4889083_70764079_70764335	regulatory	256
chr15	75138509	75138765	EH38D2810638_75138509_75138845	regulatory	256
chr15	20367170	20367425	EH38D4856219_20367170_20367425	regulatory	255
chr15	74873787	74874042	EH38D4892786_74873787_74874119	regulatory	255
chr15	69858060	69858315	EH38D2805271_69858060_69858315	regulatory	255
chr15	46270430	46270685	EH38D4871759_46270430_46270685	regulatory	255
chr15	62173219	62173474	EH38D2797071_62173219_62173563	regulatory	255
chr15	63385869	63386124	EH38D4881546_63385869_63386206	regulatory	255
chr15	97182446	97182701	EH38D4909749_97182446_97182701	regulatory	255
chr15	22254689	22254944	EH38D4856594_22254689_22254994	regulatory	255
chr15	101267508	101267763	EH38D4913108_101267449_101267799	regulatory	255
chr15	94791061	94791316	EH38D4908592_94791061_94791316	regulatory	255
chr15	61715203	61715458	EH38D4880304_61715110_61715458	regulatory	255
chr15	23866907	23867162	EH38D4857525_23866907_23867162	regulatory	255
chr15	36363726	36363981	EH38D2776034_36363726_36363981	regulatory	255
chr15	60264613	60264868	EH38D2795356_60264557_60264898	regulatory	255
chr15	27565814	27566069	EH38D2770059_27565724_27566074	regulatory	255
chr15	100842792	100843046	EH38D2832967_100842792_100843046	regulatory	254
chr15	38068340	38068594	EH38D4865521_38068340_38068674	regulatory	254
chr15	77040712	77040966	EH38D2812316_77040647_77040990	regulatory	254
chr15	76986836	76987090	EH38D4894723_76986836_76987090	regulatory	254
chr15	64686193	64686447	EH38D2799721_64686193_64686447	regulatory	254
chr15	63892846	63893100	EH38D4881938_63892750_63893100	regulatory	254
chr15	95543009	95543263	EH38D4908885_95543009_95543263	regulatory	254
chr15	60212607	60212861	EH38D4879398_60212607_60212957	regulatory	254
chr15	31305084	31305338	EH38D2772390_31305084_31305391	regulatory	254
chr15	55744003	55744257	EH38D2791287_55744003_55744297	regulatory	254
chr15	44663688	44663942	EH38D4870726_44663592_44663942	regulatory	254
chr15	65311869	65312123	EH38D4883363_65311869_65312123	regulatory	254
chr15	85898405	85898659	EH38D2820075_85898405_85898659	regulatory	254
chr15	63381846	63382100	EH38D2798434_63381751_63382100	regulatory	254
chr15	49827433	49827687	EH38D2787080_49827430_49827687	regulatory	254
chr15	75456024	75456278	EH38D4893502_75456024_75456278	regulatory	254
chr15	85878947	85879200	EH38D4902067_85878889_85879200	regulatory	253
chr15	28107385	28107638	EH38D4859821_28107385_28107638	regulatory	253
chr15	60118733	60118986	EH38D2795238_60118733_60118986	regulatory	253
chr15	65224042	65224295	EH38D4883272_65224008_65224345	regulatory	253
chr15	56039514	56039767	EH38D4876697_56039440_56039767	regulatory	253
chr15	51641812	51642065	EH38D4874511_51641766_51642065	regulatory	253
chr15	88792692	88792945	EH38D4903558_88792692_88792945	regulatory	253
chr15	38129231	38129484	EH38D4865569_38129231_38129484	regulatory	253
chr15	82040480	82040733	EH38D4899342_82040480_82040733	regulatory	253
chr15	72851663	72851916	EH38D4890550_72851663_72852009	regulatory	253
chr15	101269916	101270169	EH38D4913113_101269916_101270169	regulatory	253
chr15	36545164	36545417	EH38D4864800_36545164_36545417	regulatory	253
chr15	70354309	70354562	EH38D2805932_70354309_70354562	regulatory	253
chr15	37795648	37795901	EH38D4865383_37795648_37795901	regulatory	253
chr15	55004000	55004253	EH38D2790809_55004000_55004342	regulatory	253
chr15	89913501	89913754	EH38D4904851_89913416_89913754	regulatory	253
chr15	22837490	22837743	EH38D4856879_22837489_22837824	regulatory	253
chr15	96948080	96948333	EH38D2829622_96947994_96948341	regulatory	253
chr15	97092773	97093025	EH38D4909714_97092773_97093025	regulatory	252
chr15	36364400	36364652	EH38D2776035_36364400_36364652	regulatory	252
chr15	84668668	84668920	EH38D2818793_84668668_84668920	regulatory	252
chr15	77538889	77539141	EH38D4895190_77538852_77539141	regulatory	252
chr15	94231285	94231537	EH38D2827381_94231285_94231635	regulatory	252
chr15	39461814	39462066	EH38D2778632_39461814_39462066	regulatory	252
chr15	64730271	64730523	EH38D2799774_64730184_64730523	regulatory	252
chr15	72905434	72905686	EH38D4890586_72905434_72905686	regulatory	252
chr15	69133926	69134178	EH38D4887313_69133926_69134178	regulatory	252
chr15	85362740	85362992	EH38D4901576_85362740_85362992	regulatory	252
chr15	73023139	73023391	EH38D2808421_73023139_73023391	regulatory	252
chr15	57950452	57950704	EH38D2793245_57950355_57950704	regulatory	252
chr15	80619028	80619280	EH38D4898384_80619028_80619280	regulatory	252
chr15	62343448	62343700	EH38D4880637_62343448_62343700	regulatory	252
chr15	78565268	78565519	EH38D4896629_78565268_78565618	regulatory	251
chr15	75721621	75721872	EH38D4893833_75721621_75721872	regulatory	251
chr15	73319181	73319432	EH38D4890803_73319181_73319432	regulatory	251
chr15	94555926	94556177	EH38D4908493_94555926_94556177	regulatory	251
chr15	59830905	59831156	EH38D4879192_59830905_59831243	regulatory	251
chr15	70793879	70794130	EH38D4889114_70793879_70794130	regulatory	251
chr15	68734431	68734682	EH38D2804118_68734343_68734682	regulatory	251
chr15	23734937	23735188	EH38D2767898_23734925_23735191	regulatory	251
chr15	60317002	60317253	EH38D4879446_60317002_60317350	regulatory	251
chr15	70013620	70013871	EH38D2805440_70013620_70013940	regulatory	251
chr15	89663086	89663337	EH38D4904507_89663017_89663337	regulatory	251
chr15	27648392	27648643	EH38D4859468_27648392_27648643	regulatory	251
chr15	52529132	52529383	EH38D4875184_52529034_52529383	regulatory	251
chr15	70195380	70195631	EH38D4888439_70195380_70195631	regulatory	251
chr15	42059777	42060028	EH38D4869053_42059768_42060028	regulatory	251
chr15	69957245	69957496	EH38D2805385_69957245_69957496	regulatory	251
chr15	59701935	59702186	EH38D2794899_59701935_59702186	regulatory	251
chr15	70627823	70628074	EH38D4888998_70627726_70628074	regulatory	251
chr15	53832959	53833210	EH38D2790193_53832959_53833210	regulatory	251
chr15	69852232	69852483	EH38D4888007_69852232_69852483	regulatory	251
chr15	66254505	66254756	EH38D4884328_66254494_66254756	regulatory	251
chr15	63491560	63491811	EH38D2798584_63491560_63491811	regulatory	251
chr15	85377082	85377333	EH38D4901587_85377082_85377333	regulatory	251
chr15	59594480	59594730	EH38D4879066_59594480_59594824	regulatory	250
chr15	39466095	39466345	EH38D2778636_39466095_39466345	regulatory	250
chr15	55108962	55109212	EH38D4876183_55108887_55109212	regulatory	250
chr15	31296750	31297000	EH38D2772370_31296654_31297000	regulatory	250
chr15	88403542	88403792	EH38D4903191_88403542_88403792	regulatory	250
chr15	85880879	85881129	EH38D4902071_85880879_85881129	regulatory	250
chr15	63843156	63843406	EH38D4881894_63843085_63843427	regulatory	250
chr15	85345390	85345640	EH38D2819408_85345390_85345640	regulatory	250
chr15	70495415	70495665	EH38D4888846_70495415_70495665	regulatory	250
chr15	48367529	48367779	EH38D2785826_48367529_48367874	regulatory	250
chr15	84817105	84817355	EH38D4901075_84817105_84817447	regulatory	250
chr15	63000701	63000951	EH38D2797936_63000701_63001035	regulatory	250
chr15	34709970	34710220	EH38D4864010_34709885_34710220	regulatory	250
chr15	31230886	31231136	EH38D4861799_31230786_31231136	regulatory	250
chr15	72198541	72198791	EH38D4890083_72198541_72198791	regulatory	250
chr15	26952664	26952914	EH38D2769669_26952664_26952914	regulatory	250
chr15	76973090	76973339	EH38D4894698_76973090_76973339	regulatory	249
chr15	44243871	44244120	EH38D4870498_44243871_44244128	regulatory	249
chr15	59886924	59887173	EH38D2795030_59886924_59887173	regulatory	249
chr15	43316683	43316932	EH38D4869955_43316683_43316932	regulatory	249
chr15	53843956	53844205	EH38D4875765_53843956_53844205	regulatory	249
chr15	31460852	31461101	EH38D2772614_31460852_31461101	regulatory	249
chr15	30991628	30991877	EH38D4861558_30991554_30991877	regulatory	249
chr15	43824690	43824939	EH38D4870257_43824589_43824939	regulatory	249
chr15	66907650	66907899	EH38D4885103_66907650_66907899	regulatory	249
chr15	51650011	51650260	EH38D2788532_51649933_51650260	regulatory	249
chr15	70291389	70291638	EH38D2805851_70291389_70291638	regulatory	249
chr15	39580829	39581078	EH38D4866426_39580829_39581179	regulatory	249
chr15	85925789	85926038	EH38D2820094_85925789_85926135	regulatory	249
chr15	55786390	55786639	EH38D2791321_55786390_55786739	regulatory	249
chr15	55770872	55771121	EH38D4876556_55770872_55771121	regulatory	249
chr15	96417238	96417486	EH38D2829281_96417238_96417486	regulatory	248
chr15	98591547	98591795	EH38D4910452_98591547_98591795	regulatory	248
chr15	63877932	63878180	EH38D2798968_63877932_63878186	regulatory	248
chr15	90827967	90828215	EH38D4905896_90827967_90828215	regulatory	248
chr15	99500681	99500929	EH38D4911422_99500681_99500929	regulatory	248
chr15	74731303	74731551	EH38D4892547_74731303_74731551	regulatory	248
chr15	51677167	51677415	EH38D2788549_51677167_51677415	regulatory	248
chr15	74336983	74337231	EH38D4892017_74336983_74337231	regulatory	248
chr15	70165800	70166048	EH38D2805672_70165800_70166148	regulatory	248
chr15	99784807	99785055	EH38D4911615_99784807_99785157	regulatory	248
chr15	31178122	31178370	EH38D2772233_31178031_31178370	regulatory	248
chr15	27582782	27583030	EH38D2770066_27582782_27583030	regulatory	248
chr15	87208074	87208322	EH38D2820962_87207993_87208322	regulatory	248
chr15	68441435	68441683	EH38D2803763_68441435_68441683	regulatory	248
chr15	48109050	48109298	EH38D4872462_48109050_48109298	regulatory	248
chr15	46829419	46829667	EH38D2784609_46829419_46829667	regulatory	248
chr15	70430728	70430976	EH38D4888739_70430699_70430976	regulatory	248
chr15	73682620	73682868	EH38D2808970_73682620_73682931	regulatory	248
chr15	51340276	51340524	EH38D4874317_51340276_51340524	regulatory	248
chr15	57374937	57375185	EH38D2792638_57374937_57375218	regulatory	248
chr15	67961737	67961985	EH38D4886074_67961737_67961985	regulatory	248
chr15	38252588	38252835	EH38D4865643_38252588_38252835	regulatory	247
chr15	91367636	91367883	EH38D2824826_91367636_91367890	regulatory	247
chr15	85840147	85840394	EH38D4902036_85840147_85840394	regulatory	247
chr15	95850909	95851156	EH38D4909028_95850909_95851156	regulatory	247
chr15	38084343	38084590	EH38D2777335_38084307_38084653	regulatory	247
chr15	69126212	69126459	EH38D2804516_69126111_69126459	regulatory	247
chr15	52791455	52791702	EH38D4875367_52791455_52791702	regulatory	247
chr15	74139913	74140160	EH38D2809472_74139822_74140160	regulatory	247
chr15	53917138	53917385	EH38D2790250_53917138_53917385	regulatory	247
chr15	41493145	41493392	EH38D4868339_41493139_41493489	regulatory	247
chr15	57364362	57364609	EH38D4877430_57364362_57364609	regulatory	247
chr15	67924435	67924682	EH38D4886040_67924435_67924682	regulatory	247
chr15	37330801	37331048	EH38D4865226_37330742_37331048	regulatory	247
chr15	37357245	37357492	EH38D2776913_37357156_37357504	regulatory	247
chr15	70794326	70794573	EH38D4889115_70794310_70794573	regulatory	247
chr15	94164296	94164543	EH38D4908290_94164296_94164543	regulatory	247
chr15	79673856	79674103	EH38D2814935_79673856_79674205	regulatory	247
chr15	88615305	88615552	EH38D2822084_88615305_88615650	regulatory	247
chr15	84668283	84668530	EH38D4900928_84668283_84668530	regulatory	247
chr15	70029397	70029644	EH38D4888182_70029397_70029716	regulatory	247
chr15	61765110	61765356	EH38D4880330_61765110_61765356	regulatory	246
chr15	85337467	85337713	EH38D2819395_85337467_85337713	regulatory	246
chr15	34367196	34367442	EH38D4863820_34367095_34367442	regulatory	246
chr15	46365589	46365835	EH38D2784357_46365560_46365910	regulatory	246
chr15	78756859	78757105	EH38D4896834_78756859_78757105	regulatory	246
chr15	70328176	70328422	EH38D2805902_70328105_70328422	regulatory	246
chr15	23039572	23039818	EH38D2767647_23039469_23039818	regulatory	246
chr15	77974762	77975008	EH38D4895887_77974762_77975008	regulatory	246
chr15	91346386	91346632	EH38D4906367_91346294_91346632	regulatory	246
chr15	60134666	60134912	EH38D2795259_60134666_60134952	regulatory	246
chr15	40589805	40590051	EH38D4867497_40589805_40590126	regulatory	246
chr15	40894203	40894449	EH38D4867816_40894203_40894548	regulatory	246
chr15	90860608	90860854	EH38D2824367_90860579_90860854	regulatory	246
chr15	75673815	75674061	EH38D4893748_75673815_75674061	regulatory	246
chr15	44243211	44243457	EH38D4870497_44243211_44243457	regulatory	246
chr15	70442981	70443227	EH38D4888759_70442981_70443325	regulatory	246
chr15	69969582	69969828	EH38D2805391_69969582_69969828	regulatory	246
chr15	99442766	99443012	EH38D4911333_99442766_99443012	regulatory	246
chr15	67943717	67943963	EH38D4886056_67943693_67943963	regulatory	246
chr15	73371949	73372195	EH38D4890897_73371949_73372195	regulatory	246
chr15	68558042	68558288	EH38D4886704_68558042_68558288	regulatory	246
chr15	96349366	96349612	EH38D2829176_96349366_96349612	regulatory	246
chr15	94780232	94780477	EH38D2827804_94780129_94780477	regulatory	245
chr15	34719775	34720020	EH38D2774791_34719775_34720020	regulatory	245
chr15	40357309	40357554	EH38D4867196_40357309_40357602	regulatory	245
chr15	74434818	74435063	EH38D2809884_74434818_74435063	regulatory	245
chr15	89461192	89461437	EH38D4904299_89461159_89461437	regulatory	245
chr15	52855836	52856081	EH38D2789671_52855836_52856081	regulatory	245
chr15	90320556	90320801	EH38D2823819_90320556_90320801	regulatory	245
chr15	96747322	96747567	EH38D2829503_96747322_96747658	regulatory	245
chr15	57299908	57300153	EH38D2792536_57299908_57300257	regulatory	245
chr15	100686273	100686518	EH38D2832776_100686273_100686518	regulatory	245
chr15	69988930	69989175	EH38D2805414_69988930_69989175	regulatory	245
chr15	57921436	57921681	EH38D2793224_57921436_57921681	regulatory	245
chr15	92541862	92542107	EH38D4907128_92541862_92542212	regulatory	245
chr15	77516876	77517121	EH38D4895153_77516813_77517121	regulatory	245
chr15	99442088	99442333	EH38D4911332_99442088_99442333	regulatory	245
chr15	55027316	55027561	EH38D2790822_55027316_55027561	regulatory	245
chr15	92363803	92364048	EH38D4907000_92363803_92364048	regulatory	245
chr15	76336234	76336478	EH38D4894378_76336234_76336478	regulatory	244
chr15	101112754	101112998	EH38D2833355_101112753_101113100	regulatory	244
chr15	52791911	52792155	EH38D4875368_52791911_52792155	regulatory	244
chr15	98647775	98648019	EH38D4910506_98647775_98648019	regulatory	244
chr15	52709817	52710061	EH38D2789523_52709713_52710061	regulatory	244
chr15	40565054	40565298	EH38D4867475_40564950_40565298	regulatory	244
chr15	92392557	92392801	EH38D4907015_92392557_92392801	regulatory	244
chr15	93029329	93029573	EH38D2826453_93029329_93029573	regulatory	244
chr15	60281565	60281809	EH38D2795365_60281565_60281809	regulatory	244
chr15	88383432	88383676	EH38D4903167_88383432_88383676	regulatory	244
chr15	40877764	40878008	EH38D4867803_40877764_40878008	regulatory	244
chr15	32715454	32715698	EH38D2773151_32715454_32715763	regulatory	244
chr15	73904522	73904766	EH38D4891362_73904470_73904818	regulatory	244
chr15	46278507	46278751	EH38D2784303_46278507_46278783	regulatory	244
chr15	87753565	87753809	EH38D2821345_87753565_87753899	regulatory	244
chr15	73387873	73388117	EH38D2808738_73387873_73388117	regulatory	244
chr15	49063556	49063800	EH38D4872978_49063451_49063800	regulatory	244
chr15	75156749	75156993	EH38D4893123_75156749_75156993	regulatory	244
chr15	64460333	64460577	EH38D4882467_64460333_64460683	regulatory	244
chr15	55799765	55800009	EH38D2791332_55799765_55800105	regulatory	244
chr15	100652954	100653198	EH38D2832743_100652954_100653198	regulatory	244
chr15	70029746	70029989	EH38D4888183_70029746_70029989	regulatory	243
chr15	69853578	69853821	EH38D2805261_69853578_69853928	regulatory	243
chr15	101111259	101111502	EH38D4912900_101111259_101111502	regulatory	243
chr15	38610920	38611163	EH38D4865868_38610920_38611163	regulatory	243
chr15	38576893	38577136	EH38D4865842_38576877_38577204	regulatory	243
chr15	58586184	58586427	EH38D2793897_58586077_58586427	regulatory	243
chr15	70606008	70606251	EH38D2806267_70606008_70606251	regulatory	243
chr15	34721777	34722020	EH38D4864022_34721777_34722020	regulatory	243
chr15	68559239	68559482	EH38D2803878_68559239_68559482	regulatory	243
chr15	45205207	45205450	EH38D4871244_45205207_45205450	regulatory	243
chr15	70206792	70207035	EH38D2805737_70206792_70207035	regulatory	243
chr15	37161126	37161369	EH38D4865175_37161126_37161472	regulatory	243
chr15	99453215	99453458	EH38D4911357_99453215_99453458	regulatory	243
chr15	92365893	92366136	EH38D2825733_92365893_92366225	regulatory	243
chr15	63876319	63876562	EH38D2798967_63876285_63876562	regulatory	243
chr15	44911326	44911569	EH38D2783337_44911232_44911569	regulatory	243
chr15	74519281	74519524	EH38D4892304_74519281_74519524	regulatory	243
chr15	100713025	100713268	EH38D2832811_100713012_100713332	regulatory	243
chr15	62107769	62108011	EH38D2796995_62107769_62108011	regulatory	242
chr15	94760519	94760761	EH38D2827794_94760519_94760761	regulatory	242
chr15	50423385	50423627	EH38D4873699_50423385_50423729	regulatory	242
chr15	31236225	31236467	EH38D2772285_31236225_31236467	regulatory	242
chr15	52795404	52795646	EH38D4875376_52795404_52795646	regulatory	242
chr15	23403605	23403847	EH38D4857306_23403605_23403947	regulatory	242
chr15	61765531	61765773	EH38D4880332_61765531_61765773	regulatory	242
chr15	86009866	86010108	EH38D2820166_86009866_86010108	regulatory	242
chr15	40926006	40926248	EH38D4867876_40925923_40926248	regulatory	242
chr15	40085437	40085679	EH38D4866810_40085372_40085720	regulatory	242
chr15	40904851	40905093	EH38D4867837_40904851_40905098	regulatory	242
chr15	63080030	63080272	EH38D2798081_63080030_63080272	regulatory	242
chr15	86061743	86061985	EH38D2820205_86061655_86061985	regulatory	242
chr15	60418604	60418846	EH38D4879553_60418604_60418846	regulatory	242
chr15	79994632	79994874	EH38D2815199_79994632_79994979	regulatory	242
chr15	62136976	62137217	EH38D4880496_62136976_62137217	regulatory	241
chr15	28859937	28860178	EH38D4860154_28859937_28860178	regulatory	241
chr15	22720059	22720300	EH38D4856775_22720059_22720300	regulatory	241
chr15	38396934	38397175	EH38D4865725_38396923_38397175	regulatory	241
chr15	75461749	75461990	EH38D4893512_75461730_75462074	regulatory	241
chr15	26083586	26083827	EH38D2769122_26083490_26083827	regulatory	241
chr15	70763558	70763799	EH38D2806410_70763449_70763799	regulatory	241
chr15	37108276	37108517	EH38D4865144_37108276_37108517	regulatory	241
chr15	31163217	31163458	EH38D4861712_31163112_31163458	regulatory	241
chr15	20295448	20295689	EH38D4856115_20295448_20295689	regulatory	241
chr15	88614499	88614740	EH38D4903348_88614461_88614791	regulatory	241
chr15	74777130	74777371	EH38D2810219_74777130_74777371	regulatory	241
chr15	34514667	34514908	EH38D4863893_34514667_34514908	regulatory	241
chr15	65089532	65089773	EH38D2800169_65089532_65089853	regulatory	241
chr15	36371569	36371809	EH38D4864713_36371569_36371809	regulatory	240
chr15	66882556	66882796	EH38D2802003_66882448_66882796	regulatory	240
chr15	63189256	63189496	EH38D4881363_63189256_63189605	regulatory	240
chr15	94109191	94109431	EH38D2827295_94109191_94109431	regulatory	240
chr15	75125992	75126232	EH38D4893091_75125992_75126232	regulatory	240
chr15	53880444	53880684	EH38D2790229_53880444_53880684	regulatory	240
chr15	96581833	96582073	EH38D4909496_96581833_96582073	regulatory	240
chr15	20646786	20647026	EH38D4856302_20646786_20647114	regulatory	240
chr15	73680053	73680293	EH38D4891083_73680053_73680293	regulatory	240
chr15	85758366	85758606	EH38D4901914_85758366_85758606	regulatory	240
chr15	51340615	51340855	EH38D4874318_51340615_51340948	regulatory	240
chr15	94663284	94663524	EH38D2827715_94663284_94663524	regulatory	240
chr15	48385087	48385327	EH38D2785839_48385016_48385327	regulatory	240
chr15	88388633	88388873	EH38D4903177_88388633_88388983	regulatory	240
chr15	77872114	77872354	EH38D4895724_77872114_77872354	regulatory	240
chr15	62142825	62143064	EH38D4880502_62142825_62143064	regulatory	239
chr15	90320111	90320350	EH38D4905381_90320001_90320350	regulatory	239
chr15	44261080	44261319	EH38D2782892_44261080_44261319	regulatory	239
chr15	101568942	101569181	EH38D4913596_101568942_101569213	regulatory	239
chr15	75178928	75179167	EH38D4893150_75178833_75179167	regulatory	239
chr15	78753373	78753612	EH38D2814149_78753296_78753612	regulatory	239
chr15	63896502	63896741	EH38D4881945_63896502_63896741	regulatory	239
chr15	91075706	91075945	EH38D2824586_91075706_91075945	regulatory	239
chr15	62350867	62351106	EH38D4880642_62350867_62351107	regulatory	239
chr15	70385423	70385662	EH38D4888679_70385423_70385662	regulatory	239
chr15	101168240	101168479	EH38D4912996_101168240_101168590	regulatory	239
chr15	64782848	64783087	EH38D4882749_64782848_64783087	regulatory	239
chr15	97076729	97076968	EH38D2829720_97076729_97077007	regulatory	239
chr15	48366696	48366935	EH38D2785824_48366696_48366935	regulatory	239
chr15	37221407	37221646	EH38D2776864_37221407_37221646	regulatory	239
chr15	37219165	37219404	EH38D4865192_37219165_37219404	regulatory	239
chr15	80756432	80756671	EH38D2815943_80756432_80756671	regulatory	239
chr15	80010255	80010494	EH38D4897885_80010197_80010529	regulatory	239
chr15	36392711	36392950	EH38D4864721_36392711_36393052	regulatory	239
chr15	49751282	49751521	EH38D2787035_49751282_49751521	regulatory	239
chr15	70486097	70486336	EH38D4888828_70486097_70486336	regulatory	239
chr15	70016291	70016529	EH38D4888158_70016291_70016529	regulatory	238
chr15	60204335	60204573	EH38D2795312_60204335_60204573	regulatory	238
chr15	77874154	77874392	EH38D4895728_77874154_77874392	regulatory	238
chr15	63019645	63019883	EH38D4881192_63019536_63019883	regulatory	238
chr15	62162522	62162760	EH38D2797053_62162522_62162760	regulatory	238
chr15	66982511	66982749	EH38D2802124_66982511_66982749	regulatory	238
chr15	94791577	94791815	EH38D2827814_94791577_94791815	regulatory	238
chr15	95938005	95938243	EH38D4909078_95938005_95938243	regulatory	238
chr15	70103474	70103712	EH38D2805587_70103362_70103712	regulatory	238
chr15	31235907	31236145	EH38D2772284_31235824_31236145	regulatory	238
chr15	68448400	68448638	EH38D4886597_68448349_68448696	regulatory	238
chr15	78422891	78423129	EH38D4896537_78422891_78423168	regulatory	238
chr15	73907150	73907388	EH38D4891366_73907042_73907388	regulatory	238
chr15	88710206	88710444	EH38D2822198_88710206_88710444	regulatory	238
chr15	74952142	74952380	EH38D2810433_74952142_74952380	regulatory	238
chr15	74065793	74066031	EH38D4891636_74065793_74066031	regulatory	238
chr15	56041756	56041994	EH38D4876702_56041756_56041994	regulatory	238
chr15	36363398	36363636	EH38D2776033_36363398_36363636	regulatory	238
chr15	50397863	50398101	EH38D4873688_50397863_50398177	regulatory	238
chr15	40864353	40864590	EH38D4867784_40864353_40864590	regulatory	237
chr15	90158197	90158434	EH38D4905164_90158197_90158434	regulatory	237
chr15	70362026	70362263	EH38D4888651_70362026_70362263	regulatory	237
chr15	70451422	70451659	EH38D4888773_70451422_70451689	regulatory	237
chr15	37224315	37224552	EH38D2776868_37224315_37224552	regulatory	237
chr15	101258200	101258437	EH38D2833564_101258200_101258437	regulatory	237
chr15	52733214	52733451	EH38D4875313_52733214_52733535	regulatory	237
chr15	26352487	26352724	EH38D4858851_26352487_26352724	regulatory	237
chr15	66833423	66833660	EH38D2801914_66833395_66833745	regulatory	237
chr15	78414688	78414925	EH38D4896530_78414688_78414925	regulatory	237
chr15	64456356	64456593	EH38D4882460_64456356_64456593	regulatory	237
chr15	90839372	90839608	EH38D2824346_90839258_90839608	regulatory	236
chr15	62998140	62998376	EH38D4881175_62998140_62998376	regulatory	236
chr15	41554461	41554697	EH38D2780740_41554407_41554697	regulatory	236
chr15	101616472	101616708	EH38D4913630_101616472_101616800	regulatory	236
chr15	101795540	101795776	EH38D2834129_101795540_101795776	regulatory	236
chr15	31325331	31325567	EH38D4861967_31325331_31325567	regulatory	236
chr15	23416971	23417207	EH38D4857323_23416971_23417207	regulatory	236
chr15	59587498	59587734	EH38D2794795_59587498_59587764	regulatory	236
chr15	95558235	95558471	EH38D4908894_95558131_95558471	regulatory	236
chr15	64810524	64810760	EH38D2799860_64810524_64810760	regulatory	236
chr15	48076552	48076788	EH38D4872448_48076529_48076788	regulatory	236
chr15	97052354	97052590	EH38D4909687_97052303_97052590	regulatory	236
chr15	90141751	90141987	EH38D4905150_90141751_90141987	regulatory	236
chr15	22238571	22238807	EH38D4856562_22238571_22238918	regulatory	236
chr15	65423354	65423590	EH38D4883559_65423354_65423653	regulatory	236
chr15	47136272	47136508	EH38D4871989_47136272_47136508	regulatory	236
chr15	72671657	72671892	EH38D4890415_72671549_72671892	regulatory	235
chr15	26261433	26261668	EH38D2769258_26261433_26261782	regulatory	235
chr15	65092221	65092456	EH38D2800171_65092221_65092469	regulatory	235
chr15	40891821	40892056	EH38D4867811_40891821_40892144	regulatory	235
chr15	40942530	40942765	EH38D2780279_40942530_40942765	regulatory	235
chr15	41283105	41283340	EH38D4868150_41282990_41283340	regulatory	235
chr15	65115200	65115435	EH38D2800190_65115115_65115455	regulatory	235
chr15	63860300	63860535	EH38D4881904_63860188_63860535	regulatory	235
chr15	63484573	63484808	EH38D2798574_63484487_63484808	regulatory	235
chr15	55168375	55168610	EH38D4876206_55168318_55168668	regulatory	235
chr15	51825812	51826047	EH38D4874615_51825812_51826047	regulatory	235
chr15	74100075	74100310	EH38D2809415_74100075_74100330	regulatory	235
chr15	60127548	60127783	EH38D4879361_60127480_60127830	regulatory	235
chr15	66908221	66908456	EH38D4885105_66908221_66908568	regulatory	235
chr15	70651033	70651268	EH38D2806309_70651033_70651268	regulatory	235
chr15	100353441	100353676	EH38D4912181_100353430_100353780	regulatory	235
chr15	69854972	69855206	EH38D4888010_69854972_69855206	regulatory	234
chr15	76905872	76906106	EH38D4894658_76905872_76906132	regulatory	234
chr15	76313945	76314179	EH38D4894348_76313829_76314179	regulatory	234
chr15	101581749	101581983	EH38D4913606_101581697_101582026	regulatory	234
chr15	31163736	31163970	EH38D4861713_31163736_31164069	regulatory	234
chr15	85357977	85358211	EH38D2819432_85357977_85358315	regulatory	234
chr15	85331598	85331832	EH38D4901539_85331598_85331832	regulatory	234
chr15	64813105	64813339	EH38D2799866_64813105_64813450	regulatory	234
chr15	78739175	78739409	EH38D4896805_78739175_78739409	regulatory	234
chr15	63842076	63842310	EH38D4881893_63841960_63842310	regulatory	234
chr15	40083807	40084041	EH38D4866808_40083807_40084041	regulatory	234
chr15	68432163	68432397	EH38D4886585_68432054_68432397	regulatory	234
chr15	99438209	99438443	EH38D4911321_99438209_99438443	regulatory	234
chr15	99436099	99436333	EH38D4911314_99436099_99436333	regulatory	234
chr15	34724956	34725190	EH38D4864025_34724956_34725219	regulatory	234
chr15	65133808	65134042	EH38D4883179_65133692_65134042	regulatory	234
chr15	73442929	73443163	EH38D4890949_73442929_73443275	regulatory	234
chr15	70433697	70433931	EH38D2806035_70433697_70433931	regulatory	234
chr15	48112305	48112539	EH38D2785635_48112305_48112575	regulatory	234
chr15	48392445	48392679	EH38D4872590_48392378_48392679	regulatory	234
chr15	72913028	72913262	EH38D2808315_72913028_72913346	regulatory	234
chr15	37764701	37764935	EH38D4865363_37764701_37764935	regulatory	234
chr15	69972503	69972737	EH38D4888104_69972503_69972737	regulatory	234
chr15	40340939	40341172	EH38D4867163_40340823_40341172	regulatory	233
chr15	63443805	63444038	EH38D4881591_63443750_63444038	regulatory	233
chr15	31275667	31275900	EH38D4861882_31275667_31275900	regulatory	233
chr15	76345544	76345777	EH38D2811769_76345544_76345777	regulatory	233
chr15	28696219	28696452	EH38D4860081_28696126_28696452	regulatory	233
chr15	79598127	79598360	EH38D4897617_79598127_79598360	regulatory	233
chr15	22223226	22223459	EH38D4856527_22223145_22223459	regulatory	233
chr15	31231296	31231529	EH38D4861800_31231274_31231597	regulatory	233
chr15	65212109	65212342	EH38D4883257_65212109_65212441	regulatory	233
chr15	40160789	40161022	EH38D4866930_40160789_40161139	regulatory	233
chr15	46082533	46082766	EH38D2784212_46082533_46082873	regulatory	233
chr15	63870593	63870826	EH38D2798957_63870593_63870903	regulatory	233
chr15	70246464	70246697	EH38D4888499_70246464_70246802	regulatory	233
chr15	78950328	78950561	EH38D4897092_78950328_78950676	regulatory	233
chr15	73806854	73807087	EH38D4891238_73806737_73807087	regulatory	233
chr15	25439051	25439284	EH38D4858215_25438935_25439284	regulatory	233
chr15	95567713	95567946	EH38D4908900_95567713_95568062	regulatory	233
chr15	49101557	49101790	EH38D4873003_49101557_49101899	regulatory	233
chr15	25668490	25668722	EH38D2768717_25668438_25668722	regulatory	232
chr15	97977141	97977373	EH38D2830246_97977071_97977401	regulatory	232
chr15	62928780	62929012	EH38D4881113_62928780_62929012	regulatory	232
chr15	96585741	96585973	EH38D2829398_96585741_96585973	regulatory	232
chr15	70492291	70492523	EH38D4888840_70492291_70492636	regulatory	232
chr15	70435102	70435334	EH38D2806039_70435102_70435334	regulatory	232
chr15	76964601	76964833	EH38D2812184_76964528_76964833	regulatory	232
chr15	34210096	34210328	EH38D4863707_34209980_34210328	regulatory	232
chr15	69120042	69120274	EH38D2804511_69120042_69120274	regulatory	232
chr15	56028498	56028730	EH38D4876690_56028498_56028730	regulatory	232
chr15	92580148	92580380	EH38D4907145_92580064_92580380	regulatory	232
chr15	36575352	36575584	EH38D4864815_36575352_36575617	regulatory	232
chr15	99518627	99518859	EH38D4911452_99518627_99518859	regulatory	232
chr15	22284967	22285199	EH38D4856653_22284967_22285199	regulatory	232
chr15	75299320	75299552	EH38D4893312_75299320_75299552	regulatory	232
chr15	88896929	88897161	EH38D2822332_88896929_88897161	regulatory	232
chr15	88375347	88375579	EH38D2821879_88375347_88375586	regulatory	232
chr15	78329683	78329915	EH38D2813772_78329683_78329973	regulatory	232
chr15	57311648	57311880	EH38D4877364_57311648_57311880	regulatory	232
chr15	66574054	66574286	EH38D2801591_66574034_66574361	regulatory	232
chr15	97009020	97009252	EH38D2829671_97009020_97009252	regulatory	232
chr15	93030906	93031138	EH38D4907610_93030906_93031138	regulatory	232
chr15	53899360	53899591	EH38D2790241_53899360_53899672	regulatory	231
chr15	65304328	65304559	EH38D4883350_65304328_65304559	regulatory	231
chr15	60215305	60215536	EH38D4879401_60215305_60215552	regulatory	231
chr15	48388997	48389228	EH38D2785847_48388997_48389228	regulatory	231
chr15	89459861	89460092	EH38D4904296_89459748_89460092	regulatory	231
chr15	75124529	75124760	EH38D4893089_75124518_75124760	regulatory	231
chr15	97151980	97152211	EH38D2829764_97151980_97152211	regulatory	231
chr15	44219715	44219946	EH38D2782876_44219715_44219996	regulatory	231
chr15	66788801	66789032	EH38D4884915_66788801_66789058	regulatory	231
chr15	31269463	31269694	EH38D4861869_31269376_31269694	regulatory	231
chr15	31435892	31436123	EH38D4862151_31435892_31436123	regulatory	231
chr15	67927562	67927793	EH38D2803185_67927554_67927793	regulatory	231
chr15	68560891	68561122	EH38D2803882_68560891_68561122	regulatory	231
chr15	49060693	49060924	EH38D2786515_49060693_49060924	regulatory	231
chr15	70812116	70812347	EH38D4889131_70812116_70812347	regulatory	231
chr15	87734865	87735096	EH38D2821321_87734760_87735096	regulatory	231
chr15	42133953	42134183	EH38D4869161_42133953_42134236	regulatory	230
chr15	42112031	42112261	EH38D4869142_42111947_42112286	regulatory	230
chr15	77890867	77891097	EH38D2813235_77890867_77891097	regulatory	230
chr15	63879309	63879539	EH38D2798969_63879309_63879539	regulatory	230
chr15	37338928	37339158	EH38D4865230_37338928_37339158	regulatory	230
chr15	59994219	59994449	EH38D4879270_59994219_59994449	regulatory	230
chr15	19995430	19995660	EH38D4855899_19995430_19995660	regulatory	230
chr15	25663600	25663830	EH38D2768713_25663600_25663830	regulatory	230
chr15	65211473	65211703	EH38D2800266_65211365_65211703	regulatory	230
chr15	67884641	67884871	EH38D2803136_67884619_67884969	regulatory	230
chr15	79635950	79636179	EH38D2814915_79635950_79636300	regulatory	229
chr15	20193557	20193786	EH38D2767011_20193557_20193786	regulatory	229
chr15	48695603	48695832	EH38D2786191_48695603_48695832	regulatory	229
chr15	26113375	26113604	EH38D4858777_26113375_26113604	regulatory	229
chr15	43510728	43510957	EH38D2782405_43510686_43511035	regulatory	229
chr15	38251231	38251460	EH38D2777475_38251231_38251460	regulatory	229
chr15	49084120	49084349	EH38D2786539_49084120_49084349	regulatory	229
chr15	40108892	40109121	EH38D4866864_40108771_40109121	regulatory	229
chr15	45948414	45948643	EH38D2784151_45948296_45948643	regulatory	229
chr15	27587959	27588188	EH38D4859432_27587906_27588249	regulatory	229
chr15	57914878	57915107	EH38D4877805_57914878_57915107	regulatory	229
chr15	75723811	75724040	EH38D2811179_75723811_75724157	regulatory	229
chr15	95826888	95827117	EH38D4909013_95826840_95827182	regulatory	229
chr15	90315415	90315644	EH38D4905370_90315415_90315644	regulatory	229
chr15	70422431	70422660	EH38D4888726_70422431_70422660	regulatory	229
chr15	89751295	89751524	EH38D4904596_89751295_89751524	regulatory	229
chr15	37765445	37765674	EH38D2777088_37765445_37765674	regulatory	229
chr15	37125199	37125428	EH38D2776803_37125199_37125428	regulatory	229
chr15	87764125	87764354	EH38D2821357_87764125_87764354	regulatory	229
chr15	63320511	63320739	EH38D2798353_63320511_63320739	regulatory	228
chr15	68511342	68511570	EH38D4886658_68511342_68511570	regulatory	228
chr15	92383567	92383795	EH38D2825745_92383567_92383795	regulatory	228
chr15	75154355	75154583	EH38D4893118_75154355_75154583	regulatory	228
chr15	97170500	97170728	EH38D4909743_97170500_97170728	regulatory	228
chr15	69848622	69848850	EH38D2805255_69848622_69848874	regulatory	228
chr15	85834693	85834921	EH38D2820018_85834674_85835018	regulatory	228
chr15	87200306	87200534	EH38D2820956_87200306_87200534	regulatory	228
chr15	62903553	62903781	EH38D4881098_62903456_62903797	regulatory	228
chr15	23397888	23398116	EH38D4857300_23397792_23398124	regulatory	228
chr15	37105048	37105276	EH38D2776776_37105048_37105276	regulatory	228
chr15	78750673	78750901	EH38D4896820_78750673_78750901	regulatory	228
chr15	39574447	39574675	EH38D2778741_39574447_39574797	regulatory	228
chr15	100843055	100843283	EH38D2832968_100843055_100843283	regulatory	228
chr15	69897985	69898213	EH38D4888044_69897864_69898213	regulatory	228
chr15	38397903	38398131	EH38D4865726_38397903_38398131	regulatory	228
chr15	88301723	88301951	EH38D2821824_88301723_88301961	regulatory	228
chr15	78405460	78405688	EH38D4896519_78405349_78405688	regulatory	228
chr15	99500390	99500618	EH38D4911421_99500274_99500618	regulatory	228
chr15	87761557	87761784	EH38D4902773_87761557_87761784	regulatory	227
chr15	89017584	89017811	EH38D4903781_89017584_89017930	regulatory	227
chr15	38377808	38378035	EH38D2777578_38377808_38378035	regulatory	227
chr15	74402682	74402909	EH38D4892152_74402682_74402909	regulatory	227
chr15	82100244	82100471	EH38D4899394_82100244_82100471	regulatory	227
chr15	74835440	74835667	EH38D4892725_74835328_74835667	regulatory	227
chr15	63089405	63089632	EH38D4881279_63089290_63089632	regulatory	227
chr15	78537372	78537599	EH38D2813954_78537284_78537622	regulatory	227
chr15	39540090	39540317	EH38D4866405_39540090_39540432	regulatory	227
chr15	74371950	74372177	EH38D2809756_74371950_74372177	regulatory	227
chr15	73390231	73390458	EH38D2808742_73390231_73390458	regulatory	227
chr15	74402343	74402570	EH38D2809822_74402343_74402570	regulatory	227
chr15	74378855	74379082	EH38D4892102_74378855_74379205	regulatory	227
chr15	66849170	66849397	EH38D4885015_66849170_66849397	regulatory	227
chr15	95834172	95834398	EH38D2828627_95834172_95834398	regulatory	226
chr15	39471833	39472059	EH38D2778643_39471833_39472166	regulatory	226
chr15	70516903	70517129	EH38D4888872_70516903_70517129	regulatory	226
chr15	31311950	31312176	EH38D4861945_31311950_31312176	regulatory	226
chr15	97954637	97954863	EH38D2830220_97954589_97954863	regulatory	226
chr15	40322938	40323164	EH38D4867131_40322938_40323164	regulatory	226
chr15	96890183	96890409	EH38D4909624_96890059_96890409	regulatory	226
chr15	89778803	89779029	EH38D4904648_89778803_89779029	regulatory	226
chr15	61270188	61270414	EH38D2796448_61270188_61270414	regulatory	226
chr15	101115560	101115786	EH38D2833361_101115560_101115786	regulatory	226
chr15	20624188	20624414	EH38D4856291_20624188_20624414	regulatory	226
chr15	38130853	38131079	EH38D4865573_38130729_38131079	regulatory	226
chr15	43303486	43303712	EH38D4869946_43303486_43303712	regulatory	226
chr15	55803190	55803416	EH38D2791337_55803190_55803416	regulatory	226
chr15	91852180	91852406	EH38D2825218_91852180_91852406	regulatory	226
chr15	62302362	62302588	EH38D2797149_62302362_62302658	regulatory	226
chr15	62900518	62900744	EH38D4881092_62900404_62900744	regulatory	226
chr15	70104286	70104512	EH38D4888307_70104286_70104512	regulatory	226
chr15	75193378	75193604	EH38D4893172_75193378_75193604	regulatory	226
chr15	55110574	55110800	EH38D4876185_55110505_55110800	regulatory	226
chr15	53414232	53414457	EH38D2789938_53414232_53414582	regulatory	225
chr15	40344620	40344845	EH38D4867168_40344620_40344866	regulatory	225
chr15	22239829	22240054	EH38D4856566_22239829_22240054	regulatory	225
chr15	88450244	88450469	EH38D4903216_88450244_88450530	regulatory	225
chr15	51341429	51341654	EH38D4874320_51341429_51341775	regulatory	225
chr15	77039191	77039416	EH38D2812314_77039191_77039524	regulatory	225
chr15	70157104	70157329	EH38D4888380_70157053_70157329	regulatory	225
chr15	56538628	56538853	EH38D2791859_56538628_56538853	regulatory	225
chr15	99509859	99510084	EH38D4911440_99509755_99510084	regulatory	225
chr15	63006047	63006272	EH38D2797941_63006011_63006272	regulatory	225
chr15	45310671	45310896	EH38D4871292_45310557_45310896	regulatory	225
chr15	63113083	63113308	EH38D4881308_63112985_63113308	regulatory	225
chr15	78372918	78373143	EH38D4896479_78372918_78373240	regulatory	225
chr15	66919558	66919783	EH38D4885123_66919435_66919783	regulatory	225
chr15	69955352	69955577	EH38D4888095_69955343_69955577	regulatory	225
chr15	96347898	96348122	EH38D4909344_96347898_96348122	regulatory	224
chr15	68573036	68573260	EH38D4886725_68573023_68573368	regulatory	224
chr15	74950493	74950717	EH38D4892867_74950423_74950717	regulatory	224
chr15	74775788	74776012	EH38D4892605_74775788_74776138	regulatory	224
chr15	99446624	99446848	EH38D4911341_99446624_99446848	regulatory	224
chr15	40436239	40436463	EH38D4867314_40436239_40436463	regulatory	224
chr15	85142393	85142617	EH38D2819267_85142393_85142743	regulatory	224
chr15	42941679	42941903	EH38D2782004_42941679_42942023	regulatory	224
chr15	36494790	36495014	EH38D2776129_36494790_36495014	regulatory	224
chr15	96691455	96691679	EH38D4909538_96691455_96691679	regulatory	224
chr15	52733864	52734088	EH38D2789554_52733864_52734214	regulatory	224
chr15	36501094	36501318	EH38D2776143_36501094_36501442	regulatory	224
chr15	39511941	39512165	EH38D4866389_39511941_39512291	regulatory	224
chr15	44801885	44802109	EH38D4870845_44801885_44802206	regulatory	224
chr15	75716655	75716879	EH38D4893826_75716655_75716879	regulatory	224
chr15	26231038	26231262	EH38D4858821_26231038_26231262	regulatory	224
chr15	39451881	39452105	EH38D2778618_39451814_39452105	regulatory	224
chr15	96340263	96340487	EH38D2829152_96340258_96340487	regulatory	224
chr15	73906735	73906959	EH38D2809208_73906735_73906959	regulatory	224
chr15	37222393	37222617	EH38D4865195_37222283_37222617	regulatory	224
chr15	70100663	70100886	EH38D4888302_70100663_70101005	regulatory	223
chr15	95883256	95883479	EH38D2828680_95883256_95883479	regulatory	223
chr15	38067834	38068057	EH38D4865520_38067834_38068057	regulatory	223
chr15	78331397	78331620	EH38D4896424_78331397_78331620	regulatory	223
chr15	69150969	69151192	EH38D4887321_69150885_69151192	regulatory	223
chr15	70288796	70289019	EH38D2805844_70288736_70289019	regulatory	223
chr15	99507810	99508033	EH38D4911434_99507810_99508033	regulatory	223
chr15	70285479	70285702	EH38D2805841_70285479_70285702	regulatory	223
chr15	57551385	57551608	EH38D4877588_57551385_57551608	regulatory	223
chr15	101091344	101091567	EH38D4912868_101091344_101091567	regulatory	223
chr15	73634229	73634452	EH38D4891053_73634189_73634532	regulatory	223
chr15	44728764	44728987	EH38D4870802_44728764_44729112	regulatory	223
chr15	70301524	70301747	EH38D2805865_70301399_70301747	regulatory	223
chr15	50828948	50829170	EH38D4873918_50828824_50829170	regulatory	222
chr15	97147589	97147811	EH38D2829762_97147467_97147811	regulatory	222
chr15	55802902	55803124	EH38D4876572_55802902_55803124	regulatory	222
chr15	51024850	51025072	EH38D2787986_51024744_51025072	regulatory	222
chr15	38073587	38073809	EH38D2777319_38073587_38073809	regulatory	222
chr15	79978397	79978619	EH38D4897852_79978397_79978619	regulatory	222
chr15	78398354	78398576	EH38D4896510_78398354_78398576	regulatory	222
chr15	59554812	59555034	EH38D4879040_59554689_59555034	regulatory	222
chr15	73777854	73778076	EH38D2809069_73777789_73778098	regulatory	222
chr15	68730019	68730241	EH38D4886964_68730019_68730250	regulatory	222
chr15	94606917	94607139	EH38D4908517_94606917_94607139	regulatory	222
chr15	95833826	95834048	EH38D2828626_95833826_95834048	regulatory	222
chr15	74725536	74725758	EH38D4892539_74725436_74725758	regulatory	222
chr15	63481185	63481407	EH38D2798567_63481161_63481434	regulatory	222
chr15	79975763	79975985	EH38D4897847_79975687_79975985	regulatory	222
chr15	48085943	48086165	EH38D2785609_48085943_48086165	regulatory	222
chr15	34368061	34368283	EH38D4863823_34368061_34368283	regulatory	222
chr15	70628266	70628488	EH38D4888999_70628266_70628614	regulatory	222
chr15	90229679	90229901	EH38D4905273_90229651_90229970	regulatory	222
chr15	90352061	90352283	EH38D4905419_90352061_90352408	regulatory	222
chr15	70131782	70132004	EH38D4888339_70131782_70132118	regulatory	222
chr15	66849853	66850075	EH38D4885017_66849853_66850075	regulatory	222
chr15	70099250	70099471	EH38D4888298_70099250_70099471	regulatory	221
chr15	97979197	97979418	EH38D4910027_97979197_97979418	regulatory	221
chr15	47137237	47137458	EH38D2784756_47137237_47137458	regulatory	221
chr15	55774970	55775191	EH38D4876558_55774970_55775191	regulatory	221
chr15	26178705	26178926	EH38D4858804_26178705_26178926	regulatory	221
chr15	62222911	62223132	EH38D4880548_62222850_62223132	regulatory	221
chr15	37790047	37790268	EH38D2777114_37789924_37790268	regulatory	221
chr15	73369846	73370067	EH38D4890892_73369846_73370067	regulatory	221
chr15	82531239	82531460	EH38D4899671_82531239_82531460	regulatory	221
chr15	57792620	57792841	EH38D2793118_57792620_57792841	regulatory	221
chr15	70811003	70811224	EH38D4889130_70811003_70811224	regulatory	221
chr15	41161043	41161264	EH38D4868056_41161043_41161308	regulatory	221
chr15	72231819	72232040	EH38D2807834_72231771_72232040	regulatory	221
chr15	92538896	92539117	EH38D2825889_92538896_92539117	regulatory	221
chr15	95937197	95937418	EH38D4909077_95937197_95937547	regulatory	221
chr15	65517704	65517924	EH38D4883616_65517574_65517924	regulatory	220
chr15	66802496	66802716	EH38D2801885_66802496_66802716	regulatory	220
chr15	69160119	69160339	EH38D4887327_69160119_69160339	regulatory	220
chr15	77864525	77864745	EH38D4895709_77864525_77864812	regulatory	220
chr15	29669881	29670101	EH38D4860929_29669881_29670101	regulatory	220
chr15	63897466	63897686	EH38D2798995_63897336_63897686	regulatory	220
chr15	82128821	82129041	EH38D4899430_82128821_82129041	regulatory	220
chr15	95598606	95598826	EH38D4908909_95598606_95598826	regulatory	220
chr15	63090704	63090924	EH38D2798098_63090588_63090924	regulatory	220
chr15	98614777	98614997	EH38D4910475_98614701_98614997	regulatory	220
chr15	35912256	35912476	EH38D2775735_35912256_35912537	regulatory	220
chr15	66848925	66849145	EH38D4885014_66848925_66849145	regulatory	220
chr15	37517279	37517499	EH38D4865283_37517279_37517499	regulatory	220
chr15	37585356	37585576	EH38D2776998_37585356_37585576	regulatory	220
chr15	95936293	95936513	EH38D2828725_95936293_95936513	regulatory	220
chr15	100672112	100672332	EH38D4912339_100672053_100672332	regulatory	220
chr15	85892445	85892665	EH38D2820071_85892445_85892665	regulatory	220
chr15	34101862	34102082	EH38D4863647_34101817_34102166	regulatory	220
chr15	48306718	48306938	EH38D4872544_48306718_48306938	regulatory	220
chr15	32716664	32716884	EH38D2773153_32716664_32716884	regulatory	220
chr15	73683745	73683965	EH38D4891089_73683745_73684092	regulatory	220
chr15	69116491	69116711	EH38D4887302_69116491_69116751	regulatory	220
chr15	75021495	75021715	EH38D4892938_75021391_75021715	regulatory	220
chr15	69979022	69979241	EH38D2805400_69979022_69979241	regulatory	219
chr15	86063078	86063297	EH38D2820208_86063078_86063297	regulatory	219
chr15	89828016	89828235	EH38D4904748_89827937_89828235	regulatory	219
chr15	27574231	27574450	EH38D4859429_27574162_27574450	regulatory	219
chr15	22494779	22494998	EH38D4856701_22494779_22494998	regulatory	219
chr15	75298929	75299148	EH38D4893311_75298929_75299148	regulatory	219
chr15	68730454	68730673	EH38D2804110_68730454_68730673	regulatory	219
chr15	64961126	64961345	EH38D4882964_64961126_64961363	regulatory	219
chr15	23073988	23074207	EH38D4857198_23073857_23074207	regulatory	219
chr15	99507257	99507476	EH38D4911433_99507160_99507476	regulatory	219
chr15	39580318	39580537	EH38D4866425_39580318_39580537	regulatory	219
chr15	70651648	70651867	EH38D2806311_70651648_70651867	regulatory	219
chr15	86063785	86064004	EH38D2820210_86063785_86064132	regulatory	219
chr15	101280027	101280246	EH38D4913126_101280027_101280377	regulatory	219
chr15	66254209	66254428	EH38D4884327_66254209_66254428	regulatory	219
chr15	75138289	75138508	EH38D2810637_75138289_75138508	regulatory	219
chr15	89429116	89429335	EH38D2822926_89429088_89429335	regulatory	219
chr15	34976109	34976328	EH38D2774981_34976109_34976444	regulatory	219
chr15	96349897	96350116	EH38D4909348_96349897_96350116	regulatory	219
chr15	57353812	57354031	EH38D4877417_57353738_57354031	regulatory	219
chr15	97899519	97899738	EH38D2830179_97899436_97899738	regulatory	219
chr15	31304445	31304663	EH38D4861931_31304340_31304679	regulatory	218
chr15	69893974	69894192	EH38D2805314_69893845_69894192	regulatory	218
chr15	88738900	88739118	EH38D2822216_88738900_88739245	regulatory	218
chr15	70320538	70320756	EH38D4888602_70320421_70320756	regulatory	218
chr15	68772758	68772976	EH38D4886997_68772758_68772976	regulatory	218
chr15	97995921	97996139	EH38D4910041_97995921_97996267	regulatory	218
chr15	39553010	39553228	EH38D4866409_39553010_39553228	regulatory	218
chr15	70486374	70486592	EH38D4888829_70486374_70486592	regulatory	218
chr15	74400072	74400290	EH38D4892146_74399940_74400290	regulatory	218
chr15	35053915	35054133	EH38D2775042_35053915_35054228	regulatory	218
chr15	64958691	64958909	EH38D2800038_64958655_64958909	regulatory	218
chr15	46278852	46279070	EH38D2784304_46278852_46279070	regulatory	218
chr15	35181253	35181471	EH38D4864261_35181253_35181471	regulatory	218
chr15	61724645	61724863	EH38D4880310_61724645_61724863	regulatory	218
chr15	31457274	31457492	EH38D2772606_31457201_31457492	regulatory	218
chr15	53878081	53878299	EH38D2790228_53878018_53878365	regulatory	218
chr15	25880590	25880807	EH38D4858625_25880569_25880853	regulatory	217
chr15	60120250	60120467	EH38D2795241_60120121_60120467	regulatory	217
chr15	40327397	40327614	EH38D4867140_40327397_40327614	regulatory	217
chr15	96720299	96720516	EH38D2829481_96720299_96720648	regulatory	217
chr15	88391088	88391305	EH38D4903180_88391088_88391305	regulatory	217
chr15	64807140	64807357	EH38D4882762_64807140_64807357	regulatory	217
chr15	40863947	40864164	EH38D4867783_40863947_40864193	regulatory	217
chr15	38252291	38252508	EH38D4865642_38252179_38252508	regulatory	217
chr15	77553963	77554180	EH38D4895220_77553963_77554180	regulatory	217
chr15	79959284	79959501	EH38D4897820_79959284_79959626	regulatory	217
chr15	26260588	26260805	EH38D2769256_26260588_26260805	regulatory	217
chr15	86042286	86042503	EH38D2820191_86042286_86042572	regulatory	217
chr15	48374561	48374778	EH38D4872582_48374561_48374778	regulatory	217
chr15	73397154	73397371	EH38D4890927_73397154_73397371	regulatory	217
chr15	26065785	26066002	EH38D2769103_26065785_26066135	regulatory	217
chr15	89947465	89947682	EH38D4904880_89947398_89947682	regulatory	217
chr15	90157975	90158192	EH38D4905163_90157975_90158192	regulatory	217
chr15	60344490	60344706	EH38D4879470_60344490_60344706	regulatory	216
chr15	101172476	101172692	EH38D2833443_101172476_101172692	regulatory	216
chr15	95940530	95940746	EH38D4909080_95940530_95940879	regulatory	216
chr15	66497780	66497996	EH38D4884535_66497647_66497996	regulatory	216
chr15	70497766	70497982	EH38D2806134_70497766_70497985	regulatory	216
chr15	64459517	64459733	EH38D4882464_64459517_64459733	regulatory	216
chr15	74390703	74390919	EH38D2809794_74390703_74390919	regulatory	216
chr15	74725949	74726165	EH38D4892540_74725949_74726165	regulatory	216
chr15	40323314	40323530	EH38D2779617_40323314_40323655	regulatory	216
chr15	49046887	49047103	EH38D4872968_49046887_49047103	regulatory	216
chr15	43230623	43230839	EH38D4869874_43230601_43230928	regulatory	216
chr15	57328912	57329128	EH38D4877390_57328912_57329128	regulatory	216
chr15	26143290	26143506	EH38D2769180_26143290_26143506	regulatory	216
chr15	63389919	63390135	EH38D4881549_63389919_63390266	regulatory	216
chr15	68731584	68731800	EH38D2804113_68731517_68731855	regulatory	216
chr15	28106347	28106563	EH38D4859819_28106265_28106563	regulatory	216
chr15	67941689	67941905	EH38D4886053_67941689_67942037	regulatory	216
chr15	101148894	101149110	EH38D4912960_101148894_101149110	regulatory	216
chr15	88570048	88570264	EH38D2822047_88570048_88570264	regulatory	216
chr15	85379896	85380112	EH38D4901591_85379809_85380112	regulatory	216
chr15	37751527	37751743	EH38D2777081_37751527_37751743	regulatory	216
chr15	38067474	38067690	EH38D4865519_38067474_38067690	regulatory	216
chr15	73973062	73973278	EH38D4891487_73972931_73973278	regulatory	216
chr15	69160367	69160583	EH38D2804557_69160367_69160717	regulatory	216
chr15	91319571	91319787	EH38D4906357_91319571_91319787	regulatory	216
chr15	70783737	70783953	EH38D4889101_70783612_70783953	regulatory	216
chr15	74054172	74054388	EH38D4891618_74054046_74054395	regulatory	216
chr15	77504341	77504556	EH38D4895135_77504341_77504678	regulatory	215
chr15	49063862	49064077	EH38D4872979_49063862_49064117	regulatory	215
chr15	75828496	75828711	EH38D4893978_75828459_75828737	regulatory	215
chr15	31461996	31462211	EH38D2772616_31461996_31462211	regulatory	215
chr15	90351558	90351773	EH38D2823847_90351558_90351773	regulatory	215
chr15	31256743	31256958	EH38D4861840_31256631_31256979	regulatory	215
chr15	65042643	65042858	EH38D4883041_65042643_65042910	regulatory	215
chr15	62902305	62902520	EH38D2797827_62902181_62902520	regulatory	215
chr15	95603432	95603647	EH38D2828428_95603432_95603647	regulatory	215
chr15	56493202	56493417	EH38D4876927_56493202_56493462	regulatory	215
chr15	70219555	70219770	EH38D2805754_70219555_70219770	regulatory	215
chr15	70131528	70131743	EH38D2805617_70131528_70131743	regulatory	215
chr15	53918117	53918332	EH38D2790252_53918117_53918332	regulatory	215
chr15	70265420	70265635	EH38D4888538_70265420_70265635	regulatory	215
chr15	77841241	77841456	EH38D2813168_77841108_77841456	regulatory	215
chr15	53832481	53832696	EH38D2790192_53832356_53832696	regulatory	215
chr15	40322276	40322491	EH38D4867130_40322276_40322491	regulatory	215
chr15	49856905	49857120	EH38D4873380_49856905_49857148	regulatory	215
chr15	82808776	82808990	EH38D4899917_82808776_82809115	regulatory	214
chr15	59897201	59897415	EH38D2795039_59897201_59897418	regulatory	214
chr15	100686682	100686896	EH38D4912349_100686682_100686896	regulatory	214
chr15	63901546	63901760	EH38D2798998_63901546_63901890	regulatory	214
chr15	40082629	40082843	EH38D4866806_40082629_40082882	regulatory	214
chr15	77944582	77944796	EH38D4895857_77944446_77944796	regulatory	214
chr15	91370222	91370436	EH38D2824831_91370222_91370436	regulatory	214
chr15	95930537	95930751	EH38D4909074_95930537_95930751	regulatory	214
chr15	37773490	37773704	EH38D4865375_37773490_37773787	regulatory	214
chr15	79778900	79779114	EH38D2815004_79778900_79779114	regulatory	214
chr15	22224598	22224812	EH38D4856530_22224598_22224812	regulatory	214
chr15	48986958	48987172	EH38D4872929_48986958_48987172	regulatory	214
chr15	75816080	75816294	EH38D4893967_75816080_75816400	regulatory	214
chr15	85983073	85983287	EH38D2820145_85983006_85983287	regulatory	214
chr15	56007541	56007755	EH38D4876682_56007541_56007787	regulatory	214
chr15	63484854	63485068	EH38D4881637_63484854_63485116	regulatory	214
chr15	74530852	74531066	EH38D2809977_74530852_74531066	regulatory	214
chr15	36331081	36331295	EH38D2776002_36331081_36331295	regulatory	214
chr15	48982465	48982679	EH38D2786445_48982465_48982784	regulatory	214
chr15	97071700	97071914	EH38D4909700_97071700_97071914	regulatory	214
chr15	62975581	62975795	EH38D4881153_62975566_62975914	regulatory	214
chr15	69940254	69940467	EH38D4888081_69940254_69940467	regulatory	213
chr15	84816861	84817074	EH38D4901074_84816861_84817074	regulatory	213
chr15	73953340	73953553	EH38D4891451_73953340_73953553	regulatory	213
chr15	69452600	69452813	EH38D4887572_69452600_69452948	regulatory	213
chr15	85337752	85337965	EH38D2819396_85337752_85337965	regulatory	213
chr15	101887000	101887213	EH38D2834172_101887000_101887213	regulatory	213
chr15	57797620	57797833	EH38D2793126_57797620_57797833	regulatory	213
chr15	96351343	96351556	EH38D2829181_96351343_96351556	regulatory	213
chr15	86060727	86060940	EH38D2820204_86060727_86061059	regulatory	213
chr15	31266760	31266973	EH38D4861862_31266760_31266973	regulatory	213
chr15	60407552	60407765	EH38D2795542_60407432_60407765	regulatory	213
chr15	99495595	99495808	EH38D4911415_99495595_99495808	regulatory	213
chr15	66260152	66260365	EH38D4884334_66260152_66260492	regulatory	213
chr15	57782798	57783011	EH38D4877752_57782742_57783011	regulatory	213
chr15	73051496	73051709	EH38D4890654_73051496_73051768	regulatory	213
chr15	32746369	32746582	EH38D4862844_32746330_32746582	regulatory	213
chr15	42138106	42138319	EH38D4869166_42138106_42138319	regulatory	213
chr15	31275446	31275659	EH38D4861881_31275446_31275659	regulatory	213
chr15	69996034	69996246	EH38D4888129_69996034_69996246	regulatory	212
chr15	70216914	70217126	EH38D4888475_70216914_70217126	regulatory	212
chr15	34367848	34368060	EH38D4863822_34367848_34368060	regulatory	212
chr15	22254423	22254635	EH38D2767301_22254423_22254635	regulatory	212
chr15	79971196	79971408	EH38D4897841_79971060_79971408	regulatory	212
chr15	66850538	66850750	EH38D4885018_66850538_66850750	regulatory	212
chr15	25439340	25439552	EH38D4858216_25439340_25439552	regulatory	212
chr15	70434520	70434732	EH38D2806037_70434466_70434732	regulatory	212
chr15	67962071	67962283	EH38D4886075_67961987_67962283	regulatory	212
chr15	100671790	100672002	EH38D2832763_100671790_100672042	regulatory	212
chr15	48358383	48358595	EH38D2785818_48358246_48358595	regulatory	212
chr15	29698101	29698313	EH38D4860972_29698101_29698313	regulatory	212
chr15	87815625	87815837	EH38D4902789_87815625_87815837	regulatory	212
chr15	63900392	63900604	EH38D2798997_63900392_63900738	regulatory	212
chr15	78303052	78303264	EH38D2813731_78303052_78303264	regulatory	212
chr15	99564472	99564684	EH38D2831805_99564472_99564684	regulatory	212
chr15	63019948	63020160	EH38D4881193_63019948_63020160	regulatory	212
chr15	45947124	45947336	EH38D2784148_45946986_45947336	regulatory	212
chr15	94674589	94674801	EH38D4908551_94674589_94674801	regulatory	212
chr15	60408784	60408996	EH38D2795545_60408784_60408996	regulatory	212
chr15	73051025	73051237	EH38D4890652_73051025_73051237	regulatory	212
chr15	19956519	19956730	EH38D4855885_19956384_19956730	regulatory	211
chr15	87167107	87167318	EH38D4902535_87167107_87167318	regulatory	211
chr15	57299574	57299785	EH38D2792535_57299574_57299785	regulatory	211
chr15	98621990	98622201	EH38D4910483_98621990_98622201	regulatory	211
chr15	70192676	70192887	EH38D2805707_70192538_70192887	regulatory	211
chr15	65304793	65305004	EH38D4883352_65304770_65305072	regulatory	211
chr15	95864462	95864673	EH38D2828653_95864462_95864809	regulatory	211
chr15	45972696	45972907	EH38D2784163_45972696_45972907	regulatory	211
chr15	73397435	73397646	EH38D4890928_73397435_73397646	regulatory	211
chr15	53202758	53202969	EH38D2789816_53202638_53202969	regulatory	211
chr15	40327616	40327827	EH38D4867141_40327616_40327827	regulatory	211
chr15	101139499	101139710	EH38D4912941_101139499_101139746	regulatory	211
chr15	40438050	40438261	EH38D2779781_40438050_40438261	regulatory	211
chr15	90922974	90923184	EH38D4906062_90922909_90923254	regulatory	210
chr15	75838270	75838480	EH38D4893988_75838270_75838481	regulatory	210
chr15	88571218	88571428	EH38D4903319_88571218_88571428	regulatory	210
chr15	22257773	22257983	EH38D4856601_22257752_22258031	regulatory	210
chr15	38577237	38577447	EH38D4865843_38577237_38577447	regulatory	210
chr15	65087926	65088136	EH38D4883117_65087926_65088136	regulatory	210
chr15	75173103	75173313	EH38D2810678_75173103_75173344	regulatory	210
chr15	62966375	62966585	EH38D2797897_62966375_62966585	regulatory	210
chr15	51623321	51623531	EH38D4874499_51623321_51623531	regulatory	210
chr15	29681960	29682170	EH38D4860949_29681923_29682170	regulatory	210
chr15	75802088	75802298	EH38D4893960_75802073_75802422	regulatory	210
chr15	57796242	57796452	EH38D2793123_57796242_57796513	regulatory	210
chr15	96947378	96947588	EH38D4909642_96947378_96947588	regulatory	210
chr15	71082928	71083138	EH38D2806668_71082873_71083138	regulatory	210
chr15	31197505	31197715	EH38D4861744_31197505_31197745	regulatory	210
chr15	26070297	26070507	EH38D2769110_26070297_26070507	regulatory	210
chr15	84963189	84963399	EH38D4901273_84963078_84963399	regulatory	210
chr15	69851632	69851842	EH38D2805258_69851632_69851842	regulatory	210
chr15	85757068	85757278	EH38D4901912_85757068_85757278	regulatory	210
chr15	101525345	101525555	EH38D4913522_101525257_101525597	regulatory	210
chr15	101803266	101803476	EH38D2834135_101803266_101803476	regulatory	210
chr15	96408584	96408793	EH38D2829258_96408584_96408793	regulatory	209
chr15	83653226	83653435	EH38D4900472_83653226_83653435	regulatory	209
chr15	21261375	21261584	EH38D4856414_21261375_21261584	regulatory	209
chr15	88658350	88658559	EH38D4903437_88658350_88658581	regulatory	209
chr15	88877084	88877293	EH38D4903637_88877084_88877373	regulatory	209
chr15	40327022	40327231	EH38D2779626_40327022_40327231	regulatory	209
chr15	89347276	89347485	EH38D4904152_89347237_89347485	regulatory	209
chr15	70154026	70154235	EH38D4888372_70154026_70154235	regulatory	209
chr15	31306161	31306370	EH38D4861934_31306161_31306370	regulatory	209
chr15	26082024	26082233	EH38D4858762_26082024_26082236	regulatory	209
chr15	94230996	94231205	EH38D2827380_94230996_94231205	regulatory	209
chr15	35067604	35067813	EH38D2775058_35067604_35067828	regulatory	209
chr15	96693724	96693933	EH38D4909541_96693724_96693933	regulatory	209
chr15	70493132	70493341	EH38D4888842_70493132_70493341	regulatory	209
chr15	56469561	56469770	EH38D4876914_56469561_56469910	regulatory	209
chr15	88895735	88895943	EH38D4903659_88895735_88896075	regulatory	208
chr15	99536492	99536700	EH38D2831782_99536492_99536700	regulatory	208
chr15	75195434	75195642	EH38D4893176_75195434_75195783	regulatory	208
chr15	63072384	63072592	EH38D4881260_63072384_63072592	regulatory	208
chr15	97078439	97078647	EH38D2829724_97078439_97078647	regulatory	208
chr15	69880768	69880976	EH38D2805296_69880626_69880976	regulatory	208
chr15	54847100	54847308	EH38D2790750_54847100_54847308	regulatory	208
chr15	41774056	41774264	EH38D4868579_41774056_41774264	regulatory	208
chr15	49856682	49856890	EH38D4873379_49856650_49856890	regulatory	208
chr15	77091246	77091454	EH38D4894908_77091123_77091454	regulatory	208
chr15	43221168	43221376	EH38D4869867_43221168_43221376	regulatory	208
chr15	82809419	82809627	EH38D4899918_82809419_82809768	regulatory	208
chr15	59817172	59817380	EH38D2794966_59817172_59817380	regulatory	208
chr15	48086582	48086790	EH38D2785611_48086582_48086932	regulatory	208
chr15	66802810	66803018	EH38D2801886_66802810_66803018	regulatory	208
chr15	88932793	88933001	EH38D4903711_88932793_88933001	regulatory	208
chr15	99770738	99770946	EH38D4911611_99770696_99771041	regulatory	208
chr15	67199480	67199688	EH38D2802475_67199480_67199688	regulatory	208
chr15	70825229	70825437	EH38D4889143_70825087_70825437	regulatory	208
chr15	41585156	41585364	EH38D4868464_41585156_41585364	regulatory	208
chr15	63073455	63073663	EH38D4881263_63073455_63073663	regulatory	208
chr15	62940451	62940659	EH38D4881120_62940451_62940659	regulatory	208
chr15	75723292	75723500	EH38D2811178_75723292_75723500	regulatory	208
chr15	99512435	99512643	EH38D4911445_99512435_99512643	regulatory	208
chr15	76335638	76335846	EH38D4894376_76335638_76335846	regulatory	208
chr15	22981158	22981366	EH38D4857088_22981158_22981366	regulatory	208
chr15	63475839	63476047	EH38D2798559_63475839_63476047	regulatory	208
chr15	76961701	76961909	EH38D2812178_76961701_76961909	regulatory	208
chr15	70210729	70210936	EH38D2805739_70210729_70210961	regulatory	207
chr15	70321367	70321574	EH38D2805892_70321226_70321574	regulatory	207
chr15	62066769	62066976	EH38D4880456_62066768_62067117	regulatory	207
chr15	31301954	31302161	EH38D2772381_31301954_31302161	regulatory	207
chr15	51680878	51681085	EH38D2788554_51680878_51681085	regulatory	207
chr15	34726388	34726595	EH38D4864026_34726388_34726738	regulatory	207
chr15	31237510	31237717	EH38D2772288_31237510_31237717	regulatory	207
chr15	80151555	80151762	EH38D4897998_80151555_80151898	regulatory	207
chr15	57354820	57355027	EH38D4877419_57354820_57355027	regulatory	207
chr15	37107107	37107314	EH38D2776782_37107107_37107314	regulatory	207
chr15	66852155	66852362	EH38D4885023_66852155_66852362	regulatory	207
chr15	100709725	100709932	EH38D4912374_100709658_100709945	regulatory	207
chr15	80026449	80026656	EH38D2815228_80026308_80026656	regulatory	207
chr15	30004680	30004887	EH38D2771729_30004680_30004887	regulatory	207
chr15	65218018	65218225	EH38D4883264_65218018_65218225	regulatory	207
chr15	23690837	23691044	EH38D4857476_23690837_23691044	regulatory	207
chr15	94684594	94684801	EH38D2827739_94684545_94684801	regulatory	207
chr15	39433049	39433256	EH38D2778595_39433049_39433256	regulatory	207
chr15	29671598	29671805	EH38D2771411_29671462_29671805	regulatory	207
chr15	74337492	74337699	EH38D4892019_74337492_74337699	regulatory	207
chr15	95973916	95974123	EH38D2828753_95973815_95974123	regulatory	207
chr15	74833849	74834056	EH38D4892723_74833714_74834056	regulatory	207
chr15	45202474	45202681	EH38D4871239_45202474_45202681	regulatory	207
chr15	91845816	91846023	EH38D4906615_91845816_91846023	regulatory	207
chr15	77510708	77510914	EH38D2812765_77510708_77510948	regulatory	206
chr15	99960971	99961177	EH38D4911713_99960942_99961177	regulatory	206
chr15	40439313	40439519	EH38D2779784_40439313_40439519	regulatory	206
chr15	26235963	26236169	EH38D2769245_26235947_26236261	regulatory	206
chr15	30075319	30075525	EH38D2771784_30075319_30075614	regulatory	206
chr15	89358350	89358556	EH38D4904169_89358350_89358556	regulatory	206
chr15	90864541	90864747	EH38D4905939_90864541_90864844	regulatory	206
chr15	48982052	48982258	EH38D2786444_48982052_48982349	regulatory	206
chr15	77553743	77553949	EH38D4895219_77553743_77553949	regulatory	206
chr15	74066203	74066409	EH38D4891637_74066203_74066409	regulatory	206
chr15	56536248	56536454	EH38D4876941_56536248_56536454	regulatory	206
chr15	44819347	44819553	EH38D4870859_44819347_44819553	regulatory	206
chr15	31266465	31266671	EH38D2772327_31266465_31266671	regulatory	206
chr15	99503546	99503752	EH38D4911427_99503546_99503752	regulatory	206
chr15	89469998	89470204	EH38D4904306_89469998_89470204	regulatory	206
chr15	70438337	70438543	EH38D4888747_70438337_70438543	regulatory	206
chr15	98600745	98600951	EH38D2830726_98600745_98600951	regulatory	206
chr15	53209500	53209706	EH38D2789823_53209500_53209842	regulatory	206
chr15	84582012	84582218	EH38D4900813_84582012_84582261	regulatory	206
chr15	62934637	62934843	EH38D4881116_62934637_62934843	regulatory	206
chr15	57866196	57866402	EH38D4877784_57866196_57866493	regulatory	206
chr15	22231341	22231547	EH38D4856548_22231341_22231547	regulatory	206
chr15	79122963	79123169	EH38D4897323_79122963_79123312	regulatory	206
chr15	56032433	56032639	EH38D2791512_56032433_56032639	regulatory	206
chr15	79676661	79676867	EH38D4897651_79676661_79676867	regulatory	206
chr15	38085283	38085489	EH38D4865542_38085143_38085489	regulatory	206
chr15	37109997	37110203	EH38D2776789_37109997_37110203	regulatory	206
chr15	95869109	95869315	EH38D2828659_95869109_95869315	regulatory	206
chr15	38062758	38062964	EH38D2777299_38062758_38062964	regulatory	206
chr15	73397647	73397852	EH38D4890929_73397647_73397902	regulatory	205
chr15	73716595	73716800	EH38D2809007_73716459_73716800	regulatory	205
chr15	73046057	73046262	EH38D2808440_73046057_73046279	regulatory	205
chr15	44727050	44727255	EH38D4870798_44727018_44727318	regulatory	205
chr15	63839835	63840040	EH38D2798922_63839835_63840040	regulatory	205
chr15	70023586	70023791	EH38D4888171_70023586_70023791	regulatory	205
chr15	70099032	70099237	EH38D4888297_70099032_70099237	regulatory	205
chr15	70100452	70100657	EH38D4888301_70100452_70100657	regulatory	205
chr15	57789311	57789516	EH38D2793115_57789311_57789516	regulatory	205
chr15	73369098	73369303	EH38D4890890_73369098_73369303	regulatory	205
chr15	59834651	59834856	EH38D2794986_59834651_59834856	regulatory	205
chr15	41972557	41972762	EH38D4868914_41972494_41972844	regulatory	205
chr15	62888726	62888931	EH38D4881078_62888726_62888940	regulatory	205
chr15	70487124	70487329	EH38D4888830_70487124_70487329	regulatory	205
chr15	79091456	79091661	EH38D4897297_79091456_79091793	regulatory	205
chr15	22237913	22238118	EH38D4856560_22237913_22238118	regulatory	205
chr15	95557312	95557517	EH38D4908892_95557312_95557517	regulatory	205
chr15	36438208	36438413	EH38D4864748_36438208_36438413	regulatory	205
chr15	31265700	31265905	EH38D4861860_31265700_31265905	regulatory	205
chr15	33201000	33201205	EH38D4863151_33201000_33201205	regulatory	205
chr15	87208465	87208670	EH38D2820963_87208465_87208670	regulatory	205
chr15	60156836	60157041	EH38D4879378_60156719_60157041	regulatory	205
chr15	21062741	21062946	EH38D4856370_21062741_21062946	regulatory	205
chr15	60298997	60299202	EH38D2795375_60298997_60299202	regulatory	205
chr15	89434210	89434415	EH38D2822936_89434210_89434415	regulatory	205
chr15	101579597	101579802	EH38D2833981_101579563_101579802	regulatory	205
chr15	70429850	70430055	EH38D4888738_70429850_70430055	regulatory	205
chr15	99439199	99439404	EH38D2831660_99439199_99439404	regulatory	205
chr15	101528661	101528866	EH38D4913530_101528661_101528866	regulatory	205
chr15	85996985	85997190	EH38D4902121_85996985_85997190	regulatory	205
chr15	66906858	66907062	EH38D4885101_66906714_66907062	regulatory	204
chr15	40922234	40922438	EH38D2780239_40922234_40922438	regulatory	204
chr15	93030635	93030839	EH38D4907609_93030519_93030839	regulatory	204
chr15	90717141	90717345	EH38D4905791_90717083_90717429	regulatory	204
chr15	45334608	45334812	EH38D4871301_45334608_45334812	regulatory	204
chr15	59838913	59839117	EH38D2794990_59838913_59839117	regulatory	204
chr15	70380228	70380432	EH38D4888673_70380228_70380441	regulatory	204
chr15	64731783	64731987	EH38D4882680_64731783_64731987	regulatory	204
chr15	37585579	37585783	EH38D2776999_37585579_37585783	regulatory	204
chr15	97141435	97141639	EH38D2829757_97141435_97141639	regulatory	204
chr15	31255791	31255995	EH38D4861839_31255791_31256141	regulatory	204
chr15	97078672	97078876	EH38D2829725_97078672_97078876	regulatory	204
chr15	97902418	97902622	EH38D4909986_97902418_97902765	regulatory	204
chr15	40926497	40926701	EH38D4867877_40926497_40926701	regulatory	204
chr15	73953594	73953798	EH38D4891452_73953594_73953798	regulatory	204
chr15	62379172	62379376	EH38D2797211_62379172_62379376	regulatory	204
chr15	100704391	100704595	EH38D4912365_100704391_100704690	regulatory	204
chr15	72889914	72890118	EH38D2808299_72889914_72890118	regulatory	204
chr15	96473655	96473859	EH38D4909455_96473655_96473859	regulatory	204
chr15	60299233	60299437	EH38D2795376_60299233_60299437	regulatory	204
chr15	90351796	90352000	EH38D4905418_90351796_90352000	regulatory	204
chr15	79595819	79596023	EH38D2814883_79595819_79596023	regulatory	204
chr15	89207195	89207399	EH38D4904018_89207195_89207399	regulatory	204
chr15	40940764	40940968	EH38D4867905_40940764_40940968	regulatory	204
chr15	20193137	20193341	EH38D4855962_20193137_20193341	regulatory	204
chr15	63039965	63040169	EH38D2797986_63039837_63040169	regulatory	204
chr15	31463854	31464058	EH38D2772618_31463710_31464058	regulatory	204
chr15	96890739	96890943	EH38D2829596_96890739_96890943	regulatory	204
chr15	35043768	35043972	EH38D2775038_35043768_35043972	regulatory	204
chr15	74832266	74832470	EH38D4892719_74832166_74832470	regulatory	204
chr15	76346313	76346517	EH38D4894402_76346313_76346517	regulatory	204
chr15	40157821	40158025	EH38D4866927_40157821_40158025	regulatory	204
chr15	47158835	47159039	EH38D2784765_47158828_47159039	regulatory	204
chr15	37880531	37880735	EH38D2777165_37880531_37880735	regulatory	204
chr15	73838714	73838918	EH38D2809135_73838714_73838918	regulatory	204
chr15	69920270	69920474	EH38D2805349_69920270_69920474	regulatory	204
chr15	68469728	68469932	EH38D4886609_68469728_68469932	regulatory	204
chr15	94816040	94816244	EH38D4908602_94816040_94816244	regulatory	204
chr15	98554642	98554846	EH38D4910414_98554642_98554989	regulatory	204
chr15	68546395	68546599	EH38D4886682_68546395_68546599	regulatory	204
chr15	79091165	79091369	EH38D4897296_79091165_79091451	regulatory	204
chr15	70025787	70025990	EH38D4888176_70025645_70025990	regulatory	203
chr15	70815702	70815905	EH38D4889135_70815630_70815905	regulatory	203
chr15	90159295	90159498	EH38D4905166_90159158_90159498	regulatory	203
chr15	66851911	66852114	EH38D2801952_66851911_66852114	regulatory	203
chr15	97153803	97154006	EH38D2829766_97153803_97154006	regulatory	203
chr15	63500417	63500620	EH38D2798601_63500417_63500621	regulatory	203
chr15	40087199	40087402	EH38D2779336_40087129_40087402	regulatory	203
chr15	74810045	74810248	EH38D2810283_74810040_74810248	regulatory	203
chr15	39502185	39502388	EH38D2778681_39502060_39502388	regulatory	203
chr15	96341420	96341623	EH38D2829156_96341420_96341623	regulatory	203
chr15	64460065	64460268	EH38D4882466_64460065_64460268	regulatory	203
chr15	101252282	101252485	EH38D4913092_101252282_101252485	regulatory	203
chr15	57364810	57365013	EH38D4877431_57364664_57365013	regulatory	203
chr15	90924236	90924439	EH38D4906065_90924236_90924439	regulatory	203
chr15	23414631	23414834	EH38D4857317_23414631_23414887	regulatory	203
chr15	52710224	52710427	EH38D4875295_52710224_52710566	regulatory	203
chr15	85956640	85956843	EH38D2820122_85956494_85956843	regulatory	203
chr15	70811281	70811484	EH38D2806468_70811281_70811484	regulatory	203
chr15	46293641	46293844	EH38D2784310_46293641_46293844	regulatory	203
chr15	78418033	78418236	EH38D2813874_78417919_78418236	regulatory	203
chr15	68550612	68550815	EH38D4886689_68550541_68550815	regulatory	203
chr15	39531227	39531430	EH38D4866397_39531227_39531430	regulatory	203
chr15	100694836	100695039	EH38D2832790_100694836_100695039	regulatory	203
chr15	60127268	60127471	EH38D4879360_60127268_60127471	regulatory	203
chr15	44912279	44912482	EH38D2783338_44912279_44912482	regulatory	203
chr15	56041038	56041241	EH38D4876701_56041038_56041241	regulatory	203
chr15	100681284	100681487	EH38D2832769_100681284_100681487	regulatory	203
chr15	48974715	48974918	EH38D4872916_48974715_48974918	regulatory	203
chr15	98315410	98315613	EH38D4910216_98315410_98315613	regulatory	203
chr15	57562317	57562520	EH38D2792880_57562317_57562520	regulatory	203
chr15	38251963	38252166	EH38D4865641_38251816_38252166	regulatory	203
chr15	73729277	73729480	EH38D2809018_73729277_73729480	regulatory	203
chr15	62083819	62084022	EH38D2796971_62083819_62084022	regulatory	203
chr15	97995610	97995813	EH38D4910040_97995610_97995813	regulatory	203
chr15	22238283	22238486	EH38D4856561_22238263_22238486	regulatory	203
chr15	42123124	42123327	EH38D2781362_42123124_42123327	regulatory	203
chr15	53211351	53211554	EH38D4875525_53211351_53211554	regulatory	203
chr15	20192900	20193103	EH38D2767009_20192900_20193103	regulatory	203
chr15	76345247	76345450	EH38D2811768_76345247_76345450	regulatory	203
chr15	49855461	49855663	EH38D2787098_49855461_49855663	regulatory	202
chr15	44427419	44427621	EH38D4870575_44427419_44427769	regulatory	202
chr15	70788009	70788211	EH38D4889104_70788009_70788211	regulatory	202
chr15	38242132	38242334	EH38D4865637_38242132_38242378	regulatory	202
chr15	73440670	73440872	EH38D2808773_73440670_73440872	regulatory	202
chr15	97998453	97998655	EH38D4910043_97998319_97998655	regulatory	202
chr15	38603310	38603512	EH38D4865860_38603310_38603512	regulatory	202
chr15	25675448	25675650	EH38D4858348_25675448_25675767	regulatory	202
chr15	27708128	27708330	EH38D2770175_27708105_27708447	regulatory	202
chr15	27680156	27680358	EH38D4859487_27680156_27680358	regulatory	202
chr15	99508598	99508800	EH38D4911436_99508598_99508800	regulatory	202
chr15	20295207	20295409	EH38D4856114_20295207_20295423	regulatory	202
chr15	31302258	31302460	EH38D4861926_31302258_31302460	regulatory	202
chr15	29571143	29571345	EH38D4860875_29570995_29571345	regulatory	202
chr15	48975865	48976067	EH38D4872919_48975865_48976067	regulatory	202
chr15	62983432	62983634	EH38D4881162_62983432_62983634	regulatory	202
chr15	68572350	68572552	EH38D4886723_68572350_68572697	regulatory	202
chr15	70201188	70201390	EH38D2805730_70201188_70201390	regulatory	202
chr15	63450189	63450391	EH38D4881598_63450189_63450452	regulatory	202
chr15	69156839	69157041	EH38D2804552_69156839_69157041	regulatory	202
chr15	23074777	23074979	EH38D4857200_23074777_23074979	regulatory	202
chr15	91806200	91806402	EH38D2825181_91806200_91806402	regulatory	202
chr15	70791899	70792101	EH38D2806446_70791899_70792101	regulatory	202
chr15	89360606	89360808	EH38D2822811_89360606_89360954	regulatory	202
chr15	76328063	76328265	EH38D4894363_76328063_76328265	regulatory	202
chr15	77549315	77549517	EH38D4895211_77549315_77549517	regulatory	202
chr15	97913719	97913921	EH38D4909996_97913719_97913921	regulatory	202
chr15	59689418	59689620	EH38D4879129_59689270_59689620	regulatory	202
chr15	99505161	99505363	EH38D2831752_99505161_99505363	regulatory	202
chr15	100693940	100694142	EH38D2832788_100693940_100694142	regulatory	202
chr15	78246970	78247172	EH38D4896328_78246868_78247172	regulatory	202
chr15	101087076	101087278	EH38D4912859_101086938_101087278	regulatory	202
chr15	36357680	36357882	EH38D4864700_36357680_36357882	regulatory	202
chr15	39580075	39580277	EH38D4866424_39580075_39580277	regulatory	202
chr15	36429036	36429238	EH38D4864743_36429036_36429238	regulatory	202
chr15	85174662	85174863	EH38D4901432_85174662_85174863	regulatory	201
chr15	98600469	98600670	EH38D4910459_98600328_98600670	regulatory	201
chr15	62112668	62112869	EH38D4880481_62112668_62112869	regulatory	201
chr15	67540870	67541071	EH38D4885716_67540870_67541203	regulatory	201
chr15	40926781	40926982	EH38D4867878_40926781_40926982	regulatory	201
chr15	60329158	60329359	EH38D4879457_60329158_60329359	regulatory	201
chr15	70142684	70142885	EH38D4888355_70142684_70142885	regulatory	201
chr15	36361466	36361667	EH38D2776030_36361466_36361667	regulatory	201
chr15	40859179	40859380	EH38D4867775_40859144_40859490	regulatory	201
chr15	101133678	101133879	EH38D4912930_101133678_101133879	regulatory	201
chr15	74771115	74771316	EH38D4892596_74771115_74771378	regulatory	201
chr15	45080722	45080923	EH38D4871014_45080722_45080923	regulatory	201
chr15	22263311	22263512	EH38D4856612_22263311_22263512	regulatory	201
chr15	37825090	37825291	EH38D4865395_37825090_37825291	regulatory	201
chr15	57861141	57861342	EH38D2793168_57861141_57861342	regulatory	201
chr15	92392973	92393174	EH38D4907016_92392973_92393174	regulatory	201
chr15	38085979	38086180	EH38D4865543_38085979_38086180	regulatory	201
chr15	31457628	31457829	EH38D2772607_31457628_31457829	regulatory	201
chr15	38066982	38067183	EH38D4865518_38066982_38067183	regulatory	201
chr15	53925662	53925863	EH38D2790260_53925662_53925863	regulatory	201
chr15	99503341	99503542	EH38D4911426_99503341_99503542	regulatory	201
chr15	20193348	20193549	EH38D2767010_20193348_20193549	regulatory	201
chr15	84669142	84669343	EH38D2818795_84669142_84669448	regulatory	201
chr15	65378297	65378498	EH38D4883480_65378297_65378498	regulatory	201
chr15	81157278	81157479	EH38D4898835_81157278_81157479	regulatory	201
chr15	38427491	38427692	EH38D2777603_38427491_38427692	regulatory	201
chr15	33211150	33211351	EH38D2773671_33211150_33211351	regulatory	201
chr15	87722875	87723076	EH38D4902742_87722875_87723076	regulatory	201
chr15	79431773	79431974	EH38D4897533_79431773_79431974	regulatory	201
chr15	38414466	38414667	EH38D4865734_38414466_38414667	regulatory	201
chr15	70213725	70213926	EH38D4888467_70213725_70213926	regulatory	201
chr15	92344380	92344581	EH38D2825708_92344380_92344581	regulatory	201
chr15	37821173	37821374	EH38D2777136_37821173_37821374	regulatory	201
chr15	66700759	66700960	EH38D4884746_66700759_66700960	regulatory	201
chr15	63041440	63041641	EH38D2797989_63041440_63041641	regulatory	201
chr15	73374425	73374626	EH38D4890901_73374425_73374626	regulatory	201
chr15	73370301	73370502	EH38D2808719_73370301_73370502	regulatory	201
chr15	54675063	54675264	EH38D2790666_54675063_54675264	regulatory	201
chr15	73383522	73383723	EH38D4890909_73383522_73383723	regulatory	201
chr15	77539152	77539353	EH38D4895191_77539152_77539353	regulatory	201
chr15	41154527	41154728	EH38D2780461_41154527_41154728	regulatory	201
chr15	74407101	74407302	EH38D4892159_74407101_74407302	regulatory	201
chr15	41603988	41604189	EH38D2780800_41603988_41604189	regulatory	201
chr15	100830212	100830413	EH38D4912502_100830207_100830413	regulatory	201
chr15	74517245	74517446	EH38D4892303_74517245_74517446	regulatory	201
chr15	72198125	72198326	EH38D4890082_72198125_72198326	regulatory	201
chr15	59835806	59836007	EH38D2794987_59835806_59836007	regulatory	201
chr15	46265819	46266020	EH38D2784292_46265700_46266020	regulatory	201
chr15	63882593	63882794	EH38D4881924_63882593_63882794	regulatory	201
chr15	100847412	100847613	EH38D2832974_100847286_100847613	regulatory	201
chr15	60345423	60345624	EH38D4879472_60345423_60345624	regulatory	201
chr15	62110115	62110316	EH38D2797000_62110069_62110316	regulatory	201
chr15	36577240	36577441	EH38D4864817_36577104_36577441	regulatory	201
chr15	63896209	63896410	EH38D4881944_63896209_63896410	regulatory	201
chr15	37891914	37892115	EH38D4865428_37891914_37892115	regulatory	201
chr15	53869167	53869368	EH38D2790221_53869167_53869368	regulatory	201
chr15	40345896	40346097	EH38D4867172_40345896_40346097	regulatory	201
chr15	74768738	74768939	EH38D4892588_74768738_74768939	regulatory	201
chr15	68487149	68487350	EH38D4886628_68487088_68487350	regulatory	201
chr15	40871429	40871630	EH38D4867792_40871429_40871630	regulatory	201
chr15	101175509	101175710	EH38D2833450_101175509_101175710	regulatory	201
chr15	26382247	26382448	EH38D2769308_26382247_26382448	regulatory	201
chr15	73952721	73952922	EH38D4891449_73952721_73952922	regulatory	201
chr15	71093721	71093922	EH38D2806679_71093721_71093922	regulatory	201
chr15	100831801	100832002	EH38D4912504_100831801_100832002	regulatory	201
chr15	59711828	59712029	EH38D2794910_59711828_59712029	regulatory	201
chr15	85806974	85807175	EH38D2819994_85806974_85807175	regulatory	201
chr15	72235409	72235610	EH38D2807840_72235409_72235610	regulatory	201
chr15	25619289	25619490	EH38D2768674_25619289_25619490	regulatory	201
chr15	78305142	78305343	EH38D2813736_78305142_78305343	regulatory	201
chr15	96346099	96346300	EH38D4909342_96346099_96346300	regulatory	201
chr15	89828770	89828971	EH38D4904750_89828770_89828971	regulatory	201
chr15	94702216	94702417	EH38D4908562_94702216_94702417	regulatory	201
chr15	40929139	40929339	EH38D2780253_40929139_40929489	regulatory	200
chr15	96504419	96504619	EH38D2829346_96504419_96504619	regulatory	200
chr15	63474403	63474603	EH38D2798557_63474403_63474748	regulatory	200
chr15	53883923	53884123	EH38D2790232_53883923_53884239	regulatory	200
chr15	75667260	75667460	EH38D4893733_75667260_75667460	regulatory	200
chr15	34080018	34080218	EH38D2774372_34080004_34080218	regulatory	200
chr15	55783103	55783303	EH38D2791315_55783103_55783336	regulatory	200
chr15	89663344	89663544	EH38D2823130_89663344_89663544	regulatory	200
chr15	76989159	76989359	EH38D4894729_76989159_76989359	regulatory	200
chr15	50698188	50698388	EH38D4873830_50698188_50698447	regulatory	200
chr15	40436868	40437068	EH38D4867316_40436868_40437068	regulatory	200
chr15	74780161	74780361	EH38D4892616_74780161_74780510	regulatory	200
chr15	65378703	65378903	EH38D4883481_65378554_65378903	regulatory	200
chr15	40474583	40474783	EH38D4867387_40474578_40474783	regulatory	200
chr15	101128711	101128911	EH38D2833386_101128711_101128911	regulatory	200
chr15	69157043	69157243	EH38D2804553_69157043_69157243	regulatory	200
chr15	92812038	92812238	EH38D2826176_92812038_92812238	regulatory	200
chr15	72671174	72671374	EH38D4890414_72671174_72671374	regulatory	200
chr15	69066625	69066825	EH38D4887255_69066625_69066941	regulatory	200
chr15	40906506	40906706	EH38D2780216_40906506_40906706	regulatory	200
chr15	85795182	85795382	EH38D2819982_85795182_85795382	regulatory	200
chr15	31161160	31161360	EH38D4861708_31161139_31161360	regulatory	200
chr15	31300355	31300555	EH38D4861923_31300208_31300555	regulatory	200
chr15	67923397	67923597	EH38D4886038_67923362_67923680	regulatory	200
chr15	70783141	70783341	EH38D4889100_70783141_70783355	regulatory	200
chr15	63495896	63496096	EH38D4881650_63495754_63496096	regulatory	200
chr15	96346515	96346715	EH38D2829171_96346425_96346715	regulatory	200
chr15	67915423	67915623	EH38D2803166_67915423_67915623	regulatory	200
chr15	89998116	89998316	EH38D4904922_89998116_89998316	regulatory	200
chr15	101151428	101151628	EH38D4912963_101151390_101151628	regulatory	200
chr15	101808791	101808990	EH38D4913760_101808739_101808990	regulatory	199
chr15	62064370	62064569	EH38D2796955_62064287_62064569	regulatory	199
chr15	101139239	101139438	EH38D4912940_101139239_101139438	regulatory	199
chr15	90387618	90387817	EH38D4905456_90387618_90387817	regulatory	199
chr15	74395370	74395569	EH38D4892137_74395370_74395569	regulatory	199
chr15	51825122	51825321	EH38D2788687_51825122_51825321	regulatory	199
chr15	67968280	67968479	EH38D4886079_67968130_67968479	regulatory	199
chr15	62163335	62163534	EH38D4880512_62163335_62163571	regulatory	199
chr15	41492671	41492870	EH38D4868338_41492671_41492870	regulatory	199
chr15	99487052	99487251	EH38D4911402_99486975_99487251	regulatory	199
chr15	31303231	31303430	EH38D2772385_31303231_31303579	regulatory	199
chr15	82808353	82808552	EH38D2817626_82808353_82808552	regulatory	199
chr15	70386673	70386872	EH38D2805978_70386581_70386872	regulatory	199
chr15	68508882	68509081	EH38D4886655_68508882_68509081	regulatory	199
chr15	101277500	101277699	EH38D4913122_101277349_101277699	regulatory	199
chr15	99476539	99476738	EH38D4911384_99476539_99476889	regulatory	199
chr15	70409336	70409535	EH38D4888710_70409299_70409628	regulatory	199
chr15	97061025	97061224	EH38D2829707_97061025_97061224	regulatory	199
chr15	51341099	51341298	EH38D4874319_51341099_51341298	regulatory	199
chr15	96897182	96897381	EH38D4909629_96897182_96897381	regulatory	199
chr15	96627361	96627560	EH38D2829422_96627297_96627560	regulatory	199
chr15	38401167	38401366	EH38D4865728_38401167_38401423	regulatory	199
chr15	80032907	80033106	EH38D4897911_80032907_80033106	regulatory	199
chr15	80152203	80152402	EH38D4897999_80152203_80152402	regulatory	199
chr15	69154854	69155053	EH38D2804549_69154703_69155053	regulatory	199
chr15	40437595	40437794	EH38D4867318_40437595_40437943	regulatory	199
chr15	73812939	73813138	EH38D2809110_73812939_73813138	regulatory	199
chr15	91695934	91696132	EH38D2825097_91695931_91696132	regulatory	198
chr15	21260947	21261145	EH38D4856413_21260947_21261286	regulatory	198
chr15	38072990	38073188	EH38D4865529_38072842_38073188	regulatory	198
chr15	40874234	40874432	EH38D4867798_40874088_40874434	regulatory	198
chr15	26177899	26178097	EH38D4858803_26177899_26178097	regulatory	198
chr15	40876506	40876704	EH38D2780180_40876374_40876704	regulatory	198
chr15	31297022	31297220	EH38D4861915_31297022_31297220	regulatory	198
chr15	71080909	71081107	EH38D2806667_71080764_71081107	regulatory	198
chr15	95635408	95635606	EH38D4908929_95635403_95635606	regulatory	198
chr15	62901934	62902132	EH38D4881096_62901934_62902132	regulatory	198
chr15	100834829	100835027	EH38D2832962_100834829_100835109	regulatory	198
chr15	60171307	60171505	EH38D4879386_60171307_60171505	regulatory	198
chr15	69914985	69915183	EH38D0651797_69914985_69915330	regulatory	198
chr15	75842518	75842716	EH38D4893992_75842518_75842716	regulatory	198
chr15	37104563	37104761	EH38D2776775_37104563_37104761	regulatory	198
chr15	73802515	73802713	EH38D2809099_73802515_73802713	regulatory	198
chr15	96353942	96354140	EH38D2829189_96353942_96354258	regulatory	198
chr15	79939600	79939798	EH38D2815136_79939600_79939798	regulatory	198
chr15	82112382	82112580	EH38D4899415_82112382_82112580	regulatory	198
chr15	89754819	89755017	EH38D4904601_89754819_89755162	regulatory	198
chr15	30991942	30992140	EH38D4861559_30991942_30992140	regulatory	198
chr15	73800894	73801092	EH38D4891232_73800894_73801224	regulatory	198
chr15	25884042	25884239	EH38D2768960_25883895_25884239	regulatory	197
chr15	57825130	57825327	EH38D2793143_57825126_57825327	regulatory	197
chr15	68262846	68263043	EH38D2803508_68262846_68263193	regulatory	197
chr15	36889006	36889203	EH38D2776499_36889006_36889356	regulatory	197
chr15	95865246	95865443	EH38D4909034_95865246_95865585	regulatory	197
chr15	42156808	42157005	EH38D4869212_42156808_42157005	regulatory	197
chr15	77965891	77966088	EH38D2813321_77965891_77966088	regulatory	197
chr15	98581820	98582017	EH38D4910445_98581820_98582017	regulatory	197
chr15	66883786	66883983	EH38D4885073_66883786_66883983	regulatory	197
chr15	84816590	84816787	EH38D4901073_84816590_84816787	regulatory	197
chr15	31901225	31901422	EH38D2772873_31901225_31901430	regulatory	197
chr15	70427627	70427824	EH38D4888733_70427627_70427860	regulatory	197
chr15	79989707	79989904	EH38D4897861_79989707_79990046	regulatory	197
chr15	85347663	85347860	EH38D2819413_85347628_85347860	regulatory	197
chr15	58574784	58574981	EH38D4878329_58574632_58574981	regulatory	197
chr15	39466798	39466995	EH38D2778638_39466798_39466995	regulatory	197
chr15	101171056	101171253	EH38D2833441_101171056_101171253	regulatory	197
chr15	77836218	77836415	EH38D4895668_77836218_77836415	regulatory	197
chr15	76330373	76330570	EH38D4894367_76330373_76330570	regulatory	197
chr15	75172591	75172788	EH38D4893140_75172591_75172788	regulatory	197
chr15	39453719	39453916	EH38D2778621_39453719_39454068	regulatory	197
chr15	88574197	88574394	EH38D2822051_88574145_88574394	regulatory	197
chr15	48089967	48090164	EH38D4872456_48089967_48090317	regulatory	197
chr15	85253126	85253323	EH38D4901463_85253126_85253323	regulatory	197
chr15	57822011	57822207	EH38D2793138_57821869_57822207	regulatory	196
chr15	74436110	74436306	EH38D4892213_74436110_74436306	regulatory	196
chr15	45202691	45202887	EH38D4871240_45202691_45202913	regulatory	196
chr15	71078577	71078773	EH38D2806662_71078577_71078773	regulatory	196
chr15	70781371	70781567	EH38D2806431_70781371_70781593	regulatory	196
chr15	70141607	70141803	EH38D2805629_70141607_70141803	regulatory	196
chr15	96500550	96500746	EH38D2829341_96500550_96500892	regulatory	196
chr15	96947726	96947922	EH38D2829621_96947726_96947922	regulatory	196
chr15	70165577	70165773	EH38D4888393_70165577_70165773	regulatory	196
chr15	82445442	82445638	EH38D4899637_82445442_82445638	regulatory	196
chr15	59995398	59995594	EH38D2795104_59995398_59995594	regulatory	196
chr15	79826921	79827117	EH38D4897724_79826921_79827254	regulatory	196
chr15	63318421	63318617	EH38D2798350_63318421_63318617	regulatory	196
chr15	92527184	92527380	EH38D4907119_92527184_92527530	regulatory	196
chr15	101128412	101128608	EH38D4912924_101128258_101128608	regulatory	196
chr15	66876015	66876211	EH38D4885057_66876015_66876321	regulatory	196
chr15	39933918	39934114	EH38D4866663_39933918_39934266	regulatory	196
chr15	57352599	57352795	EH38D4877412_57352599_57352795	regulatory	196
chr15	75335823	75336019	EH38D4893351_75335823_75336171	regulatory	196
chr15	89999399	89999595	EH38D4904925_89999399_89999595	regulatory	196
chr15	70588259	70588455	EH38D4888969_70588259_70588455	regulatory	196
chr15	98421384	98421580	EH38D4910299_98421384_98421580	regulatory	196
chr15	36401275	36401471	EH38D2776055_36401275_36401471	regulatory	196
chr15	74405673	74405869	EH38D4892157_74405650_74405869	regulatory	196
chr15	98647389	98647585	EH38D4910504_98647375_98647585	regulatory	196
chr15	59698131	59698326	EH38D2794895_59698131_59698366	regulatory	195
chr15	31317088	31317283	EH38D4861956_31317088_31317283	regulatory	195
chr15	46083722	46083917	EH38D2784214_46083722_46083917	regulatory	195
chr15	53884653	53884848	EH38D4875778_53884541_53884886	regulatory	195
chr15	77875768	77875963	EH38D4895731_77875629_77875963	regulatory	195
chr15	63481505	63481700	EH38D4881633_63481491_63481793	regulatory	195
chr15	55993670	55993865	EH38D4876666_55993526_55993865	regulatory	195
chr15	90819057	90819252	EH38D4905875_90819057_90819252	regulatory	195
chr15	96733951	96734146	EH38D2829492_96733951_96734146	regulatory	195
chr15	67911886	67912081	EH38D4886025_67911886_67912081	regulatory	195
chr15	20783157	20783352	EH38D4856328_20783157_20783352	regulatory	195
chr15	76313446	76313641	EH38D4894347_76313382_76313700	regulatory	195
chr15	89441475	89441670	EH38D4904269_89441459_89441777	regulatory	195
chr15	63041899	63042094	EH38D4881209_63041869_63042094	regulatory	195
chr15	70263994	70264189	EH38D4888535_70263994_70264189	regulatory	195
chr15	90854679	90854874	EH38D4905927_90854679_90854983	regulatory	195
chr15	37220958	37221153	EH38D2776862_37220958_37221153	regulatory	195
chr15	75663214	75663409	EH38D2811098_75663214_75663432	regulatory	195
chr15	84979830	84980025	EH38D2819117_84979830_84980025	regulatory	195
chr15	69119113	69119308	EH38D2804509_69119113_69119312	regulatory	195
chr15	46897741	46897936	EH38D2784654_46897735_46897936	regulatory	195
chr15	48967011	48967206	EH38D2786431_48967011_48967206	regulatory	195
chr15	75023390	75023585	EH38D4892942_75023390_75023739	regulatory	195
chr15	35007215	35007410	EH38D4864171_35007215_35007416	regulatory	195
chr15	23174456	23174651	EH38D2767686_23174456_23174651	regulatory	195
chr15	64836224	64836419	EH38D4882798_64836224_64836423	regulatory	195
chr15	101101367	101101562	EH38D4912883_101101367_101101562	regulatory	195
chr15	82127682	82127877	EH38D2817178_82127682_82127877	regulatory	195
chr15	23421214	23421409	EH38D4857330_23421214_23421559	regulatory	195
chr15	69857378	69857572	EH38D2805269_69857328_69857572	regulatory	194
chr15	96494169	96494363	EH38D2829334_96494149_96494363	regulatory	194
chr15	100711779	100711973	EH38D2832809_100711779_100711973	regulatory	194
chr15	29969017	29969211	EH38D4861155_29968941_29969211	regulatory	194
chr15	70113292	70113486	EH38D2805599_70113145_70113486	regulatory	194
chr15	74433958	74434152	EH38D4892210_74433805_74434152	regulatory	194
chr15	85890623	85890817	EH38D2820068_85890623_85890817	regulatory	194
chr15	67999516	67999710	EH38D2803252_67999364_67999710	regulatory	194
chr15	89360377	89360571	EH38D4904176_89360301_89360571	regulatory	194
chr15	20211979	20212173	EH38D2767018_20211979_20212268	regulatory	194
chr15	90837138	90837332	EH38D4905908_90837083_90837431	regulatory	194
chr15	90142736	90142930	EH38D2823637_90142680_90143025	regulatory	194
chr15	99926643	99926837	EH38D4911684_99926643_99926837	regulatory	194
chr15	101578592	101578786	EH38D4913604_101578592_101578937	regulatory	194
chr15	69922064	69922258	EH38D4888073_69922064_69922258	regulatory	194
chr15	73957295	73957489	EH38D4891461_73957295_73957611	regulatory	194
chr15	39580558	39580752	EH38D2778750_39580558_39580752	regulatory	194
chr15	29635964	29636158	EH38D2771391_29635964_29636158	regulatory	194
chr15	56049664	56049858	EH38D2791532_56049664_56049858	regulatory	194
chr15	23069882	23070076	EH38D4857196_23069874_23070076	regulatory	194
chr15	19987461	19987655	EH38D4855895_19987419_19987746	regulatory	194
chr15	37107823	37108017	EH38D2776784_37107823_37108017	regulatory	194
chr15	99744216	99744410	EH38D2831987_99744203_99744468	regulatory	194
chr15	66701516	66701710	EH38D4884748_66701452_66701710	regulatory	194
chr15	55117073	55117266	EH38D4876188_55117073_55117266	regulatory	193
chr15	68257211	68257404	EH38D4886323_68257059_68257405	regulatory	193
chr15	26070090	26070283	EH38D2769109_26070090_26070283	regulatory	193
chr15	88401198	88401391	EH38D2821914_88401198_88401391	regulatory	193
chr15	40084783	40084976	EH38D4866809_40084691_40084976	regulatory	193
chr15	88612249	88612442	EH38D2822080_88612249_88612442	regulatory	193
chr15	50687230	50687423	EH38D2787739_50687230_50687423	regulatory	193
chr15	22494537	22494730	EH38D2767338_22494537_22494730	regulatory	193
chr15	79760728	79760921	EH38D2814984_79760728_79760923	regulatory	193
chr15	40859715	40859908	EH38D4867776_40859715_40859908	regulatory	193
chr15	74374060	74374253	EH38D4892089_74374060_74374253	regulatory	193
chr15	100712002	100712195	EH38D4912378_100712002_100712195	regulatory	193
chr15	78754720	78754913	EH38D4896830_78754720_78754913	regulatory	193
chr15	28322310	28322503	EH38D4860003_28322310_28322503	regulatory	193
chr15	66566191	66566384	EH38D4884586_66566191_66566384	regulatory	193
chr15	90818383	90818576	EH38D4905874_90818383_90818576	regulatory	193
chr15	45003398	45003591	EH38D4870959_45003398_45003591	regulatory	193
chr15	101255610	101255803	EH38D4913097_101255610_101255960	regulatory	193
chr15	59924678	59924871	EH38D4879244_59924598_59924871	regulatory	193
chr15	53454973	53455166	EH38D4875612_53454973_53455166	regulatory	193
chr15	74913188	74913381	EH38D2810406_74913056_74913381	regulatory	193
chr15	57299281	57299473	EH38D2792534_57299265_57299473	regulatory	192
chr15	60071210	60071402	EH38D4879324_60071210_60071402	regulatory	192
chr15	69910331	69910523	EH38D4888056_69910331_69910523	regulatory	192
chr15	39449843	39450035	EH38D4866353_39449831_39450035	regulatory	192
chr15	79811466	79811658	EH38D4897712_79811466_79811791	regulatory	192
chr15	88610544	88610736	EH38D4903344_88610544_88610736	regulatory	192
chr15	70268622	70268814	EH38D4888543_70268622_70268814	regulatory	192
chr15	70284465	70284657	EH38D2805839_70284436_70284657	regulatory	192
chr15	46279154	46279346	EH38D2784305_46279154_46279382	regulatory	192
chr15	97921634	97921826	EH38D2830202_97921634_97921826	regulatory	192
chr15	101252575	101252766	EH38D2833553_101252547_101252766	regulatory	191
chr15	84977029	84977220	EH38D2819113_84977029_84977220	regulatory	191
chr15	70200516	70200707	EH38D4888452_70200516_70200707	regulatory	191
chr15	73965832	73966023	EH38D2809298_73965819_73966165	regulatory	191
chr15	100667686	100667877	EH38D2832756_100667686_100668033	regulatory	191
chr15	44719291	44719482	EH38D4870782_44719291_44719551	regulatory	191
chr15	59531958	59532149	EH38D4879020_59531958_59532303	regulatory	191
chr15	59993985	59994176	EH38D2795100_59993985_59994176	regulatory	191
chr15	69910107	69910298	EH38D2805332_69910107_69910298	regulatory	191
chr15	89450123	89450314	EH38D4904283_89450104_89450314	regulatory	191
chr15	80660257	80660448	EH38D4898405_80660175_80660448	regulatory	191
chr15	38080629	38080820	EH38D2777331_38080535_38080820	regulatory	191
chr15	26521896	26522087	EH38D4858912_26521747_26522087	regulatory	191
chr15	68559694	68559885	EH38D4886708_68559694_68559942	regulatory	191
chr15	95879316	95879507	EH38D4909046_95879316_95879577	regulatory	191
chr15	89334861	89335052	EH38D4904135_89334760_89335110	regulatory	191
chr15	73388154	73388345	EH38D4890916_73388154_73388345	regulatory	191
chr15	31254916	31255107	EH38D2772301_31254916_31255107	regulatory	191
chr15	45704865	45705056	EH38D4871576_45704865_45705056	regulatory	191
chr15	35171071	35171262	EH38D4864254_35171071_35171262	regulatory	191
chr15	62993059	62993250	EH38D4881171_62993059_62993398	regulatory	191
chr15	63606380	63606571	EH38D4881755_63606380_63606654	regulatory	191
chr15	96586031	96586222	EH38D2829399_96586031_96586367	regulatory	191
chr15	70248675	70248865	EH38D2805790_70248675_70248865	regulatory	190
chr15	75672439	75672629	EH38D4893745_75672439_75672629	regulatory	190
chr15	49751897	49752087	EH38D2787036_49751897_49752087	regulatory	190
chr15	40584338	40584528	EH38D4867490_40584237_40584528	regulatory	190
chr15	88403302	88403492	EH38D2821919_88403278_88403492	regulatory	190
chr15	28460115	28460305	EH38D4860022_28460115_28460305	regulatory	190
chr15	101140073	101140263	EH38D4912942_101140073_101140356	regulatory	190
chr15	38618711	38618901	EH38D4865879_38618563_38618901	regulatory	190
chr15	40927001	40927191	EH38D4867879_40927001_40927191	regulatory	190
chr15	82047169	82047359	EH38D2817104_82047009_82047359	regulatory	190
chr15	52295804	52295994	EH38D4875027_52295700_52296050	regulatory	190
chr15	31870789	31870979	EH38D4862509_31870629_31870979	regulatory	190
chr15	49688450	49688640	EH38D4873291_49688450_49688742	regulatory	190
chr15	57312733	57312923	EH38D2792558_57312733_57312923	regulatory	190
chr15	23306385	23306575	EH38D4857256_23306385_23306735	regulatory	190
chr15	99504170	99504360	EH38D4911428_99504170_99504360	regulatory	190
chr15	62885680	62885870	EH38D4881075_62885680_62885870	regulatory	190
chr15	72902987	72903177	EH38D4890585_72902987_72903177	regulatory	190
chr15	90138450	90138640	EH38D4905145_90138450_90138795	regulatory	190
chr15	49711803	49711993	EH38D2786989_49711803_49711993	regulatory	190
chr15	64808000	64808190	EH38D2799856_64807849_64808190	regulatory	190
chr15	82058129	82058319	EH38D4899363_82058129_82058319	regulatory	190
chr15	36831574	36831764	EH38D2776434_36831574_36831918	regulatory	190
chr15	34119223	34119412	EH38D2774398_34119212_34119554	regulatory	189
chr15	79604395	79604584	EH38D4897623_79604395_79604732	regulatory	189
chr15	70315439	70315628	EH38D2805884_70315439_70315775	regulatory	189
chr15	89993503	89993692	EH38D2823457_89993503_89993711	regulatory	189
chr15	65029639	65029828	EH38D4883019_65029483_65029828	regulatory	189
chr15	38611470	38611659	EH38D4865870_38611470_38611659	regulatory	189
chr15	49061220	49061409	EH38D2786517_49061220_49061409	regulatory	189
chr15	48067033	48067222	EH38D2785591_48067033_48067222	regulatory	189
chr15	89746757	89746946	EH38D4904585_89746757_89746946	regulatory	189
chr15	46277600	46277789	EH38D2784301_46277600_46277789	regulatory	189
chr15	56465693	56465882	EH38D2791810_56465693_56465882	regulatory	189
chr15	75670500	75670689	EH38D4893740_75670500_75670689	regulatory	189
chr15	70266148	70266337	EH38D4888539_70266148_70266337	regulatory	189
chr15	53918775	53918964	EH38D4875789_53918775_53918964	regulatory	189
chr15	99509475	99509664	EH38D4911439_99509475_99509664	regulatory	189
chr15	29571806	29571995	EH38D2771351_29571806_29571995	regulatory	189
chr15	82046119	82046308	EH38D2817101_82046078_82046426	regulatory	189
chr15	59545695	59545884	EH38D4879031_59545672_59546019	regulatory	189
chr15	101127448	101127637	EH38D4912922_101127448_101127687	regulatory	189
chr15	52529883	52530072	EH38D4875187_52529883_52530072	regulatory	189
chr15	52718365	52718554	EH38D2789533_52718365_52718554	regulatory	189
chr15	64990557	64990745	EH38D4882991_64990557_64990745	regulatory	188
chr15	40348207	40348395	EH38D4867178_40348045_40348395	regulatory	188
chr15	70111758	70111946	EH38D2805597_70111743_70111956	regulatory	188
chr15	101578393	101578581	EH38D2833978_101578393_101578581	regulatory	188
chr15	98612883	98613071	EH38D4910472_98612778_98613121	regulatory	188
chr15	37209108	37209296	EH38D2776854_37209108_37209296	regulatory	188
chr15	89243756	89243944	EH38D4904055_89243756_89244105	regulatory	188
chr15	88705127	88705315	EH38D2822189_88705127_88705472	regulatory	188
chr15	63492477	63492665	EH38D2798586_63492477_63492665	regulatory	188
chr15	52793288	52793476	EH38D4875371_52793288_52793476	regulatory	188
chr15	75163339	75163527	EH38D2810665_75163261_75163607	regulatory	188
chr15	66841410	66841598	EH38D4884997_66841410_66841698	regulatory	188
chr15	41583884	41584072	EH38D4868462_41583884_41584184	regulatory	188
chr15	70385781	70385969	EH38D4888680_70385781_70385969	regulatory	188
chr15	87858676	87858864	EH38D2821416_87858676_87859020	regulatory	188
chr15	68560598	68560786	EH38D4886710_68560550_68560786	regulatory	188
chr15	95861846	95862034	EH38D2828652_95861846_95862034	regulatory	188
chr15	70434772	70434960	EH38D4888744_70434748_70434960	regulatory	188
chr15	63905208	63905396	EH38D4881955_63905208_63905396	regulatory	188
chr15	69462732	69462920	EH38D4887586_69462676_69463023	regulatory	188
chr15	68775994	68776182	EH38D2804150_68775994_68776215	regulatory	188
chr15	40114092	40114280	EH38D4866875_40114092_40114280	regulatory	188
chr15	89783909	89784097	EH38D4904657_89783873_89784097	regulatory	188
chr15	84747446	84747633	EH38D2818859_84747446_84747633	regulatory	187
chr15	98609738	98609925	EH38D4910468_98609579_98609925	regulatory	187
chr15	37112253	37112440	EH38D2776793_37112253_37112585	regulatory	187
chr15	75627230	75627417	EH38D4893662_75627228_75627417	regulatory	187
chr15	42738451	42738638	EH38D2781866_42738405_42738638	regulatory	187
chr15	48672038	48672225	EH38D4872757_48672036_48672225	regulatory	187
chr15	96733739	96733926	EH38D2829491_96733739_96733926	regulatory	187
chr15	85352507	85352694	EH38D4901567_85352437_85352753	regulatory	187
chr15	64739320	64739507	EH38D2799785_64739320_64739507	regulatory	187
chr15	26188741	26188928	EH38D2769212_26188741_26188928	regulatory	187
chr15	37770650	37770837	EH38D4865372_37770577_37770837	regulatory	187
chr15	38611230	38611417	EH38D4865869_38611230_38611417	regulatory	187
chr15	62929031	62929218	EH38D2797855_62929031_62929218	regulatory	187
chr15	75816912	75817099	EH38D4893968_75816912_75817099	regulatory	187
chr15	60344194	60344381	EH38D4879469_60344194_60344381	regulatory	187
chr15	62999916	63000103	EH38D4881177_62999896_63000103	regulatory	187
chr15	89462281	89462468	EH38D2822965_89462143_89462468	regulatory	187
chr15	89004207	89004393	EH38D4903770_89004207_89004393	regulatory	186
chr15	96732881	96733067	EH38D2829490_96732746_96733067	regulatory	186
chr15	89356749	89356935	EH38D4904165_89356586_89356935	regulatory	186
chr15	48645764	48645950	EH38D4872743_48645764_48646059	regulatory	186
chr15	70517330	70517516	EH38D2806161_70517330_70517516	regulatory	186
chr15	36496546	36496732	EH38D2776133_36496546_36496732	regulatory	186
chr15	36545431	36545617	EH38D2776176_36545431_36545760	regulatory	186
chr15	101277773	101277959	EH38D4913123_101277773_101277959	regulatory	186
chr15	85968126	85968312	EH38D2820136_85967970_85968312	regulatory	186
chr15	101137278	101137464	EH38D4912933_101137278_101137464	regulatory	186
chr15	26318745	26318931	EH38D2769280_26318745_26318931	regulatory	186
chr15	33285820	33286006	EH38D4863189_33285820_33286006	regulatory	186
chr15	36579439	36579625	EH38D4864821_36579439_36579772	regulatory	186
chr15	31324379	31324565	EH38D2772417_31324268_31324565	regulatory	186
chr15	77908555	77908740	EH38D4895796_77908555_77908740	regulatory	185
chr15	99772556	99772741	EH38D2832005_99772455_99772741	regulatory	185
chr15	61769683	61769868	EH38D4880334_61769683_61769868	regulatory	185
chr15	73022277	73022462	EH38D2808419_73022277_73022462	regulatory	185
chr15	25670350	25670535	EH38D4858337_25670350_25670535	regulatory	185
chr15	89469811	89469996	EH38D2822969_89469811_89469996	regulatory	185
chr15	82129982	82130167	EH38D2817183_82129817_82130167	regulatory	185
chr15	75673039	75673224	EH38D4893746_75673039_75673224	regulatory	185
chr15	70185879	70186064	EH38D4888421_70185879_70186064	regulatory	185
chr15	101530173	101530358	EH38D4913531_101530173_101530511	regulatory	185
chr15	95595876	95596061	EH38D2828417_95595876_95596061	regulatory	185
chr15	66878103	66878288	EH38D4885062_66877950_66878288	regulatory	185
chr15	99759329	99759514	EH38D2831997_99759329_99759514	regulatory	185
chr15	70493963	70494148	EH38D2806126_70493963_70494148	regulatory	185
chr15	63492106	63492291	EH38D4881643_63492106_63492291	regulatory	185
chr15	48352606	48352791	EH38D4872574_48352490_48352791	regulatory	185
chr15	79107562	79107747	EH38D4897314_79107562_79107812	regulatory	185
chr15	70292437	70292621	EH38D2805854_70292437_70292621	regulatory	184
chr15	23039864	23040048	EH38D4857161_23039864_23040048	regulatory	184
chr15	72835522	72835706	EH38D2808260_72835359_72835706	regulatory	184
chr15	88982380	88982564	EH38D4903744_88982380_88982730	regulatory	184
chr15	63274464	63274648	EH38D4881437_63274464_63274756	regulatory	184
chr15	39511696	39511880	EH38D4866388_39511696_39511880	regulatory	184
chr15	72902401	72902585	EH38D4890583_72902401_72902585	regulatory	184
chr15	30001980	30002164	EH38D4861184_30001980_30002164	regulatory	184
chr15	25669491	25669675	EH38D2768719_25669491_25669768	regulatory	184
chr15	66574461	66574645	EH38D2801592_66574461_66574645	regulatory	184
chr15	70217692	70217876	EH38D4888476_70217692_70217876	regulatory	184
chr15	90372426	90372610	EH38D4905442_90372426_90372610	regulatory	184
chr15	37740643	37740827	EH38D4865352_37740643_37740950	regulatory	184
chr15	39466544	39466728	EH38D2778637_39466380_39466728	regulatory	184
chr15	63833983	63834167	EH38D4881891_63833819_63834167	regulatory	184
chr15	31305425	31305608	EH38D4861933_31305425_31305624	regulatory	183
chr15	60128065	60128248	EH38D2795252_60128065_60128248	regulatory	183
chr15	98627345	98627528	EH38D4910492_98627191_98627536	regulatory	183
chr15	74373459	74373642	EH38D4892087_74373459_74373642	regulatory	183
chr15	45230365	45230548	EH38D4871256_45230365_45230578	regulatory	183
chr15	78756291	78756474	EH38D4896833_78756291_78756474	regulatory	183
chr15	40952389	40952572	EH38D4867923_40952389_40952572	regulatory	183
chr15	88284219	88284402	EH38D2821808_88284219_88284402	regulatory	183
chr15	63491219	63491402	EH38D2798583_63491142_63491402	regulatory	183
chr15	52806051	52806234	EH38D4875401_52806051_52806234	regulatory	183
chr15	69131972	69132155	EH38D4887311_69131972_69132155	regulatory	183
chr15	88981877	88982060	EH38D4903743_88981877_88982089	regulatory	183
chr15	69462002	69462185	EH38D4887584_69462002_69462185	regulatory	183
chr15	38601263	38601446	EH38D4865855_38601263_38601446	regulatory	183
chr15	55824143	55824326	EH38D2791350_55824143_55824326	regulatory	183
chr15	85972913	85973096	EH38D2820137_85972913_85973157	regulatory	183
chr15	69462274	69462457	EH38D4887585_69462274_69462556	regulatory	183
chr15	45203566	45203749	EH38D4871242_45203566_45203749	regulatory	183
chr15	69882834	69883017	EH38D2805301_69882793_69883017	regulatory	183
chr15	22757651	22757834	EH38D4856795_22757651_22757992	regulatory	183
chr15	73717864	73718047	EH38D4891138_73717864_73718047	regulatory	183
chr15	31438074	31438257	EH38D4862156_31438074_31438257	regulatory	183
chr15	36832953	36833136	EH38D2776437_36832953_36833136	regulatory	183
chr15	34988311	34988494	EH38D4864162_34988144_34988494	regulatory	183
chr15	25596895	25597078	EH38D2768653_25596895_25597078	regulatory	183
chr15	101531288	101531471	EH38D4913533_101531178_101531471	regulatory	183
chr15	23414411	23414594	EH38D4857316_23414396_23414594	regulatory	183
chr15	34648249	34648431	EH38D4863968_34648249_34648431	regulatory	182
chr15	88563653	88563835	EH38D2822040_88563653_88563995	regulatory	182
chr15	40928846	40929028	EH38D4867883_40928846_40929028	regulatory	182
chr15	34358408	34358590	EH38D4863806_34358408_34358705	regulatory	182
chr15	97197232	97197414	EH38D2829799_97197232_97197570	regulatory	182
chr15	63891782	63891964	EH38D2798984_63891782_63891964	regulatory	182
chr15	75455842	75456024	EH38D4893501_75455686_75456024	regulatory	182
chr15	38250910	38251092	EH38D4865639_38250910_38251092	regulatory	182
chr15	63030334	63030516	EH38D2797975_63030167_63030516	regulatory	182
chr15	72968664	72968846	EH38D4890609_72968562_72968860	regulatory	182
chr15	49813692	49813874	EH38D2787066_49813692_49814038	regulatory	182
chr15	96411664	96411846	EH38D2829267_96411664_96411846	regulatory	182
chr15	72805999	72806181	EH38D4890503_72805999_72806181	regulatory	182
chr15	55791192	55791374	EH38D2791324_55791192_55791374	regulatory	182
chr15	41598843	41599025	EH38D4868483_41598843_41599025	regulatory	182
chr15	64775898	64776080	EH38D4882743_64775898_64776080	regulatory	182
chr15	76991624	76991806	EH38D2812218_76991524_76991806	regulatory	182
chr15	76347575	76347757	EH38D2811775_76347575_76347757	regulatory	182
chr15	62389944	62390126	EH38D4880665_62389944_62390126	regulatory	182
chr15	64147409	64147591	EH38D4882233_64147409_64147745	regulatory	182
chr15	70795032	70795214	EH38D2806452_70795032_70795214	regulatory	182
chr15	25632137	25632319	EH38D2768681_25631969_25632319	regulatory	182
chr15	97903962	97904144	EH38D4909988_97903962_97904144	regulatory	182
chr15	34224830	34225012	EH38D4863715_34224830_34225162	regulatory	182
chr15	73965125	73965307	EH38D2809296_73965125_73965402	regulatory	182
chr15	94791382	94791564	EH38D2827813_94791382_94791564	regulatory	182
chr15	85354238	85354420	EH38D4901569_85354228_85354420	regulatory	182
chr15	32748138	32748320	EH38D2773207_32748138_32748320	regulatory	182
chr15	93028377	93028558	EH38D2826451_93028377_93028558	regulatory	181
chr15	84421882	84422063	EH38D4900768_84421882_84422063	regulatory	181
chr15	40137698	40137879	EH38D4866910_40137645_40137879	regulatory	181
chr15	40957131	40957312	EH38D4867932_40957131_40957327	regulatory	181
chr15	99408877	99409058	EH38D2831620_99408877_99409058	regulatory	181
chr15	99496209	99496390	EH38D4911417_99496209_99496390	regulatory	181
chr15	38250554	38250735	EH38D2777473_38250554_38250800	regulatory	181
chr15	48089780	48089961	EH38D4872455_48089780_48089961	regulatory	181
chr15	20640449	20640630	EH38D4856295_20640449_20640630	regulatory	181
chr15	89503566	89503747	EH38D4904370_89503566_89503747	regulatory	181
chr15	76345861	76346042	EH38D2811770_76345861_76346042	regulatory	181
chr15	79775376	79775557	EH38D2814997_79775315_79775557	regulatory	181
chr15	79310733	79310914	EH38D4897454_79310733_79310914	regulatory	181
chr15	87737129	87737310	EH38D4902755_87737129_87737377	regulatory	181
chr15	62128971	62129152	EH38D2797024_62128971_62129314	regulatory	181
chr15	96609607	96609788	EH38D2829414_96609607_96609885	regulatory	181
chr15	80252213	80252394	EH38D2815451_80252061_80252394	regulatory	181
chr15	74950739	74950920	EH38D2810430_74950739_74950920	regulatory	181
chr15	89346585	89346766	EH38D2822795_89346585_89346766	regulatory	181
chr15	44724324	44724505	EH38D4870794_44724324_44724604	regulatory	181
chr15	40917703	40917884	EH38D4867862_40917703_40917884	regulatory	181
chr15	23647867	23648048	EH38D2767863_23647786_23648073	regulatory	181
chr15	97976850	97977031	EH38D2830245_97976850_97977031	regulatory	181
chr15	99468610	99468791	EH38D4911372_99468610_99468796	regulatory	181
chr15	64151533	64151714	EH38D4882240_64151455_64151787	regulatory	181
chr15	59843995	59844176	EH38D4879197_59843995_59844176	regulatory	181
chr15	95910568	95910748	EH38D4909061_95910568_95910748	regulatory	180
chr15	75182219	75182399	EH38D2810697_75182219_75182399	regulatory	180
chr15	70133173	70133353	EH38D4888343_70133173_70133353	regulatory	180
chr15	95923614	95923794	EH38D2828714_95923614_95923794	regulatory	180
chr15	91735699	91735879	EH38D2825126_91735687_91735879	regulatory	180
chr15	66699030	66699210	EH38D2801730_66699030_66699361	regulatory	180
chr15	78949574	78949754	EH38D2814365_78949434_78949754	regulatory	180
chr15	59532852	59533032	EH38D2794737_59532852_59533032	regulatory	180
chr15	50546898	50547078	EH38D4873752_50546867_50547159	regulatory	180
chr15	85869206	85869386	EH38D4902061_85869163_85869469	regulatory	180
chr15	96348791	96348971	EH38D4909346_96348791_96348971	regulatory	180
chr15	34718789	34718969	EH38D4864018_34718789_34718969	regulatory	180
chr15	57327431	57327611	EH38D2792575_57327431_57327611	regulatory	180
chr15	79979533	79979713	EH38D2815185_79979533_79979800	regulatory	180
chr15	74337260	74337440	EH38D4892018_74337260_74337440	regulatory	180
chr15	41545123	41545303	EH38D4868416_41545123_41545326	regulatory	180
chr15	77543100	77543280	EH38D4895199_77543100_77543280	regulatory	180
chr15	70503128	70503308	EH38D4888859_70503084_70503378	regulatory	180
chr15	70270417	70270597	EH38D2805825_70270417_70270767	regulatory	180
chr15	42723159	42723339	EH38D4869577_42723159_42723339	regulatory	180
chr15	94119679	94119859	EH38D2827301_94119679_94119859	regulatory	180
chr15	101958778	101958958	EH38D4913795_101958778_101958958	regulatory	180
chr15	52980228	52980407	EH38D4875454_52980228_52980407	regulatory	179
chr15	75177768	75177947	EH38D2810687_75177597_75177947	regulatory	179
chr15	31452660	31452839	EH38D2772601_31452660_31452839	regulatory	179
chr15	84948074	84948253	EH38D2819081_84948004_84948253	regulatory	179
chr15	74873523	74873702	EH38D2810363_74873523_74873702	regulatory	179
chr15	31472965	31473144	EH38D4862203_31472921_31473271	regulatory	179
chr15	76346571	76346750	EH38D4894403_76346571_76346750	regulatory	179
chr15	61780829	61781008	EH38D2796797_61780719_61781008	regulatory	179
chr15	37820856	37821035	EH38D2777135_37820856_37821035	regulatory	179
chr15	49062355	49062534	EH38D4872976_49062333_49062534	regulatory	179
chr15	79738801	79738980	EH38D2814975_79738801_79738980	regulatory	179
chr15	77824710	77824889	EH38D4895646_77824594_77824889	regulatory	179
chr15	39508678	39508857	EH38D4866384_39508678_39508910	regulatory	179
chr15	51644376	51644555	EH38D4874513_51644337_51644555	regulatory	179
chr15	70339708	70339887	EH38D2805912_70339708_70339887	regulatory	179
chr15	96353140	96353319	EH38D4909355_96353140_96353319	regulatory	179
chr15	82103594	82103773	EH38D4899401_82103594_82103805	regulatory	179
chr15	78309416	78309595	EH38D4896394_78309380_78309595	regulatory	179
chr15	74770854	74771033	EH38D4892595_74770854_74771033	regulatory	179
chr15	80618828	80619007	EH38D4898383_80618828_80619007	regulatory	179
chr15	38074068	38074247	EH38D4865531_38074068_38074407	regulatory	179
chr15	88699354	88699532	EH38D2822180_88699354_88699532	regulatory	178
chr15	92365709	92365887	EH38D2825732_92365627_92365887	regulatory	178
chr15	63449223	63449401	EH38D4881596_63449223_63449401	regulatory	178
chr15	40329784	40329962	EH38D2779631_40329784_40330070	regulatory	178
chr15	77908001	77908179	EH38D4895794_77908001_77908179	regulatory	178
chr15	75179751	75179929	EH38D4893152_75179751_75180096	regulatory	178
chr15	80033284	80033462	EH38D2815234_80033284_80033478	regulatory	178
chr15	52855221	52855399	EH38D2789670_52855221_52855399	regulatory	178
chr15	70018761	70018939	EH38D4888163_70018736_70018939	regulatory	178
chr15	70100129	70100307	EH38D4888300_70100128_70100307	regulatory	178
chr15	98295204	98295382	EH38D4910207_98295204_98295430	regulatory	178
chr15	75668874	75669052	EH38D4893736_75668874_75669052	regulatory	178
chr15	74535861	74536039	EH38D4892320_74535861_74536039	regulatory	178
chr15	78317354	78317532	EH38D4896406_78317245_78317532	regulatory	178
chr15	101159644	101159822	EH38D4912983_101159644_101159822	regulatory	178
chr15	88396836	88397014	EH38D2821908_88396836_88397014	regulatory	178
chr15	63899323	63899501	EH38D2798996_63899244_63899501	regulatory	178
chr15	41116538	41116716	EH38D4868026_41116378_41116716	regulatory	178
chr15	34610414	34610592	EH38D2774699_34610246_34610592	regulatory	178
chr15	74397858	74398036	EH38D4892141_74397751_74398054	regulatory	178
chr15	41544269	41544447	EH38D2780732_41544146_41544476	regulatory	178
chr15	61780116	61780294	EH38D4880338_61780116_61780294	regulatory	178
chr15	73009734	73009912	EH38D2808405_73009734_73009912	regulatory	178
chr15	79310933	79311111	EH38D4897455_79310933_79311281	regulatory	178
chr15	65087472	65087650	EH38D4883116_65087472_65087807	regulatory	178
chr15	68487437	68487615	EH38D4886629_68487437_68487615	regulatory	178
chr15	66701139	66701317	EH38D4884747_66700970_66701317	regulatory	178
chr15	49096206	49096384	EH38D4872998_49096206_49096384	regulatory	178
chr15	36844709	36844887	EH38D2776451_36844548_36844887	regulatory	178
chr15	96592879	96593057	EH38D4909503_96592879_96593057	regulatory	178
chr15	98548751	98548928	EH38D4910406_98548584_98548928	regulatory	177
chr15	53455633	53455810	EH38D4875614_53455633_53455810	regulatory	177
chr15	37204824	37205001	EH38D2776850_37204824_37205001	regulatory	177
chr15	79954700	79954877	EH38D4897813_79954700_79955049	regulatory	177
chr15	74538285	74538462	EH38D2809984_74538252_74538462	regulatory	177
chr15	69101247	69101424	EH38D4887290_69101247_69101463	regulatory	177
chr15	38126494	38126671	EH38D4865566_38126494_38126714	regulatory	177
chr15	89002816	89002993	EH38D2822444_89002816_89003019	regulatory	177
chr15	62907370	62907547	EH38D2797833_62907370_62907569	regulatory	177
chr15	48085120	48085297	EH38D2785606_48085119_48085297	regulatory	177
chr15	49688759	49688936	EH38D4873292_49688752_49688936	regulatory	177
chr15	59949620	59949797	EH38D2795075_59949620_59949797	regulatory	177
chr15	74760412	74760589	EH38D2810196_74760251_74760589	regulatory	177
chr15	37682427	37682604	EH38D4865333_37682427_37682604	regulatory	177
chr15	41585379	41585556	EH38D4868465_41585379_41585556	regulatory	177
chr15	74179288	74179465	EH38D4891744_74179288_74179504	regulatory	177
chr15	82046447	82046624	EH38D2817102_82046447_82046624	regulatory	177
chr15	100687955	100688132	EH38D4912351_100687955_100688224	regulatory	177
chr15	94672534	94672711	EH38D4908547_94672373_94672711	regulatory	177
chr15	94173153	94173330	EH38D4908298_94173108_94173457	regulatory	177
chr15	38389305	38389482	EH38D4865721_38389212_38389521	regulatory	177
chr15	87727420	87727597	EH38D2821310_87727420_87727597	regulatory	177
chr15	34599323	34599500	EH38D4863946_34599323_34599500	regulatory	177
chr15	43270312	43270489	EH38D4869909_43270312_43270489	regulatory	177
chr15	85378176	85378353	EH38D2819447_85378005_85378353	regulatory	177
chr15	39535182	39535359	EH38D4866401_39535182_39535359	regulatory	177
chr15	100693549	100693726	EH38D2832787_100693549_100693855	regulatory	177
chr15	22359757	22359934	EH38D4856667_22359757_22359934	regulatory	177
chr15	37586625	37586801	EH38D4865310_37586625_37586801	regulatory	176
chr15	66702059	66702235	EH38D4884750_66702059_66702407	regulatory	176
chr15	84974056	84974232	EH38D4901284_84974056_84974232	regulatory	176
chr15	88659125	88659301	EH38D4903439_88659125_88659301	regulatory	176
chr15	96428722	96428898	EH38D4909433_96428722_96429070	regulatory	176
chr15	31268178	31268354	EH38D4861865_31268178_31268468	regulatory	176
chr15	63020239	63020415	EH38D4881194_63020239_63020415	regulatory	176
chr15	63088662	63088838	EH38D2798093_63088662_63088838	regulatory	176
chr15	62343138	62343314	EH38D4880636_62343059_62343370	regulatory	176
chr15	90868411	90868587	EH38D4905943_90868411_90868756	regulatory	176
chr15	62976777	62976953	EH38D4881155_62976777_62976953	regulatory	176
chr15	74396154	74396330	EH38D2809806_74396154_74396330	regulatory	176
chr15	51623128	51623304	EH38D4874498_51623128_51623304	regulatory	176
chr15	90000604	90000780	EH38D4904929_90000604_90000894	regulatory	176
chr15	73813360	73813536	EH38D2809111_73813186_73813536	regulatory	176
chr15	95558975	95559151	EH38D2828388_95558975_95559276	regulatory	176
chr15	70415868	70416044	EH38D2806008_70415868_70416081	regulatory	176
chr15	75715543	75715719	EH38D4893824_75715512_75715719	regulatory	176
chr15	31304878	31305054	EH38D4861932_31304878_31305054	regulatory	176
chr15	42131936	42132112	EH38D4869158_42131936_42132112	regulatory	176
chr15	90838737	90838913	EH38D4905911_90838619_90838937	regulatory	176
chr15	95826558	95826734	EH38D4909012_95826396_95826734	regulatory	176
chr15	73899579	73899755	EH38D4891352_73899579_73899755	regulatory	176
chr15	55124243	55124419	EH38D4876193_55124243_55124419	regulatory	176
chr15	57580977	57581153	EH38D2792897_57580977_57581153	regulatory	176
chr15	73030222	73030398	EH38D2808427_73030222_73030560	regulatory	176
chr15	50686843	50687019	EH38D2787737_50686669_50687019	regulatory	176
chr15	70509497	70509672	EH38D2806153_70509322_70509672	regulatory	175
chr15	70527060	70527235	EH38D4888888_70527060_70527235	regulatory	175
chr15	69898272	69898447	EH38D2805320_69898272_69898451	regulatory	175
chr15	84581807	84581982	EH38D4900812_84581807_84581982	regulatory	175
chr15	38075591	38075766	EH38D2777324_38075591_38075766	regulatory	175
chr15	48120814	48120989	EH38D4872472_48120814_48121090	regulatory	175
chr15	64731105	64731280	EH38D4882678_64731105_64731280	regulatory	175
chr15	41513887	41514062	EH38D4868386_41513713_41514062	regulatory	175
chr15	101618503	101618678	EH38D4913632_101618503_101618678	regulatory	175
chr15	78316891	78317066	EH38D4896405_78316735_78317066	regulatory	175
chr15	82710295	82710470	EH38D4899839_82710295_82710480	regulatory	175
chr15	101136813	101136988	EH38D4912932_101136813_101136988	regulatory	175
chr15	75154595	75154770	EH38D4893119_75154595_75154851	regulatory	175
chr15	70219375	70219550	EH38D2805753_70219375_70219550	regulatory	175
chr15	74951959	74952134	EH38D2810432_74951959_74952134	regulatory	175
chr15	88705484	88705659	EH38D4903486_88705484_88705659	regulatory	175
chr15	70263740	70263915	EH38D4888534_70263740_70263915	regulatory	175
chr15	44956511	44956686	EH38D4870946_44956511_44956825	regulatory	175
chr15	99958713	99958888	EH38D2832111_99958713_99959060	regulatory	175
chr15	78758652	78758827	EH38D4896839_78758652_78758827	regulatory	175
chr15	46304462	46304637	EH38D2784321_46304462_46304637	regulatory	175
chr15	59917890	59918065	EH38D4879237_59917890_59918065	regulatory	175
chr15	77547017	77547192	EH38D4895208_77547017_77547224	regulatory	175
chr15	39511047	39511222	EH38D4866386_39511047_39511277	regulatory	175
chr15	96803293	96803468	EH38D2829540_96803293_96803546	regulatory	175
chr15	100687197	100687372	EH38D2832777_100687197_100687385	regulatory	175
chr15	89946752	89946927	EH38D2823427_89946752_89947003	regulatory	175
chr15	40956765	40956940	EH38D4867931_40956600_40956940	regulatory	175
chr15	87209904	87210079	EH38D2820965_87209904_87210252	regulatory	175
chr15	64841356	64841531	EH38D4882803_64841356_64841531	regulatory	175
chr15	52733545	52733719	EH38D4875314_52733545_52733719	regulatory	174
chr15	20646600	20646774	EH38D4856301_20646600_20646774	regulatory	174
chr15	70145363	70145537	EH38D4888362_70145363_70145537	regulatory	174
chr15	77083984	77084158	EH38D4894899_77083808_77084158	regulatory	174
chr15	63498268	63498442	EH38D4881654_63498154_63498492	regulatory	174
chr15	99510129	99510303	EH38D4911441_99510129_99510475	regulatory	174
chr15	62124400	62124574	EH38D2797020_62124225_62124574	regulatory	174
chr15	73788594	73788768	EH38D4891222_73788594_73788768	regulatory	174
chr15	40309241	40309415	EH38D4867109_40309241_40309415	regulatory	174
chr15	65032852	65033026	EH38D4883025_65032852_65033026	regulatory	174
chr15	85795698	85795872	EH38D2819983_85795529_85795872	regulatory	174
chr15	88454785	88454959	EH38D4903222_88454718_88454959	regulatory	174
chr15	99448089	99448263	EH38D2831678_99448089_99448431	regulatory	174
chr15	22230124	22230298	EH38D4856545_22230124_22230298	regulatory	174
chr15	50777159	50777333	EH38D2787808_50777159_50777333	regulatory	174
chr15	100696609	100696783	EH38D2832794_100696561_100696783	regulatory	174
chr15	70163095	70163269	EH38D2805668_70163095_70163269	regulatory	174
chr15	62099493	62099667	EH38D4880474_62099493_62099667	regulatory	174
chr15	70491402	70491576	EH38D4888838_70491402_70491636	regulatory	174
chr15	70609893	70610067	EH38D2806272_70609893_70610240	regulatory	174
chr15	62390134	62390307	EH38D4880666_62390134_62390307	regulatory	173
chr15	88981704	88981877	EH38D4903742_88981704_88981877	regulatory	173
chr15	40926289	40926462	EH38D2780245_40926289_40926462	regulatory	173
chr15	88378128	88378301	EH38D4903161_88378070_88378301	regulatory	173
chr15	34719579	34719752	EH38D2774790_34719499_34719752	regulatory	173
chr15	100716075	100716248	EH38D4912385_100716075_100716418	regulatory	173
chr15	50774521	50774694	EH38D2787806_50774521_50774694	regulatory	173
chr15	97093028	97093201	EH38D4909715_97093028_97093201	regulatory	173
chr15	62120031	62120204	EH38D4880489_62119991_62120204	regulatory	173
chr15	97195158	97195331	EH38D2829794_97195037_97195331	regulatory	173
chr15	59566846	59567019	EH38D2794777_59566691_59567019	regulatory	173
chr15	70633583	70633756	EH38D2806295_70633563_70633913	regulatory	173
chr15	37132005	37132178	EH38D4865154_37132005_37132178	regulatory	173
chr15	91706430	91706603	EH38D4906542_91706430_91706780	regulatory	173
chr15	91336774	91336947	EH38D2824796_91336774_91337122	regulatory	173
chr15	66800735	66800908	EH38D2801882_66800589_66800908	regulatory	173
chr15	27574733	27574906	EH38D2770063_27574556_27574906	regulatory	173
chr15	60251274	60251447	EH38D2795346_60251274_60251447	regulatory	173
chr15	53324485	53324658	EH38D2789882_53324485_53324658	regulatory	173
chr15	52858296	52858469	EH38D4875414_52858296_52858469	regulatory	173
chr15	48975013	48975186	EH38D4872917_48975013_48975186	regulatory	173
chr15	44820231	44820404	EH38D4870861_44820182_44820404	regulatory	173
chr15	63480513	63480686	EH38D2798565_63480513_63480686	regulatory	173
chr15	74710463	74710636	EH38D4892524_74710301_74710636	regulatory	173
chr15	69133029	69133202	EH38D4887312_69133014_69133327	regulatory	173
chr15	48406363	48406536	EH38D4872601_48406363_48406536	regulatory	173
chr15	65312435	65312608	EH38D4883364_65312435_65312608	regulatory	173
chr15	70475506	70475679	EH38D4888811_70475506_70475764	regulatory	173
chr15	99928740	99928913	EH38D4911686_99928740_99928913	regulatory	173
chr15	27601406	27601579	EH38D4859444_27601379_27601579	regulatory	173
chr15	29571402	29571574	EH38D2771349_29571402_29571574	regulatory	172
chr15	40439548	40439720	EH38D2779785_40439548_40439821	regulatory	172
chr15	37672506	37672678	EH38D4865331_37672506_37672744	regulatory	172
chr15	37902141	37902313	EH38D4865432_37902138_37902488	regulatory	172
chr15	48402985	48403157	EH38D4872598_48402827_48403157	regulatory	172
chr15	29571587	29571759	EH38D2771350_29571587_29571759	regulatory	172
chr15	79776495	79776667	EH38D2814999_79776495_79776667	regulatory	172
chr15	99558763	99558935	EH38D2831800_99558763_99558935	regulatory	172
chr15	60191948	60192120	EH38D2795306_60191948_60192120	regulatory	172
chr15	91825195	91825367	EH38D4906603_91825186_91825367	regulatory	172
chr15	77973207	77973379	EH38D2813329_77973207_77973379	regulatory	172
chr15	99536712	99536884	EH38D2831783_99536712_99537062	regulatory	172
chr15	22258848	22259020	EH38D4856604_22258804_22259020	regulatory	172
chr15	31326144	31326316	EH38D4861969_31326144_31326316	regulatory	172
chr15	63003658	63003830	EH38D2797938_63003494_63003830	regulatory	172
chr15	70415694	70415866	EH38D4888719_70415694_70415866	regulatory	172
chr15	39434693	39434865	EH38D4866344_39434693_39434865	regulatory	172
chr15	95834903	95835075	EH38D2828629_95834884_95835075	regulatory	172
chr15	68574054	68574226	EH38D2803895_68574054_68574226	regulatory	172
chr15	73854355	73854527	EH38D4891285_73854355_73854554	regulatory	172
chr15	90529750	90529922	EH38D4905582_90529750_90530096	regulatory	172
chr15	68464853	68465025	EH38D2803779_68464853_68465025	regulatory	172
chr15	40308813	40308985	EH38D2779600_40308813_40309148	regulatory	172
chr15	76335341	76335513	EH38D4894375_76335168_76335513	regulatory	172
chr15	96465357	96465529	EH38D4909450_96465357_96465647	regulatory	172
chr15	70160437	70160609	EH38D2805662_70160289_70160625	regulatory	172
chr15	98548976	98549148	EH38D2830682_98548976_98549170	regulatory	172
chr15	44812011	44812183	EH38D2783272_44812011_44812351	regulatory	172
chr15	57312948	57313119	EH38D4877365_57312948_57313126	regulatory	171
chr15	69064781	69064952	EH38D4887251_69064781_69064952	regulatory	171
chr15	70254048	70254219	EH38D4888514_70254048_70254219	regulatory	171
chr15	62253397	62253568	EH38D4880580_62253397_62253568	regulatory	171
chr15	90856567	90856738	EH38D4905930_90856567_90856738	regulatory	171
chr15	91694670	91694841	EH38D2825095_91694670_91694841	regulatory	171
chr15	45279251	45279422	EH38D4871278_45279163_45279513	regulatory	171
chr15	80058877	80059048	EH38D4897937_80058877_80059048	regulatory	171
chr15	37106481	37106652	EH38D2776780_37106481_37106652	regulatory	171
chr15	37102835	37103006	EH38D4865137_37102835_37103006	regulatory	171
chr15	23304909	23305080	EH38D2767697_23304909_23305080	regulatory	171
chr15	63893123	63893294	EH38D2798986_63893123_63893294	regulatory	171
chr15	90102477	90102648	EH38D4905111_90102361_90102708	regulatory	171
chr15	60155486	60155657	EH38D4879376_60155486_60155657	regulatory	171
chr15	101615946	101616117	EH38D4913628_101615946_101616117	regulatory	171
chr15	36332024	36332195	EH38D2776004_36332024_36332196	regulatory	171
chr15	100686053	100686224	EH38D4912348_100686053_100686224	regulatory	171
chr15	70248162	70248333	EH38D4888503_70248162_70248333	regulatory	171
chr15	70470271	70470442	EH38D4888799_70470271_70470442	regulatory	171
chr15	31267477	31267648	EH38D2772330_31267477_31267648	regulatory	171
chr15	45948056	45948227	EH38D4871679_45948056_45948272	regulatory	171
chr15	73388416	73388587	EH38D4890917_73388416_73388765	regulatory	171
chr15	39565368	39565539	EH38D4866414_39565368_39565539	regulatory	171
chr15	96630073	96630244	EH38D4909518_96630073_96630244	regulatory	171
chr15	56052822	56052992	EH38D4876711_56052822_56052992	regulatory	170
chr15	101089187	101089357	EH38D2833316_101089187_101089388	regulatory	170
chr15	52794544	52794714	EH38D2789617_52794544_52794714	regulatory	170
chr15	59702319	59702489	EH38D4879142_59702319_59702489	regulatory	170
chr15	98002867	98003037	EH38D4910046_98002867_98003213	regulatory	170
chr15	75151311	75151481	EH38D4893112_75151291_75151481	regulatory	170
chr15	76973442	76973612	EH38D4894699_76973442_76973612	regulatory	170
chr15	55783933	55784103	EH38D2791316_55783840_55784103	regulatory	170
chr15	65044283	65044453	EH38D2800105_65044283_65044501	regulatory	170
chr15	78363423	78363593	EH38D2813821_78363423_78363593	regulatory	170
chr15	97195609	97195779	EH38D2829795_97195609_97195779	regulatory	170
chr15	69881274	69881444	EH38D2805298_69881231_69881567	regulatory	170
chr15	61229349	61229519	EH38D2796424_61229249_61229542	regulatory	170
chr15	74434337	74434507	EH38D2809883_74434337_74434686	regulatory	170
chr15	49079447	49079617	EH38D4872985_49079447_49079635	regulatory	170
chr15	45022556	45022726	EH38D4870968_45022517_45022836	regulatory	170
chr15	88569815	88569985	EH38D4903318_88569815_88569985	regulatory	170
chr15	37156377	37156547	EH38D4865171_37156377_37156547	regulatory	170
chr15	44780953	44781123	EH38D4870826_44780953_44781123	regulatory	170
chr15	70098273	70098443	EH38D4888295_70098273_70098443	regulatory	170
chr15	57329688	57329857	EH38D4877391_57329688_57329857	regulatory	169
chr15	96409016	96409185	EH38D4909408_96409016_96409185	regulatory	169
chr15	69067193	69067362	EH38D4887256_69067158_69067362	regulatory	169
chr15	74780673	74780842	EH38D4892617_74780673_74780842	regulatory	169
chr15	78321304	78321473	EH38D2813759_78321304_78321473	regulatory	169
chr15	85974395	85974564	EH38D4902114_85974395_85974582	regulatory	169
chr15	19944368	19944537	EH38D4855881_19944368_19944537	regulatory	169
chr15	79817920	79818089	EH38D2815029_79817920_79818090	regulatory	169
chr15	69990607	69990776	EH38D4888122_69990607_69990952	regulatory	169
chr15	80614804	80614973	EH38D2815804_80614804_80614973	regulatory	169
chr15	35038803	35038972	EH38D2775032_35038744_35039093	regulatory	169
chr15	59699900	59700069	EH38D2794896_59699900_59700069	regulatory	169
chr15	63856842	63857011	EH38D2798940_63856842_63857011	regulatory	169
chr15	61229906	61230075	EH38D2796426_61229906_61230075	regulatory	169
chr15	59896134	59896303	EH38D4879226_59896134_59896303	regulatory	169
chr15	29686152	29686321	EH38D4860955_29686152_29686321	regulatory	169
chr15	38073230	38073399	EH38D4865530_38073230_38073399	regulatory	169
chr15	34621820	34621989	EH38D2774709_34621820_34621989	regulatory	169
chr15	39448524	39448693	EH38D2778614_39448524_39448693	regulatory	169
chr15	59736301	59736470	EH38D4879156_59736301_59736470	regulatory	169
chr15	49752614	49752782	EH38D2787037_49752614_49752782	regulatory	168
chr15	44792848	44793016	EH38D4870837_44792848_44793016	regulatory	168
chr15	82710119	82710287	EH38D4899838_82710119_82710287	regulatory	168
chr15	55743207	55743375	EH38D2791284_55743029_55743378	regulatory	168
chr15	82047850	82048018	EH38D2817107_82047850_82048018	regulatory	168
chr15	59524136	59524304	EH38D4879012_59524136_59524304	regulatory	168
chr15	62995033	62995201	EH38D2797929_62995033_62995201	regulatory	168
chr15	70535531	70535699	EH38D2806188_70535494_70535699	regulatory	168
chr15	75810192	75810360	EH38D4893963_75810020_75810360	regulatory	168
chr15	61779038	61779206	EH38D2796792_61779038_61779206	regulatory	168
chr15	95626914	95627082	EH38D2828453_95626914_95627082	regulatory	168
chr15	82060148	82060316	EH38D2817121_82060148_82060316	regulatory	168
chr15	94212386	94212554	EH38D4908319_94212386_94212554	regulatory	168
chr15	94174455	94174623	EH38D2827339_94174455_94174797	regulatory	168
chr15	78951038	78951206	EH38D2814367_78950998_78951206	regulatory	168
chr15	85829101	85829269	EH38D2820013_85828925_85829269	regulatory	168
chr15	70000760	70000928	EH38D4888138_70000760_70000928	regulatory	168
chr15	37135489	37135657	EH38D2776813_37135325_37135657	regulatory	168
chr15	72636962	72637130	EH38D4890404_72636870_72637130	regulatory	168
chr15	40436036	40436204	EH38D4867313_40436036_40436235	regulatory	168
chr15	74888711	74888879	EH38D2810377_74888711_74889022	regulatory	168
chr15	25439566	25439734	EH38D2768538_25439566_25439734	regulatory	168
chr15	88747778	88747946	EH38D4903525_88747778_88747946	regulatory	168
chr15	28781587	28781755	EH38D4860111_28781587_28781755	regulatory	168
chr15	96492402	96492570	EH38D2829333_96492287_96492591	regulatory	168
chr15	70262942	70263110	EH38D4888532_70262942_70263110	regulatory	168
chr15	78418882	78419050	EH38D2813876_78418855_78419050	regulatory	168
chr15	56003935	56004102	EH38D2791495_56003935_56004102	regulatory	167
chr15	42132674	42132841	EH38D2781370_42132552_42132889	regulatory	167
chr15	70587896	70588063	EH38D4888968_70587896_70588246	regulatory	167
chr15	36551786	36551953	EH38D4864806_36551786_36551953	regulatory	167
chr15	46240050	46240217	EH38D4871750_46240050_46240217	regulatory	167
chr15	85379269	85379436	EH38D4901589_85379269_85379436	regulatory	167
chr15	40958296	40958463	EH38D4867934_40958113_40958463	regulatory	167
chr15	70631633	70631800	EH38D2806291_70631633_70631970	regulatory	167
chr15	44817872	44818039	EH38D4870857_44817872_44818039	regulatory	167
chr15	56534165	56534332	EH38D2791852_56534165_56534332	regulatory	167
chr15	40859537	40859704	EH38D2780160_40859537_40859704	regulatory	167
chr15	72805679	72805846	EH38D4890502_72805506_72805846	regulatory	167
chr15	77888111	77888278	EH38D4895747_77888111_77888278	regulatory	167
chr15	44812359	44812526	EH38D4870852_44812359_44812526	regulatory	167
chr15	76905646	76905813	EH38D4894657_76905646_76905813	regulatory	167
chr15	45022979	45023146	EH38D4870969_45022930_45023280	regulatory	167
chr15	22262892	22263059	EH38D4856611_22262892_22263059	regulatory	167
chr15	69149951	69150118	EH38D2804543_69149951_69150118	regulatory	167
chr15	48984138	48984305	EH38D2786448_48984063_48984361	regulatory	167
chr15	73049434	73049601	EH38D4890648_73049434_73049601	regulatory	167
chr15	70430083	70430250	EH38D2806031_70430083_70430420	regulatory	167
chr15	31263744	31263911	EH38D4861854_31263744_31263911	regulatory	167
chr15	42737718	42737885	EH38D4869608_42737718_42737890	regulatory	167
chr15	42737367	42737534	EH38D4869607_42737367_42737534	regulatory	167
chr15	95558488	95558655	EH38D4908895_95558488_95558655	regulatory	167
chr15	64782429	64782596	EH38D2799834_64782429_64782717	regulatory	167
chr15	59104676	59104843	EH38D4878646_59104676_59104843	regulatory	167
chr15	70376176	70376343	EH38D2805959_70376037_70376343	regulatory	167
chr15	34841538	34841705	EH38D2774902_34841538_34841705	regulatory	167
chr15	29671815	29671982	EH38D4860933_29671815_29672059	regulatory	167
chr15	55197049	55197216	EH38D4876221_55196866_55197216	regulatory	167
chr15	93031204	93031371	EH38D4907611_93031204_93031371	regulatory	167
chr15	74598233	74598400	EH38D4892385_74598233_74598580	regulatory	167
chr15	100715883	100716050	EH38D2832818_100715720_100716050	regulatory	167
chr15	70257039	70257206	EH38D4888520_70257039_70257358	regulatory	167
chr15	67967942	67968109	EH38D4886078_67967942_67968109	regulatory	167
chr15	84973875	84974042	EH38D4901283_84973875_84974042	regulatory	167
chr15	25892620	25892787	EH38D4858636_25892620_25892787	regulatory	167
chr15	77841506	77841673	EH38D4895681_77841506_77841673	regulatory	167
chr15	99466911	99467077	EH38D4911370_99466730_99467077	regulatory	166
chr15	43230022	43230188	EH38D4869873_43230022_43230362	regulatory	166
chr15	68466001	68466167	EH38D2803781_68465822_68466167	regulatory	166
chr15	26223222	26223388	EH38D4858819_26223222_26223388	regulatory	166
chr15	61229723	61229889	EH38D2796425_61229723_61229889	regulatory	166
chr15	29674093	29674259	EH38D2771416_29674093_29674259	regulatory	166
chr15	59556480	59556646	EH38D2794771_59556465_59556741	regulatory	166
chr15	101258627	101258793	EH38D2833565_101258500_101258793	regulatory	166
chr15	94835295	94835461	EH38D4908609_94835295_94835461	regulatory	166
chr15	70101129	70101295	EH38D2805582_70101129_70101295	regulatory	166
chr15	28099591	28099757	EH38D4859802_28099591_28099757	regulatory	166
chr15	77509050	77509216	EH38D4895143_77508971_77509226	regulatory	166
chr15	56039801	56039967	EH38D4876698_56039801_56039967	regulatory	166
chr15	78338861	78339027	EH38D4896434_78338689_78339027	regulatory	166
chr15	29686977	29687143	EH38D2771439_29686977_29687143	regulatory	166
chr15	74776863	74777029	EH38D4892607_74776863_74777029	regulatory	166
chr15	74727784	74727950	EH38D2810178_74727784_74728132	regulatory	166
chr15	65530251	65530417	EH38D4883629_65530251_65530598	regulatory	166
chr15	48395874	48396040	EH38D2785857_48395874_48396040	regulatory	166
chr15	36484595	36484761	EH38D2776122_36484451_36484761	regulatory	166
chr15	37221235	37221401	EH38D2776863_37221235_37221401	regulatory	166
chr15	70807488	70807654	EH38D4889128_70807374_70807654	regulatory	166
chr15	23912244	23912410	EH38D2767978_23912244_23912588	regulatory	166
chr15	52729988	52730154	EH38D2789544_52729988_52730154	regulatory	166
chr15	72998804	72998970	EH38D2808391_72998804_72998970	regulatory	166
chr15	40893118	40893284	EH38D2780195_40893118_40893284	regulatory	166
chr15	28110221	28110387	EH38D4859829_28110221_28110387	regulatory	166
chr15	40589639	40589805	EH38D4867496_40589639_40589805	regulatory	166
chr15	31462233	31462399	EH38D2772617_31462233_31462413	regulatory	166
chr15	37794575	37794741	EH38D2777119_37794575_37794741	regulatory	166
chr15	69860457	69860623	EH38D2805274_69860380_69860671	regulatory	166
chr15	70653565	70653731	EH38D2806313_70653425_70653731	regulatory	166
chr15	20360054	20360220	EH38D4856214_20360054_20360220	regulatory	166
chr15	75153982	75154147	EH38D4893116_75153982_75154147	regulatory	165
chr15	79593180	79593345	EH38D4897613_79593180_79593390	regulatory	165
chr15	59540899	59541064	EH38D2794751_59540899_59541064	regulatory	165
chr15	26082626	26082791	EH38D4858764_26082626_26082791	regulatory	165
chr15	78565095	78565260	EH38D4896628_78565095_78565260	regulatory	165
chr15	99435539	99435704	EH38D4911312_99435539_99435759	regulatory	165
chr15	74401542	74401707	EH38D4892151_74401542_74401707	regulatory	165
chr15	77610798	77610963	EH38D4895302_77610798_77610963	regulatory	165
chr15	62110359	62110524	EH38D4880479_62110359_62110524	regulatory	165
chr15	29638083	29638248	EH38D4860910_29638014_29638337	regulatory	165
chr15	55774433	55774598	EH38D4876557_55774433_55774721	regulatory	165
chr15	66574692	66574857	EH38D2801593_66574692_66574857	regulatory	165
chr15	101265124	101265289	EH38D4913105_101265124_101265468	regulatory	165
chr15	88987441	88987606	EH38D4903749_88987441_88987606	regulatory	165
chr15	68001159	68001324	EH38D2803254_68001159_68001324	regulatory	165
chr15	69275942	69276107	EH38D2804640_69275942_69276240	regulatory	165
chr15	70035363	70035528	EH38D4888193_70035340_70035528	regulatory	165
chr15	75180970	75181135	EH38D2810694_75180970_75181188	regulatory	165
chr15	36844336	36844501	EH38D2776450_36844336_36844501	regulatory	165
chr15	79431515	79431680	EH38D4897532_79431425_79431680	regulatory	165
chr15	57795458	57795623	EH38D4877758_57795458_57795634	regulatory	165
chr15	79770509	79770674	EH38D2814991_79770509_79770674	regulatory	165
chr15	65226306	65226471	EH38D4883276_65226306_65226534	regulatory	165
chr15	65185719	65185884	EH38D4883216_65185719_65185884	regulatory	165
chr15	55994261	55994426	EH38D4876668_55994261_55994426	regulatory	165
chr15	57343236	57343401	EH38D2792599_57343175_57343401	regulatory	165
chr15	48963919	48964084	EH38D2786425_48963819_48964084	regulatory	165
chr15	70259477	70259642	EH38D4888523_70259477_70259642	regulatory	165
chr15	70187847	70188012	EH38D4888426_70187847_70188012	regulatory	165
chr15	72159559	72159724	EH38D4890012_72159559_72159724	regulatory	165
chr15	66700016	66700180	EH38D4884744_66700016_66700248	regulatory	164
chr15	75843073	75843237	EH38D4893994_75843073_75843237	regulatory	164
chr15	95870106	95870270	EH38D4909039_95870106_95870305	regulatory	164
chr15	63158021	63158185	EH38D4881340_63157897_63158230	regulatory	164
chr15	70017081	70017245	EH38D4888159_70017081_70017245	regulatory	164
chr15	34514911	34515075	EH38D4863894_34514911_34515256	regulatory	164
chr15	86040516	86040680	EH38D4902139_86040516_86040680	regulatory	164
chr15	88334640	88334804	EH38D2821856_88334454_88334804	regulatory	164
chr15	70462875	70463039	EH38D4888785_70462875_70463051	regulatory	164
chr15	53910131	53910295	EH38D2790243_53910131_53910480	regulatory	164
chr15	79779466	79779630	EH38D2815005_79779302_79779630	regulatory	164
chr15	57340941	57341105	EH38D2792595_57340941_57341105	regulatory	164
chr15	74773922	74774086	EH38D4892601_74773860_74774187	regulatory	164
chr15	57916112	57916276	EH38D4877807_57916112_57916276	regulatory	164
chr15	57340771	57340935	EH38D2792594_57340771_57340935	regulatory	164
chr15	98552072	98552236	EH38D4910411_98552021_98552236	regulatory	164
chr15	39506234	39506398	EH38D2778686_39506160_39506502	regulatory	164
chr15	73019214	73019378	EH38D2808414_73019160_73019501	regulatory	164
chr15	56465137	56465301	EH38D2791809_56464951_56465301	regulatory	164
chr15	73800727	73800891	EH38D4891231_73800727_73800891	regulatory	164
chr15	57789046	57789210	EH38D2793114_57789046_57789210	regulatory	164
chr15	38128683	38128847	EH38D2777364_38128683_38128862	regulatory	164
chr15	70290963	70291127	EH38D2805850_70290963_70291127	regulatory	164
chr15	41488277	41488441	EH38D4868329_41488277_41488441	regulatory	164
chr15	40593355	40593519	EH38D2779934_40593198_40593519	regulatory	164
chr15	70312656	70312820	EH38D4888592_70312496_70312820	regulatory	164
chr15	89829685	89829849	EH38D2823322_89829685_89830029	regulatory	164
chr15	42130324	42130488	EH38D4869155_42130225_42130488	regulatory	164
chr15	40905836	40905999	EH38D4867839_40905836_40905999	regulatory	163
chr15	99784262	99784425	EH38D4911614_99784247_99784425	regulatory	163
chr15	75713118	75713281	EH38D4893821_75713118_75713281	regulatory	163
chr15	62941902	62942065	EH38D4881124_62941722_62942065	regulatory	163
chr15	101958205	101958368	EH38D4913794_101958205_101958368	regulatory	163
chr15	84948486	84948649	EH38D2819082_84948299_84948649	regulatory	163
chr15	79934210	79934373	EH38D4897790_79934210_79934401	regulatory	163
chr15	23687305	23687468	EH38D4857472_23687177_23687527	regulatory	163
chr15	78386860	78387023	EH38D2813839_78386708_78387023	regulatory	163
chr15	84810538	84810701	EH38D2818927_84810538_84810752	regulatory	163
chr15	81000562	81000725	EH38D4898728_81000562_81000725	regulatory	163
chr15	82047376	82047539	EH38D2817105_82047376_82047539	regulatory	163
chr15	80032743	80032906	EH38D4897910_80032557_80032906	regulatory	163
chr15	78319702	78319865	EH38D2813757_78319702_78319865	regulatory	163
chr15	100372705	100372868	EH38D4912182_100372688_100373035	regulatory	163
chr15	26103076	26103239	EH38D4858774_26102952_26103297	regulatory	163
chr15	70508434	70508597	EH38D2806150_70508309_70508597	regulatory	163
chr15	40904668	40904831	EH38D4867836_40904668_40904831	regulatory	163
chr15	67196558	67196721	EH38D4885519_67196558_67196721	regulatory	163
chr15	45586798	45586961	EH38D4871491_45586798_45586961	regulatory	163
chr15	40348824	40348987	EH38D4867180_40348824_40348987	regulatory	163
chr15	70763801	70763964	EH38D4889082_70763801_70763964	regulatory	163
chr15	63476621	63476784	EH38D4881624_63476621_63476784	regulatory	163
chr15	42921259	42921422	EH38D4869692_42921259_42921422	regulatory	163
chr15	85854465	85854628	EH38D2820034_85854402_85854674	regulatory	163
chr15	37104343	37104506	EH38D4865140_37104343_37104506	regulatory	163
chr15	66838783	66838946	EH38D4884992_66838783_66838973	regulatory	163
chr15	76059795	76059957	EH38D4894090_76059695_76060039	regulatory	162
chr15	75179305	75179467	EH38D4893151_75179305_75179653	regulatory	162
chr15	70392676	70392838	EH38D2805984_70392676_70392889	regulatory	162
chr15	89936260	89936422	EH38D2823418_89936073_89936422	regulatory	162
chr15	36401705	36401867	EH38D2776056_36401705_36401867	regulatory	162
chr15	94792216	94792378	EH38D2827815_94792216_94792566	regulatory	162
chr15	31280897	31281059	EH38D4861896_31280723_31281059	regulatory	162
chr15	98647590	98647752	EH38D4910505_98647590_98647752	regulatory	162
chr15	99486327	99486489	EH38D2831727_99486309_99486489	regulatory	162
chr15	60297138	60297300	EH38D4879435_60297119_60297465	regulatory	162
chr15	31265946	31266108	EH38D2772325_31265946_31266108	regulatory	162
chr15	90155195	90155357	EH38D4905161_90155008_90155357	regulatory	162
chr15	96675459	96675621	EH38D2829448_96675459_96675621	regulatory	162
chr15	40081481	40081643	EH38D4866804_40081481_40081643	regulatory	162
chr15	31306983	31307145	EH38D2772395_31306983_31307224	regulatory	162
chr15	56538343	56538505	EH38D4876943_56538304_56538505	regulatory	162
chr15	64072402	64072564	EH38D2799192_64072402_64072749	regulatory	162
chr15	55791725	55791887	EH38D2791325_55791562_55791887	regulatory	162
chr15	84878346	84878508	EH38D4901172_84878346_84878508	regulatory	162
chr15	80260586	80260748	EH38D2815454_80260586_80260748	regulatory	162
chr15	40310123	40310285	EH38D4867111_40310123_40310285	regulatory	162
chr15	40870604	40870766	EH38D4867790_40870604_40870766	regulatory	162
chr15	85354916	85355078	EH38D2819429_85354916_85355078	regulatory	162
chr15	40345014	40345176	EH38D4867169_40344915_40345176	regulatory	162
chr15	96340491	96340653	EH38D4909334_96340491_96340696	regulatory	162
chr15	92392379	92392541	EH38D4907014_92392379_92392541	regulatory	162
chr15	68557814	68557976	EH38D2803873_68557814_68557976	regulatory	162
chr15	46873053	46873215	EH38D4871928_46873053_46873215	regulatory	162
chr15	57561127	57561288	EH38D4877603_57560939_57561288	regulatory	161
chr15	52529440	52529601	EH38D4875185_52529440_52529601	regulatory	161
chr15	69910679	69910840	EH38D2805333_69910679_69910840	regulatory	161
chr15	65211799	65211960	EH38D2800267_65211799_65211960	regulatory	161
chr15	39579901	39580062	EH38D2778747_39579901_39580062	regulatory	161
chr15	76961339	76961500	EH38D4894691_76961339_76961672	regulatory	161
chr15	60299504	60299665	EH38D4879437_60299504_60299665	regulatory	161
chr15	79774854	79775015	EH38D4897693_79774682_79775015	regulatory	161
chr15	101118822	101118983	EH38D4912913_101118822_101118983	regulatory	161
chr15	88803190	88803351	EH38D4903573_88803190_88803494	regulatory	161
chr15	67954475	67954636	EH38D2803215_67954475_67954636	regulatory	161
chr15	48976812	48976973	EH38D4872922_48976812_48976973	regulatory	161
chr15	66908890	66909051	EH38D4885106_66908890_66909051	regulatory	161
chr15	87224508	87224669	EH38D2820980_87224508_87224669	regulatory	161
chr15	48389693	48389854	EH38D4872586_48389693_48389854	regulatory	161
chr15	34614197	34614358	EH38D2774702_34614197_34614358	regulatory	161
chr15	85168896	85169057	EH38D2819289_85168714_85169057	regulatory	161
chr15	72198807	72198968	EH38D4890084_72198807_72198968	regulatory	161
chr15	41773209	41773370	EH38D2780914_41773209_41773370	regulatory	161
chr15	36479318	36479479	EH38D2776117_36479318_36479479	regulatory	161
chr15	89349270	89349431	EH38D4904154_89349270_89349431	regulatory	161
chr15	67998300	67998461	EH38D4886090_67998118_67998461	regulatory	161
chr15	41604694	41604855	EH38D4868490_41604694_41604855	regulatory	161
chr15	90830158	90830319	EH38D2824336_90829972_90830319	regulatory	161
chr15	75188245	75188406	EH38D4893161_75188245_75188406	regulatory	161
chr15	95626618	95626778	EH38D2828452_95626618_95626778	regulatory	160
chr15	99537541	99537701	EH38D2831785_99537354_99537701	regulatory	160
chr15	75712848	75713008	EH38D4893820_75712659_75713008	regulatory	160
chr15	40326810	40326970	EH38D4867139_40326810_40326970	regulatory	160
chr15	40346573	40346733	EH38D4867174_40346573_40346733	regulatory	160
chr15	74777754	74777914	EH38D4892609_74777754_74777914	regulatory	160
chr15	101108475	101108635	EH38D4912895_101108450_101108668	regulatory	160
chr15	70292726	70292886	EH38D4888580_70292706_70292886	regulatory	160
chr15	70290500	70290660	EH38D2805849_70290500_70290711	regulatory	160
chr15	23420925	23421085	EH38D4857329_23420804_23421085	regulatory	160
chr15	48397742	48397902	EH38D2785859_48397742_48397902	regulatory	160
chr15	96694435	96694595	EH38D2829464_96694435_96694595	regulatory	160
chr15	90155008	90155168	EH38D4905161_90155008_90155357	regulatory	160
chr15	31440711	31440871	EH38D4862160_31440711_31440871	regulatory	160
chr15	88995548	88995708	EH38D4903761_88995548_88995708	regulatory	160
chr15	94230756	94230916	EH38D4908327_94230756_94230916	regulatory	160
chr15	37111748	37111908	EH38D4865146_37111748_37111908	regulatory	160
chr15	56002779	56002939	EH38D4876676_56002779_56002939	regulatory	160
chr15	100842539	100842699	EH38D4912511_100842539_100842699	regulatory	160
chr15	80777614	80777774	EH38D4898488_80777614_80777774	regulatory	160
chr15	31465121	31465281	EH38D4862191_31465121_31465283	regulatory	160
chr15	22253734	22253894	EH38D4856592_22253734_22253894	regulatory	160
chr15	100663726	100663886	EH38D4912332_100663726_100663886	regulatory	160
chr15	101724773	101724933	EH38D4913708_101724773_101724933	regulatory	160
chr15	40763637	40763797	EH38D2780049_40763637_40763797	regulatory	160
chr15	21272259	21272419	EH38D4856437_21272181_21272419	regulatory	160
chr15	74441899	74442059	EH38D2809893_74441726_74442059	regulatory	160
chr15	65032063	65032222	EH38D4883024_65032063_65032222	regulatory	159
chr15	88982751	88982910	EH38D4903745_88982751_88982987	regulatory	159
chr15	29993421	29993580	EH38D4861179_29993421_29993580	regulatory	159
chr15	77910484	77910643	EH38D4895802_77910484_77910643	regulatory	159
chr15	101534674	101534833	EH38D4913541_101534674_101535002	regulatory	159
chr15	101167644	101167803	EH38D4912994_101167644_101167803	regulatory	159
chr15	78316079	78316238	EH38D2813753_78316079_78316238	regulatory	159
chr15	74726173	74726332	EH38D4892541_74726173_74726332	regulatory	159
chr15	64163443	64163602	EH38D2799285_64163443_64163602	regulatory	159
chr15	59535562	59535721	EH38D4879023_59535562_59535795	regulatory	159
chr15	46120133	46120292	EH38D4871721_46120133_46120292	regulatory	159
chr15	32708514	32708673	EH38D2773146_32708514_32708673	regulatory	159
chr15	99954641	99954800	EH38D2832103_99954455_99954800	regulatory	159
chr15	31902145	31902304	EH38D2772875_31902145_31902312	regulatory	159
chr15	42056030	42056189	EH38D2781279_42055983_42056189	regulatory	159
chr15	91660485	91660644	EH38D4906523_91660485_91660644	regulatory	159
chr15	37221830	37221989	EH38D4865194_37221830_37221989	regulatory	159
chr15	88388343	88388502	EH38D4903176_88388343_88388502	regulatory	159
chr15	50378473	50378632	EH38D2787555_50378473_50378632	regulatory	159
chr15	50687024	50687183	EH38D2787738_50687024_50687183	regulatory	159
chr15	75235100	75235259	EH38D4893265_75235100_75235259	regulatory	159
chr15	63004327	63004486	EH38D2797940_63004327_63004486	regulatory	159
chr15	70201027	70201186	EH38D2805729_70201027_70201186	regulatory	159
chr15	52102010	52102169	EH38D4874815_52102010_52102335	regulatory	159
chr15	62345101	62345260	EH38D4880640_62344912_62345260	regulatory	159
chr15	62979319	62979478	EH38D4881158_62979319_62979659	regulatory	159
chr15	75669647	75669806	EH38D4893738_75669647_75669806	regulatory	159
chr15	78319310	78319469	EH38D4896409_78319310_78319514	regulatory	159
chr15	96349716	96349875	EH38D4909347_96349716_96349875	regulatory	159
chr15	96347726	96347885	EH38D4909343_96347726_96347885	regulatory	159
chr15	68559534	68559693	EH38D4886707_68559534_68559693	regulatory	159
chr15	77087303	77087462	EH38D4894905_77087303_77087462	regulatory	159
chr15	96594058	96594216	EH38D4909505_96594058_96594216	regulatory	158
chr15	89748274	89748432	EH38D4904588_89748274_89748432	regulatory	158
chr15	70491767	70491925	EH38D4888839_70491767_70491925	regulatory	158
chr15	73442540	73442698	EH38D2808775_73442371_73442698	regulatory	158
chr15	31435665	31435823	EH38D4862150_31435474_31435823	regulatory	158
chr15	80615730	80615888	EH38D4898380_80615730_80615888	regulatory	158
chr15	96736122	96736280	EH38D2829494_96736122_96736280	regulatory	158
chr15	80059085	80059243	EH38D4897938_80059085_80059243	regulatory	158
chr15	95559423	95559581	EH38D4908896_95559423_95559581	regulatory	158
chr15	70024930	70025088	EH38D4888175_70024930_70025088	regulatory	158
chr15	62912902	62913060	EH38D2797838_62912902_62913060	regulatory	158
chr15	46879147	46879305	EH38D2784643_46879147_46879305	regulatory	158
chr15	75664630	75664788	EH38D4893730_75664630_75664833	regulatory	158
chr15	40307935	40308093	EH38D4867106_40307905_40308093	regulatory	158
chr15	40343067	40343225	EH38D2779663_40343067_40343225	regulatory	158
chr15	34719280	34719438	EH38D4864019_34719104_34719438	regulatory	158
chr15	48964181	48964339	EH38D2786426_48964181_48964339	regulatory	158
chr15	70098853	70099011	EH38D2805575_70098853_70099011	regulatory	158
chr15	27669686	27669844	EH38D4859478_27669686_27670034	regulatory	158
chr15	69125672	69125830	EH38D4887307_69125672_69125883	regulatory	158
chr15	40905659	40905817	EH38D4867838_40905659_40905817	regulatory	158
chr15	101278042	101278200	EH38D4913124_101278042_101278200	regulatory	158
chr15	84666502	84666660	EH38D2818792_84666502_84666700	regulatory	158
chr15	96352829	96352987	EH38D4909354_96352829_96352987	regulatory	158
chr15	84668975	84669133	EH38D2818794_84668975_84669133	regulatory	158
chr15	52858488	52858646	EH38D4875415_52858488_52858646	regulatory	158
chr15	63036061	63036219	EH38D2797979_63036061_63036219	regulatory	158
chr15	27704817	27704975	EH38D4859505_27704817_27704975	regulatory	158
chr15	59994969	59995127	EH38D4879271_59994969_59995264	regulatory	158
chr15	74531158	74531316	EH38D4892314_74531158_74531316	regulatory	158
chr15	68529047	68529205	EH38D2803844_68529047_68529205	regulatory	158
chr15	89496754	89496912	EH38D4904358_89496754_89497098	regulatory	158
chr15	61765372	61765530	EH38D4880331_61765372_61765530	regulatory	158
chr15	66801795	66801952	EH38D4884931_66801795_66802000	regulatory	157
chr15	87815878	87816035	EH38D4902790_87815878_87816035	regulatory	157
chr15	63042439	63042596	EH38D2797992_63042439_63042788	regulatory	157
chr15	75830997	75831154	EH38D4893979_75830939_75831277	regulatory	157
chr15	20756183	20756340	EH38D4856324_20756076_20756340	regulatory	157
chr15	19964508	19964665	EH38D4855886_19964508_19964852	regulatory	157
chr15	27670994	27671151	EH38D2770125_27670994_27671151	regulatory	157
chr15	72382297	72382454	EH38D4890267_72382297_72382454	regulatory	157
chr15	62904627	62904784	EH38D2797831_62904627_62904784	regulatory	157
chr15	70290094	70290251	EH38D4888578_70290094_70290251	regulatory	157
chr15	90859659	90859816	EH38D4905935_90859659_90859816	regulatory	157
chr15	41116798	41116955	EH38D4868027_41116798_41116955	regulatory	157
chr15	40405327	40405484	EH38D2779743_40405327_40405521	regulatory	157
chr15	66692192	66692349	EH38D2801724_66692058_66692349	regulatory	157
chr15	100849038	100849195	EH38D4912517_100849038_100849195	regulatory	157
chr15	55999843	56000000	EH38D4876674_55999688_56000032	regulatory	157
chr15	65086710	65086867	EH38D4883114_65086710_65086867	regulatory	157
chr15	96462922	96463079	EH38D4909448_96462922_96463079	regulatory	157
chr15	40438395	40438552	EH38D4867319_40438395_40438552	regulatory	157
chr15	70526874	70527031	EH38D4888887_70526874_70527031	regulatory	157
chr15	22724023	22724180	EH38D2767390_22724023_22724180	regulatory	157
chr15	60326934	60327091	EH38D4879454_60326934_60327091	regulatory	157
chr15	37586327	37586484	EH38D2777001_37586327_37586484	regulatory	157
chr15	48374290	48374447	EH38D2785831_48374290_48374447	regulatory	157
chr15	99563939	99564096	EH38D4911474_99563939_99564096	regulatory	157
chr15	69991642	69991798	EH38D4888124_69991642_69991798	regulatory	156
chr15	63076030	63076186	EH38D2798075_63076030_63076186	regulatory	156
chr15	60149208	60149364	EH38D2795269_60149208_60149364	regulatory	156
chr15	87118219	87118375	EH38D2820900_87118219_87118375	regulatory	156
chr15	99441932	99442088	EH38D4911331_99441932_99442088	regulatory	156
chr15	74404017	74404173	EH38D4892155_74404017_74404173	regulatory	156
chr15	78564876	78565032	EH38D4896627_78564832_78565032	regulatory	156
chr15	99435930	99436086	EH38D4911313_99435930_99436086	regulatory	156
chr15	77838260	77838416	EH38D2813162_77838260_77838416	regulatory	156
chr15	40082156	40082312	EH38D4866805_40082156_40082312	regulatory	156
chr15	73900461	73900617	EH38D4891355_73900461_73900734	regulatory	156
chr15	79824362	79824518	EH38D2815034_79824362_79824518	regulatory	156
chr15	89016523	89016679	EH38D4903779_89016523_89016679	regulatory	156
chr15	101162432	101162588	EH38D4912987_101162387_101162588	regulatory	156
chr15	101621261	101621417	EH38D4913637_101621168_101621417	regulatory	156
chr15	75713299	75713455	EH38D2811163_75713299_75713500	regulatory	156
chr15	66976624	66976780	EH38D2802120_66976602_66976907	regulatory	156
chr15	39461648	39461804	EH38D2778631_39461648_39461804	regulatory	156
chr15	48703434	48703590	EH38D4872774_48703434_48703590	regulatory	156
chr15	66805510	66805666	EH38D4884939_66805510_66805860	regulatory	156
chr15	51681183	51681339	EH38D2788555_51681183_51681339	regulatory	156
chr15	40945999	40946155	EH38D2780283_40945999_40946342	regulatory	156
chr15	72994644	72994800	EH38D2808384_72994644_72994800	regulatory	156
chr15	72890560	72890716	EH38D2808301_72890560_72890716	regulatory	156
chr15	77537763	77537919	EH38D4895189_77537761_77537952	regulatory	156
chr15	50784048	50784204	EH38D2787815_50784048_50784204	regulatory	156
chr15	34523962	34524118	EH38D4863905_34523962_34524118	regulatory	156
chr15	63189014	63189170	EH38D4881362_63189014_63189170	regulatory	156
chr15	62978093	62978248	EH38D4881157_62978093_62978248	regulatory	155
chr15	77506300	77506455	EH38D4895139_77506300_77506455	regulatory	155
chr15	72993122	72993277	EH38D2808381_72993122_72993277	regulatory	155
chr15	65378120	65378275	EH38D4883479_65377931_65378275	regulatory	155
chr15	84659416	84659571	EH38D2818787_84659416_84659571	regulatory	155
chr15	80615985	80616140	EH38D2815807_80615985_80616333	regulatory	155
chr15	41602848	41603003	EH38D4868487_41602848_41603003	regulatory	155
chr15	38377648	38377803	EH38D2777577_38377648_38377803	regulatory	155
chr15	70285004	70285159	EH38D4888569_70284858_70285206	regulatory	155
chr15	85805473	85805628	EH38D4902010_85805473_85805794	regulatory	155
chr15	46294680	46294835	EH38D4871767_46294634_46294835	regulatory	155
chr15	88283144	88283299	EH38D2821806_88283144_88283299	regulatory	155
chr15	71079757	71079912	EH38D2806665_71079757_71079912	regulatory	155
chr15	43270550	43270705	EH38D4869910_43270550_43270705	regulatory	155
chr15	55746033	55746188	EH38D2791289_55746033_55746232	regulatory	155
chr15	65436150	65436305	EH38D2800514_65436107_65436387	regulatory	155
chr15	91852607	91852762	EH38D4906621_91852607_91852762	regulatory	155
chr15	83653461	83653616	EH38D4900473_83653461_83653616	regulatory	155
chr15	40591470	40591625	EH38D2779932_40591470_40591790	regulatory	155
chr15	77525384	77525539	EH38D4895163_77525384_77525729	regulatory	155
chr15	36402268	36402423	EH38D4864726_36402268_36402423	regulatory	155
chr15	41827936	41828091	EH38D4868668_41827838_41828188	regulatory	155
chr15	25597411	25597566	EH38D4858296_25597411_25597566	regulatory	155
chr15	57335203	57335358	EH38D2792588_57335203_57335358	regulatory	155
chr15	88989362	88989517	EH38D2822427_88989362_88989517	regulatory	155
chr15	36335676	36335831	EH38D2776010_36335676_36336025	regulatory	155
chr15	73727773	73727928	EH38D4891145_73727773_73727928	regulatory	155
chr15	67992598	67992753	EH38D4886087_67992423_67992753	regulatory	155
chr15	70156222	70156376	EH38D4888378_70156222_70156480	regulatory	154
chr15	98421021	98421175	EH38D4910298_98420877_98421226	regulatory	154
chr15	66876775	66876929	EH38D4885059_66876775_66876929	regulatory	154
chr15	78350286	78350440	EH38D4896453_78350095_78350440	regulatory	154
chr15	70397919	70398073	EH38D4888698_70397919_70398167	regulatory	154
chr15	69104456	69104610	EH38D4887293_69104456_69104610	regulatory	154
chr15	91336968	91337122	EH38D2824796_91336774_91337122	regulatory	154
chr15	75664349	75664503	EH38D4893729_75664175_75664503	regulatory	154
chr15	87154813	87154967	EH38D4902530_87154813_87155163	regulatory	154
chr15	38076311	38076465	EH38D2777326_38076196_38076465	regulatory	154
chr15	89085681	89085835	EH38D2822521_89085681_89085835	regulatory	154
chr15	44899608	44899762	EH38D4870917_44899608_44899762	regulatory	154
chr15	31297650	31297804	EH38D4861917_31297650_31297804	regulatory	154
chr15	44427144	44427298	EH38D4870574_44426948_44427298	regulatory	154
chr15	100713860	100714014	EH38D4912381_100713860_100714014	regulatory	154
chr15	36544626	36544780	EH38D4864798_36544626_36544780	regulatory	154
chr15	31272506	31272660	EH38D4861874_31272506_31272660	regulatory	154
chr15	79090780	79090934	EH38D4897294_79090664_79090949	regulatory	154
chr15	88313157	88313311	EH38D2821835_88312999_88313311	regulatory	154
chr15	35032318	35032472	EH38D2775027_35032318_35032472	regulatory	154
chr15	84659245	84659399	EH38D2818786_84659066_84659399	regulatory	154
chr15	62306710	62306864	EH38D4880617_62306710_62306864	regulatory	154
chr15	91694445	91694599	EH38D4906537_91694445_91694599	regulatory	154
chr15	93029592	93029746	EH38D4907606_93029592_93029746	regulatory	154
chr15	66691874	66692028	EH38D2801723_66691810_66692038	regulatory	154
chr15	36888404	36888558	EH38D4865003_36888404_36888558	regulatory	154
chr15	34339004	34339158	EH38D2774558_34339004_34339235	regulatory	154
chr15	81324183	81324337	EH38D4899018_81324102_81324452	regulatory	154
chr15	96802369	96802523	EH38D2829538_96802369_96802523	regulatory	154
chr15	67945381	67945535	EH38D2803205_67945296_67945535	regulatory	154
chr15	74843538	74843691	EH38D4892744_74843538_74843691	regulatory	153
chr15	69067395	69067548	EH38D2804440_69067395_69067548	regulatory	153
chr15	92818013	92818166	EH38D4907408_92818013_92818166	regulatory	153
chr15	48351064	48351217	EH38D2785811_48351038_48351217	regulatory	153
chr15	70121987	70122140	EH38D4888324_70121987_70122191	regulatory	153
chr15	62941722	62941875	EH38D4881124_62941722_62942065	regulatory	153
chr15	74771614	74771767	EH38D4892597_74771567_74771899	regulatory	153
chr15	45114172	45114325	EH38D4871076_45114065_45114412	regulatory	153
chr15	33310737	33310890	EH38D4863204_33310737_33311070	regulatory	153
chr15	37104824	37104977	EH38D4865141_37104824_37104977	regulatory	153
chr15	90000063	90000216	EH38D4904927_90000063_90000216	regulatory	153
chr15	70186860	70187013	EH38D4888423_70186831_70187145	regulatory	153
chr15	65423155	65423308	EH38D2800504_65423155_65423308	regulatory	153
chr15	82530885	82531038	EH38D4899670_82530885_82531038	regulatory	153
chr15	96342542	96342695	EH38D4909337_96342542_96342695	regulatory	153
chr15	62928059	62928212	EH38D2797851_62928059_62928212	regulatory	153
chr15	66787246	66787399	EH38D4884911_66787074_66787399	regulatory	153
chr15	45586582	45586735	EH38D2783889_45586582_45586735	regulatory	153
chr15	96353740	96353893	EH38D2829188_96353740_96353893	regulatory	153
chr15	60130593	60130746	EH38D2795256_60130593_60130795	regulatory	153
chr15	31267194	31267347	EH38D4861863_31267194_31267347	regulatory	153
chr15	78331208	78331361	EH38D4896423_78331208_78331361	regulatory	153
chr15	94677254	94677407	EH38D4908552_94677254_94677407	regulatory	153
chr15	89018005	89018158	EH38D4903782_89018005_89018158	regulatory	153
chr15	70327942	70328095	EH38D2805901_70327933_70328095	regulatory	153
chr15	73842081	73842234	EH38D4891268_73841975_73842255	regulatory	153
chr15	31308939	31309092	EH38D4861939_31308939_31309092	regulatory	153
chr15	77944810	77944963	EH38D2813305_77944810_77945011	regulatory	153
chr15	64810875	64811027	EH38D2799861_64810875_64811027	regulatory	152
chr15	31302566	31302718	EH38D4861927_31302566_31302718	regulatory	152
chr15	70479153	70479305	EH38D2806106_70479153_70479305	regulatory	152
chr15	31177748	31177900	EH38D2772232_31177748_31177970	regulatory	152
chr15	95874341	95874493	EH38D2828668_95874153_95874493	regulatory	152
chr15	20783910	20784062	EH38D4856329_20783910_20784062	regulatory	152
chr15	21284623	21284775	EH38D4856441_21284623_21284775	regulatory	152
chr15	49084362	49084514	EH38D4872991_49084362_49084514	regulatory	152
chr15	48966194	48966346	EH38D4872909_48965997_48966346	regulatory	152
chr15	28107689	28107841	EH38D4859822_28107689_28107841	regulatory	152
chr15	48357230	48357382	EH38D2785817_48357079_48357382	regulatory	152
chr15	66694871	66695023	EH38D4884741_66694871_66695023	regulatory	152
chr15	76905444	76905596	EH38D4894656_76905261_76905596	regulatory	152
chr15	87761927	87762079	EH38D2821353_87761927_87762079	regulatory	152
chr15	40345288	40345440	EH38D4867170_40345288_40345440	regulatory	152
chr15	82048367	82048519	EH38D4899354_82048367_82048519	regulatory	152
chr15	55109667	55109819	EH38D2790863_55109667_55109819	regulatory	152
chr15	36254083	36254235	EH38D4864665_36254083_36254235	regulatory	152
chr15	70528393	70528545	EH38D4888891_70528199_70528545	regulatory	152
chr15	40952809	40952961	EH38D4867924_40952809_40953123	regulatory	152
chr15	82354656	82354808	EH38D4899607_82354656_82354808	regulatory	152
chr15	97196341	97196493	EH38D4909755_97196161_97196493	regulatory	152
chr15	76984354	76984506	EH38D4894720_76984354_76984641	regulatory	152
chr15	40593521	40593673	EH38D2779935_40593521_40593673	regulatory	152
chr15	74768943	74769095	EH38D4892589_74768943_74769095	regulatory	152
chr15	23648347	23648499	EH38D2767865_23648347_23648499	regulatory	152
chr15	79682875	79683027	EH38D4897658_79682875_79683224	regulatory	152
chr15	70154257	70154409	EH38D4888373_70154257_70154409	regulatory	152
chr15	77887805	77887957	EH38D4895746_77887805_77887957	regulatory	152
chr15	63890317	63890469	EH38D4881934_63890212_63890469	regulatory	152
chr15	20785285	20785437	EH38D4856330_20785285_20785437	regulatory	152
chr15	61748685	61748837	EH38D2796765_61748588_61748936	regulatory	152
chr15	40124775	40124927	EH38D4866893_40124775_40124927	regulatory	152
chr15	67883507	67883659	EH38D4886005_67883507_67883659	regulatory	152
chr15	70417355	70417507	EH38D2806011_70417355_70417507	regulatory	152
chr15	44824865	44825017	EH38D4870865_44824865_44825017	regulatory	152
chr15	97995376	97995527	EH38D2830265_97995376_97995527	regulatory	151
chr15	80618342	80618493	EH38D4898381_80618342_80618493	regulatory	151
chr15	73634803	73634954	EH38D2808936_73634803_73635108	regulatory	151
chr15	97077805	97077956	EH38D2829722_97077805_97077956	regulatory	151
chr15	87752338	87752489	EH38D4902765_87752338_87752489	regulatory	151
chr15	97086131	97086282	EH38D4909709_97086131_97086282	regulatory	151
chr15	62964451	62964602	EH38D4881146_62964257_62964602	regulatory	151
chr15	85889946	85890097	EH38D4902075_85889946_85890097	regulatory	151
chr15	67940061	67940212	EH38D2803198_67940000_67940247	regulatory	151
chr15	41773808	41773959	EH38D4868578_41773808_41773959	regulatory	151
chr15	77534343	77534494	EH38D4895182_77534343_77534494	regulatory	151
chr15	90153815	90153966	EH38D4905160_90153815_90153966	regulatory	151
chr15	23877785	23877936	EH38D2767965_23877785_23877936	regulatory	151
chr15	89781112	89781263	EH38D4904651_89781112_89781461	regulatory	151
chr15	36579288	36579439	EH38D4864820_36579288_36579439	regulatory	151
chr15	70024241	70024392	EH38D4888173_70024241_70024392	regulatory	151
chr15	62941471	62941622	EH38D4881123_62941471_62941622	regulatory	151
chr15	63172566	63172717	EH38D2798170_63172391_63172717	regulatory	151
chr15	70461967	70462118	EH38D2806076_70461967_70462227	regulatory	151
chr15	91802007	91802158	EH38D2825175_91802007_91802158	regulatory	151
chr15	31264321	31264472	EH38D4861856_31264321_31264472	regulatory	151
chr15	79960717	79960868	EH38D4897822_79960600_79960868	regulatory	151
chr15	70292247	70292398	EH38D2805853_70292156_70292398	regulatory	151
chr15	40942297	40942448	EH38D4867908_40942297_40942448	regulatory	151
chr15	50687430	50687581	EH38D4873819_50687430_50687581	regulatory	151
chr15	85879552	85879703	EH38D4902068_85879353_85879703	regulatory	151
chr15	40922975	40923126	EH38D4867870_40922975_40923126	regulatory	151
chr15	74906883	74907034	EH38D4892821_74906687_74907034	regulatory	151
chr15	62135293	62135444	EH38D2797027_62135164_62135444	regulatory	151
chr15	88308682	88308833	EH38D2821830_88308682_88308854	regulatory	151
chr15	74780975	74781126	EH38D4892618_74780975_74781324	regulatory	151
chr15	75717473	75717624	EH38D2811169_75717473_75717778	regulatory	151
chr15	59941643	59941793	EH38D2795071_59941643_59941989	regulatory	150
chr15	69930820	69930970	EH38D2805358_69930820_69931145	regulatory	150
chr15	69118943	69119093	EH38D4887304_69118943_69119093	regulatory	150
chr15	78397417	78397567	EH38D4896508_78397417_78397567	regulatory	150
chr15	70142397	70142547	EH38D2805630_70142197_70142547	regulatory	150
chr15	63083445	63083595	EH38D4881274_63083445_63083595	regulatory	150
chr15	68501116	68501266	EH38D2803818_68501116_68501266	regulatory	150
chr15	59919349	59919499	EH38D4879240_59919314_59919664	regulatory	150
chr15	39456143	39456293	EH38D4866359_39456143_39456293	regulatory	150
chr15	97068951	97069101	EH38D4909699_97068926_97069101	regulatory	150
chr15	72237216	72237366	EH38D2807843_72237216_72237366	regulatory	150
chr15	34513463	34513613	EH38D4863891_34513463_34513613	regulatory	150
chr15	22239024	22239174	EH38D4856563_22239024_22239174	regulatory	150
chr15	40350882	40351032	EH38D2779675_40350791_40351141	regulatory	150
chr15	80662932	80663082	EH38D4898410_80662768_80663108	regulatory	150
chr15	70505989	70506139	EH38D4888863_70505989_70506336	regulatory	150
chr15	82068076	82068226	EH38D4899371_82068076_82068256	regulatory	150
chr15	94120567	94120717	EH38D2827303_94120381_94120717	regulatory	150
chr15	70251310	70251460	EH38D4888507_70251310_70251580	regulatory	150
chr15	60300012	60300162	EH38D2795379_60300012_60300162	regulatory	150
chr15	74401131	74401281	EH38D4892150_74401131_74401281	regulatory	150
chr15	40083374	40083524	EH38D4866807_40083219_40083566	regulatory	150
chr15	61828112	61828262	EH38D4880358_61828112_61828375	regulatory	150
chr15	38075985	38076135	EH38D4865534_38075985_38076135	regulatory	150
chr15	79635183	79635333	EH38D4897635_79635183_79635439	regulatory	150
chr15	79979139	79979289	EH38D4897854_79979139_79979334	regulatory	150
chr15	70416629	70416779	EH38D4888721_70416629_70416811	regulatory	150
chr15	70466185	70466335	EH38D4888790_70466185_70466335	regulatory	150
chr15	89982758	89982908	EH38D4904914_89982725_89982908	regulatory	150
chr15	41585588	41585738	EH38D4868466_41585588_41585738	regulatory	150
chr15	61246297	61246447	EH38D2796437_61246297_61246447	regulatory	150
chr15	36334436	36334586	EH38D2776007_36334436_36334586	regulatory	150
chr15	98428720	98428870	EH38D4910311_98428720_98428924	regulatory	150
chr15	63473369	63473518	EH38D4881621_63473369_63473674	regulatory	149
chr15	64841611	64841760	EH38D4882804_64841531_64841881	regulatory	149
chr15	37101378	37101527	EH38D2776766_37101179_37101527	regulatory	149
chr15	62166210	62166359	EH38D2797061_62166027_62166359	regulatory	149
chr15	34828971	34829120	EH38D4864090_34828782_34829120	regulatory	149
chr15	88367497	88367646	EH38D4903150_88367497_88367737	regulatory	149
chr15	22266093	22266242	EH38D4856619_22266093_22266248	regulatory	149
chr15	88546851	88547000	EH38D4903304_88546851_88547057	regulatory	149
chr15	70289892	70290041	EH38D2805847_70289892_70290066	regulatory	149
chr15	44722408	44722557	EH38D4870790_44722363_44722557	regulatory	149
chr15	89086928	89087077	EH38D4903849_89086928_89087179	regulatory	149
chr15	68487714	68487862	EH38D2803804_68487623_68487862	regulatory	148
chr15	43221018	43221166	EH38D2782199_43221003_43221166	regulatory	148
chr15	70133001	70133149	EH38D4888342_70132957_70133149	regulatory	148
chr15	42060807	42060955	EH38D4869056_42060807_42061154	regulatory	148
chr15	74391590	74391738	EH38D4892133_74391590_74391876	regulatory	148
chr15	31261686	31261834	EH38D4861848_31261629_31261834	regulatory	148
chr15	70445483	70445631	EH38D4888763_70445435_70445631	regulatory	148
chr15	98563783	98563931	EH38D4910428_98563783_98564100	regulatory	148
chr15	89974793	89974941	EH38D2823445_89974595_89974941	regulatory	148
chr15	77554377	77554525	EH38D4895221_77554377_77554564	regulatory	148
chr15	95932961	95933109	EH38D2828722_95932762_95933109	regulatory	148
chr15	79646230	79646378	EH38D4897640_79646142_79646378	regulatory	148
chr15	69926224	69926372	EH38D4888075_69926034_69926372	regulatory	148
chr15	68053883	68054031	EH38D4886133_68053849_68054031	regulatory	148
chr15	62105033	62105181	EH38D4880478_62104890_62105181	regulatory	148
chr15	82739154	82739302	EH38D2817578_82739154_82739426	regulatory	148
chr15	101091814	101091962	EH38D2833323_101091612_101091962	regulatory	148
chr15	35069697	35069845	EH38D2775061_35069546_35069845	regulatory	148
chr15	101255274	101255422	EH38D4913096_101255081_101255422	regulatory	148
chr15	71080170	71080318	EH38D2806666_71080170_71080517	regulatory	148
chr15	62137294	62137442	EH38D4880497_62137292_62137442	regulatory	148
chr15	28881393	28881541	EH38D4860181_28881262_28881541	regulatory	148
chr15	66878948	66879096	EH38D4885063_66878778_66879124	regulatory	148
chr15	69997302	69997449	EH38D4888131_69997105_69997449	regulatory	147
chr15	74441726	74441873	EH38D2809893_74441726_74442059	regulatory	147
chr15	75717119	75717266	EH38D4893828_75717119_75717385	regulatory	147
chr15	38074994	38075141	EH38D4865532_38074880_38075141	regulatory	147
chr15	70440614	70440761	EH38D4888751_70440411_70440761	regulatory	147
chr15	84978380	84978527	EH38D4901290_84978380_84978642	regulatory	147
chr15	79959821	79959968	EH38D2815158_79959821_79960024	regulatory	147
chr15	79948299	79948446	EH38D4897804_79948299_79948631	regulatory	147
chr15	53807930	53808077	EH38D2790175_53807930_53808156	regulatory	147
chr15	90152383	90152530	EH38D4905159_90152383_90152596	regulatory	147
chr15	70531770	70531917	EH38D4888900_70531644_70531917	regulatory	147
chr15	82082045	82082192	EH38D4899380_82082008_82082192	regulatory	147
chr15	84654343	84654490	EH38D4900912_84654146_84654490	regulatory	147
chr15	45077566	45077713	EH38D4871011_45077372_45077713	regulatory	147
chr15	100668190	100668337	EH38D2832757_100668047_100668337	regulatory	147
chr15	27714808	27714955	EH38D4859515_27714808_27714967	regulatory	147
chr15	56524418	56524565	EH38D2791840_56524364_56524565	regulatory	147
chr15	73715494	73715641	EH38D2809006_73715494_73715741	regulatory	147
chr15	27731048	27731194	EH38D4859522_27730844_27731194	regulatory	146
chr15	89913217	89913363	EH38D4904850_89913217_89913391	regulatory	146
chr15	85928111	85928257	EH38D4902089_85927907_85928257	regulatory	146
chr15	39579395	39579541	EH38D4866423_39579382_39579541	regulatory	146
chr15	22836401	22836547	EH38D2767472_22836366_22836547	regulatory	146
chr15	89341722	89341868	EH38D4904146_89341722_89341902	regulatory	146
chr15	67933705	67933851	EH38D2803192_67933705_67934018	regulatory	146
chr15	67885013	67885159	EH38D4886008_67885013_67885240	regulatory	146
chr15	89974614	89974760	EH38D2823445_89974595_89974941	regulatory	146
chr15	65422947	65423093	EH38D4883558_65422747_65423093	regulatory	146
chr15	55197380	55197526	EH38D4876222_55197380_55197579	regulatory	146
chr15	66798108	66798254	EH38D2801877_66798040_66798254	regulatory	146
chr15	70289284	70289430	EH38D4888576_70289196_70289533	regulatory	146
chr15	74938200	74938346	EH38D2810419_74937996_74938346	regulatory	146
chr15	71791197	71791343	EH38D2807419_71791176_71791525	regulatory	146
chr15	58585847	58585993	EH38D2793896_58585689_58586035	regulatory	146
chr15	69995297	69995443	EH38D4888128_69995164_69995443	regulatory	146
chr15	99440989	99441135	EH38D4911329_99440978_99441148	regulatory	146
chr15	63857292	63857438	EH38D2798941_63857117_63857438	regulatory	146
chr15	99402370	99402515	EH38D2831612_99402227_99402515	regulatory	145
chr15	75457216	75457361	EH38D4893506_75457216_75457366	regulatory	145
chr15	40893900	40894045	EH38D4867815_40893841_40894045	regulatory	145
chr15	90326519	90326664	EH38D4905390_90326519_90326794	regulatory	145
chr15	99444201	99444346	EH38D2831672_99444201_99444410	regulatory	145
chr15	88402005	88402150	EH38D4903189_88402005_88402341	regulatory	145
chr15	23380461	23380606	EH38D2767707_23380405_23380606	regulatory	145
chr15	23436490	23436635	EH38D4857346_23436490_23436818	regulatory	145
chr15	101620386	101620530	EH38D4913635_101620386_101620618	regulatory	144
chr15	77506820	77506964	EH38D4895141_77506820_77507021	regulatory	144
chr15	63452079	63452223	EH38D2798526_63452008_63452223	regulatory	144
chr15	23736286	23736430	EH38D2767899_23736286_23736635	regulatory	144
chr15	67927137	67927281	EH38D2803184_67927137_67927314	regulatory	144
chr15	92393409	92393553	EH38D4907017_92393237_92393553	regulatory	144
chr15	50808030	50808174	EH38D2787832_50807894_50808174	regulatory	144
chr15	96983921	96984065	EH38D4909664_96983921_96984122	regulatory	144
chr15	89912952	89913096	EH38D4904849_89912750_89913096	regulatory	144
chr15	52112835	52112979	EH38D4874833_52112807_52113074	regulatory	144
chr15	63072727	63072871	EH38D4881261_63072727_63073018	regulatory	144
chr15	85253742	85253886	EH38D4901465_85253680_85253886	regulatory	144
chr15	40583319	40583462	EH38D4867486_40583319_40583502	regulatory	143
chr15	63040551	63040694	EH38D4881208_63040551_63040892	regulatory	143
chr15	75175634	75175777	EH38D4893144_75175604_75175951	regulatory	143
chr15	74761945	74762088	EH38D2810197_74761945_74762269	regulatory	143
chr15	88697508	88697651	EH38D2822178_88697431_88697651	regulatory	143
chr15	92393237	92393380	EH38D4907017_92393237_92393553	regulatory	143
chr15	61831416	61831559	EH38D4880362_61831416_61831766	regulatory	143
chr15	39571094	39571237	EH38D2778738_39571094_39571351	regulatory	143
chr15	62973022	62973165	EH38D4881152_62972845_62973184	regulatory	143
chr15	63479600	63479743	EH38D4881630_63479600_63479947	regulatory	143
chr15	92393646	92393788	EH38D4907018_92393646_92393991	regulatory	142
chr15	92819397	92819539	EH38D2826184_92819397_92819573	regulatory	142
chr15	55994630	55994772	EH38D4876669_55994630_55994973	regulatory	142
chr15	70491180	70491322	EH38D2806119_70491180_70491385	regulatory	142
chr15	80778804	80778946	EH38D4898490_80778746_80778946	regulatory	142
chr15	68019831	68019973	EH38D2803270_68019831_68020131	regulatory	142
chr15	87729079	87729221	EH38D4902748_87729015_87729359	regulatory	142
chr15	50826058	50826200	EH38D4873917_50825973_50826318	regulatory	142
chr15	34515374	34515516	EH38D2774647_34515261_34515516	regulatory	142
chr15	52106675	52106817	EH38D4874822_52106675_52106991	regulatory	142
chr15	69143684	69143825	EH38D2804538_69143684_69144025	regulatory	141
chr15	63083085	63083226	EH38D2798086_63083085_63083432	regulatory	141
chr15	57328541	57328682	EH38D4877389_57328541_57328815	regulatory	141
chr15	44810366	44810507	EH38D4870851_44810277_44810507	regulatory	141
chr15	31254742	31254883	EH38D4861837_31254565_31254883	regulatory	141
chr15	89448948	89449089	EH38D2822950_89448948_89449270	regulatory	141
chr15	66802077	66802218	EH38D4884932_66802000_66802350	regulatory	141
chr15	75460867	75461008	EH38D4893511_75460708_75461008	regulatory	141
chr15	45077372	45077513	EH38D4871011_45077372_45077713	regulatory	141
chr15	88918801	88918942	EH38D4903700_88918801_88919148	regulatory	141
chr15	79514154	79514295	EH38D4897572_79513966_79514295	regulatory	141
chr15	25643360	25643501	EH38D2768697_25643155_25643501	regulatory	141
chr15	40949276	40949417	EH38D4867917_40949241_40949417	regulatory	141
chr15	95638075	95638216	EH38D4908933_95638075_95638334	regulatory	141
chr15	79091010	79091150	EH38D4897295_79090994_79091150	regulatory	140
chr15	70596603	70596743	EH38D2806259_70596418_70596743	regulatory	140
chr15	40974993	40975133	EH38D4867957_40974993_40975234	regulatory	140
chr15	73046388	73046528	EH38D4890645_73046388_73046734	regulatory	140
chr15	62223590	62223730	EH38D4880549_62223590_62223756	regulatory	140
chr15	63089753	63089893	EH38D2798096_63089753_63089912	regulatory	140
chr15	51622924	51623064	EH38D2788512_51622716_51623064	regulatory	140
chr15	70286487	70286627	EH38D4888572_70286487_70286639	regulatory	140
chr15	66850885	66851025	EH38D4885019_66850873_66851103	regulatory	140
chr15	88987882	88988022	EH38D4903750_88987776_88988022	regulatory	140
chr15	57354679	57354819	EH38D4877418_57354478_57354819	regulatory	140
chr15	34122946	34123086	EH38D4863660_34122745_34123086	regulatory	140
chr15	90519822	90519962	EH38D4905570_90519723_90520056	regulatory	140
chr15	40113442	40113582	EH38D4866874_40113381_40113593	regulatory	140
chr15	97930377	97930517	EH38D2830206_97930280_97930518	regulatory	140
chr15	29674792	29674931	EH38D4860936_29674706_29675054	regulatory	139
chr15	89458693	89458832	EH38D4904294_89458552_89458882	regulatory	139
chr15	39430635	39430774	EH38D4866341_39430486_39430774	regulatory	139
chr15	71085987	71086126	EH38D2806672_71085786_71086126	regulatory	139
chr15	91043579	91043718	EH38D2824562_91043551_91043718	regulatory	139
chr15	75815132	75815271	EH38D4893966_75815056_75815271	regulatory	139
chr15	48968314	48968453	EH38D2786433_48968122_48968453	regulatory	139
chr15	88705858	88705997	EH38D4903487_88705857_88706058	regulatory	139
chr15	75827958	75828097	EH38D2811296_75827748_75828097	regulatory	139
chr15	91808397	91808536	EH38D4906599_91808397_91808703	regulatory	139
chr15	23080673	23080812	EH38D4857208_23080673_23080946	regulatory	139
chr15	70122438	70122577	EH38D2805608_70122438_70122657	regulatory	139
chr15	87268001	87268140	EH38D2820998_87267791_87268140	regulatory	139
chr15	74400371	74400510	EH38D4892147_74400371_74400540	regulatory	139
chr15	99251223	99251361	EH38D4911127_99251148_99251498	regulatory	138
chr15	70182119	70182257	EH38D4888414_70181907_70182257	regulatory	138
chr15	70508147	70508285	EH38D2806149_70507941_70508285	regulatory	138
chr15	101170821	101170959	EH38D2833440_101170679_101170959	regulatory	138
chr15	40945050	40945188	EH38D2780282_40944958_40945250	regulatory	138
chr15	70569578	70569716	EH38D4888944_70569562_70569716	regulatory	138
chr15	86041215	86041353	EH38D4902140_86041215_86041380	regulatory	138
chr15	62888149	62888287	EH38D2797805_62888092_62888316	regulatory	138
chr15	77974050	77974188	EH38D4895885_77974050_77974390	regulatory	138
chr15	48060422	48060560	EH38D4872435_48060422_48060753	regulatory	138
chr15	36818459	36818597	EH38D4864973_36818357_36818704	regulatory	138
chr15	42121854	42121992	EH38D4869149_42121719_42122069	regulatory	138
chr15	68489557	68489695	EH38D2803807_68489557_68489743	regulatory	138
chr15	78348225	78348363	EH38D4896452_78348181_78348530	regulatory	138
chr15	34515118	34515256	EH38D4863894_34514911_34515256	regulatory	138
chr15	89449132	89449270	EH38D2822950_89448948_89449270	regulatory	138
chr15	88895597	88895735	EH38D4903658_88895389_88895735	regulatory	138
chr15	79771031	79771169	EH38D2814992_79771031_79771232	regulatory	138
chr15	57902245	57902383	EH38D2793206_57902245_57902508	regulatory	138
chr15	91369883	91370021	EH38D4906383_91369883_91370198	regulatory	138
chr15	70247395	70247533	EH38D4888501_70247336_70247533	regulatory	138
chr15	77568755	77568893	EH38D4895239_77568603_77568893	regulatory	138
chr15	41774295	41774433	EH38D2780917_41774295_41774645	regulatory	138
chr15	38251560	38251697	EH38D4865640_38251523_38251740	regulatory	137
chr15	101165134	101165271	EH38D4912990_101165126_101165304	regulatory	137
chr15	22222665	22222802	EH38D4856526_22222665_22222976	regulatory	137
chr15	79981962	79982099	EH38D4897856_79981756_79982099	regulatory	137
chr15	73791483	73791620	EH38D2809086_73791293_73791620	regulatory	137
chr15	95627509	95627646	EH38D2828455_95627509_95627670	regulatory	137
chr15	63497061	63497198	EH38D4881652_63497061_63497410	regulatory	137
chr15	80611675	80611812	EH38D2815799_80611675_80611836	regulatory	137
chr15	60337270	60337407	EH38D4879460_60337113_60337407	regulatory	137
chr15	42737181	42737318	EH38D4869606_42736970_42737318	regulatory	137
chr15	40569161	40569298	EH38D4867479_40569161_40569445	regulatory	137
chr15	20295001	20295138	EH38D4856113_20294795_20295138	regulatory	137
chr15	88656789	88656926	EH38D4903434_88656789_88657135	regulatory	137
chr15	78306891	78307028	EH38D4896390_78306891_78307139	regulatory	137
chr15	76347767	76347903	EH38D2811776_76347767_76348066	regulatory	136
chr15	40478121	40478257	EH38D4867395_40477909_40478257	regulatory	136
chr15	23498288	23498424	EH38D4857383_23498288_23498540	regulatory	136
chr15	72605008	72605144	EH38D2808098_72604799_72605144	regulatory	136
chr15	85154186	85154322	EH38D2819277_85154183_85154354	regulatory	136
chr15	41116378	41116514	EH38D4868026_41116378_41116716	regulatory	136
chr15	100681520	100681656	EH38D2832770_100681520_100681794	regulatory	136
chr15	31257479	31257615	EH38D2772307_31257365_31257615	regulatory	136
chr15	31261293	31261429	EH38D4861847_31261187_31261455	regulatory	136
chr15	78418427	78418563	EH38D2813875_78418427_78418628	regulatory	136
chr15	75152706	75152842	EH38D4893113_75152706_75153011	regulatory	136
chr15	23303912	23304048	EH38D4857251_23303705_23304048	regulatory	136
chr15	23303705	23303841	EH38D4857251_23303705_23304048	regulatory	136
chr15	90897184	90897320	EH38D4906006_90897161_90897505	regulatory	136
chr15	28457783	28457919	EH38D4860020_28457719_28457919	regulatory	136
chr15	31307976	31308112	EH38D4861938_31307976_31308238	regulatory	136
chr15	57330810	57330946	EH38D4877393_57330704_57331002	regulatory	136
chr15	51829491	51829627	EH38D4874619_51829491_51829815	regulatory	136
chr15	23449701	23449836	EH38D2767747_23449626_23449836	regulatory	135
chr15	69451497	69451632	EH38D2804805_69451424_69451632	regulatory	135
chr15	74768449	74768584	EH38D4892587_74768391_74768585	regulatory	135
chr15	85794925	85795060	EH38D4901995_85794818_85795168	regulatory	135
chr15	23369174	23369309	EH38D4857274_23369174_23369500	regulatory	135
chr15	99733590	99733725	EH38D4911594_99733379_99733725	regulatory	135
chr15	22224461	22224596	EH38D4856529_22224251_22224596	regulatory	135
chr15	73368958	73369093	EH38D4890889_73368744_73369093	regulatory	135
chr15	36312465	36312600	EH38D2775995_36312465_36312622	regulatory	135
chr15	61250849	61250984	EH38D2796441_61250797_61250984	regulatory	135
chr15	56043306	56043441	EH38D2791526_56043306_56043649	regulatory	135
chr15	40861292	40861427	EH38D4867779_40861284_40861444	regulatory	135
chr15	89428455	89428590	EH38D2822924_89428339_89428590	regulatory	135
chr15	91783936	91784071	EH38D2825163_91783936_91784207	regulatory	135
chr15	70195139	70195274	EH38D4888438_70195139_70195368	regulatory	135
chr15	40087708	40087843	EH38D4866815_40087666_40087843	regulatory	135
chr15	99564974	99565109	EH38D4911475_99564764_99565109	regulatory	135
chr15	70437261	70437396	EH38D2806043_70437093_70437396	regulatory	135
chr15	72739885	72740020	EH38D4890447_72739844_72740020	regulatory	135
chr15	88707998	88708133	EH38D2822193_88707876_88708133	regulatory	135
chr15	77543683	77543818	EH38D4895201_77543667_77543818	regulatory	135
chr15	55775356	55775490	EH38D4876559_55775356_55775705	regulatory	134
chr15	34343180	34343314	EH38D4863791_34343064_34343359	regulatory	134
chr15	74336481	74336615	EH38D2809708_74336481_74336680	regulatory	134
chr15	43221506	43221640	EH38D2782201_43221506_43221704	regulatory	134
chr15	40566109	40566243	EH38D2779916_40566109_40566259	regulatory	134
chr15	44664896	44665030	EH38D4870728_44664773_44665030	regulatory	134
chr15	89958429	89958563	EH38D4904890_89958429_89958647	regulatory	134
chr15	65084565	65084699	EH38D4883109_65084565_65084899	regulatory	134
chr15	64810376	64810510	EH38D2799859_64810276_64810510	regulatory	134
chr15	40395522	40395656	EH38D4867256_40395522_40395851	regulatory	134
chr15	68559075	68559209	EH38D2803877_68559020_68559209	regulatory	134
chr15	88690970	88691104	EH38D4903472_88690882_88691104	regulatory	134
chr15	63083694	63083828	EH38D2798087_63083694_63083872	regulatory	134
chr15	37246737	37246871	EH38D4865202_37246616_37246871	regulatory	134
chr15	48400147	48400281	EH38D2785863_48400147_48400496	regulatory	134
chr15	76967621	76967754	EH38D4894694_76967582_76967754	regulatory	133
chr15	72398168	72398301	EH38D4890276_72398168_72398334	regulatory	133
chr15	74807466	74807599	EH38D2810276_74807347_74807599	regulatory	133
chr15	88334454	88334587	EH38D2821856_88334454_88334804	regulatory	133
chr15	85871559	85871692	EH38D4902064_85871559_85871908	regulatory	133
chr15	89358707	89358840	EH38D4904170_89358707_89358966	regulatory	133
chr15	56059809	56059942	EH38D2791542_56059809_56060030	regulatory	133
chr15	80778147	80778280	EH38D4898489_80778147_80778492	regulatory	133
chr15	65089383	65089516	EH38D2800168_65089206_65089516	regulatory	133
chr15	40125162	40125295	EH38D4866894_40125162_40125410	regulatory	133
chr15	64811831	64811964	EH38D4882766_64811670_64811977	regulatory	133
chr15	52980656	52980789	EH38D4875455_52980498_52980789	regulatory	133
chr15	99503157	99503290	EH38D2831747_99503157_99503325	regulatory	133
chr15	85330352	85330485	EH38D4901538_85330167_85330485	regulatory	133
chr15	54839647	54839780	EH38D4876098_54839438_54839780	regulatory	133
chr15	20294795	20294928	EH38D4856113_20294795_20295138	regulatory	133
chr15	99733955	99734088	EH38D4911595_99733955_99734161	regulatory	133
chr15	64147135	64147267	EH38D4882232_64146918_64147267	regulatory	132
chr15	79114949	79115081	EH38D2814525_79114878_79115228	regulatory	132
chr15	101961408	101961540	EH38D4913796_101961343_101961540	regulatory	132
chr15	89755955	89756087	EH38D4904603_89755741_89756087	regulatory	132
chr15	85802771	85802903	EH38D4902006_85802771_85802943	regulatory	132
chr15	98422090	98422222	EH38D4910301_98422090_98422325	regulatory	132
chr15	70199011	70199143	EH38D2805722_70198806_70199143	regulatory	132
chr15	77503432	77503564	EH38D4895133_77503333_77503564	regulatory	132
chr15	60128457	60128589	EH38D2795253_60128362_60128589	regulatory	132
chr15	39427833	39427965	EH38D2778586_39427833_39428022	regulatory	132
chr15	44267703	44267835	EH38D2782897_44267551_44267835	regulatory	132
chr15	72816040	72816172	EH38D2808240_72815837_72816172	regulatory	132
chr15	98548584	98548716	EH38D4910406_98548584_98548928	regulatory	132
chr15	73388633	73388765	EH38D4890917_73388416_73388765	regulatory	132
chr15	84883607	84883739	EH38D4901182_84883518_84883780	regulatory	132
chr15	63090953	63091084	EH38D4881281_63090953_63091242	regulatory	131
chr15	19972650	19972781	EH38D4855889_19972650_19972984	regulatory	131
chr15	69064413	69064544	EH38D4887250_69064316_69064552	regulatory	131
chr15	69974357	69974488	EH38D2805397_69974357_69974701	regulatory	131
chr15	95869971	95870102	EH38D4909038_95869942_95870102	regulatory	131
chr15	87725138	87725269	EH38D4902745_87724926_87725269	regulatory	131
chr15	90929836	90929967	EH38D4906071_90929836_90930048	regulatory	131
chr15	75713652	75713783	EH38D4893822_75713632_75713783	regulatory	131
chr15	64781378	64781509	EH38D4882748_64781375_64781688	regulatory	131
chr15	73813186	73813317	EH38D2809111_73813186_73813536	regulatory	131
chr15	45993728	45993859	EH38D2784170_45993544_45993859	regulatory	131
chr15	95601849	95601979	EH38D2828427_95601820_95602018	regulatory	130
chr15	77084609	77084739	EH38D4894900_77084517_77084759	regulatory	130
chr15	82047009	82047139	EH38D2817104_82047009_82047359	regulatory	130
chr15	57343794	57343924	EH38D2792601_57343794_57343995	regulatory	130
chr15	40347653	40347783	EH38D4867177_40347653_40347865	regulatory	130
chr15	62900222	62900352	EH38D2797823_62900173_62900352	regulatory	130
chr15	55799381	55799511	EH38D2791331_55799381_55799550	regulatory	130
chr15	45004131	45004261	EH38D2783377_45004131_45004311	regulatory	130
chr15	61812549	61812679	EH38D4880349_61812504_61812679	regulatory	130
chr15	81000792	81000922	EH38D4898729_81000792_81001142	regulatory	130
chr15	52537075	52537205	EH38D2789379_52537039_52537284	regulatory	130
chr15	34975321	34975450	EH38D4864153_34975221_34975450	regulatory	129
chr15	22249541	22249670	EH38D4856584_22249541_22249873	regulatory	129
chr15	95879776	95879905	EH38D4909047_95879693_95879905	regulatory	129
chr15	69909930	69910059	EH38D2805331_69909772_69910059	regulatory	129
chr15	42137815	42137944	EH38D2781377_42137815_42137973	regulatory	129
chr15	97881634	97881763	EH38D4909972_97881634_97881913	regulatory	129
chr15	65423955	65424084	EH38D4883560_65423916_65424217	regulatory	129
chr15	69958001	69958130	EH38D4888097_69958001_69958202	regulatory	129
chr15	97890897	97891026	EH38D2830169_97890897_97891059	regulatory	129
chr15	89972213	89972342	EH38D4904901_89972104_89972441	regulatory	129
chr15	69878759	69878888	EH38D4888029_69878759_69878927	regulatory	129
chr15	62088099	62088228	EH38D4880470_62088099_62088288	regulatory	129
chr15	101252048	101252177	EH38D4913091_101251834_101252177	regulatory	129
chr15	40114418	40114547	EH38D0627440_40114297_40114547	regulatory	129
chr15	71079091	71079220	EH38D2806663_71079091_71079296	regulatory	129
chr15	23861135	23861264	EH38D4857524_23860956_23861264	regulatory	129
chr15	48679938	48680067	EH38D2786177_48679938_48680288	regulatory	129
chr15	85828362	85828491	EH38D2820012_85828144_85828494	regulatory	129
chr15	77420282	77420411	EH38D4895076_77420188_77420538	regulatory	129
chr15	31280723	31280852	EH38D4861896_31280723_31281059	regulatory	129
chr15	76343299	76343428	EH38D4894400_76343299_76343530	regulatory	129
chr15	59764898	59765026	EH38D2794937_59764898_59765062	regulatory	128
chr15	89498484	89498612	EH38D2822999_89498263_89498612	regulatory	128
chr15	63387788	63387916	EH38D4881547_63387788_63388130	regulatory	128
chr15	23420297	23420425	EH38D4857327_23420099_23420425	regulatory	128
chr15	76335168	76335296	EH38D4894375_76335168_76335513	regulatory	128
chr15	31303451	31303579	EH38D2772385_31303231_31303579	regulatory	128
chr15	68545073	68545201	EH38D4886679_68544992_68545201	regulatory	128
chr15	60315507	60315635	EH38D4879443_60315402_60315635	regulatory	128
chr15	82032137	82032265	EH38D4899335_82031915_82032265	regulatory	128
chr15	52530117	52530245	EH38D4875188_52530115_52530265	regulatory	128
chr15	69920862	69920990	EH38D4888071_69920862_69921115	regulatory	128
chr15	36833171	36833299	EH38D4864979_36833171_36833411	regulatory	128
chr15	40087433	40087561	EH38D4866814_40087433_40087605	regulatory	128
chr15	37824241	37824369	EH38D2777138_37824073_37824369	regulatory	128
chr15	57792953	57793081	EH38D2793119_57792843_57793081	regulatory	128
chr15	44723573	44723701	EH38D4870793_44723573_44723790	regulatory	128
chr15	34488744	34488872	EH38D4863875_34488744_34488917	regulatory	128
chr15	71071351	71071479	EH38D2806659_71071172_71071519	regulatory	128
chr15	75182972	75183099	EH38D4893157_75182841_75183099	regulatory	127
chr15	37339579	37339706	EH38D2776908_37339535_37339706	regulatory	127
chr15	96347035	96347162	EH38D2829172_96347035_96347193	regulatory	127
chr15	70436610	70436737	EH38D4888746_70436492_70436737	regulatory	127
chr15	51681364	51681491	EH38D4874534_51681364_51681713	regulatory	127
chr15	90863436	90863563	EH38D2824370_90863436_90863741	regulatory	127
chr15	33279845	33279972	EH38D2773715_33279845_33280180	regulatory	127
chr15	70506209	70506336	EH38D4888863_70505989_70506336	regulatory	127
chr15	66833956	66834083	EH38D4884980_66833919_66834083	regulatory	127
chr15	63859507	63859634	EH38D2798946_63859448_63859634	regulatory	127
chr15	29674566	29674693	EH38D4860935_29674388_29674697	regulatory	127
chr15	84875390	84875517	EH38D2819014_84875389_84875734	regulatory	127
chr15	73791293	73791420	EH38D2809086_73791293_73791620	regulatory	127
chr15	88795066	88795193	EH38D4903561_88795066_88795346	regulatory	127
chr15	70133801	70133927	EH38D2805620_70133801_70134144	regulatory	126
chr15	74402113	74402239	EH38D2809821_74402113_74402264	regulatory	126
chr15	44728636	44728762	EH38D4870801_44728557_44728762	regulatory	126
chr15	36579054	36579180	EH38D4864819_36579018_36579180	regulatory	126
chr15	94747104	94747230	EH38D2827786_94747104_94747344	regulatory	126
chr15	74048105	74048231	EH38D4891606_74048105_74048310	regulatory	126
chr15	45704104	45704230	EH38D2783986_45704061_45704230	regulatory	126
chr15	51680393	51680519	EH38D2788553_51680345_51680519	regulatory	126
chr15	96767922	96768048	EH38D4909572_96767698_96768048	regulatory	126
chr15	22264714	22264840	EH38D4856616_22264714_22264880	regulatory	126
chr15	68441730	68441856	EH38D4886595_68441730_68441965	regulatory	126
chr15	38408744	38408869	EH38D4865732_38408693_38408869	regulatory	125
chr15	47048188	47048313	EH38D2784715_47048188_47048512	regulatory	125
chr15	52306300	52306425	EH38D2789174_52306300_52306648	regulatory	125
chr15	82808144	82808269	EH38D4899916_82808018_82808269	regulatory	125
chr15	46266734	46266859	EH38D2784293_46266734_46267039	regulatory	125
chr15	73865512	73865637	EH38D4891295_73865512_73865761	regulatory	125
chr15	88982605	88982730	EH38D4903744_88982380_88982730	regulatory	125
chr15	82286660	82286785	EH38D2817314_82286472_82286785	regulatory	125
chr15	55825510	55825635	EH38D4876581_55825356_55825635	regulatory	125
chr15	49076049	49076174	EH38D2786530_49075974_49076280	regulatory	125
chr15	75842767	75842892	EH38D4893993_75842767_75843054	regulatory	125
chr15	78951418	78951543	EH38D4897093_78951418_78951720	regulatory	125
chr15	29670665	29670790	EH38D4860931_29670631_29670790	regulatory	125
chr15	78374460	78374585	EH38D4896482_78374291_78374627	regulatory	125
chr15	45224074	45224199	EH38D2783604_45223914_45224199	regulatory	125
chr15	70386409	70386533	EH38D4888682_70386409_70386567	regulatory	124
chr15	20021210	20021334	EH38D4855918_20021210_20021504	regulatory	124
chr15	89496589	89496713	EH38D4904357_89496560_89496713	regulatory	124
chr15	95584313	95584437	EH38D2828407_95584119_95584437	regulatory	124
chr15	77534110	77534234	EH38D2812797_77533886_77534234	regulatory	124
chr15	63452624	63452748	EH38D4881600_63452536_63452748	regulatory	124
chr15	90821010	90821134	EH38D4905881_90821010_90821208	regulatory	124
chr15	74775473	74775597	EH38D4892604_74775414_74775597	regulatory	124
chr15	101137482	101137606	EH38D4912934_101137482_101137637	regulatory	124
chr15	78540280	78540404	EH38D4896612_78540280_78540567	regulatory	124
chr15	100707299	100707422	EH38D2832801_100707299_100707646	regulatory	123
chr15	80188437	80188560	EH38D2815397_80188210_80188560	regulatory	123
chr15	78306552	78306675	EH38D4896389_78306498_78306675	regulatory	123
chr15	63003909	63004032	EH38D2797939_63003909_63004099	regulatory	123
chr15	62947413	62947536	EH38D4881130_62947326_62947536	regulatory	123
chr15	81157849	81157972	EH38D4898837_81157849_81158185	regulatory	123
chr15	85891511	85891634	EH38D4902077_85891343_85891634	regulatory	123
chr15	101255837	101255960	EH38D4913097_101255610_101255960	regulatory	123
chr15	98567582	98567704	EH38D4910432_98567582_98567748	regulatory	122
chr15	31300208	31300330	EH38D4861923_31300208_31300555	regulatory	122
chr15	89937005	89937127	EH38D2823420_89936974_89937127	regulatory	122
chr15	61759726	61759848	EH38D4880325_61759726_61759956	regulatory	122
chr15	70320082	70320204	EH38D2805890_70320082_70320352	regulatory	122
chr15	37131847	37131969	EH38D2776807_37131707_37131969	regulatory	122
chr15	94672373	94672495	EH38D4908547_94672373_94672711	regulatory	122
chr15	70172842	70172964	EH38D2805683_70172656_70172964	regulatory	122
chr15	78913272	78913394	EH38D4897027_78913044_78913394	regulatory	122
chr15	70265289	70265411	EH38D4888537_70265247_70265411	regulatory	122
chr15	70016013	70016135	EH38D4888157_70016013_70016248	regulatory	122
chr15	47048049	47048171	EH38D2784714_47047892_47048171	regulatory	122
chr15	101137708	101137830	EH38D4912935_101137639_101137830	regulatory	122
chr15	82063042	82063164	EH38D2817125_82063042_82063377	regulatory	122
chr15	76336024	76336146	EH38D4894377_76335921_76336146	regulatory	122
chr15	85357808	85357930	EH38D4901572_85357756_85357930	regulatory	122
chr15	72155459	72155581	EH38D4890006_72155237_72155581	regulatory	122
chr15	70355441	70355562	EH38D4888637_70355381_70355562	regulatory	121
chr15	35874244	35874365	EH38D2775714_35874244_35874590	regulatory	121
chr15	40870908	40871029	EH38D4867791_40870859_40871086	regulatory	121
chr15	70278697	70278818	EH38D4888559_70278661_70278946	regulatory	121
chr15	88402964	88403085	EH38D2821918_88402911_88403147	regulatory	121
chr15	77497710	77497831	EH38D4895128_77497691_77497884	regulatory	121
chr15	45587092	45587213	EH38D4871492_45587092_45587442	regulatory	121
chr15	101091612	101091733	EH38D2833323_101091612_101091962	regulatory	121
chr15	70181487	70181608	EH38D2805691_70181375_70181650	regulatory	121
chr15	34338060	34338181	EH38D4863785_34337839_34338181	regulatory	121
chr15	95557946	95558067	EH38D4908893_95557946_95558106	regulatory	121
chr15	39933378	39933499	EH38D2779148_39933378_39933557	regulatory	121
chr15	39431626	39431747	EH38D4866342_39431405_39431747	regulatory	121
chr15	96586246	96586367	EH38D2829399_96586031_96586367	regulatory	121
chr15	56538918	56539039	EH38D2791860_56538918_56539184	regulatory	121
chr15	74050342	74050463	EH38D2809397_74050138_74050463	regulatory	121
chr15	94175531	94175652	EH38D2827341_94175531_94175778	regulatory	121
chr15	62279260	62279381	EH38D2797133_62279080_62279381	regulatory	121
chr15	40114577	40114697	EH38D4866876_40114577_40114883	regulatory	120
chr15	69457820	69457940	EH38D2804820_69457820_69458141	regulatory	120
chr15	68054052	68054172	EH38D4886134_68054052_68054402	regulatory	120
chr15	69456244	69456364	EH38D2804816_69456244_69456558	regulatory	120
chr15	42156636	42156756	EH38D4869211_42156412_42156756	regulatory	120
chr15	89783181	89783301	EH38D4904655_89783087_89783419	regulatory	120
chr15	35068053	35068173	EH38D4864203_35068053_35068265	regulatory	120
chr15	59549002	59549122	EH38D4879033_59549002_59549183	regulatory	120
chr15	88800276	88800396	EH38D4903567_88800069_88800407	regulatory	120
chr15	99476769	99476889	EH38D4911384_99476539_99476889	regulatory	120
chr15	92391906	92392026	EH38D4907013_92391692_92392026	regulatory	120
chr15	49103264	49103384	EH38D2786558_49103034_49103384	regulatory	120
chr15	99562387	99562507	EH38D4911472_99562255_99562597	regulatory	120
chr15	62113116	62113236	EH38D4880482_62112889_62113236	regulatory	120
chr15	44812232	44812351	EH38D2783272_44812011_44812351	regulatory	119
chr15	44288599	44288718	EH38D4870515_44288513_44288862	regulatory	119
chr15	23648126	23648245	EH38D4857456_23648082_23648245	regulatory	119
chr15	70141984	70142103	EH38D4888354_70141956_70142184	regulatory	119
chr15	42099943	42100062	EH38D4869124_42099943_42100293	regulatory	119
chr15	99452786	99452905	EH38D4911356_99452786_99453133	regulatory	119
chr15	94119278	94119397	EH38D2827300_94119278_94119613	regulatory	119
chr15	76930897	76931016	EH38D4894675_76930897_76931115	regulatory	119
chr15	72837570	72837689	EH38D4890535_72837570_72837895	regulatory	119
chr15	34126058	34126177	EH38D2774405_34126058_34126239	regulatory	119
chr15	30195689	30195808	EH38D4861264_30195611_30195867	regulatory	119
chr15	34646435	34646554	EH38D4863965_34646337_34646554	regulatory	119
chr15	40879790	40879909	EH38D4867806_40879649_40879997	regulatory	119
chr15	62299049	62299168	EH38D4880613_62298820_62299168	regulatory	119
chr15	76931618	76931737	EH38D2812154_76931442_76931792	regulatory	119
chr15	75903756	75903875	EH38D4894028_75903710_75904060	regulatory	119
chr15	23422218	23422337	EH38D4857332_23422137_23422477	regulatory	119
chr15	54804219	54804338	EH38D2790716_54803992_54804338	regulatory	119
chr15	36844548	36844667	EH38D2776451_36844548_36844887	regulatory	119
chr15	23549959	23550078	EH38D2767800_23549921_23550078	regulatory	119
chr15	73376072	73376191	EH38D4890903_73375990_73376191	regulatory	119
chr15	76931257	76931375	EH38D4894676_76931182_76931375	regulatory	118
chr15	79106116	79106234	EH38D4897312_79105952_79106259	regulatory	118
chr15	26104193	26104311	EH38D2769154_26104150_26104473	regulatory	118
chr15	47047892	47048010	EH38D2784714_47047892_47048171	regulatory	118
chr15	67198527	67198645	EH38D4885523_67198311_67198645	regulatory	118
chr15	88569310	88569428	EH38D4903317_88569310_88569619	regulatory	118
chr15	88709967	88710085	EH38D2822197_88709884_88710085	regulatory	118
chr15	74775073	74775191	EH38D4892603_74775073_74775364	regulatory	118
chr15	40309030	40309148	EH38D2779600_40308813_40309148	regulatory	118
chr15	36312272	36312390	EH38D2775994_36312222_36312390	regulatory	118
chr15	97881795	97881913	EH38D4909972_97881634_97881913	regulatory	118
chr15	45428527	45428645	EH38D4871367_45428527_45428872	regulatory	118
chr15	85858580	85858698	EH38D4902052_85858580_85858763	regulatory	118
chr15	69852484	69852602	EH38D4888008_69852484_69852832	regulatory	118
chr15	48360871	48360988	EH38D2785820_48360871_48361217	regulatory	117
chr15	38430009	38430126	EH38D2777605_38429924_38430253	regulatory	117
chr15	41487659	41487776	EH38D2780674_41487578_41487776	regulatory	117
chr15	49062013	49062130	EH38D4872975_49062013_49062214	regulatory	117
chr15	99502379	99502496	EH38D4911425_99502194_99502496	regulatory	117
chr15	64723278	64723395	EH38D2799770_64723265_64723568	regulatory	117
chr15	88990245	88990362	EH38D4903754_88990143_88990362	regulatory	117
chr15	90924877	90924994	EH38D4906066_90924762_90925065	regulatory	117
chr15	70792137	70792254	EH38D4889110_70792137_70792469	regulatory	117
chr15	69298795	69298911	EH38D4887412_69298747_69299031	regulatory	116
chr15	44823099	44823215	EH38D4870864_44822968_44823215	regulatory	116
chr15	92366262	92366378	EH38D4907002_92366262_92366522	regulatory	116
chr15	62145137	62145253	EH38D2797040_62145137_62145288	regulatory	116
chr15	76992338	76992454	EH38D2812220_76992338_76992536	regulatory	116
chr15	66567246	66567362	EH38D4884587_66567014_66567362	regulatory	116
chr15	70270651	70270767	EH38D2805825_70270417_70270767	regulatory	116
chr15	31237141	31237257	EH38D2772287_31237023_31237257	regulatory	116
chr15	42158356	42158472	EH38D0629304_42158356_42158678	regulatory	116
chr15	57563469	57563585	EH38D2792882_57563469_57563781	regulatory	116
chr15	74401008	74401124	EH38D4892149_74400928_74401124	regulatory	116
chr15	57819857	57819973	EH38D2793135_57819777_57819973	regulatory	116
chr15	90866643	90866759	EH38D4905941_90866643_90866854	regulatory	116
chr15	81000061	81000177	EH38D4898727_81000061_81000371	regulatory	116
chr15	40437828	40437943	EH38D4867318_40437595_40437943	regulatory	115
chr15	70529059	70529174	EH38D4888893_70529059_70529279	regulatory	115
chr15	23436703	23436818	EH38D4857346_23436490_23436818	regulatory	115
chr15	59979502	59979617	EH38D4879265_59979330_59979617	regulatory	115
chr15	100668047	100668162	EH38D2832757_100668047_100668337	regulatory	115
chr15	39579640	39579755	EH38D2778746_39579548_39579755	regulatory	115
chr15	64829136	64829251	EH38D4882791_64829080_64829333	regulatory	115
chr15	23896414	23896529	EH38D4857537_23896250_23896529	regulatory	115
chr15	89754575	89754690	EH38D4904600_89754431_89754690	regulatory	115
chr15	70653425	70653540	EH38D2806313_70653425_70653731	regulatory	115
chr15	27697597	27697712	EH38D4859500_27697559_27697712	regulatory	115
chr15	67198031	67198146	EH38D2802471_67197876_67198146	regulatory	115
chr15	88349036	88349151	EH38D4903142_88348808_88349151	regulatory	115
chr15	29570995	29571110	EH38D4860875_29570995_29571345	regulatory	115
chr15	52980498	52980613	EH38D4875455_52980498_52980789	regulatory	115
chr15	87287424	87287539	EH38D2821003_87287189_87287539	regulatory	115
chr15	74378413	74378527	EH38D4892101_74378400_74378750	regulatory	114
chr15	63504306	63504420	EH38D4881665_63504306_63504655	regulatory	114
chr15	94677432	94677546	EH38D2827734_94677432_94677728	regulatory	114
chr15	101086938	101087052	EH38D4912859_101086938_101087278	regulatory	114
chr15	65304562	65304676	EH38D4883351_65304562_65304766	regulatory	114
chr15	31443702	31443816	EH38D2772592_31443579_31443832	regulatory	114
chr15	71085786	71085900	EH38D2806672_71085786_71086126	regulatory	114
chr15	48966855	48966969	EH38D4872910_48966620_48966969	regulatory	114
chr15	66805318	66805432	EH38D4884938_66805173_66805432	regulatory	114
chr15	45429437	45429551	EH38D4871368_45429333_45429551	regulatory	114
chr15	99954852	99954966	EH38D4911705_99954852_99955012	regulatory	114
chr15	67926584	67926698	EH38D2803183_67926567_67926910	regulatory	114
chr15	57372943	57373057	EH38D2792636_57372853_57373057	regulatory	114
chr15	26082808	26082922	EH38D2769120_26082808_26082979	regulatory	114
chr15	89360840	89360954	EH38D2822811_89360606_89360954	regulatory	114
chr15	78399331	78399445	EH38D2813855_78399152_78399445	regulatory	114
chr15	69917180	69917294	EH38D4888065_69917091_69917420	regulatory	114
chr15	62162979	62163093	EH38D2797054_62162773_62163093	regulatory	114
chr15	70478354	70478468	EH38D2806103_70478279_70478468	regulatory	114
chr15	88402461	88402574	EH38D4903190_88402375_88402712	regulatory	113
chr15	62988728	62988841	EH38D4881168_62988728_62989059	regulatory	113
chr15	36335453	36335566	EH38D4864690_36335221_36335566	regulatory	113
chr15	67884262	67884375	EH38D4886007_67884216_67884490	regulatory	113
chr15	68775138	68775251	EH38D2804148_68774955_68775282	regulatory	113
chr15	40593906	40594019	EH38D4867502_40593819_40594145	regulatory	113
chr15	20021391	20021504	EH38D4855918_20021210_20021504	regulatory	113
chr15	73794519	73794632	EH38D4891225_73794519_73794855	regulatory	113
chr15	94701460	94701573	EH38D2827750_94701460_94701620	regulatory	113
chr15	62338067	62338180	EH38D4880634_62337984_62338300	regulatory	113
chr15	66906041	66906154	EH38D2802033_66906041_66906290	regulatory	113
chr15	52100915	52101028	EH38D4874813_52100840_52101168	regulatory	113
chr15	80036311	80036424	EH38D2815240_80036075_80036424	regulatory	113
chr15	78325176	78325289	EH38D4896418_78325176_78325351	regulatory	113
chr15	101167531	101167644	EH38D4912993_101167378_101167644	regulatory	113
chr15	25455707	25455820	EH38D4858220_25455487_25455820	regulatory	113
chr15	25633918	25634031	EH38D4858311_25633918_25634250	regulatory	113
chr15	43230249	43230362	EH38D4869873_43230022_43230362	regulatory	113
chr15	89346002	89346115	EH38D4904151_89346002_89346269	regulatory	113
chr15	95923956	95924069	EH38D2828715_95923884_95924127	regulatory	113
chr15	38084741	38084854	EH38D4865541_38084703_38084854	regulatory	113
chr15	96687559	96687672	EH38D2829455_96687449_96687672	regulatory	113
chr15	39501900	39502013	EH38D2778680_39501746_39502044	regulatory	113
chr15	69980754	69980867	EH38D2805404_69980754_69980999	regulatory	113
chr15	69456445	69456558	EH38D2804816_69456244_69456558	regulatory	113
chr15	45586456	45586569	EH38D2783888_45586375_45586569	regulatory	113
chr15	79102394	79102506	EH38D2814517_79102245_79102506	regulatory	112
chr15	75219817	75219929	EH38D4893223_75219611_75219929	regulatory	112
chr15	75178173	75178285	EH38D4893148_75178173_75178392	regulatory	112
chr15	48358246	48358358	EH38D2785818_48358246_48358595	regulatory	112
chr15	29688988	29689100	EH38D4860961_29688840_29689100	regulatory	112
chr15	70791486	70791598	EH38D4889109_70791310_70791642	regulatory	112
chr15	37819634	37819746	EH38D4865392_37819634_37819982	regulatory	112
chr15	35028292	35028404	EH38D4864180_35028292_35028553	regulatory	112
chr15	63488034	63488146	EH38D4881639_63487971_63488318	regulatory	112
chr15	52980850	52980962	EH38D4875456_52980850_52981054	regulatory	112
chr15	101160529	101160641	EH38D2833422_101160345_101160641	regulatory	112
chr15	88726038	88726150	EH38D4903505_88725930_88726150	regulatory	112
chr15	34813552	34813664	EH38D2774885_34813486_34813826	regulatory	112
chr15	63173277	63173389	EH38D4881348_63173109_63173389	regulatory	112
chr15	85344428	85344540	EH38D4901553_85344309_85344540	regulatory	112
chr15	82046790	82046902	EH38D4899352_82046747_82046902	regulatory	112
chr15	91099838	91099949	EH38D4906223_91099645_91099995	regulatory	111
chr15	59524313	59524424	EH38D4879013_59524313_59524657	regulatory	111
chr15	74391242	74391353	EH38D4892132_74391010_74391353	regulatory	111
chr15	67968130	67968241	EH38D4886079_67968130_67968479	regulatory	111
chr15	44726827	44726938	EH38D2783204_44726610_44726959	regulatory	111
chr15	39501746	39501857	EH38D2778680_39501746_39502044	regulatory	111
chr15	99402227	99402338	EH38D2831612_99402227_99402515	regulatory	111
chr15	43106113	43106224	EH38D4869782_43105947_43106296	regulatory	111
chr15	76988136	76988247	EH38D4894726_76988123_76988340	regulatory	111
chr15	65084298	65084409	EH38D4883108_65084263_65084500	regulatory	111
chr15	29687753	29687864	EH38D4860958_29687753_29687956	regulatory	111
chr15	84875620	84875731	EH38D2819014_84875389_84875734	regulatory	111
chr15	85356489	85356600	EH38D4901571_85356313_85356600	regulatory	111
chr15	66685794	66685905	EH38D2801719_66685789_66686104	regulatory	111
chr15	26382475	26382586	EH38D4858865_26382475_26382820	regulatory	111
chr15	67196767	67196878	EH38D4885520_67196767_67197102	regulatory	111
chr15	87777429	87777540	EH38D2821367_87777429_87777607	regulatory	111
chr15	101116439	101116550	EH38D2833363_101116211_101116550	regulatory	111
chr15	27703370	27703481	EH38D2770170_27703211_27703481	regulatory	111
chr15	38251816	38251926	EH38D4865641_38251816_38252166	regulatory	110
chr15	63022777	63022887	EH38D4881197_63022777_63022953	regulatory	110
chr15	69854774	69854884	EH38D2805263_69854534_69854884	regulatory	110
chr15	41544749	41544859	EH38D2780733_41544664_41545011	regulatory	110
chr15	90854446	90854556	EH38D4905926_90854446_90854646	regulatory	110
chr15	25865184	25865294	EH38D4858613_25864986_25865313	regulatory	110
chr15	79107304	79107414	EH38D2814522_79107163_79107513	regulatory	110
chr15	48388715	48388825	EH38D2785846_48388685_48388851	regulatory	110
chr15	101131599	101131709	EH38D2833388_101131482_101131831	regulatory	110
chr15	22744918	22745028	EH38D4856789_22744737_22745028	regulatory	110
chr15	43225449	43225559	EH38D2782206_43225449_43225792	regulatory	110
chr15	64807849	64807959	EH38D2799856_64807849_64808190	regulatory	110
chr15	31256382	31256492	EH38D2772304_31256322_31256492	regulatory	110
chr15	99486003	99486113	EH38D4911400_99485937_99486113	regulatory	110
chr15	60138134	60138244	EH38D4879368_60138084_60138434	regulatory	110
chr15	74394017	74394127	EH38D4892135_74393926_74394127	regulatory	110
chr15	65326367	65326476	EH38D4883387_65326193_65326543	regulatory	109
chr15	46879409	46879518	EH38D2784644_46879409_46879758	regulatory	109
chr15	97052594	97052703	EH38D4909688_97052594_97052858	regulatory	109
chr15	97197461	97197570	EH38D2829799_97197232_97197570	regulatory	109
chr15	66700970	66701079	EH38D4884747_66700970_66701317	regulatory	109
chr15	40083219	40083328	EH38D4866807_40083219_40083566	regulatory	109
chr15	68578785	68578894	EH38D4886735_68578785_68579040	regulatory	109
chr15	89826700	89826809	EH38D2823314_89826700_89826924	regulatory	109
chr15	74524056	74524165	EH38D4892308_74524056_74524308	regulatory	109
chr15	24101717	24101826	EH38D4857595_24101681_24101922	regulatory	109
chr15	65045277	65045386	EH38D2800107_65045277_65045519	regulatory	109
chr15	57920980	57921089	EH38D4877812_57920860_57921196	regulatory	109
chr15	100681089	100681198	EH38D2832768_100680983_100681198	regulatory	109
chr15	70617644	70617752	EH38D4888991_70617644_70617824	regulatory	108
chr15	45201222	45201330	EH38D4871236_45200981_45201330	regulatory	108
chr15	61731389	61731497	EH38D2796753_61731157_61731497	regulatory	108
chr15	82750455	82750563	EH38D4899870_82750347_82750696	regulatory	108
chr15	47066714	47066822	EH38D2784722_47066536_47066822	regulatory	108
chr15	55998625	55998733	EH38D4876673_55998485_55998799	regulatory	108
chr15	74053880	74053988	EH38D4891617_74053781_74053988	regulatory	108
chr15	79593669	79593777	EH38D4897614_79593540_79593777	regulatory	108
chr15	100668458	100668566	EH38D2832758_100668458_100668613	regulatory	108
chr15	70787558	70787666	EH38D2806440_70787458_70787737	regulatory	108
chr15	66877950	66878058	EH38D4885062_66877950_66878288	regulatory	108
chr15	91790828	91790936	EH38D4906593_91790810_91791145	regulatory	108
chr15	69880626	69880734	EH38D2805296_69880626_69880976	regulatory	108
chr15	69135075	69135183	EH38D2804529_69134862_69135183	regulatory	108
chr15	41117235	41117343	EH38D2780429_41117214_41117415	regulatory	108
chr15	42066205	42066313	EH38D4869064_42065994_42066336	regulatory	108
chr15	68512233	68512341	EH38D2803828_68512233_68512395	regulatory	108
chr15	89825163	89825271	EH38D4904743_89825070_89825271	regulatory	108
chr15	27703211	27703319	EH38D2770170_27703211_27703481	regulatory	108
chr15	69980891	69980999	EH38D2805404_69980754_69980999	regulatory	108
chr15	42132297	42132405	EH38D4869159_42132297_42132503	regulatory	108
chr15	68470151	68470259	EH38D4886610_68469933_68470259	regulatory	108
chr15	57335472	57335580	EH38D2792589_57335396_57335619	regulatory	108
chr15	57591741	57591849	EH38D4877630_57591741_57592089	regulatory	108
chr15	70019004	70019112	EH38D2805450_70019004_70019343	regulatory	108
chr15	63448540	63448648	EH38D4881594_63448299_63448648	regulatory	108
chr15	78540052	78540160	EH38D2813959_78540052_78540261	regulatory	108
chr15	74781897	74782005	EH38D4892621_74781897_74782214	regulatory	108
chr15	90138300	90138407	EH38D4905144_90138168_90138407	regulatory	107
chr15	90336705	90336812	EH38D4905399_90336705_90337048	regulatory	107
chr15	79644118	79644225	EH38D4897638_79644118_79644468	regulatory	107
chr15	85870157	85870264	EH38D4902062_85870079_85870264	regulatory	107
chr15	73029111	73029218	EH38D2808426_73029111_73029278	regulatory	107
chr15	70459591	70459698	EH38D4888781_70459381_70459698	regulatory	107
chr15	70256614	70256721	EH38D4888519_70256428_70256721	regulatory	107
chr15	90928339	90928446	EH38D4906069_90928194_90928542	regulatory	107
chr15	49620929	49621036	EH38D4873261_49620830_49621180	regulatory	107
chr15	63478173	63478280	EH38D4881625_63478095_63478280	regulatory	107
chr15	63444729	63444836	EH38D2798514_63444729_63444901	regulatory	107
chr15	58749815	58749922	EH38D2794045_58749772_58750122	regulatory	107
chr15	59549393	59549500	EH38D4879034_59549380_59549611	regulatory	107
chr15	40755876	40755982	EH38D4867611_40755876_40756157	regulatory	106
chr15	95932762	95932868	EH38D2828722_95932762_95933109	regulatory	106
chr15	70249944	70250050	EH38D2805791_70249706_70250050	regulatory	106
chr15	91752537	91752643	EH38D2825136_91752458_91752643	regulatory	106
chr15	70023379	70023485	EH38D4888170_70023135_70023485	regulatory	106
chr15	56469804	56469910	EH38D4876914_56469561_56469910	regulatory	106
chr15	63492676	63492782	EH38D4881644_63492676_63493005	regulatory	106
chr15	60004054	60004160	EH38D2795126_60004019_60004323	regulatory	106
chr15	45204865	45204971	EH38D4871243_45204865_45205021	regulatory	106
chr15	75903090	75903196	EH38D2811367_75902995_75903196	regulatory	106
chr15	96979261	96979367	EH38D4909659_96979046_96979367	regulatory	106
chr15	40950004	40950110	EH38D2780286_40949852_40950110	regulatory	106
chr15	55997147	55997252	EH38D2791490_55997147_55997380	regulatory	105
chr15	70528916	70529021	EH38D4888892_70528843_70529021	regulatory	105
chr15	71791420	71791525	EH38D2807419_71791176_71791525	regulatory	105
chr15	89995913	89996018	EH38D4904920_89995854_89996018	regulatory	105
chr15	70284858	70284963	EH38D4888569_70284858_70285206	regulatory	105
chr15	101724628	101724733	EH38D4913707_101724383_101724733	regulatory	105
chr15	39920936	39921041	EH38D4866655_39920859_39921209	regulatory	105
chr15	68471793	68471898	EH38D4886611_68471672_68471914	regulatory	105
chr15	82051883	82051988	EH38D2817114_82051711_82051988	regulatory	105
chr15	74540568	74540673	EH38D2809988_74540568_74540778	regulatory	105
chr15	63490831	63490936	EH38D2798582_63490678_63490936	regulatory	105
chr15	100667928	100668033	EH38D2832756_100667686_100668033	regulatory	105
chr15	73973385	73973490	EH38D4891488_73973385_73973540	regulatory	105
chr15	29969296	29969401	EH38D4861156_29969257_29969547	regulatory	105
chr15	88705019	88705124	EH38D2822188_88704954_88705124	regulatory	105
chr15	42208307	42208412	EH38D4869258_42208150_42208489	regulatory	105
chr15	60320587	60320692	EH38D2795390_60320370_60320692	regulatory	105
chr15	88683595	88683700	EH38D2822169_88683356_88683700	regulatory	105
chr15	50768575	50768680	EH38D4873886_50768417_50768680	regulatory	105
chr15	66798752	66798857	EH38D2801879_66798752_66798996	regulatory	105
chr15	99510371	99510475	EH38D4911441_99510129_99510475	regulatory	104
chr15	63906174	63906278	EH38D2799005_63905932_63906278	regulatory	104
chr15	89243540	89243644	EH38D4904054_89243375_89243644	regulatory	104
chr15	77852388	77852492	EH38D4895689_77852335_77852492	regulatory	104
chr15	57372401	57372505	EH38D2792635_57372288_57372505	regulatory	104
chr15	68466323	68466427	EH38D4886607_68466226_68466506	regulatory	104
chr15	70313186	70313290	EH38D4888593_70313186_70313392	regulatory	104
chr15	63899066	63899170	EH38D4881948_63899066_63899235	regulatory	104
chr15	52104572	52104676	EH38D4874819_52104518_52104676	regulatory	104
chr15	96348394	96348498	EH38D4909345_96348154_96348498	regulatory	104
chr15	68552867	68552971	EH38D2803865_68552867_68553103	regulatory	104
chr15	70234335	70234439	EH38D2805769_70234335_70234534	regulatory	104
chr15	92366542	92366646	EH38D4907003_92366542_92366694	regulatory	104
chr15	62912527	62912631	EH38D4881107_62912429_62912631	regulatory	104
chr15	34726922	34727026	EH38D4864027_34726922_34727092	regulatory	104
chr15	96560900	96561003	EH38D2829384_96560814_96561003	regulatory	103
chr15	96428967	96429070	EH38D4909433_96428722_96429070	regulatory	103
chr15	85956034	85956137	EH38D2820121_85956034_85956362	regulatory	103
chr15	34368510	34368613	EH38D4863824_34368376_34368696	regulatory	103
chr15	30045848	30045951	EH38D4861206_30045603_30045951	regulatory	103
chr15	59995161	59995264	EH38D4879271_59994969_59995264	regulatory	103
chr15	73370519	73370622	EH38D4890893_73370519_73370730	regulatory	103
chr15	77507285	77507388	EH38D2812756_77507090_77507388	regulatory	103
chr15	71054700	71054803	EH38D4889279_71054700_71054901	regulatory	103
chr15	70813065	70813168	EH38D2806471_70812835_70813184	regulatory	103
chr15	46075903	46076006	EH38D2784203_46075903_46076094	regulatory	103
chr15	101257023	101257125	EH38D2833562_101256874_101257125	regulatory	102
chr15	40952049	40952151	EH38D4867922_40951998_40952151	regulatory	102
chr15	45943515	45943617	EH38D4871674_45943275_45943617	regulatory	102
chr15	76931442	76931544	EH38D2812154_76931442_76931792	regulatory	102
chr15	78308049	78308151	EH38D2813742_78308017_78308342	regulatory	102
chr15	101116211	101116313	EH38D2833363_101116211_101116550	regulatory	102
chr15	46297886	46297988	EH38D4871771_46297743_46298088	regulatory	102
chr15	22262771	22262873	EH38D4856610_22262530_22262873	regulatory	102
chr15	89959286	89959388	EH38D4904891_89959205_89959555	regulatory	102
chr15	63173426	63173528	EH38D4881349_63173426_63173675	regulatory	102
chr15	68479093	68479195	EH38D4886616_68478905_68479195	regulatory	102
chr15	89755053	89755155	EH38D4904601_89754819_89755162	regulatory	102
chr15	84654738	84654840	EH38D4900914_84654737_84655074	regulatory	102
chr15	73800457	73800559	EH38D4891230_73800399_73800559	regulatory	102
chr15	73964901	73965003	EH38D4891474_73964785_73965056	regulatory	102
chr15	101145514	101145615	EH38D2833403_101145410_101145752	regulatory	101
chr15	22838542	22838643	EH38D2767475_22838427_22838773	regulatory	101
chr15	80012342	80012443	EH38D4897890_80012255_80012574	regulatory	101
chr15	65081280	65081381	EH38D2800150_65081280_65081573	regulatory	101
chr15	46829863	46829964	EH38D2784610_46829739_46829964	regulatory	101
chr15	75823838	75823939	EH38D4893976_75823838_75824186	regulatory	101
chr15	70589288	70589389	EH38D4888971_70589288_70589638	regulatory	101
chr15	95975483	95975584	EH38D4909093_95975271_95975584	regulatory	101
chr15	77825217	77825318	EH38D2813141_77824968_77825318	regulatory	101
chr15	62344912	62345013	EH38D4880640_62344912_62345260	regulatory	101
chr15	74598131	74598232	EH38D4892384_74598058_74598232	regulatory	101
chr15	96768109	96768210	EH38D2829517_96768109_96768327	regulatory	101
chr15	73046633	73046734	EH38D4890645_73046388_73046734	regulatory	101
chr15	55123989	55124090	EH38D4876192_55123989_55124179	regulatory	101
chr15	52734113	52734214	EH38D2789554_52733864_52734214	regulatory	101
chr15	70526248	70526349	EH38D4888886_70526142_70526349	regulatory	101
chr15	74808084	74808184	EH38D4892675_74808084_74808434	regulatory	100
chr15	77486745	77486845	EH38D2812726_77486619_77486845	regulatory	100
chr15	33216537	33216637	EH38D2773678_33216313_33216637	regulatory	100
chr15	37105664	37105764	EH38D2776777_37105664_37105872	regulatory	100
chr15	90883564	90883664	EH38D4905978_90883510_90883664	regulatory	100
chr15	90861251	90861351	EH38D2824368_90861251_90861585	regulatory	100
chr15	63121457	63121557	EH38D4881313_63121398_63121557	regulatory	100
chr15	65221823	65221923	EH38D2800279_65221796_65222025	regulatory	100
chr15	42158578	42158678	EH38D0629304_42158356_42158678	regulatory	100
chr15	68488409	68488509	EH38D2803805_68488372_68488645	regulatory	100
chr15	70533960	70534060	EH38D4888906_70533960_70534310	regulatory	100
chr15	65517977	65518077	EH38D4883617_65517977_65518128	regulatory	100
chr15	59847242	59847342	EH38D4879199_59847242_59847590	regulatory	100
chr15	77824968	77825068	EH38D2813141_77824968_77825318	regulatory	100
chr15	63447839	63447939	EH38D2798519_63447788_63448093	regulatory	100
chr15	90895776	90895875	EH38D2824415_90895768_90896096	regulatory	99
chr15	70153925	70154024	EH38D4888371_70153831_70154024	regulatory	99
chr15	95937448	95937547	EH38D4909077_95937197_95937547	regulatory	99
chr15	75335481	75335580	EH38D2810824_75335481_75335766	regulatory	99
chr15	40565381	40565480	EH38D4867476_40565381_40565573	regulatory	99
chr15	63111687	63111786	EH38D4881305_63111574_63111786	regulatory	99
chr15	75456687	75456786	EH38D4893504_75456538_75456786	regulatory	99
chr15	80677121	80677220	EH38D2815859_80677075_80677419	regulatory	99
chr15	89821481	89821580	EH38D4904735_89821231_89821580	regulatory	99
chr15	78416431	78416530	EH38D4896532_78416218_78416530	regulatory	99
chr15	99421338	99421437	EH38D4911279_99421093_99421437	regulatory	99
chr15	74696292	74696391	EH38D4892514_74696235_74696391	regulatory	99
chr15	19956384	19956483	EH38D4855885_19956384_19956730	regulatory	99
chr15	33282565	33282663	EH38D4863184_33282406_33282663	regulatory	98
chr15	31442246	31442344	EH38D4862164_31442231_31442481	regulatory	98
chr15	77541221	77541319	EH38D4895195_77541158_77541405	regulatory	98
chr15	36887682	36887780	EH38D2776495_36887682_36887890	regulatory	98
chr15	74403413	74403511	EH38D4892154_74403360_74403511	regulatory	98
chr15	84048937	84049035	EH38D2818562_84048842_84049050	regulatory	98
chr15	53208578	53208676	EH38D4875521_53208578_53208781	regulatory	98
chr15	29636337	29636435	EH38D4860908_29636202_29636551	regulatory	98
chr15	89445738	89445836	EH38D4904274_89445663_89445836	regulatory	98
chr15	30859173	30859270	EH38D2771921_30859049_30859397	regulatory	97
chr15	44721867	44721964	EH38D4870789_44721717_44722004	regulatory	97
chr15	65305232	65305329	EH38D4883353_65305176_65305329	regulatory	97
chr15	37739449	37739546	EH38D2777074_37739449_37739677	regulatory	97
chr15	40345654	40345751	EH38D4867171_40345442_40345751	regulatory	97
chr15	33201371	33201468	EH38D4863152_33201371_33201600	regulatory	97
chr15	31273113	31273210	EH38D4861875_31273113_31273314	regulatory	97
chr15	34494322	34494419	EH38D4863880_34494322_34494521	regulatory	97
chr15	78350095	78350192	EH38D4896453_78350095_78350440	regulatory	97
chr15	62390328	62390425	EH38D4880667_62390328_62390677	regulatory	97
chr15	48096740	48096837	EH38D4872458_48096740_48097088	regulatory	97
chr15	76343544	76343641	EH38D2811764_76343544_76343852	regulatory	97
chr15	44724797	44724894	EH38D4870795_44724709_44725010	regulatory	97
chr15	64775675	64775772	EH38D4882742_64775619_64775898	regulatory	97
chr15	69861400	69861497	EH38D4888015_69861400_69861557	regulatory	97
chr15	87732794	87732891	EH38D4902749_87732713_87732891	regulatory	97
chr15	44912782	44912879	EH38D2783339_44912782_44912993	regulatory	97
chr15	63447402	63447499	EH38D2798518_63447402_63447558	regulatory	97
chr15	23421462	23421559	EH38D4857330_23421214_23421559	regulatory	97
chr15	60186358	60186455	EH38D2795303_60186178_60186455	regulatory	97
chr15	46947826	46947922	EH38D4871940_46947826_46948143	regulatory	96
chr15	79952344	79952440	EH38D4897809_79952344_79952684	regulatory	96
chr15	76966271	76966367	EH38D2812186_76966140_76966367	regulatory	96
chr15	45230636	45230732	EH38D4871257_45230636_45230816	regulatory	96
chr15	41116280	41116376	EH38D4868025_41116125_41116376	regulatory	96
chr15	39565235	39565331	EH38D2778732_39564982_39565331	regulatory	96
chr15	62141278	62141374	EH38D2797035_62141278_62141514	regulatory	96
chr15	46935114	46935210	EH38D2784675_46934877_46935210	regulatory	96
chr15	79947315	79947411	EH38D4897802_79947095_79947411	regulatory	96
chr15	70508309	70508405	EH38D2806150_70508309_70508597	regulatory	96
chr15	85828144	85828240	EH38D2820012_85828144_85828494	regulatory	96
chr15	78915336	78915431	EH38D4897031_78915336_78915684	regulatory	95
chr15	61777923	61778018	EH38D4880337_61777833_61778035	regulatory	95
chr15	62998786	62998881	EH38D2797933_62998786_62999068	regulatory	95
chr15	78369417	78369512	EH38D4896473_78369248_78369512	regulatory	95
chr15	63038963	63039058	EH38D4881206_63038963_63039261	regulatory	95
chr15	84654979	84655074	EH38D4900914_84654737_84655074	regulatory	95
chr15	74889909	74890004	EH38D4892798_74889832_74890175	regulatory	95
chr15	90146513	90146608	EH38D2823641_90146443_90146656	regulatory	95
chr15	34847638	34847733	EH38D2774905_34847633_34847979	regulatory	95
chr15	87287222	87287317	EH38D2821003_87287189_87287539	regulatory	95
chr15	96342857	96342952	EH38D4909338_96342857_96343069	regulatory	95
chr15	71790404	71790499	EH38D4889770_71790150_71790499	regulatory	95
chr15	63881753	63881848	EH38D2798972_63881559_63881870	regulatory	95
chr15	73384005	73384100	EH38D2808734_73383798_73384121	regulatory	95
chr15	26242827	26242922	EH38D2769248_26242704_26242922	regulatory	95
chr15	76992622	76992717	EH38D2812221_76992561_76992717	regulatory	95
chr15	70812835	70812929	EH38D2806471_70812835_70813184	regulatory	94
chr15	37107506	37107600	EH38D2776783_37107506_37107714	regulatory	94
chr15	101156970	101157064	EH38D4912975_101156901_101157064	regulatory	94
chr15	40344216	40344310	EH38D4867167_40344216_40344513	regulatory	94
chr15	70470832	70470926	EH38D4888801_70470832_70471132	regulatory	94
chr15	85879353	85879447	EH38D4902068_85879353_85879703	regulatory	94
chr15	74957124	74957218	EH38D4892876_74957010_74957236	regulatory	94
chr15	88913468	88913562	EH38D4903692_88913300_88913562	regulatory	94
chr15	23736458	23736552	EH38D2767899_23736286_23736635	regulatory	94
chr15	26394787	26394881	EH38D2769319_26394787_26395131	regulatory	94
chr15	62165926	62166020	EH38D4880519_62165809_62166020	regulatory	94
chr15	87815500	87815594	EH38D2821390_87815284_87815594	regulatory	94
chr15	38130422	38130516	EH38D4865572_38130319_38130516	regulatory	94
chr15	77501182	77501276	EH38D2812747_77501064_77501392	regulatory	94
chr15	90382729	90382823	EH38D4905451_90382729_90382882	regulatory	94
chr15	69457378	69457472	EH38D2804819_69457378_69457590	regulatory	94
chr15	57865338	57865432	EH38D4877783_57865338_57865628	regulatory	94
chr15	37122719	37122813	EH38D2776800_37122719_37123067	regulatory	94
chr15	63040798	63040892	EH38D4881208_63040551_63040892	regulatory	94
chr15	70494454	70494548	EH38D4888844_70494199_70494548	regulatory	94
chr15	34642330	34642424	EH38D4863963_34642270_34642613	regulatory	94
chr15	73030467	73030560	EH38D2808427_73030222_73030560	regulatory	93
chr15	72992831	72992924	EH38D2808380_72992801_72993023	regulatory	93
chr15	81152453	81152546	EH38D4898831_81152453_81152614	regulatory	93
chr15	40879649	40879742	EH38D4867806_40879649_40879997	regulatory	93
chr15	55538509	55538602	EH38D4876443_55538265_55538602	regulatory	93
chr15	70037012	70037105	EH38D2805473_70037012_70037301	regulatory	93
chr15	79657986	79658079	EH38D2814928_79657733_79658079	regulatory	93
chr15	37819889	37819982	EH38D4865392_37819634_37819982	regulatory	93
chr15	26197806	26197899	EH38D4858811_26197806_26198100	regulatory	93
chr15	96348154	96348247	EH38D4909345_96348154_96348498	regulatory	93
chr15	68437214	68437307	EH38D2803758_68437045_68437307	regulatory	93
chr15	64731992	64732085	EH38D4882681_64731992_64732143	regulatory	93
chr15	42121719	42121812	EH38D4869149_42121719_42122069	regulatory	93
chr15	96409187	96409280	EH38D4909409_96409187_96409367	regulatory	93
chr15	48120265	48120358	EH38D2785639_48120194_48120358	regulatory	93
chr15	40159966	40160059	EH38D2779437_40159720_40160059	regulatory	93
chr15	66802258	66802350	EH38D4884932_66802000_66802350	regulatory	92
chr15	91824269	91824361	EH38D2825192_91824269_91824619	regulatory	92
chr15	101163108	101163200	EH38D2833427_101163026_101163200	regulatory	92
chr15	96979046	96979138	EH38D4909659_96979046_96979367	regulatory	92
chr15	73015713	73015805	EH38D2808410_73015576_73015805	regulatory	92
chr15	88364632	88364724	EH38D4903146_88364632_88364857	regulatory	92
chr15	70014836	70014928	EH38D4888154_70014744_70014928	regulatory	92
chr15	40975843	40975935	EH38D2780323_40975806_40976068	regulatory	92
chr15	85953317	85953409	EH38D4902106_85953317_85953509	regulatory	92
chr15	69990834	69990926	EH38D4888122_69990607_69990952	regulatory	92
chr15	67197296	67197388	EH38D4885521_67197109_67197388	regulatory	92
chr15	49815716	49815808	EH38D2787070_49815604_49815810	regulatory	92
chr15	36471422	36471513	EH38D2776110_36471183_36471513	regulatory	91
chr15	22229990	22230081	EH38D4856544_22229872_22230081	regulatory	91
chr15	75182036	75182127	EH38D2810696_75181941_75182127	regulatory	91
chr15	59690149	59690240	EH38D4879131_59690149_59690361	regulatory	91
chr15	99421532	99421623	EH38D4911280_99421532_99421821	regulatory	91
chr15	74336801	74336892	EH38D2809709_74336713_74336892	regulatory	91
chr15	63173584	63173675	EH38D4881349_63173426_63173675	regulatory	91
chr15	91753961	91754052	EH38D4906565_91753841_91754052	regulatory	91
chr15	67542604	67542695	EH38D4885719_67542467_67542817	regulatory	91
chr15	66912231	66912322	EH38D4885114_66912035_66912385	regulatory	91
chr15	36577111	36577202	EH38D4864817_36577104_36577441	regulatory	91
chr15	101267107	101267198	EH38D4913107_101266944_101267198	regulatory	91
chr15	89430942	89431033	EH38D4904258_89430696_89431033	regulatory	91
chr15	80662500	80662591	EH38D4898409_80662500_80662710	regulatory	91
chr15	99929211	99929302	EH38D2832090_99929096_99929430	regulatory	91
chr15	70588991	70589082	EH38D4888970_70588938_70589163	regulatory	91
chr15	37222283	37222373	EH38D4865195_37222283_37222617	regulatory	90
chr15	101127738	101127828	EH38D4912923_101127708_101128058	regulatory	90
chr15	89747006	89747096	EH38D4904586_89747006_89747342	regulatory	90
chr15	48975709	48975799	EH38D4872918_48975572_48975799	regulatory	90
chr15	78910319	78910409	EH38D4897023_78910319_78910564	regulatory	90
chr15	85857624	85857714	EH38D4902051_85857383_85857714	regulatory	90
chr15	101530421	101530511	EH38D4913531_101530173_101530511	regulatory	90
chr15	85891343	85891433	EH38D4902077_85891343_85891634	regulatory	90
chr15	92811308	92811398	EH38D4907399_92811308_92811520	regulatory	90
chr15	80659562	80659652	EH38D4898404_80659413_80659743	regulatory	90
chr15	62076129	62076219	EH38D4880468_62075925_62076275	regulatory	90
chr15	70037411	70037501	EH38D4888195_70037334_70037501	regulatory	90
chr15	57793111	57793201	EH38D2793120_57793111_57793420	regulatory	90
chr15	66386746	66386836	EH38D4884427_66386625_66386974	regulatory	90
chr15	85832636	85832726	EH38D2820016_85832389_85832737	regulatory	90
chr15	53209752	53209842	EH38D2789823_53209500_53209842	regulatory	90
chr15	22233005	22233095	EH38D4856551_22232847_22233095	regulatory	90
chr15	38624648	38624738	EH38D4865887_38624565_38624895	regulatory	90
chr15	70166819	70166909	EH38D4888394_70166788_70166989	regulatory	90
chr15	64775808	64775898	EH38D4882742_64775619_64775898	regulatory	90
chr15	70494745	70494835	EH38D2806128_70494619_70494835	regulatory	90
chr15	74391787	74391876	EH38D4892133_74391590_74391876	regulatory	89
chr15	72197867	72197956	EH38D4890081_72197685_72197956	regulatory	89
chr15	70480781	70480870	EH38D4888822_70480672_70480870	regulatory	89
chr15	80990220	80990309	EH38D4898717_80990154_80990309	regulatory	89
chr15	37902399	37902488	EH38D4865432_37902138_37902488	regulatory	89
chr15	67968826	67968915	EH38D2803227_67968716_67968915	regulatory	89
chr15	68019561	68019650	EH38D4886103_68019507_68019672	regulatory	89
chr15	56494178	56494267	EH38D2791832_56493957_56494267	regulatory	89
chr15	68018173	68018262	EH38D2803267_68018070_68018408	regulatory	89
chr15	34642524	34642613	EH38D4863963_34642270_34642613	regulatory	89
chr15	43330582	43330671	EH38D2782293_43330440_43330746	regulatory	89
chr15	70112207	70112296	EH38D4888313_70112029_70112319	regulatory	89
chr15	60407432	60407521	EH38D2795542_60407432_60407765	regulatory	89
chr15	74443443	74443532	EH38D4892228_74443226_74443532	regulatory	89
chr15	50787587	50787676	EH38D4873894_50787414_50787706	regulatory	89
chr15	74843346	74843435	EH38D4892743_74843086_74843435	regulatory	89
chr15	69143936	69144025	EH38D2804538_69143684_69144025	regulatory	89
chr15	34437942	34438031	EH38D4863862_34437685_34438031	regulatory	89
chr15	84659066	84659155	EH38D2818786_84659066_84659399	regulatory	89
chr15	66912636	66912725	EH38D4885115_66912512_66912725	regulatory	89
chr15	66843157	66843246	EH38D4885000_66843157_66843497	regulatory	89
chr15	60124977	60125066	EH38D4879357_60124724_60125066	regulatory	89
chr15	59867484	59867573	EH38D4879210_59867484_59867832	regulatory	89
chr15	95604070	95604159	EH38D2828429_95603809_95604159	regulatory	89
chr15	22221308	22221397	EH38D2767268_22221193_22221543	regulatory	89
chr15	41544923	41545011	EH38D2780733_41544664_41545011	regulatory	88
chr15	36335260	36335348	EH38D4864690_36335221_36335566	regulatory	88
chr15	80188210	80188298	EH38D2815397_80188210_80188560	regulatory	88
chr15	62328040	62328128	EH38D2797167_62328040_62328242	regulatory	88
chr15	68776806	68776894	EH38D2804153_68776618_68776894	regulatory	88
chr15	59567389	59567477	EH38D4879047_59567389_59567720	regulatory	88
chr15	25884468	25884556	EH38D4858629_25884468_25884710	regulatory	88
chr15	63039108	63039196	EH38D4881206_63038963_63039261	regulatory	88
chr15	53398002	53398090	EH38D2789924_53398002_53398351	regulatory	88
chr15	22251025	22251113	EH38D4856585_22250901_22251244	regulatory	88
chr15	87155996	87156084	EH38D4902531_87155866_87156085	regulatory	88
chr15	100715720	100715808	EH38D2832818_100715720_100716050	regulatory	88
chr15	76961584	76961672	EH38D4894691_76961339_76961672	regulatory	88
chr15	75125440	75125528	EH38D2810624_75125272_75125622	regulatory	88
chr15	60328912	60329000	EH38D4879456_60328904_60329154	regulatory	88
chr15	78361359	78361446	EH38D2813817_78361283_78361583	regulatory	87
chr15	78315779	78315866	EH38D2813752_78315779_78315980	regulatory	87
chr15	96409929	96410016	EH38D4909411_96409845_96410016	regulatory	87
chr15	74833714	74833801	EH38D4892723_74833714_74834056	regulatory	87
chr15	23420804	23420891	EH38D4857329_23420804_23421085	regulatory	87
chr15	65326194	65326281	EH38D4883387_65326193_65326543	regulatory	87
chr15	80059393	80059480	EH38D4897939_80059393_80059733	regulatory	87
chr15	63905932	63906019	EH38D2799005_63905932_63906278	regulatory	87
chr15	89243375	89243462	EH38D4904054_89243375_89243644	regulatory	87
chr15	99476314	99476400	EH38D2831712_99476181_99476400	regulatory	86
chr15	94792480	94792566	EH38D2827815_94792216_94792566	regulatory	86
chr15	88620708	88620794	EH38D4903356_88620588_88620794	regulatory	86
chr15	77510989	77511075	EH38D4895147_77510989_77511166	regulatory	86
chr15	45704703	45704789	EH38D4871575_45704621_45704789	regulatory	86
chr15	62118929	62119015	EH38D2797011_62118929_62119121	regulatory	86
chr15	70508945	70509031	EH38D2806151_70508737_70509069	regulatory	86
chr15	74938083	74938169	EH38D2810419_74937996_74938346	regulatory	86
chr15	70205927	70206013	EH38D2805736_70205691_70206013	regulatory	86
chr15	75842968	75843054	EH38D4893993_75842767_75843054	regulatory	86
chr15	74535265	74535351	EH38D4892318_74535265_74535491	regulatory	86
chr15	70201419	70201505	EH38D4888453_70201419_70201748	regulatory	86
chr15	31262044	31262130	EH38D4861849_31261883_31262130	regulatory	86
chr15	101891886	101891972	EH38D4913782_101891793_101892026	regulatory	86
chr15	62162220	62162306	EH38D2797052_62162114_62162413	regulatory	86
chr15	74907457	74907543	EH38D2810403_74907209_74907543	regulatory	86
chr15	70275844	70275930	EH38D4888553_70275844_70276045	regulatory	86
chr15	23306201	23306287	EH38D4857255_23305940_23306287	regulatory	86
chr15	62377523	62377609	EH38D4880656_62377523_62377725	regulatory	86
chr15	75802337	75802422	EH38D4893960_75802073_75802422	regulatory	85
chr15	94745328	94745413	EH38D2827784_94745234_94745413	regulatory	85
chr15	41503551	41503636	EH38D4868360_41503358_41503708	regulatory	85
chr15	74391091	74391176	EH38D4892132_74391010_74391353	regulatory	85
chr15	58771106	58771191	EH38D2794068_58770941_58771291	regulatory	85
chr15	65001136	65001221	EH38D4882993_65000938_65001221	regulatory	85
chr15	26206239	26206324	EH38D2769226_26205989_26206324	regulatory	85
chr15	40321123	40321208	EH38D4867129_40321060_40321407	regulatory	85
chr15	94645304	94645389	EH38D4908534_94645048_94645389	regulatory	85
chr15	75667105	75667190	EH38D4893732_75667105_75667258	regulatory	85
chr15	77856864	77856949	EH38D2813181_77856746_77856949	regulatory	85
chr15	76327745	76327830	EH38D2811730_76327605_76327944	regulatory	85
chr15	46879673	46879758	EH38D2784644_46879409_46879758	regulatory	85
chr15	91055791	91055876	EH38D4906203_91055639_91055876	regulatory	85
chr15	34754998	34755083	EH38D4864041_34754841_34755183	regulatory	85
chr15	89458943	89459028	EH38D2822960_89458890_89459155	regulatory	85
chr15	70425571	70425656	EH38D2806020_70425571_70425787	regulatory	85
chr15	40835453	40835538	EH38D4867735_40835206_40835553	regulatory	85
chr15	87173775	87173860	EH38D2820941_87173674_87174021	regulatory	85
chr15	87155078	87155163	EH38D4902530_87154813_87155163	regulatory	85
chr15	63895160	63895245	EH38D2798990_63894938_63895275	regulatory	85
chr15	79602775	79602860	EH38D2814891_79602775_79603123	regulatory	85
chr15	62999721	62999806	EH38D4881176_62999677_62999854	regulatory	85
chr15	63158450	63158535	EH38D2798162_63158360_63158535	regulatory	85
chr15	51642799	51642884	EH38D4874512_51642799_51643000	regulatory	85
chr15	66701869	66701953	EH38D4884749_66701869_66702048	regulatory	84
chr15	62162114	62162198	EH38D2797052_62162114_62162413	regulatory	84
chr15	52731201	52731285	EH38D4875310_52731093_52731285	regulatory	84
chr15	40665700	40665784	EH38D4867537_40665620_40665784	regulatory	84
chr15	84961146	84961230	EH38D4901270_84961016_84961361	regulatory	84
chr15	53398267	53398351	EH38D2789924_53398002_53398351	regulatory	84
chr15	68736040	68736124	EH38D4886971_68735803_68736124	regulatory	84
chr15	70625749	70625833	EH38D4888997_70625486_70625833	regulatory	84
chr15	62988975	62989059	EH38D4881168_62988728_62989059	regulatory	84
chr15	75718541	75718625	EH38D4893830_75718381_75718710	regulatory	84
chr15	62166027	62166111	EH38D2797061_62166027_62166359	regulatory	84
chr15	73019417	73019501	EH38D2808414_73019160_73019501	regulatory	84
chr15	86036421	86036505	EH38D4902136_86036298_86036636	regulatory	84
chr15	42491148	42491232	EH38D4869421_42491001_42491350	regulatory	84
chr15	58770974	58771058	EH38D2794068_58770941_58771291	regulatory	84
chr15	50768193	50768277	EH38D4873885_50768193_50768345	regulatory	84
chr15	89747147	89747231	EH38D4904586_89747006_89747342	regulatory	84
chr15	59867640	59867724	EH38D4879210_59867484_59867832	regulatory	84
chr15	36832160	36832243	EH38D4864977_36831965_36832243	regulatory	83
chr15	73959703	73959786	EH38D4891464_73959533_73959786	regulatory	83
chr15	74780036	74780119	EH38D2810225_74779961_74780119	regulatory	83
chr15	70376037	70376120	EH38D2805959_70376037_70376343	regulatory	83
chr15	67534462	67534545	EH38D4885711_67534462_67534612	regulatory	83
chr15	42100210	42100293	EH38D4869124_42099943_42100293	regulatory	83
chr15	85795529	85795612	EH38D2819983_85795529_85795872	regulatory	83
chr15	99963531	99963614	EH38D2832117_99963507_99963855	regulatory	83
chr15	62935981	62936064	EH38D4881118_62935725_62936064	regulatory	83
chr15	99954455	99954538	EH38D2832103_99954455_99954800	regulatory	83
chr15	22224344	22224427	EH38D4856529_22224251_22224596	regulatory	83
chr15	40591707	40591790	EH38D2779932_40591470_40591790	regulatory	83
chr15	78077724	78077807	EH38D4896058_78077502_78077852	regulatory	83
chr15	89823469	89823552	EH38D2823309_89823469_89823817	regulatory	83
chr15	78361160	78361243	EH38D2813816_78361045_78361258	regulatory	83
chr15	87784357	87784440	EH38D2821373_87784161_87784440	regulatory	83
chr15	65227509	65227592	EH38D4883278_65227447_65227680	regulatory	83
chr15	40403755	40403838	EH38D4867265_40403755_40404050	regulatory	83
chr15	37105789	37105872	EH38D2776777_37105664_37105872	regulatory	83
chr15	38130734	38130816	EH38D4865573_38130729_38131079	regulatory	82
chr15	73639008	73639090	EH38D4891058_73638901_73639179	regulatory	82
chr15	89829947	89830029	EH38D2823322_89829685_89830029	regulatory	82
chr15	68518180	68518262	EH38D2803833_68518180_68518371	regulatory	82
chr15	84980357	84980439	EH38D4901294_84980357_84980706	regulatory	82
chr15	36887808	36887890	EH38D2776495_36887682_36887890	regulatory	82
chr15	70270163	70270245	EH38D4888547_70269976_70270245	regulatory	82
chr15	68734922	68735004	EH38D2804119_68734922_68735229	regulatory	82
chr15	69153150	69153232	EH38D4887323_69153150_69153414	regulatory	82
chr15	89780423	89780505	EH38D4904650_89780176_89780505	regulatory	82
chr15	57326447	57326529	EH38D4877387_57326253_57326529	regulatory	82
chr15	49083744	49083826	EH38D4872990_49083620_49083826	regulatory	82
chr15	49848051	49848133	EH38D2787092_49847953_49848133	regulatory	82
chr15	76334316	76334398	EH38D4894373_76334188_76334398	regulatory	82
chr15	89429606	89429688	EH38D2822927_89429432_89429688	regulatory	82
chr15	77568603	77568685	EH38D4895239_77568603_77568893	regulatory	82
chr15	74889129	74889211	EH38D4892796_74889129_74889334	regulatory	82
chr15	88657053	88657135	EH38D4903434_88656789_88657135	regulatory	82
chr15	63891380	63891462	EH38D4881937_63891380_63891535	regulatory	82
chr15	66803835	66803916	EH38D2801889_66803822_66804060	regulatory	81
chr15	53379148	53379229	EH38D2789912_53379033_53379229	regulatory	81
chr15	101147648	101147729	EH38D2833406_101147648_101147962	regulatory	81
chr15	97147467	97147548	EH38D2829762_97147467_97147811	regulatory	81
chr15	78305002	78305083	EH38D4896387_78304740_78305083	regulatory	81
chr15	79704771	79704852	EH38D2814959_79704632_79704882	regulatory	81
chr15	79827173	79827254	EH38D4897724_79826921_79827254	regulatory	81
chr15	41230757	41230838	EH38D4868107_41230610_41230949	regulatory	81
chr15	58583786	58583867	EH38D4878333_58583519_58583867	regulatory	81
chr15	37131707	37131788	EH38D2776807_37131707_37131969	regulatory	81
chr15	70356526	70356607	EH38D4888639_70356526_70356782	regulatory	81
chr15	68735803	68735884	EH38D4886971_68735803_68736124	regulatory	81
chr15	96687824	96687905	EH38D2829456_96687824_96687995	regulatory	81
chr15	40358137	40358218	EH38D4867198_40358054_40358404	regulatory	81
chr15	57552677	57552758	EH38D4877591_57552677_57553015	regulatory	81
chr15	78361045	78361126	EH38D2813816_78361045_78361258	regulatory	81
chr15	37739596	37739677	EH38D2777074_37739449_37739677	regulatory	81
chr15	68032937	68033018	EH38D4886115_68032671_68033018	regulatory	81
chr15	26244588	26244669	EH38D2769250_26244588_26244824	regulatory	81
chr15	49810847	49810928	EH38D2787064_49810847_49811062	regulatory	81
chr15	25891098	25891179	EH38D4858634_25891098_25891407	regulatory	81
chr15	94611893	94611974	EH38D4908522_94611753_94611974	regulatory	81
chr15	46829739	46829820	EH38D2784610_46829739_46829964	regulatory	81
chr15	70016623	70016703	EH38D2805446_70016623_70016972	regulatory	80
chr15	95603809	95603889	EH38D2828429_95603809_95604159	regulatory	80
chr15	74808751	74808831	EH38D4892676_74808481_74808831	regulatory	80
chr15	89937384	89937464	EH38D4904869_89937384_89937715	regulatory	80
chr15	66565998	66566078	EH38D4884585_66565842_66566186	regulatory	80
chr15	60343490	60343570	EH38D4879467_60343238_60343570	regulatory	80
chr15	70643607	70643687	EH38D4889011_70643455_70643687	regulatory	80
chr15	98552390	98552470	EH38D4910412_98552386_98552601	regulatory	80
chr15	31458293	31458373	EH38D4862181_31458293_31458479	regulatory	80
chr15	69926034	69926114	EH38D4888075_69926034_69926372	regulatory	80
chr15	97195037	97195117	EH38D2829794_97195037_97195331	regulatory	80
chr15	70156400	70156480	EH38D4888378_70156222_70156480	regulatory	80
chr15	88546681	88546761	EH38D4903303_88546411_88546761	regulatory	80
chr15	75842246	75842326	EH38D4893991_75842064_75842347	regulatory	80
chr15	68469933	68470013	EH38D4886610_68469933_68470259	regulatory	80
chr15	72851067	72851147	EH38D4890548_72850944_72851147	regulatory	80
chr15	89815654	89815734	EH38D4904728_89815510_89815734	regulatory	80
chr15	84049477	84049557	EH38D2818563_84049477_84049790	regulatory	80
chr15	94833665	94833744	EH38D4908608_94833665_94833866	regulatory	79
chr15	57328736	57328815	EH38D4877389_57328541_57328815	regulatory	79
chr15	70452091	70452170	EH38D2806066_70451928_70452170	regulatory	79
chr15	77538420	77538499	EH38D2812805_77538420_77538720	regulatory	79
chr15	78916308	78916387	EH38D2814329_78916190_78916387	regulatory	79
chr15	79091714	79091793	EH38D4897297_79091456_79091793	regulatory	79
chr15	76327865	76327944	EH38D2811730_76327605_76327944	regulatory	79
chr15	63188307	63188386	EH38D4881361_63188307_63188508	regulatory	79
chr15	89430824	89430903	EH38D4904258_89430696_89431033	regulatory	79
chr15	78104370	78104449	EH38D4896114_78104193_78104449	regulatory	79
chr15	79973175	79973254	EH38D2815176_79972984_79973254	regulatory	79
chr15	84716460	84716539	EH38D4900948_84716328_84716539	regulatory	79
chr15	59700088	59700167	EH38D2794897_59700088_59700345	regulatory	79
chr15	63090588	63090667	EH38D2798098_63090588_63090924	regulatory	79
chr15	75130066	75130145	EH38D4893095_75129815_75130145	regulatory	79
chr15	23639152	23639231	EH38D2767849_23639030_23639231	regulatory	79
chr15	70534191	70534270	EH38D4888906_70533960_70534310	regulatory	79
chr15	101724473	101724552	EH38D4913707_101724383_101724733	regulatory	79
chr15	70792391	70792469	EH38D4889110_70792137_70792469	regulatory	78
chr15	75125082	75125160	EH38D4893090_75124941_75125160	regulatory	78
chr15	75627905	75627983	EH38D4893663_75627661_75627983	regulatory	78
chr15	89441278	89441356	EH38D4904268_89441278_89441453	regulatory	78
chr15	44537046	44537124	EH38D4870648_44536874_44537224	regulatory	78
chr15	68018330	68018408	EH38D2803267_68018070_68018408	regulatory	78
chr15	80404214	80404292	EH38D2815550_80404086_80404432	regulatory	78
chr15	63894938	63895016	EH38D2798990_63894938_63895275	regulatory	78
chr15	90817382	90817460	EH38D4905871_90817278_90817460	regulatory	78
chr15	58766423	58766501	EH38D4878447_58766423_58766636	regulatory	78
chr15	63177448	63177526	EH38D2798174_63177197_63177526	regulatory	78
chr15	73972955	73973033	EH38D4891487_73972931_73973278	regulatory	78
chr15	82445640	82445718	EH38D4899638_82445640_82445790	regulatory	78
chr15	44822968	44823046	EH38D4870864_44822968_44823215	regulatory	78
chr15	81157505	81157583	EH38D4898836_81157505_81157848	regulatory	78
chr15	44781169	44781247	EH38D4870827_44781169_44781427	regulatory	78
chr15	75335688	75335766	EH38D2810824_75335481_75335766	regulatory	78
chr15	63034687	63034765	EH38D2797977_63034687_63034873	regulatory	78
chr15	70260344	70260422	EH38D4888525_70260113_70260422	regulatory	78
chr15	97902168	97902246	EH38D4909985_97902168_97902408	regulatory	78
chr15	59896741	59896818	EH38D2795037_59896616_59896818	regulatory	77
chr15	63038886	63038963	EH38D4881205_63038796_63038963	regulatory	77
chr15	71784785	71784862	EH38D4889761_71784785_71785036	regulatory	77
chr15	38252179	38252256	EH38D4865642_38252179_38252508	regulatory	77
chr15	78911146	78911223	EH38D4897024_78910875_78911223	regulatory	77
chr15	67989615	67989692	EH38D2803241_67989381_67989692	regulatory	77
chr15	70356705	70356782	EH38D4888639_70356526_70356782	regulatory	77
chr15	89019243	89019320	EH38D4903784_89019243_89019450	regulatory	77
chr15	35080461	35080538	EH38D2775068_35080372_35080538	regulatory	77
chr15	91302852	91302929	EH38D4906347_91302710_91302929	regulatory	77
chr15	89499018	89499095	EH38D4904361_89498939_89499095	regulatory	77
chr15	63015128	63015205	EH38D4881188_63015128_63015289	regulatory	77
chr15	78951643	78951720	EH38D4897093_78951418_78951720	regulatory	77
chr15	27730844	27730921	EH38D4859522_27730844_27731194	regulatory	77
chr15	75801879	75801956	EH38D2811273_75801879_75802051	regulatory	77
chr15	91350159	91350236	EH38D2824810_91350159_91350367	regulatory	77
chr15	57364664	57364741	EH38D4877431_57364664_57365013	regulatory	77
chr15	34988621	34988698	EH38D4864163_34988621_34988776	regulatory	77
chr15	92391692	92391769	EH38D4907013_92391692_92392026	regulatory	77
chr15	43826872	43826949	EH38D4870262_43826782_43827117	regulatory	77
chr15	68543684	68543761	EH38D4886678_68543684_68543864	regulatory	77
chr15	78308265	78308342	EH38D2813742_78308017_78308342	regulatory	77
chr15	101580010	101580086	EH38D4913605_101579814_101580161	regulatory	76
chr15	63088869	63088945	EH38D4881278_63088869_63089184	regulatory	76
chr15	27671557	27671633	EH38D4859479_27671460_27671633	regulatory	76
chr15	53208705	53208781	EH38D4875521_53208578_53208781	regulatory	76
chr15	40892203	40892279	EH38D4867812_40892193_40892449	regulatory	76
chr15	65303744	65303820	EH38D4883348_65303619_65303820	regulatory	76
chr15	67880882	67880958	EH38D4885999_67880676_67881022	regulatory	76
chr15	52104811	52104887	EH38D4874820_52104761_52104991	regulatory	76
chr15	85345286	85345362	EH38D4901555_85345161_85345362	regulatory	76
chr15	45344245	45344321	EH38D4871309_45343988_45344321	regulatory	76
chr15	70610164	70610240	EH38D2806272_70609893_70610240	regulatory	76
chr15	59535417	59535493	EH38D2794742_59535151_59535493	regulatory	76
chr15	89023342	89023418	EH38D2822461_89023342_89023664	regulatory	76
chr15	80027057	80027133	EH38D4897906_80026792_80027133	regulatory	76
chr15	42106572	42106648	EH38D4869136_42106316_42106648	regulatory	76
chr15	66260416	66260492	EH38D4884334_66260152_66260492	regulatory	76
chr15	101258500	101258576	EH38D2833565_101258500_101258793	regulatory	76
chr15	37740874	37740950	EH38D4865352_37740643_37740950	regulatory	76
chr15	49081929	49082005	EH38D4872987_49081867_49082109	regulatory	76
chr15	70257918	70257994	EH38D2805804_70257918_70258135	regulatory	76
chr15	90857826	90857902	EH38D4905932_90857724_90858049	regulatory	76
chr15	63904333	63904409	EH38D4881953_63904086_63904409	regulatory	76
chr15	52805972	52806048	EH38D4875400_52805769_52806048	regulatory	76
chr15	22757527	22757603	EH38D4856794_22757358_22757603	regulatory	76
chr15	63603478	63603554	EH38D4881750_63603237_63603554	regulatory	76
chr15	65611289	65611365	EH38D4883675_65611075_65611425	regulatory	76
chr15	40565585	40565661	EH38D4867477_40565585_40565786	regulatory	76
chr15	38454050	38454126	EH38D4865755_38454050_38454352	regulatory	76
chr15	89780711	89780787	EH38D2823247_89780711_89781007	regulatory	76
chr15	70338893	70338969	EH38D2805910_70338796_70339107	regulatory	76
chr15	78907935	78908011	EH38D4897020_78907681_78908011	regulatory	76
chr15	50793998	50794073	EH38D4873901_50793865_50794073	regulatory	75
chr15	74439089	74439164	EH38D4892219_74439089_74439270	regulatory	75
chr15	59533151	59533226	EH38D4879021_59533063_59533226	regulatory	75
chr15	38618563	38618638	EH38D4865879_38618563_38618901	regulatory	75
chr15	74888947	74889022	EH38D2810377_74888711_74889022	regulatory	75
chr15	68480118	68480193	EH38D2803794_68479995_68480222	regulatory	75
chr15	76976741	76976816	EH38D2812200_76976663_76976849	regulatory	75
chr15	60127097	60127172	EH38D4879359_60127012_60127172	regulatory	75
chr15	75626854	75626929	EH38D4893661_75626854_75627167	regulatory	75
chr15	40349769	40349844	EH38D4867182_40349769_40349989	regulatory	75
chr15	63499118	63499193	EH38D2798599_63498918_63499238	regulatory	75
chr15	23562131	23562206	EH38D4857405_23562008_23562206	regulatory	75
chr15	60345214	60345289	EH38D4879471_60345126_60345289	regulatory	75
chr15	57873537	57873612	EH38D4877787_57873537_57873787	regulatory	75
chr15	45703921	45703996	EH38D4871573_45703712_45704057	regulatory	75
chr15	29636202	29636277	EH38D4860908_29636202_29636551	regulatory	75
chr15	70476449	70476524	EH38D4888813_70476178_70476524	regulatory	75
chr15	66700368	66700442	EH38D4884745_66700274_66700442	regulatory	74
chr15	69979805	69979879	EH38D2805402_69979805_69980155	regulatory	74
chr15	39454894	39454968	EH38D2778623_39454723_39454968	regulatory	74
chr15	62135987	62136061	EH38D2797029_62135987_62136190	regulatory	74
chr15	90152281	90152355	EH38D2823648_90152021_90152355	regulatory	74
chr15	31268558	31268632	EH38D4861866_31268484_31268641	regulatory	74
chr15	75130275	75130349	EH38D4893096_75130147_75130349	regulatory	74
chr15	58761021	58761095	EH38D4878445_58761021_58761306	regulatory	74
chr15	48400422	48400496	EH38D2785863_48400147_48400496	regulatory	74
chr15	95865637	95865711	EH38D4909035_95865637_95865827	regulatory	74
chr15	36501368	36501442	EH38D2776143_36501094_36501442	regulatory	74
chr15	40485842	40485916	EH38D2779834_40485773_40486101	regulatory	74
chr15	66876938	66877012	EH38D4885060_66876938_66877284	regulatory	74
chr15	99509755	99509829	EH38D4911440_99509755_99510084	regulatory	74
chr15	28873883	28873957	EH38D4860172_28873798_28874137	regulatory	74
chr15	42132429	42132503	EH38D4869159_42132297_42132503	regulatory	74
chr15	53807777	53807850	EH38D2790174_53807504_53807850	regulatory	73
chr15	59919124	59919197	EH38D4879239_59919094_59919254	regulatory	73
chr15	41514066	41514139	EH38D2780712_41514066_41514239	regulatory	73
chr15	77568416	77568489	EH38D4895238_77568288_77568489	regulatory	73
chr15	55786666	55786739	EH38D2791321_55786390_55786739	regulatory	73
chr15	69971662	69971735	EH38D4888102_69971549_69971735	regulatory	73
chr15	75814853	75814926	EH38D4893965_75814853_75815050	regulatory	73
chr15	31304340	31304413	EH38D4861931_31304340_31304679	regulatory	73
chr15	27574556	27574629	EH38D2770063_27574556_27574906	regulatory	73
chr15	79973452	79973525	EH38D4897844_79973452_79973797	regulatory	73
chr15	70428034	70428106	EH38D4888734_70427866_70428106	regulatory	72
chr15	87210180	87210252	EH38D2820965_87209904_87210252	regulatory	72
chr15	70319330	70319402	EH38D4888601_70319053_70319402	regulatory	72
chr15	97196242	97196314	EH38D4909755_97196161_97196493	regulatory	72
chr15	69890899	69890971	EH38D2805308_69890767_69890971	regulatory	72
chr15	44267551	44267623	EH38D2782897_44267551_44267835	regulatory	72
chr15	56532515	56532587	EH38D2791848_56532418_56532587	regulatory	72
chr15	90529180	90529252	EH38D4905580_90529097_90529252	regulatory	72
chr15	62928276	62928348	EH38D2797852_62928276_62928444	regulatory	72
chr15	29637839	29637911	EH38D4860909_29637745_29637977	regulatory	72
chr15	55518839	55518911	EH38D4876434_55518752_55518961	regulatory	72
chr15	96890059	96890131	EH38D4909624_96890059_96890409	regulatory	72
chr15	80755621	80755693	EH38D4898478_80755423_80755693	regulatory	72
chr15	31262664	31262736	EH38D4861851_31262579_31262736	regulatory	72
chr15	63860853	63860925	EH38D2798948_63860634_63860925	regulatory	72
chr15	89976421	89976493	EH38D4904906_89976293_89976493	regulatory	72
chr15	66689080	66689152	EH38D4884737_66688887_66689152	regulatory	72
chr15	78383155	78383227	EH38D4896490_78382894_78383227	regulatory	72
chr15	64813595	64813667	EH38D4882769_64813595_64813777	regulatory	72
chr15	94230580	94230651	EH38D4908326_94230443_94230651	regulatory	71
chr15	26158787	26158858	EH38D2769192_26158657_26158858	regulatory	71
chr15	44980143	44980214	EH38D2783362_44980015_44980214	regulatory	71
chr15	34437808	34437879	EH38D4863862_34437685_34438031	regulatory	71
chr15	40956600	40956671	EH38D4867931_40956600_40956940	regulatory	71
chr15	89825283	89825354	EH38D2823312_89825283_89825623	regulatory	71
chr15	59724601	59724672	EH38D4879153_59724601_59724945	regulatory	71
chr15	34647983	34648054	EH38D2774725_34647983_34648135	regulatory	71
chr15	31252242	31252313	EH38D2772298_31252214_31252559	regulatory	71
chr15	73727560	73727631	EH38D2809017_73727386_73727728	regulatory	71
chr15	27548551	27548622	EH38D2770048_27548551_27548743	regulatory	71
chr15	37876560	37876631	EH38D2777158_37876425_37876631	regulatory	71
chr15	66852915	66852986	EH38D4885025_66852840_66853038	regulatory	71
chr15	23498461	23498532	EH38D4857383_23498288_23498540	regulatory	71
chr15	75836523	75836594	EH38D2811306_75836378_75836619	regulatory	71
chr15	90145502	90145573	EH38D4905154_90145269_90145573	regulatory	71
chr15	57591482	57591552	EH38D4877629_57591262_57591552	regulatory	70
chr15	20374109	20374179	EH38D2767152_20373908_20374179	regulatory	70
chr15	34216649	34216719	EH38D4863710_34216462_34216719	regulatory	70
chr15	75832181	75832251	EH38D4893982_75832181_75832441	regulatory	70
chr15	79115713	79115783	EH38D4897317_79115523_79115783	regulatory	70
chr15	70101702	70101772	EH38D2805583_70101422_70101772	regulatory	70
chr15	39466380	39466450	EH38D2778637_39466380_39466728	regulatory	70
chr15	70141432	70141502	EH38D2805628_70141152_70141502	regulatory	70
chr15	70033650	70033720	EH38D4888189_70033554_70033720	regulatory	70
chr15	70788218	70788288	EH38D4889105_70788218_70788398	regulatory	70
chr15	41514169	41514239	EH38D2780712_41514066_41514239	regulatory	70
chr15	78622117	78622187	EH38D2814018_78621839_78622187	regulatory	70
chr15	23860956	23861026	EH38D4857524_23860956_23861264	regulatory	70
chr15	50378155	50378225	EH38D4873678_50377895_50378225	regulatory	70
chr15	90863671	90863741	EH38D2824370_90863436_90863741	regulatory	70
chr15	48361147	48361217	EH38D2785820_48360871_48361217	regulatory	70
chr15	84080097	84080167	EH38D2818576_84079991_84080339	regulatory	70
chr15	79643560	79643630	EH38D2814922_79643437_79643787	regulatory	70
chr15	40323585	40323655	EH38D2779617_40323314_40323655	regulatory	70
chr15	70378393	70378463	EH38D4888668_70378114_70378463	regulatory	70
chr15	36429803	36429873	EH38D2776081_36429803_36430004	regulatory	70
chr15	40944958	40945028	EH38D2780282_40944958_40945250	regulatory	70
chr15	63440703	63440772	EH38D4881588_63440703_63441047	regulatory	69
chr15	67999997	68000066	EH38D4886091_67999785_68000066	regulatory	69
chr15	61749576	61749645	EH38D4880320_61749576_61749738	regulatory	69
chr15	70494199	70494268	EH38D4888844_70494199_70494548	regulatory	69
chr15	75634579	75634648	EH38D4893667_75634576_75634798	regulatory	69
chr15	66819260	66819329	EH38D2801897_66819107_66819444	regulatory	69
chr15	94745234	94745303	EH38D2827784_94745234_94745413	regulatory	69
chr15	78539969	78540038	EH38D4896611_78539854_78540038	regulatory	69
chr15	96699914	96699983	EH38D2829469_96699914_96700250	regulatory	69
chr15	88381963	88382032	EH38D2821888_88381731_88382032	regulatory	69
chr15	70440411	70440480	EH38D4888751_70440411_70440761	regulatory	69
chr15	70198509	70198578	EH38D4888446_70198405_70198578	regulatory	69
chr15	47003833	47003902	EH38D4871955_47003571_47003902	regulatory	69
chr15	90000825	90000894	EH38D4904929_90000604_90000894	regulatory	69
chr15	36526375	36526444	EH38D4864787_36526375_36526607	regulatory	69
chr15	40379429	40379498	EH38D4867236_40379428_40379736	regulatory	69
chr15	70625486	70625555	EH38D4888997_70625486_70625833	regulatory	69
chr15	74392493	74392562	EH38D2809799_74392493_74392842	regulatory	69
chr15	94206818	94206887	EH38D4908317_94206818_94207064	regulatory	69
chr15	74526290	74526359	EH38D2809973_74526056_74526404	regulatory	69
chr15	43356455	43356524	EH38D4869976_43356455_43356675	regulatory	69
chr15	47184031	47184100	EH38D4871999_47184031_47184191	regulatory	69
chr15	31257620	31257688	EH38D4861841_31257620_31257839	regulatory	68
chr15	23423129	23423197	EH38D4857334_23423012_23423197	regulatory	68
chr15	74519532	74519600	EH38D4892305_74519532_74519733	regulatory	68
chr15	50908603	50908671	EH38D4873974_50908405_50908754	regulatory	68
chr15	73900390	73900458	EH38D4891354_73900145_73900458	regulatory	68
chr15	96860801	96860869	EH38D2829573_96860801_96861012	regulatory	68
chr15	68576275	68576343	EH38D2803897_68576275_68576571	regulatory	68
chr15	84669380	84669448	EH38D2818795_84669142_84669448	regulatory	68
chr15	85335465	85335533	EH38D4901545_85335360_85335533	regulatory	68
chr15	69852732	69852800	EH38D4888008_69852484_69852832	regulatory	68
chr15	70436022	70436090	EH38D4888745_70436007_70436323	regulatory	68
chr15	70460399	70460467	EH38D2806074_70460389_70460673	regulatory	68
chr15	74938716	74938784	EH38D4892856_74938591_74938862	regulatory	68
chr15	72836815	72836883	EH38D4890533_72836710_72836899	regulatory	68
chr15	36526539	36526607	EH38D4864787_36526375_36526607	regulatory	68
chr15	76334188	76334256	EH38D4894373_76334188_76334398	regulatory	68
chr15	78374835	78374903	EH38D2813832_78374826_78375005	regulatory	68
chr15	80193628	80193696	EH38D2815402_80193628_80193786	regulatory	68
chr15	67813729	67813797	EH38D4885892_67813729_67813893	regulatory	68
chr15	70462696	70462764	EH38D4888784_70462590_70462764	regulatory	68
chr15	67989455	67989523	EH38D2803241_67989381_67989692	regulatory	68
chr15	77568288	77568356	EH38D4895238_77568288_77568489	regulatory	68
chr15	75903406	75903474	EH38D2811368_75903406_75903595	regulatory	68
chr15	40154096	40154164	EH38D4866922_40153820_40154164	regulatory	68
chr15	40159720	40159788	EH38D2779437_40159720_40160059	regulatory	68
chr15	45947012	45947080	EH38D2784148_45946986_45947336	regulatory	68
chr15	67879760	67879828	EH38D4885997_67879484_67879828	regulatory	68
chr15	77821054	77821122	EH38D4895637_77821054_77821223	regulatory	68
chr15	74395227	74395295	EH38D4892136_74394945_74395295	regulatory	68
chr15	73679274	73679342	EH38D4891081_73679274_73679509	regulatory	68
chr15	75843238	75843306	EH38D4893995_75843238_75843575	regulatory	68
chr15	88699967	88700035	EH38D2822181_88699822_88700035	regulatory	68
chr15	71789205	71789273	EH38D2807417_71789205_71789541	regulatory	68
chr15	81000304	81000371	EH38D4898727_81000061_81000371	regulatory	67
chr15	67914630	67914697	EH38D4886027_67914616_67914855	regulatory	67
chr15	70528199	70528266	EH38D4888891_70528199_70528545	regulatory	67
chr15	88605110	88605177	EH38D4903337_88604954_88605177	regulatory	67
chr15	46934898	46934965	EH38D2784675_46934877_46935210	regulatory	67
chr15	44718851	44718918	EH38D4870780_44718666_44718936	regulatory	67
chr15	57308237	57308304	EH38D2792551_57308237_57308414	regulatory	67
chr15	33282406	33282473	EH38D4863184_33282406_33282663	regulatory	67
chr15	62895404	62895471	EH38D4881084_62895141_62895491	regulatory	67
chr15	88364790	88364857	EH38D4903146_88364632_88364857	regulatory	67
chr15	25643197	25643264	EH38D2768697_25643155_25643501	regulatory	67
chr15	60208714	60208781	EH38D2795316_60208714_60209063	regulatory	67
chr15	95987363	95987430	EH38D2828764_95987363_95987652	regulatory	67
chr15	100688157	100688224	EH38D4912351_100687955_100688224	regulatory	67
chr15	63160361	63160428	EH38D2798163_63160312_63160661	regulatory	67
chr15	80662415	80662481	EH38D4898408_80662156_80662481	regulatory	66
chr15	100714997	100715063	EH38D4912383_100714997_100715334	regulatory	66
chr15	44821014	44821080	EH38D4870863_44821014_44821279	regulatory	66
chr15	82047548	82047614	EH38D4899353_82047548_82047822	regulatory	66
chr15	56053124	56053190	EH38D4876712_56053124_56053357	regulatory	66
chr15	66818800	66818866	EH38D4884958_66818800_66818992	regulatory	66
chr15	33216355	33216421	EH38D2773678_33216313_33216637	regulatory	66
chr15	23437864	23437930	EH38D4857348_23437805_23438002	regulatory	66
chr15	53786500	53786566	EH38D2790164_53786399_53786747	regulatory	66
chr15	89500680	89500746	EH38D2823002_89500680_89500939	regulatory	66
chr15	84717021	84717087	EH38D4900950_84716931_84717087	regulatory	66
chr15	87268800	87268866	EH38D4902566_87268800_87268968	regulatory	66
chr15	60127012	60127078	EH38D4879359_60127012_60127172	regulatory	66
chr15	74812649	74812715	EH38D4892682_74812649_74812906	regulatory	66
chr15	85335366	85335432	EH38D4901545_85335360_85335533	regulatory	66
chr15	90372045	90372111	EH38D4905440_90371903_90372114	regulatory	66
chr15	78432730	78432796	EH38D4896548_78432636_78432976	regulatory	66
chr15	66956518	66956584	EH38D4885175_66956236_66956584	regulatory	66
chr15	70300384	70300450	EH38D4888584_70300106_70300450	regulatory	66
chr15	70375034	70375100	EH38D4888662_70374909_70375100	regulatory	66
chr15	39497580	39497646	EH38D2778673_39497520_39497683	regulatory	66
chr15	70166360	70166426	EH38D2805674_70166360_70166619	regulatory	66
chr15	40356434	40356500	EH38D2779682_40356294_40356500	regulatory	66
chr15	66566121	66566186	EH38D4884585_66565842_66566186	regulatory	65
chr15	52733470	52733535	EH38D4875313_52733214_52733535	regulatory	65
chr15	85933385	85933450	EH38D2820100_85933286_85933450	regulatory	65
chr15	96947994	96948059	EH38D2829622_96947994_96948341	regulatory	65
chr15	35018450	35018515	EH38D2775016_35018450_35018621	regulatory	65
chr15	63121702	63121767	EH38D2798130_63121616_63121966	regulatory	65
chr15	80260171	80260236	EH38D2815453_80260031_80260236	regulatory	65
chr15	70416489	70416554	EH38D4888720_70416262_70416554	regulatory	65
chr15	44784042	44784107	EH38D4870830_44783851_44784107	regulatory	65
chr15	74461182	74461247	EH38D4892260_74461058_74461407	regulatory	65
chr15	74434621	74434686	EH38D2809883_74434337_74434686	regulatory	65
chr15	63469356	63469421	EH38D4881617_63469284_63469463	regulatory	65
chr15	69980040	69980105	EH38D2805402_69979805_69980155	regulatory	65
chr15	67884904	67884969	EH38D2803136_67884619_67884969	regulatory	65
chr15	70535147	70535212	EH38D2806187_70535147_70535491	regulatory	65
chr15	89753910	89753975	EH38D4904599_89753910_89754178	regulatory	65
chr15	100849495	100849560	EH38D4912518_100849495_100849822	regulatory	65
chr15	62958863	62958928	EH38D4881138_62958583_62958928	regulatory	65
chr15	95987587	95987652	EH38D2828764_95987363_95987652	regulatory	65
chr15	37103723	37103788	EH38D2776772_37103523_37103788	regulatory	65
chr15	76343465	76343530	EH38D4894400_76343299_76343530	regulatory	65
chr15	98648038	98648103	EH38D4910507_98648038_98648201	regulatory	65
chr15	101255081	101255146	EH38D4913096_101255081_101255422	regulatory	65
chr15	70348664	70348729	EH38D4888624_70348639_70348884	regulatory	65
chr15	40966043	40966108	EH38D4867947_40965775_40966108	regulatory	65
chr15	32700949	32701014	EH38D4862794_32700668_32701014	regulatory	65
chr15	76988275	76988340	EH38D4894726_76988123_76988340	regulatory	65
chr15	70474055	70474119	EH38D4888807_70474055_70474266	regulatory	64
chr15	43276206	43276270	EH38D4869918_43276148_43276484	regulatory	64
chr15	55785058	55785122	EH38D4876561_55784787_55785122	regulatory	64
chr15	88791806	88791870	EH38D2822246_88791693_88792042	regulatory	64
chr15	85796018	85796082	EH38D2819984_85796018_85796272	regulatory	64
chr15	89826957	89827021	EH38D4904745_89826928_89827192	regulatory	64
chr15	88302653	88302717	EH38D4903118_88302395_88302717	regulatory	64
chr15	62979595	62979659	EH38D4881158_62979319_62979659	regulatory	64
chr15	99498375	99498439	EH38D4911418_99498198_99498439	regulatory	64
chr15	77513229	77513293	EH38D2812768_77513229_77513576	regulatory	64
chr15	70149149	70149213	EH38D2805641_70149149_70149494	regulatory	64
chr15	69452349	69452413	EH38D4887571_69452109_69452413	regulatory	64
chr15	39447715	39447779	EH38D2778613_39447491_39447779	regulatory	64
chr15	39579548	39579612	EH38D2778746_39579548_39579755	regulatory	64
chr15	95559212	95559276	EH38D2828388_95558975_95559276	regulatory	64
chr15	31235513	31235577	EH38D4861805_31235449_31235792	regulatory	64
chr15	90868015	90868079	EH38D4905942_90867783_90868079	regulatory	64
chr15	84878898	84878962	EH38D4901174_84878898_84879103	regulatory	64
chr15	70778961	70779025	EH38D2806429_70778709_70779025	regulatory	64
chr15	91679779	91679843	EH38D4906530_91679779_91679951	regulatory	64
chr15	91853502	91853566	EH38D4906624_91853502_91853852	regulatory	64
chr15	69861924	69861988	EH38D2805276_69861638_69861988	regulatory	64
chr15	82287215	82287279	EH38D4899515_82287215_82287380	regulatory	64
chr15	73021261	73021325	EH38D4890629_73021175_73021325	regulatory	64
chr15	99466730	99466793	EH38D4911370_99466730_99467077	regulatory	63
chr15	85342232	85342295	EH38D2819404_85342232_85342525	regulatory	63
chr15	91315012	91315075	EH38D2824783_91314830_91315075	regulatory	63
chr15	101725076	101725139	EH38D2834102_101725067_101725253	regulatory	63
chr15	70278883	70278946	EH38D4888559_70278661_70278946	regulatory	63
chr15	23536744	23536807	EH38D2767791_23536663_23536999	regulatory	63
chr15	85832535	85832598	EH38D2820016_85832389_85832737	regulatory	63
chr15	67916139	67916202	EH38D2803168_67916139_67916313	regulatory	63
chr15	70531308	70531371	EH38D4888899_70531308_70531542	regulatory	63
chr15	89028074	89028137	EH38D2822464_89028074_89028390	regulatory	63
chr15	70617828	70617891	EH38D4888992_70617828_70618165	regulatory	63
chr15	73727665	73727728	EH38D2809017_73727386_73727728	regulatory	63
chr15	76323467	76323530	EH38D4894355_76323201_76323551	regulatory	63
chr15	44721287	44721350	EH38D4870788_44721287_44721504	regulatory	63
chr15	99518522	99518585	EH38D2831771_99518239_99518585	regulatory	63
chr15	89781398	89781461	EH38D4904651_89781112_89781461	regulatory	63
chr15	91314830	91314893	EH38D2824783_91314830_91315075	regulatory	63
chr15	71054390	71054453	EH38D4889278_71054350_71054689	regulatory	63
chr15	52847564	52847627	EH38D2789668_52847425_52847627	regulatory	63
chr15	68777227	68777290	EH38D2804155_68777227_68777474	regulatory	63
chr15	41546993	41547056	EH38D4868417_41546990_41547205	regulatory	63
chr15	69071449	69071512	EH38D2804445_69071382_69071562	regulatory	63
chr15	91846027	91846090	EH38D4906616_91846027_91846317	regulatory	63
chr15	85956494	85956557	EH38D2820122_85956494_85956843	regulatory	63
chr15	74771836	74771899	EH38D4892597_74771567_74771899	regulatory	63
chr15	84949162	84949225	EH38D2819083_84949066_84949411	regulatory	63
chr15	63858968	63859031	EH38D4881903_63858892_63859227	regulatory	63
chr15	90516487	90516550	EH38D2824010_90516487_90516663	regulatory	63
chr15	53407976	53408039	EH38D2789931_53407976_53408189	regulatory	63
chr15	41607281	41607344	EH38D2780806_41607051_41607401	regulatory	63
chr15	87817624	87817687	EH38D2821395_87817624_87817858	regulatory	63
chr15	38617746	38617808	EH38D4865877_38617579_38617808	regulatory	62
chr15	89827101	89827163	EH38D4904745_89826928_89827192	regulatory	62
chr15	88992548	88992610	EH38D4903758_88992532_88992768	regulatory	62
chr15	57313363	57313425	EH38D4877366_57313187_57313425	regulatory	62
chr15	53844235	53844297	EH38D4875766_53844235_53844581	regulatory	62
chr15	35028491	35028553	EH38D4864180_35028292_35028553	regulatory	62
chr15	93030437	93030499	EH38D2826456_93030275_93030499	regulatory	62
chr15	79107451	79107513	EH38D2814522_79107163_79107513	regulatory	62
chr15	63010451	63010513	EH38D4881183_63010451_63010651	regulatory	62
chr15	68487623	68487685	EH38D2803804_68487623_68487862	regulatory	62
chr15	59700283	59700345	EH38D2794897_59700088_59700345	regulatory	62
chr15	101579814	101579876	EH38D4913605_101579814_101580161	regulatory	62
chr15	40345442	40345504	EH38D4867171_40345442_40345751	regulatory	62
chr15	93031582	93031644	EH38D4907612_93031582_93031795	regulatory	62
chr15	70432189	70432251	EH38D4888741_70431904_70432251	regulatory	62
chr15	23420124	23420185	EH38D4857327_23420099_23420425	regulatory	61
chr15	77840934	77840995	EH38D4895680_77840934_77841097	regulatory	61
chr15	63478327	63478388	EH38D4881626_63478327_63478530	regulatory	61
chr15	48681159	48681220	EH38D4872763_48680879_48681220	regulatory	61
chr15	78957150	78957211	EH38D2814373_78956921_78957264	regulatory	61
chr15	78757591	78757652	EH38D4896836_78757488_78757652	regulatory	61
chr15	70376634	70376695	EH38D2805960_70376461_70376705	regulatory	61
chr15	78540200	78540261	EH38D2813959_78540052_78540261	regulatory	61
chr15	70165398	70165459	EH38D4888392_70165184_70165522	regulatory	61
chr15	75123981	75124042	EH38D4893087_75123981_75124151	regulatory	61
chr15	22224251	22224312	EH38D4856529_22224251_22224596	regulatory	61
chr15	88800867	88800928	EH38D2822256_88800843_88801068	regulatory	61
chr15	81156121	81156182	EH38D2816378_81156121_81156431	regulatory	61
chr15	96879711	96879772	EH38D4909620_96879435_96879772	regulatory	61
chr15	89782228	89782289	EH38D4904653_89782082_89782429	regulatory	61
chr15	85837098	85837159	EH38D4902033_85837046_85837381	regulatory	61
chr15	68442318	68442379	EH38D2803764_68442061_68442389	regulatory	61
chr15	70208675	70208736	EH38D4888458_70208470_70208736	regulatory	61
chr15	96346425	96346486	EH38D2829171_96346425_96346715	regulatory	61
chr15	66830002	66830063	EH38D4884973_66829720_66830063	regulatory	61
chr15	69988359	69988419	EH38D4888117_69988190_69988419	regulatory	60
chr15	90864455	90864515	EH38D2824372_90864316_90864515	regulatory	60
chr15	92602367	92602427	EH38D4907177_92602367_92602522	regulatory	60
chr15	70171830	70171890	EH38D2805680_70171549_70171890	regulatory	60
chr15	40039181	40039241	EH38D4866738_40039081_40039420	regulatory	60
chr15	75836838	75836898	EH38D4893986_75836635_75836898	regulatory	60
chr15	87734760	87734820	EH38D2821321_87734760_87735096	regulatory	60
chr15	96409307	96409367	EH38D4909409_96409187_96409367	regulatory	60
chr15	90149653	90149713	EH38D2823644_90149433_90149713	regulatory	60
chr15	48060931	48060991	EH38D4872436_48060806_48060991	regulatory	60
chr15	70260113	70260173	EH38D4888525_70260113_70260422	regulatory	60
chr15	52727466	52727526	EH38D4875307_52727255_52727526	regulatory	60
chr15	22838427	22838487	EH38D2767475_22838427_22838773	regulatory	60
chr15	80054379	80054439	EH38D2815248_80054179_80054529	regulatory	60
chr15	80619932	80619992	EH38D2815815_80619814_80619992	regulatory	60
chr15	65084776	65084836	EH38D4883109_65084565_65084899	regulatory	60
chr15	62998380	62998440	EH38D2797932_62998380_62998726	regulatory	60
chr15	80003491	80003551	EH38D4897874_80003221_80003551	regulatory	60
chr15	70617388	70617448	EH38D4888990_70617099_70617448	regulatory	60
chr15	98424443	98424503	EH38D4910304_98424443_98424609	regulatory	60
chr15	70479928	70479988	EH38D4888820_70479802_70480148	regulatory	60
chr15	64387687	64387747	EH38D4882421_64387599_64387946	regulatory	60
chr15	35062362	35062422	EH38D2775054_35062191_35062422	regulatory	60
chr15	59896616	59896676	EH38D2795037_59896616_59896818	regulatory	60
chr15	59857221	59857281	EH38D4879205_59857221_59857569	regulatory	60
chr15	51651738	51651797	EH38D4874518_51651543_51651797	regulatory	59
chr15	97021367	97021426	EH38D2829683_97021129_97021426	regulatory	59
chr15	73318689	73318748	EH38D2808659_73318577_73318748	regulatory	59
chr15	21270873	21270932	EH38D4856434_21270873_21271091	regulatory	59
chr15	79948572	79948631	EH38D4897804_79948299_79948631	regulatory	59
chr15	20650866	20650925	EH38D2767187_20650866_20651077	regulatory	59
chr15	23398605	23398664	EH38D4857301_23398422_23398664	regulatory	59
chr15	40486263	40486322	EH38D4867403_40486145_40486480	regulatory	59
chr15	76918846	76918905	EH38D4894668_76918715_76918905	regulatory	59
chr15	60318101	60318160	EH38D2795388_60317883_60318160	regulatory	59
chr15	72835359	72835418	EH38D2808260_72835359_72835706	regulatory	59
chr15	31200680	31200739	EH38D4861747_31200680_31201019	regulatory	59
chr15	66843658	66843717	EH38D4885001_66843658_66843859	regulatory	59
chr15	51651543	51651602	EH38D4874518_51651543_51651797	regulatory	59
chr15	44726250	44726308	EH38D4870797_44726213_44726522	regulatory	58
chr15	96879435	96879493	EH38D4909620_96879435_96879772	regulatory	58
chr15	73717492	73717550	EH38D4891137_73717278_73717550	regulatory	58
chr15	43825099	43825157	EH38D4870258_43825099_43825431	regulatory	58
chr15	98555397	98555455	EH38D4910415_98555173_98555455	regulatory	58
chr15	73034527	73034585	EH38D2808429_73034235_73034585	regulatory	58
chr15	74873365	74873423	EH38D4892785_74873247_74873502	regulatory	58
chr15	36575981	36576039	EH38D2776191_36575981_36576225	regulatory	58
chr15	98627236	98627294	EH38D4910492_98627191_98627536	regulatory	58
chr15	79769174	79769232	EH38D4897691_79769065_79769410	regulatory	58
chr15	29631531	29631589	EH38D4860902_29631382_29631589	regulatory	58
chr15	63897361	63897419	EH38D2798995_63897336_63897686	regulatory	58
chr15	96494022	96494080	EH38D4909465_96493848_96494080	regulatory	58
chr15	68577211	68577269	EH38D4886731_68577211_68577561	regulatory	58
chr15	70378114	70378172	EH38D4888668_70378114_70378463	regulatory	58
chr15	37107656	37107714	EH38D2776783_37107506_37107714	regulatory	58
chr15	74051917	74051975	EH38D4891611_74051824_74051975	regulatory	58
chr15	62903456	62903514	EH38D4881098_62903456_62903797	regulatory	58
chr15	77821399	77821457	EH38D4895638_77821275_77821457	regulatory	58
chr15	61759898	61759956	EH38D4880325_61759726_61759956	regulatory	58
chr15	39571293	39571351	EH38D2778738_39571094_39571351	regulatory	58
chr15	23413479	23413537	EH38D2767725_23413269_23413537	regulatory	58
chr15	101122812	101122870	EH38D4912917_101122657_101122870	regulatory	58
chr15	70160333	70160390	EH38D2805662_70160289_70160625	regulatory	57
chr15	70425332	70425389	EH38D2806019_70425040_70425389	regulatory	57
chr15	49713042	49713099	EH38D4873310_49712938_49713099	regulatory	57
chr15	72838700	72838757	EH38D4890537_72838590_72838757	regulatory	57
chr15	40114297	40114354	EH38D0627440_40114297_40114547	regulatory	57
chr15	25439788	25439845	EH38D2768539_25439788_25439940	regulatory	57
chr15	36415945	36416002	EH38D2776070_36415762_36416024	regulatory	57
chr15	95973815	95973872	EH38D2828753_95973815_95974123	regulatory	57
chr15	38243561	38243618	EH38D2777466_38243331_38243618	regulatory	57
chr15	78411743	78411800	EH38D2813869_78411597_78411939	regulatory	57
chr15	70258973	70259030	EH38D4888522_70258973_70259322	regulatory	57
chr15	66261259	66261316	EH38D2801317_66261066_66261415	regulatory	57
chr15	70824946	70825003	EH38D4889142_70824845_70825003	regulatory	57
chr15	66701991	66702048	EH38D4884749_66701869_66702048	regulatory	57
chr15	55004285	55004342	EH38D2790809_55004000_55004342	regulatory	57
chr15	99772455	99772512	EH38D2832005_99772455_99772741	regulatory	57
chr15	77891689	77891746	EH38D4895754_77891574_77891746	regulatory	57
chr15	31255269	31255326	EH38D4861838_31255178_31255461	regulatory	57
chr15	59535159	59535216	EH38D2794742_59535151_59535493	regulatory	57
chr15	63480071	63480128	EH38D4881631_63480071_63480417	regulatory	57
chr15	70033554	70033610	EH38D4888189_70033554_70033720	regulatory	56
chr15	73679453	73679509	EH38D4891081_73679274_73679509	regulatory	56
chr15	70478855	70478911	EH38D4888818_70478855_70479032	regulatory	56
chr15	64813721	64813777	EH38D4882769_64813595_64813777	regulatory	56
chr15	99416527	99416583	EH38D4911277_99416300_99416650	regulatory	56
chr15	101620562	101620618	EH38D4913635_101620386_101620618	regulatory	56
chr15	66270085	66270141	EH38D4884338_66270085_66270247	regulatory	56
chr15	86045390	86045446	EH38D2820193_86045390_86045654	regulatory	56
chr15	70614447	70614503	EH38D2806276_70614242_70614588	regulatory	56
chr15	70386581	70386637	EH38D2805978_70386581_70386872	regulatory	56
chr15	37102141	37102197	EH38D2776768_37102020_37102318	regulatory	56
chr15	72992337	72992393	EH38D4890614_72992120_72992393	regulatory	56
chr15	70234552	70234608	EH38D2805770_70234552_70234888	regulatory	56
chr15	99537354	99537410	EH38D2831785_99537354_99537701	regulatory	56
chr15	74598443	74598499	EH38D4892385_74598233_74598580	regulatory	56
chr15	70201524	70201580	EH38D4888453_70201419_70201748	regulatory	56
chr15	68053666	68053722	EH38D4886132_68053548_68053765	regulatory	56
chr15	70199983	70200039	EH38D4888450_70199983_70200142	regulatory	56
chr15	79811814	79811870	EH38D2815021_79811794_79811995	regulatory	56
chr15	85351562	85351618	EH38D4901565_85351562_85351873	regulatory	56
chr15	90924482	90924537	EH38D2824445_90924482_90924718	regulatory	55
chr15	37162251	37162306	EH38D4865176_37161962_37162306	regulatory	55
chr15	48658084	48658139	EH38D2786157_48658084_48658291	regulatory	55
chr15	65076690	65076745	EH38D2800146_65076608_65076767	regulatory	55
chr15	70033498	70033553	EH38D2805466_70033219_70033553	regulatory	55
chr15	40470823	40470878	EH38D4867379_40470823_40471111	regulatory	55
chr15	46938336	46938391	EH38D2784676_46938264_46938465	regulatory	55
chr15	63177197	63177252	EH38D2798174_63177197_63177526	regulatory	55
chr15	87732713	87732768	EH38D4902749_87732713_87732891	regulatory	55
chr15	59839150	59839205	EH38D2794991_59839150_59839339	regulatory	55
chr15	38613581	38613636	EH38D2777766_38613476_38613798	regulatory	55
chr15	91664407	91664462	EH38D4906525_91664289_91664604	regulatory	55
chr15	79091396	79091451	EH38D4897296_79091165_79091451	regulatory	55
chr15	70643455	70643510	EH38D4889011_70643455_70643687	regulatory	55
chr15	22251189	22251244	EH38D4856585_22250901_22251244	regulatory	55
chr15	40487985	40488040	EH38D4867406_40487780_40488127	regulatory	55
chr15	57873649	57873704	EH38D4877787_57873537_57873787	regulatory	55
chr15	90145592	90145647	EH38D4905155_90145592_90145785	regulatory	55
chr15	99504431	99504486	EH38D4911429_99504431_99504692	regulatory	55
chr15	74883575	74883630	EH38D2810370_74883575_74883822	regulatory	55
chr15	50765948	50766003	EH38D4873879_50765837_50766014	regulatory	55
chr15	22270266	22270321	EH38D4856627_22270217_22270431	regulatory	55
chr15	71789486	71789541	EH38D2807417_71789205_71789541	regulatory	55
chr15	39504529	39504584	EH38D2778684_39504529_39504725	regulatory	55
chr15	101140301	101140356	EH38D4912942_101140073_101140356	regulatory	55
chr15	96803491	96803546	EH38D2829540_96803293_96803546	regulatory	55
chr15	44783851	44783906	EH38D4870830_44783851_44784107	regulatory	55
chr15	25439885	25439940	EH38D2768539_25439788_25439940	regulatory	55
chr15	68032737	68032792	EH38D4886115_68032671_68033018	regulatory	55
chr15	39499347	39499402	EH38D2778677_39499185_39499402	regulatory	55
chr15	75182841	75182896	EH38D4893157_75182841_75183099	regulatory	55
chr15	38110994	38111049	EH38D2777350_38110877_38111049	regulatory	55
chr15	68031679	68031733	EH38D4886114_68031397_68031733	regulatory	54
chr15	50826264	50826318	EH38D4873917_50825973_50826318	regulatory	54
chr15	45003991	45004045	EH38D4870960_45003696_45004045	regulatory	54
chr15	62112921	62112975	EH38D4880482_62112889_62113236	regulatory	54
chr15	44810279	44810333	EH38D4870851_44810277_44810507	regulatory	54
chr15	96348311	96348365	EH38D4909345_96348154_96348498	regulatory	54
chr15	66567066	66567120	EH38D4884587_66567014_66567362	regulatory	54
chr15	70019289	70019343	EH38D2805450_70019004_70019343	regulatory	54
chr15	33279531	33279585	EH38D2773714_33279384_33279643	regulatory	54
chr15	90502239	90502293	EH38D4905561_90502055_90502293	regulatory	54
chr15	96495272	96495326	EH38D2829336_96495119_96495326	regulatory	54
chr15	53414528	53414582	EH38D2789938_53414232_53414582	regulatory	54
chr15	68777378	68777432	EH38D2804155_68777227_68777474	regulatory	54
chr15	53844880	53844934	EH38D4875767_53844718_53844934	regulatory	54
chr15	60337113	60337167	EH38D4879460_60337113_60337407	regulatory	54
chr15	50265965	50266019	EH38D2787481_50265669_50266019	regulatory	54
chr15	71054635	71054689	EH38D4889278_71054350_71054689	regulatory	54
chr15	82050703	82050757	EH38D2817113_82050703_82051051	regulatory	54
chr15	69948341	69948395	EH38D4888089_69948341_69948687	regulatory	54
chr15	88988467	88988520	EH38D4903752_88988467_88988713	regulatory	53
chr15	66803595	66803648	EH38D4884934_66803595_66803761	regulatory	53
chr15	88994432	88994485	EH38D2822435_88994380_88994591	regulatory	53
chr15	69921541	69921594	EH38D4888072_69921441_69921749	regulatory	53
chr15	77508609	77508662	EH38D4895142_77508609_77508925	regulatory	53
chr15	77508313	77508366	EH38D2812759_77508313_77508514	regulatory	53
chr15	40111571	40111624	EH38D4866871_40111542_40111750	regulatory	53
chr15	85880382	85880435	EH38D2820059_85880341_85880495	regulatory	53
chr15	39555947	39556000	EH38D2778725_39555947_39556177	regulatory	53
chr15	36429951	36430004	EH38D2776081_36429803_36430004	regulatory	53
chr15	85348011	85348064	EH38D4901558_85347863_85348064	regulatory	53
chr15	63449157	63449210	EH38D4881595_63448861_63449210	regulatory	53
chr15	40379683	40379736	EH38D4867236_40379428_40379736	regulatory	53
chr15	55538265	55538318	EH38D4876443_55538265_55538602	regulatory	53
chr15	63834993	63835046	EH38D2798917_63834894_63835046	regulatory	53
chr15	63883018	63883071	EH38D4881925_63883018_63883274	regulatory	53
chr15	63495059	63495112	EH38D4881649_63495004_63495164	regulatory	53
chr15	73640080	73640132	EH38D4891059_73639925_73640132	regulatory	52
chr15	64782665	64782717	EH38D2799834_64782429_64782717	regulatory	52
chr15	89759052	89759104	EH38D4904609_89759052_89759269	regulatory	52
chr15	61749686	61749738	EH38D4880320_61749576_61749738	regulatory	52
chr15	23190168	23190220	EH38D4857237_23190168_23190449	regulatory	52
chr15	39497140	39497192	EH38D4866380_39497081_39497320	regulatory	52
chr15	34490734	34490786	EH38D4863879_34490438_34490786	regulatory	52
chr15	44719024	44719076	EH38D4870781_44719017_44719216	regulatory	52
chr15	74873450	74873502	EH38D4892785_74873247_74873502	regulatory	52
chr15	73900145	73900197	EH38D4891354_73900145_73900458	regulatory	52
chr15	80026357	80026409	EH38D2815228_80026308_80026656	regulatory	52
chr15	64732833	64732885	EH38D2799779_64732542_64732885	regulatory	52
chr15	57354478	57354530	EH38D4877418_57354478_57354819	regulatory	52
chr15	70403846	70403898	EH38D2805993_70403846_70404022	regulatory	52
chr15	63083380	63083432	EH38D2798086_63083085_63083432	regulatory	52
chr15	53202638	53202690	EH38D2789816_53202638_53202969	regulatory	52
chr15	53408137	53408189	EH38D2789931_53407976_53408189	regulatory	52
chr15	74399940	74399992	EH38D4892146_74399940_74400290	regulatory	52
chr15	67198311	67198363	EH38D4885523_67198311_67198645	regulatory	52
chr15	57921144	57921196	EH38D4877812_57920860_57921196	regulatory	52
chr15	60127944	60127996	EH38D4879362_60127841_60127996	regulatory	52
chr15	75156605	75156657	EH38D4893122_75156321_75156657	regulatory	52
chr15	48982732	48982784	EH38D2786445_48982465_48982784	regulatory	52
chr15	84658872	84658924	EH38D4900922_84658872_84659041	regulatory	52
chr15	69118236	69118288	EH38D2804508_69118236_69118530	regulatory	52
chr15	70121791	70121843	EH38D4888323_70121619_70121925	regulatory	52
chr15	62165838	62165890	EH38D4880519_62165809_62166020	regulatory	52
chr15	76989083	76989135	EH38D4894728_76988978_76989135	regulatory	52
chr15	66804487	66804538	EH38D2801890_66804371_66804538	regulatory	51
chr15	20282620	20282671	EH38D4856085_20282620_20282970	regulatory	51
chr15	63187854	63187905	EH38D4881360_63187560_63187905	regulatory	51
chr15	25669717	25669768	EH38D2768719_25669491_25669768	regulatory	51
chr15	63490465	63490516	EH38D2798581_63490383_63490574	regulatory	51
chr15	57820467	57820518	EH38D4877764_57820229_57820577	regulatory	51
chr15	90001031	90001082	EH38D4904930_90000947_90001109	regulatory	51
chr15	62902181	62902232	EH38D2797827_62902181_62902520	regulatory	51
chr15	92524291	92524342	EH38D4907115_92524229_92524413	regulatory	51
chr15	40350791	40350842	EH38D2779675_40350791_40351141	regulatory	51
chr15	45022315	45022366	EH38D4870967_45022274_45022454	regulatory	51
chr15	51649933	51649984	EH38D2788532_51649933_51650260	regulatory	51
chr15	80663392	80663443	EH38D2815845_80663269_80663443	regulatory	51
chr15	56918571	56918622	EH38D2792136_56918401_56918751	regulatory	51
chr15	72827511	72827562	EH38D2808251_72827293_72827642	regulatory	51
chr15	65378002	65378053	EH38D4883479_65377931_65378275	regulatory	51
chr15	95558131	95558182	EH38D4908894_95558131_95558471	regulatory	51
chr15	35181539	35181590	EH38D2775154_35181539_35181888	regulatory	51
chr15	48678655	48678705	EH38D4872761_48678365_48678707	regulatory	50
chr15	83654037	83654087	EH38D4900475_83654037_83654200	regulatory	50
chr15	88376833	88376883	EH38D4903158_88376577_88376883	regulatory	50
chr15	38238334	38238384	EH38D4865636_38238334_38238669	regulatory	50
chr15	101652391	101652441	EH38D4913659_101652209_101652558	regulatory	50
chr15	77931165	77931215	EH38D4895830_77930996_77931215	regulatory	50
chr15	44728302	44728352	EH38D2783208_44728215_44728365	regulatory	50
chr15	38085143	38085193	EH38D4865542_38085143_38085489	regulatory	50
chr15	89823767	89823817	EH38D2823309_89823469_89823817	regulatory	50
chr15	62914851	62914901	EH38D4881108_62914560_62914901	regulatory	50
chr15	73994622	73994672	EH38D4891527_73994495_73994844	regulatory	50
chr15	82063327	82063377	EH38D2817125_82063042_82063377	regulatory	50
chr15	45703792	45703842	EH38D4871573_45703712_45704057	regulatory	50
chr15	73383798	73383848	EH38D2808734_73383798_73384121	regulatory	50
chr15	70505928	70505978	EH38D2806146_70505665_70505978	regulatory	50
chr15	44781368	44781418	EH38D4870827_44781169_44781427	regulatory	50
chr15	42933049	42933099	EH38D2781996_42932934_42933099	regulatory	50
chr15	99958975	99959025	EH38D2832111_99958713_99959060	regulatory	50
chr15	85343426	85343476	EH38D4901552_85343141_85343476	regulatory	50
chr15	62993289	62993338	EH38D4881171_62993059_62993398	regulatory	49
chr15	40115676	40115725	EH38D4866878_40115524_40115725	regulatory	49
chr15	85795119	85795168	EH38D4901995_85794818_85795168	regulatory	49
chr15	75831967	75832016	EH38D4893981_75831809_75832016	regulatory	49
chr15	70164997	70165046	EH38D4888391_70164933_70165183	regulatory	49
chr15	74732044	74732093	EH38D4892549_74731983_74732203	regulatory	49
chr15	62162773	62162822	EH38D2797054_62162773_62163093	regulatory	49
chr15	83447178	83447227	EH38D4900376_83447178_83447450	regulatory	49
chr15	62890013	62890062	EH38D4881080_62889808_62890062	regulatory	49
chr15	67928953	67929002	EH38D4886042_67928799_67929002	regulatory	49
chr15	23415651	23415700	EH38D4857320_23415463_23415700	regulatory	49
chr15	66574312	66574361	EH38D2801591_66574034_66574361	regulatory	49
chr15	79431425	79431474	EH38D4897532_79431425_79431680	regulatory	49
chr15	78910516	78910564	EH38D4897023_78910319_78910564	regulatory	48
chr15	68558949	68558997	EH38D4886706_68558749_68558997	regulatory	48
chr15	22238870	22238918	EH38D4856562_22238571_22238918	regulatory	48
chr15	84973814	84973862	EH38D2819108_84973531_84973862	regulatory	48
chr15	70266517	70266565	EH38D4888540_70266517_70266761	regulatory	48
chr15	53836619	53836667	EH38D2790200_53836619_53836946	regulatory	48
chr15	66835317	66835365	EH38D4884984_66835317_66835493	regulatory	48
chr15	48978506	48978554	EH38D2786442_48978395_48978554	regulatory	48
chr15	82046378	82046426	EH38D2817101_82046078_82046426	regulatory	48
chr15	88703718	88703766	EH38D2822186_88703592_88703923	regulatory	48
chr15	45215498	45215546	EH38D2783598_45215472_45215713	regulatory	48
chr15	72969169	72969217	EH38D4890610_72969008_72969217	regulatory	48
chr15	78422833	78422881	EH38D2813881_78422692_78422881	regulatory	48
chr15	101531178	101531226	EH38D4913533_101531178_101531471	regulatory	48
chr15	80778334	80778382	EH38D4898489_80778147_80778492	regulatory	48
chr15	70507941	70507989	EH38D2806149_70507941_70508285	regulatory	48
chr15	44727921	44727969	EH38D4870800_44727921_44728195	regulatory	48
chr15	51339479	51339527	EH38D4874315_51339291_51339527	regulatory	48
chr15	67928799	67928847	EH38D4886042_67928799_67929002	regulatory	48
chr15	90386817	90386864	EH38D4905454_90386797_90386963	regulatory	47
chr15	63015715	63015762	EH38D4881189_63015676_63016023	regulatory	47
chr15	96354189	96354236	EH38D2829189_96353942_96354258	regulatory	47
chr15	90854599	90854646	EH38D4905926_90854446_90854646	regulatory	47
chr15	90333978	90334025	EH38D2823827_90333944_90334102	regulatory	47
chr15	55775628	55775675	EH38D4876559_55775356_55775705	regulatory	47
chr15	28694753	28694800	EH38D4860079_28694500_28694800	regulatory	47
chr15	45087748	45087795	EH38D4871022_45087612_45087795	regulatory	47
chr15	99925919	99925966	EH38D2832087_99925802_99925966	regulatory	47
chr15	43232542	43232589	EH38D2782213_43232507_43232828	regulatory	47
chr15	68511896	68511943	EH38D4886659_68511608_68511943	regulatory	47
chr15	70480672	70480719	EH38D4888822_70480672_70480870	regulatory	47
chr15	23485167	23485214	EH38D4857378_23484881_23485231	regulatory	47
chr15	36578605	36578652	EH38D2776196_36578605_36578788	regulatory	47
chr15	69914312	69914359	EH38D2805339_69914024_69914359	regulatory	47
chr15	89917575	89917622	EH38D4904856_89917470_89917622	regulatory	47
chr15	92580064	92580111	EH38D4907145_92580064_92580380	regulatory	47
chr15	70509269	70509316	EH38D4888867_70509159_70509316	regulatory	47
chr15	37789924	37789970	EH38D2777114_37789924_37790268	regulatory	46
chr15	71790183	71790229	EH38D4889770_71790150_71790499	regulatory	46
chr15	27548697	27548743	EH38D2770048_27548551_27548743	regulatory	46
chr15	84658563	84658609	EH38D4900921_84658548_84658704	regulatory	46
chr15	31235746	31235792	EH38D4861805_31235449_31235792	regulatory	46
chr15	77504632	77504678	EH38D4895135_77504341_77504678	regulatory	46
chr15	89346223	89346269	EH38D4904151_89346002_89346269	regulatory	46
chr15	35173707	35173753	EH38D4864255_35173505_35173753	regulatory	46
chr15	63003494	63003540	EH38D2797938_63003494_63003830	regulatory	46
chr15	40382415	40382461	EH38D4867239_40382185_40382461	regulatory	46
chr15	79636254	79636300	EH38D2814915_79635950_79636300	regulatory	46
chr15	79827507	79827553	EH38D4897725_79827355_79827628	regulatory	46
chr15	73907042	73907088	EH38D4891366_73907042_73907388	regulatory	46
chr15	70427340	70427386	EH38D4888732_70427057_70427386	regulatory	46
chr15	73009142	73009188	EH38D2808404_73009142_73009348	regulatory	46
chr15	90001277	90001323	EH38D4904931_90001277_90001465	regulatory	46
chr15	74337712	74337758	EH38D4892020_74337712_74338039	regulatory	46
chr15	88381818	88381864	EH38D2821888_88381731_88382032	regulatory	46
chr15	78910875	78910921	EH38D4897024_78910875_78911223	regulatory	46
chr15	37252650	37252696	EH38D2776880_37252650_37252996	regulatory	46
chr15	75631983	75632029	EH38D4893665_75631952_75632230	regulatory	46
chr15	66906714	66906760	EH38D4885101_66906714_66907062	regulatory	46
chr15	55108887	55108933	EH38D4876183_55108887_55109212	regulatory	46
chr15	68558669	68558715	EH38D4886705_68558368_68558715	regulatory	46
chr15	84815754	84815800	EH38D4901071_84815754_84815992	regulatory	46
chr15	48109669	48109715	EH38D4872464_48109629_48109861	regulatory	46
chr15	42051190	42051235	EH38D2781274_42050915_42051235	regulatory	45
chr15	68543819	68543864	EH38D4886678_68543684_68543864	regulatory	45
chr15	59562890	59562935	EH38D4879046_59562812_59563095	regulatory	45
chr15	68749455	68749500	EH38D4886982_68749393_68749587	regulatory	45
chr15	60208906	60208951	EH38D2795316_60208714_60209063	regulatory	45
chr15	74407318	74407363	EH38D4892160_74407318_74407667	regulatory	45
chr15	90834945	90834990	EH38D4905905_90834643_90834990	regulatory	45
chr15	69452109	69452154	EH38D4887571_69452109_69452413	regulatory	45
chr15	78369928	78369973	EH38D2813829_78369928_78370260	regulatory	45
chr15	34719499	34719544	EH38D2774790_34719499_34719752	regulatory	45
chr15	50395764	50395809	EH38D2787571_50395504_50395848	regulatory	45
chr15	79778846	79778891	EH38D4897695_79778737_79778891	regulatory	45
chr15	62317486	62317531	EH38D4880624_62317486_62317653	regulatory	45
chr15	80998479	80998524	EH38D4898725_80998371_80998524	regulatory	45
chr15	73727386	73727431	EH38D2809017_73727386_73727728	regulatory	45
chr15	80032636	80032681	EH38D4897910_80032557_80032906	regulatory	45
chr15	65146540	65146585	EH38D2800204_65146506_65146688	regulatory	45
chr15	85348465	85348510	EH38D4901560_85348465_85348752	regulatory	45
chr15	63382116	63382161	EH38D2798435_63382116_63382317	regulatory	45
chr15	43531620	43531665	EH38D4870096_43531318_43531665	regulatory	45
chr15	64732640	64732685	EH38D2799779_64732542_64732885	regulatory	45
chr15	63163228	63163273	EH38D4881342_63163227_63163551	regulatory	45
chr15	92521605	92521650	EH38D2825870_92521605_92521955	regulatory	45
chr15	38429924	38429968	EH38D2777605_38429924_38430253	regulatory	44
chr15	31442801	31442845	EH38D4862165_31442801_31443146	regulatory	44
chr15	85158372	85158416	EH38D4901424_85158204_85158422	regulatory	44
chr15	54803513	54803557	EH38D2790715_54803374_54803722	regulatory	44
chr15	92374555	92374599	EH38D4907007_92374498_92374814	regulatory	44
chr15	45951977	45952021	EH38D4871681_45951977_45952182	regulatory	44
chr15	65186170	65186214	EH38D4883217_65186047_65186214	regulatory	44
chr15	72821056	72821100	EH38D4890515_72820856_72821192	regulatory	44
chr15	61721339	61721383	EH38D4880309_61721339_61721630	regulatory	44
chr15	57796469	57796513	EH38D2793123_57796242_57796513	regulatory	44
chr15	86015006	86015050	EH38D2820171_86014849_86015050	regulatory	44
chr15	53837560	53837604	EH38D4875762_53837255_53837604	regulatory	44
chr15	82809055	82809099	EH38D4899917_82808776_82809115	regulatory	44
chr15	76914012	76914056	EH38D2812141_76913793_76914081	regulatory	44
chr15	38389233	38389277	EH38D4865721_38389212_38389521	regulatory	44
chr15	38401865	38401909	EH38D2777589_38401733_38401959	regulatory	44
chr15	55112780	55112824	EH38D2790865_55112780_55112973	regulatory	44
chr15	97196161	97196205	EH38D4909755_97196161_97196493	regulatory	44
chr15	70781324	70781368	EH38D4889098_70781150_70781368	regulatory	44
chr15	48110089	48110133	EH38D4872465_48109881_48110133	regulatory	44
chr15	63188569	63188613	EH38D2798192_63188569_63188818	regulatory	44
chr15	70033316	70033360	EH38D2805466_70033219_70033553	regulatory	44
chr15	78434143	78434187	EH38D4896549_78434119_78434427	regulatory	44
chr15	88300360	88300404	EH38D4903115_88300193_88300504	regulatory	44
chr15	74781528	74781571	EH38D4892619_74781409_74781583	regulatory	43
chr15	37111138	37111181	EH38D2776791_37110833_37111181	regulatory	43
chr15	70099524	70099567	EH38D4888299_70099524_70099873	regulatory	43
chr15	74832166	74832209	EH38D4892719_74832166_74832470	regulatory	43
chr15	41117041	41117084	EH38D4868028_41117041_41117192	regulatory	43
chr15	48386426	48386469	EH38D2785841_48386120_48386469	regulatory	43
chr15	91350324	91350367	EH38D2824810_91350159_91350367	regulatory	43
chr15	38077427	38077470	EH38D4865536_38077298_38077470	regulatory	43
chr15	90149855	90149898	EH38D2823645_90149855_90150047	regulatory	43
chr15	53862707	53862750	EH38D4875773_53862465_53862750	regulatory	43
chr15	31262579	31262622	EH38D4861851_31262579_31262736	regulatory	43
chr15	42738021	42738064	EH38D4869609_42737901_42738198	regulatory	43
chr15	57560939	57560982	EH38D4877603_57560939_57561288	regulatory	43
chr15	85347393	85347436	EH38D4901557_85347393_85347589	regulatory	43
chr15	46302076	46302119	EH38D2784320_46301951_46302119	regulatory	43
chr15	97890585	97890628	EH38D4909977_97890383_97890628	regulatory	43
chr15	70792821	70792864	EH38D4889111_70792772_70792973	regulatory	43
chr15	76982985	76983028	EH38D2812206_76982839_76983028	regulatory	43
chr15	35069546	35069589	EH38D2775061_35069546_35069845	regulatory	43
chr15	31293708	31293751	EH38D2772366_31293650_31293999	regulatory	43
chr15	73683378	73683421	EH38D4891088_73683173_73683483	regulatory	43
chr15	51677972	51678015	EH38D2788551_51677810_51678015	regulatory	43
chr15	78324901	78324943	EH38D2813766_78324901_78325072	regulatory	42
chr15	60070861	60070903	EH38D4879323_60070861_60071203	regulatory	42
chr15	63504468	63504510	EH38D4881665_63504306_63504655	regulatory	42
chr15	52925147	52925189	EH38D2789715_52925147_52925496	regulatory	42
chr15	48402827	48402869	EH38D4872598_48402827_48403157	regulatory	42
chr15	80192396	80192438	EH38D2815401_80192266_80192534	regulatory	42
chr15	80190618	80190660	EH38D4898048_80190455_80190681	regulatory	42
chr15	39556135	39556177	EH38D2778725_39555947_39556177	regulatory	42
chr15	62279080	62279122	EH38D2797133_62279080_62279381	regulatory	42
chr15	23904853	23904895	EH38D4857542_23904852_23905070	regulatory	42
chr15	38068632	38068674	EH38D4865521_38068340_38068674	regulatory	42
chr15	67947413	67947455	EH38D2803209_67947413_67947692	regulatory	42
chr15	70187280	70187322	EH38D4888424_70187146_70187322	regulatory	42
chr15	45334505	45334547	EH38D2783676_45334378_45334547	regulatory	42
chr15	85956320	85956362	EH38D2820121_85956034_85956362	regulatory	42
chr15	70534681	70534723	EH38D2806186_70534393_70534723	regulatory	42
chr15	75664175	75664217	EH38D4893729_75664175_75664503	regulatory	42
chr15	40486843	40486885	EH38D4867404_40486668_40486885	regulatory	42
chr15	90929723	90929765	EH38D4906070_90929445_90929765	regulatory	42
chr15	70014560	70014602	EH38D4888153_70014397_70014602	regulatory	42
chr15	49063204	49063246	EH38D4872977_49062916_49063246	regulatory	42
chr15	31255178	31255220	EH38D4861838_31255178_31255461	regulatory	42
chr15	34828782	34828823	EH38D4864090_34828782_34829120	regulatory	41
chr15	67197876	67197917	EH38D2802471_67197876_67198146	regulatory	41
chr15	38615191	38615232	EH38D4865875_38615191_38615395	regulatory	41
chr15	70017439	70017480	EH38D4888160_70017335_70017560	regulatory	41
chr15	23466730	23466771	EH38D4857367_23466511_23466859	regulatory	41
chr15	74444739	74444780	EH38D4892233_74444739_74444965	regulatory	41
chr15	35019623	35019664	EH38D2775018_35019466_35019664	regulatory	41
chr15	87784161	87784202	EH38D2821373_87784161_87784440	regulatory	41
chr15	66573853	66573894	EH38D4884601_66573679_66574027	regulatory	41
chr15	90856207	90856248	EH38D4905929_90856096_90856344	regulatory	41
chr15	90150006	90150047	EH38D2823645_90149855_90150047	regulatory	41
chr15	90152104	90152145	EH38D2823648_90152021_90152355	regulatory	41
chr15	74139822	74139863	EH38D2809472_74139822_74140160	regulatory	41
chr15	88396232	88396273	EH38D2821906_88396103_88396273	regulatory	41
chr15	55783840	55783881	EH38D2791316_55783840_55784103	regulatory	41
chr15	85358274	85358315	EH38D2819432_85357977_85358315	regulatory	41
chr15	26382779	26382820	EH38D4858865_26382475_26382820	regulatory	41
chr15	73837115	73837156	EH38D2809133_73836951_73837156	regulatory	41
chr15	42131877	42131918	EH38D2781367_42131572_42131918	regulatory	41
chr15	36577855	36577896	EH38D4864818_36577685_36577900	regulatory	41
chr15	63163337	63163378	EH38D4881342_63163227_63163551	regulatory	41
chr15	72969028	72969069	EH38D4890610_72969008_72969217	regulatory	41
chr15	99455457	99455498	EH38D4911363_99455457_99455619	regulatory	41
chr15	66818472	66818512	EH38D4884957_66818472_66818632	regulatory	40
chr15	70122617	70122657	EH38D2805608_70122438_70122657	regulatory	40
chr15	67961987	67962027	EH38D4886075_67961987_67962283	regulatory	40
chr15	40858258	40858298	EH38D2780157_40858131_40858384	regulatory	40
chr15	91307672	91307712	EH38D2824777_91307672_91308005	regulatory	40
chr15	40910787	40910827	EH38D4867849_40910668_40910828	regulatory	40
chr15	59690483	59690523	EH38D4879132_59690367_59690523	regulatory	40
chr15	68539098	68539138	EH38D4886673_68539098_68539362	regulatory	40
chr15	23305743	23305783	EH38D4857254_23305445_23305783	regulatory	40
chr15	60186178	60186218	EH38D2795303_60186178_60186455	regulatory	40
chr15	69456862	69456902	EH38D2804817_69456696_69456960	regulatory	40
chr15	92506603	92506643	EH38D2825857_92506526_92506859	regulatory	40
chr15	66800663	66800703	EH38D2801882_66800589_66800908	regulatory	40
chr15	49696483	49696523	EH38D2786981_49696483_49696749	regulatory	40
chr15	74054046	74054086	EH38D4891618_74054046_74054395	regulatory	40
chr15	26243719	26243759	EH38D4858828_26243421_26243759	regulatory	40
chr15	37773747	37773787	EH38D4865375_37773490_37773787	regulatory	40
chr15	70408121	70408161	EH38D2805998_70407830_70408161	regulatory	40
chr15	80023786	80023826	EH38D2815225_80023627_80023912	regulatory	40
chr15	101123590	101123630	EH38D2833375_101123483_101123833	regulatory	40
chr15	50798951	50798991	EH38D4873902_50798703_50799048	regulatory	40
chr15	80192266	80192306	EH38D2815401_80192266_80192534	regulatory	40
chr15	43825276	43825316	EH38D4870258_43825099_43825431	regulatory	40
chr15	88312999	88313038	EH38D2821835_88312999_88313311	regulatory	39
chr15	31308199	31308238	EH38D4861938_31307976_31308238	regulatory	39
chr15	26087932	26087971	EH38D2769130_26087932_26088276	regulatory	39
chr15	70453293	70453332	EH38D2806068_70453293_70453571	regulatory	39
chr15	39506463	39506502	EH38D2778686_39506160_39506502	regulatory	39
chr15	73865722	73865761	EH38D4891295_73865512_73865761	regulatory	39
chr15	31442442	31442481	EH38D4862164_31442231_31442481	regulatory	39
chr15	78750352	78750391	EH38D4896819_78750250_78750532	regulatory	39
chr15	70289494	70289533	EH38D4888576_70289196_70289533	regulatory	39
chr15	91753847	91753886	EH38D4906565_91753841_91754052	regulatory	39
chr15	89496963	89497002	EH38D4904358_89496754_89497098	regulatory	39
chr15	37743305	37743344	EH38D2777078_37743305_37743498	regulatory	39
chr15	99504653	99504692	EH38D4911429_99504431_99504692	regulatory	39
chr15	79990606	79990645	EH38D4897862_79990298_79990645	regulatory	39
chr15	80026792	80026831	EH38D4897906_80026792_80027133	regulatory	39
chr15	45022415	45022454	EH38D4870967_45022274_45022454	regulatory	39
chr15	70348465	70348504	EH38D4888623_70348154_70348504	regulatory	39
chr15	91790585	91790624	EH38D4906592_91790423_91790624	regulatory	39
chr15	61748897	61748936	EH38D2796765_61748588_61748936	regulatory	39
chr15	63902356	63902395	EH38D2799000_63902356_63902629	regulatory	39
chr15	69127771	69127810	EH38D2804518_69127663_69127915	regulatory	39
chr15	75836378	75836417	EH38D2811306_75836378_75836619	regulatory	39
chr15	69134889	69134928	EH38D2804529_69134862_69135183	regulatory	39
chr15	63015888	63015927	EH38D4881189_63015676_63016023	regulatory	39
chr15	75818754	75818793	EH38D2811288_75818718_75818910	regulatory	39
chr15	23466191	23466230	EH38D4857366_23466134_23466441	regulatory	39
chr15	40590433	40590472	EH38D4867498_40590160_40590472	regulatory	39
chr15	76918674	76918712	EH38D4894667_76918419_76918712	regulatory	38
chr15	70534482	70534520	EH38D2806186_70534393_70534723	regulatory	38
chr15	79601839	79601877	EH38D2814888_79601531_79601877	regulatory	38
chr15	72801296	72801334	EH38D2808227_72801179_72801334	regulatory	38
chr15	89966630	89966668	EH38D4904898_89966517_89966668	regulatory	38
chr15	66876283	66876321	EH38D4885057_66876015_66876321	regulatory	38
chr15	73375990	73376028	EH38D4890903_73375990_73376191	regulatory	38
chr15	72198990	72199028	EH38D4890085_72198990_72199295	regulatory	38
chr15	90145291	90145329	EH38D4905154_90145269_90145573	regulatory	38
chr15	75842064	75842102	EH38D4893991_75842064_75842347	regulatory	38
chr15	78325034	78325072	EH38D2813766_78324901_78325072	regulatory	38
chr15	62887673	62887711	EH38D4881077_62887641_62887909	regulatory	38
chr15	70289196	70289234	EH38D4888576_70289196_70289533	regulatory	38
chr15	99519715	99519753	EH38D2831773_99519425_99519753	regulatory	38
chr15	88793119	88793157	EH38D4903559_88792963_88793157	regulatory	38
chr15	44725161	44725199	EH38D4870796_44725023_44725217	regulatory	38
chr15	101127983	101128021	EH38D4912923_101127708_101128058	regulatory	38
chr15	38238631	38238669	EH38D4865636_38238334_38238669	regulatory	38
chr15	74782041	74782079	EH38D4892621_74781897_74782214	regulatory	38
chr15	69992398	69992436	EH38D4888125_69992398_69992656	regulatory	38
chr15	63177343	63177381	EH38D2798174_63177197_63177526	regulatory	38
chr15	77501064	77501102	EH38D2812747_77501064_77501392	regulatory	38
chr15	26201547	26201584	EH38D4858815_26201466_26201762	regulatory	37
chr15	62063422	62063459	EH38D4880453_62063422_62063600	regulatory	37
chr15	75664134	75664171	EH38D4893728_75664018_75664171	regulatory	37
chr15	67906634	67906671	EH38D2803155_67906499_67906675	regulatory	37
chr15	80662360	80662397	EH38D4898408_80662156_80662481	regulatory	37
chr15	22267269	22267306	EH38D4856621_22267044_22267306	regulatory	37
chr15	84973531	84973568	EH38D2819108_84973531_84973862	regulatory	37
chr15	39499185	39499222	EH38D2778677_39499185_39499402	regulatory	37
chr15	57560517	57560554	EH38D4877602_57560304_57560554	regulatory	37
chr15	67999808	67999845	EH38D4886091_67999785_68000066	regulatory	37
chr15	86036599	86036636	EH38D4902136_86036298_86036636	regulatory	37
chr15	40487238	40487275	EH38D4867405_40487226_40487569	regulatory	37
chr15	97899436	97899473	EH38D2830179_97899436_97899738	regulatory	37
chr15	78323806	78323843	EH38D4896416_78323806_78324012	regulatory	37
chr15	69154703	69154740	EH38D2804549_69154703_69155053	regulatory	37
chr15	52114980	52115017	EH38D4874837_52114744_52115030	regulatory	37
chr15	50816035	50816072	EH38D4873913_50815810_50816072	regulatory	37
chr15	89500902	89500939	EH38D2823002_89500680_89500939	regulatory	37
chr15	74956873	74956910	EH38D4892875_74956641_74956989	regulatory	37
chr15	78386708	78386745	EH38D2813839_78386708_78387023	regulatory	37
chr15	99485937	99485974	EH38D4911400_99485937_99486113	regulatory	37
chr15	50377895	50377932	EH38D4873678_50377895_50378225	regulatory	37
chr15	85333391	85333428	EH38D2819388_85333127_85333428	regulatory	37
chr15	68558749	68558786	EH38D4886706_68558749_68558997	regulatory	37
chr15	52103451	52103488	EH38D4874817_52103318_52103488	regulatory	37
chr15	85141789	85141826	EH38D2819266_85141639_85141985	regulatory	37
chr15	70285881	70285918	EH38D4888570_70285881_70286087	regulatory	37
chr15	79981812	79981849	EH38D4897856_79981756_79982099	regulatory	37
chr15	69921078	69921115	EH38D4888071_69920862_69921115	regulatory	37
chr15	94577227	94577264	EH38D4908498_94576992_94577264	regulatory	37
chr15	39933794	39933831	EH38D4866662_39933633_39933831	regulatory	37
chr15	30081118	30081155	EH38D2771787_30080835_30081185	regulatory	37
chr15	63498154	63498190	EH38D4881654_63498154_63498492	regulatory	36
chr15	59875339	59875375	EH38D2795017_59875199_59875375	regulatory	36
chr15	74781769	74781805	EH38D4892620_74781653_74781805	regulatory	36
chr15	20215865	20215901	EH38D4855971_20215856_20216037	regulatory	36
chr15	42122033	42122069	EH38D4869149_42121719_42122069	regulatory	36
chr15	89827937	89827973	EH38D4904748_89827937_89828235	regulatory	36
chr15	74889298	74889334	EH38D4892796_74889129_74889334	regulatory	36
chr15	34224492	34224528	EH38D4863714_34224368_34224680	regulatory	36
chr15	63902593	63902629	EH38D2799000_63902356_63902629	regulatory	36
chr15	70509322	70509358	EH38D2806153_70509322_70509672	regulatory	36
chr15	40397996	40398032	EH38D4867258_40397765_40398035	regulatory	36
chr15	92811465	92811501	EH38D4907399_92811308_92811520	regulatory	36
chr15	74956772	74956808	EH38D4892875_74956641_74956989	regulatory	36
chr15	73637515	73637551	EH38D2808940_73637515_73637858	regulatory	36
chr15	97076285	97076321	EH38D2829719_97076148_97076321	regulatory	36
chr15	97076148	97076184	EH38D2829719_97076148_97076321	regulatory	36
chr15	82262773	82262809	EH38D4899508_82262567_82262917	regulatory	36
chr15	94120381	94120417	EH38D2827303_94120381_94120717	regulatory	36
chr15	81157812	81157848	EH38D4898836_81157505_81157848	regulatory	36
chr15	74760625	74760661	EH38D4892578_74760625_74760822	regulatory	36
chr15	101086099	101086135	EH38D4912857_101085975_101086135	regulatory	36
chr15	31322428	31322464	EH38D4861963_31322247_31322464	regulatory	36
chr15	95865791	95865827	EH38D4909035_95865637_95865827	regulatory	36
chr15	61831730	61831766	EH38D4880362_61831416_61831766	regulatory	36
chr15	90320001	90320037	EH38D4905381_90320001_90320350	regulatory	36
chr15	70316689	70316725	EH38D2805886_70316609_70316846	regulatory	36
chr15	76918715	76918751	EH38D4894668_76918715_76918905	regulatory	36
chr15	74400813	74400849	EH38D4892148_74400581_74400879	regulatory	36
chr15	37289146	37289182	EH38D2776895_37289146_37289490	regulatory	36
chr15	70200238	70200274	EH38D4888451_70200238_70200414	regulatory	36
chr15	90159545	90159581	EH38D4905167_90159545_90159714	regulatory	36
chr15	88300193	88300228	EH38D4903115_88300193_88300504	regulatory	35
chr15	62964336	62964371	EH38D4881146_62964257_62964602	regulatory	35
chr15	92377088	92377123	EH38D2825741_92377088_92377422	regulatory	35
chr15	59556679	59556714	EH38D2794771_59556465_59556741	regulatory	35
chr15	44207847	44207882	EH38D2782866_44207730_44208080	regulatory	35
chr15	84659006	84659041	EH38D4900922_84658872_84659041	regulatory	35
chr15	84655093	84655128	EH38D4900915_84655093_84655268	regulatory	35
chr15	84661308	84661343	EH38D4900924_84661030_84661343	regulatory	35
chr15	50696395	50696430	EH38D4873829_50696395_50696571	regulatory	35
chr15	63188473	63188508	EH38D4881361_63188307_63188508	regulatory	35
chr15	67992479	67992514	EH38D4886087_67992423_67992753	regulatory	35
chr15	57563746	57563781	EH38D2792882_57563469_57563781	regulatory	35
chr15	101161770	101161805	EH38D4912986_101161724_101161886	regulatory	35
chr15	30859095	30859130	EH38D2771921_30859049_30859397	regulatory	35
chr15	29682214	29682249	EH38D4860950_29682214_29682552	regulatory	35
chr15	56039441	56039476	EH38D4876697_56039440_56039767	regulatory	35
chr15	96627297	96627332	EH38D2829422_96627297_96627560	regulatory	35
chr15	75178833	75178868	EH38D4893150_75178833_75179167	regulatory	35
chr15	48109323	48109358	EH38D4872463_48109323_48109612	regulatory	35
chr15	78332195	78332230	EH38D2813775_78331915_78332262	regulatory	35
chr15	74727981	74728016	EH38D2810178_74727784_74728132	regulatory	35
chr15	70236718	70236753	EH38D2805773_70236575_70236925	regulatory	35
chr15	76964528	76964563	EH38D2812184_76964528_76964833	regulatory	35
chr15	43868412	43868447	EH38D4870286_43868289_43868447	regulatory	35
chr15	69118495	69118530	EH38D2804508_69118236_69118530	regulatory	35
chr15	44711323	44711357	EH38D4870761_44711272_44711622	regulatory	34
chr15	68054274	68054308	EH38D4886134_68054052_68054402	regulatory	34
chr15	101126829	101126863	EH38D2833381_101126666_101126863	regulatory	34
chr15	95989243	95989277	EH38D4909099_95989110_95989277	regulatory	34
chr15	79107163	79107197	EH38D2814522_79107163_79107513	regulatory	34
chr15	51016771	51016805	EH38D2787981_51016703_51016986	regulatory	34
chr15	80996347	80996381	EH38D2816221_80996347_80996548	regulatory	34
chr15	29682647	29682681	EH38D2771431_29682597_29682798	regulatory	34
chr15	65087773	65087807	EH38D4883116_65087472_65087807	regulatory	34
chr15	73966801	73966835	EH38D4891478_73966766_73967069	regulatory	34
chr15	69133293	69133327	EH38D4887312_69133014_69133327	regulatory	34
chr15	92366191	92366225	EH38D2825733_92365893_92366225	regulatory	34
chr15	62390476	62390510	EH38D4880667_62390328_62390677	regulatory	34
chr15	88940618	88940652	EH38D2822386_88940318_88940652	regulatory	34
chr15	68479995	68480029	EH38D2803794_68479995_68480222	regulatory	34
chr15	99744434	99744468	EH38D2831987_99744203_99744468	regulatory	34
chr15	40109852	40109886	EH38D4866866_40109740_40109945	regulatory	34
chr15	76313129	76313163	EH38D2811715_76312827_76313170	regulatory	34
chr15	64841531	64841565	EH38D4882804_64841531_64841881	regulatory	34
chr15	89441386	89441420	EH38D4904268_89441278_89441453	regulatory	34
chr15	94168314	94168348	EH38D4908295_94168314_94168515	regulatory	34
chr15	29631688	29631722	EH38D4860903_29631688_29632037	regulatory	34
chr15	57353569	57353603	EH38D4877416_57353569_57353733	regulatory	34
chr15	84654524	84654557	EH38D4900913_84654524_84654687	regulatory	33
chr15	37823965	37823998	EH38D2777137_37823863_37824065	regulatory	33
chr15	70151479	70151512	EH38D4888366_70151479_70151798	regulatory	33
chr15	78741631	78741664	EH38D2814139_78741372_78741664	regulatory	33
chr15	67903490	67903523	EH38D2803153_67903490_67903722	regulatory	33
chr15	40080697	40080730	EH38D4866803_40080697_40080849	regulatory	33
chr15	70430387	70430420	EH38D2806031_70430083_70430420	regulatory	33
chr15	46957025	46957058	EH38D2784685_46956897_46957234	regulatory	33
chr15	70507480	70507513	EH38D4888866_70507480_70507749	regulatory	33
chr15	37743465	37743498	EH38D2777078_37743305_37743498	regulatory	33
chr15	70531509	70531542	EH38D4888899_70531308_70531542	regulatory	33
chr15	53885347	53885380	EH38D2790234_53885304_53885615	regulatory	33
chr15	40565540	40565573	EH38D4867476_40565381_40565573	regulatory	33
chr15	65303619	65303652	EH38D4883348_65303619_65303820	regulatory	33
chr15	66851460	66851493	EH38D4885021_66851460_66851749	regulatory	33
chr15	44728232	44728265	EH38D2783208_44728215_44728365	regulatory	33
chr15	69992623	69992656	EH38D4888125_69992398_69992656	regulatory	33
chr15	85854402	85854434	EH38D2820034_85854402_85854674	regulatory	32
chr15	77486999	77487031	EH38D2812727_77486944_77487286	regulatory	32
chr15	101096696	101096728	EH38D2833331_101096582_101096824	regulatory	32
chr15	98600328	98600360	EH38D4910459_98600328_98600670	regulatory	32
chr15	77864780	77864812	EH38D4895709_77864525_77864812	regulatory	32
chr15	89780336	89780368	EH38D4904650_89780176_89780505	regulatory	32
chr15	82123017	82123049	EH38D2817171_82122884_82123049	regulatory	32
chr15	42060068	42060100	EH38D4869054_42060068_42060252	regulatory	32
chr15	33216225	33216257	EH38D2773677_33216036_33216276	regulatory	32
chr15	88277355	88277387	EH38D2821804_88277037_88277387	regulatory	32
chr15	99925812	99925844	EH38D2832087_99925802_99925966	regulatory	32
chr15	22656238	22656270	EH38D4856744_22656090_22656270	regulatory	32
chr15	75840727	75840759	EH38D2811311_75840727_75840976	regulatory	32
chr15	69917091	69917123	EH38D4888065_69917091_69917420	regulatory	32
chr15	65529979	65530011	EH38D2800564_65529883_65530061	regulatory	32
chr15	70632309	70632341	EH38D4889005_70632116_70632341	regulatory	32
chr15	97067628	97067660	EH38D4909697_97067458_97067802	regulatory	32
chr15	80662234	80662266	EH38D4898408_80662156_80662481	regulatory	32
chr15	98598592	98598624	EH38D2830723_98598422_98598624	regulatory	32
chr15	53159947	53159979	EH38D4875507_53159947_53160128	regulatory	32
chr15	97052303	97052335	EH38D4909687_97052303_97052590	regulatory	32
chr15	71080769	71080801	EH38D2806667_71080764_71081107	regulatory	32
chr15	70142248	70142280	EH38D2805630_70142197_70142547	regulatory	32
chr15	59549669	59549701	EH38D4879035_59549663_59549836	regulatory	32
chr15	44723324	44723356	EH38D2783197_44723255_44723420	regulatory	32
chr15	63860634	63860666	EH38D2798948_63860634_63860925	regulatory	32
chr15	75333669	75333701	EH38D4893348_75333669_75334009	regulatory	32
chr15	90000947	90000978	EH38D4904930_90000947_90001109	regulatory	31
chr15	75664274	75664305	EH38D4893729_75664175_75664503	regulatory	31
chr15	62075199	62075230	EH38D4880466_62075048_62075318	regulatory	31
chr15	69941858	69941889	EH38D4888084_69941858_69942144	regulatory	31
chr15	64776319	64776350	EH38D2799825_64776195_64776350	regulatory	31
chr15	75151822	75151853	EH38D2810650_75151775_75152015	regulatory	31
chr15	70535324	70535355	EH38D2806187_70535147_70535491	regulatory	31
chr15	40404019	40404050	EH38D4867265_40403755_40404050	regulatory	31
chr15	92374713	92374744	EH38D4907007_92374498_92374814	regulatory	31
chr15	34490571	34490602	EH38D4863879_34490438_34490786	regulatory	31
chr15	89929012	89929043	EH38D4904862_89928972_89929143	regulatory	31
chr15	97021129	97021160	EH38D2829683_97021129_97021426	regulatory	31
chr15	70272657	70272688	EH38D2805829_70272645_70272877	regulatory	31
chr15	94229954	94229985	EH38D2827377_94229954_94230126	regulatory	31
chr15	31295733	31295764	EH38D4861913_31295733_31296073	regulatory	31
chr15	75170205	75170236	EH38D4893138_75169941_75170236	regulatory	31
chr15	101128338	101128369	EH38D4912924_101128258_101128608	regulatory	31
chr15	64164757	64164788	EH38D4882266_64164613_64164788	regulatory	31
chr15	48645721	48645752	EH38D4872742_48645590_48645752	regulatory	31
chr15	59962561	59962592	EH38D2795081_59962525_59962731	regulatory	31
chr15	40815084	40815114	EH38D2780110_40814920_40815114	regulatory	30
chr15	101266944	101266974	EH38D4913107_101266944_101267198	regulatory	30
chr15	85347863	85347893	EH38D4901558_85347863_85348064	regulatory	30
chr15	96409845	96409875	EH38D4909411_96409845_96410016	regulatory	30
chr15	89022180	89022210	EH38D4903787_89021900_89022210	regulatory	30
chr15	70440818	70440848	EH38D4888752_70440818_70441021	regulatory	30
chr15	48086902	48086932	EH38D2785611_48086582_48086932	regulatory	30
chr15	59689787	59689817	EH38D4879130_59689787_59690137	regulatory	30
chr15	78622043	78622073	EH38D2814018_78621839_78622187	regulatory	30
chr15	68020072	68020102	EH38D2803270_68019831_68020131	regulatory	30
chr15	40113381	40113411	EH38D4866874_40113381_40113593	regulatory	30
chr15	75667228	75667258	EH38D4893732_75667105_75667258	regulatory	30
chr15	85356313	85356343	EH38D4901571_85356313_85356600	regulatory	30
chr15	70436293	70436323	EH38D4888745_70436007_70436323	regulatory	30
chr15	68518341	68518371	EH38D2803833_68518180_68518371	regulatory	30
chr15	37252811	37252841	EH38D2776880_37252650_37252996	regulatory	30
chr15	84813819	84813849	EH38D4901068_84813801_84814131	regulatory	30
chr15	69999992	70000022	EH38D2805429_69999746_70000027	regulatory	30
chr15	86076522	86076552	EH38D4902153_86076443_86076787	regulatory	30
chr15	99565386	99565416	EH38D4911476_99565259_99565608	regulatory	30
chr15	66692603	66692633	EH38D2801725_66692481_66692633	regulatory	30
chr15	77967332	77967362	EH38D4895877_77967332_77967531	regulatory	30
chr15	55998512	55998542	EH38D4876673_55998485_55998799	regulatory	30
chr15	101616770	101616800	EH38D4913630_101616472_101616800	regulatory	30
chr15	91808673	91808703	EH38D4906599_91808397_91808703	regulatory	30
chr15	69997928	69997958	EH38D4888133_69997928_69998278	regulatory	30
chr15	85342480	85342510	EH38D2819404_85342232_85342525	regulatory	30
chr15	63495134	63495164	EH38D4881649_63495004_63495164	regulatory	30
chr15	40470953	40470983	EH38D4867379_40470823_40471111	regulatory	30
chr15	90229940	90229970	EH38D4905273_90229651_90229970	regulatory	30
chr15	68263071	68263101	EH38D2803508_68262846_68263193	regulatory	30
chr15	66901594	66901624	EH38D2802028_66901397_66901624	regulatory	30
chr15	50423908	50423938	EH38D4873700_50423778_50423938	regulatory	30
chr15	70478279	70478308	EH38D2806103_70478279_70478468	regulatory	29
chr15	79993768	79993797	EH38D2815198_79993768_79994116	regulatory	29
chr15	99453104	99453133	EH38D4911356_99452786_99453133	regulatory	29
chr15	46265700	46265729	EH38D2784292_46265700_46266020	regulatory	29
chr15	63904630	63904659	EH38D4881954_63904587_63904844	regulatory	29
chr15	75786898	75786927	EH38D4893948_75786625_75786927	regulatory	29
chr15	54839563	54839592	EH38D4876098_54839438_54839780	regulatory	29
chr15	88428666	88428695	EH38D4903201_88428638_88428790	regulatory	29
chr15	70617099	70617128	EH38D4888990_70617099_70617448	regulatory	29
chr15	66834859	66834888	EH38D4884982_66834738_66834888	regulatory	29
chr15	38565877	38565906	EH38D4865837_38565877_38566040	regulatory	29
chr15	66841080	66841109	EH38D4884996_66840974_66841232	regulatory	29
chr15	48097059	48097088	EH38D4872458_48096740_48097088	regulatory	29
chr15	77497855	77497884	EH38D4895128_77497691_77497884	regulatory	29
chr15	50816191	50816220	EH38D2787839_50816191_50816527	regulatory	29
chr15	70103362	70103391	EH38D2805587_70103362_70103712	regulatory	29
chr15	80194224	80194253	EH38D2815403_80194224_80194558	regulatory	29
chr15	39549937	39549966	EH38D2778718_39549937_39550281	regulatory	29
chr15	37146830	37146859	EH38D4865163_37146684_37146859	regulatory	29
chr15	25455487	25455516	EH38D4858220_25455487_25455820	regulatory	29
chr15	68042134	68042163	EH38D4886124_68042134_68042474	regulatory	29
chr15	57313206	57313235	EH38D4877366_57313187_57313425	regulatory	29
chr15	49714977	49715006	EH38D4873314_49714809_49715120	regulatory	29
chr15	64151455	64151484	EH38D4882240_64151455_64151787	regulatory	29
chr15	92811648	92811677	EH38D2826175_92811543_92811882	regulatory	29
chr15	63880778	63880807	EH38D4881923_63880778_63881109	regulatory	29
chr15	62060473	62060502	EH38D2796950_62060325_62060675	regulatory	29
chr15	36252450	36252479	EH38D4864664_36252140_36252479	regulatory	29
chr15	53160099	53160128	EH38D4875507_53159947_53160128	regulatory	29
chr15	62115924	62115953	EH38D2797008_62115887_62116233	regulatory	29
chr15	89030488	89030517	EH38D4903792_89030421_89030586	regulatory	29
chr15	26158657	26158686	EH38D2769192_26158657_26158858	regulatory	29
chr15	70013911	70013940	EH38D2805440_70013620_70013940	regulatory	29
chr15	99565259	99565287	EH38D4911476_99565259_99565608	regulatory	28
chr15	90144258	90144286	EH38D2823639_90144135_90144336	regulatory	28
chr15	68731517	68731545	EH38D2804113_68731517_68731855	regulatory	28
chr15	89221948	89221976	EH38D4904038_89221631_89221976	regulatory	28
chr15	59696717	59696745	EH38D2794893_59696717_59696924	regulatory	28
chr15	67197532	67197560	EH38D4885522_67197532_67197737	regulatory	28
chr15	70308249	70308277	EH38D4888589_70308249_70308597	regulatory	28
chr15	90319951	90319979	EH38D4905380_90319766_90319979	regulatory	28
chr15	23373412	23373440	EH38D4857281_23373357_23373521	regulatory	28
chr15	70171572	70171600	EH38D2805680_70171549_70171890	regulatory	28
chr15	66276290	66276318	EH38D4884341_66276142_66276356	regulatory	28
chr15	66912512	66912540	EH38D4885115_66912512_66912725	regulatory	28
chr15	63495754	63495782	EH38D4881650_63495754_63496096	regulatory	28
chr15	80032561	80032589	EH38D4897910_80032557_80032906	regulatory	28
chr15	80778464	80778492	EH38D4898489_80778147_80778492	regulatory	28
chr15	82806840	82806868	EH38D4899914_82806840_82807184	regulatory	28
chr15	64827031	64827059	EH38D4882788_64826807_64827113	regulatory	28
chr15	22599638	22599666	EH38D4856725_22599531_22599867	regulatory	28
chr15	57793392	57793420	EH38D2793120_57793111_57793420	regulatory	28
chr15	82058625	82058653	EH38D2817119_82058625_82058907	regulatory	28
chr15	77824594	77824622	EH38D4895646_77824594_77824889	regulatory	28
chr15	66804032	66804060	EH38D2801889_66803822_66804060	regulatory	28
chr15	62282152	62282180	EH38D4880605_62281836_62282180	regulatory	28
chr15	48975572	48975600	EH38D4872918_48975572_48975799	regulatory	28
chr15	73841975	73842003	EH38D4891268_73841975_73842255	regulatory	28
chr15	40348045	40348072	EH38D4867178_40348045_40348395	regulatory	27
chr15	57335396	57335423	EH38D2792589_57335396_57335619	regulatory	27
chr15	97941657	97941684	EH38D4910003_97941638_97941913	regulatory	27
chr15	70257331	70257358	EH38D4888520_70257039_70257358	regulatory	27
chr15	66270220	66270247	EH38D4884338_66270085_66270247	regulatory	27
chr15	79115472	79115499	EH38D4897316_79115308_79115508	regulatory	27
chr15	40320531	40320558	EH38D4867128_40320443_40320789	regulatory	27
chr15	28784492	28784519	EH38D4860117_28784489_28784724	regulatory	27
chr15	52727933	52727960	EH38D2789540_52727846_52728183	regulatory	27
chr15	70508776	70508803	EH38D2806151_70508737_70509069	regulatory	27
chr15	66789240	66789267	EH38D4884916_66789111_66789387	regulatory	27
chr15	43825175	43825202	EH38D4870258_43825099_43825431	regulatory	27
chr15	46841795	46841822	EH38D4871917_46841767_46842113	regulatory	27
chr15	37751360	37751387	EH38D2777080_37751143_37751388	regulatory	27
chr15	74050853	74050880	EH38D4891609_74050571_74050880	regulatory	27
chr15	89690783	89690810	EH38D4904551_89690563_89690912	regulatory	27
chr15	53416747	53416774	EH38D4875593_53416640_53416915	regulatory	27
chr15	70008604	70008631	EH38D4888151_70008496_70008744	regulatory	27
chr15	77507823	77507850	EH38D2812757_77507513_77507850	regulatory	27
chr15	87777987	87778014	EH38D2821369_87777987_87778330	regulatory	27
chr15	87851523	87851550	EH38D2821414_87851523_87851838	regulatory	27
chr15	29688840	29688867	EH38D4860961_29688840_29689100	regulatory	27
chr15	90318598	90318625	EH38D4905377_90318549_90318895	regulatory	27
chr15	23372955	23372982	EH38D4857280_23372945_23373291	regulatory	27
chr15	101575236	101575263	EH38D4913601_101575236_101575583	regulatory	27
chr15	40815423	40815450	EH38D4867709_40815423_40815574	regulatory	27
chr15	30080874	30080901	EH38D2771787_30080835_30081185	regulatory	27
chr15	20506180	20506207	EH38D4856261_20506055_20506207	regulatory	27
chr15	95604741	95604768	EH38D4908912_95604741_95605088	regulatory	27
chr15	69931118	69931145	EH38D2805358_69930820_69931145	regulatory	27
chr15	66701452	66701479	EH38D4884748_66701452_66701710	regulatory	27
chr15	63121616	63121642	EH38D2798130_63121616_63121966	regulatory	26
chr15	91072243	91072269	EH38D2824583_91072215_91072441	regulatory	26
chr15	97930633	97930659	EH38D2830207_97930633_97930846	regulatory	26
chr15	57375836	57375862	EH38D4877439_57375831_57376006	regulatory	26
chr15	21285733	21285759	EH38D4856442_21285733_21285960	regulatory	26
chr15	63189533	63189559	EH38D4881363_63189256_63189605	regulatory	26
chr15	74051824	74051850	EH38D4891611_74051824_74051975	regulatory	26
chr15	25668438	25668464	EH38D2768717_25668438_25668722	regulatory	26
chr15	74048609	74048635	EH38D2809396_74048553_74048901	regulatory	26
chr15	66834772	66834798	EH38D4884982_66834738_66834888	regulatory	26
chr15	84961848	84961874	EH38D2819101_84961848_84962023	regulatory	26
chr15	69881541	69881567	EH38D2805298_69881231_69881567	regulatory	26
chr15	80052889	80052915	EH38D2815247_80052661_80052957	regulatory	26
chr15	44273725	44273751	EH38D4870507_44273725_44274011	regulatory	26
chr15	53786613	53786639	EH38D2790164_53786399_53786747	regulatory	26
chr15	100665922	100665948	EH38D2832755_100665601_100665948	regulatory	26
chr15	70437131	70437157	EH38D2806043_70437093_70437396	regulatory	26
chr15	51339368	51339394	EH38D4874315_51339291_51339527	regulatory	26
chr15	37102020	37102046	EH38D2776768_37102020_37102318	regulatory	26
chr15	70319821	70319847	EH38D2805889_70319505_70319847	regulatory	26
chr15	44664583	44664609	EH38D4870727_44664405_44664738	regulatory	26
chr15	73785943	73785969	EH38D4891217_73785673_73785969	regulatory	26
chr15	85752901	85752927	EH38D4901902_85752580_85752927	regulatory	26
chr15	80660175	80660201	EH38D4898405_80660175_80660448	regulatory	26
chr15	41283660	41283685	EH38D4868151_41283470_41283685	regulatory	25
chr15	42548802	42548827	EH38D4869458_42548638_42548981	regulatory	25
chr15	34126214	34126239	EH38D2774405_34126058_34126239	regulatory	25
chr15	40115524	40115549	EH38D4866878_40115524_40115725	regulatory	25
chr15	82807411	82807436	EH38D4899915_82807202_82807473	regulatory	25
chr15	67942192	67942217	EH38D4886054_67942053_67942217	regulatory	25
chr15	75179539	75179564	EH38D4893151_75179305_75179653	regulatory	25
chr15	54675627	54675652	EH38D2790668_54675627_54675780	regulatory	25
chr15	70531723	70531748	EH38D4888900_70531644_70531917	regulatory	25
chr15	79960600	79960625	EH38D4897822_79960600_79960868	regulatory	25
chr15	22257094	22257119	EH38D4856599_22257094_22257250	regulatory	25
chr15	88427847	88427872	EH38D4903199_88427755_88427960	regulatory	25
chr15	98615380	98615405	EH38D4910476_98615190_98615405	regulatory	25
chr15	63456268	63456293	EH38D4881603_63456268_63456614	regulatory	25
chr15	86061680	86061705	EH38D2820205_86061655_86061985	regulatory	25
chr15	92524229	92524254	EH38D4907115_92524229_92524413	regulatory	25
chr15	60409420	60409445	EH38D4879546_60409235_60409489	regulatory	25
chr15	93089276	93089301	EH38D4907733_93089276_93089538	regulatory	25
chr15	39931898	39931923	EH38D4866660_39931697_39931924	regulatory	25
chr15	70249706	70249731	EH38D2805791_70249706_70250050	regulatory	25
chr15	67923765	67923790	EH38D4886039_67923680_67923910	regulatory	25
chr15	63073055	63073080	EH38D4881262_63073050_63073320	regulatory	25
chr15	22981063	22981088	EH38D4857087_22980884_22981088	regulatory	25
chr15	80190455	80190480	EH38D4898048_80190455_80190681	regulatory	25
chr15	85362169	85362194	EH38D2819435_85361846_85362194	regulatory	25
chr15	74048553	74048578	EH38D2809396_74048553_74048901	regulatory	25
chr15	75721058	75721083	EH38D2811173_75720918_75721086	regulatory	25
chr15	63844323	63844348	EH38D2798929_63844114_63844361	regulatory	25
chr15	35071351	35071376	EH38D4864205_35071048_35071376	regulatory	25
chr15	62349025	62349050	EH38D2797183_62348729_62349070	regulatory	25
chr15	53862480	53862505	EH38D4875773_53862465_53862750	regulatory	25
chr15	70016948	70016972	EH38D2805446_70016623_70016972	regulatory	24
chr15	90829972	90829996	EH38D2824336_90829972_90830319	regulatory	24
chr15	40344489	40344513	EH38D4867167_40344216_40344513	regulatory	24
chr15	50240916	50240940	EH38D2787452_50240901_50241227	regulatory	24
chr15	57784484	57784508	EH38D2793110_57784484_57784651	regulatory	24
chr15	89498319	89498343	EH38D2822999_89498263_89498612	regulatory	24
chr15	79765095	79765119	EH38D4897689_79765095_79765444	regulatory	24
chr15	101280551	101280575	EH38D4913127_101280551_101280755	regulatory	24
chr15	49083331	49083355	EH38D2786536_49083013_49083355	regulatory	24
chr15	101264227	101264251	EH38D4913102_101264117_101264331	regulatory	24
chr15	54770151	54770175	EH38D2790696_54770151_54770497	regulatory	24
chr15	91706756	91706780	EH38D4906542_91706430_91706780	regulatory	24
chr15	40878588	40878612	EH38D4867804_40878440_40878612	regulatory	24
chr15	43276148	43276172	EH38D4869918_43276148_43276484	regulatory	24
chr15	90860455	90860479	EH38D4905936_90860323_90860563	regulatory	24
chr15	29687932	29687956	EH38D4860958_29687753_29687956	regulatory	24
chr15	37102070	37102094	EH38D2776768_37102020_37102318	regulatory	24
chr15	89336207	89336231	EH38D2822787_89336207_89336463	regulatory	24
chr15	88993263	88993287	EH38D2822434_88992981_88993328	regulatory	24
chr15	51025269	51025293	EH38D2787987_51025102_51025293	regulatory	24
chr15	96737499	96737523	EH38D4909559_96737499_96737837	regulatory	24
chr15	65083663	65083687	EH38D2800155_65083346_65083687	regulatory	24
chr15	77486619	77486643	EH38D2812726_77486619_77486845	regulatory	24
chr15	73777789	73777813	EH38D2809069_73777789_73778098	regulatory	24
chr15	99479173	99479197	EH38D4911389_99479008_99479353	regulatory	24
chr15	79495243	79495267	EH38D4897565_79495064_79495267	regulatory	24
chr15	52728159	52728183	EH38D2789540_52727846_52728183	regulatory	24
chr15	69921441	69921465	EH38D4888072_69921441_69921749	regulatory	24
chr15	82298528	82298552	EH38D4899524_82298528_82298876	regulatory	24
chr15	29672285	29672309	EH38D4860934_29672084_29672384	regulatory	24
chr15	75151543	75151566	EH38D2810649_75151515_75151724	regulatory	23
chr15	63388107	63388130	EH38D4881547_63387788_63388130	regulatory	23
chr15	51622833	51622856	EH38D2788512_51622716_51623064	regulatory	23
chr15	75162142	75162165	EH38D4893131_75162101_75162377	regulatory	23
chr15	90139906	90139929	EH38D2823634_90139583_90139929	regulatory	23
chr15	70143285	70143308	EH38D4888357_70143285_70143543	regulatory	23
chr15	65134232	65134255	EH38D2800197_65134232_65134443	regulatory	23
chr15	70181244	70181267	EH38D4888413_70180988_70181309	regulatory	23
chr15	70150141	70150164	EH38D4888365_70150141_70150367	regulatory	23
chr15	96431219	96431242	EH38D4909435_96431203_96431505	regulatory	23
chr15	68758298	68758321	EH38D4886986_68758144_68758349	regulatory	23
chr15	31237023	31237046	EH38D2772287_31237023_31237257	regulatory	23
chr15	75175903	75175926	EH38D4893144_75175604_75175951	regulatory	23
chr15	79309127	79309150	EH38D4897453_79308965_79309192	regulatory	23
chr15	34122745	34122768	EH38D4863660_34122745_34123086	regulatory	23
chr15	79526944	79526967	EH38D2814835_79526944_79527146	regulatory	23
chr15	37246616	37246639	EH38D4865202_37246616_37246871	regulatory	23
chr15	89999953	89999976	EH38D4904926_89999636_89999976	regulatory	23
chr15	89430696	89430719	EH38D4904258_89430696_89431033	regulatory	23
chr15	35021135	35021158	EH38D4864176_35021072_35021250	regulatory	23
chr15	35067960	35067983	EH38D4864202_35067832_35067983	regulatory	23
chr15	91349457	91349480	EH38D4906370_91349191_91349535	regulatory	23
chr15	35062219	35062242	EH38D2775054_35062191_35062422	regulatory	23
chr15	66912035	66912058	EH38D4885114_66912035_66912385	regulatory	23
chr15	48696718	48696741	EH38D4872771_48696718_48697068	regulatory	23
chr15	99535209	99535232	EH38D2831781_99535177_99535449	regulatory	23
chr15	77875629	77875652	EH38D4895731_77875629_77875963	regulatory	23
chr15	53927267	53927290	EH38D2790261_53927190_53927415	regulatory	23
chr15	66877236	66877259	EH38D4885060_66876938_66877284	regulatory	23
chr15	72839053	72839076	EH38D2808264_72838917_72839174	regulatory	23
chr15	46077361	46077384	EH38D4871710_46077329_46077531	regulatory	23
chr15	85838181	85838204	EH38D4902034_85837940_85838209	regulatory	23
chr15	88981519	88981542	EH38D4903741_88981343_88981542	regulatory	23
chr15	95924104	95924127	EH38D2828715_95923884_95924127	regulatory	23
chr15	38084630	38084653	EH38D2777335_38084307_38084653	regulatory	23
chr15	95826499	95826522	EH38D4909012_95826396_95826734	regulatory	23
chr15	38601991	38602013	EH38D4865857_38601991_38602335	regulatory	22
chr15	40379108	40379130	EH38D4867235_40379089_40379410	regulatory	22
chr15	97902386	97902408	EH38D4909985_97902168_97902408	regulatory	22
chr15	74539506	74539528	EH38D2809985_74539506_74539709	regulatory	22
chr15	82046747	82046769	EH38D4899352_82046747_82046902	regulatory	22
chr15	65192209	65192231	EH38D4883226_65192120_65192282	regulatory	22
chr15	74950423	74950445	EH38D4892867_74950423_74950717	regulatory	22
chr15	28696126	28696148	EH38D4860081_28696126_28696452	regulatory	22
chr15	29614274	29614296	EH38D4860892_29613951_29614296	regulatory	22
chr15	89936073	89936095	EH38D2823418_89936073_89936422	regulatory	22
chr15	96340674	96340696	EH38D4909334_96340491_96340696	regulatory	22
chr15	99929703	99929725	EH38D4911687_99929544_99929725	regulatory	22
chr15	70270816	70270838	EH38D4888548_70270816_70271163	regulatory	22
chr15	37109564	37109586	EH38D2776788_37109564_37109869	regulatory	22
chr15	80054179	80054201	EH38D2815248_80054179_80054529	regulatory	22
chr15	78915968	78915990	EH38D4897032_78915809_78916124	regulatory	22
chr15	51677810	51677832	EH38D2788551_51677810_51678015	regulatory	22
chr15	89429432	89429454	EH38D2822927_89429432_89429688	regulatory	22
chr15	70165184	70165206	EH38D4888392_70165184_70165522	regulatory	22
chr15	48395464	48395486	EH38D2785856_48395464_48395814	regulatory	22
chr15	78312345	78312367	EH38D4896399_78312103_78312367	regulatory	22
chr15	99734694	99734716	EH38D4911596_99734672_99734924	regulatory	22
chr15	51643415	51643437	EH38D2788528_51643413_51643645	regulatory	22
chr15	85878905	85878927	EH38D4902067_85878889_85879200	regulatory	22
chr15	84814968	84814990	EH38D4901069_84814968_84815272	regulatory	22
chr15	64997154	64997176	EH38D2800070_64997154_64997410	regulatory	22
chr15	75634257	75634279	EH38D4893666_75633982_75634279	regulatory	22
chr15	77858953	77858974	EH38D4895698_77858953_77859299	regulatory	21
chr15	63488943	63488964	EH38D4881640_63488713_63488964	regulatory	21
chr15	89782082	89782103	EH38D4904653_89782082_89782429	regulatory	21
chr15	49748780	49748801	EH38D2787031_49748719_49749026	regulatory	21
chr15	84874203	84874224	EH38D4901166_84873992_84874224	regulatory	21
chr15	53379033	53379054	EH38D2789912_53379033_53379229	regulatory	21
chr15	70285185	70285206	EH38D4888569_70284858_70285206	regulatory	21
chr15	68028391	68028412	EH38D2803281_68028189_68028455	regulatory	21
chr15	26235252	26235273	EH38D4858825_26235122_26235273	regulatory	21
chr15	37289371	37289392	EH38D2776895_37289146_37289490	regulatory	21
chr15	78361295	78361316	EH38D2813817_78361283_78361583	regulatory	21
chr15	88563192	88563213	EH38D2822039_88563121_88563408	regulatory	21
chr15	70014485	70014506	EH38D4888153_70014397_70014602	regulatory	21
chr15	70815346	70815367	EH38D2806473_70815025_70815367	regulatory	21
chr15	95879556	95879577	EH38D4909046_95879316_95879577	regulatory	21
chr15	79994095	79994116	EH38D2815198_79993768_79994116	regulatory	21
chr15	63383586	63383607	EH38D2798438_63383295_63383607	regulatory	21
chr15	69991146	69991167	EH38D4888123_69991124_69991460	regulatory	21
chr15	95865564	95865585	EH38D4909034_95865246_95865585	regulatory	21
chr15	101807699	101807720	EH38D4913758_101807374_101807720	regulatory	21
chr15	78741372	78741393	EH38D2814139_78741372_78741664	regulatory	21
chr15	46957098	46957119	EH38D2784685_46956897_46957234	regulatory	21
chr15	63503092	63503113	EH38D2798606_63502898_63503113	regulatory	21
chr15	78399152	78399173	EH38D2813855_78399152_78399445	regulatory	21
chr15	78902291	78902312	EH38D2814308_78902291_78902541	regulatory	21
chr15	59550563	59550584	EH38D4879037_59550530_59550877	regulatory	21
chr15	69909359	69909380	EH38D4888055_69909033_69909380	regulatory	21
chr15	23369554	23369575	EH38D4857275_23369515_23369788	regulatory	21
chr15	78316735	78316756	EH38D4896405_78316735_78317066	regulatory	21
chr15	79123398	79123419	EH38D4897324_79123356_79123541	regulatory	21
chr15	70148857	70148877	EH38D2805640_70148549_70148877	regulatory	20
chr15	78374366	78374386	EH38D4896482_78374291_78374627	regulatory	20
chr15	70208470	70208490	EH38D4888458_70208470_70208736	regulatory	20
chr15	72958526	72958546	EH38D2808342_72958430_72958646	regulatory	20
chr15	70198806	70198826	EH38D2805722_70198806_70199143	regulatory	20
chr15	95989110	95989130	EH38D4909099_95989110_95989277	regulatory	20
chr15	63498973	63498993	EH38D2798599_63498918_63499238	regulatory	20
chr15	66693468	66693488	EH38D4884740_66693320_66693488	regulatory	20
chr15	40582172	40582192	EH38D2779922_40581991_40582192	regulatory	20
chr15	69981556	69981576	EH38D4888110_69981370_69981584	regulatory	20
chr15	65081553	65081573	EH38D2800150_65081280_65081573	regulatory	20
chr15	88634582	88634602	EH38D4903386_88634582_88634786	regulatory	20
chr15	60329134	60329154	EH38D4879456_60328904_60329154	regulatory	20
chr15	59919928	59919948	EH38D4879241_59919733_59920037	regulatory	20
chr15	26395016	26395036	EH38D2769319_26394787_26395131	regulatory	20
chr15	48095694	48095714	EH38D2785620_48095546_48095714	regulatory	20
chr15	36526485	36526505	EH38D4864787_36526375_36526607	regulatory	20
chr15	74540758	74540778	EH38D2809988_74540568_74540778	regulatory	20
chr15	82017778	82017798	EH38D4899325_82017778_82017932	regulatory	20
chr15	92811802	92811822	EH38D2826175_92811543_92811882	regulatory	20
chr15	37793843	37793863	EH38D2777118_37793843_37794191	regulatory	20
chr15	75333865	75333885	EH38D4893348_75333669_75334009	regulatory	20
chr15	60127480	60127500	EH38D4879361_60127480_60127830	regulatory	20
chr15	70166443	70166463	EH38D2805674_70166360_70166619	regulatory	20
chr15	69948667	69948687	EH38D4888089_69948341_69948687	regulatory	20
chr15	52984886	52984906	EH38D4875459_52984565_52984906	regulatory	20
chr15	63038551	63038571	EH38D2797982_63038421_63038586	regulatory	20
chr15	40321388	40321407	EH38D4867129_40321060_40321407	regulatory	19
chr15	64826408	64826427	EH38D4882787_64826400_64826611	regulatory	19
chr15	99564764	99564783	EH38D4911475_99564764_99565109	regulatory	19
chr15	101724584	101724603	EH38D4913707_101724383_101724733	regulatory	19
chr15	63038796	63038815	EH38D4881205_63038796_63038963	regulatory	19
chr15	34224398	34224417	EH38D4863714_34224368_34224680	regulatory	19
chr15	62889880	62889899	EH38D4881080_62889808_62890062	regulatory	19
chr15	85854655	85854674	EH38D2820034_85854402_85854674	regulatory	19
chr15	80608931	80608950	EH38D4898375_80608753_80608985	regulatory	19
chr15	63188799	63188818	EH38D2798192_63188569_63188818	regulatory	19
chr15	74781305	74781324	EH38D4892618_74780975_74781324	regulatory	19
chr15	70535418	70535437	EH38D2806187_70535147_70535491	regulatory	19
chr15	38401940	38401959	EH38D2777589_38401733_38401959	regulatory	19
chr15	90524504	90524523	EH38D2824018_90524458_90524720	regulatory	19
chr15	56007176	56007195	EH38D4876681_56007095_56007382	regulatory	19
chr15	100350725	100350744	EH38D2832532_100350578_100350923	regulatory	19
chr15	40925923	40925942	EH38D4867876_40925923_40926248	regulatory	19
chr15	36578740	36578759	EH38D2776196_36578605_36578788	regulatory	19
chr15	49715101	49715120	EH38D4873314_49714809_49715120	regulatory	19
chr15	77856746	77856765	EH38D2813181_77856746_77856949	regulatory	19
chr15	34515261	34515280	EH38D2774647_34515261_34515516	regulatory	19
chr15	42132552	42132571	EH38D2781370_42132552_42132889	regulatory	19
chr15	79604713	79604732	EH38D4897623_79604395_79604732	regulatory	19
chr15	63083853	63083872	EH38D2798087_63083694_63083872	regulatory	19
chr15	73015658	73015677	EH38D2808410_73015576_73015805	regulatory	19
chr15	88661441	88661460	EH38D2822156_88661436_88661678	regulatory	19
chr15	62307569	62307588	EH38D4880619_62307569_62307911	regulatory	19
chr15	88662301	88662320	EH38D4903445_88662199_88662547	regulatory	19
chr15	80052542	80052561	EH38D2815246_80052399_80052561	regulatory	19
chr15	90901331	90901350	EH38D4906013_90901331_90901503	regulatory	19
chr15	51652795	51652814	EH38D4874520_51652623_51652882	regulatory	19
chr15	22263850	22263869	EH38D4856614_22263850_22264032	regulatory	19
chr15	81156318	81156337	EH38D2816378_81156121_81156431	regulatory	19
chr15	99929096	99929115	EH38D2832090_99929096_99929430	regulatory	19
chr15	38577186	38577204	EH38D4865842_38576877_38577204	regulatory	18
chr15	50807206	50807224	EH38D4873907_50807206_50807547	regulatory	18
chr15	78915666	78915684	EH38D4897031_78915336_78915684	regulatory	18
chr15	50549627	50549645	EH38D4873754_50549332_50549676	regulatory	18
chr15	86014849	86014867	EH38D2820171_86014849_86015050	regulatory	18
chr15	65436355	65436373	EH38D2800514_65436107_65436387	regulatory	18
chr15	87778312	87778330	EH38D2821369_87777987_87778330	regulatory	18
chr15	63492852	63492870	EH38D4881644_63492676_63493005	regulatory	18
chr15	90372372	90372390	EH38D4905441_90372240_90372390	regulatory	18
chr15	61812681	61812699	EH38D4880350_61812681_61812948	regulatory	18
chr15	74956943	74956961	EH38D4892875_74956641_74956989	regulatory	18
chr15	66907943	66907961	EH38D4885104_66907943_66908100	regulatory	18
chr15	59924598	59924616	EH38D4879244_59924598_59924871	regulatory	18
chr15	89431163	89431181	EH38D2822931_89431134_89431373	regulatory	18
chr15	64720557	64720575	EH38D4882669_64720229_64720575	regulatory	18
chr15	88683450	88683468	EH38D2822169_88683356_88683700	regulatory	18
chr15	70349439	70349457	EH38D4888626_70349420_70349588	regulatory	18
chr15	70286460	70286478	EH38D4888571_70286252_70286478	regulatory	18
chr15	79603105	79603123	EH38D2814891_79602775_79603123	regulatory	18
chr15	91047737	91047755	EH38D2824564_91047664_91048007	regulatory	18
chr15	40308406	40308424	EH38D4867108_40308406_40308723	regulatory	18
chr15	37135325	37135343	EH38D2776813_37135325_37135657	regulatory	18
chr15	88800692	88800710	EH38D4903568_88800506_88800711	regulatory	18
chr15	63487033	63487050	EH38D2798577_63486849_63487050	regulatory	17
chr15	55124162	55124179	EH38D4876192_55123989_55124179	regulatory	17
chr15	63440911	63440928	EH38D4881588_63440703_63441047	regulatory	17
chr15	59555927	59555944	EH38D2794769_59555712_59556049	regulatory	17
chr15	69880990	69881007	EH38D4888030_69880990_69881198	regulatory	17
chr15	69857328	69857345	EH38D2805269_69857328_69857572	regulatory	17
chr15	64732126	64732143	EH38D4882681_64731992_64732143	regulatory	17
chr15	99516243	99516260	EH38D4911450_99516083_99516353	regulatory	17
chr15	74540430	74540447	EH38D4892323_74540137_74540447	regulatory	17
chr15	70234517	70234534	EH38D2805769_70234335_70234534	regulatory	17
chr15	85350965	85350982	EH38D4901563_85350638_85350982	regulatory	17
chr15	70187239	70187256	EH38D4888424_70187146_70187322	regulatory	17
chr15	45021428	45021445	EH38D2783384_45021373_45021720	regulatory	17
chr15	40150601	40150618	EH38D2779427_40150601_40150839	regulatory	17
chr15	51652865	51652882	EH38D4874520_51652623_51652882	regulatory	17
chr15	51680345	51680362	EH38D2788553_51680345_51680519	regulatory	17
chr15	91047814	91047831	EH38D2824564_91047664_91048007	regulatory	17
chr15	48366995	48367012	EH38D2785825_48366995_48367178	regulatory	17
chr15	70183132	70183149	EH38D4888417_70182926_70183161	regulatory	17
chr15	88390746	88390763	EH38D4903179_88390573_88390806	regulatory	17
chr15	70328105	70328122	EH38D2805902_70328105_70328422	regulatory	17
chr15	97066944	97066961	EH38D4909695_97066769_97066961	regulatory	17
chr15	74768391	74768408	EH38D4892587_74768391_74768585	regulatory	17
chr15	62075824	62075841	EH38D4880467_62075575_62075880	regulatory	17
chr15	63503784	63503801	EH38D4881663_63503647_63503801	regulatory	17
chr15	78432822	78432839	EH38D4896548_78432636_78432976	regulatory	17
chr15	68736215	68736232	EH38D4886972_68736215_68736381	regulatory	17
chr15	70459135	70459152	EH38D4888780_70459135_70459334	regulatory	17
chr15	64990310	64990327	EH38D2800064_64990137_64990327	regulatory	17
chr15	67955565	67955582	EH38D4886069_67955259_67955609	regulatory	17
chr15	39438272	39438288	EH38D4866347_39438272_39438616	regulatory	16
chr15	55825356	55825372	EH38D4876581_55825356_55825635	regulatory	16
chr15	79495085	79495101	EH38D4897565_79495064_79495267	regulatory	16
chr15	57792843	57792859	EH38D2793119_57792843_57793081	regulatory	16
chr15	69915314	69915330	EH38D0651797_69914985_69915330	regulatory	16
chr15	64147680	64147696	EH38D4882233_64147409_64147745	regulatory	16
chr15	100715280	100715296	EH38D4912383_100714997_100715334	regulatory	16
chr15	40485967	40485983	EH38D2779834_40485773_40486101	regulatory	16
chr15	99414602	99414618	EH38D4911274_99414297_99414618	regulatory	16
chr15	59535292	59535308	EH38D2794742_59535151_59535493	regulatory	16
chr15	78300005	78300021	EH38D2813725_78299994_78300155	regulatory	16
chr15	78757749	78757765	EH38D4896837_78757749_78758020	regulatory	16
chr15	62105492	62105508	EH38D2796991_62105269_62105614	regulatory	16
chr15	76976833	76976849	EH38D2812200_76976663_76976849	regulatory	16
chr15	49748944	49748960	EH38D2787031_49748719_49749026	regulatory	16
chr15	86001554	86001570	EH38D4902123_86001242_86001589	regulatory	16
chr15	40732340	40732356	EH38D4867573_40732131_40732356	regulatory	16
chr15	70439799	70439815	EH38D4888749_70439465_70439815	regulatory	16
chr15	62064895	62064911	EH38D4880455_62064680_62064911	regulatory	16
chr15	60312449	60312465	EH38D2795382_60312449_60312606	regulatory	16
chr15	99516309	99516325	EH38D4911450_99516083_99516353	regulatory	16
chr15	34719104	34719120	EH38D4864019_34719104_34719438	regulatory	16
chr15	66578415	66578431	EH38D2801596_66578346_66578689	regulatory	16
chr15	71789637	71789653	EH38D4889769_71789637_71789849	regulatory	16
chr15	65035867	65035883	EH38D2800098_65035832_65036137	regulatory	16
chr15	101599096	101599112	EH38D2833989_101598914_101599112	regulatory	16
chr15	93089386	93089402	EH38D4907733_93089276_93089538	regulatory	16
chr15	89021540	89021556	EH38D4903786_89021330_89021556	regulatory	16
chr15	74776122	74776138	EH38D4892605_74775788_74776138	regulatory	16
chr15	74526088	74526104	EH38D2809973_74526056_74526404	regulatory	16
chr15	74048659	74048675	EH38D2809396_74048553_74048901	regulatory	16
chr15	63173109	63173125	EH38D4881348_63173109_63173389	regulatory	16
chr15	75139240	75139256	EH38D2810639_75139172_75139378	regulatory	16
chr15	66901397	66901413	EH38D2802028_66901397_66901624	regulatory	16
chr15	66851087	66851103	EH38D4885019_66850873_66851103	regulatory	16
chr15	63030167	63030183	EH38D2797975_63030167_63030516	regulatory	16
chr15	57553000	57553015	EH38D4877591_57552677_57553015	regulatory	15
chr15	38090512	38090527	EH38D4865546_38090326_38090527	regulatory	15
chr15	39565024	39565039	EH38D2778732_39564982_39565331	regulatory	15
chr15	49081031	49081046	EH38D2786533_49081031_49081271	regulatory	15
chr15	40567444	40567459	EH38D4867478_40567157_40567488	regulatory	15
chr15	85378027	85378042	EH38D2819447_85378005_85378353	regulatory	15
chr15	91022603	91022618	EH38D4906168_91022456_91022802	regulatory	15
chr15	50769163	50769178	EH38D2787803_50769045_50769221	regulatory	15
chr15	57806216	57806231	EH38D2793130_57806024_57806365	regulatory	15
chr15	70425772	70425787	EH38D2806020_70425571_70425787	regulatory	15
chr15	78369248	78369263	EH38D4896473_78369248_78369512	regulatory	15
chr15	59690122	59690137	EH38D4879130_59689787_59690137	regulatory	15
chr15	99450826	99450841	EH38D4911350_99450620_99450841	regulatory	15
chr15	84948299	84948314	EH38D2819082_84948299_84948649	regulatory	15
chr15	53837255	53837270	EH38D4875762_53837255_53837604	regulatory	15
chr15	85858748	85858763	EH38D4902052_85858580_85858763	regulatory	15
chr15	62131571	62131586	EH38D4880495_62131437_62131638	regulatory	15
chr15	89747327	89747342	EH38D4904586_89747006_89747342	regulatory	15
chr15	75123769	75123784	EH38D4893086_75123446_75123784	regulatory	15
chr15	63503647	63503662	EH38D4881663_63503647_63503801	regulatory	15
chr15	88563121	88563136	EH38D2822039_88563121_88563408	regulatory	15
chr15	40903975	40903990	EH38D4867833_40903747_40903990	regulatory	15
chr15	70617809	70617824	EH38D4888991_70617644_70617824	regulatory	15
chr15	88803403	88803418	EH38D4903573_88803190_88803494	regulatory	15
chr15	90149527	90149542	EH38D2823644_90149433_90149713	regulatory	15
chr15	65089826	65089841	EH38D2800169_65089532_65089853	regulatory	15
chr15	41547430	41547445	EH38D4868418_41547231_41547457	regulatory	15
chr15	70165168	70165183	EH38D4888391_70164933_70165183	regulatory	15
chr15	38085235	38085250	EH38D4865542_38085143_38085489	regulatory	15
chr15	70016183	70016198	EH38D4888157_70016013_70016248	regulatory	15
chr15	79944476	79944491	EH38D4897800_79944267_79944491	regulatory	15
chr15	70246787	70246802	EH38D4888499_70246464_70246802	regulatory	15
chr15	38127824	38127838	EH38D4865567_38127824_38127982	regulatory	14
chr15	22264866	22264880	EH38D4856616_22264714_22264880	regulatory	14
chr15	79960877	79960891	EH38D4897823_79960877_79961210	regulatory	14
chr15	73683189	73683203	EH38D4891088_73683173_73683483	regulatory	14
chr15	73823864	73823878	EH38D2809123_73823864_73824023	regulatory	14
chr15	66253788	66253802	EH38D4884326_66253565_66253914	regulatory	14
chr15	23519100	23519114	EH38D2767783_23519047_23519384	regulatory	14
chr15	64072225	64072239	EH38D2799191_64071997_64072239	regulatory	14
chr15	75626469	75626483	EH38D4893659_75626339_75626562	regulatory	14
chr15	75665594	75665608	EH38D4893731_75665526_75665875	regulatory	14
chr15	88615636	88615650	EH38D2822084_88615305_88615650	regulatory	14
chr15	70629318	70629332	EH38D4889001_70629112_70629332	regulatory	14
chr15	70791628	70791642	EH38D4889109_70791310_70791642	regulatory	14
chr15	38624565	38624579	EH38D4865887_38624565_38624895	regulatory	14
chr15	37339535	37339549	EH38D2776908_37339535_37339706	regulatory	14
chr15	55800091	55800105	EH38D2791332_55799765_55800105	regulatory	14
chr15	52103385	52103399	EH38D4874817_52103318_52103488	regulatory	14
chr15	59958411	59958425	EH38D2795080_59958332_59958620	regulatory	14
chr15	52102740	52102754	EH38D4874816_52102478_52102827	regulatory	14
chr15	62887812	62887826	EH38D4881077_62887641_62887909	regulatory	14
chr15	76313061	76313075	EH38D2811715_76312827_76313170	regulatory	14
chr15	88375983	88375997	EH38D4903157_88375907_88376178	regulatory	14
chr15	62972845	62972859	EH38D4881152_62972845_62973184	regulatory	14
chr15	35019466	35019480	EH38D2775018_35019466_35019664	regulatory	14
chr15	31310633	31310647	EH38D4861943_31310633_31310925	regulatory	14
chr15	59972582	59972596	EH38D2795085_59972254_59972596	regulatory	14
chr15	55795972	55795986	EH38D4876567_55795968_55796233	regulatory	14
chr15	55796219	55796233	EH38D4876567_55795968_55796233	regulatory	14
chr15	66875850	66875863	EH38D2801987_66875643_66875863	regulatory	13
chr15	75840963	75840976	EH38D2811311_75840727_75840976	regulatory	13
chr15	49847953	49847966	EH38D2787092_49847953_49848133	regulatory	13
chr15	31246549	31246562	EH38D2772296_31246468_31246721	regulatory	13
chr15	70407950	70407963	EH38D2805998_70407830_70408161	regulatory	13
chr15	101258130	101258143	EH38D4913099_101257990_101258143	regulatory	13
chr15	58585765	58585778	EH38D2793896_58585689_58586035	regulatory	13
chr15	30195611	30195624	EH38D4861264_30195611_30195867	regulatory	13
chr15	52113304	52113317	EH38D4874834_52113258_52113603	regulatory	13
chr15	77821210	77821223	EH38D4895637_77821054_77821223	regulatory	13
chr15	59919651	59919664	EH38D4879240_59919314_59919664	regulatory	13
chr15	60004220	60004233	EH38D2795126_60004019_60004323	regulatory	13
chr15	87110697	87110710	EH38D2820896_87110627_87110930	regulatory	13
chr15	70611417	70611430	EH38D2806274_70611290_70611619	regulatory	13
chr15	34719146	34719159	EH38D4864019_34719104_34719438	regulatory	13
chr15	62116633	62116646	EH38D4880487_62116633_62116836	regulatory	13
chr15	76982839	76982852	EH38D2812206_76982839_76983028	regulatory	13
chr15	23449626	23449639	EH38D2767747_23449626_23449836	regulatory	13
chr15	93089211	93089224	EH38D4907732_93088993_93089261	regulatory	13
chr15	66912165	66912178	EH38D4885114_66912035_66912385	regulatory	13
chr15	88919777	88919790	EH38D4903701_88919755_88920087	regulatory	13
chr15	88699822	88699835	EH38D2822181_88699822_88700035	regulatory	13
chr15	72821121	72821134	EH38D4890515_72820856_72821192	regulatory	13
chr15	74050138	74050151	EH38D2809397_74050138_74050463	regulatory	13
chr15	69909772	69909785	EH38D2805331_69909772_69910059	regulatory	13
chr15	94701607	94701620	EH38D2827750_94701460_94701620	regulatory	13
chr15	79954192	79954205	EH38D4897812_79954138_79954487	regulatory	13
chr15	69101125	69101138	EH38D4887289_69100912_69101138	regulatory	13
chr15	34813505	34813518	EH38D2774885_34813486_34813826	regulatory	13
chr15	75817362	75817375	EH38D4893969_75817339_75817679	regulatory	13
chr15	75902547	75902560	EH38D2811366_75902211_75902560	regulatory	13
chr15	92366509	92366522	EH38D4907002_92366262_92366522	regulatory	13
chr15	68265423	68265436	EH38D4886328_68265131_68265436	regulatory	13
chr15	31445120	31445133	EH38D2772594_31444921_31445201	regulatory	13
chr15	98295417	98295430	EH38D4910207_98295204_98295430	regulatory	13
chr15	25635523	25635535	EH38D2768683_25635228_25635535	regulatory	12
chr15	60412338	60412350	EH38D2795549_60412142_60412350	regulatory	12
chr15	59875199	59875211	EH38D2795017_59875199_59875375	regulatory	12
chr15	77510936	77510948	EH38D2812765_77510708_77510948	regulatory	12
chr15	97090551	97090563	EH38D4909712_97090366_97090570	regulatory	12
chr15	89356084	89356096	EH38D4904164_89355968_89356190	regulatory	12
chr15	89783407	89783419	EH38D4904655_89783087_89783419	regulatory	12
chr15	44784107	44784119	EH38D4870831_44784107_44784333	regulatory	12
chr15	62928432	62928444	EH38D2797852_62928276_62928444	regulatory	12
chr15	78914607	78914619	EH38D2814326_78914359_78914694	regulatory	12
chr15	92393868	92393880	EH38D4907018_92393646_92393991	regulatory	12
chr15	80151886	80151898	EH38D4897998_80151555_80151898	regulatory	12
chr15	91846161	91846173	EH38D4906616_91846027_91846317	regulatory	12
chr15	22221138	22221150	EH38D4856523_22221018_22221183	regulatory	12
chr15	38237100	38237112	EH38D2777462_38237100_38237395	regulatory	12
chr15	20227787	20227799	EH38D2767028_20227452_20227799	regulatory	12
chr15	98598422	98598434	EH38D2830723_98598422_98598624	regulatory	12
chr15	59099627	59099639	EH38D4878643_59099296_59099639	regulatory	12
chr15	80996476	80996488	EH38D2816221_80996347_80996548	regulatory	12
chr15	67937223	67937235	EH38D4886049_67937157_67937497	regulatory	12
chr15	32701981	32701993	EH38D2773135_32701981_32702160	regulatory	12
chr15	77541393	77541405	EH38D4895195_77541158_77541405	regulatory	12
chr15	99486848	99486860	EH38D4911401_99486511_99486860	regulatory	12
chr15	77820900	77820912	EH38D4895636_77820763_77820963	regulatory	12
chr15	91370186	91370198	EH38D4906383_91369883_91370198	regulatory	12
chr15	68775005	68775017	EH38D2804148_68774955_68775282	regulatory	12
chr15	23896280	23896292	EH38D4857537_23896250_23896529	regulatory	12
chr15	90382304	90382316	EH38D4905450_90382304_90382634	regulatory	12
chr15	96493848	96493860	EH38D4909465_96493848_96494080	regulatory	12
chr15	67880676	67880688	EH38D4885999_67880676_67881022	regulatory	12
chr15	66906808	66906820	EH38D4885101_66906714_66907062	regulatory	12
chr15	88390642	88390654	EH38D4903179_88390573_88390806	regulatory	12
chr15	70141152	70141164	EH38D2805628_70141152_70141502	regulatory	12
chr15	66836421	66836433	EH38D4884986_66836130_66836477	regulatory	12
chr15	68577891	68577903	EH38D4886732_68577656_68577903	regulatory	12
chr15	80009931	80009943	EH38D4897884_80009744_80010033	regulatory	12
chr15	94677695	94677707	EH38D2827734_94677432_94677728	regulatory	12
chr15	45310557	45310569	EH38D4871292_45310557_45310896	regulatory	12
chr15	66912352	66912363	EH38D4885114_66912035_66912385	regulatory	11
chr15	44721405	44721416	EH38D4870788_44721287_44721504	regulatory	11
chr15	63003580	63003591	EH38D2797938_63003494_63003830	regulatory	11
chr15	88918775	88918786	EH38D4903699_88918544_88918786	regulatory	11
chr15	74776064	74776075	EH38D4892605_74775788_74776138	regulatory	11
chr15	63038421	63038432	EH38D2797982_63038421_63038586	regulatory	11
chr15	75313245	75313256	EH38D4893325_75312989_75313256	regulatory	11
chr15	68578923	68578934	EH38D4886735_68578785_68579040	regulatory	11
chr15	79635428	79635439	EH38D4897635_79635183_79635439	regulatory	11
chr15	79811984	79811995	EH38D2815021_79811794_79811995	regulatory	11
chr15	66783610	66783621	EH38D2801863_66783427_66783621	regulatory	11
chr15	73966066	73966077	EH38D2809298_73965819_73966165	regulatory	11
chr15	75119402	75119413	EH38D4893081_75119383_75119548	regulatory	11
chr15	63121821	63121832	EH38D2798130_63121616_63121966	regulatory	11
chr15	45332984	45332995	EH38D4871300_45332747_45333074	regulatory	11
chr15	42059040	42059051	EH38D4869052_42058806_42059132	regulatory	11
chr15	89964775	89964786	EH38D4904896_89964625_89964941	regulatory	11
chr15	72920725	72920736	EH38D2808322_72920598_72920933	regulatory	11
chr15	39574786	39574797	EH38D2778741_39574447_39574797	regulatory	11
chr15	56533157	56533168	EH38D2791850_56533157_56533507	regulatory	11
chr15	70452987	70452998	EH38D4888776_70452933_70453243	regulatory	11
chr15	80008685	80008696	EH38D4897881_80008466_80008696	regulatory	11
chr15	81151501	81151512	EH38D4898830_81151469_81151670	regulatory	11
chr15	68576560	68576571	EH38D2803897_68576275_68576571	regulatory	11
chr15	84960748	84960759	EH38D4901269_84960656_84960858	regulatory	11
chr15	54770206	54770217	EH38D2790696_54770151_54770497	regulatory	11
chr15	50546867	50546878	EH38D4873752_50546867_50547159	regulatory	11
chr15	40756098	40756109	EH38D4867611_40755876_40756157	regulatory	11
chr15	38430684	38430695	EH38D2777606_38430684_38431028	regulatory	11
chr15	53836809	53836820	EH38D2790200_53836619_53836946	regulatory	11
chr15	67892754	67892765	EH38D2803143_67892614_67892963	regulatory	11
chr15	85825846	85825857	EH38D4902022_85825732_85826074	regulatory	11
chr15	47003692	47003703	EH38D4871955_47003571_47003902	regulatory	11
chr15	51751585	51751596	EH38D4874575_51751432_51751779	regulatory	11
chr15	50686797	50686808	EH38D2787737_50686669_50687019	regulatory	11
chr15	31233105	31233116	EH38D2772280_31233070_31233329	regulatory	11
chr15	31266454	31266464	EH38D4861861_31266115_31266464	regulatory	10
chr15	68573358	68573368	EH38D4886725_68573023_68573368	regulatory	10
chr15	67885230	67885240	EH38D4886008_67885013_67885240	regulatory	10
chr15	85839742	85839752	EH38D2820024_85839742_85840085	regulatory	10
chr15	50384102	50384112	EH38D2787559_50384092_50384287	regulatory	10
chr15	62135235	62135245	EH38D2797027_62135164_62135444	regulatory	10
chr15	79114900	79114910	EH38D2814525_79114878_79115228	regulatory	10
chr15	63121400	63121410	EH38D4881313_63121398_63121557	regulatory	10
chr15	56086815	56086825	EH38D4876728_56086603_56086940	regulatory	10
chr15	80052661	80052671	EH38D2815247_80052661_80052957	regulatory	10
chr15	59567633	59567643	EH38D4879047_59567389_59567720	regulatory	10
chr15	96348271	96348281	EH38D4909345_96348154_96348498	regulatory	10
chr15	91794266	91794276	EH38D2825172_91794266_91794535	regulatory	10
chr15	57782762	57782772	EH38D4877752_57782742_57783011	regulatory	10
chr15	56042571	56042581	EH38D4876704_56042540_56042888	regulatory	10
chr15	64835253	64835263	EH38D4882796_64835217_64835453	regulatory	10
chr15	89002145	89002155	EH38D4903767_89001886_89002162	regulatory	10
chr15	40906800	40906810	EH38D4867840_40906800_40906957	regulatory	10
chr15	89034308	89034318	EH38D4903796_89034272_89034599	regulatory	10
chr15	74526394	74526404	EH38D2809973_74526056_74526404	regulatory	10
chr15	74779546	74779556	EH38D4892615_74779546_74779773	regulatory	10
chr15	44721736	44721746	EH38D4870789_44721717_44722004	regulatory	10
chr15	75460708	75460718	EH38D4893511_75460708_75461008	regulatory	10
chr15	75130147	75130157	EH38D4893096_75130147_75130349	regulatory	10
chr15	73639999	73640009	EH38D4891059_73639925_73640132	regulatory	10
chr15	90322737	90322747	EH38D4905383_90322515_90322855	regulatory	10
chr15	90150909	90150919	EH38D4905157_90150583_90150919	regulatory	10
chr15	73966962	73966972	EH38D4891478_73966766_73967069	regulatory	10
chr15	65043220	65043230	EH38D2800104_65042971_65043280	regulatory	10
chr15	37766091	37766101	EH38D4865365_37765757_37766107	regulatory	10
chr15	66253904	66253914	EH38D4884326_66253565_66253914	regulatory	10
chr15	74390535	74390545	EH38D4892131_74390342_74390545	regulatory	10
chr15	88986580	88986590	EH38D4903748_88986492_88986664	regulatory	10
chr15	74374667	74374677	EH38D4892091_74374667_74374830	regulatory	10
chr15	90823569	90823579	EH38D4905887_90823519_90823865	regulatory	10
chr15	88703127	88703137	EH38D4903485_88703025_88703372	regulatory	10
chr15	89975249	89975258	EH38D4904904_89974954_89975258	regulatory	9
chr15	70204250	70204259	EH38D4888455_70204250_70204592	regulatory	9
chr15	66261406	66261415	EH38D2801317_66261066_66261415	regulatory	9
chr15	96515226	96515235	EH38D2829355_96514891_96515235	regulatory	9
chr15	66842624	66842633	EH38D4884998_66842283_66842633	regulatory	9
chr15	74398584	74398593	EH38D4892143_74398271_74398606	regulatory	9
chr15	100704747	100704756	EH38D4912366_100704733_100705032	regulatory	9
chr15	74774361	74774370	EH38D4892602_74774361_74774604	regulatory	9
chr15	40914553	40914562	EH38D4867856_40914553_40914752	regulatory	9
chr15	74950222	74950231	EH38D2810428_74950190_74950361	regulatory	9
chr15	74399419	74399428	EH38D4892144_74399124_74399465	regulatory	9
chr15	38620562	38620571	EH38D4865882_38620562_38620752	regulatory	9
chr15	68028483	68028492	EH38D2803282_68028483_68028684	regulatory	9
chr15	70393144	70393153	EH38D4888688_70392896_70393180	regulatory	9
chr15	80036139	80036148	EH38D2815240_80036075_80036424	regulatory	9
chr15	39529521	39529530	EH38D2778702_39529342_39529530	regulatory	9
chr15	56040317	56040326	EH38D4876699_56040061_56040389	regulatory	9
chr15	55746223	55746232	EH38D2791289_55746033_55746232	regulatory	9
chr15	70319053	70319062	EH38D4888601_70319053_70319402	regulatory	9
chr15	51644337	51644346	EH38D4874513_51644337_51644555	regulatory	9
chr15	40759386	40759395	EH38D4867614_40759199_40759395	regulatory	9
chr15	23174684	23174693	EH38D4857225_23174684_23174851	regulatory	9
chr15	53416906	53416915	EH38D4875593_53416640_53416915	regulatory	9
chr15	59847507	59847516	EH38D4879199_59847242_59847590	regulatory	9
chr15	53408079	53408088	EH38D2789931_53407976_53408189	regulatory	9
chr15	31163120	31163129	EH38D4861712_31163112_31163458	regulatory	9
chr15	52732623	52732632	EH38D4875312_52732623_52732883	regulatory	9
chr15	50378841	50378850	EH38D4873679_50378807_50379101	regulatory	9
chr15	48095637	48095646	EH38D2785620_48095546_48095714	regulatory	9
chr15	74393579	74393588	EH38D4892134_74393475_74393778	regulatory	9
chr15	63899258	63899267	EH38D2798996_63899244_63899501	regulatory	9
chr15	68776618	68776627	EH38D2804153_68776618_68776894	regulatory	9
chr15	57375209	57375218	EH38D2792638_57374937_57375218	regulatory	9
chr15	21270961	21270970	EH38D4856434_21270873_21271091	regulatory	9
chr15	23639030	23639039	EH38D2767849_23639030_23639231	regulatory	9
chr15	50767321	50767330	EH38D4873883_50767248_50767548	regulatory	9
chr15	82806928	82806937	EH38D4899914_82806840_82807184	regulatory	9
chr15	50807309	50807318	EH38D4873907_50807206_50807547	regulatory	9
chr15	48386194	48386203	EH38D2785841_48386120_48386469	regulatory	9
chr15	60264557	60264566	EH38D2795356_60264557_60264898	regulatory	9
chr15	33283097	33283106	EH38D4863186_33283097_33283334	regulatory	9
chr15	70017335	70017343	EH38D4888160_70017335_70017560	regulatory	8
chr15	69129369	69129377	EH38D2804521_69129159_69129377	regulatory	8
chr15	45943275	45943283	EH38D4871674_45943275_45943617	regulatory	8
chr15	45402327	45402335	EH38D4871354_45402152_45402502	regulatory	8
chr15	88402284	88402292	EH38D4903189_88402005_88402341	regulatory	8
chr15	75146047	75146055	EH38D4893110_75145734_75146059	regulatory	8
chr15	90522841	90522849	EH38D4905574_90522817_90523167	regulatory	8
chr15	63491142	63491150	EH38D2798583_63491142_63491402	regulatory	8
chr15	74540290	74540298	EH38D4892323_74540137_74540447	regulatory	8
chr15	88913650	88913658	EH38D2822360_88913650_88913986	regulatory	8
chr15	88939541	88939549	EH38D2822385_88939477_88939686	regulatory	8
chr15	96728930	96728938	EH38D4909555_96728590_96728938	regulatory	8
chr15	42738119	42738127	EH38D4869609_42737901_42738198	regulatory	8
chr15	44224093	44224101	EH38D4870489_44224028_44224265	regulatory	8
chr15	73391197	73391205	EH38D4890920_73391197_73391360	regulatory	8
chr15	42119124	42119132	EH38D2781357_42118883_42119207	regulatory	8
chr15	41123566	41123574	EH38D4868030_41123495_41123666	regulatory	8
chr15	63904139	63904147	EH38D4881953_63904086_63904409	regulatory	8
chr15	85379709	85379717	EH38D4901590_85379563_85379726	regulatory	8
chr15	91047688	91047696	EH38D2824564_91047664_91048007	regulatory	8
chr15	90866806	90866814	EH38D4905941_90866643_90866854	regulatory	8
chr15	67917948	67917956	EH38D4886031_67917663_67917973	regulatory	8
chr15	37357156	37357164	EH38D2776913_37357156_37357504	regulatory	8
chr15	88365089	88365097	EH38D4903147_88364934_88365097	regulatory	8
chr15	62887641	62887649	EH38D4881077_62887641_62887909	regulatory	8
chr15	50793865	50793873	EH38D4873901_50793865_50794073	regulatory	8
chr15	98648193	98648201	EH38D4910507_98648038_98648201	regulatory	8
chr15	59566718	59566726	EH38D2794777_59566691_59567019	regulatory	8
chr15	99450620	99450628	EH38D4911350_99450620_99450841	regulatory	8
chr15	78363093	78363101	EH38D2813820_78362765_78363101	regulatory	8
chr15	31197737	31197745	EH38D4861744_31197505_31197745	regulatory	8
chr15	22656093	22656101	EH38D4856744_22656090_22656270	regulatory	8
chr15	80059559	80059567	EH38D4897939_80059393_80059733	regulatory	8
chr15	21272181	21272189	EH38D4856437_21272181_21272419	regulatory	8
chr15	20651070	20651077	EH38D2767187_20650866_20651077	regulatory	7
chr15	38086660	38086667	EH38D4865545_38086660_38087009	regulatory	7
chr15	91804788	91804795	EH38D2825179_91804494_91804795	regulatory	7
chr15	92533638	92533645	EH38D2825884_92533302_92533646	regulatory	7
chr15	98555173	98555180	EH38D4910415_98555173_98555455	regulatory	7
chr15	79644378	79644385	EH38D4897638_79644118_79644468	regulatory	7
chr15	70474259	70474266	EH38D4888807_70474055_70474266	regulatory	7
chr15	80058632	80058639	EH38D4897936_80058504_80058705	regulatory	7
chr15	67916306	67916313	EH38D2803168_67916139_67916313	regulatory	7
chr15	70588239	70588246	EH38D4888968_70587896_70588246	regulatory	7
chr15	23373573	23373580	EH38D4857282_23373544_23373882	regulatory	7
chr15	101139739	101139746	EH38D4912941_101139499_101139746	regulatory	7
chr15	41150495	41150502	EH38D4868045_41150495_41150675	regulatory	7
chr15	90345846	90345853	EH38D2823841_90345834_90346165	regulatory	7
chr15	90834643	90834650	EH38D4905905_90834643_90834990	regulatory	7
chr15	40951998	40952005	EH38D4867922_40951998_40952151	regulatory	7
chr15	70181428	70181435	EH38D2805691_70181375_70181650	regulatory	7
chr15	22230327	22230334	EH38D4856546_22230327_22230677	regulatory	7
chr15	69897880	69897887	EH38D4888044_69897864_69898213	regulatory	7
chr15	68558368	68558375	EH38D4886705_68558368_68558715	regulatory	7
chr15	31459627	31459634	EH38D4862183_31459535_31459723	regulatory	7
chr15	78907715	78907722	EH38D4897020_78907681_78908011	regulatory	7
chr15	100668606	100668613	EH38D2832758_100668458_100668613	regulatory	7
chr15	89356039	89356046	EH38D4904164_89355968_89356190	regulatory	7
chr15	31261883	31261890	EH38D4861849_31261883_31262130	regulatory	7
chr15	73964785	73964792	EH38D4891474_73964785_73965056	regulatory	7
chr15	33216313	33216320	EH38D2773678_33216313_33216637	regulatory	7
chr15	78405149	78405156	EH38D4896518_78405149_78405315	regulatory	7
chr15	73870809	73870816	EH38D2809166_73870809_73871049	regulatory	7
chr15	23504104	23504111	EH38D2767772_23504075_23504365	regulatory	7
chr15	90139235	90139242	EH38D4905146_90138965_90139242	regulatory	7
chr15	90138765	90138772	EH38D4905145_90138450_90138795	regulatory	7
chr15	86036298	86036305	EH38D4902136_86036298_86036636	regulatory	7
chr15	99479048	99479055	EH38D4911389_99479008_99479353	regulatory	7
chr15	68758568	68758575	EH38D4886987_68758397_68758598	regulatory	7
chr15	63015282	63015289	EH38D4881188_63015128_63015289	regulatory	7
chr15	94135887	94135894	EH38D2827318_94135829_94136061	regulatory	7
chr15	40316952	40316959	EH38D4867122_40316952_40317287	regulatory	7
chr15	40397829	40397836	EH38D4867258_40397765_40398035	regulatory	7
chr15	37698712	37698719	EH38D4865339_37698664_37699009	regulatory	7
chr15	46252289	46252296	EH38D2784286_46251968_46252298	regulatory	7
chr15	34828866	34828873	EH38D4864090_34828782_34829120	regulatory	7
chr15	62945779	62945786	EH38D2797873_62945779_62946105	regulatory	7
chr15	88801061	88801068	EH38D2822256_88800843_88801068	regulatory	7
chr15	78300305	78300312	EH38D2813726_78300157_78300479	regulatory	7
chr15	60236016	60236023	EH38D2795338_60236016_60236366	regulatory	7
chr15	74774467	74774474	EH38D4892602_74774361_74774604	regulatory	7
chr15	40382714	40382720	EH38D4867240_40382714_40383063	regulatory	6
chr15	80192528	80192534	EH38D2815401_80192266_80192534	regulatory	6
chr15	98600417	98600423	EH38D4910459_98600328_98600670	regulatory	6
chr15	70416262	70416268	EH38D4888720_70416262_70416554	regulatory	6
chr15	82047816	82047822	EH38D4899353_82047548_82047822	regulatory	6
chr15	64687566	64687572	EH38D2799723_64687566_64687778	regulatory	6
chr15	31474812	31474818	EH38D4862205_31474475_31474818	regulatory	6
chr15	40949241	40949247	EH38D4867917_40949241_40949417	regulatory	6
chr15	41487578	41487584	EH38D2780674_41487578_41487776	regulatory	6
chr15	79529528	79529534	EH38D2814839_79529513_79529697	regulatory	6
chr15	40972186	40972192	EH38D4867954_40972069_40972251	regulatory	6
chr15	101126666	101126672	EH38D2833381_101126666_101126863	regulatory	6
chr15	65893204	65893210	EH38D4883911_65893109_65893346	regulatory	6
chr15	101107729	101107735	EH38D4912893_101107729_101107974	regulatory	6
chr15	65089206	65089212	EH38D2800168_65089206_65089516	regulatory	6
chr15	65221796	65221802	EH38D2800279_65221796_65222025	regulatory	6
chr15	96559388	96559394	EH38D4909490_96559196_96559394	regulatory	6
chr15	89231171	89231177	EH38D2822698_89230982_89231249	regulatory	6
chr15	74375511	74375517	EH38D4892093_74375274_74375533	regulatory	6
chr15	89751272	89751278	EH38D4904595_89751109_89751278	regulatory	6
chr15	45222360	45222366	EH38D4871252_45222049_45222390	regulatory	6
chr15	63833948	63833954	EH38D4881891_63833819_63834167	regulatory	6
chr15	59829130	59829136	EH38D4879190_59828864_59829214	regulatory	6
chr15	88385414	88385420	EH38D4903170_88385098_88385444	regulatory	6
chr15	88436020	88436026	EH38D4903206_88435692_88436041	regulatory	6
chr15	97023515	97023521	EH38D4909678_97023484_97023689	regulatory	6
chr15	45948883	45948889	EH38D2784152_45948883_45949163	regulatory	6
chr15	45704621	45704627	EH38D4871575_45704621_45704789	regulatory	6
chr15	77554558	77554564	EH38D4895221_77554377_77554564	regulatory	6
chr15	88315665	88315671	EH38D4903122_88315491_88315781	regulatory	6
chr15	77891574	77891580	EH38D4895754_77891574_77891746	regulatory	6
chr15	88303535	88303541	EH38D2821826_88303535_88303746	regulatory	6
chr15	62895621	62895627	EH38D2797815_62895621_62895795	regulatory	6
chr15	69457585	69457590	EH38D2804819_69457378_69457590	regulatory	5
chr15	80152484	80152489	EH38D4898000_80152484_80152834	regulatory	5
chr15	79960667	79960672	EH38D4897822_79960600_79960868	regulatory	5
chr15	79954318	79954323	EH38D4897812_79954138_79954487	regulatory	5
chr15	50811788	50811793	EH38D4873909_50811569_50811826	regulatory	5
chr15	99503320	99503325	EH38D2831747_99503157_99503325	regulatory	5
chr15	40859485	40859490	EH38D4867775_40859144_40859490	regulatory	5
chr15	40593819	40593824	EH38D4867502_40593819_40594145	regulatory	5
chr15	67923227	67923232	EH38D4886037_67923056_67923275	regulatory	5
chr15	90388236	90388241	EH38D4905458_90388203_90388364	regulatory	5
chr15	90817907	90817912	EH38D4905873_90817907_90818098	regulatory	5
chr15	59541642	59541647	EH38D2794752_59541600_59541821	regulatory	5
chr15	58585352	58585357	EH38D4878336_58585141_58585357	regulatory	5
chr15	65378554	65378559	EH38D4883481_65378554_65378903	regulatory	5
chr15	101108121	101108126	EH38D4912894_101108112_101108402	regulatory	5
chr15	65185342	65185347	EH38D4883215_65185317_65185665	regulatory	5
chr15	89959424	89959429	EH38D4904891_89959205_89959555	regulatory	5
chr15	64837860	64837865	EH38D2799896_64837526_64837865	regulatory	5
chr15	64811052	64811057	EH38D4882765_64811052_64811322	regulatory	5
chr15	32705875	32705880	EH38D4862796_32705536_32705880	regulatory	5
chr15	97996546	97996551	EH38D4910042_97996350_97996551	regulatory	5
chr15	85332238	85332243	EH38D2819386_85332069_85332320	regulatory	5
chr15	85151936	85151941	EH38D4901420_85151874_85152219	regulatory	5
chr15	52106986	52106991	EH38D4874822_52106675_52106991	regulatory	5
chr15	29985333	29985338	EH38D2771713_29985144_29985494	regulatory	5
chr15	29969257	29969262	EH38D4861156_29969257_29969547	regulatory	5
chr15	99421122	99421127	EH38D4911279_99421093_99421437	regulatory	5
chr15	78905600	78905605	EH38D2814311_78905566_78905823	regulatory	5
chr15	42942007	42942012	EH38D2782004_42941679_42942023	regulatory	5
chr15	89497827	89497832	EH38D2822998_89497827_89498035	regulatory	5
chr15	63881605	63881610	EH38D2798972_63881559_63881870	regulatory	5
chr15	63870869	63870874	EH38D2798957_63870593_63870903	regulatory	5
chr15	63488177	63488182	EH38D4881639_63487971_63488318	regulatory	5
chr15	74950356	74950361	EH38D2810428_74950190_74950361	regulatory	5
chr15	78315975	78315980	EH38D2813752_78315779_78315980	regulatory	5
chr15	62895238	62895243	EH38D4881084_62895141_62895491	regulatory	5
chr15	87263641	87263646	EH38D4902561_87263300_87263646	regulatory	5
chr15	87173674	87173679	EH38D2820941_87173674_87174021	regulatory	5
chr15	60320370	60320375	EH38D2795390_60320370_60320692	regulatory	5
chr15	82710112	82710117	EH38D4899837_82709809_82710117	regulatory	5
chr15	84582253	84582258	EH38D4900813_84582012_84582261	regulatory	5
chr15	84814040	84814045	EH38D4901068_84813801_84814131	regulatory	5
chr15	75313205	75313210	EH38D4893325_75312989_75313256	regulatory	5
chr15	46960646	46960651	EH38D2784687_46960593_46960926	regulatory	5
chr15	68442216	68442221	EH38D2803764_68442061_68442389	regulatory	5
chr15	40435947	40435952	EH38D4867312_40435724_40435952	regulatory	5
chr15	40487437	40487442	EH38D4867405_40487226_40487569	regulatory	5
chr15	92375207	92375212	EH38D2825738_92375207_92375370	regulatory	5
chr15	92510484	92510489	EH38D2825860_92510186_92510534	regulatory	5
chr15	57591362	57591367	EH38D4877629_57591262_57591552	regulatory	5
chr15	69882287	69882292	EH38D2805300_69882287_69882574	regulatory	5
chr15	37790019	37790023	EH38D2777114_37789924_37790268	regulatory	4
chr15	62999026	62999030	EH38D2797933_62998786_62999068	regulatory	4
chr15	75902412	75902416	EH38D2811366_75902211_75902560	regulatory	4
chr15	76311781	76311785	EH38D2811713_76311781_76311943	regulatory	4
chr15	70377446	70377450	EH38D4888665_70377141_70377450	regulatory	4
chr15	91824615	91824619	EH38D2825192_91824269_91824619	regulatory	4
chr15	79432331	79432335	EH38D4897535_79432331_79432650	regulatory	4
chr15	92506686	92506690	EH38D2825857_92506526_92506859	regulatory	4
chr15	57828271	57828275	EH38D2793147_57828025_57828357	regulatory	4
chr15	101252547	101252551	EH38D2833553_101252547_101252766	regulatory	4
chr15	75177597	75177601	EH38D2810687_75177597_75177947	regulatory	4
chr15	99771037	99771041	EH38D4911611_99770696_99771041	regulatory	4
chr15	88739217	88739221	EH38D2822216_88738900_88739245	regulatory	4
chr15	36312618	36312622	EH38D2775995_36312465_36312622	regulatory	4
chr15	88990686	88990690	EH38D4903755_88990406_88990693	regulatory	4
chr15	74443813	74443817	EH38D4892229_74443570_74443919	regulatory	4
chr15	63497240	63497244	EH38D4881652_63497061_63497410	regulatory	4
chr15	63490761	63490765	EH38D2798582_63490678_63490936	regulatory	4
chr15	74811115	74811119	EH38D4892680_74811045_74811289	regulatory	4
chr15	63312517	63312521	EH38D2798345_63312342_63312686	regulatory	4
chr15	75123480	75123484	EH38D4893086_75123446_75123784	regulatory	4
chr15	34726734	34726738	EH38D4864026_34726388_34726738	regulatory	4
chr15	49083148	49083152	EH38D2786536_49083013_49083355	regulatory	4
chr15	62316898	62316902	EH38D4880623_62316788_62317014	regulatory	4
chr15	77538708	77538712	EH38D2812805_77538420_77538720	regulatory	4
chr15	31252470	31252474	EH38D2772298_31252214_31252559	regulatory	4
chr15	64826877	64826881	EH38D4882788_64826807_64827113	regulatory	4
chr15	37101299	37101303	EH38D2776766_37101179_37101527	regulatory	4
chr15	89936156	89936160	EH38D2823418_89936073_89936422	regulatory	4
chr15	89998988	89998992	EH38D4904924_89998972_89999316	regulatory	4
chr15	65520438	65520442	EH38D4883621_65520314_65520496	regulatory	4
chr15	98316058	98316062	EH38D4910217_98316018_98316368	regulatory	4
chr15	90382630	90382634	EH38D4905450_90382304_90382634	regulatory	4
chr15	72821188	72821192	EH38D4890515_72820856_72821192	regulatory	4
chr15	60275728	60275732	EH38D4879426_60275719_60275920	regulatory	4
chr15	85796268	85796272	EH38D2819984_85796018_85796272	regulatory	4
chr15	85344326	85344330	EH38D4901553_85344309_85344540	regulatory	4
chr15	77508971	77508975	EH38D4895143_77508971_77509226	regulatory	4
chr15	55197696	55197700	EH38D4876223_55197622_55197821	regulatory	4
chr15	33226559	33226563	EH38D2773684_33226559_33226909	regulatory	4
chr15	89431134	89431138	EH38D2822931_89431134_89431373	regulatory	4
chr15	89470938	89470942	EH38D4904307_89470723_89470942	regulatory	4
chr15	90159680	90159684	EH38D4905167_90159545_90159714	regulatory	4
chr15	40966011	40966015	EH38D4867947_40965775_40966108	regulatory	4
chr15	90818068	90818072	EH38D4905873_90817907_90818098	regulatory	4
chr15	40398900	40398904	EH38D4867260_40398568_40398905	regulatory	4
chr15	70534566	70534570	EH38D2806186_70534393_70534723	regulatory	4
chr15	70526142	70526146	EH38D4888886_70526142_70526349	regulatory	4
chr15	37112581	37112585	EH38D2776793_37112253_37112585	regulatory	4
chr15	90522885	90522889	EH38D4905574_90522817_90523167	regulatory	4
chr15	40583772	40583776	EH38D4867488_40583711_40584015	regulatory	4
chr15	94145348	94145352	EH38D4908285_94145083_94145352	regulatory	4
chr15	68577796	68577800	EH38D4886732_68577656_68577903	regulatory	4
chr15	40858207	40858211	EH38D2780157_40858131_40858384	regulatory	4
chr15	40833616	40833620	EH38D4867732_40833396_40833684	regulatory	4
chr15	77513326	77513330	EH38D2812768_77513229_77513576	regulatory	4
chr15	34368376	34368380	EH38D4863824_34368376_34368696	regulatory	4
chr15	55528864	55528868	EH38D4876437_55528864_55529069	regulatory	4
chr15	68042128	68042132	EH38D4886123_68041889_68042132	regulatory	4
chr15	56042950	56042954	EH38D4876705_56042895_56043096	regulatory	4
chr15	70491381	70491385	EH38D2806119_70491180_70491385	regulatory	4
chr15	101620743	101620747	EH38D4913636_101620743_101621092	regulatory	4
chr15	50780209	50780213	EH38D4873891_50779940_50780213	regulatory	4
chr15	78741553	78741556	EH38D2814139_78741372_78741664	regulatory	3
chr15	77509920	77509923	EH38D4895145_77509910_77510236	regulatory	3
chr15	70453568	70453571	EH38D2806068_70453293_70453571	regulatory	3
chr15	23373288	23373291	EH38D4857280_23372945_23373291	regulatory	3
chr15	70807374	70807377	EH38D4889128_70807374_70807654	regulatory	3
chr15	76967582	76967585	EH38D4894694_76967582_76967754	regulatory	3
chr15	78956083	78956086	EH38D4897097_78956050_78956310	regulatory	3
chr15	20215966	20215969	EH38D4855971_20215856_20216037	regulatory	3
chr15	101597617	101597620	EH38D4913608_101597388_101597721	regulatory	3
chr15	70460551	70460554	EH38D2806074_70460389_70460673	regulatory	3
chr15	69129159	69129162	EH38D2804521_69129159_69129377	regulatory	3
chr15	44802203	44802206	EH38D4870845_44801885_44802206	regulatory	3
chr15	75022976	75022979	EH38D4892941_75022803_75023153	regulatory	3
chr15	46261037	46261040	EH38D2784291_46261024_46261214	regulatory	3
chr15	62938904	62938907	EH38D4881119_62938904_62939091	regulatory	3
chr15	88376709	88376712	EH38D4903158_88376577_88376883	regulatory	3
chr15	75717382	75717385	EH38D4893828_75717119_75717385	regulatory	3
chr15	39511274	39511277	EH38D4866386_39511047_39511277	regulatory	3
chr15	69988190	69988193	EH38D4888117_69988190_69988419	regulatory	3
chr15	95558103	95558106	EH38D4908893_95557946_95558106	regulatory	3
chr15	48060867	48060870	EH38D4872436_48060806_48060991	regulatory	3
chr15	64739887	64739890	EH38D2799786_64739887_64740098	regulatory	3
chr15	73391320	73391323	EH38D4890920_73391197_73391360	regulatory	3
chr15	62105269	62105272	EH38D2796991_62105269_62105614	regulatory	3
chr15	73969729	73969732	EH38D4891484_73969710_73969915	regulatory	3
chr15	65134314	65134317	EH38D2800197_65134232_65134443	regulatory	3
chr15	65041923	65041926	EH38D4883039_65041812_65042114	regulatory	3
chr15	63074625	63074628	EH38D2798071_63074461_63074628	regulatory	3
chr15	88974723	88974726	EH38D2822406_88974437_88974786	regulatory	3
chr15	70407830	70407833	EH38D2805998_70407830_70408161	regulatory	3
chr15	44911232	44911235	EH38D2783337_44911232_44911569	regulatory	3
chr15	88707945	88707948	EH38D2822193_88707876_88708133	regulatory	3
chr15	75120078	75120081	EH38D4893082_75119882_75120154	regulatory	3
chr15	64146934	64146937	EH38D4882232_64146918_64147267	regulatory	3
chr15	44726384	44726386	EH38D4870797_44726213_44726522	regulatory	2
chr15	74398529	74398531	EH38D4892143_74398271_74398606	regulatory	2
chr15	80009627	80009629	EH38D4897883_80009411_80009663	regulatory	2
chr15	63500734	63500736	EH38D4881657_63500734_63501083	regulatory	2
chr15	74439268	74439270	EH38D4892219_74439089_74439270	regulatory	2
chr15	26146118	26146120	EH38D4858790_26145831_26146120	regulatory	2
chr15	44726451	44726453	EH38D4870797_44726213_44726522	regulatory	2
chr15	99968055	99968057	EH38D4911724_99967853_99968203	regulatory	2
chr15	74539666	74539668	EH38D2809985_74539506_74539709	regulatory	2
chr15	38565575	38565577	EH38D4865836_38565277_38565577	regulatory	2
chr15	69066931	69066933	EH38D4887255_69066625_69066941	regulatory	2
chr15	79947183	79947185	EH38D4897802_79947095_79947411	regulatory	2
chr15	70268014	70268016	EH38D2805821_70267973_70268265	regulatory	2
chr15	34368968	34368970	EH38D2774589_34368846_34369189	regulatory	2
chr15	41160854	41160856	EH38D4868055_41160711_41160930	regulatory	2
chr15	40154067	40154069	EH38D4866922_40153820_40154164	regulatory	2
chr15	70475821	70475823	EH38D4888812_70475819_70476166	regulatory	2
chr15	23055458	23055460	EH38D4857184_23055350_23055661	regulatory	2
chr15	90834780	90834782	EH38D4905905_90834643_90834990	regulatory	2
chr15	41586617	41586619	EH38D4868468_41586449_41586622	regulatory	2
chr15	23420521	23420523	EH38D4857328_23420521_23420733	regulatory	2
chr15	73635106	73635108	EH38D2808936_73634803_73635108	regulatory	2
chr15	58574632	58574634	EH38D4878329_58574632_58574981	regulatory	2
chr15	41161306	41161308	EH38D4868056_41161043_41161308	regulatory	2
chr15	41169859	41169861	EH38D4868066_41169783_41170133	regulatory	2
chr15	72969574	72969576	EH38D2808356_72969378_72969722	regulatory	2
chr15	65310113	65310115	EH38D2800372_65310113_65310335	regulatory	2
chr15	82032057	82032059	EH38D4899335_82031915_82032265	regulatory	2
chr15	66259835	66259837	EH38D2801315_66259562_66259850	regulatory	2
chr15	64810276	64810278	EH38D2799859_64810276_64810510	regulatory	2
chr15	68505146	68505148	EH38D4886649_68504995_68505148	regulatory	2
chr15	78915892	78915894	EH38D4897032_78915809_78916124	regulatory	2
chr15	80999995	80999997	EH38D2816227_80999647_80999997	regulatory	2
chr15	73966161	73966163	EH38D2809298_73965819_73966165	regulatory	2
chr15	90140065	90140067	EH38D2823635_90139961_90140117	regulatory	2
chr15	90149089	90149091	EH38D2823643_90149089_90149351	regulatory	2
chr15	65520166	65520168	EH38D2800557_65519939_65520287	regulatory	2
chr15	62223754	62223756	EH38D4880549_62223590_62223756	regulatory	2
chr15	85852143	85852145	EH38D4902046_85852139_85852483	regulatory	2
chr15	74778821	74778823	EH38D4892612_74778597_74778936	regulatory	2
chr15	74774592	74774594	EH38D4892602_74774361_74774604	regulatory	2
chr15	78421968	78421970	EH38D2813880_78421634_78421979	regulatory	2
chr15	59786415	59786417	EH38D4879174_59786381_59786699	regulatory	2
chr15	62279143	62279145	EH38D2797133_62279080_62279381	regulatory	2
chr15	53230697	53230699	EH38D2789837_53230560_53230882	regulatory	2
chr15	49844484	49844486	EH38D2787090_49844388_49844655	regulatory	2
chr15	63163549	63163551	EH38D4881342_63163227_63163551	regulatory	2
chr15	50378047	50378049	EH38D4873678_50377895_50378225	regulatory	2
chr15	74811185	74811187	EH38D4892680_74811045_74811289	regulatory	2
chr15	74907209	74907211	EH38D2810403_74907209_74907543	regulatory	2
chr15	74760251	74760253	EH38D2810196_74760251_74760589	regulatory	2
chr15	44910978	44910980	EH38D4870924_44910731_44910985	regulatory	2
chr15	70315691	70315693	EH38D2805884_70315439_70315775	regulatory	2
chr15	39497288	39497290	EH38D4866380_39497081_39497320	regulatory	2
chr15	101559981	101559983	EH38D4913587_101559929_101560279	regulatory	2
chr15	80014136	80014138	EH38D4897893_80014085_80014365	regulatory	2
chr15	79987064	79987066	EH38D2815189_79987022_79987184	regulatory	2
chr15	75180043	75180045	EH38D4893152_75179751_75180096	regulatory	2
chr15	40153313	40153315	EH38D4866921_40153313_40153475	regulatory	2
chr15	75332767	75332769	EH38D4893346_75332632_75332833	regulatory	2
chr15	68042384	68042386	EH38D4886124_68042134_68042474	regulatory	2
chr15	80009560	80009562	EH38D4897883_80009411_80009663	regulatory	2
chr15	82051743	82051745	EH38D2817114_82051711_82051988	regulatory	2
chr15	44266012	44266014	EH38D4870505_44265856_44266095	regulatory	2
chr15	75824284	75824285	EH38D2811294_75824261_75824528	regulatory	1
chr15	57344503	57344504	EH38D4877404_57344403_57344622	regulatory	1
chr15	62895794	62895795	EH38D2797815_62895621_62895795	regulatory	1
chr15	57313292	57313293	EH38D4877366_57313187_57313425	regulatory	1
chr15	101163026	101163027	EH38D2833427_101163026_101163200	regulatory	1
chr15	46964467	46964468	EH38D2784691_46964211_46964559	regulatory	1
chr15	35071069	35071070	EH38D4864205_35071048_35071376	regulatory	1
chr15	75666437	75666438	EH38D2811103_75666274_75666468	regulatory	1
chr15	95559900	95559901	EH38D4908897_95559892_95560227	regulatory	1
chr15	74760810	74760811	EH38D4892578_74760625_74760822	regulatory	1
chr15	44724943	44724944	EH38D4870795_44724709_44725010	regulatory	1
chr15	45079524	45079525	EH38D4871012_45079191_45079525	regulatory	1
chr15	63382278	63382279	EH38D2798435_63382116_63382317	regulatory	1
chr15	88918999	88919000	EH38D4903700_88918801_88919148	regulatory	1
chr15	44911264	44911265	EH38D2783337_44911232_44911569	regulatory	1
chr15	88703176	88703177	EH38D4903485_88703025_88703372	regulatory	1
chr15	52113858	52113859	EH38D4874835_52113858_52114060	regulatory	1
chr15	87725092	87725093	EH38D4902745_87724926_87725269	regulatory	1
chr15	62377682	62377683	EH38D4880656_62377523_62377725	regulatory	1
chr15	85973789	85973790	EH38D4902112_85973589_85973790	regulatory	1
chr15	76320100	76320101	EH38D4894352_76320007_76320350	regulatory	1
chr15	77967468	77967469	EH38D4895877_77967332_77967531	regulatory	1
chr15	75123694	75123695	EH38D4893086_75123446_75123784	regulatory	1
chr15	75125347	75125348	EH38D2810624_75125272_75125622	regulatory	1
chr15	74907356	74907357	EH38D2810403_74907209_74907543	regulatory	1
chr15	75151723	75151724	EH38D2810649_75151515_75151724	regulatory	1
chr15	31246468	31246469	EH38D2772296_31246468_31246721	regulatory	1
chr15	33310960	33310961	EH38D4863204_33310737_33311070	regulatory	1
chr15	61229302	61229303	EH38D2796424_61229249_61229542	regulatory	1
chr15	85140769	85140770	EH38D2819265_85140457_85140807	regulatory	1
chr15	44273772	44273773	EH38D4870507_44273725_44274011	regulatory	1
chr15	73965611	73965612	EH38D4891475_73965531_73965760	regulatory	1
chr15	89821314	89821315	EH38D4904735_89821231_89821580	regulatory	1
chr15	42935307	42935308	EH38D2782000_42934961_42935311	regulatory	1
chr15	62104890	62104891	EH38D4880478_62104890_62105181	regulatory	1
chr15	82098433	82098434	EH38D2817151_82098155_82098434	regulatory	1
chr15	36576224	36576225	EH38D2776191_36575981_36576225	regulatory	1
chr15	33249446	33249447	EH38D4863171_33249308_33249477	regulatory	1
chr15	64795409	64795410	EH38D4882758_64795375_64795628	regulatory	1
chr15	100707524	100707525	EH38D2832801_100707299_100707646	regulatory	1
chr15	64812018	64812019	EH38D4882767_64811978_64812161	regulatory	1
chr15	31441701	31441702	EH38D4862162_31441557_31441829	regulatory	1
chr15	80675395	80675396	EH38D4898421_80675201_80675406	regulatory	1
chr15	66700610	66700611	EH38D2801733_66700559_66700717	regulatory	1
chr15	66693334	66693335	EH38D4884740_66693320_66693488	regulatory	1
chr15	65231454	65231455	EH38D2800284_65231426_65231636	regulatory	1
chr15	90146655	90146656	EH38D2823641_90146443_90146656	regulatory	1
chr15	65134376	65134377	EH38D2800197_65134232_65134443	regulatory	1
chr15	73637811	73637812	EH38D2808940_73637515_73637858	regulatory	1
chr15	33249308	33249309	EH38D4863171_33249308_33249477	regulatory	1
chr15	85373602	85373603	EH38D4901584_85373273_85373603	regulatory	1
chr15	52113430	52113431	EH38D4874834_52113258_52113603	regulatory	1
chr15	32702159	32702160	EH38D2773135_32701981_32702160	regulatory	1
chr15	41139173	41139174	EH38D2780446_41139108_41139458	regulatory	1
chr15	71070876	71070877	EH38D2806658_71070726_71071064	regulatory	1
chr15	66908567	66908568	EH38D4885105_66908221_66908568	regulatory	1
chr15	70793238	70793239	EH38D4889112_70792986_70793252	regulatory	1
chr15	99487594	99487595	EH38D4911403_99487413_99487730	regulatory	1
chr15	93089260	93089261	EH38D4907732_93088993_93089261	regulatory	1
chr15	92817590	92817591	EH38D2826179_92817590_92817803	regulatory	1
chr15	67903405	67903406	EH38D2803152_67903178_67903427	regulatory	1
chr15	58761305	58761306	EH38D4878445_58761021_58761306	regulatory	1
chr15	50384206	50384207	EH38D2787559_50384092_50384287	regulatory	1
chr15	50395516	50395517	EH38D2787571_50395504_50395848	regulatory	1
chr15	91081064	91081065	EH38D2824589_91080865_91081125	regulatory	1
chr15	70459402	70459403	EH38D4888781_70459381_70459698	regulatory	1
chr15	40681222	40681223	EH38D2779981_40681001_40681224	regulatory	1
chr15	31303663	31303664	EH38D2772386_31303663_31304004	regulatory	1
chr15	68495004	68495005	EH38D2803812_68494741_68495086	regulatory	1
chr15	69101462	69101463	EH38D4887290_69101247_69101463	regulatory	1
chr15	70251579	70251580	EH38D4888507_70251310_70251580	regulatory	1
chr15	69276239	69276240	EH38D2804640_69275942_69276240	regulatory	1
chr15	38441028	38441029	EH38D4865747_38440850_38441045	regulatory	1
