chr	start	end	feature1	feature2	length
chr6	170584578	170584581	ENSG00000071994.11	CDS|exon|gene|regulatory|start_codon|transcript	3
chr6	292539	292542	ENSG00000112679.15	CDS|UTR|exon|gene|regulatory|start_codon|transcript	3
chr6	311953	311956	ENSG00000112679.15	CDS|UTR|exon|gene|regulatory|start_codon|transcript	3
chr6	348148	348151	ENSG00000112679.15	CDS|UTR|exon|gene|start_codon|transcript	3
chr6	169250781	169250784	ENSG00000186340.17	CDS|exon|gene|regulatory|start_codon|transcript	3
chr6	168319630	168319633	ENSG00000164488.12	CDS|UTR|exon|gene|start_codon|transcript	3
chr6	168310312	168310315	ENSG00000164488.12	CDS|exon|gene|regulatory|start_codon|transcript	3
chr6	168308529	168308532	ENSG00000164488.12	CDS|exon|gene|regulatory|start_codon|transcript	3
chr6	168081535	168081538	ENSG00000153303.18	CDS|exon|gene|start_codon|transcript	3
chr6	168079091	168079094	ENSG00000153303.18	CDS|exon|gene|regulatory|start_codon|transcript	3
chr6	168079010	168079013	ENSG00000153303.18	CDS|exon|gene|regulatory|start_codon|transcript	3
chr6	168075744	168075747	ENSG00000153303.18	CDS|exon|gene|start_codon|transcript	3
chr6	168067483	168067486	ENSG00000153303.18	CDS|exon|gene|start_codon|transcript	3
chr6	168029585	168029588	ENSG00000125337.21	CDS|exon|gene|regulatory|start_codon|transcript	3
chr6	167864571	167864574	ENSG00000130396.22	CDS|exon|gene|start_codon|transcript	3
chr6	167827132	167827135	ENSG00000130396.22	CDS|exon|gene|regulatory|start_codon|transcript	3
chr6	167340119	167340122	ENSG00000120440.15	CDS|exon|gene|start_codon|transcript	3
chr6	167325173	167325176	ENSG00000120440.15	CDS|UTR|exon|gene|regulatory|start_codon|transcript	3
chr6	3439353	3439356	ENSG00000137266.15	CDS|exon|gene|repeat|start_codon|transcript	3
chr6	3410254	3410257	ENSG00000137266.15	CDS|exon|gene|start_codon|transcript	3
chr6	3259022	3259025	ENSG00000180822.12	CDS|exon|gene|regulatory|start_codon|transcript	3
chr6	3232088	3232091	ENSG00000180822.12	CDS|exon|gene|start_codon|transcript	3
chr6	3227540	3227543	ENSG00000137285.11	CDS|exon|gene|start_codon|transcript	3
chr6	3157460	3157463	ENSG00000137267.7	CDS|exon|gene|regulatory|start_codon|transcript	3
chr6	3119456	3119459	ENSG00000137274.13	CDS|UTR|exon|gene|repeat|start_codon|transcript	3
chr6	3118740	3118743	ENSG00000137274.13	CDS|exon|gene|regulatory|start_codon|transcript	3
chr6	3076823	3076826	ENSG00000137275.16	CDS|exon|gene|start_codon|transcript	3
chr6	3006552	3006555	ENSG00000124588.22	CDS|exon|gene|start_codon|transcript	3
chr6	2970801	2970804	ENSG00000124570.21	CDS|UTR|exon|gene|start_codon|transcript	3
chr6	2968808	2968811	ENSG00000124570.21	CDS|UTR|exon|gene|repeat|start_codon|transcript	3
chr6	2959329	2959332	ENSG00000124570.21	CDS|UTR|exon|gene|start_codon|transcript	3
chr6	2955565	2955568	ENSG00000124570.21	CDS|UTR|exon|gene|start_codon|transcript	3
chr6	2900608	2900611	ENSG00000170542.6	CDS|exon|gene|regulatory|start_codon|transcript	3
chr6	5002185	5002188	ENSG00000124787.14	CDS|exon|gene|start_codon|transcript	3
chr6	4892084	4892087	ENSG00000153046.18	CDS|UTR|exon|gene|start_codon|transcript	3
chr6	4776783	4776786	ENSG00000153046.18	CDS|exon|gene|regulatory|start_codon|transcript	3
chr6	4773147	4773150	ENSG00000153046.18	CDS|exon|gene|start_codon|transcript	3
chr6	4715778	4715781	ENSG00000153046.18|ENSG00000284823.1	CDS|exon|gene|start_codon|transcript	3
chr6	4135557	4135560	ENSG00000198721.13|ENSG00000254821.1	CDS|UTR|exon|gene|regulatory|start_codon|transcript	3
chr6	4135302	4135305	ENSG00000198721.13	CDS|exon|gene|regulatory|start_codon|transcript	3
chr6	4133668	4133671	ENSG00000198721.13	CDS|exon|gene|regulatory|start_codon|transcript	3
chr6	4087024	4087027	ENSG00000145975.15|ENSG00000293447.1	CDS|exon|gene|start_codon|transcript	3
chr6	4077411	4077414	ENSG00000145975.15	CDS|exon|gene|start_codon|transcript	3
chr6	4073474	4073477	ENSG00000145975.15	CDS|exon|gene|start_codon|transcript	3
chr6	4021425	4021428	ENSG00000112739.17	CDS|exon|gene|regulatory|start_codon|transcript	3
chr6	3849811	3849814	ENSG00000145945.7|ENSG00000233068.3|ENSG00000238158.6	CDS|exon|gene|regulatory|start_codon|transcript	3
chr6	3456556	3456559	ENSG00000137266.15	CDS|exon|gene|regulatory|start_codon|transcript	3
chr6	7541915	7541918	ENSG00000096696.16|ENSG00000261189.3	CDS|exon|gene|regulatory|start_codon|transcript	3
chr6	7390002	7390005	ENSG00000124784.9	CDS|exon|gene|regulatory|start_codon|transcript	3
chr6	7389292	7389295	ENSG00000164304.16	CDS|UTR|exon|gene|start_codon|transcript	3
chr6	7387170	7387173	ENSG00000164304.16	CDS|exon|gene|start_codon|transcript	3
chr6	7378892	7378895	ENSG00000164304.16	CDS|exon|gene|start_codon|transcript	3
chr6	7313117	7313120	ENSG00000124783.14	CDS|exon|gene|start_codon|transcript	3
chr6	7181911	7181914	ENSG00000124782.21	CDS|exon|gene|start_codon|transcript	3
chr6	6588734	6588737	ENSG00000112799.9|ENSG00000216863.11	CDS|exon|gene|regulatory|start_codon|transcript	3
chr6	6320867	6320870	ENSG00000124491.16	CDS|exon|gene|regulatory|repeat|start_codon|transcript	3
chr6	6318661	6318664	ENSG00000124491.16	CDS|exon|gene|start_codon|transcript	3
chr6	6006746	6006749	ENSG00000124785.9	CDS|exon|gene|regulatory|start_codon|transcript	3
chr6	6003727	6003730	ENSG00000124785.9	CDS|exon|gene|regulatory|start_codon|transcript	3
chr6	5368570	5368573	ENSG00000145982.13	CDS|exon|gene|start_codon|transcript	3
chr6	5260730	5260733	ENSG00000214113.11	CDS|exon|gene|regulatory|start_codon|transcript	3
chr6	5085485	5085488	ENSG00000219607.4	CDS|exon|gene|regulatory|start_codon|transcript	3
chr6	5003999	5004002	ENSG00000124787.14|ENSG00000272142.4	CDS|exon|gene|regulatory|start_codon|transcript	3
chr6	10585989	10585992	ENSG00000111846.20	CDS|exon|gene|start_codon|transcript	3
chr6	10556423	10556426	ENSG00000111846.20	CDS|exon|gene|start_codon|transcript	3
chr6	10528911	10528914	ENSG00000111846.20	CDS|exon|gene|regulatory|start_codon|transcript	3
chr6	10509091	10509094	ENSG00000111846.20	CDS|exon|gene|start_codon|transcript	3
chr6	10419447	10419450	ENSG00000137203.15	CDS|exon|gene|start_codon|transcript	3
chr6	10414988	10414991	ENSG00000137203.15|ENSG00000229950.1	CDS|exon|gene|regulatory|start_codon|transcript	3
chr6	10412778	10412781	ENSG00000137203.15|ENSG00000229950.1	CDS|exon|gene|regulatory|start_codon|transcript	3
chr6	10411593	10411596	ENSG00000137203.15|ENSG00000229950.1	CDS|exon|gene|regulatory|start_codon|transcript	3
chr6	8430061	8430064	ENSG00000124786.13|ENSG00000285216.1	CDS|exon|gene|start_codon|transcript	3
chr6	8102518	8102521	ENSG00000124802.12|ENSG00000265818.1	CDS|exon|gene|regulatory|start_codon|transcript	3
chr6	8101884	8101887	ENSG00000124802.12|ENSG00000265818.1	CDS|exon|gene|regulatory|repeat|start_codon|transcript	3
chr6	8064373	8064376	ENSG00000188428.20|ENSG00000265818.1	CDS|exon|gene|regulatory|start_codon|transcript	3
chr6	7910773	7910776	ENSG00000239264.9|ENSG00000259040.5	CDS|exon|gene|regulatory|start_codon|transcript	3
chr6	7904659	7904662	ENSG00000239264.9|ENSG00000259040.5	CDS|UTR|exon|gene|regulatory|start_codon|transcript	3
chr6	7726955	7726958	ENSG00000153162.9	CDS|exon|gene|start_codon|transcript	3
chr6	7590257	7590260	ENSG00000168566.13	CDS|exon|gene|regulatory|start_codon|transcript	3
chr6	11306000	11306003	ENSG00000111859.17	CDS|UTR|exon|gene|start_codon|transcript	3
chr6	11249195	11249198	ENSG00000111859.17|ENSG00000247925.2	CDS|exon|gene|repeat|start_codon|transcript	3
chr6	11232512	11232515	ENSG00000111859.17|ENSG00000247925.2	CDS|exon|gene|regulatory|start_codon|transcript	3
chr6	11213718	11213721	ENSG00000111859.17|ENSG00000247925.2	CDS|exon|gene|start_codon|transcript	3
chr6	11105307	11105310	ENSG00000224531.6|ENSG00000244476.3	CDS|exon|gene|start_codon|transcript	3
chr6	11094313	11094316	ENSG00000224531.6	CDS|exon|gene|regulatory|start_codon|transcript	3
chr6	10887126	10887129	ENSG00000153157.14|ENSG00000272162.1	CDS|exon|gene|regulatory|start_codon|transcript	3
chr6	10881790	10881793	ENSG00000124827.7|ENSG00000235051.3|ENSG00000272162.1	CDS|exon|gene|regulatory|start_codon|transcript	3
chr6	10830645	10830648	ENSG00000111837.12|ENSG00000137210.14|ENSG00000272162.1	CDS|exon|gene|start_codon|transcript	3
chr6	10818936	10818939	ENSG00000111837.12|ENSG00000137210.14|ENSG00000272162.1	CDS|exon|gene|start_codon|transcript	3
chr6	10749245	10749248	ENSG00000137210.14|ENSG00000272162.1	CDS|exon|gene|start_codon|transcript	3
chr6	10749201	10749204	ENSG00000137210.14|ENSG00000272162.1	CDS|UTR|exon|gene|start_codon|transcript	3
chr6	10724613	10724616	ENSG00000111843.14	CDS|exon|gene|start_codon|transcript	3
chr6	10694985	10694988	ENSG00000111845.5	CDS|exon|gene|regulatory|start_codon|transcript	3
chr6	10687547	10687550	ENSG00000137434.12|ENSG00000285763.1	CDS|exon|gene|start_codon|transcript	3
chr6	10686971	10686974	ENSG00000137434.12|ENSG00000285763.1	CDS|UTR|exon|gene|regulatory|start_codon|transcript	3
chr6	13584110	13584113	ENSG00000124523.17	CDS|exon|gene|start_codon|transcript	3
chr6	13486887	13486890	ENSG00000145990.11	CDS|exon|gene|regulatory|start_codon|transcript	3
chr6	13365603	13365606	ENSG00000145990.11	CDS|exon|gene|regulatory|start_codon|transcript	3
chr6	13326895	13326898	ENSG00000145979.18	CDS|exon|gene|start_codon|transcript	3
chr6	13272776	13272779	ENSG00000112137.19|ENSG00000145979.18|ENSG00000215022.8	CDS|exon|gene|regulatory|start_codon|transcript	3
chr6	13053390	13053393	ENSG00000112137.19	CDS|exon|gene|start_codon|transcript	3
chr6	13013886	13013889	ENSG00000112137.19	CDS|exon|gene|regulatory|start_codon|transcript	3
chr6	12718744	12718747	ENSG00000112137.19	CDS|exon|gene|start_codon|transcript	3
chr6	12290629	12290632	ENSG00000078401.7	CDS|exon|gene|regulatory|start_codon|transcript	3
chr6	12130860	12130863	ENSG00000095951.17	CDS|UTR|exon|gene|start_codon|transcript	3
chr6	12020351	12020354	ENSG00000095951.17	CDS|exon|gene|regulatory|start_codon|transcript	3
chr6	12015628	12015631	ENSG00000095951.17	CDS|UTR|exon|gene|start_codon|transcript	3
chr6	11778756	11778759	ENSG00000111863.13	CDS|exon|gene|regulatory|start_codon|transcript	3
chr6	11538277	11538280	ENSG00000205269.6	CDS|exon|gene|regulatory|start_codon|transcript	3
chr6	16328307	16328310	ENSG00000124788.19	CDS|exon|gene|start_codon|transcript	3
chr6	16328278	16328281	ENSG00000124788.19	CDS|exon|gene|start_codon|transcript	3
chr6	16238693	16238696	ENSG00000137198.10	CDS|exon|gene|regulatory|start_codon|transcript	3
chr6	16143098	16143101	ENSG00000007944.15	CDS|exon|gene|start_codon|transcript	3
chr6	16129322	16129325	ENSG00000007944.15	CDS|UTR|exon|gene|start_codon|transcript	3
chr6	15662866	15662869	ENSG00000047579.20	CDS|exon|gene|regulatory|start_codon|transcript	3
chr6	15585758	15585761	ENSG00000047579.20	CDS|exon|gene|start_codon|transcript	3
chr6	15533354	15533357	ENSG00000047579.20	CDS|UTR|exon|gene|start_codon|transcript	3
chr6	15468564	15468567	ENSG00000008083.14	CDS|exon|gene|start_codon|transcript	3
chr6	15246539	15246542	ENSG00000008083.14	CDS|exon|gene|regulatory|start_codon|transcript	3
chr6	14131543	14131546	ENSG00000112149.10	CDS|exon|gene|regulatory|start_codon|transcript	3
chr6	14117811	14117814	ENSG00000112149.10	CDS|exon|gene|regulatory|start_codon|transcript	3
chr6	13977119	13977122	ENSG00000180537.13	CDS|exon|gene|start_codon|transcript	3
chr6	13814426	13814429	ENSG00000050393.12	CDS|exon|gene|regulatory|start_codon|transcript	3
chr6	13711502	13711505	ENSG00000010017.13	CDS|exon|gene|regulatory|start_codon|transcript	3
chr6	13615358	13615361	ENSG00000225921.7	CDS|exon|gene|regulatory|start_codon|transcript	3
chr6	18258346	18258349	ENSG00000124795.17	CDS|exon|gene|start_codon|transcript	3
chr6	18215024	18215027	ENSG00000165097.16	CDS|exon|gene|regulatory|start_codon|transcript	3
chr6	18159895	18159898	ENSG00000165097.16	CDS|exon|gene|start_codon|transcript	3
chr6	18149124	18149127	ENSG00000137364.5	CDS|exon|gene|start_codon|transcript	3
chr6	18122603	18122606	ENSG00000187566.6	CDS|exon|gene|regulatory|start_codon|transcript	3
chr6	17987460	17987463	ENSG00000137177.20	CDS|exon|gene|start_codon|transcript	3
chr6	17706384	17706387	ENSG00000124789.12|ENSG00000272269.2	CDS|exon|gene|regulatory|start_codon|transcript	3
chr6	17602627	17602630	ENSG00000137414.7	CDS|exon|gene|start_codon|transcript	3
chr6	17600409	17600412	ENSG00000137414.7	CDS|UTR|exon|gene|regulatory|start_codon|transcript	3
chr6	17421555	17421558	ENSG00000112186.13	CDS|exon|gene|regulatory|start_codon|transcript	3
chr6	17282810	17282813	ENSG00000112183.15	CDS|exon|gene|regulatory|start_codon|transcript	3
chr6	17282771	17282774	ENSG00000112183.15	CDS|exon|gene|regulatory|start_codon|transcript	3
chr6	17281581	17281584	ENSG00000112183.15	CDS|exon|gene|start_codon|transcript	3
chr6	17110823	17110826	ENSG00000230873.9	CDS|exon|gene|start_codon|transcript	3
chr6	17102257	17102260	ENSG00000230873.9|ENSG00000287359.1	CDS|exon|gene|start_codon|transcript	3
chr6	16328428	16328431	ENSG00000124788.19|ENSG00000288708.1	CDS|UTR|exon|gene|start_codon|transcript	3
chr6	24489508	24489511	ENSG00000112293.15	CDS|exon|gene|start_codon|transcript	3
chr6	24403046	24403049	ENSG00000124532.15	CDS|exon|gene|regulatory|start_codon|transcript	3
chr6	24357747	24357750	ENSG00000146038.12|ENSG00000146049.2	CDS|exon|gene|start_codon|transcript	3
chr6	24205280	24205283	ENSG00000146038.12	CDS|exon|gene|start_codon|transcript	3
chr6	24134327	24134330	ENSG00000152954.12	CDS|exon|gene|start_codon|transcript	3
chr6	22569575	22569578	ENSG00000112273.7|ENSG00000272168.10	CDS|exon|gene|regulatory|start_codon|transcript	3
chr6	22296979	22296982	ENSG00000172179.13|ENSG00000272168.10	CDS|exon|gene|start_codon|transcript	3
chr6	21594534	21594537	ENSG00000124766.7|ENSG00000283480.1	CDS|exon|gene|regulatory|start_codon|transcript	3
chr6	20546350	20546353	ENSG00000145996.11	CDS|exon|gene|start_codon|transcript	3
chr6	20403814	20403817	ENSG00000112242.16	CDS|exon|gene|regulatory|start_codon|transcript	3
chr6	20402232	20402235	ENSG00000112242.16	CDS|exon|gene|regulatory|start_codon|transcript	3
chr6	20212231	20212234	ENSG00000172197.11|ENSG00000227803.2	CDS|exon|gene|regulatory|start_codon|transcript	3
chr6	19837754	19837757	ENSG00000172201.12|ENSG00000228412.9	CDS|exon|gene|regulatory|start_codon|transcript	3
chr6	18399534	18399537	ENSG00000137393.10	CDS|exon|gene|start_codon|transcript	3
chr6	18263999	18264002	ENSG00000124795.17	CDS|exon|gene|regulatory|start_codon|transcript	3
chr6	18263984	18263987	ENSG00000124795.17	CDS|exon|gene|regulatory|start_codon|transcript	3
chr6	25041923	25041926	ENSG00000111913.20|ENSG00000229313.1	CDS|exon|gene|regulatory|start_codon|transcript	3
chr6	24935895	24935898	ENSG00000111913.20	CDS|UTR|exon|gene|regulatory|start_codon|transcript	3
chr6	24875788	24875791	ENSG00000111913.20	CDS|exon|gene|start_codon|transcript	3
chr6	24798854	24798857	ENSG00000260286.4|ENSG00000282804.1	CDS|exon|gene|start_codon|transcript	3
chr6	24777246	24777249	ENSG00000112312.10	CDS|exon|gene|start_codon|transcript	3
chr6	24719898	24719901	ENSG00000112308.14	CDS|UTR|exon|gene|start_codon|transcript	3
chr6	24718665	24718668	ENSG00000112308.14	CDS|exon|gene|regulatory|start_codon|transcript	3
chr6	24687681	24687684	ENSG00000112304.11	CDS|exon|gene|start_codon|transcript	3
chr6	24667263	24667266	ENSG00000112304.11	CDS|UTR|exon|gene|regulatory|start_codon|transcript	3
chr6	24666859	24666862	ENSG00000111802.14	CDS|exon|gene|regulatory|start_codon|transcript	3
chr6	24666192	24666195	ENSG00000111802.14	CDS|exon|gene|regulatory|start_codon|transcript	3
chr6	24601100	24601103	ENSG00000137261.15	CDS|UTR|exon|gene|regulatory|start_codon|transcript	3
chr6	24600643	24600646	ENSG00000137261.15	CDS|exon|gene|start_codon|transcript	3
chr6	24596535	24596538	ENSG00000137261.15	CDS|exon|gene|start_codon|transcript	3
chr6	24576370	24576373	ENSG00000137261.15	CDS|exon|gene|start_codon|transcript	3
chr6	24494996	24494999	ENSG00000112293.15|ENSG00000112294.14	CDS|exon|gene|regulatory|start_codon|transcript	3
chr6	26021678	26021681	ENSG00000278637.2	CDS|exon|gene|regulatory|start_codon|transcript	3
chr6	26020489	26020492	ENSG00000275714.2	CDS|exon|gene|regulatory|start_codon|transcript	3
chr6	26017729	26017732	ENSG00000124610.5	CDS|exon|gene|regulatory|start_codon|transcript	3
chr6	25966522	25966525	ENSG00000112343.11	CDS|exon|gene|start_codon|transcript	3
chr6	25925793	25925796	ENSG00000112337.11	CDS|exon|gene|start_codon|transcript	3
chr6	25868384	25868387	ENSG00000124564.17	CDS|exon|gene|start_codon|transcript	3
chr6	25830554	25830557	ENSG00000124568.12	CDS|exon|gene|regulatory|start_codon|transcript	3
chr6	25769055	25769058	ENSG00000146039.11	CDS|exon|gene|start_codon|transcript	3
chr6	25761962	25761965	ENSG00000146039.11	CDS|UTR|exon|gene|start_codon|transcript	3
chr6	25726908	25726911	ENSG00000146047.7|ENSG00000290217.1	CDS|exon|gene|start_codon|transcript	3
chr6	25726524	25726527	ENSG00000164508.6|ENSG00000290217.1	CDS|exon|gene|start_codon|transcript	3
chr6	25652403	25652406	ENSG00000079689.15|ENSG00000290217.1	CDS|exon|gene|regulatory|start_codon|transcript	3
chr6	25435482	25435485	ENSG00000079691.19|ENSG00000293489.1	CDS|exon|gene|start_codon|transcript	3
chr6	25279795	25279798	ENSG00000079691.19|ENSG00000293489.1	CDS|exon|gene|regulatory|start_codon|transcript	3
chr6	26197247	26197250	ENSG00000197409.8|ENSG00000282988.2|ENSG00000291336.1|ENSG00000291338.1	CDS|exon|gene|regulatory|start_codon|transcript	3
chr6	26189073	26189076	ENSG00000277157.2|ENSG00000291336.1|ENSG00000291338.1	CDS|exon|gene|regulatory|start_codon|transcript	3
chr6	26183795	26183798	ENSG00000274290.3|ENSG00000291336.1|ENSG00000291338.1	CDS|exon|gene|regulatory|start_codon|transcript	3
chr6	26158169	26158172	ENSG00000158373.9|ENSG00000291336.1|ENSG00000291338.1	CDS|exon|gene|regulatory|start_codon|transcript	3
chr6	26156390	26156393	ENSG00000168298.7|ENSG00000291336.1	CDS|exon|gene|regulatory|start_codon|transcript	3
chr6	26124232	26124235	ENSG00000180573.10|ENSG00000291336.1	CDS|exon|gene|regulatory|start_codon|transcript	3
chr6	26123901	26123904	ENSG00000180596.9|ENSG00000291336.1	CDS|exon|gene|regulatory|start_codon|transcript	3
chr6	26108090	26108093	ENSG00000180596.9|ENSG00000187475.6	CDS|exon|gene|regulatory|start_codon|transcript	3
chr6	26103947	26103950	ENSG00000180596.9|ENSG00000197061.5	CDS|exon|gene|regulatory|start_codon|transcript	3
chr6	26087440	26087443	ENSG00000010704.19|ENSG00000180596.9	CDS|UTR|exon|gene|regulatory|start_codon|transcript	3
chr6	26056425	26056428	ENSG00000187837.4	CDS|exon|gene|regulatory|start_codon|transcript	3
chr6	26045410	26045413	ENSG00000287080.2	CDS|exon|gene|regulatory|start_codon|transcript	3
chr6	26033565	26033568	ENSG00000278463.2	CDS|exon|gene|start_codon|transcript	3
chr6	26032057	26032060	ENSG00000286522.2	CDS|exon|gene|regulatory|start_codon|transcript	3
chr6	26368182	26368185	ENSG00000186470.14|ENSG00000291336.1|ENSG00000291338.1	CDS|exon|gene|start_codon|transcript	3
chr6	26365336	26365339	ENSG00000186470.14|ENSG00000291336.1|ENSG00000291338.1	CDS|UTR|exon|gene|regulatory|start_codon|transcript	3
chr6	26285496	26285499	ENSG00000158406.6|ENSG00000289447.2|ENSG00000291336.1|ENSG00000291338.1	CDS|exon|gene|regulatory|start_codon|transcript	3
chr6	26272975	26272978	ENSG00000278588.2|ENSG00000291336.1|ENSG00000291338.1	CDS|exon|gene|regulatory|start_codon|transcript	3
chr6	26271381	26271384	ENSG00000273983.2|ENSG00000291336.1|ENSG00000291338.1	CDS|exon|gene|regulatory|start_codon|transcript	3
chr6	26251650	26251653	ENSG00000275713.3|ENSG00000291336.1|ENSG00000291338.1	CDS|exon|gene|regulatory|start_codon|transcript	3
chr6	26250602	26250605	ENSG00000277775.2|ENSG00000291336.1|ENSG00000291338.1	CDS|exon|gene|regulatory|start_codon|transcript	3
chr6	26246974	26246977	ENSG00000275663.2|ENSG00000291336.1|ENSG00000291338.1	CDS|exon|gene|start_codon|transcript	3
chr6	26240425	26240428	ENSG00000274618.2|ENSG00000291336.1|ENSG00000291338.1	CDS|exon|gene|regulatory|start_codon|transcript	3
chr6	26234930	26234933	ENSG00000124575.7|ENSG00000291336.1|ENSG00000291338.1	CDS|exon|gene|regulatory|start_codon|transcript	3
chr6	26225154	26225157	ENSG00000274750.3|ENSG00000291336.1|ENSG00000291338.1	CDS|exon|gene|regulatory|start_codon|transcript	3
chr6	26216974	26216977	ENSG00000277075.3|ENSG00000291336.1|ENSG00000291338.1	CDS|exon|gene|regulatory|start_codon|transcript	3
chr6	26216640	26216643	ENSG00000273802.3|ENSG00000291336.1|ENSG00000291338.1	CDS|exon|gene|regulatory|start_codon|transcript	3
chr6	26204644	26204647	ENSG00000276966.3|ENSG00000291336.1|ENSG00000291338.1	CDS|exon|gene|regulatory|start_codon|transcript	3
chr6	26199558	26199561	ENSG00000277224.3|ENSG00000291336.1|ENSG00000291338.1	CDS|exon|gene|regulatory|start_codon|transcript	3
chr6	26199240	26199243	ENSG00000196866.3|ENSG00000282988.2|ENSG00000291336.1|ENSG00000291338.1	CDS|exon|gene|regulatory|start_codon|transcript	3
chr6	27139308	27139311	ENSG00000276180.2	CDS|exon|gene|regulatory|start_codon|transcript	3
chr6	27133071	27133074	ENSG00000196787.4	CDS|exon|gene|regulatory|start_codon|transcript	3
chr6	27132747	27132750	ENSG00000124635.9	CDS|exon|gene|regulatory|start_codon|transcript	3
chr6	26638550	26638553	ENSG00000181315.11	CDS|exon|gene|start_codon|transcript	3
chr6	26596982	26596985	ENSG00000146109.5	CDS|exon|gene|regulatory|start_codon|transcript	3
chr6	26545206	26545209	ENSG00000182952.5|ENSG00000291336.1	CDS|exon|gene|start_codon|transcript	3
chr6	26501286	26501289	ENSG00000124557.14|ENSG00000291336.1|ENSG00000291338.1	CDS|exon|gene|regulatory|start_codon|transcript	3
chr6	26459581	26459584	ENSG00000112763.17|ENSG00000291336.1|ENSG00000291338.1	CDS|exon|gene|start_codon|transcript	3
chr6	26458636	26458639	ENSG00000112763.17|ENSG00000291336.1|ENSG00000291338.1	CDS|exon|gene|regulatory|start_codon|transcript	3
chr6	26443997	26444000	ENSG00000111801.16|ENSG00000291336.1|ENSG00000291338.1	CDS|exon|gene|start_codon|transcript	3
chr6	26443574	26443577	ENSG00000111801.16|ENSG00000291336.1|ENSG00000291338.1	CDS|exon|gene|start_codon|transcript	3
chr6	26405563	26405566	ENSG00000026950.17|ENSG00000291336.1|ENSG00000291338.1	CDS|exon|gene|start_codon|transcript	3
chr6	26388185	26388188	ENSG00000124508.17|ENSG00000291336.1|ENSG00000291338.1	CDS|exon|gene|regulatory|start_codon|transcript	3
chr6	26383821	26383824	ENSG00000124508.17|ENSG00000291336.1|ENSG00000291338.1	CDS|exon|gene|regulatory|start_codon|transcript	3
chr6	26368605	26368608	ENSG00000186470.14|ENSG00000291336.1|ENSG00000291338.1	CDS|UTR|exon|gene|start_codon|transcript	3
chr6	27865354	27865357	ENSG00000276903.2	CDS|exon|gene|regulatory|start_codon|transcript	3
chr6	27838661	27838664	ENSG00000233822.6	CDS|exon|gene|regulatory|start_codon|transcript	3
chr6	27838336	27838339	ENSG00000275221.2	CDS|exon|gene|regulatory|start_codon|transcript	3
chr6	27831524	27831527	ENSG00000273542.2	CDS|exon|gene|regulatory|start_codon|transcript	3
chr6	27824124	27824127	ENSG00000197238.5	CDS|exon|gene|regulatory|start_codon|transcript	3
chr6	27815043	27815046	ENSG00000273703.2	CDS|exon|gene|regulatory|start_codon|transcript	3
chr6	27814737	27814740	ENSG00000276368.2	CDS|exon|gene|regulatory|start_codon|transcript	3
chr6	27810073	27810076	ENSG00000278828.2	CDS|exon|gene|regulatory|start_codon|transcript	3
chr6	27808209	27808212	ENSG00000196747.5	CDS|exon|gene|regulatory|start_codon|transcript	3
chr6	27807903	27807906	ENSG00000185130.6	CDS|exon|gene|regulatory|start_codon|transcript	3
chr6	27472291	27472294	ENSG00000096654.16	CDS|exon|gene|start_codon|transcript	3
chr6	27400370	27400373	ENSG00000124613.9	CDS|exon|gene|start_codon|transcript	3
chr6	27312167	27312170	ENSG00000158553.5	CDS|exon|gene|regulatory|start_codon|transcript	3
chr6	27247737	27247740	ENSG00000112812.16	CDS|exon|gene|start_codon|transcript	3
chr6	27147128	27147131	ENSG00000274997.2	CDS|exon|gene|regulatory|start_codon|transcript	3
chr6	28259371	28259374	ENSG00000189134.4	CDS|exon|gene|regulatory|start_codon|transcript	3
chr6	28251977	28251980	ENSG00000187626.9	CDS|exon|gene|start_codon|transcript	3
chr6	28227084	28227087	ENSG00000137185.13	CDS|exon|gene|start_codon|transcript	3
chr6	28166558	28166561	ENSG00000226314.9	CDS|exon|gene|start_codon|transcript	3
chr6	28148407	28148410	ENSG00000198315.11	CDS|exon|gene|start_codon|transcript	3
chr6	28125443	28125446	ENSG00000196812.6|ENSG00000269293.5	CDS|exon|gene|start_codon|transcript	3
chr6	28085480	28085483	ENSG00000197279.5|ENSG00000269293.5	CDS|exon|gene|start_codon|transcript	3
chr6	27957240	27957243	ENSG00000124657.1	CDS|exon|gene|start_codon|transcript	3
chr6	27893462	27893465	ENSG00000274641.2	CDS|exon|gene|start_codon|transcript	3
chr6	27893146	27893149	ENSG00000278677.2	CDS|exon|gene|regulatory|start_codon|transcript	3
chr6	27890789	27890792	ENSG00000197153.5	CDS|exon|gene|regulatory|start_codon|transcript	3
chr6	27873507	27873510	ENSG00000275126.2	CDS|exon|gene|regulatory|repeat|start_codon|transcript	3
chr6	27872312	27872315	ENSG00000275379.2	CDS|exon|gene|regulatory|start_codon|transcript	3
chr6	27867526	27867529	ENSG00000184357.5	CDS|exon|gene|regulatory|start_codon|transcript	3
chr6	29003951	29003954	ENSG00000197935.7	CDS|exon|gene|start_codon|transcript	3
chr6	28923629	28923632	ENSG00000204713.11	CDS|exon|gene|start_codon|transcript	3
chr6	28586714	28586717	ENSG00000232040.4	CDS|exon|gene|start_codon|transcript	3
chr6	28579383	28579386	ENSG00000232040.4	CDS|exon|gene|start_codon|transcript	3
chr6	28526013	28526016	ENSG00000198704.10|ENSG00000224586.7	CDS|exon|gene|regulatory|start_codon|transcript	3
chr6	28515740	28515743	ENSG00000198704.10	CDS|exon|gene|start_codon|transcript	3
chr6	28436263	28436266	ENSG00000187987.10	CDS|exon|gene|start_codon|transcript	3
chr6	28398402	28398405	ENSG00000158691.15	CDS|exon|gene|regulatory|start_codon|transcript	3
chr6	28361365	28361368	ENSG00000189298.14	CDS|exon|gene|start_codon|transcript	3
chr6	28359586	28359589	ENSG00000189298.14	CDS|exon|gene|start_codon|transcript	3
chr6	28353891	28353894	ENSG00000189298.14|ENSG00000235109.8	CDS|UTR|exon|gene|repeat|start_codon|transcript	3
chr6	28329680	28329683	ENSG00000235109.8	CDS|exon|gene|start_codon|transcript	3
chr6	28327434	28327437	ENSG00000235109.8	CDS|exon|gene|start_codon|transcript	3
chr6	28283813	28283816	ENSG00000137338.6	CDS|exon|gene|start_codon|transcript	3
chr6	28276283	28276286	ENSG00000197062.12|ENSG00000276302.1	CDS|exon|gene|start_codon|transcript	3
chr6	28271919	28271922	ENSG00000197062.12|ENSG00000276302.1	CDS|exon|gene|start_codon|transcript	3
chr6	29559698	29559701	ENSG00000204681.11|ENSG00000213886.4	CDS|exon|gene|regulatory|start_codon|transcript	3
chr6	29550851	29550854	ENSG00000237988.6	CDS|exon|gene|start_codon|transcript	3
chr6	29487899	29487902	ENSG00000204687.4|ENSG00000289203.1	CDS|exon|gene|start_codon|transcript	3
chr6	29461769	29461772	ENSG00000204688.10	CDS|exon|gene|start_codon|transcript	3
chr6	29440015	29440018	ENSG00000204694.13|ENSG00000206474.8	CDS|exon|gene|start_codon|transcript	3
chr6	29427638	29427641	ENSG00000204694.13|ENSG00000243729.5	CDS|exon|gene|start_codon|transcript	3
chr6	29417279	29417282	ENSG00000243729.5|ENSG00000251608.2	CDS|exon|gene|start_codon|transcript	3
chr6	29396699	29396702	ENSG00000243729.5|ENSG00000280236.3	CDS|exon|gene|start_codon|transcript	3
chr6	29375284	29375287	ENSG00000112462.8|ENSG00000243729.5	CDS|exon|gene|start_codon|transcript	3
chr6	29356192	29356195	ENSG00000243729.5	CDS|exon|gene|start_codon|transcript	3
chr6	29306689	29306692	ENSG00000204695.4	CDS|exon|gene|start_codon|transcript	3
chr6	29173635	29173638	ENSG00000204700.5	CDS|exon|gene|start_codon|transcript	3
chr6	29111890	29111893	ENSG00000204701.3	CDS|exon|gene|start_codon|transcript	3
chr6	29100942	29100945	ENSG00000204702.6	CDS|exon|gene|start_codon|transcript	3
chr6	29087245	29087248	ENSG00000204703.5	CDS|exon|gene|start_codon|transcript	3
chr6	29045172	29045175	ENSG00000204704.3|ENSG00000277661.4	CDS|exon|gene|start_codon|transcript	3
chr6	30075582	30075585	ENSG00000204618.10	CDS|exon|gene|regulatory|start_codon|transcript	3
chr6	30068676	30068679	ENSG00000204619.8	CDS|exon|gene|start_codon|transcript	3
chr6	30067410	30067413	ENSG00000204619.8	CDS|UTR|exon|gene|regulatory|start_codon|transcript	3
chr6	30061524	30061527	ENSG00000066379.15|ENSG00000293508.1	CDS|exon|gene|regulatory|start_codon|transcript	3
chr6	29942767	29942770	ENSG00000206503.14|ENSG00000227766.1	CDS|exon|gene|regulatory|start_codon|transcript	3
chr6	29942553	29942556	ENSG00000206503.14|ENSG00000227766.1	CDS|exon|gene|regulatory|start_codon|transcript	3
chr6	29827844	29827847	ENSG00000204632.13|ENSG00000229142.1	CDS|exon|gene|start_codon|transcript	3
chr6	29827038	29827041	ENSG00000204632.13	CDS|exon|gene|start_codon|transcript	3
chr6	29723463	29723466	ENSG00000204642.14|ENSG00000225864.1	CDS|exon|gene|regulatory|start_codon|transcript	3
chr6	29677000	29677003	ENSG00000204644.10	CDS|exon|gene|start_codon|transcript	3
chr6	29675963	29675966	ENSG00000204644.10	CDS|exon|gene|start_codon|transcript	3
chr6	29657209	29657212	ENSG00000204655.12	CDS|exon|gene|start_codon|transcript	3
chr6	29632693	29632696	ENSG00000204681.11	CDS|exon|gene|regulatory|start_codon|transcript	3
chr6	29632382	29632385	ENSG00000204681.11	CDS|exon|gene|start_codon|transcript	3
chr6	29627788	29627791	ENSG00000204681.11	CDS|exon|gene|regulatory|start_codon|transcript	3
chr6	29587944	29587947	ENSG00000204657.4|ENSG00000204681.11	CDS|exon|gene|start_codon|transcript	3
chr6	30609941	30609944	ENSG00000204569.10	CDS|exon|gene|start_codon|transcript	3
chr6	30578150	30578153	ENSG00000204574.14	CDS|exon|gene|start_codon|transcript	3
chr6	30571487	30571490	ENSG00000204574.14	CDS|UTR|exon|gene|regulatory|start_codon|transcript	3
chr6	30556200	30556203	ENSG00000204590.13	CDS|exon|gene|start_codon|transcript	3
chr6	30555784	30555787	ENSG00000204590.13	CDS|exon|gene|regulatory|start_codon|transcript	3
chr6	30489531	30489534	ENSG00000204592.9	CDS|exon|gene|regulatory|start_codon|transcript	3
chr6	30345171	30345174	ENSG00000241370.6|ENSG00000248167.7	CDS|exon|gene|regulatory|start_codon|transcript	3
chr6	30329317	30329320	ENSG00000204599.16|ENSG00000248167.7	CDS|exon|gene|regulatory|start_codon|transcript	3
chr6	30199100	30199103	ENSG00000234127.9	CDS|exon|gene|start_codon|transcript	3
chr6	30163891	30163894	ENSG00000204610.14	CDS|exon|gene|regulatory|start_codon|transcript	3
chr6	30163684	30163687	ENSG00000204610.14	CDS|UTR|exon|gene|regulatory|start_codon|transcript	3
chr6	30160855	30160858	ENSG00000204613.11	CDS|exon|gene|start_codon|transcript	3
chr6	30137036	30137039	ENSG00000204614.9	CDS|exon|gene|start_codon|transcript	3
chr6	30112802	30112805	ENSG00000204616.11|ENSG00000231226.1	CDS|exon|gene|regulatory|start_codon|transcript	3
chr6	167291489	167291492	ENSG00000112494.10	CDS|exon|gene|start_codon|transcript	3
chr6	167157828	167157831	ENSG00000120436.4|ENSG00000291286.1	CDS|exon|gene|start_codon|transcript	3
chr6	167136134	167136137	ENSG00000112486.18|ENSG00000272980.5	CDS|UTR|exon|gene|start_codon|transcript	3
chr6	167022576	167022579	ENSG00000213066.14|ENSG00000272980.5	CDS|UTR|exon|gene|start_codon|transcript	3
chr6	166999412	166999415	ENSG00000213066.14|ENSG00000272980.5|ENSG00000285730.1	CDS|exon|gene|regulatory|start_codon|transcript	3
chr6	166952517	166952520	ENSG00000026297.17|ENSG00000249141.1	CDS|UTR|exon|gene|start_codon|transcript	3
chr6	166943071	166943074	ENSG00000026297.17|ENSG00000249141.1	CDS|UTR|exon|gene|regulatory|start_codon|transcript	3
chr6	166862167	166862170	ENSG00000071242.12|ENSG00000249141.1	CDS|exon|gene|start_codon|transcript	3
chr6	166757574	166757577	ENSG00000071242.12	CDS|exon|gene|regulatory|start_codon|transcript	3
chr6	166627016	166627019	ENSG00000071242.12	CDS|exon|gene|regulatory|start_codon|transcript	3
chr6	166586474	166586477	ENSG00000071242.12|ENSG00000235272.3	CDS|exon|gene|start_codon|transcript	3
chr6	166531259	166531262	ENSG00000071242.12	CDS|exon|gene|start_codon|transcript	3
chr6	166382873	166382876	ENSG00000060762.20	CDS|exon|gene|start_codon|transcript	3
chr6	166342478	166342481	ENSG00000198818.10	CDS|exon|gene|regulatory|start_codon|transcript	3
chr6	166308139	166308142	ENSG00000176381.6	CDS|exon|gene|start_codon|transcript	3
chr6	166167588	166167591	ENSG00000164458.10	CDS|exon|gene|regulatory|start_codon|transcript	3
chr6	30742332	30742335	ENSG00000137312.15	CDS|exon|gene|regulatory|start_codon|transcript	3
chr6	30742186	30742189	ENSG00000137312.15	CDS|UTR|exon|gene|start_codon|transcript	3
chr6	30742164	30742167	ENSG00000137312.15	CDS|exon|gene|regulatory|start_codon|transcript	3
chr6	30722967	30722970	ENSG00000196230.14	CDS|exon|gene|start_codon|transcript	3
chr6	30720506	30720509	ENSG00000196230.14	CDS|exon|gene|regulatory|start_codon|transcript	3
chr6	30715172	30715175	ENSG00000137337.16	CDS|exon|gene|start_codon|transcript	3
chr6	30690971	30690974	ENSG00000137404.15	CDS|exon|gene|regulatory|start_codon|transcript	3
chr6	30686015	30686018	ENSG00000146112.12	CDS|exon|gene|regulatory|start_codon|transcript	3
chr6	30684671	30684674	ENSG00000146112.12	CDS|exon|gene|start_codon|transcript	3
chr6	30672979	30672982	ENSG00000204560.10	CDS|UTR|exon|gene|regulatory|start_codon|transcript	3
chr6	30672838	30672841	ENSG00000204560.10	CDS|exon|gene|regulatory|start_codon|transcript	3
chr6	30661853	30661856	ENSG00000204560.10	CDS|exon|gene|start_codon|transcript	3
chr6	30647231	30647234	ENSG00000204564.12	CDS|exon|gene|start_codon|transcript	3
chr6	30627203	30627206	ENSG00000137343.18	CDS|exon|gene|start_codon|transcript	3
chr6	30626885	30626888	ENSG00000137343.18	CDS|UTR|exon|gene|regulatory|start_codon|transcript	3
chr6	30617865	30617868	ENSG00000204568.12|ENSG00000204569.10	CDS|exon|gene|regulatory|start_codon|transcript	3
chr6	31112552	31112555	ENSG00000204542.3	CDS|exon|gene|start_codon|transcript	3
chr6	31010706	31010709	ENSG00000261272.1	CDS|exon|gene|regulatory|start_codon|transcript	3
chr6	30987537	30987540	ENSG00000204544.5	CDS|exon|gene|start_codon|transcript	3
chr6	30983958	30983961	ENSG00000204544.5	CDS|UTR|exon|gene|start_codon|transcript	3
chr6	30940999	30941002	ENSG00000168631.14|ENSG00000196260.5	CDS|exon|gene|start_codon|transcript	3
chr6	30934622	30934625	ENSG00000168631.14|ENSG00000196260.5	CDS|exon|gene|start_codon|transcript	3
chr6	30932093	30932096	ENSG00000196260.5	CDS|exon|gene|regulatory|start_codon|transcript	3
chr6	30931784	30931787	ENSG00000196260.5	CDS|exon|gene|start_codon|transcript	3
chr6	30915781	30915784	ENSG00000137411.19|ENSG00000288473.1	CDS|exon|gene|regulatory|start_codon|transcript	3
chr6	30914836	30914839	ENSG00000137411.19|ENSG00000288473.1	CDS|exon|gene|start_codon|transcript	3
chr6	30909036	30909039	ENSG00000213780.11|ENSG00000288473.1	CDS|exon|gene|start_codon|transcript	3
chr6	30891029	30891032	ENSG00000204580.14	CDS|UTR|exon|gene|start_codon|transcript	3
chr6	30888729	30888732	ENSG00000204580.14	CDS|exon|gene|regulatory|start_codon|transcript	3
chr6	30885775	30885778	ENSG00000204580.14	CDS|exon|gene|regulatory|start_codon|transcript	3
chr6	30885219	30885222	ENSG00000204580.14	CDS|exon|gene|regulatory|start_codon|transcript	3
chr6	30744515	30744518	ENSG00000137331.12|ENSG00000228022.6	CDS|exon|gene|regulatory|start_codon|transcript	3
chr6	31403632	31403635	ENSG00000204520.14|ENSG00000288587.1	CDS|exon|gene|regulatory|start_codon|transcript	3
chr6	31357155	31357158	ENSG00000234745.14|ENSG00000271581.1	CDS|exon|gene|regulatory|start_codon|transcript	3
chr6	31170617	31170620	ENSG00000204531.21	CDS|exon|gene|regulatory|start_codon|transcript	3
chr6	31165939	31165942	ENSG00000137310.13|ENSG00000204531.21	CDS|UTR|exon|gene|start_codon|transcript	3
chr6	31165636	31165639	ENSG00000137310.13|ENSG00000204531.21	CDS|exon|gene|regulatory|start_codon|transcript	3
chr6	31159469	31159472	ENSG00000137310.13	CDS|exon|gene|regulatory|start_codon|transcript	3
chr6	31157597	31157600	ENSG00000204536.15	CDS|UTR|exon|gene|regulatory|start_codon|transcript	3
chr6	31157035	31157038	ENSG00000204536.15	CDS|UTR|exon|gene|start_codon|transcript	3
chr6	31156879	31156882	ENSG00000204536.15	CDS|UTR|exon|gene|start_codon|transcript	3
chr6	31139662	31139665	ENSG00000204540.11	CDS|exon|gene|regulatory|start_codon|transcript	3
chr6	31139023	31139026	ENSG00000204538.4|ENSG00000204540.11	CDS|exon|gene|regulatory|start_codon|transcript	3
chr6	31138756	31138759	ENSG00000204538.4|ENSG00000204540.11	CDS|exon|gene|start_codon|transcript	3
chr6	31129632	31129635	ENSG00000204540.11	CDS|exon|gene|repeat|start_codon|transcript	3
chr6	31120416	31120419	ENSG00000204539.4|ENSG00000204540.11	CDS|exon|gene|start_codon|transcript	3
chr6	31575741	31575744	ENSG00000232810.5	CDS|exon|gene|regulatory|start_codon|transcript	3
chr6	31572742	31572745	ENSG00000226979.9	CDS|exon|gene|regulatory|start_codon|transcript	3
chr6	31548174	31548177	ENSG00000204498.11|ENSG00000213760.11	CDS|exon|gene|regulatory|start_codon|transcript	3
chr6	31547694	31547697	ENSG00000204498.11|ENSG00000213760.11	CDS|exon|gene|regulatory|start_codon|transcript	3
chr6	31546556	31546559	ENSG00000213760.11|ENSG00000254870.5	CDS|exon|gene|start_codon|transcript	3
chr6	31546165	31546168	ENSG00000213760.11|ENSG00000254870.5	CDS|exon|gene|regulatory|start_codon|transcript	3
chr6	31541697	31541700	ENSG00000198563.14|ENSG00000254870.5	CDS|exon|gene|regulatory|start_codon|transcript	3
chr6	31541192	31541195	ENSG00000198563.14|ENSG00000254870.5	CDS|UTR|exon|gene|regulatory|start_codon|transcript	3
chr6	31540529	31540532	ENSG00000198563.14|ENSG00000254870.5	CDS|UTR|exon|gene|start_codon|transcript	3
chr6	31540516	31540519	ENSG00000198563.14|ENSG00000254870.5	CDS|UTR|exon|gene|start_codon|transcript	3
chr6	31529014	31529017	ENSG00000204511.3	CDS|exon|gene|regulatory|start_codon|transcript	3
chr6	31505642	31505645	ENSG00000204516.10	CDS|exon|gene|start_codon|transcript	3
chr6	31498193	31498196	ENSG00000204516.10	CDS|exon|gene|regulatory|start_codon|transcript	3
chr6	31410763	31410766	ENSG00000204520.14|ENSG00000288587.1	CDS|exon|gene|start_codon|transcript	3
chr6	31670950	31670953	ENSG00000240053.9|ENSG00000263020.6	CDS|UTR|exon|gene|start_codon|transcript	3
chr6	31666831	31666834	ENSG00000204435.15|ENSG00000263020.6	CDS|exon|gene|regulatory|start_codon|transcript	3
chr6	31665447	31665450	ENSG00000204435.15|ENSG00000204438.11	CDS|exon|gene|regulatory|start_codon|transcript	3
chr6	31664475	31664478	ENSG00000204438.11	CDS|exon|gene|regulatory|start_codon|transcript	3
chr6	31659944	31659947	ENSG00000204439.4|ENSG00000227198.1	CDS|exon|gene|regulatory|start_codon|transcript	3
chr6	31656573	31656576	ENSG00000204444.11	CDS|exon|gene|start_codon|transcript	3
chr6	31655966	31655969	ENSG00000204444.11	CDS|exon|gene|start_codon|transcript	3
chr6	31651760	31651763	ENSG00000204463.14	CDS|exon|gene|start_codon|transcript	3
chr6	31623873	31623876	ENSG00000204469.13|ENSG00000289282.1	CDS|exon|gene|regulatory|start_codon|transcript	3
chr6	31622789	31622792	ENSG00000204469.13|ENSG00000291302.1	CDS|exon|gene|regulatory|start_codon|transcript	3
chr6	31622773	31622776	ENSG00000204469.13|ENSG00000291302.1	CDS|UTR|exon|gene|regulatory|start_codon|transcript	3
chr6	31616111	31616114	ENSG00000204472.13	CDS|exon|gene|start_codon|transcript	3
chr6	31615329	31615332	ENSG00000204472.13	CDS|exon|gene|start_codon|transcript	3
chr6	31592718	31592721	ENSG00000204475.10	CDS|exon|gene|start_codon|transcript	3
chr6	31587299	31587302	ENSG00000204482.11	CDS|exon|gene|start_codon|transcript	3
chr6	31582414	31582417	ENSG00000227507.3	CDS|exon|gene|regulatory|start_codon|transcript	3
chr6	31811969	31811972	ENSG00000204390.10	CDS|exon|gene|start_codon|transcript	3
chr6	31795214	31795217	ENSG00000204394.13	CDS|exon|gene|regulatory|start_codon|transcript	3
chr6	31776776	31776779	ENSG00000204396.11	CDS|exon|gene|start_codon|transcript	3
chr6	31763054	31763057	ENSG00000228727.10|ENSG00000255152.8	CDS|UTR|exon|gene|start_codon|transcript	3
chr6	31740466	31740469	ENSG00000204410.16|ENSG00000255152.8	CDS|exon|gene|regulatory|start_codon|transcript	3
chr6	31736297	31736300	ENSG00000213719.8	CDS|exon|gene|start_codon|transcript	3
chr6	31729158	31729161	ENSG00000213722.10	CDS|exon|gene|start_codon|transcript	3
chr6	31723383	31723386	ENSG00000204420.10	CDS|exon|gene|regulatory|start_codon|transcript	3
chr6	31719302	31719305	ENSG00000204420.10|ENSG00000204421.3	CDS|exon|gene|start_codon|transcript	3
chr6	31715355	31715358	ENSG00000244355.8|ENSG00000250641.1	CDS|exon|gene|regulatory|start_codon|transcript	3
chr6	31706906	31706909	ENSG00000204422.7|ENSG00000204424.10|ENSG00000250641.1	CDS|exon|gene|regulatory|start_codon|transcript	3
chr6	31703278	31703281	ENSG00000204422.7|ENSG00000204427.12	CDS|exon|gene|regulatory|start_codon|transcript	3
chr6	31702765	31702768	ENSG00000204422.7|ENSG00000204427.12	CDS|exon|gene|regulatory|start_codon|transcript	3
chr6	31680370	31680373	ENSG00000204428.12	CDS|exon|gene|start_codon|transcript	3
chr6	31680361	31680364	ENSG00000204428.12	CDS|exon|gene|start_codon|transcript	3
chr6	31671262	31671265	ENSG00000240053.9|ENSG00000263020.6	CDS|exon|gene|start_codon|transcript	3
chr6	31958680	31958683	ENSG00000204356.14	CDS|UTR|exon|gene|regulatory|start_codon|transcript	3
chr6	31958443	31958446	ENSG00000204356.14	CDS|exon|gene|regulatory|start_codon|transcript	3
chr6	31946221	31946224	ENSG00000243649.10|ENSG00000244255.5	CDS|exon|gene|start_codon|transcript	3
chr6	31933672	31933675	ENSG00000166278.16|ENSG00000244255.5	CDS|UTR|exon|gene|regulatory|start_codon|transcript	3
chr6	31932474	31932477	ENSG00000166278.16|ENSG00000244255.5	CDS|exon|gene|repeat|start_codon|transcript	3
chr6	31928880	31928883	ENSG00000166278.16|ENSG00000244255.5	CDS|UTR|exon|gene|start_codon|transcript	3
chr6	31927752	31927755	ENSG00000166278.16|ENSG00000244255.5	CDS|exon|gene|regulatory|start_codon|transcript	3
chr6	31901302	31901305	ENSG00000166278.16|ENSG00000204366.4	CDS|exon|gene|start_codon|transcript	3
chr6	31901066	31901069	ENSG00000166278.16|ENSG00000204366.4	CDS|exon|gene|regulatory|start_codon|transcript	3
chr6	31897674	31897677	ENSG00000204371.12	CDS|exon|gene|regulatory|repeat|start_codon|transcript	3
chr6	31897199	31897202	ENSG00000204371.12	CDS|exon|gene|regulatory|start_codon|transcript	3
chr6	31878977	31878980	ENSG00000204385.13|ENSG00000237080.3	CDS|exon|gene|regulatory|start_codon|transcript	3
chr6	31875862	31875865	ENSG00000204385.13	CDS|exon|gene|start_codon|transcript	3
chr6	31862773	31862776	ENSG00000204386.12	CDS|exon|gene|start_codon|transcript	3
chr6	31827950	31827953	ENSG00000204388.7	CDS|exon|gene|start_codon|transcript	3
chr6	31815756	31815759	ENSG00000204389.10	CDS|exon|gene|start_codon|transcript	3
chr6	32171493	32171496	ENSG00000204310.13|ENSG00000258388.7	CDS|UTR|exon|gene|start_codon|transcript	3
chr6	32166165	32166168	ENSG00000241404.7|ENSG00000258388.7	CDS|UTR|exon|gene|regulatory|start_codon|transcript	3
chr6	32154594	32154597	ENSG00000221988.13|ENSG00000258388.7	CDS|exon|gene|regulatory|start_codon|transcript	3
chr6	32153626	32153629	ENSG00000221988.13|ENSG00000284954.1|ENSG00000285085.1	CDS|UTR|exon|gene|regulatory|start_codon|transcript	3
chr6	32151824	32151827	ENSG00000204314.12|ENSG00000285085.1	CDS|exon|gene|regulatory|start_codon|transcript	3
chr6	32129777	32129780	ENSG00000204315.4	CDS|exon|gene|start_codon|transcript	3
chr6	32128204	32128207	ENSG00000213676.13	CDS|exon|gene|regulatory|start_codon|transcript	3
chr6	32098195	32098198	ENSG00000168477.21|ENSG00000284829.1	CDS|exon|gene|start_codon|transcript	3
chr6	32045216	32045219	ENSG00000168477.21	CDS|exon|gene|regulatory|start_codon|transcript	3
chr6	32014845	32014848	ENSG00000224389.9	CDS|exon|gene|start_codon|transcript	3
chr6	31982107	31982110	ENSG00000204344.16|ENSG00000244731.10	CDS|exon|gene|start_codon|transcript	3
chr6	31972411	31972414	ENSG00000204344.16	CDS|exon|gene|start_codon|transcript	3
chr6	31971672	31971675	ENSG00000204344.16|ENSG00000204348.10	CDS|exon|gene|start_codon|transcript	3
chr6	31959192	31959195	ENSG00000204351.13	CDS|exon|gene|regulatory|start_codon|transcript	3
chr6	32741443	32741446	ENSG00000237541.4	CDS|exon|gene|start_codon|transcript	3
chr6	32666604	32666607	ENSG00000179344.17	CDS|exon|gene|regulatory|start_codon|transcript	3
chr6	32637458	32637461	ENSG00000196735.13	CDS|exon|gene|regulatory|start_codon|transcript	3
chr6	32589739	32589742	ENSG00000196126.12	CDS|exon|gene|regulatory|start_codon|transcript	3
chr6	32530221	32530224	ENSG00000198502.6	CDS|exon|gene|regulatory|start_codon|transcript	3
chr6	32439950	32439953	ENSG00000204287.14	CDS|exon|gene|regulatory|start_codon|transcript	3
chr6	32407120	32407123	ENSG00000204290.11|ENSG00000225914.5	CDS|exon|gene|start_codon|transcript	3
chr6	32371703	32371706	ENSG00000204296.13|ENSG00000225914.5	CDS|exon|gene|start_codon|transcript	3
chr6	32223925	32223928	ENSG00000204301.6	CDS|exon|gene|start_codon|transcript	3
chr6	32193115	32193118	ENSG00000213654.10	CDS|UTR|exon|gene|start_codon|transcript	3
chr6	32192510	32192513	ENSG00000213654.10	CDS|UTR|exon|gene|regulatory|start_codon|transcript	3
chr6	32192479	32192482	ENSG00000213654.10	CDS|exon|gene|regulatory|start_codon|transcript	3
chr6	32189912	32189915	ENSG00000204304.12	CDS|exon|gene|regulatory|start_codon|transcript	3
chr6	32184219	32184222	ENSG00000204305.16	CDS|UTR|exon|gene|start_codon|transcript	3
chr6	32183603	32183606	ENSG00000204305.16	CDS|exon|gene|start_codon|transcript	3
chr6	32178511	32178514	ENSG00000204308.8	CDS|exon|gene|regulatory|start_codon|transcript	3
chr6	33073567	33073570	ENSG00000231389.8	CDS|exon|gene|regulatory|start_codon|transcript	3
chr6	33009533	33009536	ENSG00000204252.14	CDS|exon|gene|regulatory|start_codon|transcript	3
chr6	32972898	32972901	ENSG00000204256.14	CDS|exon|gene|regulatory|start_codon|transcript	3
chr6	32969245	32969248	ENSG00000204256.14	CDS|exon|gene|regulatory|start_codon|transcript	3
chr6	32950789	32950792	ENSG00000204257.15|ENSG00000248993.1	CDS|exon|gene|start_codon|transcript	3
chr6	32940804	32940807	ENSG00000242574.9|ENSG00000248993.1	CDS|exon|gene|regulatory|start_codon|transcript	3
chr6	32856146	32856149	ENSG00000240065.8	CDS|exon|gene|start_codon|transcript	3
chr6	32854229	32854232	ENSG00000240065.8	CDS|exon|gene|regulatory|start_codon|transcript	3
chr6	32853633	32853636	ENSG00000168394.13|ENSG00000240065.8	CDS|exon|gene|regulatory|start_codon|transcript	3
chr6	32844410	32844413	ENSG00000204261.9|ENSG00000204264.12|ENSG00000240065.8	CDS|exon|gene|regulatory|start_codon|transcript	3
chr6	32843993	32843996	ENSG00000204264.12	CDS|exon|gene|regulatory|start_codon|transcript	3
chr6	32838230	32838233	ENSG00000204267.19|ENSG00000250264.1	CDS|exon|gene|regulatory|start_codon|transcript	3
chr6	32816948	32816951	ENSG00000241106.8|ENSG00000250264.1	CDS|exon|gene|regulatory|start_codon|transcript	3
chr6	32763467	32763470	ENSG00000232629.9	CDS|exon|gene|start_codon|transcript	3
chr6	33314038	33314041	ENSG00000231925.14	CDS|exon|gene|regulatory|start_codon|transcript	3
chr6	33313406	33313409	ENSG00000231925.14	CDS|exon|gene|regulatory|start_codon|transcript	3
chr6	33305301	33305304	ENSG00000231925.14	CDS|exon|gene|start_codon|transcript	3
chr6	33298607	33298610	ENSG00000237441.10	CDS|exon|gene|regulatory|start_codon|transcript	3
chr6	33289856	33289859	ENSG00000204220.12	CDS|exon|gene|regulatory|start_codon|transcript	3
chr6	33289167	33289170	ENSG00000227057.10	CDS|exon|gene|regulatory|start_codon|transcript	3
chr6	33277419	33277422	ENSG00000235863.4	CDS|exon|gene|regulatory|start_codon|transcript	3
chr6	33275985	33275988	ENSG00000231500.7	CDS|exon|gene|regulatory|start_codon|transcript	3
chr6	33271672	33271675	ENSG00000223501.9	CDS|exon|gene|regulatory|start_codon|transcript	3
chr6	33208822	33208825	ENSG00000204227.5	CDS|exon|gene|regulatory|start_codon|transcript	3
chr6	33204668	33204671	ENSG00000204228.4	CDS|exon|gene|regulatory|start_codon|transcript	3
chr6	33201245	33201248	ENSG00000112473.19	CDS|exon|gene|regulatory|start_codon|transcript	3
chr6	33200797	33200800	ENSG00000112473.19	CDS|exon|gene|regulatory|start_codon|transcript	3
chr6	33200473	33200476	ENSG00000112473.19|ENSG00000204231.11	CDS|UTR|exon|gene|regulatory|start_codon|transcript	3
chr6	33192237	33192240	ENSG00000204248.12	CDS|exon|gene|regulatory|start_codon|transcript	3
chr6	33076041	33076044	ENSG00000223865.11|ENSG00000231389.8	CDS|exon|gene|regulatory|start_codon|transcript	3
chr6	33621602	33621605	ENSG00000096433.11	CDS|exon|gene|regulatory|start_codon|transcript	3
chr6	33577601	33577604	ENSG00000030110.14|ENSG00000293518.1	CDS|exon|gene|start_codon|transcript	3
chr6	33455100	33455103	ENSG00000213588.6	CDS|exon|gene|start_codon|transcript	3
chr6	33431910	33431913	ENSG00000197283.18	CDS|exon|gene|regulatory|start_codon|transcript	3
chr6	33428276	33428279	ENSG00000197283.18	CDS|exon|gene|regulatory|start_codon|transcript	3
chr6	33420264	33420267	ENSG00000197283.18	CDS|exon|gene|start_codon|transcript	3
chr6	33417997	33418000	ENSG00000112514.18	CDS|UTR|exon|gene|start_codon|transcript	3
chr6	33417665	33417668	ENSG00000112514.18	CDS|UTR|exon|gene|regulatory|start_codon|transcript	3
chr6	33412263	33412266	ENSG00000112511.18	CDS|exon|gene|regulatory|start_codon|transcript	3
chr6	33391985	33391988	ENSG00000237649.8	CDS|exon|gene|start_codon|transcript	3
chr6	33329262	33329265	ENSG00000285064.2|ENSG00000286920.2	CDS|exon|gene|regulatory|start_codon|transcript	3
chr6	33322911	33322914	ENSG00000204209.13|ENSG00000285064.2	CDS|UTR|exon|gene|start_codon|transcript	3
chr6	33321922	33321925	ENSG00000204209.13|ENSG00000285064.2	CDS|UTR|exon|gene|regulatory|start_codon|transcript	3
chr6	33321546	33321549	ENSG00000204209.13|ENSG00000285064.2	CDS|UTR|exon|gene|start_codon|transcript	3
chr6	33316913	33316916	ENSG00000236104.3	CDS|exon|gene|regulatory|start_codon|transcript	3
chr6	34425218	34425221	ENSG00000124614.17|ENSG00000270800.4	CDS|exon|gene|start_codon|transcript	3
chr6	34392359	34392362	ENSG00000270800.4|ENSG00000272325.2	CDS|exon|gene|regulatory|start_codon|transcript	3
chr6	34247788	34247791	ENSG00000186577.14	CDS|UTR|exon|gene|regulatory|start_codon|transcript	3
chr6	34247482	34247485	ENSG00000186577.14	CDS|exon|gene|regulatory|start_codon|transcript	3
chr6	34240780	34240783	ENSG00000137309.21	CDS|exon|gene|regulatory|start_codon|transcript	3
chr6	34155387	34155390	ENSG00000124493.14	CDS|exon|gene|regulatory|start_codon|transcript	3
chr6	34133493	34133496	ENSG00000124493.14	CDS|exon|gene|regulatory|start_codon|transcript	3
chr6	34110668	34110671	ENSG00000124493.14	CDS|exon|gene|repeat|start_codon|transcript	3
chr6	34103697	34103700	ENSG00000124493.14	CDS|exon|gene|start_codon|transcript	3
chr6	34102117	34102120	ENSG00000124493.14	CDS|exon|gene|start_codon|transcript	3
chr6	34059073	34059076	ENSG00000124493.14	CDS|UTR|exon|gene|start_codon|transcript	3
chr6	33801160	33801163	ENSG00000096395.11|ENSG00000287089.1	CDS|exon|gene|start_codon|transcript	3
chr6	33789113	33789116	ENSG00000161904.13	CDS|exon|gene|regulatory|start_codon|transcript	3
chr6	33781097	33781100	ENSG00000161904.13	CDS|UTR|exon|gene|start_codon|transcript	3
chr6	33735473	33735476	ENSG00000161896.12	CDS|exon|gene|regulatory|start_codon|transcript	3
chr6	35129147	35129150	ENSG00000124678.20	CDS|UTR|exon|gene|start_codon|transcript	3
chr6	35122268	35122271	ENSG00000124678.20	CDS|UTR|exon|gene|start_codon|transcript	3
chr6	35060037	35060040	ENSG00000064999.16	CDS|exon|gene|start_codon|transcript	3
chr6	35059865	35059868	ENSG00000064999.16	CDS|UTR|exon|gene|start_codon|transcript	3
chr6	35059433	35059436	ENSG00000064999.16	CDS|UTR|exon|gene|start_codon|transcript	3
chr6	34889402	34889405	ENSG00000064999.16	CDS|exon|gene|regulatory|start_codon|transcript	3
chr6	34887954	34887957	ENSG00000064995.19	CDS|exon|gene|regulatory|start_codon|transcript	3
chr6	34792250	34792253	ENSG00000065060.18	CDS|exon|gene|regulatory|start_codon|transcript	3
chr6	34762666	34762669	ENSG00000124562.10	CDS|exon|gene|start_codon|transcript	3
chr6	34757840	34757843	ENSG00000124562.10	CDS|exon|gene|start_codon|transcript	3
chr6	34757543	34757546	ENSG00000124562.10	CDS|UTR|exon|gene|regulatory|start_codon|transcript	3
chr6	34696600	34696603	ENSG00000196821.10|ENSG00000272288.8	CDS|exon|gene|regulatory|start_codon|transcript	3
chr6	34654712	34654715	ENSG00000196821.10	CDS|exon|gene|start_codon|transcript	3
chr6	34544452	34544455	ENSG00000124664.11	CDS|exon|gene|start_codon|transcript	3
chr6	34527394	34527397	ENSG00000124507.11	CDS|exon|gene|regulatory|start_codon|transcript	3
chr6	34526305	34526308	ENSG00000124507.11	CDS|UTR|exon|gene|regulatory|start_codon|transcript	3
chr6	35776618	35776621	ENSG00000196748.10	CDS|exon|gene|regulatory|start_codon|transcript	3
chr6	35737108	35737111	ENSG00000157343.9	CDS|exon|gene|start_codon|transcript	3
chr6	35642821	35642824	ENSG00000096060.15	CDS|exon|gene|regulatory|start_codon|transcript	3
chr6	35512855	35512858	ENSG00000112041.13	CDS|exon|gene|regulatory|start_codon|transcript	3
chr6	35486659	35486662	ENSG00000007866.22	CDS|exon|gene|regulatory|start_codon|transcript	3
chr6	35468434	35468437	ENSG00000198755.11	CDS|exon|gene|regulatory|start_codon|transcript	3
chr6	35452545	35452548	ENSG00000112039.6	CDS|exon|gene|regulatory|start_codon|transcript	3
chr6	35411087	35411090	ENSG00000112033.14	CDS|exon|gene|start_codon|transcript	3
chr6	35347137	35347140	ENSG00000112033.14	CDS|UTR|exon|gene|regulatory|start_codon|transcript	3
chr6	35297856	35297859	ENSG00000023892.12	CDS|exon|gene|regulatory|start_codon|transcript	3
chr6	35281151	35281154	ENSG00000065029.15	CDS|exon|gene|start_codon|transcript	3
chr6	35214418	35214421	ENSG00000146197.9	CDS|exon|gene|start_codon|transcript	3
chr6	35141226	35141229	ENSG00000124678.20	CDS|UTR|exon|gene|regulatory|start_codon|transcript	3
chr6	35140867	35140870	ENSG00000124678.20	CDS|UTR|exon|gene|start_codon|transcript	3
chr6	35140066	35140069	ENSG00000124678.20	CDS|UTR|exon|gene|regulatory|start_codon|transcript	3
chr6	35136150	35136153	ENSG00000124678.20	CDS|UTR|exon|gene|start_codon|transcript	3
chr6	36200322	36200325	ENSG00000096070.19	CDS|exon|gene|start_codon|transcript	3
chr6	36131385	36131388	ENSG00000156711.17	CDS|exon|gene|regulatory|start_codon|transcript	3
chr6	36130582	36130585	ENSG00000156711.17	CDS|exon|gene|regulatory|start_codon|transcript	3
chr6	36052813	36052816	ENSG00000112062.12	CDS|exon|gene|start_codon|transcript	3
chr6	36028157	36028160	ENSG00000112062.12	CDS|exon|gene|regulatory|start_codon|transcript	3
chr6	36024853	36024856	ENSG00000112053.14	CDS|exon|gene|repeat|start_codon|transcript	3
chr6	36019704	36019707	ENSG00000112053.14	CDS|exon|gene|start_codon|transcript	3
chr6	35921053	35921056	ENSG00000096063.16	CDS|UTR|exon|gene|regulatory|start_codon|transcript	3
chr6	35920351	35920354	ENSG00000096063.16	CDS|exon|gene|regulatory|start_codon|transcript	3
chr6	35904969	35904972	ENSG00000096063.16	CDS|exon|gene|repeat|start_codon|transcript	3
chr6	35891036	35891039	ENSG00000096063.16	CDS|exon|gene|start_codon|transcript	3
chr6	35870482	35870485	ENSG00000096063.16	CDS|exon|gene|start_codon|transcript	3
chr6	35805670	35805673	ENSG00000197753.11	CDS|exon|gene|regulatory|start_codon|transcript	3
chr6	35797285	35797288	ENSG00000137392.10|ENSG00000197753.11	CDS|UTR|exon|gene|regulatory|start_codon|transcript	3
chr6	35796847	35796850	ENSG00000137392.10	CDS|exon|gene|repeat|start_codon|transcript	3
chr6	35781110	35781113	ENSG00000204140.10	CDS|exon|gene|start_codon|transcript	3
chr6	36704235	36704238	ENSG00000255587.9	CDS|exon|gene|start_codon|transcript	3
chr6	36684101	36684104	ENSG00000124762.14	CDS|exon|gene|regulatory|start_codon|transcript	3
chr6	36596762	36596765	ENSG00000112081.17	CDS|exon|gene|regulatory|start_codon|transcript	3
chr6	36479121	36479124	ENSG00000112078.14	CDS|exon|gene|start_codon|transcript	3
chr6	36470097	36470100	ENSG00000112078.14	CDS|UTR|exon|gene|start_codon|transcript	3
chr6	36426079	36426082	ENSG00000179165.12	CDS|exon|gene|start_codon|transcript	3
chr6	36387538	36387541	ENSG00000010030.14|ENSG00000224666.4	CDS|UTR|exon|gene|start_codon|transcript	3
chr6	36375956	36375959	ENSG00000010030.14	CDS|UTR|exon|gene|start_codon|transcript	3
chr6	36375931	36375934	ENSG00000010030.14	CDS|exon|gene|start_codon|transcript	3
chr6	36371537	36371540	ENSG00000010030.14	CDS|exon|gene|start_codon|transcript	3
chr6	36330687	36330690	ENSG00000189325.7	CDS|exon|gene|start_codon|transcript	3
chr6	36291399	36291402	ENSG00000180316.13	CDS|exon|gene|regulatory|start_codon|transcript	3
chr6	36270459	36270462	ENSG00000180316.13	CDS|exon|gene|regulatory|start_codon|transcript	3
chr6	36204571	36204574	ENSG00000096070.19	CDS|exon|gene|start_codon|transcript	3
chr6	37360505	37360508	ENSG00000112130.17	CDS|UTR|exon|gene|regulatory|start_codon|transcript	3
chr6	37354164	37354167	ENSG00000112130.17	CDS|exon|gene|start_codon|transcript	3
chr6	37257917	37257920	ENSG00000065491.8|ENSG00000172738.13|ENSG00000286105.2	CDS|UTR|exon|gene|start_codon|transcript	3
chr6	37219027	37219030	ENSG00000172738.13|ENSG00000286105.2	CDS|exon|gene|start_codon|transcript	3
chr6	37170575	37170578	ENSG00000137193.14	CDS|exon|gene|regulatory|start_codon|transcript	3
chr6	37005817	37005820	ENSG00000146192.15	CDS|exon|gene|start_codon|transcript	3
chr6	36986170	36986173	ENSG00000137409.21	CDS|exon|gene|regulatory|start_codon|transcript	3
chr6	36981654	36981657	ENSG00000137409.21	CDS|UTR|exon|gene|start_codon|transcript	3
chr6	36954760	36954763	ENSG00000164530.15	CDS|exon|gene|start_codon|transcript	3
chr6	36902349	36902352	ENSG00000198663.17	CDS|exon|gene|start_codon|transcript	3
chr6	36899444	36899447	ENSG00000198663.17	CDS|UTR|exon|gene|start_codon|transcript	3
chr6	36874769	36874772	ENSG00000137168.8|ENSG00000198663.17	CDS|exon|gene|regulatory|start_codon|transcript	3
chr6	36839374	36839377	ENSG00000124772.12	CDS|exon|gene|regulatory|start_codon|transcript	3
chr6	36756274	36756277	ENSG00000124772.12	CDS|exon|gene|regulatory|start_codon|transcript	3
chr6	39322342	39322345	ENSG00000095981.11	CDS|exon|gene|start_codon|transcript	3
chr6	39314317	39314320	ENSG00000124780.14	CDS|exon|gene|regulatory|start_codon|transcript	3
chr6	39229108	39229111	ENSG00000164626.9	CDS|exon|gene|regulatory|start_codon|transcript	3
chr6	39115086	39115089	ENSG00000112167.11	CDS|exon|gene|regulatory|start_codon|transcript	3
chr6	39048840	39048843	ENSG00000112164.6	CDS|exon|gene|regulatory|start_codon|transcript	3
chr6	38734514	38734517	ENSG00000124721.18	CDS|exon|gene|start_codon|transcript	3
chr6	38722809	38722812	ENSG00000124721.18	CDS|exon|gene|regulatory|start_codon|transcript	3
chr6	38703051	38703054	ENSG00000124767.7	CDS|exon|gene|regulatory|start_codon|transcript	3
chr6	38598091	38598094	ENSG00000183826.19	CDS|exon|gene|start_codon|transcript	3
chr6	38594332	38594335	ENSG00000183826.19	CDS|exon|gene|start_codon|transcript	3
chr6	38594305	38594308	ENSG00000183826.19	CDS|exon|gene|start_codon|transcript	3
chr6	37819945	37819948	ENSG00000156639.12	CDS|exon|gene|regulatory|start_codon|transcript	3
chr6	37696808	37696811	ENSG00000112139.17	CDS|exon|gene|regulatory|start_codon|transcript	3
chr6	37664002	37664005	ENSG00000112139.17	CDS|exon|gene|start_codon|transcript	3
chr6	37499860	37499863	ENSG00000198937.9	CDS|exon|gene|regulatory|start_codon|transcript	3
chr6	37435629	37435632	ENSG00000137200.13	CDS|exon|gene|start_codon|transcript	3
chr6	41201005	41201008	ENSG00000112195.9	CDS|exon|gene|regulatory|start_codon|transcript	3
chr6	41163079	41163082	ENSG00000095970.17|ENSG00000290034.1	CDS|exon|gene|regulatory|start_codon|transcript	3
chr6	41154285	41154288	ENSG00000161911.12	CDS|exon|gene|start_codon|transcript	3
chr6	41079089	41079092	ENSG00000001167.15|ENSG00000124596.17	CDS|exon|gene|start_codon|transcript	3
chr6	41071631	41071634	ENSG00000124596.17	CDS|exon|gene|regulatory|start_codon|transcript	3
chr6	41071195	41071198	ENSG00000124596.17	CDS|exon|gene|regulatory|start_codon|transcript	3
chr6	41053347	41053350	ENSG00000124596.17|ENSG00000124701.6	CDS|exon|gene|regulatory|start_codon|transcript	3
chr6	41042985	41042988	ENSG00000112212.12|ENSG00000124596.17	CDS|exon|gene|regulatory|start_codon|transcript	3
chr6	41035071	41035074	ENSG00000124596.17|ENSG00000124602.10	CDS|UTR|exon|gene|start_codon|transcript	3
chr6	40433110	40433113	ENSG00000156564.10	CDS|exon|gene|start_codon|transcript	3
chr6	39934414	39934417	ENSG00000124615.20	CDS|UTR|exon|gene|regulatory|start_codon|transcript	3
chr6	39925831	39925834	ENSG00000124615.20	CDS|UTR|exon|gene|start_codon|transcript	3
chr6	39856302	39856305	ENSG00000146122.17	CDS|exon|gene|start_codon|transcript	3
chr6	39725307	39725310	ENSG00000164627.18	CDS|UTR|exon|gene|start_codon|transcript	3
chr6	39431156	39431159	ENSG00000164627.18	CDS|exon|gene|regulatory|start_codon|transcript	3
chr6	39322537	39322540	ENSG00000095981.11	CDS|exon|gene|start_codon|transcript	3
chr6	41916926	41916929	ENSG00000124641.16|ENSG00000288721.1	CDS|exon|gene|start_codon|transcript	3
chr6	41806980	41806983	ENSG00000164663.15|ENSG00000288721.1	CDS|UTR|exon|gene|start_codon|transcript	3
chr6	41787697	41787700	ENSG00000124593.16|ENSG00000214736.8	CDS|UTR|exon|gene|regulatory|start_codon|transcript	3
chr6	41784118	41784121	ENSG00000124593.16|ENSG00000137218.10|ENSG00000278224.7	CDS|UTR|exon|gene|start_codon|transcript	3
chr6	41783473	41783476	ENSG00000124593.16|ENSG00000137218.10|ENSG00000278224.7	CDS|UTR|exon|gene|start_codon|transcript	3
chr6	41780430	41780433	ENSG00000124593.16|ENSG00000137218.10	CDS|UTR|exon|gene|regulatory|start_codon|transcript	3
chr6	41776984	41776987	ENSG00000137218.10	CDS|exon|gene|start_codon|transcript	3
chr6	41753965	41753968	ENSG00000096088.16	CDS|exon|gene|start_codon|transcript	3
chr6	41747331	41747334	ENSG00000096088.16	CDS|exon|gene|regulatory|start_codon|transcript	3
chr6	41736162	41736165	ENSG00000112561.19	CDS|exon|gene|regulatory|start_codon|transcript	3
chr6	41691210	41691213	ENSG00000112561.19	CDS|exon|gene|regulatory|start_codon|transcript	3
chr6	41638749	41638752	ENSG00000112559.15	CDS|exon|gene|regulatory|start_codon|transcript	3
chr6	41565760	41565763	ENSG00000137166.18	CDS|exon|gene|start_codon|transcript	3
chr6	41335876	41335879	ENSG00000096264.14	CDS|exon|gene|start_codon|transcript	3
chr6	41286652	41286655	ENSG00000124731.13	CDS|exon|gene|regulatory|start_codon|transcript	3
chr6	41228427	41228430	ENSG00000188056.12	CDS|exon|gene|regulatory|start_codon|transcript	3
chr6	42217846	42217849	ENSG00000048544.6	CDS|exon|gene|regulatory|start_codon|transcript	3
chr6	42194817	42194820	ENSG00000112599.9	CDS|exon|gene|start_codon|transcript	3
chr6	42178297	42178300	ENSG00000048545.18|ENSG00000290147.1	CDS|UTR|exon|gene|regulatory|start_codon|transcript	3
chr6	42173613	42173616	ENSG00000048545.18|ENSG00000290147.1	CDS|UTR|exon|gene|start_codon|transcript	3
chr6	42155539	42155542	ENSG00000287363.4|ENSG00000290147.1	CDS|UTR|exon|gene|start_codon|transcript	3
chr6	42155476	42155479	ENSG00000287363.4|ENSG00000290147.1	CDS|UTR|exon|gene|start_codon|transcript	3
chr6	42142441	42142444	ENSG00000188112.10	CDS|exon|gene|start_codon|transcript	3
chr6	42051500	42051503	ENSG00000137413.17	CDS|exon|gene|regulatory|start_codon|transcript	3
chr6	42050541	42050544	ENSG00000137413.17	CDS|exon|gene|regulatory|start_codon|transcript	3
chr6	41941646	41941649	ENSG00000112576.13	CDS|exon|gene|start_codon|transcript	3
chr6	41940996	41940999	ENSG00000112576.13	CDS|exon|gene|regulatory|start_codon|transcript	3
chr6	41940537	41940540	ENSG00000112576.13	CDS|exon|gene|start_codon|transcript	3
chr6	41936678	41936681	ENSG00000112576.13	CDS|exon|gene|regulatory|start_codon|transcript	3
chr6	41921562	41921565	ENSG00000112578.10	CDS|exon|gene|regulatory|start_codon|transcript	3
chr6	41921015	41921018	ENSG00000124641.16|ENSG00000288721.1	CDS|UTR|exon|gene|regulatory|start_codon|transcript	3
chr6	41917889	41917892	ENSG00000124641.16|ENSG00000288721.1	CDS|exon|gene|regulatory|repeat|start_codon|transcript	3
chr6	43017192	43017195	ENSG00000124702.19	CDS|UTR|exon|gene|regulatory|start_codon|transcript	3
chr6	43014095	43014098	ENSG00000124733.5	CDS|exon|gene|regulatory|start_codon|transcript	3
chr6	43013810	43013813	ENSG00000124733.5	CDS|exon|gene|start_codon|transcript	3
chr6	43013375	43013378	ENSG00000124733.5	CDS|exon|gene|regulatory|start_codon|transcript	3
chr6	42984677	42984680	ENSG00000112640.16	CDS|exon|gene|start_codon|transcript	3
chr6	42979147	42979150	ENSG00000124587.14	CDS|exon|gene|regulatory|start_codon|transcript	3
chr6	42960767	42960770	ENSG00000124713.6	CDS|exon|gene|regulatory|start_codon|transcript	3
chr6	42929570	42929573	ENSG00000137161.18	CDS|exon|gene|start_codon|transcript	3
chr6	42916069	42916072	ENSG00000171611.10	CDS|exon|gene|regulatory|start_codon|transcript	3
chr6	42890785	42890788	ENSG00000221821.4	CDS|exon|gene|regulatory|start_codon|transcript	3
chr6	42879910	42879913	ENSG00000146223.16	CDS|exon|gene|regulatory|start_codon|transcript	3
chr6	42822022	42822025	ENSG00000112624.14	CDS|exon|gene|start_codon|transcript	3
chr6	42746070	42746073	ENSG00000124659.7	CDS|exon|gene|regulatory|start_codon|transcript	3
chr6	42722331	42722334	ENSG00000112619.8	CDS|exon|gene|start_codon|transcript	3
chr6	42564319	42564322	ENSG00000024048.11	CDS|exon|gene|regulatory|start_codon|transcript	3
chr6	42269587	42269590	ENSG00000124496.13	CDS|exon|gene|regulatory|start_codon|transcript	3
chr6	43299268	43299271	ENSG00000137204.15	CDS|exon|gene|start_codon|transcript	3
chr6	43298358	43298361	ENSG00000137204.15	CDS|exon|gene|start_codon|transcript	3
chr6	43246660	43246663	ENSG00000146216.14	CDS|exon|gene|regulatory|start_codon|transcript	3
chr6	43229453	43229456	ENSG00000112667.13	CDS|exon|gene|regulatory|start_codon|transcript	3
chr6	43184310	43184313	ENSG00000112659.14	CDS|exon|gene|start_codon|transcript	3
chr6	43171656	43171659	ENSG00000112658.8	CDS|exon|gene|start_codon|transcript	3
chr6	43144395	43144398	ENSG00000112655.16	CDS|exon|gene|start_codon|transcript	3
chr6	43076883	43076886	ENSG00000112655.16	CDS|exon|gene|start_codon|transcript	3
chr6	43076488	43076491	ENSG00000112655.16	CDS|exon|gene|regulatory|start_codon|transcript	3
chr6	43062919	43062922	ENSG00000137171.15	CDS|UTR|exon|gene|start_codon|transcript	3
chr6	43061335	43061338	ENSG00000137171.15	CDS|UTR|exon|gene|regulatory|start_codon|transcript	3
chr6	43060209	43060212	ENSG00000137171.15	CDS|UTR|exon|gene|regulatory|start_codon|transcript	3
chr6	43059378	43059381	ENSG00000112651.12|ENSG00000137171.15	CDS|exon|gene|regulatory|start_codon|transcript	3
chr6	43052785	43052788	ENSG00000044090.13|ENSG00000137171.15|ENSG00000288564.1	CDS|exon|gene|regulatory|start_codon|transcript	3
chr6	43021654	43021657	ENSG00000124541.7	CDS|exon|gene|regulatory|start_codon|transcript	3
chr6	43017650	43017653	ENSG00000124702.19	CDS|exon|gene|start_codon|transcript	3
chr6	43582319	43582322	ENSG00000170734.12	CDS|exon|gene|start_codon|transcript	3
chr6	43575861	43575864	ENSG00000124571.18	CDS|exon|gene|start_codon|transcript	3
chr6	43519356	43519359	ENSG00000171453.20|ENSG00000271754.1	CDS|exon|gene|start_codon|transcript	3
chr6	43516804	43516807	ENSG00000137207.12|ENSG00000171453.20	CDS|exon|gene|regulatory|start_codon|transcript	3
chr6	43516068	43516071	ENSG00000137207.12|ENSG00000171453.20	CDS|UTR|exon|gene|regulatory|start_codon|transcript	3
chr6	43509782	43509785	ENSG00000171453.20|ENSG00000204052.5	CDS|UTR|exon|gene|regulatory|start_codon|transcript	3
chr6	43499001	43499004	ENSG00000137221.14	CDS|exon|gene|start_codon|transcript	3
chr6	43454822	43454825	ENSG00000171462.15	CDS|exon|gene|regulatory|start_codon|transcript	3
chr6	43433312	43433315	ENSG00000124574.15	CDS|exon|gene|start_codon|transcript	3
chr6	43432109	43432112	ENSG00000124574.15	CDS|exon|gene|start_codon|transcript	3
chr6	43427978	43427981	ENSG00000124574.15	CDS|exon|gene|start_codon|transcript	3
chr6	43369362	43369365	ENSG00000171467.16	CDS|exon|gene|regulatory|start_codon|transcript	3
chr6	43308789	43308792	ENSG00000146215.14|ENSG00000171467.16	CDS|exon|gene|regulatory|start_codon|transcript	3
chr6	43301552	43301555	ENSG00000137204.15|ENSG00000146215.14	CDS|exon|gene|start_codon|transcript	3
chr6	165986210	165986213	ENSG00000112541.19	CDS|exon|gene|regulatory|start_codon|transcript	3
chr6	165711133	165711136	ENSG00000112541.19	CDS|exon|gene|start_codon|transcript	3
chr6	165662808	165662811	ENSG00000112541.19	CDS|exon|gene|regulatory|start_codon|transcript	3
chr6	165660967	165660970	ENSG00000112541.19	CDS|exon|gene|regulatory|start_codon|transcript	3
chr6	165654882	165654885	ENSG00000112541.19	CDS|exon|gene|start_codon|transcript	3
chr6	165450344	165450347	ENSG00000112541.19	CDS|UTR|exon|gene|start_codon|transcript	3
chr6	165309583	165309586	ENSG00000112539.15	CDS|exon|gene|regulatory|start_codon|transcript	3
chr6	163455301	163455304	ENSG00000112531.17	CDS|exon|gene|start_codon|transcript	3
chr6	163415193	163415196	ENSG00000112531.17	CDS|exon|gene|regulatory|start_codon|transcript	3
chr6	162728235	162728238	ENSG00000112530.13	CDS|exon|gene|start_codon|transcript	3
chr6	162694850	162694853	ENSG00000185345.25	CDS|exon|gene|start_codon|transcript	3
chr6	162262696	162262699	ENSG00000185345.25	CDS|exon|gene|start_codon|transcript	3
chr6	161232210	161232213	ENSG00000026652.15	CDS|exon|gene|regulatory|start_codon|transcript	3
chr6	161034379	161034382	ENSG00000085511.20	CDS|exon|gene|start_codon|transcript	3
chr6	160991931	160991934	ENSG00000085511.20|ENSG00000272841.1	CDS|exon|gene|start_codon|transcript	3
chr6	160707739	160707742	ENSG00000122194.20	CDS|exon|gene|start_codon|transcript	3
chr6	44229417	44229420	ENSG00000112759.19	CDS|exon|gene|start_codon|transcript	3
chr6	44227313	44227316	ENSG00000112759.19	CDS|exon|gene|regulatory|start_codon|transcript	3
chr6	44217471	44217474	ENSG00000262179.3	CDS|exon|gene|regulatory|start_codon|transcript	3
chr6	44158848	44158851	ENSG00000137225.13	CDS|exon|gene|start_codon|transcript	3
chr6	44134584	44134587	ENSG00000137216.19	CDS|exon|gene|start_codon|transcript	3
chr6	44116608	44116611	ENSG00000180992.7	CDS|exon|gene|start_codon|transcript	3
chr6	43774358	43774361	ENSG00000112715.26	CDS|exon|gene|regulatory|start_codon|transcript	3
chr6	43771246	43771249	ENSG00000112715.26	CDS|exon|gene|regulatory|start_codon|transcript	3
chr6	43770706	43770709	ENSG00000112715.26	CDS|exon|gene|regulatory|start_codon|transcript	3
chr6	43687776	43687779	ENSG00000096080.12	CDS|exon|gene|regulatory|start_codon|transcript	3
chr6	43645098	43645101	ENSG00000172426.16	CDS|exon|gene|regulatory|start_codon|transcript	3
chr6	43635875	43635878	ENSG00000124688.14	CDS|exon|gene|regulatory|start_codon|transcript	3
chr6	43629749	43629752	ENSG00000124688.14	CDS|exon|gene|regulatory|start_codon|transcript	3
chr6	43629159	43629162	ENSG00000172432.19	CDS|exon|gene|start_codon|transcript	3
chr6	43626356	43626359	ENSG00000172432.19	CDS|exon|gene|regulatory|start_codon|transcript	3
chr6	43583055	43583058	ENSG00000170734.12	CDS|exon|gene|regulatory|start_codon|transcript	3
chr6	45322913	45322916	ENSG00000196284.18	CDS|exon|gene|regulatory|start_codon|transcript	3
chr6	44954533	44954536	ENSG00000196284.18	CDS|exon|gene|regulatory|start_codon|transcript	3
chr6	44387823	44387826	ENSG00000096401.8	CDS|exon|gene|start_codon|transcript	3
chr6	44343095	44343098	ENSG00000249481.7|ENSG00000272442.2	CDS|exon|gene|start_codon|transcript	3
chr6	44287822	44287825	ENSG00000146221.10|ENSG00000178233.18|ENSG00000272442.2	CDS|exon|gene|start_codon|transcript	3
chr6	44286347	44286350	ENSG00000146221.10|ENSG00000178233.18|ENSG00000272442.2	CDS|exon|gene|start_codon|transcript	3
chr6	44270742	44270745	ENSG00000178233.18	CDS|exon|gene|regulatory|start_codon|transcript	3
chr6	44265760	44265763	ENSG00000146232.17	CDS|exon|gene|regulatory|repeat|start_codon|transcript	3
chr6	44265343	44265346	ENSG00000146232.17	CDS|exon|gene|regulatory|start_codon|transcript	3
chr6	44257407	44257410	ENSG00000157593.20	CDS|UTR|exon|gene|regulatory|start_codon|transcript	3
chr6	44256762	44256765	ENSG00000157593.20	CDS|UTR|exon|gene|regulatory|start_codon|transcript	3
chr6	44256739	44256742	ENSG00000157593.20	CDS|exon|gene|regulatory|start_codon|transcript	3
chr6	44255602	44255605	ENSG00000157593.20	CDS|exon|gene|start_codon|transcript	3
chr6	44248629	44248632	ENSG00000096384.20	CDS|exon|gene|start_codon|transcript	3
chr6	46793398	46793401	ENSG00000112818.11	CDS|exon|gene|regulatory|start_codon|transcript	3
chr6	46751948	46751951	ENSG00000230062.7	CDS|exon|gene|start_codon|transcript	3
chr6	46722888	46722891	ENSG00000146070.17	CDS|exon|gene|start_codon|transcript	3
chr6	46688128	46688131	ENSG00000180113.16|ENSG00000242973.6	CDS|exon|gene|start_codon|transcript	3
chr6	46658873	46658876	ENSG00000153291.16	CDS|exon|gene|start_codon|transcript	3
chr6	46653192	46653195	ENSG00000153291.16	CDS|exon|gene|regulatory|start_codon|transcript	3
chr6	46652579	46652582	ENSG00000146233.8	CDS|UTR|exon|gene|regulatory|start_codon|transcript	3
chr6	46637947	46637950	ENSG00000146233.8	CDS|exon|gene|start_codon|transcript	3
chr6	46456973	46456976	ENSG00000172348.16	CDS|exon|gene|start_codon|transcript	3
chr6	46325476	46325479	ENSG00000172348.16	CDS|exon|gene|start_codon|transcript	3
chr6	46168259	46168262	ENSG00000112796.10	CDS|exon|gene|start_codon|transcript	3
chr6	46139583	46139586	ENSG00000001561.7	CDS|exon|gene|start_codon|transcript	3
chr6	46080239	46080242	ENSG00000112782.19	CDS|exon|gene|start_codon|transcript	3
chr6	46015539	46015542	ENSG00000112782.19	CDS|exon|gene|regulatory|start_codon|transcript	3
chr6	45422576	45422579	ENSG00000124813.23	CDS|exon|gene|regulatory|start_codon|transcript	3
chr6	45328726	45328729	ENSG00000124813.23|ENSG00000196284.18	CDS|exon|gene|regulatory|start_codon|transcript	3
chr6	49744364	49744367	ENSG00000096006.12|ENSG00000235122.4	CDS|exon|gene|start_codon|transcript	3
chr6	49709193	49709196	ENSG00000124490.14	CDS|exon|gene|start_codon|transcript	3
chr6	49636809	49636812	ENSG00000112077.18	CDS|exon|gene|regulatory|start_codon|transcript	3
chr6	49550792	49550795	ENSG00000197261.12	CDS|exon|gene|regulatory|start_codon|transcript	3
chr6	49511990	49511993	ENSG00000203972.10	CDS|exon|gene|start_codon|transcript	3
chr6	49470176	49470179	ENSG00000031691.7	CDS|exon|gene|start_codon|transcript	3
chr6	49459463	49459466	ENSG00000146085.8	CDS|exon|gene|start_codon|transcript	3
chr6	48068954	48068957	ENSG00000244694.8	CDS|exon|gene|regulatory|start_codon|transcript	3
chr6	47782066	47782069	ENSG00000124818.16	CDS|exon|gene|start_codon|transcript	3
chr6	47707245	47707248	ENSG00000153294.12	CDS|exon|gene|start_codon|transcript	3
chr6	47685863	47685866	ENSG00000153294.12|ENSG00000164393.11|ENSG00000293467.1	CDS|exon|gene|start_codon|transcript	3
chr6	47478244	47478247	ENSG00000198087.7	CDS|exon|gene|start_codon|transcript	3
chr6	47309508	47309511	ENSG00000146072.6	CDS|exon|gene|regulatory|start_codon|transcript	3
chr6	47029058	47029061	ENSG00000153292.16	CDS|exon|gene|regulatory|start_codon|transcript	3
chr6	47018496	47018499	ENSG00000153292.16	CDS|UTR|exon|gene|start_codon|transcript	3
chr6	46906759	46906762	ENSG00000069122.19|ENSG00000225730.1	CDS|exon|gene|start_codon|transcript	3
chr6	52284814	52284817	ENSG00000112118.20	CDS|UTR|exon|gene|regulatory|start_codon|transcript	3
chr6	52284806	52284809	ENSG00000112118.20	CDS|UTR|exon|gene|regulatory|start_codon|transcript	3
chr6	52284671	52284674	ENSG00000112118.20	CDS|UTR|exon|gene|start_codon|transcript	3
chr6	52284646	52284649	ENSG00000112118.20	CDS|exon|gene|start_codon|transcript	3
chr6	52244426	52244429	ENSG00000112116.11	CDS|exon|gene|start_codon|transcript	3
chr6	52186431	52186434	ENSG00000112115.7	CDS|exon|gene|start_codon|transcript	3
chr6	52084930	52084933	ENSG00000170927.15	CDS|exon|gene|start_codon|transcript	3
chr6	50818924	50818927	ENSG00000008196.13	CDS|exon|gene|regulatory|start_codon|transcript	3
chr6	50818891	50818894	ENSG00000008196.13	CDS|UTR|exon|gene|regulatory|start_codon|transcript	3
chr6	50714055	50714058	ENSG00000008197.5	CDS|exon|gene|start_codon|transcript	3
chr6	50049866	50049869	ENSG00000180872.7	CDS|exon|gene|start_codon|transcript	3
chr6	50021932	50021935	ENSG00000203970.4	CDS|exon|gene|start_codon|transcript	3
chr6	49969622	49969625	ENSG00000214642.1	CDS|exon|gene|start_codon|transcript	3
chr6	49964102	49964105	ENSG00000177684.4	CDS|exon|gene|start_codon|transcript	3
chr6	49857397	49857400	ENSG00000124812.15	CDS|exon|gene|start_codon|transcript	3
chr6	49787184	49787187	ENSG00000170950.6|ENSG00000235122.4	CDS|exon|gene|start_codon|transcript	3
chr6	52994240	52994243	ENSG00000170899.11	CDS|UTR|exon|gene|regulatory|start_codon|transcript	3
chr6	52984595	52984598	ENSG00000170899.11	CDS|exon|gene|regulatory|start_codon|transcript	3
chr6	52905831	52905834	ENSG00000174156.15	CDS|exon|gene|start_codon|transcript	3
chr6	52902464	52902467	ENSG00000174156.15	CDS|exon|gene|start_codon|transcript	3
chr6	52840810	52840813	ENSG00000182793.12	CDS|exon|gene|start_codon|transcript	3
chr6	52799264	52799267	ENSG00000243955.6	CDS|exon|gene|start_codon|transcript	3
chr6	52757944	52757947	ENSG00000244067.3	CDS|exon|gene|regulatory|start_codon|transcript	3
chr6	52677102	52677105	ENSG00000096092.6	CDS|exon|gene|start_codon|transcript	3
chr6	52576912	52576915	ENSG00000065308.5|ENSG00000225791.7	CDS|exon|gene|regulatory|start_codon|transcript	3
chr6	52452732	52452735	ENSG00000096093.16	CDS|UTR|exon|gene|start_codon|transcript	3
chr6	52438342	52438345	ENSG00000096093.16	CDS|UTR|exon|gene|start_codon|transcript	3
chr6	52423808	52423811	ENSG00000096093.16	CDS|exon|gene|start_codon|transcript	3
chr6	52423795	52423798	ENSG00000096093.16	CDS|UTR|exon|gene|regulatory|repeat|start_codon|transcript	3
chr6	52420410	52420413	ENSG00000096093.16	CDS|UTR|exon|gene|start_codon|transcript	3
chr6	52413120	52413123	ENSG00000096093.16	CDS|exon|gene|repeat|start_codon|transcript	3
chr6	52403213	52403216	ENSG00000096093.16|ENSG00000170915.9	CDS|exon|gene|regulatory|start_codon|transcript	3
chr6	54111479	54111482	ENSG00000146147.15	CDS|exon|gene|start_codon|transcript	3
chr6	54083583	54083586	ENSG00000146147.15	CDS|exon|gene|regulatory|start_codon|transcript	3
chr6	54019028	54019031	ENSG00000146147.15|ENSG00000235050.6	CDS|exon|gene|regulatory|start_codon|transcript	3
chr6	53930220	53930223	ENSG00000146147.15	CDS|exon|gene|start_codon|transcript	3
chr6	53795256	53795259	ENSG00000137269.15	CDS|exon|gene|regulatory|start_codon|transcript	3
chr6	53655269	53655272	ENSG00000124743.6|ENSG00000235899.4	CDS|exon|gene|start_codon|transcript	3
chr6	53544642	53544645	ENSG00000001084.13	CDS|exon|gene|regulatory|start_codon|transcript	3
chr6	53522515	53522518	ENSG00000001084.13	CDS|exon|gene|regulatory|start_codon|transcript	3
chr6	53508708	53508711	ENSG00000001084.13	CDS|UTR|exon|gene|start_codon|transcript	3
chr6	53295696	53295699	ENSG00000012660.14	CDS|exon|gene|start_codon|transcript	3
chr6	53145629	53145632	ENSG00000137270.11	CDS|exon|gene|start_codon|transcript	3
chr6	53073492	53073495	ENSG00000112146.17	CDS|exon|gene|start_codon|transcript	3
chr6	53071023	53071026	ENSG00000112146.17	CDS|exon|gene|regulatory|start_codon|transcript	3
chr6	53065601	53065604	ENSG00000112146.17|ENSG00000288646.1	CDS|UTR|exon|gene|start_codon|transcript	3
chr6	53041382	53041385	ENSG00000112144.16|ENSG00000288614.1	CDS|UTR|exon|gene|start_codon|transcript	3
chr6	53041233	53041236	ENSG00000112144.16	CDS|exon|gene|start_codon|transcript	3
chr6	56843142	56843145	ENSG00000151914.22	CDS|exon|gene|regulatory|start_codon|transcript	3
chr6	56742337	56742340	ENSG00000151914.22	CDS|exon|gene|regulatory|start_codon|transcript	3
chr6	56693146	56693149	ENSG00000151914.22	CDS|exon|gene|start_codon|transcript	3
chr6	56642785	56642788	ENSG00000151914.22	CDS|exon|gene|start_codon|transcript	3
chr6	56541569	56541572	ENSG00000151914.22	CDS|exon|gene|regulatory|start_codon|transcript	3
chr6	56535205	56535208	ENSG00000151914.22	CDS|exon|gene|start_codon|transcript	3
chr6	56182615	56182618	ENSG00000124749.18	CDS|exon|gene|start_codon|transcript	3
chr6	55874862	55874865	ENSG00000112175.8	CDS|exon|gene|start_codon|transcript	3
chr6	55579052	55579055	ENSG00000146151.14	CDS|exon|gene|regulatory|start_codon|transcript	3
chr6	55327554	55327557	ENSG00000187871.2	CDS|exon|gene|start_codon|transcript	3
chr6	55174587	55174590	ENSG00000137252.10	CDS|exon|gene|regulatory|start_codon|transcript	3
chr6	54870246	54870249	ENSG00000168143.9	CDS|exon|gene|start_codon|transcript	3
chr6	54308604	54308607	ENSG00000137251.16	CDS|exon|gene|regulatory|start_codon|transcript	3
chr6	54308550	54308553	ENSG00000137251.16	CDS|exon|gene|start_codon|transcript	3
chr6	54308065	54308068	ENSG00000137251.16	CDS|exon|gene|start_codon|transcript	3
chr6	54124607	54124610	ENSG00000146147.15	CDS|exon|gene|start_codon|transcript	3
chr6	63679857	63679860	ENSG00000118482.12	CDS|exon|gene|start_codon|transcript	3
chr6	63646692	63646695	ENSG00000118482.12	CDS|exon|gene|start_codon|transcript	3
chr6	63646551	63646554	ENSG00000118482.12	CDS|exon|gene|start_codon|transcript	3
chr6	63576880	63576883	ENSG00000112245.13|ENSG00000285976.3	CDS|UTR|exon|gene|start_codon|transcript	3
chr6	63572680	63572683	ENSG00000112245.13|ENSG00000285976.3	CDS|UTR|exon|gene|regulatory|start_codon|transcript	3
chr6	63319940	63319943	ENSG00000146166.17	CDS|exon|gene|start_codon|transcript	3
chr6	63211556	63211559	ENSG00000198225.5	CDS|exon|gene|start_codon|transcript	3
chr6	62285945	62285948	ENSG00000112232.10	CDS|exon|gene|regulatory|start_codon|transcript	3
chr6	57318445	57318448	ENSG00000146143.19	CDS|exon|gene|start_codon|transcript	3
chr6	57210377	57210380	ENSG00000112210.12	CDS|exon|gene|start_codon|transcript	3
chr6	57172697	57172700	ENSG00000112208.11|ENSG00000226803.9	CDS|exon|gene|regulatory|start_codon|transcript	3
chr6	57128833	57128836	ENSG00000112200.17|ENSG00000226803.9	CDS|UTR|exon|gene|start_codon|transcript	3
chr6	57090253	57090256	ENSG00000112200.17	CDS|exon|gene|start_codon|transcript	3
chr6	57046755	57046758	ENSG00000168116.14	CDS|exon|gene|regulatory|start_codon|transcript	3
chr6	56981810	56981813	ENSG00000151917.18	CDS|exon|gene|start_codon|transcript	3
chr6	56954584	56954587	ENSG00000151914.22	CDS|exon|gene|regulatory|start_codon|transcript	3
chr6	70302921	70302924	ENSG00000112280.18	CDS|exon|gene|start_codon|transcript	3
chr6	70283049	70283052	ENSG00000112280.18	CDS|exon|gene|regulatory|start_codon|transcript	3
chr6	69879567	69879570	ENSG00000082293.13	CDS|exon|gene|start_codon|transcript	3
chr6	69796878	69796881	ENSG00000168216.13	CDS|exon|gene|regulatory|start_codon|transcript	3
chr6	69790319	69790322	ENSG00000168216.13	CDS|exon|gene|start_codon|transcript	3
chr6	69235034	69235037	ENSG00000135298.15	CDS|exon|gene|start_codon|transcript	3
chr6	69233128	69233131	ENSG00000135298.15	CDS|UTR|exon|gene|regulatory|start_codon|transcript	3
chr6	69232531	69232534	ENSG00000135298.15	CDS|exon|gene|regulatory|start_codon|transcript	3
chr6	68638675	68638678	ENSG00000135298.15	CDS|exon|gene|start_codon|transcript	3
chr6	68635889	68635892	ENSG00000135298.15|ENSG00000288712.1	CDS|UTR|exon|gene|regulatory|start_codon|transcript	3
chr6	65495407	65495410	ENSG00000188107.15	CDS|exon|gene|start_codon|transcript	3
chr6	65495098	65495101	ENSG00000188107.15	CDS|exon|gene|start_codon|transcript	3
chr6	65302521	65302524	ENSG00000188107.15|ENSG00000214558.5	CDS|exon|gene|start_codon|transcript	3
chr6	63691740	63691743	ENSG00000118482.12	CDS|UTR|exon|gene|start_codon|transcript	3
chr6	63684280	63684283	ENSG00000118482.12	CDS|UTR|exon|gene|start_codon|transcript	3
chr6	63680019	63680022	ENSG00000118482.12	CDS|UTR|exon|gene|start_codon|transcript	3
chr6	73225405	73225408	ENSG00000243501.5|ENSG00000256980.5	CDS|exon|gene|start_codon|transcript	3
chr6	72622189	72622192	ENSG00000185760.18	CDS|exon|gene|regulatory|start_codon|transcript	3
chr6	72390650	72390653	ENSG00000079841.20	CDS|exon|gene|start_codon|transcript	3
chr6	72235692	72235695	ENSG00000079841.20	CDS|exon|gene|start_codon|transcript	3
chr6	72217188	72217191	ENSG00000079841.20	CDS|exon|gene|start_codon|transcript	3
chr6	72213122	72213125	ENSG00000079841.20	CDS|exon|gene|regulatory|start_codon|transcript	3
chr6	71887023	71887026	ENSG00000079841.20	CDS|exon|gene|regulatory|start_codon|transcript	3
chr6	71296722	71296725	ENSG00000119900.9|ENSG00000233237.9	CDS|exon|gene|start_codon|transcript	3
chr6	71288936	71288939	ENSG00000119900.9|ENSG00000233237.9	CDS|exon|gene|regulatory|start_codon|transcript	3
chr6	70956426	70956429	ENSG00000112309.11	CDS|exon|gene|regulatory|start_codon|transcript	3
chr6	70773320	70773323	ENSG00000112305.15	CDS|exon|gene|start_codon|transcript	3
chr6	70668628	70668631	ENSG00000112305.15	CDS|exon|gene|start_codon|transcript	3
chr6	70668023	70668026	ENSG00000112305.15	CDS|exon|gene|start_codon|transcript	3
chr6	70566940	70566943	ENSG00000154079.6	CDS|exon|gene|regulatory|start_codon|transcript	3
chr6	75243827	75243830	ENSG00000112695.13	CDS|exon|gene|regulatory|start_codon|transcript	3
chr6	75243731	75243734	ENSG00000112695.13	CDS|exon|gene|regulatory|start_codon|transcript	3
chr6	75202789	75202792	ENSG00000111799.22	CDS|exon|gene|regulatory|start_codon|transcript	3
chr6	73696215	73696218	ENSG00000156535.15	CDS|exon|gene|regulatory|start_codon|transcript	3
chr6	73653883	73653886	ENSG00000119899.13	CDS|exon|gene|start_codon|transcript	3
chr6	73520023	73520026	ENSG00000156508.19	CDS|exon|gene|start_codon|transcript	3
chr6	73466213	73466216	ENSG00000135297.17	CDS|UTR|exon|gene|start_codon|transcript	3
chr6	73461854	73461857	ENSG00000135297.17	CDS|exon|gene|regulatory|start_codon|transcript	3
chr6	73452178	73452181	ENSG00000164430.17	CDS|exon|gene|regulatory|start_codon|transcript	3
chr6	73394905	73394908	ENSG00000080007.8|ENSG00000203907.10	CDS|UTR|exon|gene|regulatory|start_codon|transcript	3
chr6	73394367	73394370	ENSG00000203907.10	CDS|exon|gene|repeat|start_codon|transcript	3
chr6	73369789	73369792	ENSG00000203907.10|ENSG00000231332.2	CDS|exon|gene|regulatory|start_codon|transcript	3
chr6	73362729	73362732	ENSG00000203908.4	CDS|exon|gene|start_codon|transcript	3
chr6	73354222	73354225	ENSG00000203909.4	CDS|exon|gene|start_codon|transcript	3
chr6	73309711	73309714	ENSG00000135314.14	CDS|exon|gene|regulatory|start_codon|transcript	3
chr6	73242514	73242517	ENSG00000135314.14|ENSG00000243501.5	CDS|exon|gene|start_codon|transcript	3
chr6	79518891	79518894	ENSG00000135338.14|ENSG00000231533.2	CDS|exon|gene|start_codon|transcript	3
chr6	79234557	79234560	ENSG00000118418.16|ENSG00000270362.2	CDS|exon|gene|regulatory|start_codon|transcript	3
chr6	79078065	79078068	ENSG00000146247.15|ENSG00000286340.3	CDS|exon|gene|start_codon|transcript	3
chr6	78872081	78872084	ENSG00000146243.14	CDS|exon|gene|repeat|start_codon|transcript	3
chr6	78867576	78867579	ENSG00000146243.14	CDS|exon|gene|regulatory|start_codon|transcript	3
chr6	77690671	77690674	ENSG00000269964.4	CDS|exon|gene|start_codon|transcript	3
chr6	77463400	77463403	ENSG00000135312.7	CDS|exon|gene|regulatory|start_codon|transcript	3
chr6	76072485	76072488	ENSG00000112706.12	CDS|UTR|exon|gene|start_codon|transcript	3
chr6	76041935	76041938	ENSG00000112706.12	CDS|exon|gene|start_codon|transcript	3
chr6	75817547	75817550	ENSG00000196586.17	CDS|exon|gene|start_codon|transcript	3
chr6	75633700	75633703	ENSG00000112701.18	CDS|UTR|exon|gene|start_codon|transcript	3
chr6	75602524	75602527	ENSG00000112701.18	CDS|exon|gene|regulatory|start_codon|transcript	3
chr6	75414969	75414972	ENSG00000118407.15	CDS|exon|gene|start_codon|transcript	3
chr6	75362893	75362896	ENSG00000118407.15|ENSG00000237174.7	CDS|exon|gene|regulatory|start_codon|transcript	3
chr6	75284635	75284638	ENSG00000112697.17	CDS|exon|gene|regulatory|start_codon|transcript	3
chr6	75265323	75265326	ENSG00000112697.17	CDS|UTR|exon|gene|start_codon|transcript	3
chr6	83430951	83430954	ENSG00000065833.9	CDS|exon|gene|start_codon|transcript	3
chr6	83194451	83194454	ENSG00000013392.8	CDS|exon|gene|regulatory|start_codon|transcript	3
chr6	83191265	83191268	ENSG00000013375.17	CDS|UTR|exon|gene|regulatory|start_codon|transcript	3
chr6	83191009	83191012	ENSG00000013375.17	CDS|exon|gene|regulatory|start_codon|transcript	3
chr6	83188756	83188759	ENSG00000013375.17	CDS|UTR|exon|gene|start_codon|transcript	3
chr6	83096977	83096980	ENSG00000083097.15	CDS|exon|gene|start_codon|transcript	3
chr6	83065715	83065718	ENSG00000118420.17	CDS|exon|gene|regulatory|start_codon|transcript	3
chr6	82364961	82364964	ENSG00000146242.9	CDS|exon|gene|regulatory|start_codon|transcript	3
chr6	82240483	82240486	ENSG00000005700.15	CDS|exon|gene|regulatory|start_codon|transcript	3
chr6	81752771	81752774	ENSG00000112773.16	CDS|exon|gene|regulatory|start_codon|transcript	3
chr6	81752392	81752395	ENSG00000112773.16	CDS|exon|gene|regulatory|start_codon|transcript	3
chr6	81752138	81752141	ENSG00000112773.16	CDS|exon|gene|start_codon|transcript	3
chr6	80106693	80106696	ENSG00000083123.15	CDS|exon|gene|regulatory|start_codon|transcript	3
chr6	80005843	80005846	ENSG00000112742.10	CDS|exon|gene|start_codon|transcript	3
chr6	79947276	79947279	ENSG00000118402.6	CDS|exon|gene|regulatory|start_codon|transcript	3
chr6	79631461	79631464	ENSG00000198478.8	CDS|exon|gene|start_codon|transcript	3
chr6	85641436	85641439	ENSG00000135316.20|ENSG00000271793.2	CDS|exon|gene|start_codon|transcript	3
chr6	85640298	85640301	ENSG00000135316.20|ENSG00000271793.2	CDS|exon|gene|start_codon|transcript	3
chr6	85593715	85593718	ENSG00000135317.14|ENSG00000271793.2	CDS|exon|gene|start_codon|transcript	3
chr6	85574359	85574362	ENSG00000135317.14|ENSG00000271793.2	CDS|UTR|exon|gene|start_codon|transcript	3
chr6	85450139	85450142	ENSG00000135318.12	CDS|exon|gene|regulatory|start_codon|transcript	3
chr6	84764178	84764181	ENSG00000112837.17	CDS|exon|gene|regulatory|start_codon|transcript	3
chr6	84762563	84762566	ENSG00000112837.17	CDS|exon|gene|regulatory|start_codon|transcript	3
chr6	84226390	84226393	ENSG00000135315.12	CDS|exon|gene|start_codon|transcript	3
chr6	84215863	84215866	ENSG00000135315.12	CDS|UTR|exon|gene|start_codon|transcript	3
chr6	84055318	84055321	ENSG00000135324.6	CDS|exon|gene|start_codon|transcript	3
chr6	83864201	83864204	ENSG00000065615.14	CDS|exon|gene|start_codon|transcript	3
chr6	83859782	83859785	ENSG00000065615.14	CDS|UTR|exon|gene|regulatory|start_codon|transcript	3
chr6	83854096	83854099	ENSG00000203877.9|ENSG00000287705.1	CDS|exon|gene|start_codon|transcript	3
chr6	83853416	83853419	ENSG00000203877.9|ENSG00000287705.1	CDS|exon|gene|regulatory|start_codon|transcript	3
chr6	83707924	83707927	ENSG00000065609.15	CDS|exon|gene|regulatory|start_codon|transcript	3
chr6	83523441	83523444	ENSG00000146250.7	CDS|exon|gene|start_codon|transcript	3
chr6	87524588	87524591	ENSG00000146282.19	CDS|UTR|exon|gene|start_codon|transcript	3
chr6	87520211	87520214	ENSG00000146282.19	CDS|UTR|exon|gene|start_codon|transcript	3
chr6	87520192	87520195	ENSG00000146282.19	CDS|UTR|exon|gene|start_codon|transcript	3
chr6	87473003	87473006	ENSG00000164414.19|ENSG00000213204.8	CDS|exon|gene|regulatory|start_codon|transcript	3
chr6	87409839	87409842	ENSG00000213204.8|ENSG00000272514.6	CDS|exon|gene|start_codon|transcript	3
chr6	87356339	87356342	ENSG00000111850.11|ENSG00000203872.7	CDS|exon|gene|start_codon|transcript	3
chr6	87345099	87345102	ENSG00000111850.11|ENSG00000203872.7	CDS|exon|gene|start_codon|transcript	3
chr6	87337031	87337034	ENSG00000111850.11	CDS|exon|gene|start_codon|transcript	3
chr6	87284909	87284912	ENSG00000164411.12	CDS|exon|gene|start_codon|transcript	3
chr6	87155196	87155199	ENSG00000188994.14|ENSG00000272008.1	CDS|UTR|exon|gene|start_codon|transcript	3
chr6	87088197	87088200	ENSG00000135346.9	CDS|UTR|exon|gene|start_codon|transcript	3
chr6	87088178	87088181	ENSG00000135346.9	CDS|exon|gene|start_codon|transcript	3
chr6	87015334	87015337	ENSG00000168830.8	CDS|exon|gene|start_codon|transcript	3
chr6	85642946	85642949	ENSG00000135316.20|ENSG00000271793.2	CDS|UTR|exon|gene|regulatory|start_codon|transcript	3
chr6	89315162	89315165	ENSG00000111886.11	CDS|exon|gene|start_codon|transcript	3
chr6	89217319	89217322	ENSG00000146276.13	CDS|exon|gene|start_codon|transcript	3
chr6	89201174	89201177	ENSG00000146276.13	CDS|UTR|exon|gene|start_codon|transcript	3
chr6	89146144	89146147	ENSG00000146281.6	CDS|exon|gene|regulatory|start_codon|transcript	3
chr6	89117884	89117887	ENSG00000154548.9	CDS|exon|gene|regulatory|start_codon|transcript	3
chr6	89083767	89083770	ENSG00000146278.11	CDS|exon|gene|regulatory|start_codon|transcript	3
chr6	89080894	89080897	ENSG00000146278.11	CDS|UTR|exon|gene|regulatory|start_codon|transcript	3
chr6	88963406	88963409	ENSG00000111880.16	CDS|exon|gene|regulatory|start_codon|transcript	3
chr6	88145271	88145274	ENSG00000118432.13	CDS|exon|gene|start_codon|transcript	3
chr6	88047905	88047908	ENSG00000118434.9	CDS|exon|gene|regulatory|start_codon|transcript	3
chr6	87701681	87701684	ENSG00000135334.9	CDS|exon|gene|regulatory|start_codon|transcript	3
chr6	87653116	87653119	ENSG00000135336.16	CDS|exon|gene|regulatory|start_codon|transcript	3
chr6	87607674	87607677	ENSG00000135336.16	CDS|exon|gene|start_codon|transcript	3
chr6	87590168	87590171	ENSG00000135336.16	CDS|UTR|exon|gene|regulatory|start_codon|transcript	3
chr6	87589954	87589957	ENSG00000146282.19	CDS|UTR|exon|gene|regulatory|start_codon|transcript	3
chr6	87545622	87545625	ENSG00000146282.19	CDS|UTR|exon|gene|start_codon|transcript	3
chr6	96203155	96203158	ENSG00000172461.11|ENSG00000233797.4	CDS|exon|gene|start_codon|transcript	3
chr6	95586439	95586442	ENSG00000172469.17	CDS|exon|gene|start_codon|transcript	3
chr6	93419338	93419341	ENSG00000135333.15|ENSG00000287683.1	CDS|exon|gene|regulatory|start_codon|transcript	3
chr6	93411101	93411104	ENSG00000135333.15	CDS|exon|gene|start_codon|transcript	3
chr6	90586880	90586883	ENSG00000135341.19	CDS|UTR|exon|gene|regulatory|start_codon|transcript	3
chr6	90561652	90561655	ENSG00000135341.19	CDS|UTR|exon|gene|start_codon|transcript	3
chr6	90008841	90008844	ENSG00000112182.16	CDS|exon|gene|start_codon|transcript	3
chr6	89894468	89894471	ENSG00000135355.4	CDS|exon|gene|start_codon|transcript	3
chr6	89846589	89846592	ENSG00000118412.13	CDS|exon|gene|start_codon|transcript	3
chr6	89819604	89819607	ENSG00000112159.13	CDS|exon|gene|regulatory|start_codon|transcript	3
chr6	89638713	89638716	ENSG00000083099.11	CDS|exon|gene|regulatory|start_codon|transcript	3
chr6	89598137	89598140	ENSG00000083099.11|ENSG00000135299.18	CDS|exon|gene|regulatory|start_codon|transcript	3
chr6	89566976	89566979	ENSG00000135299.18|ENSG00000237027.1	CDS|UTR|exon|gene|regulatory|start_codon|transcript	3
chr6	89411990	89411993	ENSG00000025039.15	CDS|UTR|exon|gene|regulatory|start_codon|transcript	3
chr6	89380355	89380358	ENSG00000025039.15	CDS|exon|gene|start_codon|transcript	3
chr6	89352566	89352569	ENSG00000198833.7	CDS|exon|gene|regulatory|start_codon|transcript	3
chr6	99414656	99414659	ENSG00000132424.17	CDS|UTR|exon|gene|start_codon|transcript	3
chr6	99412668	99412671	ENSG00000132424.17	CDS|exon|gene|start_codon|transcript	3
chr6	99394176	99394179	ENSG00000132423.12	CDS|exon|gene|start_codon|transcript	3
chr6	99377427	99377430	ENSG00000132423.12	CDS|exon|gene|start_codon|transcript	3
chr6	99349369	99349372	ENSG00000146267.12	CDS|exon|gene|regulatory|start_codon|transcript	3
chr6	99291800	99291803	ENSG00000146267.12	CDS|exon|gene|start_codon|transcript	3
chr6	98926985	98926988	ENSG00000112234.9	CDS|exon|gene|start_codon|transcript	3
chr6	98834873	98834876	ENSG00000184486.10	CDS|exon|gene|regulatory|start_codon|transcript	3
chr6	97282474	97282477	ENSG00000146263.12	CDS|exon|gene|regulatory|start_codon|transcript	3
chr6	97127441	97127444	ENSG00000186231.17	CDS|UTR|exon|gene|start_codon|transcript	3
chr6	97064704	97064707	ENSG00000186231.17	CDS|UTR|exon|gene|start_codon|transcript	3
chr6	96967060	96967063	ENSG00000186231.17	CDS|UTR|exon|gene|regulatory|start_codon|transcript	3
chr6	96897798	96897801	ENSG00000123545.6	CDS|exon|gene|regulatory|start_codon|transcript	3
chr6	96799728	96799731	ENSG00000112218.9	CDS|exon|gene|start_codon|transcript	3
chr6	96603613	96603616	ENSG00000112214.11	CDS|exon|gene|start_codon|transcript	3
chr6	96521873	96521876	ENSG00000014123.10	CDS|exon|gene|regulatory|start_codon|transcript	3
chr6	105133574	105133577	ENSG00000112276.14	CDS|exon|gene|start_codon|transcript	3
chr6	104957250	104957253	ENSG00000187772.8	CDS|exon|gene|regulatory|start_codon|transcript	3
chr6	104950475	104950478	ENSG00000187772.8	CDS|exon|gene|start_codon|transcript	3
chr6	104937098	104937101	ENSG00000187772.8|ENSG00000203809.7	CDS|exon|gene|regulatory|repeat|start_codon|transcript	3
chr6	104859639	104859642	ENSG00000085382.12	CDS|exon|gene|regulatory|start_codon|transcript	3
chr6	104852342	104852345	ENSG00000085382.12	CDS|UTR|exon|gene|start_codon|transcript	3
chr6	101399277	101399280	ENSG00000164418.22	CDS|exon|gene|start_codon|transcript	3
chr6	100867994	100867997	ENSG00000112249.14	CDS|exon|gene|start_codon|transcript	3
chr6	100463465	100463468	ENSG00000112246.10	CDS|exon|gene|start_codon|transcript	3
chr6	99956144	99956147	ENSG00000152034.11	CDS|exon|gene|start_codon|transcript	3
chr6	99607034	99607037	ENSG00000112238.12	CDS|exon|gene|regulatory|start_codon|transcript	3
chr6	99568524	99568527	ENSG00000112237.13|ENSG00000279170.3	CDS|UTR|exon|gene|regulatory|start_codon|transcript	3
chr6	99561402	99561405	ENSG00000112237.13|ENSG00000279170.3	CDS|UTR|exon|gene|start_codon|transcript	3
chr6	99526078	99526081	ENSG00000279170.3	CDS|exon|gene|start_codon|transcript	3
chr6	99521074	99521077	ENSG00000123552.18|ENSG00000279170.3	CDS|UTR|exon|gene|regulatory|start_codon|transcript	3
chr6	99510217	99510220	ENSG00000123552.18	CDS|exon|gene|start_codon|transcript	3
chr6	106629018	106629021	ENSG00000130347.13	CDS|exon|gene|regulatory|start_codon|transcript	3
chr6	106541217	106541220	ENSG00000112297.18	CDS|exon|gene|repeat|start_codon|transcript	3
chr6	106461787	106461790	ENSG00000112297.18	CDS|exon|gene|start_codon|transcript	3
chr6	106360908	106360911	ENSG00000112297.18	CDS|exon|gene|regulatory|start_codon|transcript	3
chr6	106316205	106316208	ENSG00000057663.16	CDS|UTR|exon|gene|start_codon|transcript	3
chr6	106099085	106099088	ENSG00000057657.17|ENSG00000057663.16	CDS|exon|gene|start_codon|transcript	3
chr6	106098673	106098676	ENSG00000057657.17|ENSG00000057663.16	CDS|exon|gene|regulatory|start_codon|transcript	3
chr6	106088266	106088269	ENSG00000057657.17|ENSG00000057663.16	CDS|exon|gene|start_codon|transcript	3
chr6	106087846	106087849	ENSG00000057657.17|ENSG00000057663.16	CDS|UTR|exon|gene|regulatory|start_codon|transcript	3
chr6	106086553	106086556	ENSG00000057657.17|ENSG00000057663.16	CDS|exon|gene|start_codon|transcript	3
chr6	105402888	105402891	ENSG00000085377.15	CDS|exon|gene|regulatory|start_codon|transcript	3
chr6	105377438	105377441	ENSG00000085377.15	CDS|exon|gene|start_codon|transcript	3
chr6	105161906	105161909	ENSG00000132429.10|ENSG00000203808.13	CDS|exon|gene|start_codon|transcript	3
chr6	105159839	105159842	ENSG00000132429.10|ENSG00000203808.13	CDS|exon|gene|start_codon|transcript	3
chr6	108166765	108166768	ENSG00000112333.12	CDS|exon|gene|regulatory|start_codon|transcript	3
chr6	108074648	108074651	ENSG00000081087.16	CDS|exon|gene|regulatory|start_codon|transcript	3
chr6	108064257	108064260	ENSG00000081087.16	CDS|UTR|exon|gene|start_codon|transcript	3
chr6	107958006	107958009	ENSG00000025796.14|ENSG00000272476.1	CDS|exon|gene|start_codon|transcript	3
chr6	107929467	107929470	ENSG00000025796.14	CDS|UTR|exon|gene|start_codon|transcript	3
chr6	107772324	107772327	ENSG00000146285.15	CDS|exon|gene|start_codon|transcript	3
chr6	107755636	107755639	ENSG00000146285.15	CDS|exon|gene|start_codon|transcript	3
chr6	107749792	107749795	ENSG00000146285.15	CDS|exon|gene|start_codon|transcript	3
chr6	107720946	107720949	ENSG00000146285.15	CDS|exon|gene|start_codon|transcript	3
chr6	107490616	107490619	ENSG00000112320.12	CDS|exon|gene|regulatory|start_codon|transcript	3
chr6	107459282	107459285	ENSG00000164494.12	CDS|exon|gene|regulatory|start_codon|transcript	3
chr6	107099282	107099285	ENSG00000178409.14	CDS|exon|gene|start_codon|transcript	3
chr6	107039760	107039763	ENSG00000130349.10	CDS|exon|gene|start_codon|transcript	3
chr6	106974643	106974646	ENSG00000272398.6	CDS|exon|gene|regulatory|start_codon|transcript	3
chr6	106973882	106973885	ENSG00000272398.6	CDS|exon|gene|regulatory|start_codon|transcript	3
chr6	106629681	106629684	ENSG00000130348.11	CDS|exon|gene|regulatory|start_codon|transcript	3
chr6	109381573	109381576	ENSG00000135535.17	CDS|exon|gene|regulatory|start_codon|transcript	3
chr6	109150191	109150194	ENSG00000183137.16	CDS|exon|gene|start_codon|transcript	3
chr6	109145221	109145224	ENSG00000183137.16	CDS|exon|gene|start_codon|transcript	3
chr6	109129486	109129489	ENSG00000183137.16	CDS|UTR|exon|gene|repeat|start_codon|transcript	3
chr6	109094070	109094073	ENSG00000080546.14	CDS|exon|gene|regulatory|start_codon|transcript	3
chr6	109009457	109009460	ENSG00000080546.14	CDS|exon|gene|regulatory|start_codon|transcript	3
chr6	109001455	109001458	ENSG00000080546.14	CDS|exon|gene|regulatory|start_codon|transcript	3
chr6	108876174	108876177	ENSG00000118690.13	CDS|exon|gene|start_codon|transcript	3
chr6	108854267	108854270	ENSG00000118690.13	CDS|UTR|exon|gene|start_codon|transcript	3
chr6	108663493	108663496	ENSG00000118689.15	CDS|exon|gene|start_codon|transcript	3
chr6	108561208	108561211	ENSG00000118689.15	CDS|exon|gene|start_codon|transcript	3
chr6	108319751	108319754	ENSG00000135537.17	CDS|exon|gene|repeat|start_codon|transcript	3
chr6	108295079	108295082	ENSG00000135537.17	CDS|exon|gene|start_codon|transcript	3
chr6	108260918	108260921	ENSG00000112335.15	CDS|exon|gene|regulatory|start_codon|transcript	3
chr6	108174910	108174913	ENSG00000112333.12	CDS|exon|gene|start_codon|transcript	3
chr6	108168026	108168029	ENSG00000112333.12	CDS|exon|gene|start_codon|transcript	3
chr6	109979112	109979115	ENSG00000146360.9	CDS|exon|gene|regulatory|start_codon|transcript	3
chr6	109978775	109978778	ENSG00000146360.9	CDS|exon|gene|regulatory|start_codon|transcript	3
chr6	109765072	109765075	ENSG00000112367.12	CDS|UTR|exon|gene|start_codon|transcript	3
chr6	109743163	109743166	ENSG00000112367.12	CDS|UTR|exon|gene|start_codon|transcript	3
chr6	109727164	109727167	ENSG00000112367.12	CDS|UTR|exon|gene|start_codon|transcript	3
chr6	109716510	109716513	ENSG00000112367.12	CDS|UTR|exon|gene|start_codon|transcript	3
chr6	109691435	109691438	ENSG00000112367.12	CDS|UTR|exon|gene|regulatory|start_codon|transcript	3
chr6	109675742	109675745	ENSG00000155085.16	CDS|exon|gene|start_codon|transcript	3
chr6	109672114	109672117	ENSG00000155085.16	CDS|exon|gene|start_codon|transcript	3
chr6	109550287	109550290	ENSG00000155085.16	CDS|exon|gene|start_codon|transcript	3
chr6	109482023	109482026	ENSG00000112365.6	CDS|exon|gene|start_codon|transcript	3
chr6	109465674	109465677	ENSG00000112365.6|ENSG00000135596.18	CDS|UTR|exon|gene|start_codon|transcript	3
chr6	109454193	109454196	ENSG00000135596.18	CDS|exon|gene|start_codon|transcript	3
chr6	109441121	109441124	ENSG00000135587.9|ENSG00000185250.16	CDS|UTR|exon|gene|regulatory|start_codon|transcript	3
chr6	109440587	109440590	ENSG00000185250.16	CDS|exon|gene|regulatory|start_codon|transcript	3
chr6	109382375	109382378	ENSG00000135535.17	CDS|exon|gene|regulatory|start_codon|transcript	3
chr6	110982106	110982109	ENSG00000197498.13	CDS|exon|gene|regulatory|start_codon|transcript	3
chr6	110958769	110958772	ENSG00000155115.7	CDS|exon|gene|regulatory|start_codon|transcript	3
chr6	110888866	110888869	ENSG00000123505.19	CDS|exon|gene|start_codon|transcript	3
chr6	110875105	110875108	ENSG00000123505.19	CDS|UTR|exon|gene|regulatory|start_codon|transcript	3
chr6	110815133	110815136	ENSG00000155111.15	CDS|UTR|exon|gene|regulatory|start_codon|transcript	3
chr6	110746146	110746149	ENSG00000155111.15	CDS|exon|gene|start_codon|transcript	3
chr6	110476571	110476574	ENSG00000004809.14	CDS|exon|gene|regulatory|start_codon|transcript	3
chr6	110456938	110456941	ENSG00000004809.14	CDS|UTR|exon|gene|start_codon|transcript	3
chr6	110456919	110456922	ENSG00000004809.14	CDS|exon|gene|start_codon|transcript	3
chr6	110415543	110415546	ENSG00000203797.12	CDS|UTR|exon|gene|start_codon|transcript	3
chr6	110413459	110413462	ENSG00000203797.12	CDS|exon|gene|start_codon|transcript	3
chr6	110358269	110358272	ENSG00000053328.9	CDS|exon|gene|start_codon|transcript	3
chr6	110180444	110180447	ENSG00000168438.15	CDS|exon|gene|regulatory|start_codon|transcript	3
chr6	110127598	110127601	ENSG00000112290.13	CDS|exon|gene|start_codon|transcript	3
chr6	112254147	112254150	ENSG00000112769.20|ENSG00000226440.7|ENSG00000281613.2	CDS|exon|gene|regulatory|start_codon|transcript	3
chr6	112099283	112099286	ENSG00000203778.8	CDS|exon|gene|start_codon|transcript	3
chr6	112087431	112087434	ENSG00000074935.14	CDS|exon|gene|regulatory|start_codon|transcript	3
chr6	112054357	112054360	ENSG00000112761.22	CDS|exon|gene|regulatory|start_codon|transcript	3
chr6	112054303	112054306	ENSG00000112761.22	CDS|UTR|exon|gene|regulatory|start_codon|transcript	3
chr6	111720048	111720051	ENSG00000010810.18	CDS|exon|gene|start_codon|transcript	3
chr6	111601211	111601214	ENSG00000056972.21|ENSG00000255389.1	CDS|UTR|exon|gene|regulatory|start_codon|transcript	3
chr6	111592083	111592086	ENSG00000056972.21|ENSG00000231889.9	CDS|exon|gene|regulatory|start_codon|transcript	3
chr6	111566548	111566551	ENSG00000056972.21|ENSG00000231889.9	CDS|exon|gene|regulatory|start_codon|transcript	3
chr6	111482885	111482888	ENSG00000009413.17	CDS|UTR|exon|gene|regulatory|start_codon|transcript	3
chr6	111416374	111416377	ENSG00000009413.17|ENSG00000173214.7	CDS|UTR|exon|gene|start_codon|transcript	3
chr6	111262403	111262406	ENSG00000173214.7	CDS|exon|gene|start_codon|transcript	3
chr6	111259700	111259703	ENSG00000173214.7	CDS|exon|gene|regulatory|start_codon|transcript	3
chr6	111206591	111206594	ENSG00000112394.18	CDS|exon|gene|start_codon|transcript	3
chr6	111087752	111087755	ENSG00000112394.18	CDS|exon|gene|regulatory|start_codon|transcript	3
chr6	110985081	110985084	ENSG00000197498.13	CDS|exon|gene|start_codon|transcript	3
chr6	116543813	116543816	ENSG00000164451.14|ENSG00000173626.10	CDS|UTR|exon|gene|start_codon|transcript	3
chr6	116511696	116511699	ENSG00000173626.10|ENSG00000178033.6	CDS|exon|gene|regulatory|start_codon|transcript	3
chr6	116500651	116500654	ENSG00000173626.10	CDS|exon|gene|start_codon|transcript	3
chr6	116461929	116461932	ENSG00000188820.13|ENSG00000244158.1|ENSG00000285446.1	CDS|exon|gene|start_codon|transcript	3
chr6	116461420	116461423	ENSG00000188820.13|ENSG00000244158.1|ENSG00000285446.1	CDS|UTR|exon|gene|regulatory|start_codon|transcript	3
chr6	116399250	116399253	ENSG00000111817.19	CDS|exon|gene|start_codon|transcript	3
chr6	116279827	116279830	ENSG00000111817.19|ENSG00000189241.8	CDS|exon|gene|regulatory|start_codon|transcript	3
chr6	116254005	116254008	ENSG00000187189.11	CDS|exon|gene|regulatory|start_codon|transcript	3
chr6	116125489	116125492	ENSG00000123500.10|ENSG00000178425.14	CDS|exon|gene|start_codon|transcript	3
chr6	116100930	116100933	ENSG00000178425.14	CDS|exon|gene|start_codon|transcript	3
chr6	116060308	116060311	ENSG00000111816.8|ENSG00000289376.2	CDS|exon|gene|regulatory|start_codon|transcript	3
chr6	114062842	114062845	ENSG00000228624.8|ENSG00000249853.9	CDS|exon|gene|regulatory|start_codon|transcript	3
chr6	113970905	113970908	ENSG00000196591.12|ENSG00000228624.8	CDS|UTR|exon|gene|regulatory|start_codon|transcript	3
chr6	113959977	113959980	ENSG00000196591.12	CDS|exon|gene|start_codon|transcript	3
chr6	113857745	113857748	ENSG00000277443.3	CDS|exon|gene|regulatory|start_codon|transcript	3
chr6	112349708	112349711	ENSG00000251258.2|ENSG00000281613.2	CDS|exon|gene|start_codon|transcript	3
chr6	117482781	117482784	ENSG00000164465.19|ENSG00000282218.1	CDS|exon|gene|regulatory|start_codon|transcript	3
chr6	117425653	117425656	ENSG00000047936.11|ENSG00000282218.1	CDS|exon|gene|regulatory|start_codon|transcript	3
chr6	117265763	117265766	ENSG00000170162.14	CDS|exon|gene|regulatory|start_codon|transcript	3
chr6	116877275	116877278	ENSG00000185002.10	CDS|exon|gene|regulatory|start_codon|transcript	3
chr6	116829010	116829013	ENSG00000173612.10	CDS|exon|gene|start_codon|transcript	3
chr6	116765573	116765576	ENSG00000183807.8	CDS|exon|gene|regulatory|start_codon|transcript	3
chr6	116689324	116689327	ENSG00000196911.12	CDS|UTR|exon|gene|start_codon|transcript	3
chr6	116681334	116681337	ENSG00000196911.12	CDS|UTR|exon|gene|regulatory|start_codon|transcript	3
chr6	116667189	116667192	ENSG00000153975.10	CDS|exon|gene|regulatory|start_codon|transcript	3
chr6	116616623	116616626	ENSG00000111834.13	CDS|exon|gene|start_codon|transcript	3
chr6	116588859	116588862	ENSG00000111832.13	CDS|exon|gene|start_codon|transcript	3
chr6	116571582	116571585	ENSG00000111832.13	CDS|UTR|exon|gene|regulatory|start_codon|transcript	3
chr6	116557824	116557827	ENSG00000164451.14	CDS|exon|gene|start_codon|transcript	3
chr6	116554222	116554225	ENSG00000164451.14	CDS|exon|gene|start_codon|transcript	3
chr6	116553793	116553796	ENSG00000164451.14	CDS|exon|gene|start_codon|transcript	3
chr6	116545511	116545514	ENSG00000164451.14|ENSG00000173626.10	CDS|exon|gene|start_codon|transcript	3
chr6	121334427	121334430	ENSG00000146350.14	CDS|exon|gene|regulatory|start_codon|transcript	3
chr6	119349062	119349065	ENSG00000111885.7	CDS|exon|gene|regulatory|start_codon|transcript	3
chr6	119078296	119078299	ENSG00000111879.20|ENSG00000253194.2	CDS|UTR|exon|gene|regulatory|start_codon|transcript	3
chr6	119078167	119078170	ENSG00000111879.20|ENSG00000253194.2	CDS|exon|gene|regulatory|start_codon|transcript	3
chr6	119024609	119024612	ENSG00000111879.20|ENSG00000253194.2	CDS|exon|gene|start_codon|transcript	3
chr6	118975952	118975955	ENSG00000111879.20|ENSG00000253194.2	CDS|exon|gene|start_codon|transcript	3
chr6	118931720	118931723	ENSG00000111877.18	CDS|exon|gene|start_codon|transcript	3
chr6	118894413	118894416	ENSG00000111875.8|ENSG00000111877.18	CDS|exon|gene|regulatory|start_codon|transcript	3
chr6	118652778	118652781	ENSG00000111860.14	CDS|exon|gene|start_codon|transcript	3
chr6	118651266	118651269	ENSG00000111860.14	CDS|exon|gene|start_codon|transcript	3
chr6	118566239	118566242	ENSG00000111860.14|ENSG00000286339.1	CDS|exon|gene|start_codon|transcript	3
chr6	118558921	118558924	ENSG00000111860.14|ENSG00000198523.6	CDS|exon|gene|regulatory|start_codon|transcript	3
chr6	118154448	118154451	ENSG00000196376.11	CDS|exon|gene|start_codon|transcript	3
chr6	117907726	117907729	ENSG00000196376.11	CDS|exon|gene|regulatory|repeat|start_codon|transcript	3
chr6	117675670	117675673	ENSG00000153989.8	CDS|exon|gene|regulatory|start_codon|transcript	3
chr6	117602285	117602288	ENSG00000047932.14	CDS|exon|gene|regulatory|start_codon|transcript	3
chr6	124962544	124962547	ENSG00000146373.17|ENSG00000236548.3	CDS|UTR|exon|gene|regulatory|repeat|start_codon|transcript	3
chr6	123804200	123804203	ENSG00000188580.16	CDS|exon|gene|regulatory|start_codon|transcript	3
chr6	123636772	123636775	ENSG00000186439.15|ENSG00000285941.1	CDS|exon|gene|start_codon|transcript	3
chr6	123570953	123570956	ENSG00000186439.15	CDS|exon|gene|regulatory|start_codon|transcript	3
chr6	123011033	123011036	ENSG00000146352.13	CDS|exon|gene|start_codon|transcript	3
chr6	122997777	122997780	ENSG00000146352.13	CDS|exon|gene|regulatory|start_codon|transcript	3
chr6	122796890	122796893	ENSG00000172594.13	CDS|exon|gene|start_codon|transcript	3
chr6	122789346	122789349	ENSG00000172594.13	CDS|UTR|exon|gene|regulatory|start_codon|transcript	3
chr6	122779794	122779797	ENSG00000164434.12	CDS|exon|gene|start_codon|transcript	3
chr6	122717794	122717797	ENSG00000135549.16|ENSG00000287818.1	CDS|exon|gene|start_codon|transcript	3
chr6	122717767	122717770	ENSG00000135549.16|ENSG00000287818.1	CDS|exon|gene|start_codon|transcript	3
chr6	122701487	122701490	ENSG00000135549.16	CDS|exon|gene|start_codon|transcript	3
chr6	122701081	122701084	ENSG00000135549.16	CDS|UTR|exon|gene|start_codon|transcript	3
chr6	122471734	122471737	ENSG00000111897.7	CDS|exon|gene|regulatory|start_codon|transcript	3
chr6	122399737	122399740	ENSG00000025156.13	CDS|exon|gene|start_codon|transcript	3
chr6	121446847	121446850	ENSG00000152661.9	CDS|exon|gene|start_codon|transcript	3
chr6	126340273	126340276	ENSG00000203760.9|ENSG00000293110.1	CDS|exon|gene|start_codon|transcript	3
chr6	125996017	125996020	ENSG00000066651.20	CDS|exon|gene|start_codon|transcript	3
chr6	125956977	125956980	ENSG00000111911.7	CDS|exon|gene|repeat|start_codon|transcript	3
chr6	125919356	125919359	ENSG00000111912.20	CDS|exon|gene|start_codon|transcript	3
chr6	125874929	125874932	ENSG00000111912.20	CDS|exon|gene|start_codon|transcript	3
chr6	125815354	125815357	ENSG00000111912.20|ENSG00000232131.1	CDS|UTR|exon|gene|regulatory|start_codon|transcript	3
chr6	125751855	125751858	ENSG00000135547.9	CDS|exon|gene|regulatory|start_codon|transcript	3
chr6	125749776	125749779	ENSG00000135547.9	CDS|exon|gene|regulatory|start_codon|transcript	3
chr6	125301929	125301932	ENSG00000111906.18	CDS|exon|gene|start_codon|transcript	3
chr6	125220145	125220148	ENSG00000111906.18|ENSG00000111907.21	CDS|exon|gene|start_codon|transcript	3
chr6	125153951	125153954	ENSG00000111907.21	CDS|exon|gene|regulatory|start_codon|transcript	3
chr6	125076689	125076692	ENSG00000146373.17	CDS|UTR|exon|gene|start_codon|transcript	3
chr6	125009276	125009279	ENSG00000146373.17	CDS|exon|gene|start_codon|transcript	3
chr6	124963327	124963330	ENSG00000146373.17	CDS|exon|gene|regulatory|start_codon|transcript	3
chr6	128883245	128883248	ENSG00000196569.14	CDS|exon|gene|regulatory|start_codon|transcript	3
chr6	128520355	128520358	ENSG00000152894.15	CDS|exon|gene|regulatory|start_codon|transcript	3
chr6	127900929	127900932	ENSG00000172673.12	CDS|exon|gene|start_codon|transcript	3
chr6	127855171	127855174	ENSG00000172673.12	CDS|UTR|exon|gene|start_codon|transcript	3
chr6	127855039	127855042	ENSG00000172673.12	CDS|exon|gene|start_codon|transcript	3
chr6	127577185	127577188	ENSG00000184530.9	CDS|exon|gene|start_codon|transcript	3
chr6	127516611	127516614	ENSG00000214338.11|ENSG00000255330.9	CDS|exon|gene|regulatory|start_codon|transcript	3
chr6	127453978	127453981	ENSG00000189367.15|ENSG00000255330.9	CDS|UTR|exon|gene|regulatory|start_codon|transcript	3
chr6	127342368	127342371	ENSG00000093144.19	CDS|UTR|exon|gene|regulatory|start_codon|transcript	3
chr6	127331025	127331028	ENSG00000093144.19	CDS|exon|gene|start_codon|transcript	3
chr6	127286616	127286619	ENSG00000118518.17	CDS|UTR|exon|gene|start_codon|transcript	3
chr6	127119192	127119195	ENSG00000146374.14|ENSG00000293110.1	CDS|exon|gene|start_codon|transcript	3
chr6	160702304	160702307	ENSG00000122194.20	CDS|exon|gene|regulatory|start_codon|transcript	3
chr6	160664211	160664214	ENSG00000198670.13	CDS|exon|gene|start_codon|transcript	3
chr6	160348419	160348422	ENSG00000146477.6	CDS|exon|gene|regulatory|start_codon|transcript	3
chr6	160258754	160258757	ENSG00000112499.13	CDS|exon|gene|start_codon|transcript	3
chr6	160258691	160258694	ENSG00000112499.13	CDS|exon|gene|start_codon|transcript	3
chr6	160132292	160132295	ENSG00000175003.15	CDS|UTR|exon|gene|start_codon|transcript	3
chr6	160121935	160121938	ENSG00000175003.15	CDS|exon|gene|start_codon|transcript	3
chr6	160102558	160102561	ENSG00000197081.16	CDS|UTR|exon|gene|start_codon|transcript	3
chr6	159969246	159969249	ENSG00000197081.16	CDS|exon|gene|start_codon|transcript	3
chr6	159906955	159906958	ENSG00000130368.7	CDS|exon|gene|start_codon|transcript	3
chr6	159800728	159800731	ENSG00000146453.13	CDS|UTR|exon|gene|start_codon|transcript	3
chr6	159800307	159800310	ENSG00000146453.13	CDS|UTR|exon|gene|regulatory|start_codon|transcript	3
chr6	159790587	159790590	ENSG00000112110.10	CDS|exon|gene|start_codon|transcript	3
chr6	159789465	159789468	ENSG00000120438.12	CDS|UTR|exon|gene|start_codon|transcript	3
chr6	159788138	159788141	ENSG00000120438.12	CDS|exon|gene|start_codon|transcript	3
chr6	159787756	159787759	ENSG00000120438.12	CDS|UTR|exon|gene|start_codon|transcript	3
chr6	131573282	131573285	ENSG00000118520.16	CDS|exon|gene|regulatory|start_codon|transcript	3
chr6	131547122	131547125	ENSG00000118520.16	CDS|exon|gene|repeat|start_codon|transcript	3
chr6	131219750	131219753	ENSG00000118507.19|ENSG00000290067.1	CDS|exon|gene|start_codon|transcript	3
chr6	131135763	131135766	ENSG00000118507.19	CDS|exon|gene|regulatory|start_codon|transcript	3
chr6	130956482	130956485	ENSG00000079819.20	CDS|exon|gene|start_codon|transcript	3
chr6	130880480	130880483	ENSG00000079819.20	CDS|exon|gene|start_codon|transcript	3
chr6	130827413	130827416	ENSG00000256162.2	CDS|exon|gene|regulatory|start_codon|transcript	3
chr6	130440422	130440425	ENSG00000164484.12	CDS|exon|gene|regulatory|start_codon|transcript	3
chr6	130215844	130215847	ENSG00000164483.17	CDS|exon|gene|regulatory|start_codon|transcript	3
chr6	130215270	130215273	ENSG00000164483.17	CDS|exon|gene|start_codon|transcript	3
chr6	130042699	130042702	ENSG00000198945.8	CDS|exon|gene|start_codon|transcript	3
chr6	129861185	129861188	ENSG00000203756.8	CDS|exon|gene|start_codon|transcript	3
chr6	129710133	129710136	ENSG00000146376.11	CDS|exon|gene|regulatory|start_codon|transcript	3
chr6	129491937	129491940	ENSG00000196569.14|ENSG00000226149.6	CDS|exon|gene|start_codon|transcript	3
chr6	132646000	132646003	ENSG00000146399.3	CDS|exon|gene|start_codon|transcript	3
chr6	132624272	132624275	ENSG00000146378.6	CDS|exon|gene|start_codon|transcript	3
chr6	132618067	132618070	ENSG00000146378.6	CDS|exon|gene|start_codon|transcript	3
chr6	132589683	132589686	ENSG00000135569.5	CDS|exon|gene|start_codon|transcript	3
chr6	132570321	132570324	ENSG00000146383.7	CDS|exon|gene|start_codon|transcript	3
chr6	132552692	132552695	ENSG00000146385.2	CDS|exon|gene|start_codon|transcript	3
chr6	132538289	132538292	ENSG00000237110.3	CDS|exon|gene|start_codon|transcript	3
chr6	132503527	132503530	ENSG00000079950.14	CDS|exon|gene|start_codon|transcript	3
chr6	132401423	132401426	ENSG00000079931.15	CDS|exon|gene|regulatory|start_codon|transcript	3
chr6	132374834	132374837	ENSG00000079931.15	CDS|exon|gene|start_codon|transcript	3
chr6	131951169	131951172	ENSG00000118523.6|ENSG00000228495.3	CDS|exon|gene|regulatory|start_codon|transcript	3
chr6	131808035	131808038	ENSG00000197594.14	CDS|exon|gene|regulatory|start_codon|transcript	3
chr6	131711014	131711017	ENSG00000154269.15|ENSG00000236761.6	CDS|exon|gene|start_codon|transcript	3
chr6	131701398	131701401	ENSG00000154269.15|ENSG00000180658.4	CDS|exon|gene|start_codon|transcript	3
chr6	131637384	131637387	ENSG00000154269.15	CDS|exon|gene|start_codon|transcript	3
chr6	131628046	131628049	ENSG00000112282.18	CDS|exon|gene|regulatory|start_codon|transcript	3
chr6	134175658	134175661	ENSG00000118515.12	CDS|exon|gene|regulatory|start_codon|transcript	3
chr6	134174804	134174807	ENSG00000118515.12	CDS|UTR|exon|gene|regulatory|start_codon|transcript	3
chr6	134174629	134174632	ENSG00000118515.12	CDS|exon|gene|regulatory|start_codon|transcript	3
chr6	134052477	134052480	ENSG00000146411.6	CDS|exon|gene|regulatory|start_codon|transcript	3
chr6	133980125	133980128	ENSG00000028839.10	CDS|exon|gene|start_codon|transcript	3
chr6	133953303	133953306	ENSG00000028839.10|ENSG00000288529.1	CDS|UTR|exon|gene|start_codon|transcript	3
chr6	133889397	133889400	ENSG00000118526.7|ENSG00000227954.7	CDS|exon|gene|regulatory|start_codon|transcript	3
chr6	133462374	133462377	ENSG00000112319.21	CDS|exon|gene|start_codon|transcript	3
chr6	133274780	133274783	ENSG00000112319.21	CDS|UTR|exon|gene|start_codon|transcript	3
chr6	132814768	132814771	ENSG00000112306.8	CDS|exon|gene|regulatory|start_codon|transcript	3
chr6	132798453	132798456	ENSG00000146409.12	CDS|exon|gene|regulatory|start_codon|transcript	3
chr6	132797020	132797023	ENSG00000146409.12	CDS|UTR|exon|gene|start_codon|transcript	3
chr6	132790233	132790236	ENSG00000146409.12	CDS|UTR|exon|gene|regulatory|start_codon|transcript	3
chr6	132757880	132757883	ENSG00000112303.14	CDS|exon|gene|regulatory|start_codon|transcript	3
chr6	132757721	132757724	ENSG00000112303.14	CDS|exon|gene|regulatory|start_codon|transcript	3
chr6	132714032	132714035	ENSG00000112299.8	CDS|exon|gene|regulatory|start_codon|transcript	3
chr6	136388477	136388480	ENSG00000135525.19	CDS|exon|gene|start_codon|transcript	3
chr6	136279863	136279866	ENSG00000029363.17	CDS|exon|gene|start_codon|transcript	3
chr6	136249096	136249099	ENSG00000146410.12	CDS|exon|gene|start_codon|transcript	3
chr6	136244800	136244803	ENSG00000146410.12	CDS|UTR|exon|gene|start_codon|transcript	3
chr6	136038290	136038293	ENSG00000171408.14|ENSG00000237596.7	CDS|exon|gene|regulatory|start_codon|transcript	3
chr6	135851998	135852001	ENSG00000171408.14	CDS|exon|gene|regulatory|start_codon|transcript	3
chr6	135492234	135492237	ENSG00000135541.22	CDS|exon|gene|start_codon|transcript	3
chr6	135181513	135181516	ENSG00000118513.21	CDS|exon|gene|regulatory|start_codon|transcript	3
chr6	135103012	135103015	ENSG00000112339.15	CDS|exon|gene|regulatory|start_codon|transcript	3
chr6	135054688	135054691	ENSG00000112339.15	CDS|exon|gene|start_codon|transcript	3
chr6	135002777	135002780	ENSG00000112339.15	CDS|UTR|exon|gene|start_codon|transcript	3
chr6	134950050	134950053	ENSG00000118514.14	CDS|exon|gene|regulatory|start_codon|transcript	3
chr6	134942535	134942538	ENSG00000118514.14	CDS|exon|gene|start_codon|transcript	3
chr6	134317457	134317460	ENSG00000118515.12	CDS|exon|gene|start_codon|transcript	3
chr6	134262121	134262124	ENSG00000118515.12	CDS|exon|gene|start_codon|transcript	3
chr6	134177819	134177822	ENSG00000118515.12	CDS|exon|gene|start_codon|transcript	3
chr6	137209874	137209877	ENSG00000027697.16	CDS|UTR|exon|gene|start_codon|transcript	3
chr6	137207036	137207039	ENSG00000027697.16	CDS|UTR|exon|gene|start_codon|transcript	3
chr6	137161746	137161749	ENSG00000164485.15	CDS|exon|gene|start_codon|transcript	3
chr6	137044725	137044728	ENSG00000016402.14	CDS|UTR|exon|gene|regulatory|start_codon|transcript	3
chr6	137017041	137017044	ENSG00000016402.14	CDS|UTR|exon|gene|start_codon|transcript	3
chr6	137017034	137017037	ENSG00000016402.14	CDS|exon|gene|start_codon|transcript	3
chr6	136922428	136922431	ENSG00000182747.5	CDS|exon|gene|start_codon|transcript	3
chr6	136823922	136823925	ENSG00000112357.14	CDS|exon|gene|start_codon|transcript	3
chr6	136823363	136823366	ENSG00000112357.14	CDS|exon|gene|regulatory|start_codon|transcript	3
chr6	136822665	136822668	ENSG00000112357.14	CDS|exon|gene|regulatory|repeat|start_codon|transcript	3
chr6	136792737	136792740	ENSG00000197442.11	CDS|exon|gene|regulatory|start_codon|transcript	3
chr6	136792154	136792157	ENSG00000197442.11	CDS|exon|gene|start_codon|transcript	3
chr6	136550405	136550408	ENSG00000135525.19	CDS|exon|gene|start_codon|transcript	3
chr6	136525961	136525964	ENSG00000135525.19	CDS|exon|gene|start_codon|transcript	3
chr6	136466779	136466782	ENSG00000135525.19	CDS|exon|gene|start_codon|transcript	3
chr6	138776120	138776123	ENSG00000024862.18	CDS|exon|gene|start_codon|transcript	3
chr6	138571908	138571911	ENSG00000135540.12	CDS|exon|gene|regulatory|start_codon|transcript	3
chr6	138545635	138545638	ENSG00000135540.12	CDS|exon|gene|regulatory|start_codon|transcript	3
chr6	138512336	138512339	ENSG00000135540.12	CDS|exon|gene|start_codon|transcript	3
chr6	138499287	138499290	ENSG00000135540.12	CDS|exon|gene|start_codon|transcript	3
chr6	138404495	138404498	ENSG00000051620.11	CDS|exon|gene|regulatory|start_codon|transcript	3
chr6	138403563	138403566	ENSG00000051620.11	CDS|exon|gene|regulatory|start_codon|transcript	3
chr6	138378072	138378075	ENSG00000262543.2	CDS|exon|gene|start_codon|transcript	3
chr6	138218392	138218395	ENSG00000112379.9|ENSG00000254440.3	CDS|exon|gene|start_codon|transcript	3
chr6	138162086	138162089	ENSG00000112379.9	CDS|exon|gene|regulatory|start_codon|transcript	3
chr6	138107337	138107340	ENSG00000112378.12	CDS|exon|gene|regulatory|start_codon|transcript	3
chr6	137871227	137871230	ENSG00000118503.18	CDS|exon|gene|start_codon|transcript	3
chr6	137494167	137494170	ENSG00000177468.7	CDS|exon|gene|start_codon|transcript	3
chr6	137219324	137219327	ENSG00000027697.16	CDS|UTR|exon|gene|regulatory|start_codon|transcript	3
chr6	137215318	137215321	ENSG00000027697.16	CDS|UTR|exon|gene|start_codon|transcript	3
chr6	137213778	137213781	ENSG00000027697.16	CDS|exon|gene|start_codon|transcript	3
chr6	143060644	143060647	ENSG00000146416.19	CDS|exon|gene|regulatory|start_codon|transcript	3
chr6	142774735	142774738	ENSG00000010818.11	CDS|exon|gene|start_codon|transcript	3
chr6	142768533	142768536	ENSG00000010818.11	CDS|exon|gene|start_codon|transcript	3
chr6	142309544	142309547	ENSG00000112414.15	CDS|exon|gene|start_codon|transcript	3
chr6	142147366	142147369	ENSG00000009844.16	CDS|exon|gene|start_codon|transcript	3
chr6	142147287	142147290	ENSG00000009844.16	CDS|UTR|exon|gene|regulatory|start_codon|transcript	3
chr6	142133158	142133161	ENSG00000135577.5|ENSG00000203733.6	CDS|exon|gene|start_codon|transcript	3
chr6	142088655	142088658	ENSG00000135577.5|ENSG00000236822.1	CDS|exon|gene|regulatory|start_codon|transcript	3
chr6	139374135	139374138	ENSG00000164442.11|ENSG00000226571.2	CDS|exon|gene|regulatory|start_codon|transcript	3
chr6	139373941	139373944	ENSG00000164442.11|ENSG00000226571.2	CDS|exon|gene|regulatory|start_codon|transcript	3
chr6	139288896	139288899	ENSG00000164440.15|ENSG00000226571.2	CDS|exon|gene|regulatory|start_codon|transcript	3
chr6	139135396	139135399	ENSG00000112406.5	CDS|exon|gene|regulatory|start_codon|transcript	3
chr6	139034160	139034163	ENSG00000146386.8	CDS|exon|gene|start_codon|transcript	3
chr6	138987679	138987682	ENSG00000135597.19	CDS|exon|gene|start_codon|transcript	3
chr6	138813274	138813277	ENSG00000203734.13	CDS|exon|gene|start_codon|transcript	3
chr6	144291828	144291831	ENSG00000152818.20	CDS|exon|gene|start_codon|transcript	3
chr6	144186627	144186630	ENSG00000135604.11	CDS|exon|gene|start_codon|transcript	3
chr6	144095494	144095497	ENSG00000169976.7	CDS|exon|gene|regulatory|start_codon|transcript	3
chr6	143948133	143948136	ENSG00000118495.21	CDS|exon|gene|start_codon|transcript	3
chr6	143942656	143942659	ENSG00000118495.21	CDS|exon|gene|start_codon|transcript	3
chr6	143864539	143864542	ENSG00000118491.10|ENSG00000280148.1	CDS|exon|gene|start_codon|transcript	3
chr6	143857433	143857436	ENSG00000135521.9|ENSG00000280148.1	CDS|exon|gene|start_codon|transcript	3
chr6	143678163	143678166	ENSG00000112419.15	CDS|exon|gene|start_codon|transcript	3
chr6	143608309	143608312	ENSG00000112419.15	CDS|exon|gene|regulatory|start_codon|transcript	3
chr6	143536990	143536993	ENSG00000112419.15	CDS|exon|gene|regulatory|start_codon|transcript	3
chr6	143511631	143511634	ENSG00000001036.14	CDS|exon|gene|regulatory|start_codon|transcript	3
chr6	143451042	143451045	ENSG00000034693.15	CDS|exon|gene|regulatory|start_codon|transcript	3
chr6	143450655	143450658	ENSG00000189007.16	CDS|exon|gene|regulatory|start_codon|transcript	3
chr6	143438646	143438649	ENSG00000189007.16	CDS|exon|gene|start_codon|transcript	3
chr6	143136957	143136960	ENSG00000146416.19	CDS|exon|gene|regulatory|start_codon|transcript	3
chr6	143060925	143060928	ENSG00000146416.19	CDS|exon|gene|regulatory|start_codon|transcript	3
chr6	147260726	147260729	ENSG00000164506.16	CDS|exon|gene|start_codon|transcript	3
chr6	147204532	147204535	ENSG00000164506.16|ENSG00000233452.9	CDS|exon|gene|regulatory|start_codon|transcript	3
chr6	146770578	146770581	ENSG00000118492.19	CDS|exon|gene|regulatory|repeat|start_codon|transcript	3
chr6	146599040	146599043	ENSG00000118492.19	CDS|exon|gene|regulatory|start_codon|transcript	3
chr6	146543871	146543874	ENSG00000118508.5	CDS|exon|gene|start_codon|transcript	3
chr6	146029517	146029520	ENSG00000152822.15	CDS|exon|gene|regulatory|start_codon|transcript	3
chr6	145955319	145955322	ENSG00000146414.17	CDS|exon|gene|start_codon|transcript	3
chr6	145806402	145806405	ENSG00000118496.5|ENSG00000235652.11	CDS|exon|gene|start_codon|transcript	3
chr6	145735495	145735498	ENSG00000112425.16	CDS|exon|gene|regulatory|start_codon|transcript	3
chr6	145686180	145686183	ENSG00000112425.16	CDS|UTR|exon|gene|regulatory|start_codon|transcript	3
chr6	144799453	144799456	ENSG00000152818.20	CDS|exon|gene|start_codon|transcript	3
chr6	144797868	144797871	ENSG00000152818.20	CDS|exon|gene|start_codon|transcript	3
chr6	144660224	144660227	ENSG00000152818.20	CDS|exon|gene|regulatory|start_codon|transcript	3
chr6	144583456	144583459	ENSG00000152818.20	CDS|exon|gene|regulatory|start_codon|transcript	3
chr6	144344210	144344213	ENSG00000152818.20	CDS|exon|gene|regulatory|start_codon|transcript	3
chr6	144330966	144330969	ENSG00000152818.20|ENSG00000225311.1	CDS|exon|gene|start_codon|transcript	3
chr6	149749727	149749730	ENSG00000120265.21	CDS|UTR|exon|gene|regulatory|repeat|start_codon|transcript	3
chr6	149746492	149746495	ENSG00000120253.14	CDS|exon|gene|regulatory|start_codon|transcript	3
chr6	149702123	149702126	ENSG00000131023.13	CDS|exon|gene|start_codon|transcript	3
chr6	149638544	149638547	ENSG00000186625.14	CDS|exon|gene|start_codon|transcript	3
chr6	149566414	149566417	ENSG00000055211.14	CDS|exon|gene|start_codon|transcript	3
chr6	149546002	149546005	ENSG00000131013.4	CDS|exon|gene|regulatory|start_codon|transcript	3
chr6	149512276	149512279	ENSG00000131013.4	CDS|exon|gene|start_codon|transcript	3
chr6	149474540	149474543	ENSG00000178199.14	CDS|exon|gene|regulatory|start_codon|transcript	3
chr6	149400391	149400394	ENSG00000055208.20|ENSG00000177688.7	CDS|exon|gene|start_codon|transcript	3
chr6	149378767	149378770	ENSG00000055208.20	CDS|exon|gene|start_codon|transcript	3
chr6	149378137	149378140	ENSG00000055208.20	CDS|exon|gene|start_codon|transcript	3
chr6	149369997	149370000	ENSG00000055208.20	CDS|exon|gene|start_codon|transcript	3
chr6	148747430	148747433	ENSG00000111962.8	CDS|exon|gene|regulatory|start_codon|transcript	3
chr6	148508865	148508868	ENSG00000111961.19	CDS|exon|gene|regulatory|start_codon|transcript	3
chr6	148343067	148343070	ENSG00000111961.19	CDS|exon|gene|regulatory|start_codon|transcript	3
chr6	147508928	147508931	ENSG00000203727.4	CDS|exon|gene|regulatory|start_codon|transcript	3
chr6	150866358	150866361	ENSG00000120254.16	CDS|exon|gene|regulatory|start_codon|transcript	3
chr6	150865822	150865825	ENSG00000120254.16	CDS|exon|gene|regulatory|start_codon|transcript	3
chr6	150733681	150733684	ENSG00000120278.17	CDS|exon|gene|start_codon|transcript	3
chr6	150686872	150686875	ENSG00000120278.17	CDS|exon|gene|regulatory|start_codon|transcript	3
chr6	150369999	150370002	ENSG00000009765.15	CDS|exon|gene|start_codon|transcript	3
chr6	150369031	150369034	ENSG00000009765.15	CDS|exon|gene|regulatory|start_codon|transcript	3
chr6	150143192	150143195	ENSG00000198729.5	CDS|exon|gene|start_codon|transcript	3
chr6	150069063	150069066	ENSG00000131019.11	CDS|exon|gene|regulatory|start_codon|transcript	3
chr6	150025468	150025471	ENSG00000155918.8	CDS|exon|gene|regulatory|start_codon|transcript	3
chr6	149964049	149964052	ENSG00000111981.5	CDS|exon|gene|regulatory|start_codon|transcript	3
chr6	149942072	149942075	ENSG00000131015.5	CDS|exon|gene|regulatory|start_codon|transcript	3
chr6	149923007	149923010	ENSG00000203722.8	CDS|exon|gene|start_codon|transcript	3
chr6	149890898	149890901	ENSG00000164520.12|ENSG00000223701.3|ENSG00000268592.3|ENSG00000285991.1	CDS|exon|gene|regulatory|start_codon|transcript	3
chr6	149864017	149864020	ENSG00000120256.11|ENSG00000268592.3|ENSG00000285991.1	CDS|exon|gene|regulatory|start_codon|transcript	3
chr6	149771199	149771202	ENSG00000120265.21	CDS|UTR|exon|gene|start_codon|transcript	3
chr6	149749901	149749904	ENSG00000120265.21	CDS|exon|gene|regulatory|start_codon|transcript	3
chr6	152472618	152472621	ENSG00000131018.25	CDS|exon|gene|regulatory|start_codon|transcript	3
chr6	152302072	152302075	ENSG00000131018.25	CDS|exon|gene|start_codon|transcript	3
chr6	152180198	152180201	ENSG00000131018.25	CDS|exon|gene|start_codon|transcript	3
chr6	152168201	152168204	ENSG00000131018.25	CDS|exon|gene|regulatory|start_codon|transcript	3
chr6	151842663	151842666	ENSG00000091831.25	CDS|exon|gene|start_codon|transcript	3
chr6	151807912	151807915	ENSG00000091831.25	CDS|exon|gene|regulatory|start_codon|transcript	3
chr6	151494128	151494131	ENSG00000120262.10	CDS|exon|gene|regulatory|start_codon|transcript	3
chr6	151458537	151458540	ENSG00000146476.11	CDS|UTR|exon|gene|start_codon|transcript	3
chr6	151452545	151452548	ENSG00000146476.11	CDS|UTR|exon|gene|regulatory|start_codon|transcript	3
chr6	151445808	151445811	ENSG00000155906.20	CDS|exon|gene|regulatory|start_codon|transcript	3
chr6	151436545	151436548	ENSG00000155906.20	CDS|exon|gene|start_codon|transcript	3
chr6	151373634	151373637	ENSG00000181472.5	CDS|exon|gene|regulatory|start_codon|transcript	3
chr6	151341782	151341785	ENSG00000131016.17	CDS|exon|gene|regulatory|start_codon|transcript	3
chr6	151325860	151325863	ENSG00000131016.17	CDS|exon|gene|regulatory|start_codon|transcript	3
chr6	151240562	151240565	ENSG00000131016.17	CDS|exon|gene|regulatory|start_codon|transcript	3
chr6	150877651	150877654	ENSG00000120254.16	CDS|exon|gene|start_codon|transcript	3
chr6	154039544	154039547	ENSG00000112038.18	CDS|exon|gene|regulatory|start_codon|transcript	3
chr6	154039358	154039361	ENSG00000112038.18	CDS|UTR|exon|gene|start_codon|transcript	3
chr6	154039160	154039163	ENSG00000112038.18	CDS|UTR|exon|gene|start_codon|transcript	3
chr6	154011008	154011011	ENSG00000112038.18	CDS|UTR|exon|gene|start_codon|transcript	3
chr6	154010512	154010515	ENSG00000112038.18	CDS|UTR|exon|gene|regulatory|start_codon|transcript	3
chr6	153044015	153044018	ENSG00000091844.8	CDS|exon|gene|start_codon|transcript	3
chr6	152994788	152994791	ENSG00000112031.16	CDS|exon|gene|start_codon|transcript	3
chr6	152982956	152982959	ENSG00000112029.10	CDS|exon|gene|regulatory|start_codon|transcript	3
chr6	152752177	152752180	ENSG00000146469.13	CDS|exon|gene|start_codon|transcript	3
chr6	152697902	152697905	ENSG00000120279.7	CDS|exon|gene|regulatory|start_codon|transcript	3
chr6	152628328	152628331	ENSG00000131018.25	CDS|exon|gene|start_codon|transcript	3
chr6	152563167	152563170	ENSG00000131018.25	CDS|exon|gene|start_codon|transcript	3
chr6	155455797	155455800	ENSG00000074771.4	CDS|exon|gene|start_codon|transcript	3
chr6	155275719	155275722	ENSG00000029639.11|ENSG00000171217.5	CDS|exon|gene|start_codon|transcript	3
chr6	155240586	155240589	ENSG00000146426.19	CDS|UTR|exon|gene|regulatory|start_codon|transcript	3
chr6	155217079	155217082	ENSG00000146426.19	CDS|UTR|exon|gene|start_codon|transcript	3
chr6	155164450	155164453	ENSG00000146426.19	CDS|exon|gene|start_codon|transcript	3
chr6	155129223	155129226	ENSG00000146426.19	CDS|exon|gene|start_codon|transcript	3
chr6	154733900	154733903	ENSG00000213079.10	CDS|exon|gene|regulatory|start_codon|transcript	3
chr6	154733422	154733425	ENSG00000213079.10	CDS|UTR|exon|gene|regulatory|start_codon|transcript	3
chr6	154510111	154510114	ENSG00000153721.19|ENSG00000288520.1	CDS|exon|gene|start_codon|transcript	3
chr6	154442263	154442266	ENSG00000153721.19|ENSG00000288520.1	CDS|exon|gene|start_codon|transcript	3
chr6	154265944	154265947	ENSG00000074706.14|ENSG00000288520.1	CDS|exon|gene|start_codon|transcript	3
chr6	154246746	154246749	ENSG00000074706.14|ENSG00000112038.18|ENSG00000288520.1	CDS|UTR|exon|gene|regulatory|start_codon|transcript	3
chr6	154089835	154089838	ENSG00000112038.18	CDS|exon|gene|start_codon|transcript	3
chr6	158560224	158560227	ENSG00000146433.10	CDS|exon|gene|regulatory|start_codon|transcript	3
chr6	158536734	158536737	ENSG00000146433.10	CDS|exon|gene|regulatory|start_codon|transcript	3
chr6	158314016	158314019	ENSG00000130338.13|ENSG00000274023.1	CDS|exon|gene|start_codon|transcript	3
chr6	158170503	158170506	ENSG00000272047.4	CDS|exon|gene|start_codon|transcript	3
chr6	158158360	158158363	ENSG00000122335.17	CDS|exon|gene|start_codon|transcript	3
chr6	158071632	158071635	ENSG00000078269.15	CDS|exon|gene|start_codon|transcript	3
chr6	158043315	158043318	ENSG00000078269.15	CDS|exon|gene|regulatory|start_codon|transcript	3
chr6	158017734	158017737	ENSG00000078269.15	CDS|exon|gene|start_codon|transcript	3
chr6	157981961	157981964	ENSG00000078269.15	CDS|exon|gene|start_codon|transcript	3
chr6	157921556	157921559	ENSG00000130340.17	CDS|UTR|exon|gene|start_codon|transcript	3
chr6	157867555	157867558	ENSG00000130340.17	CDS|exon|gene|regulatory|start_codon|transcript	3
chr6	157823434	157823437	ENSG00000130340.17	CDS|UTR|exon|gene|start_codon|transcript	3
chr6	157382021	157382024	ENSG00000175048.17	CDS|exon|gene|regulatory|start_codon|transcript	3
chr6	157323496	157323499	ENSG00000215712.11	CDS|exon|gene|regulatory|start_codon|transcript	3
chr6	157110479	157110482	ENSG00000049618.25|ENSG00000233044.1	CDS|exon|gene|start_codon|transcript	3
chr6	159785405	159785408	ENSG00000120438.12	CDS|UTR|exon|gene|start_codon|transcript	3
chr6	159784062	159784065	ENSG00000120438.12	CDS|UTR|exon|gene|start_codon|transcript	3
chr6	159762087	159762090	ENSG00000120437.9|ENSG00000285427.1|ENSG00000291237.1	CDS|UTR|exon|gene|regulatory|start_codon|transcript	3
chr6	159736265	159736268	ENSG00000146457.16|ENSG00000291237.1	CDS|exon|gene|start_codon|transcript	3
chr6	159727354	159727357	ENSG00000146457.16|ENSG00000291237.1	CDS|exon|gene|regulatory|start_codon|transcript	3
chr6	159726940	159726943	ENSG00000146457.16|ENSG00000291237.1	CDS|UTR|exon|gene|regulatory|start_codon|transcript	3
chr6	159692745	159692748	ENSG00000291237.1	CDS|exon|gene|regulatory|start_codon|transcript	3
chr6	159169596	159169599	ENSG00000164694.17|ENSG00000233682.3	CDS|exon|gene|start_codon|transcript	3
chr6	159044143	159044146	ENSG00000164691.18|ENSG00000226032.2|ENSG00000271913.9	CDS|UTR|exon|gene|regulatory|start_codon|transcript	3
chr6	159040772	159040775	ENSG00000164691.18|ENSG00000271913.9	CDS|UTR|exon|gene|start_codon|transcript	3
chr6	158999547	158999550	ENSG00000130363.13|ENSG00000271913.9	CDS|exon|gene|regulatory|start_codon|transcript	3
chr6	158818090	158818093	ENSG00000092820.19|ENSG00000233893.2	CDS|exon|gene|regulatory|start_codon|transcript	3
chr6	158663268	158663271	ENSG00000164674.17	CDS|exon|gene|start_codon|transcript	3
chr6	158644705	158644708	ENSG00000146425.11	CDS|exon|gene|regulatory|start_codon|transcript	3
chr6	348176	348179	ENSG00000112679.15	CDS|UTR|exon|gene|start_codon|transcript	3
chr6	170561796	170561799	ENSG00000112592.15	CDS|exon|gene|regulatory|start_codon|transcript	3
chr6	170557029	170557032	ENSG00000112592.15	CDS|exon|gene|start_codon|transcript	3
chr6	170553239	170553242	ENSG00000008018.9	CDS|exon|gene|regulatory|start_codon|transcript	3
chr6	170330537	170330540	ENSG00000112584.14	CDS|exon|gene|start_codon|transcript	3
chr6	170317390	170317393	ENSG00000112584.14	CDS|exon|gene|start_codon|transcript	3
chr6	170295405	170295408	ENSG00000112584.14|ENSG00000198719.9	CDS|exon|gene|regulatory|start_codon|transcript	3
chr6	170291057	170291060	ENSG00000112584.14|ENSG00000198719.9	CDS|UTR|exon|gene|regulatory|start_codon|transcript	3
chr6	170290136	170290139	ENSG00000198719.9	CDS|exon|gene|regulatory|start_codon|transcript	3
chr6	169756400	169756403	ENSG00000130023.16	CDS|UTR|exon|gene|start_codon|transcript	3
chr6	169751657	169751660	ENSG00000130023.16	CDS|UTR|exon|gene|regulatory|start_codon|transcript	3
chr6	169751455	169751458	ENSG00000184786.6	CDS|exon|gene|start_codon|transcript	3
chr6	169723928	169723931	ENSG00000130024.15	CDS|exon|gene|start_codon|transcript	3
chr6	169721054	169721057	ENSG00000130024.15	CDS|exon|gene|start_codon|transcript	3
chr6	169702459	169702462	ENSG00000185127.7	CDS|exon|gene|regulatory|start_codon|transcript	3
chr6	169689002	169689005	ENSG00000184465.16|ENSG00000285733.1	CDS|exon|gene|start_codon|transcript	3
chr6	2840583	2840586	ENSG00000021355.13	CDS|exon|gene|regulatory|start_codon|transcript	3
chr6	2770257	2770260	ENSG00000124535.16|ENSG00000145949.12	CDS|UTR|exon|gene|regulatory|start_codon|transcript	3
chr6	2770110	2770113	ENSG00000124535.16|ENSG00000145949.12	CDS|exon|gene|start_codon|transcript	3
chr6	2766282	2766285	ENSG00000124535.16|ENSG00000145949.12	CDS|exon|gene|start_codon|transcript	3
chr6	2765622	2765625	ENSG00000124535.16|ENSG00000145949.12	CDS|exon|gene|regulatory|start_codon|transcript	3
chr6	2749291	2749294	ENSG00000145949.12	CDS|exon|gene|start_codon|transcript	3
chr6	2744033	2744036	ENSG00000145949.12	CDS|exon|gene|regulatory|start_codon|transcript	3
chr6	2245419	2245422	ENSG00000112699.11	CDS|exon|gene|start_codon|transcript	3
chr6	2175940	2175943	ENSG00000112699.11	CDS|exon|gene|regulatory|repeat|start_codon|transcript	3
chr6	1610445	1610448	ENSG00000054598.9	CDS|exon|gene|regulatory|start_codon|transcript	3
chr6	1389947	1389950	ENSG00000137273.6	CDS|exon|gene|regulatory|start_codon|transcript	3
chr6	1312704	1312707	ENSG00000164379.7	CDS|exon|gene|regulatory|start_codon|transcript	3
chr6	656941	656944	ENSG00000112685.14|ENSG00000188996.5	CDS|exon|gene|regulatory|start_codon|transcript	3
chr6	637815	637818	ENSG00000112685.14	CDS|exon|gene|start_codon|transcript	3
chr6	395878	395881	ENSG00000137265.16	CDS|exon|gene|start_codon|transcript	3
chr6	393152	393155	ENSG00000137265.16	CDS|exon|gene|regulatory|start_codon|transcript	3
chr6	159693164	159693166	ENSG00000291237.1	CDS|exon|gene|regulatory|start_codon|transcript	2
chr6	156777680	156777682	ENSG00000049618.25|ENSG00000271551.2	CDS|exon|gene|regulatory|start_codon|transcript	2
chr6	155314425	155314427	ENSG00000029639.11	CDS|exon|gene|start_codon|transcript	2
chr6	152975583	152975585	ENSG00000112029.10	CDS|exon|gene|regulatory|start_codon|transcript	2
chr6	131250568	131250570	ENSG00000118507.19|ENSG00000290067.1	CDS|exon|gene|start_codon|transcript	2
chr6	137207075	137207077	ENSG00000027697.16	CDS|UTR|exon|gene|start_codon|transcript	2
chr6	153002682	153002684	ENSG00000112031.16	CDS|exon|gene|start_codon|transcript	2
chr6	106316100	106316102	ENSG00000057663.16	CDS|exon|gene|start_codon|transcript	2
chr6	87155592	87155594	ENSG00000188994.14	CDS|exon|gene|regulatory|start_codon|transcript	2
chr6	70428342	70428344	ENSG00000082269.17	CDS|exon|gene|start_codon|transcript	2
chr6	43517109	43517111	ENSG00000171453.20	CDS|exon|gene|regulatory|start_codon|transcript	2
chr6	44313321	44313323	ENSG00000124608.5|ENSG00000272442.2	CDS|exon|gene|regulatory|start_codon|transcript	2
chr6	110474975	110474977	ENSG00000004809.14	CDS|exon|gene|repeat|start_codon|transcript	2
chr6	127327137	127327139	ENSG00000093144.19	CDS|UTR|exon|gene|start_codon|transcript	2
chr6	125986550	125986552	ENSG00000066651.20	CDS|exon|gene|regulatory|start_codon|transcript	2
chr6	27912316	27912318	ENSG00000168131.4	CDS|exon|gene|regulatory|start_codon|transcript	2
chr6	27146795	27146797	ENSG00000197903.8	CDS|exon|gene|start_codon|transcript	2
chr6	26043654	26043656	ENSG00000276410.4	CDS|exon|gene|start_codon|transcript	2
chr6	168441371	168441373	ENSG00000112562.20	CDS|exon|gene|repeat|start_codon|transcript	2
chr6	3751529	3751531	ENSG00000168994.14|ENSG00000270504.1	CDS|exon|gene|start_codon|transcript	2
chr6	2968778	2968780	ENSG00000124570.21	CDS|UTR|exon|gene|start_codon|transcript	2
chr6	12749678	12749680	ENSG00000112137.19	CDS|exon|gene|regulatory|start_codon|transcript	2
chr6	26027250	26027252	ENSG00000278705.3	CDS|exon|gene|regulatory|start_codon|transcript	2
chr6	32953034	32953036	ENSG00000204257.15|ENSG00000248993.1	CDS|exon|gene|start_codon|transcript	2
chr6	32038423	32038425	ENSG00000231852.9	CDS|exon|gene|regulatory|repeat|start_codon|transcript	2
chr6	31272069	31272071	ENSG00000204525.18	CDS|exon|gene|regulatory|start_codon|transcript	2
chr6	31410715	31410717	ENSG00000204520.14|ENSG00000288587.1	CDS|UTR|exon|gene|start_codon|transcript	2
chr6	30557344	30557346	ENSG00000204576.12	CDS|exon|gene|regulatory|start_codon|transcript	2
chr6	33711684	33711686	ENSG00000137288.10	CDS|exon|gene|regulatory|start_codon|transcript	2
chr6	36540200	36540202	ENSG00000112079.9	CDS|exon|gene|regulatory|repeat|start_codon|transcript	2
chr6	37212966	37212968	ENSG00000172738.13|ENSG00000286105.2	CDS|UTR|exon|gene|start_codon|stop_codon|transcript	2
chr6	70428344	70428345	ENSG00000082269.17	CDS|exon|gene|start_codon|transcript	1
chr6	44313320	44313321	ENSG00000124608.5|ENSG00000272442.2	CDS|exon|gene|regulatory|repeat|start_codon|transcript	1
chr6	87155591	87155592	ENSG00000188994.14	CDS|exon|gene|regulatory|start_codon|transcript	1
chr6	127327136	127327137	ENSG00000093144.19	CDS|UTR|exon|gene|start_codon|transcript	1
chr6	127286615	127286616	ENSG00000118518.17	CDS|UTR|exon|gene|start_codon|transcript	1
chr6	125986552	125986553	ENSG00000066651.20	CDS|UTR|exon|gene|regulatory|start_codon|transcript	1
chr6	110474977	110474978	ENSG00000004809.14	CDS|exon|gene|start_codon|transcript	1
chr6	106293105	106293106	ENSG00000057663.16	CDS|exon|gene|start_codon|transcript	1
chr6	155314427	155314428	ENSG00000029639.11	CDS|exon|gene|start_codon|transcript	1
chr6	156777682	156777683	ENSG00000049618.25|ENSG00000271551.2	CDS|exon|gene|regulatory|repeat|start_codon|transcript	1
chr6	159693166	159693167	ENSG00000291237.1	CDS|exon|gene|regulatory|repeat|start_codon|transcript	1
chr6	152975585	152975586	ENSG00000112029.10	CDS|exon|gene|start_codon|transcript	1
chr6	142309543	142309544	ENSG00000112414.15	CDS|exon|gene|start_codon|transcript	1
chr6	153002684	153002685	ENSG00000112031.16	CDS|exon|gene|regulatory|start_codon|transcript	1
chr6	131250567	131250568	ENSG00000118507.19|ENSG00000290067.1	CDS|exon|gene|regulatory|start_codon|transcript	1
chr6	127286049	127286050	ENSG00000118518.17	CDS|UTR|exon|gene|start_codon|transcript	1
chr6	31272068	31272069	ENSG00000204525.18	CDS|exon|gene|regulatory|start_codon|transcript	1
chr6	31410714	31410715	ENSG00000204520.14|ENSG00000288587.1	CDS|UTR|exon|gene|start_codon|transcript	1
chr6	32038422	32038423	ENSG00000231852.9	CDS|exon|gene|regulatory|start_codon|transcript	1
chr6	43517111	43517112	ENSG00000171453.20	CDS|exon|gene|regulatory|start_codon|transcript	1
chr6	36540199	36540200	ENSG00000112079.9	CDS|exon|gene|regulatory|start_codon|transcript	1
chr6	37212968	37212969	ENSG00000172738.13|ENSG00000286105.2	CDS|UTR|exon|gene|start_codon|transcript	1
chr6	33711683	33711684	ENSG00000137288.10	CDS|exon|gene|regulatory|start_codon|transcript	1
chr6	32953033	32953034	ENSG00000204257.15|ENSG00000248993.1	CDS|exon|gene|start_codon|transcript	1
chr6	26027249	26027250	ENSG00000278705.3	CDS|exon|gene|start_codon|transcript	1
chr6	26043656	26043657	ENSG00000276410.4	CDS|exon|gene|regulatory|start_codon|transcript	1
chr6	27912318	27912319	ENSG00000168131.4	CDS|exon|gene|start_codon|transcript	1
chr6	27146797	27146798	ENSG00000197903.8	CDS|exon|gene|regulatory|start_codon|transcript	1
chr6	30557346	30557347	ENSG00000204576.12	CDS|exon|gene|regulatory|start_codon|transcript	1
chr6	12749680	12749681	ENSG00000112137.19	CDS|exon|gene|start_codon|transcript	1
chr6	3751528	3751529	ENSG00000168994.14|ENSG00000270504.1	CDS|exon|gene|start_codon|transcript	1
chr6	168441370	168441371	ENSG00000112562.20	CDS|exon|gene|start_codon|transcript	1
