chr	start	end	feature1	feature2	length
chr5	158355010	158355360	ENSG00000276778.1	gene|regulatory|repeat|transcript	350
chr5	125717256	125717606	ENSG00000248752.3	gene|regulatory|repeat|transcript	350
chr5	126057234	126057584	ENSG00000248752.3	gene|regulatory|repeat|transcript	350
chr5	87076456	87076806	ENSG00000233828.5|ENSG00000249061.1	gene|regulatory|repeat|transcript	350
chr5	125161152	125161502	ENSG00000260192.3	gene|regulatory|repeat|transcript	350
chr5	126358534	126358884	ENSG00000248752.3	gene|regulatory|repeat|transcript	350
chr5	124431004	124431354	ENSG00000253807.6	gene|regulatory|repeat|transcript	350
chr5	159519381	159519731	ENSG00000249738.10	gene|regulatory|repeat|transcript	350
chr5	4683313	4683663	ENSG00000248973.3	gene|regulatory|repeat|transcript	350
chr5	87720474	87720824	ENSG00000248708.2	gene|regulatory|repeat|transcript	350
chr5	124176755	124177105	ENSG00000253807.6	gene|regulatory|repeat|transcript	350
chr5	121274028	121274378	ENSG00000229855.9	gene|regulatory|repeat|transcript	350
chr5	12952428	12952778	ENSG00000248457.1	gene|regulatory|repeat|transcript	350
chr5	89227763	89228113	ENSG00000248309.9	gene|regulatory|repeat|transcript	350
chr5	117872988	117873338	ENSG00000249797.2	gene|regulatory|repeat|transcript	350
chr5	98947354	98947704	ENSG00000248489.4	gene|regulatory|repeat|transcript	350
chr5	9774488	9774838	ENSG00000249781.7	gene|regulatory|repeat|transcript	350
chr5	61275897	61276247	ENSG00000249279.6	gene|regulatory|repeat|transcript	350
chr5	6858442	6858792	ENSG00000250974.4	gene|regulatory|repeat|transcript	350
chr5	105392184	105392534	ENSG00000251574.8	gene|regulatory|repeat|transcript	350
chr5	104951845	104952195	ENSG00000251574.8|ENSG00000253584.1	gene|regulatory|repeat|transcript	350
chr5	92500757	92501107	ENSG00000249776.5	gene|regulatory|repeat|transcript	350
chr5	92504320	92504670	ENSG00000249776.5	gene|regulatory|repeat|transcript	350
chr5	30594427	30594777	ENSG00000287176.1	gene|regulatory|repeat|transcript	350
chr5	6595482	6595832	ENSG00000250056.8	gene|regulatory|repeat|transcript	350
chr5	133170720	133171070	ENSG00000248245.1	gene|regulatory|repeat|transcript	350
chr5	165706007	165706357	ENSG00000253693.1	gene|regulatory|repeat|transcript	350
chr5	61200642	61200992	ENSG00000251279.3	gene|regulatory|repeat|transcript	350
chr5	165076709	165077059	ENSG00000241956.11	gene|regulatory|repeat|transcript	350
chr5	102599303	102599653	ENSG00000250958.1	gene|regulatory|repeat|transcript	350
chr5	12615170	12615519	ENSG00000248131.6	gene|regulatory|repeat|transcript	349
chr5	33068788	33069137	ENSG00000250697.2	gene|regulatory|repeat|transcript	349
chr5	97192981	97193330	ENSG00000248758.1|ENSG00000251513.2|ENSG00000286828.1	gene|regulatory|repeat|transcript	349
chr5	33143715	33144064	ENSG00000250697.2	gene|regulatory|repeat|transcript	349
chr5	142360779	142361128	ENSG00000231185.9	gene|regulatory|repeat|transcript	349
chr5	164972981	164973330	ENSG00000241956.11	gene|regulatory|repeat|transcript	349
chr5	29023549	29023898	ENSG00000259786.7	gene|regulatory|repeat|transcript	349
chr5	82975798	82976147	ENSG00000248400.2	gene|regulatory|repeat|transcript	349
chr5	61745210	61745559	ENSG00000178722.16	gene|regulatory|repeat|transcript	349
chr5	9820705	9821054	ENSG00000249781.7	gene|regulatory|repeat|transcript	349
chr5	96302166	96302515	ENSG00000251314.2	gene|regulatory|repeat|transcript	349
chr5	112523046	112523395	ENSG00000290027.1	gene|regulatory|repeat|transcript	349
chr5	33105567	33105916	ENSG00000250697.2	gene|regulatory|repeat|transcript	349
chr5	120369363	120369712	ENSG00000261036.2	gene|regulatory|repeat|transcript	349
chr5	67746288	67746637	ENSG00000249364.7|ENSG00000250421.5	gene|regulatory|repeat|transcript	349
chr5	54733113	54733462	ENSG00000287367.2	gene|regulatory|repeat|transcript	349
chr5	10507588	10507937	ENSG00000249160.4	gene|regulatory|repeat|transcript	349
chr5	54717430	54717779	ENSG00000287367.2	gene|regulatory|repeat|transcript	349
chr5	153043920	153044269	ENSG00000249484.9	gene|regulatory|repeat|transcript	349
chr5	145141582	145141931	ENSG00000251031.2	gene|regulatory|repeat|transcript	349
chr5	126100746	126101095	ENSG00000248752.3	gene|regulatory|repeat|transcript	349
chr5	124913005	124913354	ENSG00000260192.3	gene|regulatory|repeat|transcript	349
chr5	39100353	39100702	ENSG00000286809.1	gene|regulatory|repeat|transcript	349
chr5	178068421	178068770	ENSG00000204677.13	gene|regulatory|repeat|transcript	349
chr5	75009847	75010196	ENSG00000249856.1	gene|regulatory|repeat|transcript	349
chr5	74223193	74223542	ENSG00000248673.2	gene|regulatory|repeat|transcript	349
chr5	17381957	17382306	ENSG00000250822.1	gene|regulatory|repeat|transcript	349
chr5	124259056	124259405	ENSG00000253807.6	gene|regulatory|repeat|transcript	349
chr5	17928517	17928866	ENSG00000249937.9	gene|regulatory|repeat|transcript	349
chr5	67780318	67780667	ENSG00000249364.7|ENSG00000250421.5	gene|regulatory|repeat|transcript	349
chr5	87020136	87020484	ENSG00000249061.1	gene|regulatory|repeat|transcript	348
chr5	17883122	17883470	ENSG00000249937.9	gene|regulatory|repeat|transcript	348
chr5	44792127	44792475	ENSG00000251141.6	gene|regulatory|repeat|transcript	348
chr5	68698242	68698590	ENSG00000250237.3	gene|regulatory|repeat|transcript	348
chr5	119031928	119032276	ENSG00000249494.6	gene|regulatory|repeat|transcript	348
chr5	143708721	143709069	ENSG00000249881.1	gene|regulatory|repeat|transcript	348
chr5	72658152	72658500	ENSG00000248371.5	gene|regulatory|repeat|transcript	348
chr5	125357628	125357976	ENSG00000248752.3|ENSG00000260192.3	gene|regulatory|repeat|transcript	348
chr5	125357016	125357364	ENSG00000248752.3|ENSG00000260192.3	gene|regulatory|repeat|transcript	348
chr5	38660286	38660634	ENSG00000244968.7	gene|regulatory|repeat|transcript	348
chr5	19047301	19047649	ENSG00000249174.1	gene|regulatory|repeat|transcript	348
chr5	165559703	165560051	ENSG00000253693.1	gene|regulatory|repeat|transcript	348
chr5	60539169	60539517	ENSG00000152931.9	gene|regulatory|repeat|transcript	348
chr5	104223855	104224203	ENSG00000251026.2	gene|regulatory|repeat|transcript	348
chr5	8341416	8341764	ENSG00000245729.2|ENSG00000288002.1	gene|regulatory|repeat|transcript	348
chr5	111584661	111585009	ENSG00000246859.3	gene|regulatory|repeat|transcript	348
chr5	64457859	64458207	ENSG00000236068.2	gene|regulatory|repeat|transcript	348
chr5	164934050	164934398	ENSG00000241956.11	gene|regulatory|repeat|transcript	348
chr5	27458337	27458685	ENSG00000250337.10	gene|regulatory|repeat|transcript	348
chr5	98963725	98964072	ENSG00000248489.4	gene|regulatory|repeat|transcript	347
chr5	165031417	165031764	ENSG00000241956.11	gene|regulatory|repeat|transcript	347
chr5	87421330	87421677	ENSG00000285190.1	gene|regulatory|repeat|transcript	347
chr5	25181268	25181615	ENSG00000251273.4	gene|regulatory|repeat|transcript	347
chr5	129439719	129440066	ENSG00000249421.2	gene|regulatory|repeat|transcript	347
chr5	87924479	87924826	ENSG00000287862.1	gene|regulatory|repeat|transcript	347
chr5	159640414	159640761	ENSG00000249738.10	gene|regulatory|repeat|transcript	347
chr5	130923746	130924093	ENSG00000287390.1	gene|regulatory|repeat|transcript	347
chr5	160937578	160937925	ENSG00000253417.5	gene|regulatory|repeat|transcript	347
chr5	68562305	68562652	ENSG00000248359.2|ENSG00000250237.3	gene|regulatory|repeat|transcript	347
chr5	54344684	54345031	ENSG00000249069.8	gene|regulatory|repeat|transcript	347
chr5	142749352	142749699	ENSG00000236714.3	gene|regulatory|repeat|transcript	347
chr5	163274137	163274484	ENSG00000254186.3	gene|regulatory|repeat|transcript	347
chr5	95712428	95712775	ENSG00000250240.6	gene|regulatory|repeat|transcript	347
chr5	173739755	173740102	ENSG00000253686.2	gene|regulatory|repeat|transcript	347
chr5	165634355	165634702	ENSG00000253693.1	gene|regulatory|repeat|transcript	347
chr5	164680256	164680603	ENSG00000241956.11	gene|regulatory|repeat|transcript	347
chr5	17951432	17951779	ENSG00000249937.9	gene|regulatory|repeat|transcript	347
chr5	24222903	24223250	ENSG00000286134.2	gene|regulatory|repeat|transcript	347
chr5	152026622	152026969	ENSG00000254226.6	gene|regulatory|repeat|transcript	347
chr5	75020070	75020417	ENSG00000249856.1	gene|regulatory|repeat|transcript	347
chr5	147216634	147216981	ENSG00000250343.1	gene|regulatory|repeat|transcript	347
chr5	124935884	124936230	ENSG00000260192.3	gene|regulatory|repeat|transcript	346
chr5	117455634	117455980	ENSG00000248663.7	gene|regulatory|repeat|transcript	346
chr5	174451553	174451899	ENSG00000249306.7	gene|regulatory|repeat|transcript	346
chr5	116824999	116825345	ENSG00000249150.2	gene|regulatory|repeat|transcript	346
chr5	178074531	178074877	ENSG00000204677.13	gene|regulatory|repeat|transcript	346
chr5	72622333	72622679	ENSG00000248371.5	gene|regulatory|repeat|transcript	346
chr5	29079831	29080177	ENSG00000259786.7	gene|regulatory|repeat|transcript	346
chr5	163426157	163426503	ENSG00000254186.3	gene|regulatory|repeat|transcript	346
chr5	125776676	125777022	ENSG00000248752.3	gene|regulatory|repeat|transcript	346
chr5	74532047	74532393	ENSG00000248673.2	gene|regulatory|repeat|transcript	346
chr5	74966637	74966983	ENSG00000249856.1|ENSG00000289535.2	gene|regulatory|repeat|transcript	346
chr5	87048180	87048526	ENSG00000249061.1	gene|regulatory|repeat|transcript	346
chr5	136735607	136735953	ENSG00000250284.3	gene|regulatory|repeat|transcript	346
chr5	106941033	106941379	ENSG00000251027.2	gene|regulatory|repeat|transcript	346
chr5	104709717	104710063	ENSG00000251574.8	gene|regulatory|repeat|transcript	346
chr5	33283286	33283632	ENSG00000250697.2|ENSG00000251443.3	gene|regulatory|repeat|transcript	346
chr5	24226543	24226889	ENSG00000286134.2	gene|regulatory|repeat|transcript	346
chr5	135160320	135160666	ENSG00000224186.8	gene|regulatory|repeat|transcript	346
chr5	96816448	96816794	ENSG00000247121.8	gene|regulatory|repeat|transcript	346
chr5	30607385	30607731	ENSG00000287176.1	gene|regulatory|repeat|transcript	346
chr5	6818617	6818963	ENSG00000251365.6	gene|regulatory|repeat|transcript	346
chr5	12951880	12952225	ENSG00000248457.1	gene|regulatory|repeat|transcript	345
chr5	117841966	117842311	ENSG00000249797.2	gene|regulatory|repeat|transcript	345
chr5	81823698	81824043	ENSG00000287938.1	gene|regulatory|repeat|transcript	345
chr5	27328497	27328842	ENSG00000250337.10	gene|regulatory|repeat|transcript	345
chr5	97355750	97356095	ENSG00000251513.2	gene|regulatory|repeat|transcript	345
chr5	97273250	97273595	ENSG00000251513.2	gene|regulatory|repeat|transcript	345
chr5	165130658	165131003	ENSG00000241956.11|ENSG00000285549.1	gene|regulatory|repeat|transcript	345
chr5	100657213	100657558	ENSG00000250806.2	gene|regulatory|repeat|transcript	345
chr5	104900420	104900765	ENSG00000251574.8	gene|regulatory|repeat|transcript	345
chr5	104179095	104179440	ENSG00000251026.2	gene|regulatory|repeat|transcript	345
chr5	18976600	18976945	ENSG00000249174.1	gene|regulatory|repeat|transcript	345
chr5	91487437	91487782	ENSG00000281357.5	gene|regulatory|repeat|transcript	345
chr5	95851152	95851497	ENSG00000236882.9|ENSG00000251409.2	gene|regulatory|repeat|transcript	345
chr5	164421795	164422140	ENSG00000241956.11	gene|regulatory|repeat|transcript	345
chr5	9832957	9833302	ENSG00000249781.7	gene|regulatory|repeat|transcript	345
chr5	165045932	165046277	ENSG00000241956.11	gene|regulatory|repeat|transcript	345
chr5	116605475	116605820	ENSG00000249167.2	gene|regulatory|repeat|transcript	345
chr5	67672667	67673012	ENSG00000249364.7	gene|regulatory|repeat|transcript	345
chr5	143564369	143564714	ENSG00000251205.3	gene|regulatory|repeat|transcript	345
chr5	54718614	54718959	ENSG00000287367.2	gene|regulatory|repeat|transcript	345
chr5	87232494	87232839	ENSG00000288569.1	gene|regulatory|repeat|transcript	345
chr5	118405632	118405977	ENSG00000250891.3	gene|regulatory|repeat|transcript	345
chr5	25969085	25969430	ENSG00000286625.1	gene|regulatory|repeat|transcript	345
chr5	27267219	27267564	ENSG00000250337.10	gene|regulatory|repeat|transcript	345
chr5	158407479	158407823	ENSG00000276778.1	gene|regulatory|repeat|transcript	344
chr5	43058192	43058536	ENSG00000177738.6|ENSG00000215068.10	gene|regulatory|repeat|transcript	344
chr5	159337593	159337937	ENSG00000249738.10	gene|regulatory|repeat|transcript	344
chr5	159571891	159572235	ENSG00000249738.10	gene|regulatory|repeat|transcript	344
chr5	68691900	68692244	ENSG00000250237.3	gene|regulatory|repeat|transcript	344
chr5	68795298	68795642	ENSG00000249335.5	gene|regulatory|repeat|transcript	344
chr5	38776558	38776902	ENSG00000249740.4	gene|regulatory|repeat|transcript	344
chr5	5018203	5018547	ENSG00000215231.8|ENSG00000250481.2	gene|regulatory|repeat|transcript	344
chr5	173806274	173806618	ENSG00000254211.6	gene|regulatory|repeat|transcript	344
chr5	40258199	40258543	ENSG00000250585.3	gene|regulatory|repeat|transcript	344
chr5	126143780	126144124	ENSG00000248752.3	gene|regulatory|repeat|transcript	344
chr5	111557136	111557480	ENSG00000246859.3	gene|regulatory|repeat|transcript	344
chr5	92424841	92425185	ENSG00000249776.5|ENSG00000250049.7	gene|regulatory|repeat|transcript	344
chr5	67581231	67581575	ENSG00000249364.7	gene|regulatory|repeat|transcript	344
chr5	143581189	143581533	ENSG00000251205.3	gene|regulatory|repeat|transcript	344
chr5	66417931	66418275	ENSG00000286062.2	gene|regulatory|repeat|transcript	344
chr5	27465187	27465531	ENSG00000250337.10	gene|regulatory|repeat|transcript	344
chr5	162626059	162626403	ENSG00000254186.3	gene|regulatory|repeat|transcript	344
chr5	104237638	104237982	ENSG00000251026.2	gene|regulatory|repeat|transcript	344
chr5	33195751	33196095	ENSG00000250697.2	gene|regulatory|repeat|transcript	344
chr5	24073182	24073526	ENSG00000248874.5	gene|regulatory|repeat|transcript	344
chr5	98989763	98990107	ENSG00000248489.4	gene|regulatory|repeat|transcript	344
chr5	61176674	61177018	ENSG00000251279.3	gene|regulatory|repeat|transcript	344
chr5	56569065	56569408	ENSG00000225940.7	gene|regulatory|repeat|transcript	343
chr5	125536636	125536979	ENSG00000248752.3|ENSG00000260192.3|ENSG00000286111.1	gene|regulatory|repeat|transcript	343
chr5	21031051	21031394	ENSG00000286751.1	gene|regulatory|repeat|transcript	343
chr5	6875382	6875725	ENSG00000250060.2|ENSG00000250974.4	gene|regulatory|repeat|transcript	343
chr5	97297123	97297466	ENSG00000251513.2	gene|regulatory|repeat|transcript	343
chr5	153148336	153148679	ENSG00000249484.9	gene|regulatory|repeat|transcript	343
chr5	124977512	124977855	ENSG00000260192.3	gene|regulatory|repeat|transcript	343
chr5	26482812	26483155	ENSG00000286204.1	gene|regulatory|repeat|transcript	343
chr5	121307400	121307743	ENSG00000229855.9	gene|regulatory|repeat|transcript	343
chr5	149095025	149095368	ENSG00000250072.8	gene|regulatory|repeat|transcript	343
chr5	74242565	74242907	ENSG00000248673.2	gene|regulatory|repeat|transcript	342
chr5	1367157	1367499	ENSG00000250584.4	gene|regulatory|repeat|transcript	342
chr5	126027240	126027582	ENSG00000248752.3	gene|regulatory|repeat|transcript	342
chr5	104942733	104943075	ENSG00000251574.8|ENSG00000253584.1	gene|regulatory|repeat|transcript	342
chr5	38634924	38635266	ENSG00000244968.7	gene|regulatory|repeat|transcript	342
chr5	152812024	152812366	ENSG00000249484.9	gene|regulatory|repeat|transcript	342
chr5	176143925	176144267	ENSG00000248596.8|ENSG00000289731.2|ENSG00000290935.1	gene|regulatory|repeat|transcript	342
chr5	142742301	142742643	ENSG00000236714.3	gene|regulatory|repeat|transcript	342
chr5	96031812	96032154	ENSG00000251314.2	gene|regulatory|repeat|transcript	342
chr5	104987126	104987468	ENSG00000251574.8|ENSG00000253584.1	gene|regulatory|repeat|transcript	342
chr5	10335742	10336084	ENSG00000259802.3	gene|regulatory|repeat|transcript	342
chr5	165393852	165394194	ENSG00000253693.1	gene|regulatory|repeat|transcript	342
chr5	21391550	21391892	ENSG00000291102.1	gene|regulatory|repeat|transcript	342
chr5	29114412	29114753	ENSG00000259786.7	gene|regulatory|repeat|transcript	341
chr5	159621172	159621513	ENSG00000249738.10	gene|regulatory|repeat|transcript	341
chr5	149079925	149080266	ENSG00000250072.8	gene|regulatory|repeat|transcript	341
chr5	97194398	97194739	ENSG00000248758.1|ENSG00000251513.2|ENSG00000286828.1	gene|regulatory|repeat|transcript	341
chr5	100517364	100517705	ENSG00000247877.8|ENSG00000249787.2	gene|regulatory|repeat|transcript	341
chr5	27463782	27464123	ENSG00000250337.10	gene|regulatory|repeat|transcript	341
chr5	6598258	6598599	ENSG00000250056.8	gene|regulatory|repeat|transcript	341
chr5	9836833	9837174	ENSG00000249781.7	gene|regulatory|repeat|transcript	341
chr5	97400561	97400902	ENSG00000251513.2	gene|regulatory|repeat|transcript	341
chr5	67698693	67699034	ENSG00000249364.7	gene|regulatory|repeat|transcript	341
chr5	163409385	163409726	ENSG00000254186.3	gene|regulatory|repeat|transcript	341
chr5	135147712	135148052	ENSG00000224186.8	gene|regulatory|repeat|transcript	340
chr5	1366512	1366852	ENSG00000250584.4	gene|regulatory|repeat|transcript	340
chr5	54329889	54330229	ENSG00000249069.8	gene|regulatory|repeat|transcript	340
chr5	103889533	103889873	ENSG00000283462.3	gene|regulatory|repeat|transcript	340
chr5	32973661	32974001	ENSG00000250697.2	gene|regulatory|repeat|transcript	340
chr5	95709981	95710321	ENSG00000250240.6	gene|regulatory|repeat|transcript	340
chr5	1176757	1177096	ENSG00000249201.2	gene|regulatory|repeat|transcript	339
chr5	10518396	10518735	ENSG00000249160.4	gene|regulatory|repeat|transcript	339
chr5	24804439	24804778	ENSG00000286238.1	gene|regulatory|repeat|transcript	339
chr5	151374618	151374957	ENSG00000253897.3|ENSG00000290991.1	gene|regulatory|repeat|transcript	339
chr5	91243858	91244197	ENSG00000248323.8	gene|regulatory|repeat|transcript	339
chr5	142544147	142544486	ENSG00000231185.9	gene|regulatory|repeat|transcript	339
chr5	102603697	102604036	ENSG00000250958.1	gene|regulatory|repeat|transcript	339
chr5	100464448	100464787	ENSG00000247877.8|ENSG00000249787.2	gene|regulatory|repeat|transcript	339
chr5	28580650	28580989	ENSG00000250453.2	gene|regulatory|repeat|transcript	339
chr5	88622949	88623287	ENSG00000245526.13	gene|regulatory|repeat|transcript	338
chr5	163248329	163248667	ENSG00000254186.3	gene|regulatory|repeat|transcript	338
chr5	10481191	10481529	ENSG00000246016.2	gene|regulatory|repeat|transcript	338
chr5	149082312	149082650	ENSG00000250072.8	gene|regulatory|repeat|transcript	338
chr5	132355027	132355365	ENSG00000233006.8	gene|regulatory|repeat|transcript	338
chr5	163313121	163313459	ENSG00000254186.3	gene|regulatory|repeat|transcript	338
chr5	18985443	18985781	ENSG00000249174.1	gene|regulatory|repeat|transcript	338
chr5	68838151	68838489	ENSG00000249335.5	gene|regulatory|repeat|transcript	338
chr5	152046403	152046741	ENSG00000254226.6	gene|regulatory|repeat|transcript	338
chr5	173394747	173395085	ENSG00000253968.2	gene|regulatory|repeat|transcript	338
chr5	57413181	57413519	ENSG00000250961.2	gene|regulatory|repeat|transcript	338
chr5	127963950	127964288	ENSG00000245937.10	gene|regulatory|repeat|transcript	338
chr5	57681958	57682295	ENSG00000287709.3	gene|regulatory|repeat|transcript	337
chr5	57442509	57442846	ENSG00000250961.2	gene|regulatory|repeat|transcript	337
chr5	177498423	177498760	ENSG00000248996.1	gene|regulatory|repeat|transcript	337
chr5	127256997	127257334	ENSG00000286615.3	gene|regulatory|repeat|transcript	337
chr5	29382766	29383103	ENSG00000248391.6	gene|regulatory|repeat|transcript	337
chr5	127221998	127222335	ENSG00000283897.2	gene|regulatory|repeat|transcript	337
chr5	142512731	142513068	ENSG00000231185.9	gene|regulatory|repeat|transcript	337
chr5	159681687	159682024	ENSG00000249738.10	gene|regulatory|repeat|transcript	337
chr5	143547340	143547677	ENSG00000251205.3	gene|regulatory|repeat|transcript	337
chr5	124421619	124421956	ENSG00000253807.6	gene|regulatory|repeat|transcript	337
chr5	45060681	45061018	ENSG00000248148.1	gene|regulatory|repeat|transcript	337
chr5	145220033	145220370	ENSG00000251031.2	gene|regulatory|repeat|transcript	337
chr5	84438481	84438818	ENSG00000250320.7	gene|regulatory|repeat|transcript	337
chr5	113749403	113749739	ENSG00000286839.1	gene|regulatory|repeat|transcript	336
chr5	130805617	130805953	ENSG00000287390.1	gene|regulatory|repeat|transcript	336
chr5	142737706	142738042	ENSG00000236714.3	gene|regulatory|repeat|transcript	336
chr5	109309659	109309995	ENSG00000249476.2	gene|regulatory|repeat|transcript	336
chr5	178808906	178809242	ENSG00000291019.1	gene|regulatory|repeat|transcript	336
chr5	79962864	79963200	ENSG00000250888.1	gene|regulatory|repeat|transcript	336
chr5	162786188	162786524	ENSG00000254186.3	gene|regulatory|repeat|transcript	336
chr5	4551050	4551386	ENSG00000248973.3	gene|regulatory|repeat|transcript	336
chr5	23996487	23996823	ENSG00000248874.5	gene|regulatory|repeat|transcript	336
chr5	96301029	96301365	ENSG00000251314.2	gene|regulatory|repeat|transcript	336
chr5	163330799	163331135	ENSG00000254186.3	gene|regulatory|repeat|transcript	336
chr5	174436889	174437224	ENSG00000249306.7	gene|regulatory|repeat|transcript	335
chr5	104178618	104178953	ENSG00000251026.2	gene|regulatory|repeat|transcript	335
chr5	163334996	163335331	ENSG00000254186.3	gene|regulatory|repeat|transcript	335
chr5	12915176	12915511	ENSG00000248457.1	gene|regulatory|repeat|transcript	335
chr5	113748400	113748735	ENSG00000286839.1	gene|regulatory|repeat|transcript	335
chr5	25160978	25161313	ENSG00000251273.4	gene|regulatory|repeat|transcript	335
chr5	125987882	125988217	ENSG00000248752.3	gene|regulatory|repeat|transcript	335
chr5	148372785	148373119	ENSG00000247199.6	gene|regulatory|repeat|transcript	334
chr5	6408605	6408939	ENSG00000287031.1	gene|regulatory|repeat|transcript	334
chr5	32952481	32952815	ENSG00000248279.5|ENSG00000250697.2	gene|regulatory|repeat|transcript	334
chr5	124246954	124247288	ENSG00000253807.6	gene|regulatory|repeat|transcript	334
chr5	68565515	68565849	ENSG00000250237.3	gene|regulatory|repeat|transcript	334
chr5	164188795	164189129	ENSG00000253331.1	gene|regulatory|repeat|transcript	334
chr5	124329345	124329679	ENSG00000253807.6	gene|regulatory|repeat|transcript	334
chr5	56518824	56519158	ENSG00000225940.7	gene|regulatory|repeat|transcript	334
chr5	68922423	68922757	ENSG00000249335.5	gene|regulatory|repeat|transcript	334
chr5	142725277	142725611	ENSG00000236714.3	gene|regulatory|repeat|transcript	334
chr5	128065788	128066122	ENSG00000245937.10	gene|regulatory|repeat|transcript	334
chr5	130740193	130740527	ENSG00000287390.1	gene|regulatory|repeat|transcript	334
chr5	95850647	95850981	ENSG00000236882.9|ENSG00000251409.2	gene|regulatory|repeat|transcript	334
chr5	124951703	124952036	ENSG00000260192.3	gene|regulatory|repeat|transcript	333
chr5	141733239	141733572	ENSG00000286736.1	gene|regulatory|repeat|transcript	333
chr5	87002416	87002749	ENSG00000249061.1	gene|regulatory|repeat|transcript	333
chr5	130840006	130840339	ENSG00000287390.1	gene|regulatory|repeat|transcript	333
chr5	113742190	113742523	ENSG00000286839.1	gene|regulatory|repeat|transcript	333
chr5	90173432	90173765	ENSG00000248555.7	gene|regulatory|repeat|transcript	333
chr5	97208251	97208584	ENSG00000251513.2|ENSG00000286828.1	gene|regulatory|repeat|transcript	333
chr5	12623954	12624287	ENSG00000248131.6	gene|regulatory|repeat|transcript	333
chr5	89676699	89677032	ENSG00000250437.1	gene|regulatory|repeat|transcript	333
chr5	36691905	36692237	ENSG00000250155.3	gene|regulatory|repeat|transcript	332
chr5	155127557	155127889	ENSG00000287963.1	gene|regulatory|repeat|transcript	332
chr5	104815277	104815609	ENSG00000251574.8	gene|regulatory|repeat|transcript	332
chr5	137831590	137831922	ENSG00000250159.7	gene|regulatory|repeat|transcript	332
chr5	104178072	104178404	ENSG00000251026.2	gene|regulatory|repeat|transcript	332
chr5	57690739	57691070	ENSG00000287709.3	gene|regulatory|repeat|transcript	331
chr5	68918378	68918709	ENSG00000249335.5	gene|regulatory|repeat|transcript	331
chr5	124825537	124825868	ENSG00000260192.3	gene|regulatory|repeat|transcript	331
chr5	96930114	96930445	ENSG00000247121.8	gene|regulatory|repeat|transcript	331
chr5	142466173	142466503	ENSG00000231185.9	gene|regulatory|repeat|transcript	330
chr5	82969271	82969601	ENSG00000248400.2	gene|regulatory|repeat|transcript	330
chr5	1583131	1583461	ENSG00000185986.14|ENSG00000291055.1	gene|regulatory|repeat|transcript	330
chr5	74143731	74144061	ENSG00000248673.2	gene|regulatory|repeat|transcript	330
chr5	142726427	142726757	ENSG00000236714.3	gene|regulatory|repeat|transcript	330
chr5	173438976	173439306	ENSG00000253968.2	gene|regulatory|repeat|transcript	330
chr5	7170860	7171190	ENSG00000250974.4	gene|regulatory|repeat|transcript	330
chr5	102660957	102661287	ENSG00000250682.6	gene|regulatory|repeat|transcript	330
chr5	96170781	96171111	ENSG00000250551.1|ENSG00000251314.2|ENSG00000289337.1	gene|regulatory|repeat|transcript	330
chr5	89639672	89640002	ENSG00000250437.1	gene|regulatory|repeat|transcript	330
chr5	33049875	33050205	ENSG00000250697.2	gene|regulatory|repeat|transcript	330
chr5	136466929	136467259	ENSG00000249803.6	gene|regulatory|repeat|transcript	330
chr5	177899979	177900308	ENSG00000291113.1	gene|regulatory|repeat|transcript	329
chr5	104546935	104547264	ENSG00000251574.8	gene|regulatory|repeat|transcript	329
chr5	93039917	93040246	ENSG00000251361.1	gene|regulatory|repeat|transcript	329
chr5	52711267	52711596	ENSG00000248898.4	gene|regulatory|repeat|transcript	329
chr5	125549430	125549759	ENSG00000248752.3|ENSG00000260192.3|ENSG00000286111.1	gene|regulatory|repeat|transcript	329
chr5	38638699	38639028	ENSG00000244968.7	gene|regulatory|repeat|transcript	329
chr5	29079317	29079646	ENSG00000259786.7	gene|regulatory|repeat|transcript	329
chr5	27313542	27313871	ENSG00000250337.10	gene|regulatory|repeat|transcript	329
chr5	54355043	54355372	ENSG00000249069.8	gene|regulatory|repeat|transcript	329
chr5	132363400	132363729	ENSG00000233006.8	gene|regulatory|repeat|transcript	329
chr5	74969758	74970086	ENSG00000249856.1|ENSG00000289535.2	gene|regulatory|repeat|transcript	328
chr5	72767676	72768004	ENSG00000251613.4	gene|regulatory|repeat|transcript	328
chr5	96093332	96093660	ENSG00000250551.1|ENSG00000251314.2	gene|regulatory|repeat|transcript	328
chr5	5006615	5006943	ENSG00000215231.8|ENSG00000250481.2	gene|regulatory|repeat|transcript	328
chr5	104377712	104378040	ENSG00000251026.2	gene|regulatory|repeat|transcript	328
chr5	89292020	89292347	ENSG00000248309.9	gene|regulatory|repeat|transcript	327
chr5	117533047	117533374	ENSG00000248663.7	gene|regulatory|repeat|transcript	327
chr5	102722967	102723294	ENSG00000286338.1	gene|regulatory|repeat|transcript	327
chr5	117955858	117956185	ENSG00000249797.2	gene|regulatory|repeat|transcript	327
chr5	152625743	152626070	ENSG00000249484.9|ENSG00000286749.1	gene|regulatory|repeat|transcript	327
chr5	159471897	159472224	ENSG00000249738.10	gene|regulatory|repeat|transcript	327
chr5	111635670	111635996	ENSG00000246859.3	gene|regulatory|repeat|transcript	326
chr5	67752016	67752342	ENSG00000249364.7|ENSG00000250421.5	gene|regulatory|repeat|transcript	326
chr5	175915141	175915467	ENSG00000250820.1	gene|regulatory|repeat|transcript	326
chr5	56475719	56476045	ENSG00000248727.6	gene|regulatory|repeat|transcript	326
chr5	158382508	158382834	ENSG00000276778.1	gene|regulatory|repeat|transcript	326
chr5	40500573	40500899	ENSG00000285552.1	gene|regulatory|repeat|transcript	326
chr5	125045643	125045968	ENSG00000260192.3	gene|regulatory|repeat|transcript	325
chr5	124309062	124309387	ENSG00000253807.6	gene|regulatory|repeat|transcript	325
chr5	86997456	86997781	ENSG00000249061.1	gene|regulatory|repeat|transcript	325
chr5	17951782	17952107	ENSG00000249937.9	gene|regulatory|repeat|transcript	325
chr5	151405735	151406060	ENSG00000253897.3|ENSG00000290991.1	gene|regulatory|repeat|transcript	325
chr5	152505488	152505813	ENSG00000286749.1	gene|regulatory|repeat|transcript	325
chr5	125967644	125967968	ENSG00000241888.2|ENSG00000248752.3	gene|regulatory|repeat|transcript	324
chr5	118502273	118502597	ENSG00000250891.3	gene|regulatory|repeat|transcript	324
chr5	61256498	61256822	ENSG00000249279.6	gene|regulatory|repeat|transcript	324
chr5	149092780	149093104	ENSG00000250072.8	gene|regulatory|repeat|transcript	324
chr5	129440510	129440834	ENSG00000249421.2	gene|regulatory|repeat|transcript	324
chr5	142327598	142327921	ENSG00000231185.9	gene|regulatory|repeat|transcript	323
chr5	21485592	21485915	ENSG00000183666.20|ENSG00000291102.1	gene|regulatory|repeat|transcript	323
chr5	142453832	142454155	ENSG00000231185.9	gene|regulatory|repeat|transcript	323
chr5	97855344	97855667	ENSG00000248202.2|ENSG00000286953.1	gene|regulatory|repeat|transcript	323
chr5	135159702	135160025	ENSG00000224186.8	gene|regulatory|repeat|transcript	323
chr5	28287034	28287357	ENSG00000249785.3	gene|regulatory|repeat|transcript	323
chr5	151434627	151434950	ENSG00000290991.1	gene|regulatory|repeat|transcript	323
chr5	159582946	159583269	ENSG00000249738.10	gene|regulatory|repeat|transcript	323
chr5	163357628	163357950	ENSG00000254186.3	gene|regulatory|repeat|transcript	322
chr5	4615428	4615750	ENSG00000248973.3	gene|regulatory|repeat|transcript	322
chr5	163318721	163319043	ENSG00000254186.3	gene|regulatory|repeat|transcript	322
chr5	149074968	149075290	ENSG00000250072.8	gene|regulatory|repeat|transcript	322
chr5	43336266	43336588	ENSG00000293086.1	gene|regulatory|repeat|transcript	322
chr5	142396682	142397003	ENSG00000231185.9	gene|regulatory|repeat|transcript	321
chr5	68964715	68965036	ENSG00000249335.5|ENSG00000250066.1	gene|regulatory|repeat|transcript	321
chr5	146576364	146576685	ENSG00000250407.1	gene|regulatory|repeat|transcript	321
chr5	87084745	87085066	ENSG00000233828.5|ENSG00000249061.1	gene|regulatory|repeat|transcript	321
chr5	27462962	27463283	ENSG00000250337.10	gene|regulatory|repeat|transcript	321
chr5	27450654	27450975	ENSG00000250337.10	gene|regulatory|repeat|transcript	321
chr5	142446768	142447088	ENSG00000231185.9	gene|regulatory|repeat|transcript	320
chr5	127663198	127663518	ENSG00000248799.1	gene|regulatory|repeat|transcript	320
chr5	89003043	89003363	ENSG00000248309.9	gene|regulatory|repeat|transcript	320
chr5	122722696	122723016	ENSG00000251538.7	gene|regulatory|repeat|transcript	320
chr5	115395304	115395624	ENSG00000289497.2	gene|regulatory|repeat|transcript	320
chr5	21729791	21730111	ENSG00000253766.1	gene|regulatory|repeat|transcript	320
chr5	146574731	146575050	ENSG00000250407.1	gene|regulatory|repeat|transcript	319
chr5	163139702	163140021	ENSG00000254186.3	gene|regulatory|repeat|transcript	319
chr5	174990886	174991205	ENSG00000204754.3	gene|regulatory|repeat|transcript	319
chr5	82343671	82343990	ENSG00000293465.1	gene|regulatory|repeat|transcript	319
chr5	124494610	124494928	ENSG00000248296.1	gene|regulatory|repeat|transcript	318
chr5	159837902	159838220	ENSG00000253311.3	gene|regulatory|repeat|transcript	318
chr5	125001152	125001470	ENSG00000260192.3	gene|regulatory|repeat|transcript	318
chr5	176142235	176142553	ENSG00000289731.2	gene|regulatory|repeat|transcript	318
chr5	92505185	92505503	ENSG00000249776.5	gene|regulatory|repeat|transcript	318
chr5	111629317	111629635	ENSG00000246859.3	gene|regulatory|repeat|transcript	318
chr5	88366094	88366412	ENSG00000247828.10	gene|regulatory|repeat|transcript	318
chr5	17838556	17838873	ENSG00000249937.9	gene|regulatory|repeat|transcript	317
chr5	127967936	127968253	ENSG00000245937.10	gene|regulatory|repeat|transcript	317
chr5	160453221	160453538	ENSG00000253522.6	gene|regulatory|repeat|transcript	317
chr5	174511721	174512038	ENSG00000249306.7	gene|regulatory|repeat|transcript	317
chr5	24067302	24067619	ENSG00000248874.5	gene|regulatory|repeat|transcript	317
chr5	163316437	163316753	ENSG00000254186.3	gene|regulatory|repeat|transcript	316
chr5	142580345	142580661	ENSG00000231185.9	gene|regulatory|repeat|transcript	316
chr5	58557680	58557996	ENSG00000250127.1	gene|regulatory|repeat|transcript	316
chr5	42890706	42891022	ENSG00000286271.3	gene|regulatory|repeat|transcript	316
chr5	153079468	153079783	ENSG00000249484.9	gene|regulatory|repeat|transcript	315
chr5	29307467	29307782	ENSG00000248391.6	gene|regulatory|repeat|transcript	315
chr5	159419627	159419942	ENSG00000249738.10	gene|regulatory|repeat|transcript	315
chr5	86980119	86980434	ENSG00000249061.1	gene|regulatory|repeat|transcript	315
chr5	82374708	82375023	ENSG00000293465.1	gene|regulatory|repeat|transcript	315
chr5	96015891	96016206	ENSG00000251314.2	gene|regulatory|repeat|transcript	315
chr5	125928126	125928441	ENSG00000248752.3	gene|regulatory|repeat|transcript	315
chr5	163105512	163105827	ENSG00000254186.3	gene|regulatory|repeat|transcript	315
chr5	89239294	89239608	ENSG00000248309.9	gene|regulatory|repeat|transcript	314
chr5	5077266	5077580	ENSG00000250529.1	gene|regulatory|repeat|transcript	314
chr5	115369441	115369755	ENSG00000289497.2	gene|regulatory|repeat|transcript	314
chr5	23952040	23952354	ENSG00000248874.5	gene|regulatory|repeat|transcript	314
chr5	8317384	8317698	ENSG00000288002.1	gene|regulatory|repeat|transcript	314
chr5	15139717	15140031	ENSG00000249332.2	gene|regulatory|repeat|transcript	314
chr5	109281418	109281732	ENSG00000249476.2	gene|regulatory|repeat|transcript	314
chr5	16414878	16415192	ENSG00000248150.1	gene|regulatory|repeat|transcript	314
chr5	124453708	124454022	ENSG00000248600.2	gene|regulatory|repeat|transcript	314
chr5	163360703	163361016	ENSG00000254186.3	gene|regulatory|repeat|transcript	313
chr5	74167474	74167787	ENSG00000248673.2	gene|regulatory|repeat|transcript	313
chr5	163315576	163315889	ENSG00000254186.3	gene|regulatory|repeat|transcript	313
chr5	118429763	118430076	ENSG00000250891.3	gene|regulatory|repeat|transcript	313
chr5	89354217	89354530	ENSG00000248309.9	gene|regulatory|repeat|transcript	313
chr5	142431864	142432177	ENSG00000231185.9	gene|regulatory|repeat|transcript	313
chr5	103480300	103480613	ENSG00000226926.8|ENSG00000293393.1	gene|regulatory|repeat|transcript	313
chr5	32941788	32942101	ENSG00000250697.2	gene|regulatory|repeat|transcript	313
chr5	44565948	44566261	ENSG00000249203.2	gene|regulatory|repeat|transcript	313
chr5	106875097	106875409	ENSG00000251027.2	gene|regulatory|repeat|transcript	312
chr5	176197313	176197625	ENSG00000283235.2	gene|regulatory|repeat|transcript	312
chr5	140589238	140589550	ENSG00000283155.1|ENSG00000283602.2|ENSG00000293441.1	gene|regulatory|repeat|transcript	312
chr5	93425581	93425892	ENSG00000237187.9	gene|regulatory|repeat|transcript	311
chr5	155163176	155163487	ENSG00000287963.1	gene|regulatory|repeat|transcript	311
chr5	80621683	80621994	ENSG00000251221.1	gene|regulatory|repeat|transcript	311
chr5	98940660	98940971	ENSG00000248489.4	gene|regulatory|repeat|transcript	311
chr5	20992252	20992563	ENSG00000286751.1	gene|regulatory|repeat|transcript	311
chr5	97208747	97209058	ENSG00000251513.2|ENSG00000286828.1	gene|regulatory|repeat|transcript	311
chr5	173654027	173654338	ENSG00000253959.1	gene|regulatory|repeat|transcript	311
chr5	132362130	132362441	ENSG00000233006.8	gene|regulatory|repeat|transcript	311
chr5	104998214	104998525	ENSG00000251574.8|ENSG00000253584.1	gene|regulatory|repeat|transcript	311
chr5	4550405	4550715	ENSG00000248973.3	gene|regulatory|repeat|transcript	310
chr5	142754094	142754404	ENSG00000236714.3	gene|regulatory|repeat|transcript	310
chr5	21663110	21663420	ENSG00000253766.1	gene|regulatory|repeat|transcript	310
chr5	12573943	12574253	ENSG00000248783.1	gene|regulatory|repeat|transcript	310
chr5	145162643	145162953	ENSG00000251031.2	gene|regulatory|repeat|transcript	310
chr5	173448894	173449203	ENSG00000253968.2	gene|regulatory|repeat|transcript	309
chr5	1371621	1371930	ENSG00000250584.4	gene|regulatory|repeat|transcript	309
chr5	89105209	89105518	ENSG00000248309.9	gene|regulatory|repeat|transcript	309
chr5	178180543	178180852	ENSG00000289726.1	gene|regulatory|repeat|transcript	309
chr5	103434226	103434535	ENSG00000226926.8|ENSG00000293393.1	gene|regulatory|repeat|transcript	309
chr5	159342900	159343209	ENSG00000249738.10	gene|regulatory|repeat|transcript	309
chr5	124881385	124881693	ENSG00000260192.3	gene|regulatory|repeat|transcript	308
chr5	92505964	92506272	ENSG00000249776.5	gene|regulatory|repeat|transcript	308
chr5	74295204	74295512	ENSG00000248673.2|ENSG00000248942.3|ENSG00000288883.1	gene|regulatory|repeat|transcript	308
chr5	54326908	54327216	ENSG00000249069.8	gene|regulatory|repeat|transcript	308
chr5	96928937	96929245	ENSG00000247121.8	gene|regulatory|repeat|transcript	308
chr5	44777992	44778300	ENSG00000251141.6	gene|regulatory|repeat|transcript	308
chr5	124415003	124415311	ENSG00000253807.6	gene|regulatory|repeat|transcript	308
chr5	164119797	164120104	ENSG00000253331.1	gene|regulatory|repeat|transcript	307
chr5	17796090	17796397	ENSG00000249937.9	gene|regulatory|repeat|transcript	307
chr5	16656615	16656922	ENSG00000246214.3	gene|regulatory|repeat|transcript	307
chr5	162931544	162931851	ENSG00000254186.3	gene|regulatory|repeat|transcript	307
chr5	43580814	43581121	ENSG00000248092.8	gene|regulatory|repeat|transcript	307
chr5	125054461	125054767	ENSG00000260192.3	gene|regulatory|repeat|transcript	306
chr5	96306465	96306771	ENSG00000251314.2	gene|regulatory|repeat|transcript	306
chr5	56479216	56479522	ENSG00000248727.6	gene|regulatory|repeat|transcript	306
chr5	8473933	8474239	ENSG00000247516.8	gene|regulatory|repeat|transcript	306
chr5	170313394	170313700	ENSG00000235172.9	gene|regulatory|repeat|transcript	306
chr5	1596490	1596796	ENSG00000271119.1	gene|regulatory|repeat|transcript	306
chr5	57735326	57735632	ENSG00000287709.3	gene|regulatory|repeat|transcript	306
chr5	54383960	54384266	ENSG00000249069.8	gene|regulatory|repeat|transcript	306
chr5	180828880	180829185	ENSG00000278970.4	gene|regulatory|repeat|transcript	305
chr5	91228246	91228551	ENSG00000248323.8	gene|regulatory|repeat|transcript	305
chr5	27465734	27466039	ENSG00000250337.10	gene|regulatory|repeat|transcript	305
chr5	14991106	14991411	ENSG00000286441.1	gene|regulatory|repeat|transcript	305
chr5	100520394	100520699	ENSG00000247877.8|ENSG00000249787.2	gene|regulatory|repeat|transcript	305
chr5	29017606	29017910	ENSG00000259786.7	gene|regulatory|repeat|transcript	304
chr5	179505047	179505351	ENSG00000253652.1	gene|regulatory|repeat|transcript	304
chr5	112656500	112656803	ENSG00000250358.7	gene|regulatory|repeat|transcript	303
chr5	174755181	174755484	ENSG00000251670.1	gene|regulatory|repeat|transcript	303
chr5	116579193	116579496	ENSG00000249167.2	gene|regulatory|repeat|transcript	303
chr5	42908872	42909175	ENSG00000286271.3	gene|regulatory|repeat|transcript	303
chr5	44806732	44807035	ENSG00000251141.6	gene|regulatory|repeat|transcript	303
chr5	91458367	91458670	ENSG00000281357.5	gene|regulatory|repeat|transcript	303
chr5	106873592	106873895	ENSG00000251027.2	gene|regulatory|repeat|transcript	303
chr5	155193070	155193372	ENSG00000287963.1	gene|regulatory|repeat|transcript	302
chr5	28609840	28610142	ENSG00000250453.2	gene|regulatory|repeat|transcript	302
chr5	148301726	148302028	ENSG00000247199.6	gene|regulatory|repeat|transcript	302
chr5	32116908	32117210	ENSG00000250764.1	gene|regulatory|repeat|transcript	302
chr5	160478158	160478460	ENSG00000253522.6	gene|regulatory|repeat|transcript	302
chr5	54330246	54330548	ENSG00000249069.8	gene|regulatory|repeat|transcript	302
chr5	72754474	72754776	ENSG00000251613.4	gene|regulatory|repeat|transcript	302
chr5	88945065	88945367	ENSG00000248309.9	gene|regulatory|repeat|transcript	302
chr5	43025392	43025694	ENSG00000177738.6	gene|regulatory|repeat|transcript	302
chr5	148356699	148357000	ENSG00000247199.6	gene|regulatory|repeat|transcript	301
chr5	57395779	57396080	ENSG00000250961.2	gene|regulatory|repeat|transcript	301
chr5	98130273	98130574	ENSG00000248901.2	gene|regulatory|repeat|transcript	301
chr5	135083965	135084266	ENSG00000224186.8	gene|regulatory|repeat|transcript	301
chr5	125129178	125129479	ENSG00000260192.3	gene|regulatory|repeat|transcript	301
chr5	87136111	87136411	ENSG00000233828.5|ENSG00000249061.1	gene|regulatory|repeat|transcript	300
chr5	74231722	74232022	ENSG00000248673.2	gene|regulatory|repeat|transcript	300
chr5	52964164	52964464	ENSG00000249899.6	gene|regulatory|repeat|transcript	300
chr5	121299239	121299539	ENSG00000229855.9	gene|regulatory|repeat|transcript	300
chr5	124230469	124230769	ENSG00000253807.6	gene|regulatory|repeat|transcript	300
chr5	68561173	68561473	ENSG00000248359.2|ENSG00000250237.3	gene|regulatory|repeat|transcript	300
chr5	56587846	56588146	ENSG00000225940.7	gene|regulatory|repeat|transcript	300
chr5	72598640	72598940	ENSG00000248371.5	gene|regulatory|repeat|transcript	300
chr5	8549938	8550238	ENSG00000249782.2	gene|regulatory|repeat|transcript	300
chr5	155115589	155115889	ENSG00000287963.1	gene|regulatory|repeat|transcript	300
chr5	148320085	148320384	ENSG00000247199.6	gene|regulatory|repeat|transcript	299
chr5	74245405	74245704	ENSG00000248673.2	gene|regulatory|repeat|transcript	299
chr5	53786640	53786939	ENSG00000250447.6	gene|regulatory|repeat|transcript	299
chr5	43600031	43600330	ENSG00000248092.8	gene|regulatory|repeat|transcript	299
chr5	125370524	125370823	ENSG00000248752.3|ENSG00000260192.3	gene|regulatory|repeat|transcript	299
chr5	20608652	20608951	ENSG00000249490.2	gene|regulatory|repeat|transcript	299
chr5	87113913	87114212	ENSG00000233828.5|ENSG00000249061.1	gene|regulatory|repeat|transcript	299
chr5	33146959	33147258	ENSG00000250697.2	gene|regulatory|repeat|transcript	299
chr5	9775094	9775393	ENSG00000249781.7	gene|regulatory|repeat|transcript	299
chr5	151176297	151176596	ENSG00000285420.1	gene|regulatory|repeat|transcript	299
chr5	104532875	104533173	ENSG00000251574.8	gene|regulatory|repeat|transcript	298
chr5	7309741	7310039	ENSG00000290510.1	gene|regulatory|repeat|transcript	298
chr5	96382966	96383264	ENSG00000251314.2	gene|regulatory|repeat|transcript	298
chr5	38636692	38636990	ENSG00000244968.7	gene|regulatory|repeat|transcript	298
chr5	12627055	12627353	ENSG00000248131.6	gene|regulatory|repeat|transcript	298
chr5	125976686	125976984	ENSG00000248752.3	gene|regulatory|repeat|transcript	298
chr5	124941715	124942013	ENSG00000260192.3	gene|regulatory|repeat|transcript	298
chr5	91701940	91702238	ENSG00000286121.1	gene|regulatory|repeat|transcript	298
chr5	97265665	97265963	ENSG00000251513.2	gene|regulatory|repeat|transcript	298
chr5	56587481	56587778	ENSG00000225940.7	gene|regulatory|repeat|transcript	297
chr5	1583530	1583827	ENSG00000185986.14|ENSG00000291055.1	gene|regulatory|repeat|transcript	297
chr5	149070991	149071288	ENSG00000250072.8	gene|regulatory|repeat|transcript	297
chr5	98144729	98145026	ENSG00000248901.2	gene|regulatory|repeat|transcript	297
chr5	8237491	8237788	ENSG00000288002.1	gene|regulatory|repeat|transcript	297
chr5	95845384	95845681	ENSG00000236882.9|ENSG00000251409.2	gene|regulatory|repeat|transcript	297
chr5	17878569	17878866	ENSG00000249937.9	gene|regulatory|repeat|transcript	297
chr5	74128021	74128318	ENSG00000248673.2	gene|regulatory|repeat|transcript	297
chr5	125621264	125621561	ENSG00000248752.3	gene|regulatory|repeat|transcript	297
chr5	159434901	159435198	ENSG00000249738.10	gene|regulatory|repeat|transcript	297
chr5	126036395	126036691	ENSG00000248752.3	gene|regulatory|repeat|transcript	296
chr5	17912836	17913132	ENSG00000249937.9	gene|regulatory|repeat|transcript	296
chr5	67437347	67437643	ENSG00000249364.7	gene|regulatory|repeat|transcript	296
chr5	134464516	134464812	ENSG00000250994.3	gene|regulatory|repeat|transcript	296
chr5	130818023	130818319	ENSG00000287390.1	gene|regulatory|repeat|transcript	296
chr5	152924236	152924532	ENSG00000249484.9	gene|regulatory|repeat|transcript	296
chr5	121216622	121216918	ENSG00000229855.9	gene|regulatory|repeat|transcript	296
chr5	148379884	148380180	ENSG00000247199.6	gene|regulatory|repeat|transcript	296
chr5	115749077	115749372	ENSG00000248709.3	gene|regulatory|repeat|transcript	295
chr5	90208331	90208626	ENSG00000248555.7	gene|regulatory|repeat|transcript	295
chr5	126354879	126355174	ENSG00000248752.3	gene|regulatory|repeat|transcript	295
chr5	117776732	117777027	ENSG00000249797.2	gene|regulatory|repeat|transcript	295
chr5	68995259	68995553	ENSG00000249335.5|ENSG00000249352.4	gene|regulatory|repeat|transcript	294
chr5	74465325	74465619	ENSG00000248673.2	gene|regulatory|repeat|transcript	294
chr5	27458707	27459001	ENSG00000250337.10	gene|regulatory|repeat|transcript	294
chr5	140719150	140719444	ENSG00000292256.1	gene|regulatory|repeat|transcript	294
chr5	96922030	96922324	ENSG00000247121.8	gene|regulatory|repeat|transcript	294
chr5	132368276	132368570	ENSG00000233006.8	gene|regulatory|repeat|transcript	294
chr5	124966796	124967089	ENSG00000260192.3	gene|regulatory|repeat|transcript	293
chr5	17864982	17865275	ENSG00000249937.9	gene|regulatory|repeat|transcript	293
chr5	12935204	12935497	ENSG00000248457.1	gene|regulatory|repeat|transcript	293
chr5	17890561	17890854	ENSG00000249937.9	gene|regulatory|repeat|transcript	293
chr5	73464921	73465214	ENSG00000251324.1	gene|regulatory|repeat|transcript	293
chr5	67490565	67490858	ENSG00000249364.7	gene|regulatory|repeat|transcript	293
chr5	33092039	33092332	ENSG00000250697.2	gene|regulatory|repeat|transcript	293
chr5	96025169	96025462	ENSG00000251314.2	gene|regulatory|repeat|transcript	293
chr5	135290160	135290453	ENSG00000224186.8	gene|regulatory|repeat|transcript	293
chr5	96070644	96070936	ENSG00000250551.1|ENSG00000251314.2	gene|regulatory|repeat|transcript	292
chr5	104186176	104186468	ENSG00000251026.2	gene|regulatory|repeat|transcript	292
chr5	151700367	151700659	ENSG00000249035.7	gene|regulatory|repeat|transcript	292
chr5	5399294	5399586	ENSG00000286753.3	gene|regulatory|repeat|transcript	292
chr5	12738976	12739268	ENSG00000248131.6	gene|regulatory|repeat|transcript	292
chr5	128007995	128008287	ENSG00000245937.10	gene|regulatory|repeat|transcript	292
chr5	16628367	16628659	ENSG00000246214.3	gene|regulatory|repeat|transcript	292
chr5	159531777	159532069	ENSG00000249738.10	gene|regulatory|repeat|transcript	292
chr5	10761839	10762131	ENSG00000272324.5	gene|regulatory|repeat|transcript	292
chr5	88015051	88015343	ENSG00000287862.1	gene|regulatory|repeat|transcript	292
chr5	68921479	68921771	ENSG00000249335.5	gene|regulatory|repeat|transcript	292
chr5	4563435	4563727	ENSG00000248973.3	gene|regulatory|repeat|transcript	292
chr5	118486152	118486443	ENSG00000250891.3	gene|regulatory|repeat|transcript	291
chr5	152193427	152193718	ENSG00000254226.6	gene|regulatory|repeat|transcript	291
chr5	158430233	158430524	ENSG00000254350.1	gene|regulatory|repeat|transcript	291
chr5	176157669	176157960	ENSG00000248596.8|ENSG00000289731.2	gene|regulatory|repeat|transcript	291
chr5	5415041	5415332	ENSG00000286753.3	gene|regulatory|repeat|transcript	291
chr5	172534853	172535144	ENSG00000287814.1	gene|regulatory|repeat|transcript	291
chr5	151703191	151703482	ENSG00000249035.7	gene|regulatory|repeat|transcript	291
chr5	89133157	89133448	ENSG00000248309.9	gene|regulatory|repeat|transcript	291
chr5	74392675	74392966	ENSG00000248673.2	gene|regulatory|repeat|transcript	291
chr5	87431064	87431355	ENSG00000285190.1	gene|regulatory|repeat|transcript	291
chr5	56072460	56072750	ENSG00000249236.2	gene|regulatory|repeat|transcript	290
chr5	126186238	126186528	ENSG00000248107.2|ENSG00000248752.3	gene|regulatory|repeat|transcript	290
chr5	159214732	159215021	ENSG00000253256.1	gene|regulatory|repeat|transcript	289
chr5	38631063	38631352	ENSG00000244968.7	gene|regulatory|repeat|transcript	289
chr5	57684430	57684719	ENSG00000287709.3	gene|regulatory|repeat|transcript	289
chr5	130897818	130898107	ENSG00000287390.1	gene|regulatory|repeat|transcript	289
chr5	44806354	44806643	ENSG00000251141.6	gene|regulatory|repeat|transcript	289
chr5	147234030	147234319	ENSG00000250343.1	gene|regulatory|repeat|transcript	289
chr5	151383583	151383872	ENSG00000253897.3|ENSG00000290991.1	gene|regulatory|repeat|transcript	289
chr5	5008418	5008707	ENSG00000215231.8|ENSG00000250481.2	gene|regulatory|repeat|transcript	289
chr5	67896380	67896669	ENSG00000250421.5	gene|regulatory|repeat|transcript	289
chr5	126123016	126123305	ENSG00000248752.3	gene|regulatory|repeat|transcript	289
chr5	162431566	162431854	ENSG00000254186.3	gene|regulatory|repeat|transcript	288
chr5	142501923	142502211	ENSG00000231185.9	gene|regulatory|repeat|transcript	288
chr5	5409282	5409570	ENSG00000286753.3	gene|regulatory|repeat|transcript	288
chr5	87442469	87442757	ENSG00000285190.1	gene|regulatory|repeat|transcript	288
chr5	97623501	97623789	ENSG00000250331.2	gene|regulatory|repeat|transcript	288
chr5	174386401	174386688	ENSG00000249306.7	gene|regulatory|repeat|transcript	287
chr5	125169434	125169721	ENSG00000260192.3	gene|regulatory|repeat|transcript	287
chr5	174382697	174382984	ENSG00000249306.7	gene|regulatory|repeat|transcript	287
chr5	106880797	106881084	ENSG00000251027.2	gene|regulatory|repeat|transcript	287
chr5	181208354	181208641	ENSG00000286644.1	gene|regulatory|repeat|transcript	287
chr5	82817918	82818205	ENSG00000281327.4	gene|regulatory|repeat|transcript	287
chr5	72740915	72741202	ENSG00000251613.4	gene|regulatory|repeat|transcript	287
chr5	32115995	32116282	ENSG00000250764.1	gene|regulatory|repeat|transcript	287
chr5	74374710	74374996	ENSG00000248673.2	gene|regulatory|repeat|transcript	286
chr5	74477860	74478146	ENSG00000248673.2	gene|regulatory|repeat|transcript	286
chr5	88380383	88380669	ENSG00000247828.10	gene|regulatory|repeat|transcript	286
chr5	92222500	92222786	ENSG00000250049.7	gene|regulatory|repeat|transcript	286
chr5	98965317	98965603	ENSG00000248489.4	gene|regulatory|repeat|transcript	286
chr5	112523419	112523705	ENSG00000290027.1	gene|regulatory|repeat|transcript	286
chr5	92374364	92374649	ENSG00000250049.7	gene|regulatory|repeat|transcript	285
chr5	173567612	173567897	ENSG00000253768.1	gene|regulatory|repeat|transcript	285
chr5	33091638	33091923	ENSG00000250697.2	gene|regulatory|repeat|transcript	285
chr5	104652468	104652753	ENSG00000251574.8	gene|regulatory|repeat|transcript	285
chr5	84437991	84438276	ENSG00000250320.7	gene|regulatory|repeat|transcript	285
chr5	95711583	95711867	ENSG00000250240.6	gene|regulatory|repeat|transcript	284
chr5	33048335	33048619	ENSG00000250697.2	gene|regulatory|repeat|transcript	284
chr5	12662623	12662907	ENSG00000248131.6	gene|regulatory|repeat|transcript	284
chr5	43580033	43580317	ENSG00000248092.8	gene|regulatory|repeat|transcript	284
chr5	121171884	121172168	ENSG00000229855.9	gene|regulatory|repeat|transcript	284
chr5	160482748	160483032	ENSG00000253522.6	gene|regulatory|repeat|transcript	284
chr5	163335622	163335906	ENSG00000254186.3	gene|regulatory|repeat|transcript	284
chr5	44638509	44638792	ENSG00000249203.2	gene|regulatory|repeat|transcript	283
chr5	43038561	43038844	ENSG00000177738.6	gene|regulatory|repeat|transcript	283
chr5	21341976	21342259	ENSG00000291102.1	gene|regulatory|repeat|transcript	283
chr5	111561109	111561392	ENSG00000246859.3	gene|regulatory|repeat|transcript	283
chr5	139728172	139728455	ENSG00000249526.1	gene|regulatory|repeat|transcript	283
chr5	24068623	24068905	ENSG00000248874.5	gene|regulatory|repeat|transcript	282
chr5	112522709	112522991	ENSG00000290027.1	gene|regulatory|repeat|transcript	282
chr5	25418372	25418654	ENSG00000248605.5	gene|regulatory|repeat|transcript	282
chr5	142515096	142515378	ENSG00000231185.9	gene|regulatory|repeat|transcript	282
chr5	8414063	8414345	ENSG00000245729.2|ENSG00000249159.6	gene|regulatory|repeat|transcript	282
chr5	168658403	168658685	ENSG00000254192.1	gene|regulatory|repeat|transcript	282
chr5	124932948	124933230	ENSG00000260192.3	gene|regulatory|repeat|transcript	282
chr5	114612502	114612784	ENSG00000246316.8	gene|regulatory|repeat|transcript	282
chr5	82314997	82315278	ENSG00000205464.14|ENSG00000293465.1	gene|regulatory|repeat|transcript	281
chr5	28632653	28632934	ENSG00000250453.2|ENSG00000286432.1	gene|regulatory|repeat|transcript	281
chr5	142388677	142388958	ENSG00000231185.9	gene|regulatory|repeat|transcript	281
chr5	116751242	116751523	ENSG00000251311.1	gene|regulatory|repeat|transcript	281
chr5	120247886	120248167	ENSG00000251293.1	gene|regulatory|repeat|transcript	281
chr5	120387007	120387288	ENSG00000261036.2	gene|regulatory|repeat|transcript	281
chr5	125038476	125038757	ENSG00000260192.3	gene|regulatory|repeat|transcript	281
chr5	88707356	88707637	ENSG00000245864.5	gene|regulatory|repeat|transcript	281
chr5	109299230	109299511	ENSG00000249476.2	gene|regulatory|repeat|transcript	281
chr5	180827424	180827704	ENSG00000278970.4	gene|regulatory|repeat|transcript	280
chr5	117735013	117735293	ENSG00000249797.2	gene|regulatory|repeat|transcript	280
chr5	97157795	97158075	ENSG00000251513.2	gene|regulatory|repeat|transcript	280
chr5	57494778	57495058	ENSG00000250961.2	gene|regulatory|repeat|transcript	280
chr5	165735406	165735686	ENSG00000253693.1	gene|regulatory|repeat|transcript	280
chr5	165754704	165754984	ENSG00000253693.1	gene|regulatory|repeat|transcript	280
chr5	150945522	150945802	ENSG00000197083.14|ENSG00000291115.1	gene|regulatory|repeat|transcript	280
chr5	103467872	103468152	ENSG00000226926.8|ENSG00000293393.1	gene|regulatory|repeat|transcript	280
chr5	56025707	56025987	ENSG00000249236.2	gene|regulatory|repeat|transcript	280
chr5	118060890	118061169	ENSG00000249797.2|ENSG00000250891.3	gene|regulatory|repeat|transcript	279
chr5	67673988	67674267	ENSG00000249364.7	gene|regulatory|repeat|transcript	279
chr5	25158282	25158561	ENSG00000251273.4	gene|regulatory|repeat|transcript	279
chr5	24141091	24141370	ENSG00000248874.5|ENSG00000286134.2	gene|regulatory|repeat|transcript	279
chr5	97844868	97845147	ENSG00000248202.2|ENSG00000286953.1	gene|regulatory|repeat|transcript	279
chr5	8255073	8255352	ENSG00000288002.1	gene|regulatory|repeat|transcript	279
chr5	152168657	152168936	ENSG00000254226.6	gene|regulatory|repeat|transcript	279
chr5	21678567	21678846	ENSG00000253766.1	gene|regulatory|repeat|transcript	279
chr5	164346899	164347178	ENSG00000241956.11	gene|regulatory|repeat|transcript	279
chr5	18740382	18740661	ENSG00000248693.1	gene|regulatory|repeat|transcript	279
chr5	97808138	97808416	ENSG00000286953.1	gene|regulatory|repeat|transcript	278
chr5	117734248	117734526	ENSG00000249797.2	gene|regulatory|repeat|transcript	278
chr5	158373652	158373930	ENSG00000276778.1	gene|regulatory|repeat|transcript	278
chr5	98129966	98130244	ENSG00000248901.2	gene|regulatory|repeat|transcript	278
chr5	163319200	163319478	ENSG00000254186.3	gene|regulatory|repeat|transcript	278
chr5	142726097	142726375	ENSG00000236714.3	gene|regulatory|repeat|transcript	278
chr5	152584146	152584423	ENSG00000286749.1	gene|regulatory|repeat|transcript	277
chr5	161946952	161947229	ENSG00000280776.2	gene|regulatory|repeat|transcript	277
chr5	164741379	164741656	ENSG00000241956.11	gene|regulatory|repeat|transcript	277
chr5	136382884	136383161	ENSG00000279240.1	gene|regulatory|repeat|transcript	277
chr5	69478360	69478637	ENSG00000249295.1	gene|regulatory|repeat|transcript	277
chr5	88976994	88977271	ENSG00000248309.9	gene|regulatory|repeat|transcript	277
chr5	92435884	92436161	ENSG00000249776.5|ENSG00000250049.7	gene|regulatory|repeat|transcript	277
chr5	118207692	118207969	ENSG00000249797.2|ENSG00000250891.3	gene|regulatory|repeat|transcript	277
chr5	120405960	120406237	ENSG00000261036.2	gene|regulatory|repeat|transcript	277
chr5	27276135	27276411	ENSG00000250337.10	gene|regulatory|repeat|transcript	276
chr5	68811588	68811864	ENSG00000249335.5	gene|regulatory|repeat|transcript	276
chr5	68546007	68546283	ENSG00000248359.2|ENSG00000250237.3	gene|regulatory|repeat|transcript	276
chr5	174760758	174761034	ENSG00000251670.1	gene|regulatory|repeat|transcript	276
chr5	23978039	23978315	ENSG00000248874.5	gene|regulatory|repeat|transcript	276
chr5	18744483	18744759	ENSG00000248693.1	gene|regulatory|repeat|transcript	276
chr5	97842712	97842988	ENSG00000248202.2|ENSG00000286953.1	gene|regulatory|repeat|transcript	276
chr5	96871098	96871374	ENSG00000247121.8	gene|regulatory|repeat|transcript	276
chr5	124962834	124963110	ENSG00000260192.3	gene|regulatory|repeat|transcript	276
chr5	125580001	125580277	ENSG00000248752.3|ENSG00000260192.3|ENSG00000286111.1	gene|regulatory|repeat|transcript	276
chr5	40501800	40502076	ENSG00000285552.1	gene|regulatory|repeat|transcript	276
chr5	76711544	76711820	ENSG00000225407.3	gene|regulatory|repeat|transcript	276
chr5	125597433	125597708	ENSG00000248752.3|ENSG00000260192.3|ENSG00000286111.1	gene|regulatory|repeat|transcript	275
chr5	18736028	18736303	ENSG00000248693.1	gene|regulatory|repeat|transcript	275
chr5	125140997	125141272	ENSG00000260192.3	gene|regulatory|repeat|transcript	275
chr5	130884628	130884903	ENSG00000287390.1	gene|regulatory|repeat|transcript	275
chr5	81819754	81820029	ENSG00000287938.1	gene|regulatory|repeat|transcript	275
chr5	95837064	95837339	ENSG00000251409.2	gene|regulatory|repeat|transcript	275
chr5	91212366	91212641	ENSG00000248323.8	gene|regulatory|repeat|transcript	275
chr5	54677039	54677314	ENSG00000287367.2	gene|regulatory|repeat|transcript	275
chr5	155101791	155102066	ENSG00000287963.1	gene|regulatory|repeat|transcript	275
chr5	68196929	68197204	ENSG00000253787.1	gene|regulatory|repeat|transcript	275
chr5	74357878	74358152	ENSG00000248673.2	gene|regulatory|repeat|transcript	274
chr5	44615548	44615822	ENSG00000249203.2	gene|regulatory|repeat|transcript	274
chr5	128018609	128018883	ENSG00000245937.10	gene|regulatory|repeat|transcript	274
chr5	98944177	98944451	ENSG00000248489.4	gene|regulatory|repeat|transcript	274
chr5	104187762	104188036	ENSG00000251026.2	gene|regulatory|repeat|transcript	274
chr5	164600291	164600565	ENSG00000241956.11	gene|regulatory|repeat|transcript	274
chr5	172512060	172512334	ENSG00000287814.1	gene|regulatory|repeat|transcript	274
chr5	67809642	67809916	ENSG00000249894.1|ENSG00000250421.5	gene|regulatory|repeat|transcript	274
chr5	25441881	25442155	ENSG00000248605.5	gene|regulatory|repeat|transcript	274
chr5	82297018	82297292	ENSG00000205464.14|ENSG00000293465.1	gene|regulatory|repeat|transcript	274
chr5	69156596	69156869	ENSG00000248664.3	gene|regulatory|repeat|transcript	273
chr5	177930197	177930470	ENSG00000291113.1	gene|regulatory|repeat|transcript	273
chr5	176735030	176735303	ENSG00000251446.1	gene|regulatory|repeat|transcript	273
chr5	163385317	163385590	ENSG00000254186.3	gene|regulatory|repeat|transcript	273
chr5	1368829	1369102	ENSG00000250584.4	gene|regulatory|repeat|transcript	273
chr5	67748472	67748744	ENSG00000249364.7|ENSG00000250421.5	gene|regulatory|repeat|transcript	272
chr5	180432357	180432629	ENSG00000250509.2	gene|regulatory|repeat|transcript	272
chr5	91294353	91294625	ENSG00000248323.8	gene|regulatory|repeat|transcript	272
chr5	69140545	69140817	ENSG00000248664.3	gene|regulatory|repeat|transcript	272
chr5	106925338	106925610	ENSG00000251027.2	gene|regulatory|repeat|transcript	272
chr5	6596464	6596736	ENSG00000250056.8	gene|regulatory|repeat|transcript	272
chr5	74452956	74453227	ENSG00000248673.2	gene|regulatory|repeat|transcript	271
chr5	12660649	12660920	ENSG00000248131.6	gene|regulatory|repeat|transcript	271
chr5	87076988	87077259	ENSG00000233828.5|ENSG00000249061.1	gene|regulatory|repeat|transcript	271
chr5	125874770	125875041	ENSG00000248752.3	gene|regulatory|repeat|transcript	271
chr5	87000019	87000290	ENSG00000249061.1	gene|regulatory|repeat|transcript	271
chr5	56095059	56095330	ENSG00000249236.2	gene|regulatory|repeat|transcript	271
chr5	92644391	92644662	ENSG00000249776.5	gene|regulatory|repeat|transcript	271
chr5	96823937	96824208	ENSG00000247121.8	gene|regulatory|repeat|transcript	271
chr5	147193332	147193603	ENSG00000250343.1	gene|regulatory|repeat|transcript	271
chr5	27308228	27308499	ENSG00000250337.10	gene|regulatory|repeat|transcript	271
chr5	149069791	149070062	ENSG00000250072.8	gene|regulatory|repeat|transcript	271
chr5	174752185	174752456	ENSG00000251670.1	gene|regulatory|repeat|transcript	271
chr5	35815626	35815897	ENSG00000248969.1	gene|regulatory|repeat|transcript	271
chr5	177651302	177651572	ENSG00000246596.8|ENSG00000290968.1	gene|regulatory|repeat|transcript	270
chr5	162978720	162978990	ENSG00000254186.3	gene|regulatory|repeat|transcript	270
chr5	120394335	120394605	ENSG00000261036.2	gene|regulatory|repeat|transcript	270
chr5	125757873	125758143	ENSG00000248752.3	gene|regulatory|repeat|transcript	270
chr5	118088523	118088793	ENSG00000249797.2|ENSG00000250891.3	gene|regulatory|repeat|transcript	270
chr5	20677276	20677546	ENSG00000251629.7	gene|regulatory|repeat|transcript	270
chr5	4985054	4985324	ENSG00000250481.2	gene|regulatory|repeat|transcript	270
chr5	130731373	130731643	ENSG00000287390.1	gene|regulatory|repeat|transcript	270
chr5	20679013	20679283	ENSG00000251629.7	gene|regulatory|repeat|transcript	270
chr5	9016725	9016995	ENSG00000250619.1	gene|regulatory|repeat|transcript	270
chr5	6786866	6787136	ENSG00000251365.6	gene|regulatory|repeat|transcript	270
chr5	28670940	28671209	ENSG00000250453.2	gene|regulatory|repeat|transcript	269
chr5	125338521	125338790	ENSG00000248752.3|ENSG00000260192.3	gene|regulatory|repeat|transcript	269
chr5	1375442	1375711	ENSG00000250584.4	gene|regulatory|repeat|transcript	269
chr5	81270430	81270699	ENSG00000247572.9	gene|regulatory|repeat|transcript	269
chr5	135203616	135203884	ENSG00000224186.8	gene|regulatory|repeat|transcript	268
chr5	170332348	170332616	ENSG00000235172.9	gene|regulatory|repeat|transcript	268
chr5	173758718	173758986	ENSG00000287003.1	gene|regulatory|repeat|transcript	268
chr5	32951964	32952232	ENSG00000248279.5|ENSG00000250697.2	gene|regulatory|repeat|transcript	268
chr5	104292197	104292465	ENSG00000251026.2	gene|regulatory|repeat|transcript	268
chr5	84435975	84436243	ENSG00000250320.7	gene|regulatory|repeat|transcript	268
chr5	44789393	44789661	ENSG00000251141.6	gene|regulatory|repeat|transcript	268
chr5	34188283	34188550	ENSG00000215158.10|ENSG00000290548.1	gene|regulatory|repeat|transcript	267
chr5	10498437	10498704	ENSG00000249396.2	gene|regulatory|repeat|transcript	267
chr5	164356822	164357089	ENSG00000241956.11	gene|regulatory|repeat|transcript	267
chr5	91203701	91203968	ENSG00000248323.8	gene|regulatory|repeat|transcript	267
chr5	163055778	163056045	ENSG00000254186.3	gene|regulatory|repeat|transcript	267
chr5	52725819	52726086	ENSG00000248898.4	gene|regulatory|repeat|transcript	267
chr5	119030636	119030903	ENSG00000249494.6	gene|regulatory|repeat|transcript	267
chr5	98123098	98123365	ENSG00000248901.2	gene|regulatory|repeat|transcript	267
chr5	175908747	175909013	ENSG00000250820.1	gene|regulatory|repeat|transcript	266
chr5	53318365	53318631	ENSG00000285831.1	gene|regulatory|repeat|transcript	266
chr5	44603941	44604207	ENSG00000249203.2	gene|regulatory|repeat|transcript	266
chr5	104344892	104345158	ENSG00000251026.2	gene|regulatory|repeat|transcript	266
chr5	178778034	178778299	ENSG00000250420.9|ENSG00000291019.1	gene|regulatory|repeat|transcript	265
chr5	149416658	149416923	ENSG00000249669.12	gene|regulatory|repeat|transcript	265
chr5	39099478	39099743	ENSG00000286809.1	gene|regulatory|repeat|transcript	265
chr5	38635437	38635702	ENSG00000244968.7	gene|regulatory|repeat|transcript	265
chr5	151720322	151720587	ENSG00000249035.7	gene|regulatory|repeat|transcript	265
chr5	133027871	133028136	ENSG00000287054.1	gene|regulatory|repeat|transcript	265
chr5	91249485	91249750	ENSG00000248323.8	gene|regulatory|repeat|transcript	265
chr5	121189977	121190241	ENSG00000229855.9	gene|regulatory|repeat|transcript	264
chr5	136739316	136739580	ENSG00000250284.3	gene|regulatory|repeat|transcript	264
chr5	159778978	159779242	ENSG00000249738.10|ENSG00000253311.3	gene|regulatory|repeat|transcript	264
chr5	68522836	68523100	ENSG00000248359.2	gene|regulatory|repeat|transcript	264
chr5	91206823	91207087	ENSG00000248323.8	gene|regulatory|repeat|transcript	264
chr5	74120709	74120972	ENSG00000248673.2	gene|regulatory|repeat|transcript	263
chr5	124972735	124972998	ENSG00000260192.3	gene|regulatory|repeat|transcript	263
chr5	111997464	111997727	ENSG00000250095.5	gene|regulatory|repeat|transcript	263
chr5	177947902	177948165	ENSG00000250101.1|ENSG00000291113.1	gene|regulatory|repeat|transcript	263
chr5	124266827	124267090	ENSG00000253807.6	gene|regulatory|repeat|transcript	263
chr5	158196748	158197011	ENSG00000253673.1	gene|regulatory|repeat|transcript	263
chr5	17819882	17820145	ENSG00000249937.9	gene|regulatory|repeat|transcript	263
chr5	104910912	104911175	ENSG00000251574.8	gene|regulatory|repeat|transcript	263
chr5	104451963	104452226	ENSG00000251574.8	gene|regulatory|repeat|transcript	263
chr5	55085372	55085634	ENSG00000249454.1	gene|regulatory|repeat|transcript	262
chr5	147234388	147234650	ENSG00000250343.1	gene|regulatory|repeat|transcript	262
chr5	34244283	34244545	ENSG00000290548.1	gene|regulatory|repeat|transcript	262
chr5	173792851	173793113	ENSG00000254211.6	gene|regulatory|repeat|transcript	262
chr5	91296214	91296476	ENSG00000248323.8	gene|regulatory|repeat|transcript	262
chr5	31172949	31173211	ENSG00000254138.1|ENSG00000289601.1	gene|regulatory|repeat|transcript	262
chr5	28576093	28576355	ENSG00000250453.2	gene|regulatory|repeat|transcript	262
chr5	159496607	159496869	ENSG00000249738.10|ENSG00000283413.1	gene|regulatory|repeat|transcript	262
chr5	88034973	88035235	ENSG00000287862.1	gene|regulatory|repeat|transcript	262
chr5	181183530	181183792	ENSG00000248473.2	gene|regulatory|repeat|transcript	262
chr5	98121599	98121860	ENSG00000248901.2	gene|regulatory|repeat|transcript	261
chr5	174455372	174455633	ENSG00000249306.7	gene|regulatory|repeat|transcript	261
chr5	72799795	72800056	ENSG00000249085.1	gene|regulatory|repeat|transcript	261
chr5	68706717	68706978	ENSG00000250237.3	gene|regulatory|repeat|transcript	261
chr5	6871584	6871845	ENSG00000250060.2|ENSG00000250974.4	gene|regulatory|repeat|transcript	261
chr5	55064041	55064302	ENSG00000248029.2	gene|regulatory|repeat|transcript	261
chr5	7105434	7105694	ENSG00000250974.4	gene|regulatory|repeat|transcript	260
chr5	155167762	155168022	ENSG00000287963.1	gene|regulatory|repeat|transcript	260
chr5	141889343	141889603	ENSG00000287726.1	gene|regulatory|repeat|transcript	260
chr5	24804153	24804413	ENSG00000286238.1	gene|regulatory|repeat|transcript	260
chr5	12623532	12623792	ENSG00000248131.6	gene|regulatory|repeat|transcript	260
chr5	122469526	122469786	ENSG00000250328.7	gene|regulatory|repeat|transcript	260
chr5	159680145	159680405	ENSG00000249738.10	gene|regulatory|repeat|transcript	260
chr5	40021076	40021336	ENSG00000250048.2	gene|regulatory|repeat|transcript	260
chr5	136518869	136519129	ENSG00000249803.6	gene|regulatory|repeat|transcript	260
chr5	27449104	27449364	ENSG00000250337.10	gene|regulatory|repeat|transcript	260
chr5	124954849	124955109	ENSG00000260192.3	gene|regulatory|repeat|transcript	260
chr5	165375644	165375904	ENSG00000253693.1	gene|regulatory|repeat|transcript	260
chr5	104096474	104096734	ENSG00000251026.2	gene|regulatory|repeat|transcript	260
chr5	174832042	174832302	ENSG00000251670.1	gene|regulatory|repeat|transcript	260
chr5	69138472	69138732	ENSG00000248664.3	gene|regulatory|repeat|transcript	260
chr5	7321827	7322086	ENSG00000290510.1	gene|regulatory|repeat|transcript	259
chr5	140720236	140720495	ENSG00000292256.1	gene|regulatory|repeat|transcript	259
chr5	142587433	142587692	ENSG00000231185.9	gene|regulatory|repeat|transcript	259
chr5	38780958	38781217	ENSG00000249740.4	gene|regulatory|repeat|transcript	259
chr5	88033289	88033548	ENSG00000287862.1	gene|regulatory|repeat|transcript	259
chr5	164354259	164354518	ENSG00000241956.11	gene|regulatory|repeat|transcript	259
chr5	148381292	148381551	ENSG00000247199.6	gene|regulatory|repeat|transcript	259
chr5	159414091	159414350	ENSG00000249738.10	gene|regulatory|repeat|transcript	259
chr5	74489789	74490048	ENSG00000248673.2	gene|regulatory|repeat|transcript	259
chr5	104814746	104815004	ENSG00000251574.8	gene|regulatory|repeat|transcript	258
chr5	157686383	157686641	ENSG00000290601.1	gene|regulatory|repeat|transcript	258
chr5	9889190	9889448	ENSG00000249781.7|ENSG00000250814.3	gene|regulatory|repeat|transcript	258
chr5	140721396	140721654	ENSG00000292256.1	gene|regulatory|repeat|transcript	258
chr5	180440385	180440642	ENSG00000250509.2	gene|regulatory|repeat|transcript	257
chr5	6396966	6397223	ENSG00000287031.1	gene|regulatory|repeat|transcript	257
chr5	21680245	21680502	ENSG00000253766.1	gene|regulatory|repeat|transcript	257
chr5	12947987	12948244	ENSG00000248457.1	gene|regulatory|repeat|transcript	257
chr5	82280320	82280577	ENSG00000293465.1	gene|regulatory|repeat|transcript	257
chr5	104921193	104921450	ENSG00000251574.8|ENSG00000253584.1	gene|regulatory|repeat|transcript	257
chr5	56908116	56908373	ENSG00000225230.1	gene|regulatory|repeat|transcript	257
chr5	142734664	142734921	ENSG00000236714.3|ENSG00000287203.1	gene|regulatory|repeat|transcript	257
chr5	128081171	128081428	ENSG00000245937.10	gene|regulatory|repeat|transcript	257
chr5	155150050	155150306	ENSG00000287963.1	gene|regulatory|repeat|transcript	256
chr5	161926033	161926289	ENSG00000280776.2	gene|regulatory|repeat|transcript	256
chr5	15261282	15261537	ENSG00000249332.2	gene|regulatory|repeat|transcript	255
chr5	55037058	55037313	ENSG00000240535.8	gene|regulatory|repeat|transcript	255
chr5	163355367	163355622	ENSG00000254186.3	gene|regulatory|repeat|transcript	255
chr5	15142573	15142828	ENSG00000249332.2	gene|regulatory|repeat|transcript	255
chr5	42988283	42988538	ENSG00000287263.3	gene|regulatory|repeat|transcript	255
chr5	125667491	125667746	ENSG00000248752.3	gene|regulatory|repeat|transcript	255
chr5	158389840	158390095	ENSG00000276778.1	gene|regulatory|repeat|transcript	255
chr5	111627892	111628147	ENSG00000246859.3	gene|regulatory|repeat|transcript	255
chr5	165571508	165571763	ENSG00000253693.1	gene|regulatory|repeat|transcript	255
chr5	9014435	9014690	ENSG00000250619.1	gene|regulatory|repeat|transcript	255
chr5	112524344	112524598	ENSG00000290027.1	gene|regulatory|repeat|transcript	254
chr5	67817685	67817939	ENSG00000249894.1|ENSG00000250421.5	gene|regulatory|repeat|transcript	254
chr5	165112866	165113120	ENSG00000241956.11	gene|regulatory|repeat|transcript	254
chr5	60532838	60533092	ENSG00000152931.9	gene|regulatory|repeat|transcript	254
chr5	124303959	124304213	ENSG00000253807.6	gene|regulatory|repeat|transcript	254
chr5	75322203	75322457	ENSG00000247372.2	gene|regulatory|repeat|transcript	254
chr5	29005494	29005748	ENSG00000259786.7	gene|regulatory|repeat|transcript	254
chr5	29247645	29247899	ENSG00000286182.1	gene|regulatory|repeat|transcript	254
chr5	124909800	124910054	ENSG00000260192.3	gene|regulatory|repeat|transcript	254
chr5	133046717	133046971	ENSG00000287054.1	gene|regulatory|repeat|transcript	254
chr5	155129169	155129423	ENSG00000287963.1	gene|regulatory|repeat|transcript	254
chr5	160445224	160445478	ENSG00000253522.6	gene|regulatory|repeat|transcript	254
chr5	87118127	87118381	ENSG00000233828.5|ENSG00000249061.1	gene|regulatory|repeat|transcript	254
chr5	4990518	4990771	ENSG00000215231.8|ENSG00000250481.2	gene|regulatory|repeat|transcript	253
chr5	106875778	106876031	ENSG00000251027.2	gene|regulatory|repeat|transcript	253
chr5	106833527	106833780	ENSG00000251027.2	gene|regulatory|repeat|transcript	253
chr5	118108136	118108389	ENSG00000249797.2|ENSG00000250891.3	gene|regulatory|repeat|transcript	253
chr5	178180119	178180372	ENSG00000289726.1	gene|regulatory|repeat|transcript	253
chr5	88698391	88698644	ENSG00000245864.5	gene|regulatory|repeat|transcript	253
chr5	100519132	100519385	ENSG00000247877.8|ENSG00000249787.2	gene|regulatory|repeat|transcript	253
chr5	130870784	130871037	ENSG00000287390.1	gene|regulatory|repeat|transcript	253
chr5	98131982	98132234	ENSG00000248901.2	gene|regulatory|repeat|transcript	252
chr5	166909144	166909396	ENSG00000254130.1	gene|regulatory|repeat|transcript	252
chr5	160478939	160479191	ENSG00000253522.6	gene|regulatory|repeat|transcript	252
chr5	173693736	173693988	ENSG00000253428.1	gene|regulatory|repeat|transcript	252
chr5	96335945	96336197	ENSG00000251314.2	gene|regulatory|repeat|transcript	252
chr5	89191439	89191691	ENSG00000248309.9	gene|regulatory|repeat|transcript	252
chr5	118429432	118429684	ENSG00000250891.3	gene|regulatory|repeat|transcript	252
chr5	81286327	81286579	ENSG00000247572.9	gene|regulatory|repeat|transcript	252
chr5	17415944	17416196	ENSG00000248455.8	gene|regulatory|repeat|transcript	252
chr5	28834716	28834968	ENSG00000259786.7	gene|regulatory|repeat|transcript	252
chr5	17831745	17831997	ENSG00000249937.9	gene|regulatory|repeat|transcript	252
chr5	12662007	12662258	ENSG00000248131.6	gene|regulatory|repeat|transcript	251
chr5	160439667	160439918	ENSG00000253522.6	gene|regulatory|repeat|transcript	251
chr5	87076097	87076348	ENSG00000233828.5|ENSG00000249061.1	gene|regulatory|repeat|transcript	251
chr5	135249353	135249604	ENSG00000224186.8	gene|regulatory|repeat|transcript	251
chr5	60542102	60542353	ENSG00000152931.9	gene|regulatory|repeat|transcript	251
chr5	93503736	93503987	ENSG00000237187.9	gene|regulatory|repeat|transcript	251
chr5	91293643	91293894	ENSG00000248323.8	gene|regulatory|repeat|transcript	251
chr5	20989991	20990242	ENSG00000286751.1	gene|regulatory|repeat|transcript	251
chr5	130795129	130795380	ENSG00000287390.1	gene|regulatory|repeat|transcript	251
chr5	102628527	102628778	ENSG00000250682.6	gene|regulatory|repeat|transcript	251
chr5	103476888	103477139	ENSG00000226926.8|ENSG00000293393.1	gene|regulatory|repeat|transcript	251
chr5	164450626	164450877	ENSG00000241956.11|ENSG00000253236.2	gene|regulatory|repeat|transcript	251
chr5	12599524	12599774	ENSG00000248131.6	gene|regulatory|repeat|transcript	250
chr5	158511466	158511716	ENSG00000254135.3	gene|regulatory|repeat|transcript	250
chr5	2959056	2959306	ENSG00000248736.3	gene|regulatory|repeat|transcript	250
chr5	1374070	1374320	ENSG00000250584.4	gene|regulatory|repeat|transcript	250
chr5	104188250	104188500	ENSG00000251026.2	gene|regulatory|repeat|transcript	250
chr5	56059876	56060126	ENSG00000249236.2	gene|regulatory|repeat|transcript	250
chr5	97906272	97906522	ENSG00000248202.2	gene|regulatory|repeat|transcript	250
chr5	152461992	152462242	ENSG00000286749.1	gene|regulatory|repeat|transcript	250
chr5	74335059	74335308	ENSG00000248673.2|ENSG00000249343.3	gene|regulatory|repeat|transcript	249
chr5	74971181	74971430	ENSG00000249856.1|ENSG00000289535.2	gene|regulatory|repeat|transcript	249
chr5	172779667	172779916	ENSG00000253736.5	gene|regulatory|repeat|transcript	249
chr5	95843219	95843468	ENSG00000236882.9|ENSG00000251409.2	gene|regulatory|repeat|transcript	249
chr5	143711859	143712108	ENSG00000249881.1	gene|regulatory|repeat|transcript	249
chr5	8012709	8012958	ENSG00000287947.1	gene|regulatory|repeat|transcript	249
chr5	36712407	36712656	ENSG00000250155.3	gene|regulatory|repeat|transcript	249
chr5	149118037	149118286	ENSG00000250072.8	gene|regulatory|repeat|transcript	249
chr5	98157448	98157696	ENSG00000248901.2	gene|regulatory|repeat|transcript	248
chr5	119030092	119030340	ENSG00000249494.6	gene|regulatory|repeat|transcript	248
chr5	100516401	100516649	ENSG00000247877.8|ENSG00000249787.2	gene|regulatory|repeat|transcript	248
chr5	96150154	96150402	ENSG00000250551.1|ENSG00000251314.2	gene|regulatory|repeat|transcript	248
chr5	20648249	20648497	ENSG00000251629.7	gene|regulatory|repeat|transcript	248
chr5	38766198	38766446	ENSG00000249740.4	gene|regulatory|repeat|transcript	248
chr5	132354508	132354755	ENSG00000233006.8	gene|regulatory|repeat|transcript	247
chr5	180829323	180829570	ENSG00000278970.4	gene|regulatory|repeat|transcript	247
chr5	39100921	39101168	ENSG00000286809.1	gene|regulatory|repeat|transcript	247
chr5	176719325	176719572	ENSG00000248484.1	gene|regulatory|repeat|transcript	247
chr5	32942750	32942997	ENSG00000250697.2	gene|regulatory|repeat|transcript	247
chr5	89418096	89418343	ENSG00000248309.9	gene|regulatory|repeat|transcript	247
chr5	104176068	104176315	ENSG00000251026.2	gene|regulatory|repeat|transcript	247
chr5	142445280	142445526	ENSG00000231185.9	gene|regulatory|repeat|transcript	246
chr5	137815243	137815489	ENSG00000250159.7	gene|regulatory|repeat|transcript	246
chr5	74187489	74187735	ENSG00000248673.2	gene|regulatory|repeat|transcript	246
chr5	142425700	142425946	ENSG00000231185.9	gene|regulatory|repeat|transcript	246
chr5	173468882	173469128	ENSG00000253141.2	gene|regulatory|repeat|transcript	246
chr5	158384605	158384851	ENSG00000276778.1	gene|regulatory|repeat|transcript	246
chr5	98099790	98100036	ENSG00000248901.2	gene|regulatory|repeat|transcript	246
chr5	109256918	109257164	ENSG00000249476.2	gene|regulatory|repeat|transcript	246
chr5	28864106	28864352	ENSG00000259786.7	gene|regulatory|repeat|transcript	246
chr5	74938325	74938570	ENSG00000249856.1	gene|regulatory|repeat|transcript	245
chr5	159350212	159350457	ENSG00000249738.10	gene|regulatory|repeat|transcript	245
chr5	89035023	89035268	ENSG00000248309.9	gene|regulatory|repeat|transcript	245
chr5	15137088	15137333	ENSG00000249332.2	gene|regulatory|repeat|transcript	245
chr5	89095437	89095682	ENSG00000248309.9	gene|regulatory|repeat|transcript	245
chr5	56011983	56012228	ENSG00000249236.2	gene|regulatory|repeat|transcript	245
chr5	148163438	148163683	ENSG00000247199.6	gene|regulatory|repeat|transcript	245
chr5	61217264	61217509	ENSG00000249279.6|ENSG00000251279.3	gene|regulatory|repeat|transcript	245
chr5	148255533	148255778	ENSG00000247199.6	gene|regulatory|repeat|transcript	245
chr5	68928916	68929161	ENSG00000249335.5	gene|regulatory|repeat|transcript	245
chr5	159216571	159216816	ENSG00000253256.1	gene|regulatory|repeat|transcript	245
chr5	143567657	143567901	ENSG00000251205.3	gene|regulatory|repeat|transcript	244
chr5	87916416	87916660	ENSG00000287862.1	gene|regulatory|repeat|transcript	244
chr5	102711609	102711853	ENSG00000286338.1	gene|regulatory|repeat|transcript	244
chr5	152052108	152052352	ENSG00000254226.6	gene|regulatory|repeat|transcript	244
chr5	163373214	163373458	ENSG00000254186.3	gene|regulatory|repeat|transcript	244
chr5	98933408	98933652	ENSG00000248489.4	gene|regulatory|repeat|transcript	244
chr5	82365768	82366012	ENSG00000293465.1	gene|regulatory|repeat|transcript	244
chr5	163373850	163374094	ENSG00000254186.3	gene|regulatory|repeat|transcript	244
chr5	88049257	88049501	ENSG00000287862.1	gene|regulatory|repeat|transcript	244
chr5	43599686	43599929	ENSG00000248092.8	gene|regulatory|repeat|transcript	243
chr5	27331266	27331509	ENSG00000250337.10	gene|regulatory|repeat|transcript	243
chr5	74950073	74950316	ENSG00000249856.1|ENSG00000289535.2	gene|regulatory|repeat|transcript	243
chr5	54821772	54822015	ENSG00000232517.2	gene|regulatory|repeat|transcript	243
chr5	143714296	143714539	ENSG00000249881.1	gene|regulatory|repeat|transcript	243
chr5	134435643	134435886	ENSG00000250564.2	gene|regulatory|repeat|transcript	243
chr5	87229814	87230056	ENSG00000288569.1	gene|regulatory|repeat|transcript	242
chr5	74312739	74312981	ENSG00000248673.2|ENSG00000248942.3	gene|regulatory|repeat|transcript	242
chr5	80956298	80956540	ENSG00000251450.2	gene|regulatory|repeat|transcript	242
chr5	153160234	153160476	ENSG00000249484.9	gene|regulatory|repeat|transcript	242
chr5	177694021	177694263	ENSG00000249849.1	gene|regulatory|repeat|transcript	242
chr5	116754584	116754826	ENSG00000251311.1	gene|regulatory|repeat|transcript	242
chr5	1349317	1349558	ENSG00000286388.1	gene|regulatory|repeat|transcript	241
chr5	52062955	52063196	ENSG00000248789.5	gene|regulatory|repeat|transcript	241
chr5	57495768	57496009	ENSG00000250961.2	gene|regulatory|repeat|transcript	241
chr5	2020179	2020420	ENSG00000248994.2	gene|regulatory|repeat|transcript	241
chr5	40478819	40479060	ENSG00000285552.1|ENSG00000285616.1	gene|regulatory|repeat|transcript	241
chr5	69138823	69139064	ENSG00000248664.3	gene|regulatory|repeat|transcript	241
chr5	33118858	33119099	ENSG00000250697.2	gene|regulatory|repeat|transcript	241
chr5	159527599	159527840	ENSG00000249738.10	gene|regulatory|repeat|transcript	241
chr5	159679074	159679315	ENSG00000249738.10	gene|regulatory|repeat|transcript	241
chr5	74319116	74319357	ENSG00000248673.2|ENSG00000248942.3	gene|regulatory|repeat|transcript	241
chr5	98975375	98975615	ENSG00000248489.4	gene|regulatory|repeat|transcript	240
chr5	162741363	162741603	ENSG00000254186.3	gene|regulatory|repeat|transcript	240
chr5	130817781	130818021	ENSG00000287390.1	gene|regulatory|repeat|transcript	240
chr5	53779586	53779826	ENSG00000250447.6	gene|regulatory|repeat|transcript	240
chr5	159571609	159571849	ENSG00000249738.10	gene|regulatory|repeat|transcript	240
chr5	181186766	181187006	ENSG00000248473.2	gene|regulatory|repeat|transcript	240
chr5	106862961	106863201	ENSG00000251027.2	gene|regulatory|repeat|transcript	240
chr5	173476344	173476584	ENSG00000253141.2	gene|regulatory|repeat|transcript	240
chr5	18745563	18745803	ENSG00000248693.1	gene|regulatory|repeat|transcript	240
chr5	12690410	12690650	ENSG00000248131.6	gene|regulatory|repeat|transcript	240
chr5	141726055	141726295	ENSG00000286736.1	gene|regulatory|repeat|transcript	240
chr5	177792076	177792316	ENSG00000249109.1	gene|regulatory|repeat|transcript	240
chr5	96922994	96923234	ENSG00000247121.8	gene|regulatory|repeat|transcript	240
chr5	74441123	74441362	ENSG00000248673.2	gene|regulatory|repeat|transcript	239
chr5	6859606	6859845	ENSG00000250974.4	gene|regulatory|repeat|transcript	239
chr5	90222052	90222291	ENSG00000248555.7	gene|regulatory|repeat|transcript	239
chr5	142408421	142408660	ENSG00000231185.9	gene|regulatory|repeat|transcript	239
chr5	82315374	82315613	ENSG00000205464.14|ENSG00000293465.1	gene|regulatory|repeat|transcript	239
chr5	45226778	45227017	ENSG00000287540.1	gene|regulatory|repeat|transcript	239
chr5	68932875	68933114	ENSG00000249335.5	gene|regulatory|repeat|transcript	239
chr5	69477892	69478131	ENSG00000249295.1	gene|regulatory|repeat|transcript	239
chr5	67409820	67410059	ENSG00000249364.7	gene|regulatory|repeat|transcript	239
chr5	159736254	159736492	ENSG00000249738.10|ENSG00000253311.3	gene|regulatory|repeat|transcript	238
chr5	159417180	159417418	ENSG00000249738.10	gene|regulatory|repeat|transcript	238
chr5	141726359	141726597	ENSG00000286736.1	gene|regulatory|repeat|transcript	238
chr5	159551304	159551542	ENSG00000249738.10	gene|regulatory|repeat|transcript	238
chr5	68662887	68663125	ENSG00000250237.3	gene|regulatory|repeat|transcript	238
chr5	66340862	66341100	ENSG00000251391.5	gene|regulatory|repeat|transcript	238
chr5	163330262	163330500	ENSG00000254186.3	gene|regulatory|repeat|transcript	238
chr5	95710404	95710642	ENSG00000250240.6	gene|regulatory|repeat|transcript	238
chr5	12667882	12668120	ENSG00000248131.6	gene|regulatory|repeat|transcript	238
chr5	40502081	40502319	ENSG00000285552.1	gene|regulatory|repeat|transcript	238
chr5	181281984	181282221	ENSG00000248103.1	gene|regulatory|repeat|transcript	237
chr5	28726978	28727215	ENSG00000250453.2	gene|regulatory|repeat|transcript	237
chr5	96870184	96870421	ENSG00000247121.8	gene|regulatory|repeat|transcript	237
chr5	159240460	159240697	ENSG00000253256.1|ENSG00000253315.1	gene|regulatory|repeat|transcript	237
chr5	141760825	141761062	ENSG00000286736.1	gene|regulatory|repeat|transcript	237
chr5	100444998	100445235	ENSG00000247877.8|ENSG00000249787.2	gene|regulatory|repeat|transcript	237
chr5	152659567	152659804	ENSG00000249484.9|ENSG00000286749.1	gene|regulatory|repeat|transcript	237
chr5	124910749	124910986	ENSG00000260192.3	gene|regulatory|repeat|transcript	237
chr5	9776562	9776799	ENSG00000249781.7	gene|regulatory|repeat|transcript	237
chr5	68804446	68804683	ENSG00000249335.5	gene|regulatory|repeat|transcript	237
chr5	56465096	56465333	ENSG00000248727.6	gene|regulatory|repeat|transcript	237
chr5	88610705	88610941	ENSG00000245526.13	gene|regulatory|repeat|transcript	236
chr5	114544877	114545113	ENSG00000246316.8	gene|regulatory|repeat|transcript	236
chr5	173728448	173728684	ENSG00000253686.2	gene|regulatory|repeat|transcript	236
chr5	124940815	124941051	ENSG00000260192.3	gene|regulatory|repeat|transcript	236
chr5	27241535	27241771	ENSG00000250337.10	gene|regulatory|repeat|transcript	236
chr5	56060861	56061097	ENSG00000249236.2	gene|regulatory|repeat|transcript	236
chr5	88390575	88390811	ENSG00000247828.10	gene|regulatory|repeat|transcript	236
chr5	24264567	24264803	ENSG00000286134.2	gene|regulatory|repeat|transcript	236
chr5	1943962	1944198	ENSG00000248994.2	gene|regulatory|repeat|transcript	236
chr5	158197096	158197332	ENSG00000253673.1	gene|regulatory|repeat|transcript	236
chr5	89104636	89104872	ENSG00000248309.9	gene|regulatory|repeat|transcript	236
chr5	82285318	82285554	ENSG00000293465.1	gene|regulatory|repeat|transcript	236
chr5	38060064	38060299	ENSG00000248461.3	gene|regulatory|repeat|transcript	235
chr5	54669959	54670194	ENSG00000287367.2	gene|regulatory|repeat|transcript	235
chr5	40499720	40499955	ENSG00000285552.1	gene|regulatory|repeat|transcript	235
chr5	68664169	68664404	ENSG00000250237.3	gene|regulatory|repeat|transcript	235
chr5	72769767	72770002	ENSG00000251613.4	gene|regulatory|repeat|transcript	235
chr5	81300519	81300754	ENSG00000247572.9	gene|regulatory|repeat|transcript	235
chr5	152924884	152925119	ENSG00000249484.9	gene|regulatory|repeat|transcript	235
chr5	124983862	124984097	ENSG00000260192.3	gene|regulatory|repeat|transcript	235
chr5	56489372	56489607	ENSG00000285997.1	gene|regulatory|repeat|transcript	235
chr5	87420765	87421000	ENSG00000285190.1	gene|regulatory|repeat|transcript	235
chr5	72608959	72609194	ENSG00000248371.5	gene|regulatory|repeat|transcript	235
chr5	96209886	96210120	ENSG00000250551.1|ENSG00000251314.2	gene|regulatory|repeat|transcript	234
chr5	37900771	37901005	ENSG00000248539.1|ENSG00000248587.8	gene|regulatory|repeat|transcript	234
chr5	6861131	6861365	ENSG00000250974.4	gene|regulatory|repeat|transcript	234
chr5	20683355	20683589	ENSG00000251629.7	gene|regulatory|repeat|transcript	234
chr5	91395675	91395909	ENSG00000281357.5	gene|regulatory|repeat|transcript	234
chr5	143760168	143760402	ENSG00000249881.1	gene|regulatory|repeat|transcript	234
chr5	148262686	148262920	ENSG00000247199.6	gene|regulatory|repeat|transcript	234
chr5	180832157	180832391	ENSG00000245060.8	gene|regulatory|repeat|transcript	234
chr5	164775458	164775692	ENSG00000241956.11	gene|regulatory|repeat|transcript	234
chr5	54702564	54702798	ENSG00000287367.2	gene|regulatory|repeat|transcript	234
chr5	38720513	38720747	ENSG00000249740.4	gene|regulatory|repeat|transcript	234
chr5	173646476	173646710	ENSG00000253959.1	gene|regulatory|repeat|transcript	234
chr5	87720127	87720361	ENSG00000248708.2	gene|regulatory|repeat|transcript	234
chr5	181213092	181213325	ENSG00000286644.1	gene|regulatory|repeat|transcript	233
chr5	10762840	10763073	ENSG00000272324.5	gene|regulatory|repeat|transcript	233
chr5	29264135	29264368	ENSG00000286182.1	gene|regulatory|repeat|transcript	233
chr5	10481640	10481873	ENSG00000246016.2	gene|regulatory|repeat|transcript	233
chr5	112529568	112529801	ENSG00000290027.1	gene|regulatory|repeat|transcript	233
chr5	174839294	174839527	ENSG00000251670.1	gene|regulatory|repeat|transcript	233
chr5	38755333	38755566	ENSG00000249740.4	gene|regulatory|repeat|transcript	233
chr5	39521627	39521860	ENSG00000271334.6	gene|regulatory|repeat|transcript	233
chr5	56517031	56517264	ENSG00000225940.7	gene|regulatory|repeat|transcript	233
chr5	78345541	78345773	ENSG00000245556.5	gene|regulatory|repeat|transcript	232
chr5	39101452	39101684	ENSG00000286809.1	gene|regulatory|repeat|transcript	232
chr5	150428219	150428451	ENSG00000286331.1	gene|regulatory|repeat|transcript	232
chr5	89211947	89212179	ENSG00000248309.9	gene|regulatory|repeat|transcript	232
chr5	142389499	142389731	ENSG00000231185.9	gene|regulatory|repeat|transcript	232
chr5	12615803	12616035	ENSG00000248131.6	gene|regulatory|repeat|transcript	232
chr5	8340676	8340908	ENSG00000245729.2|ENSG00000288002.1	gene|regulatory|repeat|transcript	232
chr5	162622024	162622255	ENSG00000254186.3	gene|regulatory|repeat|transcript	231
chr5	164358698	164358929	ENSG00000241956.11	gene|regulatory|repeat|transcript	231
chr5	140588391	140588622	ENSG00000283155.1|ENSG00000283602.2|ENSG00000293441.1	gene|regulatory|repeat|transcript	231
chr5	67454744	67454975	ENSG00000249364.7	gene|regulatory|repeat|transcript	231
chr5	132653817	132654048	ENSG00000223442.1	gene|regulatory|repeat|transcript	231
chr5	95713290	95713521	ENSG00000250240.6	gene|regulatory|repeat|transcript	231
chr5	69023172	69023403	ENSG00000249335.5|ENSG00000249352.4	gene|regulatory|repeat|transcript	231
chr5	125298826	125299057	ENSG00000260192.3	gene|regulatory|repeat|transcript	231
chr5	53119725	53119956	ENSG00000247796.3	gene|regulatory|repeat|transcript	231
chr5	79938547	79938778	ENSG00000250888.1	gene|regulatory|repeat|transcript	231
chr5	27341618	27341849	ENSG00000250337.10	gene|regulatory|repeat|transcript	231
chr5	136749134	136749364	ENSG00000250284.3	gene|regulatory|repeat|transcript	230
chr5	124935187	124935417	ENSG00000260192.3	gene|regulatory|repeat|transcript	230
chr5	98130735	98130965	ENSG00000248901.2	gene|regulatory|repeat|transcript	230
chr5	120368990	120369220	ENSG00000261036.2	gene|regulatory|repeat|transcript	230
chr5	125961173	125961403	ENSG00000248752.3	gene|regulatory|repeat|transcript	230
chr5	159583365	159583595	ENSG00000249738.10	gene|regulatory|repeat|transcript	230
chr5	118376826	118377056	ENSG00000250891.3	gene|regulatory|repeat|transcript	230
chr5	149343932	149344162	ENSG00000285736.1	gene|regulatory|repeat|transcript	230
chr5	163354386	163354616	ENSG00000254186.3	gene|regulatory|repeat|transcript	230
chr5	157263392	157263622	ENSG00000253653.1	gene|regulatory|repeat|transcript	230
chr5	87912543	87912773	ENSG00000287862.1	gene|regulatory|repeat|transcript	230
chr5	67875701	67875930	ENSG00000249894.1|ENSG00000250421.5	gene|regulatory|repeat|transcript	229
chr5	35817255	35817484	ENSG00000248969.1	gene|regulatory|repeat|transcript	229
chr5	142398763	142398992	ENSG00000231185.9	gene|regulatory|repeat|transcript	229
chr5	39094217	39094446	ENSG00000286809.1	gene|regulatory|repeat|transcript	229
chr5	100506305	100506534	ENSG00000247877.8|ENSG00000249787.2	gene|regulatory|repeat|transcript	229
chr5	142449973	142450202	ENSG00000231185.9	gene|regulatory|repeat|transcript	229
chr5	10513740	10513969	ENSG00000249160.4	gene|regulatory|repeat|transcript	229
chr5	162567760	162567989	ENSG00000254186.3	gene|regulatory|repeat|transcript	229
chr5	105134402	105134631	ENSG00000251574.8|ENSG00000253584.1	gene|regulatory|repeat|transcript	229
chr5	39094549	39094778	ENSG00000286809.1	gene|regulatory|repeat|transcript	229
chr5	67455350	67455579	ENSG00000249364.7	gene|regulatory|repeat|transcript	229
chr5	1936563	1936792	ENSG00000248994.2	gene|regulatory|repeat|transcript	229
chr5	118107345	118107574	ENSG00000249797.2|ENSG00000250891.3	gene|regulatory|repeat|transcript	229
chr5	38633857	38634086	ENSG00000244968.7	gene|regulatory|repeat|transcript	229
chr5	165143876	165144105	ENSG00000241956.11|ENSG00000285549.1	gene|regulatory|repeat|transcript	229
chr5	120359024	120359253	ENSG00000261036.2	gene|regulatory|repeat|transcript	229
chr5	92420587	92420816	ENSG00000249776.5|ENSG00000250049.7	gene|regulatory|repeat|transcript	229
chr5	68192443	68192671	ENSG00000253787.1	gene|regulatory|repeat|transcript	228
chr5	54387894	54388122	ENSG00000249069.8	gene|regulatory|repeat|transcript	228
chr5	178081972	178082200	ENSG00000204677.13	gene|regulatory|repeat|transcript	228
chr5	137854842	137855070	ENSG00000250159.7	gene|regulatory|repeat|transcript	228
chr5	141903269	141903497	ENSG00000287726.1	gene|regulatory|repeat|transcript	228
chr5	136382159	136382387	ENSG00000279240.1	gene|regulatory|repeat|transcript	228
chr5	145442736	145442964	ENSG00000248125.2	gene|regulatory|repeat|transcript	228
chr5	143792056	143792284	ENSG00000249881.1	gene|regulatory|repeat|transcript	228
chr5	93395974	93396202	ENSG00000237187.9	gene|regulatory|repeat|transcript	228
chr5	29128293	29128521	ENSG00000259786.7	gene|regulatory|repeat|transcript	228
chr5	173474987	173475215	ENSG00000253141.2	gene|regulatory|repeat|transcript	228
chr5	142572876	142573104	ENSG00000231185.9	gene|regulatory|repeat|transcript	228
chr5	109281970	109282198	ENSG00000249476.2	gene|regulatory|repeat|transcript	228
chr5	159548552	159548780	ENSG00000249738.10	gene|regulatory|repeat|transcript	228
chr5	38845095	38845322	ENSG00000249740.4	gene|regulatory|repeat|transcript	227
chr5	51503294	51503521	ENSG00000288035.1	gene|regulatory|repeat|transcript	227
chr5	52761952	52762179	ENSG00000248898.4	gene|regulatory|repeat|transcript	227
chr5	125112291	125112518	ENSG00000260192.3	gene|regulatory|repeat|transcript	227
chr5	135311358	135311585	ENSG00000224186.8	gene|regulatory|repeat|transcript	227
chr5	87233261	87233488	ENSG00000288569.1	gene|regulatory|repeat|transcript	227
chr5	142751816	142752043	ENSG00000236714.3	gene|regulatory|repeat|transcript	227
chr5	178182376	178182602	ENSG00000289726.1	gene|regulatory|repeat|transcript	226
chr5	38164836	38165062	ENSG00000248461.3	gene|regulatory|repeat|transcript	226
chr5	96819878	96820104	ENSG00000247121.8	gene|regulatory|repeat|transcript	226
chr5	173742544	173742770	ENSG00000253686.2	gene|regulatory|repeat|transcript	226
chr5	158429990	158430216	ENSG00000254350.1	gene|regulatory|repeat|transcript	226
chr5	163175639	163175865	ENSG00000254186.3	gene|regulatory|repeat|transcript	226
chr5	4709080	4709306	ENSG00000248973.3	gene|regulatory|repeat|transcript	226
chr5	68891719	68891945	ENSG00000249335.5	gene|regulatory|repeat|transcript	226
chr5	32974061	32974287	ENSG00000250697.2	gene|regulatory|repeat|transcript	226
chr5	173700041	173700267	ENSG00000253428.1	gene|regulatory|repeat|transcript	226
chr5	125261883	125262109	ENSG00000260192.3	gene|regulatory|repeat|transcript	226
chr5	33294207	33294432	ENSG00000250697.2	gene|regulatory|repeat|transcript	225
chr5	125775966	125776191	ENSG00000248752.3	gene|regulatory|repeat|transcript	225
chr5	72603378	72603603	ENSG00000248371.5	gene|regulatory|repeat|transcript	225
chr5	18969076	18969301	ENSG00000249174.1	gene|regulatory|repeat|transcript	225
chr5	43585198	43585423	ENSG00000248092.8	gene|regulatory|repeat|transcript	225
chr5	106978813	106979038	ENSG00000251027.2	gene|regulatory|repeat|transcript	225
chr5	56513938	56514163	ENSG00000225940.7	gene|regulatory|repeat|transcript	225
chr5	133033041	133033266	ENSG00000287054.1	gene|regulatory|repeat|transcript	225
chr5	125256108	125256333	ENSG00000260192.3	gene|regulatory|repeat|transcript	225
chr5	132353674	132353899	ENSG00000233006.8	gene|regulatory|repeat|transcript	225
chr5	38637852	38638077	ENSG00000244968.7	gene|regulatory|repeat|transcript	225
chr5	143783039	143783264	ENSG00000249881.1	gene|regulatory|repeat|transcript	225
chr5	1943646	1943871	ENSG00000248994.2	gene|regulatory|repeat|transcript	225
chr5	96085181	96085406	ENSG00000250551.1|ENSG00000251314.2	gene|regulatory|repeat|transcript	225
chr5	97365539	97365764	ENSG00000251513.2	gene|regulatory|repeat|transcript	225
chr5	159609520	159609744	ENSG00000249738.10	gene|regulatory|repeat|transcript	224
chr5	16434622	16434846	ENSG00000248150.1	gene|regulatory|repeat|transcript	224
chr5	29115307	29115531	ENSG00000259786.7	gene|regulatory|repeat|transcript	224
chr5	139503982	139504206	ENSG00000286403.1	gene|regulatory|repeat|transcript	224
chr5	125770420	125770644	ENSG00000248752.3	gene|regulatory|repeat|transcript	224
chr5	6780859	6781083	ENSG00000251365.6	gene|regulatory|repeat|transcript	224
chr5	9835985	9836209	ENSG00000249781.7	gene|regulatory|repeat|transcript	224
chr5	30653841	30654065	ENSG00000287176.1	gene|regulatory|repeat|transcript	224
chr5	176735462	176735686	ENSG00000251446.1	gene|regulatory|repeat|transcript	224
chr5	30605838	30606062	ENSG00000287176.1	gene|regulatory|repeat|transcript	224
chr5	33049422	33049646	ENSG00000250697.2	gene|regulatory|repeat|transcript	224
chr5	56053084	56053307	ENSG00000249236.2	gene|regulatory|repeat|transcript	223
chr5	88949149	88949372	ENSG00000248309.9	gene|regulatory|repeat|transcript	223
chr5	15249188	15249411	ENSG00000249332.2	gene|regulatory|repeat|transcript	223
chr5	24353102	24353325	ENSG00000250694.1	gene|regulatory|repeat|transcript	223
chr5	24142446	24142669	ENSG00000248874.5|ENSG00000286134.2	gene|regulatory|repeat|transcript	223
chr5	162621772	162621995	ENSG00000254186.3	gene|regulatory|repeat|transcript	223
chr5	139708409	139708632	ENSG00000249526.1	gene|regulatory|repeat|transcript	223
chr5	38655778	38656001	ENSG00000244968.7	gene|regulatory|repeat|transcript	223
chr5	158431778	158432001	ENSG00000254350.1	gene|regulatory|repeat|transcript	223
chr5	20832609	20832832	ENSG00000251629.7	gene|regulatory|repeat|transcript	223
chr5	92228690	92228913	ENSG00000250049.7	gene|regulatory|repeat|transcript	223
chr5	54361064	54361287	ENSG00000249069.8	gene|regulatory|repeat|transcript	223
chr5	67770124	67770347	ENSG00000249364.7|ENSG00000250421.5	gene|regulatory|repeat|transcript	223
chr5	57695661	57695884	ENSG00000287709.3	gene|regulatory|repeat|transcript	223
chr5	104412950	104413172	ENSG00000251574.8	gene|regulatory|repeat|transcript	222
chr5	115958206	115958428	ENSG00000287148.1	gene|regulatory|repeat|transcript	222
chr5	115378823	115379045	ENSG00000289497.2	gene|regulatory|repeat|transcript	222
chr5	111629847	111630069	ENSG00000246859.3	gene|regulatory|repeat|transcript	222
chr5	124960387	124960609	ENSG00000260192.3	gene|regulatory|repeat|transcript	222
chr5	159849911	159850133	ENSG00000253311.3	gene|regulatory|repeat|transcript	222
chr5	159339092	159339314	ENSG00000249738.10	gene|regulatory|repeat|transcript	222
chr5	27241951	27242173	ENSG00000250337.10	gene|regulatory|repeat|transcript	222
chr5	134435987	134436208	ENSG00000250564.2	gene|regulatory|repeat|transcript	221
chr5	96212610	96212831	ENSG00000250551.1|ENSG00000251314.2	gene|regulatory|repeat|transcript	221
chr5	4990139	4990360	ENSG00000215231.8|ENSG00000250481.2	gene|regulatory|repeat|transcript	221
chr5	91651449	91651670	ENSG00000286121.1	gene|regulatory|repeat|transcript	221
chr5	130851751	130851972	ENSG00000287390.1	gene|regulatory|repeat|transcript	221
chr5	24146951	24147172	ENSG00000248874.5|ENSG00000286134.2	gene|regulatory|repeat|transcript	221
chr5	91277952	91278173	ENSG00000248323.8	gene|regulatory|repeat|transcript	221
chr5	81838617	81838838	ENSG00000287938.1	gene|regulatory|repeat|transcript	221
chr5	135049826	135050047	ENSG00000224186.8	gene|regulatory|repeat|transcript	221
chr5	27220348	27220569	ENSG00000250337.10	gene|regulatory|repeat|transcript	221
chr5	158337890	158338111	ENSG00000276778.1	gene|regulatory|repeat|transcript	221
chr5	126208900	126209121	ENSG00000248752.3	gene|regulatory|repeat|transcript	221
chr5	151405514	151405735	ENSG00000253897.3|ENSG00000290991.1	gene|regulatory|repeat|transcript	221
chr5	159462771	159462992	ENSG00000249738.10|ENSG00000253298.2	gene|regulatory|repeat|transcript	221
chr5	152584494	152584715	ENSG00000286749.1	gene|regulatory|repeat|transcript	221
chr5	145221487	145221708	ENSG00000251031.2	gene|regulatory|repeat|transcript	221
chr5	26388665	26388886	ENSG00000249099.1	gene|regulatory|repeat|transcript	221
chr5	104189160	104189380	ENSG00000251026.2	gene|regulatory|repeat|transcript	220
chr5	61273656	61273876	ENSG00000249279.6	gene|regulatory|repeat|transcript	220
chr5	9869666	9869886	ENSG00000249781.7|ENSG00000250814.3	gene|regulatory|repeat|transcript	220
chr5	104800540	104800760	ENSG00000251574.8	gene|regulatory|repeat|transcript	220
chr5	33432673	33432893	ENSG00000249572.3	gene|regulatory|repeat|transcript	220
chr5	56060420	56060640	ENSG00000249236.2	gene|regulatory|repeat|transcript	220
chr5	160452053	160452273	ENSG00000253522.6	gene|regulatory|repeat|transcript	220
chr5	12622680	12622900	ENSG00000248131.6	gene|regulatory|repeat|transcript	220
chr5	87215210	87215430	ENSG00000288569.1	gene|regulatory|repeat|transcript	220
chr5	146576731	146576951	ENSG00000250407.1	gene|regulatory|repeat|transcript	220
chr5	176720592	176720812	ENSG00000248484.1	gene|regulatory|repeat|transcript	220
chr5	181210267	181210487	ENSG00000286644.1	gene|regulatory|repeat|transcript	220
chr5	44791905	44792124	ENSG00000251141.6	gene|regulatory|repeat|transcript	219
chr5	82316571	82316790	ENSG00000205464.14|ENSG00000293465.1	gene|regulatory|repeat|transcript	219
chr5	19099293	19099512	ENSG00000249174.1	gene|regulatory|repeat|transcript	219
chr5	125031887	125032106	ENSG00000260192.3	gene|regulatory|repeat|transcript	219
chr5	126761697	126761916	ENSG00000251072.2	gene|regulatory|repeat|transcript	219
chr5	97184195	97184414	ENSG00000251513.2|ENSG00000286828.1	gene|regulatory|repeat|transcript	219
chr5	9622931	9623150	ENSG00000248525.2	gene|regulatory|repeat|transcript	219
chr5	27403350	27403569	ENSG00000250337.10	gene|regulatory|repeat|transcript	219
chr5	79546842	79547061	ENSG00000288846.1	gene|regulatory|repeat|transcript	219
chr5	24183405	24183623	ENSG00000286134.2	gene|regulatory|repeat|transcript	218
chr5	134439802	134440020	ENSG00000250564.2|ENSG00000250994.3	gene|regulatory|repeat|transcript	218
chr5	173745635	173745853	ENSG00000253686.2	gene|regulatory|repeat|transcript	218
chr5	40411654	40411872	ENSG00000283286.2	gene|regulatory|repeat|transcript	218
chr5	174790878	174791096	ENSG00000251670.1	gene|regulatory|repeat|transcript	218
chr5	172779350	172779568	ENSG00000253736.5	gene|regulatory|repeat|transcript	218
chr5	126353264	126353482	ENSG00000248752.3	gene|regulatory|repeat|transcript	218
chr5	8012424	8012642	ENSG00000287947.1	gene|regulatory|repeat|transcript	218
chr5	52759332	52759549	ENSG00000248898.4	gene|regulatory|repeat|transcript	217
chr5	124972009	124972226	ENSG00000260192.3	gene|regulatory|repeat|transcript	217
chr5	38635891	38636108	ENSG00000244968.7	gene|regulatory|repeat|transcript	217
chr5	125001929	125002146	ENSG00000260192.3	gene|regulatory|repeat|transcript	217
chr5	91194389	91194606	ENSG00000248323.8	gene|regulatory|repeat|transcript	217
chr5	174355267	174355484	ENSG00000249306.7	gene|regulatory|repeat|transcript	217
chr5	115376674	115376891	ENSG00000289497.2	gene|regulatory|repeat|transcript	217
chr5	118029860	118030077	ENSG00000249797.2|ENSG00000250891.3	gene|regulatory|repeat|transcript	217
chr5	97854581	97854798	ENSG00000248202.2|ENSG00000286953.1	gene|regulatory|repeat|transcript	217
chr5	74341828	74342045	ENSG00000248673.2	gene|regulatory|repeat|transcript	217
chr5	91304105	91304322	ENSG00000248323.8	gene|regulatory|repeat|transcript	217
chr5	17849243	17849460	ENSG00000249937.9	gene|regulatory|repeat|transcript	217
chr5	91292193	91292410	ENSG00000248323.8	gene|regulatory|repeat|transcript	217
chr5	9865631	9865848	ENSG00000249781.7|ENSG00000250814.3	gene|regulatory|repeat|transcript	217
chr5	152892245	152892462	ENSG00000249484.9	gene|regulatory|repeat|transcript	217
chr5	160446286	160446502	ENSG00000253522.6	gene|regulatory|repeat|transcript	216
chr5	15132824	15133040	ENSG00000249332.2	gene|regulatory|repeat|transcript	216
chr5	88925795	88926011	ENSG00000248309.9	gene|regulatory|repeat|transcript	216
chr5	56566832	56567048	ENSG00000225940.7	gene|regulatory|repeat|transcript	216
chr5	164933827	164934043	ENSG00000241956.11	gene|regulatory|repeat|transcript	216
chr5	38650538	38650754	ENSG00000244968.7	gene|regulatory|repeat|transcript	216
chr5	181209043	181209259	ENSG00000286644.1	gene|regulatory|repeat|transcript	216
chr5	88481178	88481394	ENSG00000271904.1	gene|regulatory|repeat|transcript	216
chr5	139692304	139692520	ENSG00000249526.1	gene|regulatory|repeat|transcript	216
chr5	56583962	56584178	ENSG00000225940.7	gene|regulatory|repeat|transcript	216
chr5	56012584	56012800	ENSG00000249236.2	gene|regulatory|repeat|transcript	216
chr5	38726894	38727110	ENSG00000249740.4	gene|regulatory|repeat|transcript	216
chr5	8418214	8418430	ENSG00000245729.2|ENSG00000249159.6	gene|regulatory|repeat|transcript	216
chr5	89128177	89128393	ENSG00000248309.9	gene|regulatory|repeat|transcript	216
chr5	124963588	124963803	ENSG00000260192.3	gene|regulatory|repeat|transcript	215
chr5	135121853	135122068	ENSG00000224186.8|ENSG00000248753.1	gene|regulatory|repeat|transcript	215
chr5	173656142	173656357	ENSG00000253959.1	gene|regulatory|repeat|transcript	215
chr5	24268491	24268706	ENSG00000286134.2	gene|regulatory|repeat|transcript	215
chr5	4630598	4630813	ENSG00000248973.3	gene|regulatory|repeat|transcript	215
chr5	173646206	173646421	ENSG00000253959.1	gene|regulatory|repeat|transcript	215
chr5	15431994	15432209	ENSG00000286377.1	gene|regulatory|repeat|transcript	215
chr5	129442606	129442821	ENSG00000249421.2	gene|regulatory|repeat|transcript	215
chr5	163354701	163354916	ENSG00000254186.3	gene|regulatory|repeat|transcript	215
chr5	124158983	124159197	ENSG00000253807.6	gene|regulatory|repeat|transcript	214
chr5	141747967	141748181	ENSG00000286736.1	gene|regulatory|repeat|transcript	214
chr5	1959608	1959822	ENSG00000248994.2	gene|regulatory|repeat|transcript	214
chr5	100529193	100529407	ENSG00000247877.8	gene|regulatory|repeat|transcript	214
chr5	104186551	104186765	ENSG00000251026.2	gene|regulatory|repeat|transcript	214
chr5	150478350	150478564	ENSG00000254333.1	gene|regulatory|repeat|transcript	214
chr5	56097743	56097957	ENSG00000249236.2	gene|regulatory|repeat|transcript	214
chr5	141898150	141898364	ENSG00000287726.1	gene|regulatory|repeat|transcript	214
chr5	149125574	149125788	ENSG00000250072.8	gene|regulatory|repeat|transcript	214
chr5	124819859	124820072	ENSG00000260192.3	gene|regulatory|repeat|transcript	213
chr5	174484527	174484740	ENSG00000249306.7	gene|regulatory|repeat|transcript	213
chr5	74129614	74129827	ENSG00000248673.2	gene|regulatory|repeat|transcript	213
chr5	163318043	163318256	ENSG00000254186.3	gene|regulatory|repeat|transcript	213
chr5	87120508	87120721	ENSG00000233828.5|ENSG00000249061.1	gene|regulatory|repeat|transcript	213
chr5	155106262	155106475	ENSG00000287963.1	gene|regulatory|repeat|transcript	213
chr5	84411576	84411789	ENSG00000250320.7	gene|regulatory|repeat|transcript	213
chr5	126500039	126500252	ENSG00000250602.6	gene|regulatory|repeat|transcript	213
chr5	74391523	74391735	ENSG00000248673.2	gene|regulatory|repeat|transcript	212
chr5	15463271	15463483	ENSG00000286377.1	gene|regulatory|repeat|transcript	212
chr5	19001757	19001969	ENSG00000249174.1	gene|regulatory|repeat|transcript	212
chr5	163221960	163222172	ENSG00000254186.3	gene|regulatory|repeat|transcript	212
chr5	6820904	6821116	ENSG00000251365.6	gene|regulatory|repeat|transcript	212
chr5	126349437	126349649	ENSG00000248752.3	gene|regulatory|repeat|transcript	212
chr5	54839390	54839602	ENSG00000232517.2	gene|regulatory|repeat|transcript	212
chr5	172767304	172767516	ENSG00000253736.5	gene|regulatory|repeat|transcript	212
chr5	122471575	122471787	ENSG00000250328.7	gene|regulatory|repeat|transcript	212
chr5	57516136	57516348	ENSG00000250961.2	gene|regulatory|repeat|transcript	212
chr5	30574885	30575097	ENSG00000287176.1	gene|regulatory|repeat|transcript	212
chr5	151385155	151385367	ENSG00000253897.3|ENSG00000290991.1	gene|regulatory|repeat|transcript	212
chr5	57891562	57891774	ENSG00000249584.1	gene|regulatory|repeat|transcript	212
chr5	8227221	8227432	ENSG00000288002.1	gene|regulatory|repeat|transcript	211
chr5	174524474	174524685	ENSG00000249306.7	gene|regulatory|repeat|transcript	211
chr5	176151528	176151739	ENSG00000248596.8|ENSG00000283559.3|ENSG00000289731.2|ENSG00000290935.1	gene|regulatory|repeat|transcript	211
chr5	149113690	149113901	ENSG00000250072.8	gene|regulatory|repeat|transcript	211
chr5	158388199	158388410	ENSG00000276778.1	gene|regulatory|repeat|transcript	211
chr5	24831596	24831807	ENSG00000286238.1	gene|regulatory|repeat|transcript	211
chr5	166915529	166915740	ENSG00000254130.1	gene|regulatory|repeat|transcript	211
chr5	54363322	54363533	ENSG00000249069.8	gene|regulatory|repeat|transcript	211
chr5	113741903	113742114	ENSG00000286839.1	gene|regulatory|repeat|transcript	211
chr5	151719330	151719541	ENSG00000249035.7	gene|regulatory|repeat|transcript	211
chr5	91269212	91269423	ENSG00000248323.8	gene|regulatory|repeat|transcript	211
chr5	153033461	153033672	ENSG00000249484.9	gene|regulatory|repeat|transcript	211
chr5	181184981	181185192	ENSG00000248473.2	gene|regulatory|repeat|transcript	211
chr5	61766974	61767185	ENSG00000178722.16	gene|regulatory|repeat|transcript	211
chr5	10518158	10518368	ENSG00000249160.4	gene|regulatory|repeat|transcript	210
chr5	87948530	87948740	ENSG00000287862.1	gene|regulatory|repeat|transcript	210
chr5	162458774	162458984	ENSG00000254186.3	gene|regulatory|repeat|transcript	210
chr5	21700833	21701043	ENSG00000253766.1	gene|regulatory|repeat|transcript	210
chr5	56094821	56095031	ENSG00000249236.2	gene|regulatory|repeat|transcript	210
chr5	155129500	155129710	ENSG00000287963.1	gene|regulatory|repeat|transcript	210
chr5	119022505	119022715	ENSG00000249494.6	gene|regulatory|repeat|transcript	210
chr5	68912045	68912255	ENSG00000249335.5	gene|regulatory|repeat|transcript	210
chr5	160469175	160469385	ENSG00000253522.6	gene|regulatory|repeat|transcript	210
chr5	96247199	96247409	ENSG00000251314.2	gene|regulatory|repeat|transcript	210
chr5	165423902	165424112	ENSG00000253693.1	gene|regulatory|repeat|transcript	210
chr5	124904657	124904867	ENSG00000260192.3	gene|regulatory|repeat|transcript	210
chr5	81820166	81820376	ENSG00000287938.1	gene|regulatory|repeat|transcript	210
chr5	54822383	54822593	ENSG00000232517.2	gene|regulatory|repeat|transcript	210
chr5	68192730	68192939	ENSG00000253787.1	gene|regulatory|repeat|transcript	209
chr5	6773589	6773798	ENSG00000251365.6	gene|regulatory|repeat|transcript	209
chr5	173762876	173763085	ENSG00000287003.1	gene|regulatory|repeat|transcript	209
chr5	97886557	97886766	ENSG00000248202.2	gene|regulatory|repeat|transcript	209
chr5	97089402	97089611	ENSG00000251513.2	gene|regulatory|repeat|transcript	209
chr5	4709917	4710126	ENSG00000248973.3	gene|regulatory|repeat|transcript	209
chr5	54347308	54347517	ENSG00000249069.8	gene|regulatory|repeat|transcript	209
chr5	174829618	174829827	ENSG00000251670.1	gene|regulatory|repeat|transcript	209
chr5	97808702	97808911	ENSG00000286953.1	gene|regulatory|repeat|transcript	209
chr5	4535383	4535592	ENSG00000248973.3	gene|regulatory|repeat|transcript	209
chr5	38776293	38776502	ENSG00000249740.4	gene|regulatory|repeat|transcript	209
chr5	124274418	124274627	ENSG00000253807.6	gene|regulatory|repeat|transcript	209
chr5	178078343	178078552	ENSG00000204677.13	gene|regulatory|repeat|transcript	209
chr5	56019737	56019945	ENSG00000249236.2	gene|regulatory|repeat|transcript	208
chr5	56086066	56086274	ENSG00000249236.2	gene|regulatory|repeat|transcript	208
chr5	55997854	55998062	ENSG00000227908.5|ENSG00000249236.2	gene|regulatory|repeat|transcript	208
chr5	18735784	18735992	ENSG00000248693.1	gene|regulatory|repeat|transcript	208
chr5	33195499	33195707	ENSG00000250697.2	gene|regulatory|repeat|transcript	208
chr5	24267252	24267460	ENSG00000286134.2	gene|regulatory|repeat|transcript	208
chr5	43521110	43521317	ENSG00000248240.1|ENSG00000248554.1	gene|regulatory|repeat|transcript	207
chr5	173788567	173788774	ENSG00000254211.6	gene|regulatory|repeat|transcript	207
chr5	125245294	125245501	ENSG00000260192.3	gene|regulatory|repeat|transcript	207
chr5	82345583	82345790	ENSG00000293465.1	gene|regulatory|repeat|transcript	207
chr5	164959815	164960022	ENSG00000241956.11	gene|regulatory|repeat|transcript	207
chr5	57442882	57443089	ENSG00000250961.2	gene|regulatory|repeat|transcript	207
chr5	139691350	139691557	ENSG00000249526.1	gene|regulatory|repeat|transcript	207
chr5	163099605	163099812	ENSG00000254186.3	gene|regulatory|repeat|transcript	207
chr5	16625049	16625256	ENSG00000246214.3	gene|regulatory|repeat|transcript	207
chr5	74222956	74223163	ENSG00000248673.2	gene|regulatory|repeat|transcript	207
chr5	43035097	43035304	ENSG00000177738.6	gene|regulatory|repeat|transcript	207
chr5	174409184	174409391	ENSG00000249306.7	gene|regulatory|repeat|transcript	207
chr5	112649962	112650169	ENSG00000250358.7	gene|regulatory|repeat|transcript	207
chr5	16377377	16377584	ENSG00000248150.1	gene|regulatory|repeat|transcript	207
chr5	15426925	15427132	ENSG00000286377.1	gene|regulatory|repeat|transcript	207
chr5	104177816	104178023	ENSG00000251026.2	gene|regulatory|repeat|transcript	207
chr5	74295703	74295909	ENSG00000248673.2|ENSG00000248942.3|ENSG00000288883.1	gene|regulatory|repeat|transcript	206
chr5	173743527	173743733	ENSG00000253686.2	gene|regulatory|repeat|transcript	206
chr5	32958898	32959104	ENSG00000248279.5|ENSG00000250697.2	gene|regulatory|repeat|transcript	206
chr5	134430655	134430861	ENSG00000250564.2	gene|regulatory|repeat|transcript	206
chr5	162444379	162444585	ENSG00000254186.3	gene|regulatory|repeat|transcript	206
chr5	56593019	56593225	ENSG00000225940.7	gene|regulatory|repeat|transcript	206
chr5	16420099	16420305	ENSG00000248150.1	gene|regulatory|repeat|transcript	206
chr5	9720416	9720622	ENSG00000249781.7	gene|regulatory|repeat|transcript	206
chr5	57600329	57600535	ENSG00000249436.2	gene|regulatory|repeat|transcript	206
chr5	142451409	142451615	ENSG00000231185.9	gene|regulatory|repeat|transcript	206
chr5	100517732	100517938	ENSG00000247877.8|ENSG00000249787.2	gene|regulatory|repeat|transcript	206
chr5	66371927	66372133	ENSG00000251391.5|ENSG00000286062.2	gene|regulatory|repeat|transcript	206
chr5	91787790	91787996	ENSG00000286121.1	gene|regulatory|repeat|transcript	206
chr5	10329298	10329504	ENSG00000259802.3	gene|regulatory|repeat|transcript	206
chr5	92436203	92436409	ENSG00000249776.5|ENSG00000250049.7	gene|regulatory|repeat|transcript	206
chr5	1174743	1174949	ENSG00000249201.2	gene|regulatory|repeat|transcript	206
chr5	135045527	135045732	ENSG00000224186.8	gene|regulatory|repeat|transcript	205
chr5	95834701	95834906	ENSG00000251000.1	gene|regulatory|repeat|transcript	205
chr5	126758929	126759134	ENSG00000251072.2	gene|regulatory|repeat|transcript	205
chr5	89276555	89276760	ENSG00000248309.9	gene|regulatory|repeat|transcript	205
chr5	81828018	81828223	ENSG00000287938.1	gene|regulatory|repeat|transcript	205
chr5	24266481	24266686	ENSG00000286134.2	gene|regulatory|repeat|transcript	205
chr5	28609306	28609511	ENSG00000250453.2	gene|regulatory|repeat|transcript	205
chr5	27253031	27253235	ENSG00000250337.10	gene|regulatory|repeat|transcript	204
chr5	146367041	146367245	ENSG00000250025.2	gene|regulatory|repeat|transcript	204
chr5	181248096	181248300	ENSG00000233937.9	gene|regulatory|repeat|transcript	204
chr5	157686644	157686848	ENSG00000290601.1	gene|regulatory|repeat|transcript	204
chr5	68849300	68849504	ENSG00000249335.5	gene|regulatory|repeat|transcript	204
chr5	96324923	96325127	ENSG00000251314.2	gene|regulatory|repeat|transcript	204
chr5	124210649	124210853	ENSG00000253807.6	gene|regulatory|repeat|transcript	204
chr5	72641240	72641444	ENSG00000248371.5	gene|regulatory|repeat|transcript	204
chr5	43035471	43035675	ENSG00000177738.6	gene|regulatory|repeat|transcript	204
chr5	104904565	104904769	ENSG00000251574.8	gene|regulatory|repeat|transcript	204
chr5	33235832	33236036	ENSG00000250697.2|ENSG00000251443.3	gene|regulatory|repeat|transcript	204
chr5	181182838	181183042	ENSG00000248473.2	gene|regulatory|repeat|transcript	204
chr5	73142143	73142347	ENSG00000251599.1	gene|regulatory|repeat|transcript	204
chr5	61286777	61286981	ENSG00000249279.6	gene|regulatory|repeat|transcript	204
chr5	176181591	176181795	ENSG00000248596.8|ENSG00000283235.2	gene|regulatory|repeat|transcript	204
chr5	74954034	74954237	ENSG00000249856.1|ENSG00000289535.2	gene|regulatory|repeat|transcript	203
chr5	126351354	126351557	ENSG00000248752.3	gene|regulatory|repeat|transcript	203
chr5	80620396	80620599	ENSG00000251221.1	gene|regulatory|repeat|transcript	203
chr5	2079878	2080081	ENSG00000248994.2	gene|regulatory|repeat|transcript	203
chr5	67515832	67516035	ENSG00000249364.7	gene|regulatory|repeat|transcript	203
chr5	149420257	149420460	ENSG00000249669.12	gene|regulatory|repeat|transcript	203
chr5	38624554	38624757	ENSG00000244968.7	gene|regulatory|repeat|transcript	203
chr5	18745041	18745244	ENSG00000248693.1	gene|regulatory|repeat|transcript	203
chr5	96078803	96079006	ENSG00000250551.1|ENSG00000251314.2	gene|regulatory|repeat|transcript	203
chr5	44789756	44789959	ENSG00000251141.6	gene|regulatory|repeat|transcript	203
chr5	3372384	3372587	ENSG00000248118.2	gene|regulatory|repeat|transcript	203
chr5	143691455	143691658	ENSG00000249881.1	gene|regulatory|repeat|transcript	203
chr5	176712899	176713102	ENSG00000248484.1	gene|regulatory|repeat|transcript	203
chr5	68541452	68541655	ENSG00000248359.2|ENSG00000250237.3	gene|regulatory|repeat|transcript	203
chr5	175914107	175914310	ENSG00000250820.1	gene|regulatory|repeat|transcript	203
chr5	20814858	20815061	ENSG00000251629.7	gene|regulatory|repeat|transcript	203
chr5	67745957	67746160	ENSG00000249364.7|ENSG00000250421.5	gene|regulatory|repeat|transcript	203
chr5	140719949	140720151	ENSG00000292256.1	gene|regulatory|repeat|transcript	202
chr5	74506334	74506536	ENSG00000248673.2	gene|regulatory|repeat|transcript	202
chr5	61275459	61275661	ENSG00000249279.6	gene|regulatory|repeat|transcript	202
chr5	173743959	173744161	ENSG00000253686.2	gene|regulatory|repeat|transcript	202
chr5	173789778	173789980	ENSG00000254211.6	gene|regulatory|repeat|transcript	202
chr5	122722435	122722637	ENSG00000251538.7	gene|regulatory|repeat|transcript	202
chr5	39099150	39099352	ENSG00000286809.1	gene|regulatory|repeat|transcript	202
chr5	17813376	17813578	ENSG00000249937.9	gene|regulatory|repeat|transcript	202
chr5	159335639	159335841	ENSG00000249738.10	gene|regulatory|repeat|transcript	202
chr5	159212758	159212960	ENSG00000253256.1	gene|regulatory|repeat|transcript	202
chr5	98946277	98946479	ENSG00000248489.4	gene|regulatory|repeat|transcript	202
chr5	61175216	61175418	ENSG00000251279.3	gene|regulatory|repeat|transcript	202
chr5	1571619	1571821	ENSG00000291055.1	gene|regulatory|repeat|transcript	202
chr5	173646801	173647003	ENSG00000253959.1	gene|regulatory|repeat|transcript	202
chr5	97896805	97897006	ENSG00000248202.2	gene|regulatory|repeat|transcript	201
chr5	79801266	79801467	ENSG00000250258.1	gene|regulatory|repeat|transcript	201
chr5	142725774	142725975	ENSG00000236714.3	gene|regulatory|repeat|transcript	201
chr5	27316065	27316266	ENSG00000250337.10	gene|regulatory|repeat|transcript	201
chr5	80487479	80487680	ENSG00000249042.6	gene|regulatory|repeat|transcript	201
chr5	61768753	61768954	ENSG00000178722.16	gene|regulatory|repeat|transcript	201
chr5	159378955	159379156	ENSG00000249738.10	gene|regulatory|repeat|transcript	201
chr5	93396239	93396440	ENSG00000237187.9	gene|regulatory|repeat|transcript	201
chr5	143738555	143738756	ENSG00000249881.1	gene|regulatory|repeat|transcript	201
chr5	141134169	141134370	ENSG00000272154.5	gene|regulatory|repeat|transcript	201
chr5	95710960	95711161	ENSG00000250240.6	gene|regulatory|repeat|transcript	201
chr5	97268983	97269184	ENSG00000251513.2	gene|regulatory|repeat|transcript	201
chr5	135159071	135159272	ENSG00000224186.8	gene|regulatory|repeat|transcript	201
chr5	124970490	124970691	ENSG00000260192.3	gene|regulatory|repeat|transcript	201
chr5	105163697	105163898	ENSG00000251574.8|ENSG00000253584.1	gene|regulatory|repeat|transcript	201
chr5	34240664	34240865	ENSG00000290548.1	gene|regulatory|repeat|transcript	201
chr5	95868256	95868457	ENSG00000250362.1	gene|regulatory|repeat|transcript	201
chr5	106979995	106980196	ENSG00000251027.2	gene|regulatory|repeat|transcript	201
chr5	152147321	152147522	ENSG00000254226.6	gene|regulatory|repeat|transcript	201
chr5	96839042	96839243	ENSG00000247121.8	gene|regulatory|repeat|transcript	201
chr5	89028575	89028776	ENSG00000248309.9	gene|regulatory|repeat|transcript	201
chr5	1942346	1942547	ENSG00000248994.2	gene|regulatory|repeat|transcript	201
chr5	7137318	7137519	ENSG00000250974.4	gene|regulatory|repeat|transcript	201
chr5	162717521	162717722	ENSG00000254186.3	gene|regulatory|repeat|transcript	201
chr5	143521303	143521504	ENSG00000249429.1	gene|regulatory|repeat|transcript	201
chr5	159332527	159332728	ENSG00000249738.10	gene|regulatory|repeat|transcript	201
chr5	39985270	39985471	ENSG00000250048.2	gene|regulatory|repeat|transcript	201
chr5	89254061	89254262	ENSG00000248309.9	gene|regulatory|repeat|transcript	201
chr5	143506502	143506703	ENSG00000249429.1	gene|regulatory|repeat|transcript	201
chr5	91229082	91229283	ENSG00000248323.8	gene|regulatory|repeat|transcript	201
chr5	93556598	93556799	ENSG00000237187.9	gene|regulatory|repeat|transcript	201
chr5	28648265	28648465	ENSG00000250453.2|ENSG00000286432.1	gene|regulatory|repeat|transcript	200
chr5	10519154	10519354	ENSG00000249160.4	gene|regulatory|repeat|transcript	200
chr5	60539580	60539780	ENSG00000152931.9	gene|regulatory|repeat|transcript	200
chr5	96933211	96933411	ENSG00000247121.8	gene|regulatory|repeat|transcript	200
chr5	24268755	24268955	ENSG00000286134.2	gene|regulatory|repeat|transcript	200
chr5	95969660	95969860	ENSG00000250955.1|ENSG00000251314.2	gene|regulatory|repeat|transcript	200
chr5	86991020	86991220	ENSG00000249061.1	gene|regulatory|repeat|transcript	200
chr5	91707503	91707703	ENSG00000286121.1	gene|regulatory|repeat|transcript	200
chr5	172550486	172550686	ENSG00000254299.3	gene|regulatory|repeat|transcript	200
chr5	43523622	43523822	ENSG00000248240.1	gene|regulatory|repeat|transcript	200
chr5	152190551	152190751	ENSG00000254226.6	gene|regulatory|repeat|transcript	200
chr5	127987418	127987618	ENSG00000245937.10	gene|regulatory|repeat|transcript	200
chr5	96499800	96500000	ENSG00000251314.2	gene|regulatory|repeat|transcript	200
chr5	125394702	125394902	ENSG00000248752.3|ENSG00000260192.3	gene|regulatory|repeat|transcript	200
chr5	54672903	54673103	ENSG00000287367.2	gene|regulatory|repeat|transcript	200
chr5	98958592	98958791	ENSG00000248489.4	gene|regulatory|repeat|transcript	199
chr5	149125355	149125554	ENSG00000250072.8	gene|regulatory|repeat|transcript	199
chr5	164973693	164973892	ENSG00000241956.11	gene|regulatory|repeat|transcript	199
chr5	88707665	88707864	ENSG00000245864.5	gene|regulatory|repeat|transcript	199
chr5	12616148	12616347	ENSG00000248131.6	gene|regulatory|repeat|transcript	199
chr5	142734130	142734329	ENSG00000236714.3|ENSG00000287203.1	gene|regulatory|repeat|transcript	199
chr5	142400586	142400785	ENSG00000231185.9	gene|regulatory|repeat|transcript	199
chr5	18985229	18985428	ENSG00000249174.1	gene|regulatory|repeat|transcript	199
chr5	57432949	57433148	ENSG00000250961.2	gene|regulatory|repeat|transcript	199
chr5	111588284	111588483	ENSG00000246859.3	gene|regulatory|repeat|transcript	199
chr5	5403903	5404102	ENSG00000286753.3	gene|regulatory|repeat|transcript	199
chr5	172534026	172534225	ENSG00000287814.1	gene|regulatory|repeat|transcript	199
chr5	146345393	146345592	ENSG00000250025.2	gene|regulatory|repeat|transcript	199
chr5	67744225	67744424	ENSG00000249364.7|ENSG00000250421.5	gene|regulatory|repeat|transcript	199
chr5	68727638	68727836	ENSG00000250237.3	gene|regulatory|repeat|transcript	198
chr5	75003481	75003679	ENSG00000249856.1	gene|regulatory|repeat|transcript	198
chr5	139695851	139696049	ENSG00000249526.1	gene|regulatory|repeat|transcript	198
chr5	163221649	163221847	ENSG00000254186.3	gene|regulatory|repeat|transcript	198
chr5	142752156	142752354	ENSG00000236714.3	gene|regulatory|repeat|transcript	198
chr5	43485588	43485786	ENSG00000249492.3	gene|regulatory|repeat|transcript	198
chr5	36707433	36707631	ENSG00000250155.3	gene|regulatory|repeat|transcript	198
chr5	61627640	61627838	ENSG00000178722.16	gene|regulatory|repeat|transcript	198
chr5	57651327	57651524	ENSG00000287709.3	gene|regulatory|repeat|transcript	197
chr5	96293771	96293968	ENSG00000251314.2	gene|regulatory|repeat|transcript	197
chr5	27463546	27463743	ENSG00000250337.10	gene|regulatory|repeat|transcript	197
chr5	28734404	28734601	ENSG00000250453.2	gene|regulatory|repeat|transcript	197
chr5	152185354	152185551	ENSG00000254226.6	gene|regulatory|repeat|transcript	197
chr5	136738876	136739073	ENSG00000250284.3	gene|regulatory|repeat|transcript	197
chr5	92101738	92101935	ENSG00000250049.7	gene|regulatory|repeat|transcript	197
chr5	178082206	178082403	ENSG00000204677.13	gene|regulatory|repeat|transcript	197
chr5	143551736	143551933	ENSG00000251205.3	gene|regulatory|repeat|transcript	197
chr5	176721103	176721300	ENSG00000248484.1	gene|regulatory|repeat|transcript	197
chr5	124283137	124283334	ENSG00000253807.6	gene|regulatory|repeat|transcript	197
chr5	74968392	74968589	ENSG00000249856.1|ENSG00000289535.2	gene|regulatory|repeat|transcript	197
chr5	177871607	177871804	ENSG00000291113.1	gene|regulatory|repeat|transcript	197
chr5	151721930	151722127	ENSG00000249035.7	gene|regulatory|repeat|transcript	197
chr5	96870459	96870656	ENSG00000247121.8	gene|regulatory|repeat|transcript	197
chr5	9623709	9623906	ENSG00000248525.2	gene|regulatory|repeat|transcript	197
chr5	150481447	150481644	ENSG00000254333.1	gene|regulatory|repeat|transcript	197
chr5	153147966	153148162	ENSG00000249484.9	gene|regulatory|repeat|transcript	196
chr5	108416866	108417062	ENSG00000286503.1	gene|regulatory|repeat|transcript	196
chr5	119030398	119030594	ENSG00000249494.6	gene|regulatory|repeat|transcript	196
chr5	89353991	89354187	ENSG00000248309.9	gene|regulatory|repeat|transcript	196
chr5	12663059	12663255	ENSG00000248131.6	gene|regulatory|repeat|transcript	196
chr5	91268654	91268850	ENSG00000248323.8	gene|regulatory|repeat|transcript	196
chr5	74375297	74375493	ENSG00000248673.2	gene|regulatory|repeat|transcript	196
chr5	92544774	92544970	ENSG00000249776.5	gene|regulatory|repeat|transcript	196
chr5	96080700	96080896	ENSG00000250551.1|ENSG00000251314.2	gene|regulatory|repeat|transcript	196
chr5	134442512	134442708	ENSG00000250564.2|ENSG00000250994.3	gene|regulatory|repeat|transcript	196
chr5	173742199	173742395	ENSG00000253686.2	gene|regulatory|repeat|transcript	196
chr5	142359618	142359814	ENSG00000231185.9	gene|regulatory|repeat|transcript	196
chr5	165538154	165538350	ENSG00000253693.1	gene|regulatory|repeat|transcript	196
chr5	74944093	74944289	ENSG00000249856.1	gene|regulatory|repeat|transcript	196
chr5	96101789	96101985	ENSG00000250551.1|ENSG00000251314.2	gene|regulatory|repeat|transcript	196
chr5	73199773	73199969	ENSG00000287090.1	gene|regulatory|repeat|transcript	196
chr5	81300061	81300257	ENSG00000247572.9	gene|regulatory|repeat|transcript	196
chr5	160443148	160443344	ENSG00000253522.6	gene|regulatory|repeat|transcript	196
chr5	176172312	176172508	ENSG00000248596.8	gene|regulatory|repeat|transcript	196
chr5	151388227	151388423	ENSG00000253897.3|ENSG00000290991.1	gene|regulatory|repeat|transcript	196
chr5	33180957	33181153	ENSG00000250697.2	gene|regulatory|repeat|transcript	196
chr5	142485891	142486086	ENSG00000231185.9	gene|regulatory|repeat|transcript	195
chr5	174452901	174453096	ENSG00000249306.7	gene|regulatory|repeat|transcript	195
chr5	141142700	141142895	ENSG00000272154.5|ENSG00000280029.4	gene|regulatory|repeat|transcript	195
chr5	89418611	89418806	ENSG00000248309.9	gene|regulatory|repeat|transcript	195
chr5	165375282	165375477	ENSG00000253693.1	gene|regulatory|repeat|transcript	195
chr5	57666377	57666572	ENSG00000287709.3	gene|regulatory|repeat|transcript	195
chr5	91287278	91287473	ENSG00000248323.8	gene|regulatory|repeat|transcript	195
chr5	12623251	12623446	ENSG00000248131.6	gene|regulatory|repeat|transcript	195
chr5	174518594	174518789	ENSG00000249306.7	gene|regulatory|repeat|transcript	195
chr5	174421456	174421651	ENSG00000249306.7	gene|regulatory|repeat|transcript	195
chr5	80609900	80610095	ENSG00000251221.1	gene|regulatory|repeat|transcript	195
chr5	124298208	124298403	ENSG00000253807.6	gene|regulatory|repeat|transcript	195
chr5	60535258	60535453	ENSG00000152931.9	gene|regulatory|repeat|transcript	195
chr5	67592760	67592954	ENSG00000249364.7	gene|regulatory|repeat|transcript	194
chr5	74948651	74948845	ENSG00000249856.1|ENSG00000289535.2	gene|regulatory|repeat|transcript	194
chr5	28953620	28953814	ENSG00000259786.7	gene|regulatory|repeat|transcript	194
chr5	18984573	18984767	ENSG00000249174.1	gene|regulatory|repeat|transcript	194
chr5	61329090	61329284	ENSG00000288936.1	gene|regulatory|repeat|transcript	194
chr5	96508202	96508396	ENSG00000251314.2	gene|regulatory|repeat|transcript	194
chr5	173483380	173483574	ENSG00000253141.2	gene|regulatory|repeat|transcript	194
chr5	152094153	152094347	ENSG00000254226.6	gene|regulatory|repeat|transcript	194
chr5	55038114	55038308	ENSG00000240535.8	gene|regulatory|repeat|transcript	194
chr5	33147334	33147528	ENSG00000250697.2	gene|regulatory|repeat|transcript	194
chr5	109321186	109321380	ENSG00000249476.2	gene|regulatory|repeat|transcript	194
chr5	176188208	176188402	ENSG00000283235.2	gene|regulatory|repeat|transcript	194
chr5	176039453	176039647	ENSG00000250992.4	gene|regulatory|repeat|transcript	194
chr5	124497100	124497293	ENSG00000248296.1	gene|regulatory|repeat|transcript	193
chr5	69004972	69005165	ENSG00000249335.5|ENSG00000249352.4	gene|regulatory|repeat|transcript	193
chr5	125111785	125111978	ENSG00000260192.3	gene|regulatory|repeat|transcript	193
chr5	143738874	143739067	ENSG00000249881.1	gene|regulatory|repeat|transcript	193
chr5	81270169	81270362	ENSG00000247572.9	gene|regulatory|repeat|transcript	193
chr5	42985927	42986120	ENSG00000287263.3	gene|regulatory|repeat|transcript	193
chr5	118236270	118236463	ENSG00000249797.2|ENSG00000250891.3	gene|regulatory|repeat|transcript	193
chr5	87442165	87442358	ENSG00000285190.1	gene|regulatory|repeat|transcript	193
chr5	82975305	82975498	ENSG00000248400.2	gene|regulatory|repeat|transcript	193
chr5	95844459	95844652	ENSG00000236882.9|ENSG00000251409.2	gene|regulatory|repeat|transcript	193
chr5	104932517	104932710	ENSG00000251574.8|ENSG00000253584.1	gene|regulatory|repeat|transcript	193
chr5	104432095	104432288	ENSG00000251574.8	gene|regulatory|repeat|transcript	193
chr5	97194147	97194340	ENSG00000248758.1|ENSG00000251513.2|ENSG00000286828.1	gene|regulatory|repeat|transcript	193
chr5	129438414	129438607	ENSG00000249421.2	gene|regulatory|repeat|transcript	193
chr5	56053528	56053721	ENSG00000249236.2	gene|regulatory|repeat|transcript	193
chr5	109275578	109275771	ENSG00000249476.2	gene|regulatory|repeat|transcript	193
chr5	126498786	126498979	ENSG00000250602.6	gene|regulatory|repeat|transcript	193
chr5	74957015	74957208	ENSG00000249856.1|ENSG00000289535.2	gene|regulatory|repeat|transcript	193
chr5	170759360	170759553	ENSG00000253348.1	gene|regulatory|repeat|transcript	193
chr5	97201972	97202165	ENSG00000251513.2|ENSG00000286828.1	gene|regulatory|repeat|transcript	193
chr5	7385723	7385915	ENSG00000223597.3	gene|regulatory|repeat|transcript	192
chr5	130765289	130765481	ENSG00000287390.1	gene|regulatory|repeat|transcript	192
chr5	34180343	34180535	ENSG00000215158.10|ENSG00000290548.1	gene|regulatory|repeat|transcript	192
chr5	12661734	12661926	ENSG00000248131.6	gene|regulatory|repeat|transcript	192
chr5	178781431	178781623	ENSG00000250420.9|ENSG00000291019.1	gene|regulatory|repeat|transcript	192
chr5	27471112	27471304	ENSG00000250337.10	gene|regulatory|repeat|transcript	192
chr5	9775449	9775641	ENSG00000249781.7	gene|regulatory|repeat|transcript	192
chr5	91425205	91425397	ENSG00000281357.5	gene|regulatory|repeat|transcript	192
chr5	34188005	34188197	ENSG00000215158.10|ENSG00000290548.1	gene|regulatory|repeat|transcript	192
chr5	142403336	142403528	ENSG00000231185.9	gene|regulatory|repeat|transcript	192
chr5	115372126	115372318	ENSG00000289497.2	gene|regulatory|repeat|transcript	192
chr5	152052525	152052717	ENSG00000254226.6	gene|regulatory|repeat|transcript	192
chr5	124984197	124984388	ENSG00000260192.3	gene|regulatory|repeat|transcript	191
chr5	176139947	176140138	ENSG00000289731.2	gene|regulatory|repeat|transcript	191
chr5	143574303	143574494	ENSG00000251205.3	gene|regulatory|repeat|transcript	191
chr5	122646719	122646910	ENSG00000251538.7	gene|regulatory|repeat|transcript	191
chr5	81270729	81270920	ENSG00000247572.9	gene|regulatory|repeat|transcript	191
chr5	135230215	135230406	ENSG00000224186.8	gene|regulatory|repeat|transcript	191
chr5	151956905	151957096	ENSG00000254226.6	gene|regulatory|repeat|transcript	191
chr5	165616509	165616700	ENSG00000253693.1	gene|regulatory|repeat|transcript	191
chr5	173767958	173768149	ENSG00000287003.1	gene|regulatory|repeat|transcript	191
chr5	91707083	91707274	ENSG00000286121.1	gene|regulatory|repeat|transcript	191
chr5	54699051	54699242	ENSG00000287367.2	gene|regulatory|repeat|transcript	191
chr5	136737091	136737282	ENSG00000250284.3	gene|regulatory|repeat|transcript	191
chr5	135308361	135308552	ENSG00000224186.8	gene|regulatory|repeat|transcript	191
chr5	130942929	130943120	ENSG00000287390.1	gene|regulatory|repeat|transcript	191
chr5	56595427	56595618	ENSG00000225940.7	gene|regulatory|repeat|transcript	191
chr5	96298957	96299148	ENSG00000251314.2	gene|regulatory|repeat|transcript	191
chr5	74355642	74355833	ENSG00000248673.2	gene|regulatory|repeat|transcript	191
chr5	89203737	89203927	ENSG00000248309.9	gene|regulatory|repeat|transcript	190
chr5	67682614	67682804	ENSG00000249364.7	gene|regulatory|repeat|transcript	190
chr5	140720643	140720833	ENSG00000292256.1	gene|regulatory|repeat|transcript	190
chr5	173762519	173762709	ENSG00000287003.1	gene|regulatory|repeat|transcript	190
chr5	8289251	8289441	ENSG00000288002.1	gene|regulatory|repeat|transcript	190
chr5	98110826	98111016	ENSG00000248901.2	gene|regulatory|repeat|transcript	190
chr5	98095326	98095516	ENSG00000248901.2	gene|regulatory|repeat|transcript	190
chr5	119016427	119016617	ENSG00000249494.6	gene|regulatory|repeat|transcript	190
chr5	53791481	53791671	ENSG00000250447.6	gene|regulatory|repeat|transcript	190
chr5	12636246	12636436	ENSG00000248131.6	gene|regulatory|repeat|transcript	190
chr5	100500000	100500190	ENSG00000247877.8|ENSG00000249787.2	gene|regulatory|repeat|transcript	190
chr5	81269860	81270050	ENSG00000247572.9	gene|regulatory|repeat|transcript	190
chr5	165537824	165538014	ENSG00000253693.1	gene|regulatory|repeat|transcript	190
chr5	96821160	96821350	ENSG00000247121.8	gene|regulatory|repeat|transcript	190
chr5	159555233	159555423	ENSG00000249738.10	gene|regulatory|repeat|transcript	190
chr5	6788124	6788314	ENSG00000251365.6	gene|regulatory|repeat|transcript	190
chr5	152511937	152512127	ENSG00000286749.1	gene|regulatory|repeat|transcript	190
chr5	179504610	179504799	ENSG00000253652.1	gene|regulatory|repeat|transcript	189
chr5	152523365	152523554	ENSG00000286749.1	gene|regulatory|repeat|transcript	189
chr5	66417673	66417862	ENSG00000286062.2	gene|regulatory|repeat|transcript	189
chr5	17913868	17914057	ENSG00000249937.9	gene|regulatory|repeat|transcript	189
chr5	24818047	24818236	ENSG00000286238.1	gene|regulatory|repeat|transcript	189
chr5	21689041	21689230	ENSG00000253766.1	gene|regulatory|repeat|transcript	189
chr5	74956471	74956660	ENSG00000249856.1|ENSG00000289535.2	gene|regulatory|repeat|transcript	189
chr5	40428141	40428330	ENSG00000283286.2	gene|regulatory|repeat|transcript	189
chr5	111998965	111999154	ENSG00000250095.5	gene|regulatory|repeat|transcript	189
chr5	173473327	173473516	ENSG00000253141.2	gene|regulatory|repeat|transcript	189
chr5	95851799	95851988	ENSG00000236882.9|ENSG00000251409.2	gene|regulatory|repeat|transcript	189
chr5	42990388	42990577	ENSG00000287263.3	gene|regulatory|repeat|transcript	189
chr5	149269109	149269298	ENSG00000248647.2|ENSG00000253406.1	gene|regulatory|repeat|transcript	189
chr5	134465616	134465805	ENSG00000250994.3	gene|regulatory|repeat|transcript	189
chr5	18745808	18745997	ENSG00000248693.1	gene|regulatory|repeat|transcript	189
chr5	145163924	145164113	ENSG00000251031.2	gene|regulatory|repeat|transcript	189
chr5	172487298	172487487	ENSG00000287814.1	gene|regulatory|repeat|transcript	189
chr5	142550725	142550913	ENSG00000231185.9	gene|regulatory|repeat|transcript	188
chr5	1975439	1975627	ENSG00000248994.2	gene|regulatory|repeat|transcript	188
chr5	104412733	104412921	ENSG00000251574.8	gene|regulatory|repeat|transcript	188
chr5	178162636	178162824	ENSG00000289726.1	gene|regulatory|repeat|transcript	188
chr5	137845483	137845671	ENSG00000250159.7	gene|regulatory|repeat|transcript	188
chr5	136494812	136495000	ENSG00000249803.6	gene|regulatory|repeat|transcript	188
chr5	143582936	143583124	ENSG00000251205.3	gene|regulatory|repeat|transcript	188
chr5	68194531	68194719	ENSG00000253787.1	gene|regulatory|repeat|transcript	188
chr5	111003679	111003867	ENSG00000248428.1	gene|regulatory|repeat|transcript	188
chr5	9902463	9902651	ENSG00000249781.7	gene|regulatory|repeat|transcript	188
chr5	97576045	97576233	ENSG00000250331.2	gene|regulatory|repeat|transcript	188
chr5	163358016	163358204	ENSG00000254186.3	gene|regulatory|repeat|transcript	188
chr5	142360145	142360333	ENSG00000231185.9	gene|regulatory|repeat|transcript	188
chr5	91228559	91228747	ENSG00000248323.8	gene|regulatory|repeat|transcript	188
chr5	38799709	38799896	ENSG00000249740.4	gene|regulatory|repeat|transcript	187
chr5	152821611	152821798	ENSG00000249484.9	gene|regulatory|repeat|transcript	187
chr5	42985662	42985849	ENSG00000287263.3	gene|regulatory|repeat|transcript	187
chr5	96115407	96115594	ENSG00000250551.1|ENSG00000251314.2	gene|regulatory|repeat|transcript	187
chr5	104273144	104273331	ENSG00000251026.2	gene|regulatory|repeat|transcript	187
chr5	139708657	139708844	ENSG00000249526.1	gene|regulatory|repeat|transcript	187
chr5	165449177	165449364	ENSG00000253693.1	gene|regulatory|repeat|transcript	187
chr5	142374344	142374531	ENSG00000231185.9	gene|regulatory|repeat|transcript	187
chr5	96143430	96143616	ENSG00000250551.1|ENSG00000251314.2	gene|regulatory|repeat|transcript	186
chr5	162683482	162683668	ENSG00000254186.3	gene|regulatory|repeat|transcript	186
chr5	165608201	165608387	ENSG00000253693.1	gene|regulatory|repeat|transcript	186
chr5	68554658	68554844	ENSG00000248359.2|ENSG00000250237.3	gene|regulatory|repeat|transcript	186
chr5	5026242	5026428	ENSG00000215231.8|ENSG00000250481.2	gene|regulatory|repeat|transcript	186
chr5	163178029	163178215	ENSG00000254186.3	gene|regulatory|repeat|transcript	186
chr5	173413213	173413399	ENSG00000253968.2	gene|regulatory|repeat|transcript	186
chr5	141077482	141077668	ENSG00000279047.4	gene|regulatory|repeat|transcript	186
chr5	178786074	178786260	ENSG00000250420.9|ENSG00000291019.1	gene|regulatory|repeat|transcript	186
chr5	159727293	159727479	ENSG00000249738.10|ENSG00000253311.3	gene|regulatory|repeat|transcript	186
chr5	132354096	132354282	ENSG00000233006.8	gene|regulatory|repeat|transcript	186
chr5	134434041	134434227	ENSG00000250564.2	gene|regulatory|repeat|transcript	186
chr5	100430423	100430609	ENSG00000247877.8|ENSG00000249787.2	gene|regulatory|repeat|transcript	186
chr5	74241833	74242019	ENSG00000248673.2	gene|regulatory|repeat|transcript	186
chr5	60536135	60536321	ENSG00000152931.9	gene|regulatory|repeat|transcript	186
chr5	91212734	91212920	ENSG00000248323.8	gene|regulatory|repeat|transcript	186
chr5	96179394	96179580	ENSG00000250551.1|ENSG00000251314.2	gene|regulatory|repeat|transcript	186
chr5	28729253	28729439	ENSG00000250453.2	gene|regulatory|repeat|transcript	186
chr5	74395176	74395361	ENSG00000248673.2	gene|regulatory|repeat|transcript	185
chr5	38724027	38724212	ENSG00000249740.4	gene|regulatory|repeat|transcript	185
chr5	93581903	93582088	ENSG00000237187.9	gene|regulatory|repeat|transcript	185
chr5	74395591	74395776	ENSG00000248673.2	gene|regulatory|repeat|transcript	185
chr5	165535535	165535720	ENSG00000253693.1	gene|regulatory|repeat|transcript	185
chr5	163331171	163331356	ENSG00000254186.3	gene|regulatory|repeat|transcript	185
chr5	56024896	56025081	ENSG00000249236.2	gene|regulatory|repeat|transcript	185
chr5	89351429	89351614	ENSG00000248309.9	gene|regulatory|repeat|transcript	185
chr5	127961938	127962123	ENSG00000245937.10	gene|regulatory|repeat|transcript	185
chr5	160460632	160460817	ENSG00000253522.6	gene|regulatory|repeat|transcript	185
chr5	163245579	163245764	ENSG00000254186.3	gene|regulatory|repeat|transcript	185
chr5	133029173	133029358	ENSG00000287054.1	gene|regulatory|repeat|transcript	185
chr5	16417667	16417852	ENSG00000248150.1	gene|regulatory|repeat|transcript	185
chr5	38764908	38765093	ENSG00000249740.4	gene|regulatory|repeat|transcript	185
chr5	68968571	68968756	ENSG00000249335.5	gene|regulatory|repeat|transcript	185
chr5	128082194	128082379	ENSG00000245937.10	gene|regulatory|repeat|transcript	185
chr5	34259343	34259528	ENSG00000286543.1	gene|regulatory|repeat|transcript	185
chr5	57703788	57703973	ENSG00000287709.3	gene|regulatory|repeat|transcript	185
chr5	36712126	36712310	ENSG00000250155.3	gene|regulatory|repeat|transcript	184
chr5	31096540	31096724	ENSG00000254138.1|ENSG00000289601.1	gene|regulatory|repeat|transcript	184
chr5	142734446	142734630	ENSG00000236714.3|ENSG00000287203.1	gene|regulatory|repeat|transcript	184
chr5	173716474	173716658	ENSG00000253686.2	gene|regulatory|repeat|transcript	184
chr5	16438098	16438282	ENSG00000248150.1	gene|regulatory|repeat|transcript	184
chr5	96200671	96200855	ENSG00000250551.1|ENSG00000251314.2	gene|regulatory|repeat|transcript	184
chr5	96025520	96025704	ENSG00000251314.2	gene|regulatory|repeat|transcript	184
chr5	52963730	52963914	ENSG00000249899.6	gene|regulatory|repeat|transcript	184
chr5	164359997	164360181	ENSG00000241956.11	gene|regulatory|repeat|transcript	184
chr5	165161336	165161520	ENSG00000241956.11	gene|regulatory|repeat|transcript	184
chr5	84480916	84481100	ENSG00000250320.7	gene|regulatory|repeat|transcript	184
chr5	996946	997130	ENSG00000215246.6	gene|regulatory|repeat|transcript	184
chr5	103466011	103466195	ENSG00000226926.8|ENSG00000293393.1	gene|regulatory|repeat|transcript	184
chr5	163311148	163311332	ENSG00000254186.3	gene|regulatory|repeat|transcript	184
chr5	142472302	142472486	ENSG00000231185.9	gene|regulatory|repeat|transcript	184
chr5	98983029	98983213	ENSG00000248489.4	gene|regulatory|repeat|transcript	184
chr5	67530686	67530870	ENSG00000249364.7	gene|regulatory|repeat|transcript	184
chr5	40046585	40046769	ENSG00000250048.2	gene|regulatory|repeat|transcript	184
chr5	89276946	89277130	ENSG00000248309.9	gene|regulatory|repeat|transcript	184
chr5	68671406	68671590	ENSG00000250237.3	gene|regulatory|repeat|transcript	184
chr5	126107372	126107556	ENSG00000248752.3	gene|regulatory|repeat|transcript	184
chr5	40017307	40017490	ENSG00000250048.2	gene|regulatory|repeat|transcript	183
chr5	170330162	170330345	ENSG00000235172.9	gene|regulatory|repeat|transcript	183
chr5	18735481	18735664	ENSG00000248693.1	gene|regulatory|repeat|transcript	183
chr5	33074067	33074250	ENSG00000250697.2	gene|regulatory|repeat|transcript	183
chr5	89088034	89088217	ENSG00000248309.9	gene|regulatory|repeat|transcript	183
chr5	38789194	38789377	ENSG00000249740.4|ENSG00000250629.1	gene|regulatory|repeat|transcript	183
chr5	172776281	172776464	ENSG00000253736.5	gene|regulatory|repeat|transcript	183
chr5	124498529	124498712	ENSG00000248296.1|ENSG00000289458.2	gene|regulatory|repeat|transcript	183
chr5	149069538	149069721	ENSG00000250072.8	gene|regulatory|repeat|transcript	183
chr5	159682773	159682956	ENSG00000249738.10	gene|regulatory|repeat|transcript	183
chr5	82328027	82328210	ENSG00000293465.1	gene|regulatory|repeat|transcript	183
chr5	129439160	129439343	ENSG00000249421.2	gene|regulatory|repeat|transcript	183
chr5	173715740	173715923	ENSG00000253686.2	gene|regulatory|repeat|transcript	183
chr5	112636343	112636526	ENSG00000250358.7	gene|regulatory|repeat|transcript	183
chr5	29115049	29115232	ENSG00000259786.7	gene|regulatory|repeat|transcript	183
chr5	125489265	125489448	ENSG00000248752.3|ENSG00000260192.3	gene|regulatory|repeat|transcript	183
chr5	96125497	96125680	ENSG00000250551.1|ENSG00000251314.2	gene|regulatory|repeat|transcript	183
chr5	96051929	96052112	ENSG00000250551.1|ENSG00000251314.2	gene|regulatory|repeat|transcript	183
chr5	103532215	103532397	ENSG00000248757.2	gene|regulatory|repeat|transcript	182
chr5	124912734	124912916	ENSG00000260192.3	gene|regulatory|repeat|transcript	182
chr5	125894480	125894662	ENSG00000248752.3	gene|regulatory|repeat|transcript	182
chr5	4718631	4718813	ENSG00000248973.3	gene|regulatory|repeat|transcript	182
chr5	126775820	126776002	ENSG00000251072.2	gene|regulatory|repeat|transcript	182
chr5	95840540	95840722	ENSG00000236882.9|ENSG00000251409.2	gene|regulatory|repeat|transcript	182
chr5	74333549	74333731	ENSG00000248673.2|ENSG00000249343.3|ENSG00000250446.1	gene|regulatory|repeat|transcript	182
chr5	74421067	74421249	ENSG00000248673.2	gene|regulatory|repeat|transcript	182
chr5	117848586	117848768	ENSG00000249797.2	gene|regulatory|repeat|transcript	182
chr5	172531931	172532113	ENSG00000287814.1	gene|regulatory|repeat|transcript	182
chr5	170752970	170753152	ENSG00000253348.1	gene|regulatory|repeat|transcript	182
chr5	159753095	159753277	ENSG00000249738.10|ENSG00000253311.3	gene|regulatory|repeat|transcript	182
chr5	97908450	97908632	ENSG00000248202.2	gene|regulatory|repeat|transcript	182
chr5	142404557	142404739	ENSG00000231185.9	gene|regulatory|repeat|transcript	182
chr5	152470383	152470565	ENSG00000286749.1	gene|regulatory|repeat|transcript	182
chr5	142362239	142362420	ENSG00000231185.9	gene|regulatory|repeat|transcript	181
chr5	173712209	173712390	ENSG00000253686.2	gene|regulatory|repeat|transcript	181
chr5	128079765	128079946	ENSG00000245937.10	gene|regulatory|repeat|transcript	181
chr5	38797991	38798172	ENSG00000249740.4	gene|regulatory|repeat|transcript	181
chr5	74954708	74954889	ENSG00000249856.1|ENSG00000289535.2	gene|regulatory|repeat|transcript	181
chr5	164885262	164885443	ENSG00000241956.11	gene|regulatory|repeat|transcript	181
chr5	164746414	164746595	ENSG00000241956.11	gene|regulatory|repeat|transcript	181
chr5	118199185	118199366	ENSG00000249797.2|ENSG00000250891.3	gene|regulatory|repeat|transcript	181
chr5	24059891	24060072	ENSG00000248874.5	gene|regulatory|repeat|transcript	181
chr5	10325535	10325716	ENSG00000259802.3	gene|regulatory|repeat|transcript	181
chr5	179658610	179658791	ENSG00000250999.2	gene|regulatory|repeat|transcript	181
chr5	39946498	39946679	ENSG00000250048.2	gene|regulatory|repeat|transcript	181
chr5	124952161	124952342	ENSG00000260192.3	gene|regulatory|repeat|transcript	181
chr5	9869390	9869571	ENSG00000249781.7|ENSG00000250814.3	gene|regulatory|repeat|transcript	181
chr5	173391048	173391228	ENSG00000253968.2	gene|regulatory|repeat|transcript	180
chr5	68886855	68887035	ENSG00000249335.5	gene|regulatory|repeat|transcript	180
chr5	159504297	159504477	ENSG00000249738.10|ENSG00000283413.1	gene|regulatory|repeat|transcript	180
chr5	17709791	17709971	ENSG00000249937.9	gene|regulatory|repeat|transcript	180
chr5	105168019	105168199	ENSG00000251574.8|ENSG00000253584.1	gene|regulatory|repeat|transcript	180
chr5	158385101	158385281	ENSG00000276778.1	gene|regulatory|repeat|transcript	180
chr5	152005526	152005706	ENSG00000254226.6	gene|regulatory|repeat|transcript	180
chr5	96114887	96115067	ENSG00000250551.1|ENSG00000251314.2	gene|regulatory|repeat|transcript	180
chr5	152194828	152195008	ENSG00000254226.6	gene|regulatory|repeat|transcript	180
chr5	82316198	82316378	ENSG00000205464.14|ENSG00000293465.1	gene|regulatory|repeat|transcript	180
chr5	84437805	84437985	ENSG00000250320.7	gene|regulatory|repeat|transcript	180
chr5	164433236	164433416	ENSG00000241956.11	gene|regulatory|repeat|transcript	180
chr5	96051740	96051920	ENSG00000250551.1|ENSG00000251314.2	gene|regulatory|repeat|transcript	180
chr5	57439257	57439437	ENSG00000250961.2	gene|regulatory|repeat|transcript	180
chr5	150483622	150483802	ENSG00000254333.1	gene|regulatory|repeat|transcript	180
chr5	96079758	96079937	ENSG00000250551.1|ENSG00000251314.2	gene|regulatory|repeat|transcript	179
chr5	96026748	96026927	ENSG00000251314.2	gene|regulatory|repeat|transcript	179
chr5	164422472	164422651	ENSG00000241956.11	gene|regulatory|repeat|transcript	179
chr5	74351835	74352014	ENSG00000248673.2	gene|regulatory|repeat|transcript	179
chr5	97534357	97534536	ENSG00000250331.2	gene|regulatory|repeat|transcript	179
chr5	98963109	98963288	ENSG00000248489.4	gene|regulatory|repeat|transcript	179
chr5	129815619	129815798	ENSG00000251680.6	gene|regulatory|repeat|transcript	179
chr5	126103965	126104144	ENSG00000248752.3	gene|regulatory|repeat|transcript	179
chr5	140351884	140352063	ENSG00000253965.3	gene|regulatory|repeat|transcript	179
chr5	14983041	14983220	ENSG00000286441.1	gene|regulatory|repeat|transcript	179
chr5	159572244	159572423	ENSG00000249738.10	gene|regulatory|repeat|transcript	179
chr5	104361924	104362103	ENSG00000251026.2	gene|regulatory|repeat|transcript	179
chr5	124966506	124966685	ENSG00000260192.3	gene|regulatory|repeat|transcript	179
chr5	180430567	180430746	ENSG00000250509.2	gene|regulatory|repeat|transcript	179
chr5	43347717	43347895	ENSG00000293086.1	gene|regulatory|repeat|transcript	178
chr5	98935413	98935591	ENSG00000248489.4	gene|regulatory|repeat|transcript	178
chr5	93061710	93061888	ENSG00000251361.1	gene|regulatory|repeat|transcript	178
chr5	61631036	61631214	ENSG00000178722.16	gene|regulatory|repeat|transcript	178
chr5	97836003	97836181	ENSG00000286953.1	gene|regulatory|repeat|transcript	178
chr5	112523937	112524115	ENSG00000290027.1	gene|regulatory|repeat|transcript	178
chr5	126356053	126356231	ENSG00000248752.3	gene|regulatory|repeat|transcript	178
chr5	139710334	139710512	ENSG00000249526.1	gene|regulatory|repeat|transcript	178
chr5	112645759	112645937	ENSG00000250358.7	gene|regulatory|repeat|transcript	178
chr5	93394701	93394879	ENSG00000237187.9	gene|regulatory|repeat|transcript	178
chr5	1371377	1371554	ENSG00000250584.4	gene|regulatory|repeat|transcript	177
chr5	180439513	180439690	ENSG00000250509.2	gene|regulatory|repeat|transcript	177
chr5	52743124	52743301	ENSG00000248898.4	gene|regulatory|repeat|transcript	177
chr5	15441867	15442044	ENSG00000286377.1	gene|regulatory|repeat|transcript	177
chr5	121271673	121271850	ENSG00000229855.9	gene|regulatory|repeat|transcript	177
chr5	164893171	164893348	ENSG00000241956.11	gene|regulatory|repeat|transcript	177
chr5	17866126	17866303	ENSG00000249937.9	gene|regulatory|repeat|transcript	177
chr5	165735212	165735389	ENSG00000253693.1	gene|regulatory|repeat|transcript	177
chr5	96870776	96870953	ENSG00000247121.8	gene|regulatory|repeat|transcript	177
chr5	74188237	74188414	ENSG00000248673.2	gene|regulatory|repeat|transcript	177
chr5	142363492	142363669	ENSG00000231185.9	gene|regulatory|repeat|transcript	177
chr5	158434537	158434714	ENSG00000254350.1	gene|regulatory|repeat|transcript	177
chr5	118768685	118768862	ENSG00000249426.1	gene|regulatory|repeat|transcript	177
chr5	10338805	10338982	ENSG00000259802.3	gene|regulatory|repeat|transcript	177
chr5	118006442	118006619	ENSG00000249797.2|ENSG00000250891.3	gene|regulatory|repeat|transcript	177
chr5	104652239	104652416	ENSG00000251574.8	gene|regulatory|repeat|transcript	177
chr5	21019381	21019557	ENSG00000286751.1	gene|regulatory|repeat|transcript	176
chr5	42887743	42887919	ENSG00000286271.3	gene|regulatory|repeat|transcript	176
chr5	116822249	116822425	ENSG00000249150.2	gene|regulatory|repeat|transcript	176
chr5	163407149	163407325	ENSG00000254186.3	gene|regulatory|repeat|transcript	176
chr5	163340222	163340398	ENSG00000254186.3	gene|regulatory|repeat|transcript	176
chr5	173728190	173728366	ENSG00000253686.2	gene|regulatory|repeat|transcript	176
chr5	1596080	1596256	ENSG00000271119.1	gene|regulatory|repeat|transcript	176
chr5	129457496	129457672	ENSG00000249421.2	gene|regulatory|repeat|transcript	176
chr5	6875908	6876084	ENSG00000250060.2|ENSG00000250974.4	gene|regulatory|repeat|transcript	176
chr5	121247108	121247284	ENSG00000229855.9	gene|regulatory|repeat|transcript	176
chr5	73236770	73236946	ENSG00000249743.8	gene|regulatory|repeat|transcript	176
chr5	116756662	116756837	ENSG00000251311.1	gene|regulatory|repeat|transcript	175
chr5	61177145	61177320	ENSG00000251279.3	gene|regulatory|repeat|transcript	175
chr5	125038071	125038246	ENSG00000260192.3	gene|regulatory|repeat|transcript	175
chr5	117533407	117533582	ENSG00000248663.7	gene|regulatory|repeat|transcript	175
chr5	92199093	92199268	ENSG00000250049.7	gene|regulatory|repeat|transcript	175
chr5	125268339	125268514	ENSG00000260192.3	gene|regulatory|repeat|transcript	175
chr5	72659564	72659739	ENSG00000248371.5	gene|regulatory|repeat|transcript	175
chr5	74949231	74949406	ENSG00000249856.1|ENSG00000289535.2	gene|regulatory|repeat|transcript	175
chr5	61303818	61303993	ENSG00000249279.6	gene|regulatory|repeat|transcript	175
chr5	38039160	38039335	ENSG00000248461.3	gene|regulatory|repeat|transcript	175
chr5	52757605	52757780	ENSG00000248898.4	gene|regulatory|repeat|transcript	175
chr5	172777203	172777378	ENSG00000253736.5	gene|regulatory|repeat|transcript	175
chr5	159545279	159545454	ENSG00000249738.10	gene|regulatory|repeat|transcript	175
chr5	87421055	87421230	ENSG00000285190.1	gene|regulatory|repeat|transcript	175
chr5	104987529	104987704	ENSG00000251574.8|ENSG00000253584.1	gene|regulatory|repeat|transcript	175
chr5	125926360	125926535	ENSG00000248752.3	gene|regulatory|repeat|transcript	175
chr5	91179709	91179884	ENSG00000248323.8	gene|regulatory|repeat|transcript	175
chr5	96246302	96246476	ENSG00000251314.2	gene|regulatory|repeat|transcript	174
chr5	135138520	135138694	ENSG00000224186.8|ENSG00000248753.1	gene|regulatory|repeat|transcript	174
chr5	43058826	43059000	ENSG00000177738.6|ENSG00000215068.10	gene|regulatory|repeat|transcript	174
chr5	61650865	61651039	ENSG00000178722.16	gene|regulatory|repeat|transcript	174
chr5	5066372	5066546	ENSG00000215231.8	gene|regulatory|repeat|transcript	174
chr5	89028968	89029142	ENSG00000248309.9	gene|regulatory|repeat|transcript	174
chr5	168655395	168655569	ENSG00000254192.1	gene|regulatory|repeat|transcript	174
chr5	17833418	17833592	ENSG00000249937.9	gene|regulatory|repeat|transcript	174
chr5	118327598	118327772	ENSG00000250891.3	gene|regulatory|repeat|transcript	174
chr5	92353125	92353299	ENSG00000250049.7	gene|regulatory|repeat|transcript	174
chr5	158522014	158522188	ENSG00000254135.3	gene|regulatory|repeat|transcript	174
chr5	173802184	173802358	ENSG00000254211.6	gene|regulatory|repeat|transcript	174
chr5	163095411	163095585	ENSG00000254186.3	gene|regulatory|repeat|transcript	174
chr5	151722148	151722322	ENSG00000249035.7	gene|regulatory|repeat|transcript	174
chr5	102599700	102599874	ENSG00000250958.1	gene|regulatory|repeat|transcript	174
chr5	27290263	27290437	ENSG00000250337.10	gene|regulatory|repeat|transcript	174
chr5	105262287	105262461	ENSG00000251574.8	gene|regulatory|repeat|transcript	174
chr5	87909550	87909724	ENSG00000287862.1	gene|regulatory|repeat|transcript	174
chr5	143551050	143551224	ENSG00000251205.3	gene|regulatory|repeat|transcript	174
chr5	175909451	175909625	ENSG00000250820.1	gene|regulatory|repeat|transcript	174
chr5	102711257	102711430	ENSG00000286338.1	gene|regulatory|repeat|transcript	173
chr5	16627768	16627941	ENSG00000246214.3	gene|regulatory|repeat|transcript	173
chr5	87004610	87004783	ENSG00000249061.1	gene|regulatory|repeat|transcript	173
chr5	143699203	143699376	ENSG00000249881.1	gene|regulatory|repeat|transcript	173
chr5	96026508	96026681	ENSG00000251314.2	gene|regulatory|repeat|transcript	173
chr5	61918735	61918908	ENSG00000248199.2	gene|regulatory|repeat|transcript	173
chr5	82348012	82348185	ENSG00000293465.1	gene|regulatory|repeat|transcript	173
chr5	25439115	25439288	ENSG00000248605.5	gene|regulatory|repeat|transcript	173
chr5	142474488	142474661	ENSG00000231185.9	gene|regulatory|repeat|transcript	173
chr5	74409764	74409937	ENSG00000248673.2	gene|regulatory|repeat|transcript	173
chr5	127976648	127976821	ENSG00000245937.10	gene|regulatory|repeat|transcript	173
chr5	91788146	91788319	ENSG00000286121.1	gene|regulatory|repeat|transcript	173
chr5	38650218	38650391	ENSG00000244968.7	gene|regulatory|repeat|transcript	173
chr5	56058038	56058211	ENSG00000249236.2	gene|regulatory|repeat|transcript	173
chr5	10351076	10351249	ENSG00000259802.3	gene|regulatory|repeat|transcript	173
chr5	111521616	111521789	ENSG00000246859.3	gene|regulatory|repeat|transcript	173
chr5	28725022	28725194	ENSG00000250453.2	gene|regulatory|repeat|transcript	172
chr5	39100118	39100290	ENSG00000286809.1	gene|regulatory|repeat|transcript	172
chr5	151707749	151707921	ENSG00000249035.7	gene|regulatory|repeat|transcript	172
chr5	152073299	152073471	ENSG00000254226.6	gene|regulatory|repeat|transcript	172
chr5	38824098	38824270	ENSG00000249740.4	gene|regulatory|repeat|transcript	172
chr5	141766278	141766450	ENSG00000286736.1	gene|regulatory|repeat|transcript	172
chr5	163363132	163363304	ENSG00000254186.3	gene|regulatory|repeat|transcript	172
chr5	56081202	56081374	ENSG00000249236.2	gene|regulatory|repeat|transcript	172
chr5	67576495	67576667	ENSG00000249364.7	gene|regulatory|repeat|transcript	172
chr5	2038909	2039081	ENSG00000248994.2	gene|regulatory|repeat|transcript	172
chr5	96327774	96327946	ENSG00000251314.2	gene|regulatory|repeat|transcript	172
chr5	97425615	97425787	ENSG00000251513.2	gene|regulatory|repeat|transcript	172
chr5	61298324	61298496	ENSG00000249279.6	gene|regulatory|repeat|transcript	172
chr5	97193665	97193837	ENSG00000248758.1|ENSG00000251513.2|ENSG00000286828.1	gene|regulatory|repeat|transcript	172
chr5	181205821	181205993	ENSG00000248514.1	gene|regulatory|repeat|transcript	172
chr5	145362412	145362584	ENSG00000250842.1	gene|regulatory|repeat|transcript	172
chr5	82832557	82832729	ENSG00000281327.4	gene|regulatory|repeat|transcript	172
chr5	61915723	61915895	ENSG00000248199.2|ENSG00000289916.1	gene|regulatory|repeat|transcript	172
chr5	93512793	93512965	ENSG00000237187.9	gene|regulatory|repeat|transcript	172
chr5	125527020	125527192	ENSG00000248752.3|ENSG00000260192.3|ENSG00000286111.1	gene|regulatory|repeat|transcript	172
chr5	67404347	67404519	ENSG00000249364.7	gene|regulatory|repeat|transcript	172
chr5	163110241	163110412	ENSG00000254186.3	gene|regulatory|repeat|transcript	171
chr5	74343438	74343609	ENSG00000248673.2	gene|regulatory|repeat|transcript	171
chr5	74418731	74418902	ENSG00000248673.2	gene|regulatory|repeat|transcript	171
chr5	113757622	113757793	ENSG00000286839.1	gene|regulatory|repeat|transcript	171
chr5	91226096	91226267	ENSG00000248323.8	gene|regulatory|repeat|transcript	171
chr5	89653402	89653573	ENSG00000250437.1	gene|regulatory|repeat|transcript	171
chr5	5025856	5026027	ENSG00000215231.8|ENSG00000250481.2	gene|regulatory|repeat|transcript	171
chr5	174522214	174522385	ENSG00000249306.7	gene|regulatory|repeat|transcript	171
chr5	145222944	145223115	ENSG00000251031.2	gene|regulatory|repeat|transcript	171
chr5	122697342	122697513	ENSG00000251538.7	gene|regulatory|repeat|transcript	171
chr5	84403857	84404028	ENSG00000250320.7	gene|regulatory|repeat|transcript	171
chr5	177499025	177499196	ENSG00000248996.1	gene|regulatory|repeat|transcript	171
chr5	135136769	135136940	ENSG00000224186.8|ENSG00000248753.1	gene|regulatory|repeat|transcript	171
chr5	152611470	152611641	ENSG00000286749.1	gene|regulatory|repeat|transcript	171
chr5	74966277	74966448	ENSG00000249856.1|ENSG00000289535.2	gene|regulatory|repeat|transcript	171
chr5	72653684	72653855	ENSG00000248371.5	gene|regulatory|repeat|transcript	171
chr5	124941459	124941630	ENSG00000260192.3	gene|regulatory|repeat|transcript	171
chr5	61177799	61177970	ENSG00000251279.3	gene|regulatory|repeat|transcript	171
chr5	87229273	87229443	ENSG00000288569.1	gene|regulatory|repeat|transcript	170
chr5	134482732	134482902	ENSG00000250994.3	gene|regulatory|repeat|transcript	170
chr5	158407870	158408040	ENSG00000276778.1	gene|regulatory|repeat|transcript	170
chr5	69485612	69485782	ENSG00000249295.1	gene|regulatory|repeat|transcript	170
chr5	102145164	102145334	ENSG00000248261.2	gene|regulatory|repeat|transcript	170
chr5	173713582	173713752	ENSG00000253686.2	gene|regulatory|repeat|transcript	170
chr5	147568263	147568433	ENSG00000280780.4	gene|regulatory|repeat|transcript	170
chr5	90356332	90356502	ENSG00000253321.1	gene|regulatory|repeat|transcript	170
chr5	142421783	142421953	ENSG00000231185.9	gene|regulatory|repeat|transcript	170
chr5	80486905	80487075	ENSG00000249042.6	gene|regulatory|repeat|transcript	170
chr5	73274210	73274380	ENSG00000249743.8	gene|regulatory|repeat|transcript	170
chr5	96823147	96823317	ENSG00000247121.8	gene|regulatory|repeat|transcript	170
chr5	82294708	82294878	ENSG00000293465.1	gene|regulatory|repeat|transcript	170
chr5	52729982	52730152	ENSG00000248898.4	gene|regulatory|repeat|transcript	170
chr5	72753118	72753288	ENSG00000251613.4	gene|regulatory|repeat|transcript	170
chr5	173740533	173740702	ENSG00000253686.2	gene|regulatory|repeat|transcript	169
chr5	159547340	159547509	ENSG00000249738.10	gene|regulatory|repeat|transcript	169
chr5	74430472	74430641	ENSG00000248673.2	gene|regulatory|repeat|transcript	169
chr5	87231222	87231391	ENSG00000288569.1	gene|regulatory|repeat|transcript	169
chr5	20975239	20975408	ENSG00000286751.1	gene|regulatory|repeat|transcript	169
chr5	139708020	139708189	ENSG00000249526.1	gene|regulatory|repeat|transcript	169
chr5	132363772	132363941	ENSG00000233006.8	gene|regulatory|repeat|transcript	169
chr5	160466793	160466962	ENSG00000253522.6	gene|regulatory|repeat|transcript	169
chr5	125338958	125339127	ENSG00000248752.3|ENSG00000260192.3	gene|regulatory|repeat|transcript	169
chr5	84412298	84412467	ENSG00000250320.7	gene|regulatory|repeat|transcript	169
chr5	6787478	6787647	ENSG00000251365.6	gene|regulatory|repeat|transcript	169
chr5	56477959	56478128	ENSG00000248727.6	gene|regulatory|repeat|transcript	169
chr5	178155168	178155337	ENSG00000289726.1	gene|regulatory|repeat|transcript	169
chr5	127967400	127967568	ENSG00000245937.10	gene|regulatory|repeat|transcript	168
chr5	44635257	44635425	ENSG00000249203.2	gene|regulatory|repeat|transcript	168
chr5	27242338	27242506	ENSG00000250337.10	gene|regulatory|repeat|transcript	168
chr5	90193306	90193474	ENSG00000248555.7	gene|regulatory|repeat|transcript	168
chr5	148265984	148266152	ENSG00000247199.6	gene|regulatory|repeat|transcript	168
chr5	137843758	137843926	ENSG00000250159.7	gene|regulatory|repeat|transcript	168
chr5	165015282	165015450	ENSG00000241956.11	gene|regulatory|repeat|transcript	168
chr5	124970701	124970869	ENSG00000260192.3	gene|regulatory|repeat|transcript	168
chr5	87212149	87212317	ENSG00000288569.1	gene|regulatory|repeat|transcript	168
chr5	37915281	37915449	ENSG00000248539.1|ENSG00000248587.8	gene|regulatory|repeat|transcript	168
chr5	69489662	69489830	ENSG00000249295.1	gene|regulatory|repeat|transcript	168
chr5	96242601	96242769	ENSG00000251314.2	gene|regulatory|repeat|transcript	168
chr5	124252478	124252646	ENSG00000253807.6	gene|regulatory|repeat|transcript	168
chr5	103509046	103509214	ENSG00000226926.8	gene|regulatory|repeat|transcript	168
chr5	146364451	146364618	ENSG00000250025.2	gene|regulatory|repeat|transcript	167
chr5	95969142	95969309	ENSG00000250955.1|ENSG00000251314.2	gene|regulatory|repeat|transcript	167
chr5	6823195	6823362	ENSG00000251365.6	gene|regulatory|repeat|transcript	167
chr5	122653155	122653322	ENSG00000251538.7	gene|regulatory|repeat|transcript	167
chr5	56054823	56054990	ENSG00000249236.2	gene|regulatory|repeat|transcript	167
chr5	89433143	89433310	ENSG00000248309.9	gene|regulatory|repeat|transcript	167
chr5	162655176	162655343	ENSG00000254186.3	gene|regulatory|repeat|transcript	167
chr5	173786073	173786240	ENSG00000254211.6	gene|regulatory|repeat|transcript	167
chr5	162542941	162543108	ENSG00000254186.3	gene|regulatory|repeat|transcript	167
chr5	72810454	72810621	ENSG00000249085.1	gene|regulatory|repeat|transcript	167
chr5	87000384	87000551	ENSG00000249061.1	gene|regulatory|repeat|transcript	167
chr5	170332937	170333104	ENSG00000235172.9	gene|regulatory|repeat|transcript	167
chr5	82293339	82293506	ENSG00000293465.1	gene|regulatory|repeat|transcript	167
chr5	96855065	96855232	ENSG00000247121.8	gene|regulatory|repeat|transcript	167
chr5	139727690	139727857	ENSG00000249526.1	gene|regulatory|repeat|transcript	167
chr5	36692272	36692439	ENSG00000250155.3	gene|regulatory|repeat|transcript	167
chr5	134467395	134467562	ENSG00000250994.3	gene|regulatory|repeat|transcript	167
chr5	122702060	122702227	ENSG00000251538.7	gene|regulatory|repeat|transcript	167
chr5	105230268	105230435	ENSG00000251574.8|ENSG00000253584.1	gene|regulatory|repeat|transcript	167
chr5	61201012	61201178	ENSG00000251279.3	gene|regulatory|repeat|transcript	166
chr5	104605505	104605671	ENSG00000251574.8	gene|regulatory|repeat|transcript	166
chr5	104452240	104452406	ENSG00000251574.8	gene|regulatory|repeat|transcript	166
chr5	61304108	61304274	ENSG00000249279.6	gene|regulatory|repeat|transcript	166
chr5	125160860	125161026	ENSG00000260192.3	gene|regulatory|repeat|transcript	166
chr5	174625036	174625202	ENSG00000250256.1	gene|regulatory|repeat|transcript	166
chr5	24265663	24265829	ENSG00000286134.2	gene|regulatory|repeat|transcript	166
chr5	57720374	57720540	ENSG00000287709.3	gene|regulatory|repeat|transcript	166
chr5	92337815	92337981	ENSG00000250049.7	gene|regulatory|repeat|transcript	166
chr5	54390671	54390837	ENSG00000249069.8	gene|regulatory|repeat|transcript	166
chr5	142379519	142379685	ENSG00000231185.9	gene|regulatory|repeat|transcript	166
chr5	92237347	92237513	ENSG00000250049.7	gene|regulatory|repeat|transcript	166
chr5	27448246	27448412	ENSG00000250337.10	gene|regulatory|repeat|transcript	166
chr5	103435228	103435394	ENSG00000226926.8|ENSG00000293393.1	gene|regulatory|repeat|transcript	166
chr5	159673674	159673840	ENSG00000249738.10	gene|regulatory|repeat|transcript	166
chr5	158380690	158380856	ENSG00000276778.1	gene|regulatory|repeat|transcript	166
chr5	8870089	8870255	ENSG00000250198.5	gene|regulatory|repeat|transcript	166
chr5	67515404	67515569	ENSG00000249364.7	gene|regulatory|repeat|transcript	165
chr5	89228424	89228589	ENSG00000248309.9	gene|regulatory|repeat|transcript	165
chr5	178168047	178168212	ENSG00000289726.1	gene|regulatory|repeat|transcript	165
chr5	91744500	91744665	ENSG00000286121.1	gene|regulatory|repeat|transcript	165
chr5	125310764	125310929	ENSG00000260192.3	gene|regulatory|repeat|transcript	165
chr5	150476630	150476795	ENSG00000254333.1	gene|regulatory|repeat|transcript	165
chr5	72633012	72633177	ENSG00000248371.5	gene|regulatory|repeat|transcript	165
chr5	163353892	163354057	ENSG00000254186.3	gene|regulatory|repeat|transcript	165
chr5	82969692	82969857	ENSG00000248400.2	gene|regulatory|repeat|transcript	165
chr5	4704089	4704254	ENSG00000248973.3	gene|regulatory|repeat|transcript	165
chr5	43036669	43036834	ENSG00000177738.6	gene|regulatory|repeat|transcript	165
chr5	102639348	102639513	ENSG00000250682.6	gene|regulatory|repeat|transcript	165
chr5	152620895	152621060	ENSG00000249484.9|ENSG00000286749.1	gene|regulatory|repeat|transcript	165
chr5	73236605	73236770	ENSG00000249743.8	gene|regulatory|repeat|transcript	165
chr5	96817586	96817751	ENSG00000247121.8	gene|regulatory|repeat|transcript	165
chr5	9712548	9712713	ENSG00000249781.7	gene|regulatory|repeat|transcript	165
chr5	130871145	130871310	ENSG00000287390.1	gene|regulatory|repeat|transcript	165
chr5	96191378	96191543	ENSG00000250551.1|ENSG00000251314.2	gene|regulatory|repeat|transcript	165
chr5	160482494	160482659	ENSG00000253522.6	gene|regulatory|repeat|transcript	165
chr5	6704905	6705070	ENSG00000248677.2	gene|regulatory|repeat|transcript	165
chr5	145071269	145071433	ENSG00000251031.2	gene|regulatory|repeat|transcript	164
chr5	81823102	81823266	ENSG00000287938.1	gene|regulatory|repeat|transcript	164
chr5	38149221	38149385	ENSG00000248461.3	gene|regulatory|repeat|transcript	164
chr5	124976350	124976514	ENSG00000260192.3	gene|regulatory|repeat|transcript	164
chr5	81300771	81300935	ENSG00000247572.9	gene|regulatory|repeat|transcript	164
chr5	73265012	73265176	ENSG00000249743.8	gene|regulatory|repeat|transcript	164
chr5	130885835	130885999	ENSG00000287390.1	gene|regulatory|repeat|transcript	164
chr5	173582712	173582876	ENSG00000253955.2	gene|regulatory|repeat|transcript	164
chr5	105290452	105290616	ENSG00000251574.8	gene|regulatory|repeat|transcript	164
chr5	88015362	88015526	ENSG00000287862.1	gene|regulatory|repeat|transcript	164
chr5	57676751	57676915	ENSG00000287709.3	gene|regulatory|repeat|transcript	164
chr5	79967267	79967431	ENSG00000250888.1	gene|regulatory|repeat|transcript	164
chr5	40025609	40025773	ENSG00000250048.2	gene|regulatory|repeat|transcript	164
chr5	126009759	126009923	ENSG00000248752.3	gene|regulatory|repeat|transcript	164
chr5	143594895	143595059	ENSG00000251205.3	gene|regulatory|repeat|transcript	164
chr5	87019512	87019676	ENSG00000249061.1	gene|regulatory|repeat|transcript	164
chr5	29252507	29252671	ENSG00000286182.1	gene|regulatory|repeat|transcript	164
chr5	72621698	72621862	ENSG00000248371.5	gene|regulatory|repeat|transcript	164
chr5	19091051	19091215	ENSG00000249174.1	gene|regulatory|repeat|transcript	164
chr5	68996341	68996505	ENSG00000249335.5|ENSG00000249352.4	gene|regulatory|repeat|transcript	164
chr5	9781900	9782064	ENSG00000249781.7	gene|regulatory|repeat|transcript	164
chr5	158233931	158234094	ENSG00000253449.1	gene|regulatory|repeat|transcript	163
chr5	9898514	9898677	ENSG00000249781.7|ENSG00000250814.3	gene|regulatory|repeat|transcript	163
chr5	74405634	74405797	ENSG00000248673.2	gene|regulatory|repeat|transcript	163
chr5	996595	996758	ENSG00000215246.6	gene|regulatory|repeat|transcript	163
chr5	74951200	74951363	ENSG00000249856.1|ENSG00000289535.2	gene|regulatory|repeat|transcript	163
chr5	57592451	57592614	ENSG00000249436.2	gene|regulatory|repeat|transcript	163
chr5	67751236	67751399	ENSG00000249364.7|ENSG00000250421.5	gene|regulatory|repeat|transcript	163
chr5	56016020	56016183	ENSG00000249236.2	gene|regulatory|repeat|transcript	163
chr5	91266170	91266333	ENSG00000248323.8	gene|regulatory|repeat|transcript	163
chr5	111581079	111581242	ENSG00000246859.3	gene|regulatory|repeat|transcript	163
chr5	130687177	130687340	ENSG00000287390.1	gene|regulatory|repeat|transcript	163
chr5	29191535	29191698	ENSG00000259786.7	gene|regulatory|repeat|transcript	163
chr5	124139499	124139662	ENSG00000253807.6	gene|regulatory|repeat|transcript	163
chr5	173721282	173721445	ENSG00000253686.2	gene|regulatory|repeat|transcript	163
chr5	143554342	143554505	ENSG00000251205.3	gene|regulatory|repeat|transcript	163
chr5	152529193	152529356	ENSG00000286749.1	gene|regulatory|repeat|transcript	163
chr5	135295969	135296132	ENSG00000224186.8	gene|regulatory|repeat|transcript	163
chr5	124328269	124328432	ENSG00000253807.6	gene|regulatory|repeat|transcript	163
chr5	125202944	125203107	ENSG00000260192.3	gene|regulatory|repeat|transcript	163
chr5	103510948	103511111	ENSG00000226926.8	gene|regulatory|repeat|transcript	163
chr5	159582503	159582666	ENSG00000249738.10	gene|regulatory|repeat|transcript	163
chr5	133047749	133047912	ENSG00000287054.1	gene|regulatory|repeat|transcript	163
chr5	12945499	12945662	ENSG00000248457.1	gene|regulatory|repeat|transcript	163
chr5	43580647	43580810	ENSG00000248092.8	gene|regulatory|repeat|transcript	163
chr5	172817287	172817450	ENSG00000253628.2	gene|regulatory|repeat|transcript	163
chr5	74336425	74336588	ENSG00000248673.2|ENSG00000249343.3	gene|regulatory|repeat|transcript	163
chr5	181262859	181263022	ENSG00000233937.9|ENSG00000248275.3	gene|regulatory|repeat|transcript	163
chr5	164358987	164359149	ENSG00000241956.11	gene|regulatory|repeat|transcript	162
chr5	95966102	95966264	ENSG00000250955.1|ENSG00000251314.2	gene|regulatory|repeat|transcript	162
chr5	1962827	1962989	ENSG00000248994.2	gene|regulatory|repeat|transcript	162
chr5	95866557	95866719	ENSG00000250362.1	gene|regulatory|repeat|transcript	162
chr5	96931606	96931768	ENSG00000247121.8	gene|regulatory|repeat|transcript	162
chr5	54676666	54676828	ENSG00000287367.2	gene|regulatory|repeat|transcript	162
chr5	142523162	142523324	ENSG00000231185.9	gene|regulatory|repeat|transcript	162
chr5	125549774	125549936	ENSG00000248752.3|ENSG00000260192.3|ENSG00000286111.1	gene|regulatory|repeat|transcript	162
chr5	125202069	125202231	ENSG00000260192.3	gene|regulatory|repeat|transcript	162
chr5	125054091	125054253	ENSG00000260192.3	gene|regulatory|repeat|transcript	162
chr5	112004902	112005064	ENSG00000250095.5	gene|regulatory|repeat|transcript	162
chr5	174972481	174972643	ENSG00000204754.3	gene|regulatory|repeat|transcript	162
chr5	158451233	158451395	ENSG00000254350.1	gene|regulatory|repeat|transcript	162
chr5	38721071	38721233	ENSG00000249740.4	gene|regulatory|repeat|transcript	162
chr5	56090877	56091039	ENSG00000249236.2	gene|regulatory|repeat|transcript	162
chr5	108417358	108417520	ENSG00000286503.1	gene|regulatory|repeat|transcript	162
chr5	130897607	130897769	ENSG00000287390.1	gene|regulatory|repeat|transcript	162
chr5	96348528	96348689	ENSG00000251314.2	gene|regulatory|repeat|transcript	161
chr5	130912160	130912321	ENSG00000287390.1	gene|regulatory|repeat|transcript	161
chr5	74994978	74995139	ENSG00000249856.1	gene|regulatory|repeat|transcript	161
chr5	111560070	111560231	ENSG00000246859.3	gene|regulatory|repeat|transcript	161
chr5	72101885	72102046	ENSG00000285804.2	gene|regulatory|repeat|transcript	161
chr5	92659430	92659591	ENSG00000249169.1|ENSG00000249776.5	gene|regulatory|repeat|transcript	161
chr5	6847965	6848126	ENSG00000250974.4	gene|regulatory|repeat|transcript	161
chr5	91422616	91422777	ENSG00000281357.5	gene|regulatory|repeat|transcript	161
chr5	67703289	67703450	ENSG00000249364.7|ENSG00000250421.5	gene|regulatory|repeat|transcript	161
chr5	92229029	92229190	ENSG00000250049.7	gene|regulatory|repeat|transcript	161
chr5	173743738	173743899	ENSG00000253686.2	gene|regulatory|repeat|transcript	161
chr5	29263966	29264127	ENSG00000286182.1	gene|regulatory|repeat|transcript	161
chr5	8456935	8457096	ENSG00000245729.2|ENSG00000247516.8|ENSG00000249159.6	gene|regulatory|repeat|transcript	161
chr5	159231210	159231371	ENSG00000253256.1|ENSG00000253315.1	gene|regulatory|repeat|transcript	161
chr5	112643697	112643858	ENSG00000250358.7	gene|regulatory|repeat|transcript	161
chr5	43058567	43058728	ENSG00000177738.6|ENSG00000215068.10	gene|regulatory|repeat|transcript	161
chr5	125549951	125550112	ENSG00000248752.3|ENSG00000260192.3|ENSG00000286111.1	gene|regulatory|repeat|transcript	161
chr5	151427302	151427463	ENSG00000253897.3|ENSG00000290991.1	gene|regulatory|repeat|transcript	161
chr5	74390117	74390277	ENSG00000248673.2	gene|regulatory|repeat|transcript	160
chr5	51634872	51635032	ENSG00000288035.1	gene|regulatory|repeat|transcript	160
chr5	6831816	6831976	ENSG00000251365.6	gene|regulatory|repeat|transcript	160
chr5	149267737	149267897	ENSG00000248647.2|ENSG00000253406.1	gene|regulatory|repeat|transcript	160
chr5	159700125	159700285	ENSG00000249738.10|ENSG00000253311.3	gene|regulatory|repeat|transcript	160
chr5	159553828	159553988	ENSG00000249738.10	gene|regulatory|repeat|transcript	160
chr5	84457018	84457178	ENSG00000250320.7	gene|regulatory|repeat|transcript	160
chr5	124207324	124207484	ENSG00000253807.6	gene|regulatory|repeat|transcript	160
chr5	173644437	173644597	ENSG00000253959.1	gene|regulatory|repeat|transcript	160
chr5	118525597	118525757	ENSG00000250891.3	gene|regulatory|repeat|transcript	160
chr5	180293942	180294102	ENSG00000248367.2	gene|regulatory|repeat|transcript	160
chr5	96146822	96146982	ENSG00000250551.1|ENSG00000251314.2	gene|regulatory|repeat|transcript	160
chr5	178817346	178817506	ENSG00000291019.1	gene|regulatory|repeat|transcript	160
chr5	33075851	33076011	ENSG00000250697.2	gene|regulatory|repeat|transcript	160
chr5	67725765	67725925	ENSG00000249364.7|ENSG00000250421.5	gene|regulatory|repeat|transcript	160
chr5	170313913	170314073	ENSG00000235172.9	gene|regulatory|repeat|transcript	160
chr5	74187850	74188010	ENSG00000248673.2	gene|regulatory|repeat|transcript	160
chr5	58543792	58543951	ENSG00000250127.1	gene|regulatory|repeat|transcript	159
chr5	103465226	103465385	ENSG00000226926.8|ENSG00000293393.1	gene|regulatory|repeat|transcript	159
chr5	95873570	95873729	ENSG00000250362.1	gene|regulatory|repeat|transcript	159
chr5	96111238	96111397	ENSG00000250551.1|ENSG00000251314.2	gene|regulatory|repeat|transcript	159
chr5	173766793	173766952	ENSG00000287003.1	gene|regulatory|repeat|transcript	159
chr5	164358292	164358451	ENSG00000241956.11	gene|regulatory|repeat|transcript	159
chr5	66207576	66207735	ENSG00000248846.3	gene|regulatory|repeat|transcript	159
chr5	168659721	168659880	ENSG00000254192.1	gene|regulatory|repeat|transcript	159
chr5	142751317	142751476	ENSG00000236714.3	gene|regulatory|repeat|transcript	159
chr5	37959088	37959247	ENSG00000248533.1	gene|regulatory|repeat|transcript	159
chr5	96843068	96843227	ENSG00000247121.8	gene|regulatory|repeat|transcript	159
chr5	164357434	164357593	ENSG00000241956.11	gene|regulatory|repeat|transcript	159
chr5	143497846	143498005	ENSG00000249429.1	gene|regulatory|repeat|transcript	159
chr5	67558768	67558927	ENSG00000249364.7	gene|regulatory|repeat|transcript	159
chr5	129440107	129440266	ENSG00000249421.2	gene|regulatory|repeat|transcript	159
chr5	109248099	109248258	ENSG00000249476.2	gene|regulatory|repeat|transcript	159
chr5	126310300	126310459	ENSG00000248752.3	gene|regulatory|repeat|transcript	159
chr5	155193734	155193893	ENSG00000287963.1	gene|regulatory|repeat|transcript	159
chr5	112004636	112004795	ENSG00000250095.5	gene|regulatory|repeat|transcript	159
chr5	72747252	72747411	ENSG00000251613.4	gene|regulatory|repeat|transcript	159
chr5	122701436	122701595	ENSG00000251538.7	gene|regulatory|repeat|transcript	159
chr5	54671293	54671452	ENSG00000287367.2	gene|regulatory|repeat|transcript	159
chr5	33166652	33166811	ENSG00000250697.2	gene|regulatory|repeat|transcript	159
chr5	89599589	89599748	ENSG00000250437.1	gene|regulatory|repeat|transcript	159
chr5	124940487	124940646	ENSG00000260192.3	gene|regulatory|repeat|transcript	159
chr5	141904735	141904894	ENSG00000287726.1	gene|regulatory|repeat|transcript	159
chr5	124940646	124940805	ENSG00000260192.3	gene|regulatory|repeat|transcript	159
chr5	24184074	24184233	ENSG00000286134.2	gene|regulatory|repeat|transcript	159
chr5	57499841	57500000	ENSG00000250961.2	gene|regulatory|repeat|transcript	159
chr5	145443083	145443242	ENSG00000248125.2	gene|regulatory|repeat|transcript	159
chr5	74096101	74096260	ENSG00000248474.1	gene|regulatory|repeat|transcript	159
chr5	127967769	127967928	ENSG00000245937.10	gene|regulatory|repeat|transcript	159
chr5	75009637	75009796	ENSG00000249856.1	gene|regulatory|repeat|transcript	159
chr5	80608945	80609103	ENSG00000251221.1	gene|regulatory|repeat|transcript	158
chr5	177500578	177500736	ENSG00000248996.1	gene|regulatory|repeat|transcript	158
chr5	98942996	98943154	ENSG00000248489.4	gene|regulatory|repeat|transcript	158
chr5	135127362	135127520	ENSG00000224186.8|ENSG00000248482.1|ENSG00000248753.1	gene|regulatory|repeat|transcript	158
chr5	60701111	60701269	ENSG00000287434.1	gene|regulatory|repeat|transcript	158
chr5	29113572	29113730	ENSG00000259786.7	gene|regulatory|repeat|transcript	158
chr5	148152908	148153066	ENSG00000247199.6	gene|regulatory|repeat|transcript	158
chr5	72594398	72594556	ENSG00000248371.5	gene|regulatory|repeat|transcript	158
chr5	74924873	74925031	ENSG00000249856.1	gene|regulatory|repeat|transcript	158
chr5	91670239	91670397	ENSG00000286121.1	gene|regulatory|repeat|transcript	158
chr5	74465882	74466040	ENSG00000248673.2	gene|regulatory|repeat|transcript	158
chr5	88377871	88378029	ENSG00000247828.10	gene|regulatory|repeat|transcript	158
chr5	74941105	74941263	ENSG00000249856.1	gene|regulatory|repeat|transcript	158
chr5	125054253	125054411	ENSG00000260192.3	gene|regulatory|repeat|transcript	158
chr5	87228440	87228597	ENSG00000288569.1	gene|regulatory|repeat|transcript	157
chr5	89300020	89300177	ENSG00000248309.9	gene|regulatory|repeat|transcript	157
chr5	152376609	152376766	ENSG00000286749.1	gene|regulatory|repeat|transcript	157
chr5	54833692	54833849	ENSG00000232517.2	gene|regulatory|repeat|transcript	157
chr5	124103726	124103883	ENSG00000253807.6	gene|regulatory|repeat|transcript	157
chr5	55086084	55086241	ENSG00000249454.1	gene|regulatory|repeat|transcript	157
chr5	36690985	36691142	ENSG00000250155.3	gene|regulatory|repeat|transcript	157
chr5	149067181	149067338	ENSG00000250072.8	gene|regulatory|repeat|transcript	157
chr5	64418112	64418269	ENSG00000236068.2	gene|regulatory|repeat|transcript	157
chr5	180472554	180472711	ENSG00000289839.1	gene|regulatory|repeat|transcript	157
chr5	67881031	67881188	ENSG00000249894.1|ENSG00000250421.5	gene|regulatory|repeat|transcript	157
chr5	163245767	163245924	ENSG00000254186.3	gene|regulatory|repeat|transcript	157
chr5	75017271	75017428	ENSG00000249856.1	gene|regulatory|repeat|transcript	157
chr5	132354771	132354928	ENSG00000233006.8	gene|regulatory|repeat|transcript	157
chr5	133044056	133044213	ENSG00000287054.1	gene|regulatory|repeat|transcript	157
chr5	61300254	61300411	ENSG00000249279.6	gene|regulatory|repeat|transcript	157
chr5	68577630	68577787	ENSG00000250237.3	gene|regulatory|repeat|transcript	157
chr5	61614375	61614531	ENSG00000178722.16	gene|regulatory|repeat|transcript	156
chr5	66380154	66380310	ENSG00000251391.5|ENSG00000286062.2	gene|regulatory|repeat|transcript	156
chr5	9832446	9832602	ENSG00000249781.7	gene|regulatory|repeat|transcript	156
chr5	140576791	140576947	ENSG00000283155.1|ENSG00000283602.2|ENSG00000293441.1	gene|regulatory|repeat|transcript	156
chr5	173714669	173714825	ENSG00000253686.2	gene|regulatory|repeat|transcript	156
chr5	96930989	96931145	ENSG00000247121.8	gene|regulatory|repeat|transcript	156
chr5	141619713	141619869	ENSG00000228737.2	gene|regulatory|repeat|transcript	156
chr5	173707875	173708031	ENSG00000253686.2	gene|regulatory|repeat|transcript	156
chr5	119028311	119028467	ENSG00000249494.6	gene|regulatory|repeat|transcript	156
chr5	152739408	152739564	ENSG00000249484.9	gene|regulatory|repeat|transcript	156
chr5	176712705	176712861	ENSG00000248484.1	gene|regulatory|repeat|transcript	156
chr5	12614766	12614922	ENSG00000248131.6	gene|regulatory|repeat|transcript	156
chr5	149118604	149118760	ENSG00000250072.8	gene|regulatory|repeat|transcript	156
chr5	96473212	96473368	ENSG00000251314.2	gene|regulatory|repeat|transcript	156
chr5	148249076	148249232	ENSG00000247199.6	gene|regulatory|repeat|transcript	156
chr5	133027599	133027755	ENSG00000287054.1	gene|regulatory|repeat|transcript	156
chr5	27341448	27341604	ENSG00000250337.10	gene|regulatory|repeat|transcript	156
chr5	52729631	52729787	ENSG00000248898.4	gene|regulatory|repeat|transcript	156
chr5	72658869	72659024	ENSG00000248371.5	gene|regulatory|repeat|transcript	155
chr5	57741412	57741567	ENSG00000287709.3	gene|regulatory|repeat|transcript	155
chr5	135129300	135129455	ENSG00000224186.8|ENSG00000248482.1|ENSG00000248753.1	gene|regulatory|repeat|transcript	155
chr5	89263943	89264098	ENSG00000248309.9	gene|regulatory|repeat|transcript	155
chr5	104661402	104661557	ENSG00000251574.8	gene|regulatory|repeat|transcript	155
chr5	163407844	163407999	ENSG00000254186.3	gene|regulatory|repeat|transcript	155
chr5	173759792	173759947	ENSG00000287003.1	gene|regulatory|repeat|transcript	155
chr5	95869289	95869444	ENSG00000250362.1	gene|regulatory|repeat|transcript	155
chr5	173764138	173764293	ENSG00000287003.1	gene|regulatory|repeat|transcript	155
chr5	88353666	88353821	ENSG00000247828.10	gene|regulatory|repeat|transcript	155
chr5	145176266	145176421	ENSG00000251031.2	gene|regulatory|repeat|transcript	155
chr5	148320758	148320913	ENSG00000247199.6	gene|regulatory|repeat|transcript	155
chr5	37889737	37889892	ENSG00000248587.8	gene|regulatory|repeat|transcript	155
chr5	117486307	117486462	ENSG00000248663.7	gene|regulatory|repeat|transcript	155
chr5	125607063	125607218	ENSG00000248752.3	gene|regulatory|repeat|transcript	155
chr5	57406625	57406780	ENSG00000250961.2	gene|regulatory|repeat|transcript	155
chr5	57412404	57412559	ENSG00000250961.2	gene|regulatory|repeat|transcript	155
chr5	109256653	109256808	ENSG00000249476.2	gene|regulatory|repeat|transcript	155
chr5	76711973	76712128	ENSG00000225407.3	gene|regulatory|repeat|transcript	155
chr5	159817439	159817594	ENSG00000253311.3	gene|regulatory|repeat|transcript	155
chr5	29198439	29198594	ENSG00000259786.7	gene|regulatory|repeat|transcript	155
chr5	57694072	57694227	ENSG00000287709.3	gene|regulatory|repeat|transcript	155
chr5	133041943	133042098	ENSG00000287054.1	gene|regulatory|repeat|transcript	155
chr5	181267402	181267556	ENSG00000233937.9|ENSG00000248275.3	gene|regulatory|repeat|transcript	154
chr5	173740158	173740312	ENSG00000253686.2	gene|regulatory|repeat|transcript	154
chr5	91283507	91283661	ENSG00000248323.8	gene|regulatory|repeat|transcript	154
chr5	67673336	67673490	ENSG00000249364.7	gene|regulatory|repeat|transcript	154
chr5	172780112	172780266	ENSG00000253736.5	gene|regulatory|repeat|transcript	154
chr5	97229257	97229411	ENSG00000251513.2	gene|regulatory|repeat|transcript	154
chr5	96473479	96473633	ENSG00000251314.2	gene|regulatory|repeat|transcript	154
chr5	96134988	96135142	ENSG00000250551.1|ENSG00000251314.2	gene|regulatory|repeat|transcript	154
chr5	68922265	68922419	ENSG00000249335.5	gene|regulatory|repeat|transcript	154
chr5	137802937	137803091	ENSG00000293504.1	gene|regulatory|repeat|transcript	154
chr5	159815300	159815454	ENSG00000253311.3	gene|regulatory|repeat|transcript	154
chr5	159851125	159851279	ENSG00000253311.3	gene|regulatory|repeat|transcript	154
chr5	159817648	159817802	ENSG00000253311.3	gene|regulatory|repeat|transcript	154
chr5	57667864	57668018	ENSG00000287709.3	gene|regulatory|repeat|transcript	154
chr5	57695238	57695392	ENSG00000287709.3	gene|regulatory|repeat|transcript	154
chr5	60538560	60538714	ENSG00000152931.9	gene|regulatory|repeat|transcript	154
chr5	10506280	10506434	ENSG00000249160.4	gene|regulatory|repeat|transcript	154
chr5	174414456	174414610	ENSG00000249306.7	gene|regulatory|repeat|transcript	154
chr5	147567873	147568027	ENSG00000280780.4	gene|regulatory|repeat|transcript	154
chr5	10762676	10762830	ENSG00000272324.5	gene|regulatory|repeat|transcript	154
chr5	104540490	104540644	ENSG00000251574.8	gene|regulatory|repeat|transcript	154
chr5	108416441	108416595	ENSG00000286503.1	gene|regulatory|repeat|transcript	154
chr5	118446921	118447075	ENSG00000250891.3	gene|regulatory|repeat|transcript	154
chr5	24145304	24145458	ENSG00000248874.5|ENSG00000286134.2	gene|regulatory|repeat|transcript	154
chr5	40036148	40036302	ENSG00000250048.2	gene|regulatory|repeat|transcript	154
chr5	177693289	177693443	ENSG00000249849.1	gene|regulatory|repeat|transcript	154
chr5	126032452	126032606	ENSG00000248752.3	gene|regulatory|repeat|transcript	154
chr5	159457651	159457805	ENSG00000249738.10|ENSG00000253298.2	gene|regulatory|repeat|transcript	154
chr5	82358126	82358280	ENSG00000293465.1	gene|regulatory|repeat|transcript	154
chr5	54363734	54363888	ENSG00000249069.8	gene|regulatory|repeat|transcript	154
chr5	51468223	51468377	ENSG00000288035.1	gene|regulatory|repeat|transcript	154
chr5	142419319	142419473	ENSG00000231185.9	gene|regulatory|repeat|transcript	154
chr5	6781965	6782119	ENSG00000251365.6	gene|regulatory|repeat|transcript	154
chr5	90167533	90167687	ENSG00000248555.7	gene|regulatory|repeat|transcript	154
chr5	37877694	37877848	ENSG00000248587.8	gene|regulatory|repeat|transcript	154
chr5	141904549	141904703	ENSG00000287726.1	gene|regulatory|repeat|transcript	154
chr5	142358005	142358159	ENSG00000231185.9	gene|regulatory|repeat|transcript	154
chr5	7087807	7087960	ENSG00000250974.4	gene|regulatory|repeat|transcript	153
chr5	141321289	141321442	ENSG00000288095.2	gene|regulatory|repeat|transcript	153
chr5	91279742	91279895	ENSG00000248323.8	gene|regulatory|repeat|transcript	153
chr5	17865973	17866126	ENSG00000249937.9	gene|regulatory|repeat|transcript	153
chr5	32964514	32964667	ENSG00000250697.2	gene|regulatory|repeat|transcript	153
chr5	19001331	19001484	ENSG00000249174.1	gene|regulatory|repeat|transcript	153
chr5	93563994	93564147	ENSG00000237187.9	gene|regulatory|repeat|transcript	153
chr5	8864156	8864309	ENSG00000250198.5	gene|regulatory|repeat|transcript	153
chr5	145062485	145062638	ENSG00000251031.2	gene|regulatory|repeat|transcript	153
chr5	159340759	159340912	ENSG00000249738.10	gene|regulatory|repeat|transcript	153
chr5	54822114	54822267	ENSG00000232517.2	gene|regulatory|repeat|transcript	153
chr5	89253895	89254048	ENSG00000248309.9	gene|regulatory|repeat|transcript	153
chr5	89351276	89351429	ENSG00000248309.9	gene|regulatory|repeat|transcript	153
chr5	38669689	38669842	ENSG00000244968.7	gene|regulatory|repeat|transcript	153
chr5	72600612	72600765	ENSG00000248371.5	gene|regulatory|repeat|transcript	153
chr5	29068954	29069107	ENSG00000259786.7	gene|regulatory|repeat|transcript	153
chr5	135052640	135052793	ENSG00000224186.8	gene|regulatory|repeat|transcript	153
chr5	57718193	57718346	ENSG00000287709.3	gene|regulatory|repeat|transcript	153
chr5	57406862	57407015	ENSG00000250961.2	gene|regulatory|repeat|transcript	153
chr5	72586858	72587011	ENSG00000248371.5	gene|regulatory|repeat|transcript	153
chr5	98941519	98941672	ENSG00000248489.4	gene|regulatory|repeat|transcript	153
chr5	96160557	96160709	ENSG00000250551.1|ENSG00000251314.2	gene|regulatory|repeat|transcript	152
chr5	159240250	159240402	ENSG00000253256.1|ENSG00000253315.1	gene|regulatory|repeat|transcript	152
chr5	148353777	148353929	ENSG00000247199.6	gene|regulatory|repeat|transcript	152
chr5	134442360	134442512	ENSG00000250564.2|ENSG00000250994.3	gene|regulatory|repeat|transcript	152
chr5	142486089	142486241	ENSG00000231185.9	gene|regulatory|repeat|transcript	152
chr5	159838871	159839023	ENSG00000253311.3	gene|regulatory|repeat|transcript	152
chr5	174777170	174777322	ENSG00000251670.1	gene|regulatory|repeat|transcript	152
chr5	16411851	16412003	ENSG00000248150.1	gene|regulatory|repeat|transcript	152
chr5	163373469	163373621	ENSG00000254186.3	gene|regulatory|repeat|transcript	152
chr5	60701454	60701606	ENSG00000287434.1	gene|regulatory|repeat|transcript	152
chr5	80959756	80959908	ENSG00000251450.2	gene|regulatory|repeat|transcript	152
chr5	75019486	75019638	ENSG00000249856.1	gene|regulatory|repeat|transcript	152
chr5	133033372	133033524	ENSG00000287054.1	gene|regulatory|repeat|transcript	152
chr5	129165406	129165558	ENSG00000286274.1	gene|regulatory|repeat|transcript	152
chr5	173744587	173744739	ENSG00000253686.2	gene|regulatory|repeat|transcript	152
chr5	19001161	19001313	ENSG00000249174.1	gene|regulatory|repeat|transcript	152
chr5	159412816	159412967	ENSG00000249738.10	gene|regulatory|repeat|transcript	151
chr5	56092231	56092382	ENSG00000249236.2	gene|regulatory|repeat|transcript	151
chr5	86284025	86284176	ENSG00000205449.12|ENSG00000290550.1	gene|regulatory|repeat|transcript	151
chr5	67438063	67438214	ENSG00000249364.7	gene|regulatory|repeat|transcript	151
chr5	66339944	66340095	ENSG00000251391.5	gene|regulatory|repeat|transcript	151
chr5	104706773	104706924	ENSG00000251574.8	gene|regulatory|repeat|transcript	151
chr5	108417193	108417344	ENSG00000286503.1	gene|regulatory|repeat|transcript	151
chr5	173795949	173796100	ENSG00000254211.6	gene|regulatory|repeat|transcript	151
chr5	5420484	5420635	ENSG00000286753.3	gene|regulatory|repeat|transcript	151
chr5	12641517	12641668	ENSG00000248131.6	gene|regulatory|repeat|transcript	151
chr5	57720540	57720691	ENSG00000287709.3	gene|regulatory|repeat|transcript	151
chr5	67808377	67808528	ENSG00000249894.1|ENSG00000250421.5	gene|regulatory|repeat|transcript	151
chr5	125077988	125078139	ENSG00000260192.3	gene|regulatory|repeat|transcript	151
chr5	181215994	181216145	ENSG00000286644.1	gene|regulatory|repeat|transcript	151
chr5	146109897	146110048	ENSG00000251556.1	gene|regulatory|repeat|transcript	151
chr5	12636441	12636592	ENSG00000248131.6	gene|regulatory|repeat|transcript	151
chr5	95711220	95711370	ENSG00000250240.6	gene|regulatory|repeat|transcript	150
chr5	173762130	173762280	ENSG00000287003.1	gene|regulatory|repeat|transcript	150
chr5	21735204	21735354	ENSG00000253766.1	gene|regulatory|repeat|transcript	150
chr5	143692297	143692447	ENSG00000249881.1	gene|regulatory|repeat|transcript	150
chr5	40485467	40485617	ENSG00000285552.1|ENSG00000285616.1	gene|regulatory|repeat|transcript	150
chr5	124963420	124963570	ENSG00000260192.3	gene|regulatory|repeat|transcript	150
chr5	68674256	68674406	ENSG00000250237.3	gene|regulatory|repeat|transcript	150
chr5	152193725	152193875	ENSG00000254226.6	gene|regulatory|repeat|transcript	150
chr5	134483274	134483424	ENSG00000250994.3	gene|regulatory|repeat|transcript	150
chr5	10344629	10344779	ENSG00000259802.3	gene|regulatory|repeat|transcript	150
chr5	104512472	104512622	ENSG00000251574.8	gene|regulatory|repeat|transcript	150
chr5	133171116	133171266	ENSG00000248245.1	gene|regulatory|repeat|transcript	150
chr5	87771558	87771708	ENSG00000287783.1	gene|regulatory|repeat|transcript	150
chr5	91250299	91250449	ENSG00000248323.8	gene|regulatory|repeat|transcript	150
chr5	54862154	54862304	ENSG00000232517.2	gene|regulatory|repeat|transcript	150
chr5	125536234	125536384	ENSG00000248752.3|ENSG00000260192.3|ENSG00000286111.1	gene|regulatory|repeat|transcript	150
chr5	168655884	168656034	ENSG00000254192.1	gene|regulatory|repeat|transcript	150
chr5	173741270	173741420	ENSG00000253686.2	gene|regulatory|repeat|transcript	150
chr5	82288630	82288780	ENSG00000293465.1	gene|regulatory|repeat|transcript	150
chr5	52711101	52711251	ENSG00000248898.4	gene|regulatory|repeat|transcript	150
chr5	96220106	96220256	ENSG00000251314.2	gene|regulatory|repeat|transcript	150
chr5	106904469	106904619	ENSG00000251027.2	gene|regulatory|repeat|transcript	150
chr5	126135602	126135752	ENSG00000248752.3	gene|regulatory|repeat|transcript	150
chr5	158515914	158516063	ENSG00000254135.3	gene|regulatory|repeat|transcript	149
chr5	143593336	143593485	ENSG00000251205.3	gene|regulatory|repeat|transcript	149
chr5	27472073	27472222	ENSG00000250337.10	gene|regulatory|repeat|transcript	149
chr5	163096366	163096515	ENSG00000254186.3	gene|regulatory|repeat|transcript	149
chr5	130885226	130885375	ENSG00000287390.1	gene|regulatory|repeat|transcript	149
chr5	38789387	38789536	ENSG00000249740.4|ENSG00000250629.1	gene|regulatory|repeat|transcript	149
chr5	38756121	38756270	ENSG00000249740.4	gene|regulatory|repeat|transcript	149
chr5	126001844	126001993	ENSG00000248752.3	gene|regulatory|repeat|transcript	149
chr5	100518380	100518529	ENSG00000247877.8|ENSG00000249787.2	gene|regulatory|repeat|transcript	149
chr5	173654354	173654503	ENSG00000253959.1	gene|regulatory|repeat|transcript	149
chr5	140593229	140593378	ENSG00000283602.2|ENSG00000293441.1	gene|regulatory|repeat|transcript	149
chr5	10507996	10508145	ENSG00000249160.4	gene|regulatory|repeat|transcript	149
chr5	7068231	7068380	ENSG00000250974.4|ENSG00000287790.1	gene|regulatory|repeat|transcript	149
chr5	89029169	89029318	ENSG00000248309.9	gene|regulatory|repeat|transcript	149
chr5	38077673	38077822	ENSG00000248461.3	gene|regulatory|repeat|transcript	149
chr5	173729118	173729266	ENSG00000253686.2	gene|regulatory|repeat|transcript	148
chr5	135140616	135140764	ENSG00000224186.8	gene|regulatory|repeat|transcript	148
chr5	73282122	73282270	ENSG00000249743.8	gene|regulatory|repeat|transcript	148
chr5	152465339	152465487	ENSG00000286749.1	gene|regulatory|repeat|transcript	148
chr5	82858192	82858340	ENSG00000281327.4	gene|regulatory|repeat|transcript	148
chr5	173785504	173785652	ENSG00000254211.6	gene|regulatory|repeat|transcript	148
chr5	125037283	125037431	ENSG00000260192.3	gene|regulatory|repeat|transcript	148
chr5	52784945	52785093	ENSG00000248898.4	gene|regulatory|repeat|transcript	148
chr5	140725533	140725681	ENSG00000292256.1	gene|regulatory|repeat|transcript	148
chr5	135269929	135270077	ENSG00000224186.8	gene|regulatory|repeat|transcript	148
chr5	143775446	143775594	ENSG00000249881.1	gene|regulatory|repeat|transcript	148
chr5	74149606	74149754	ENSG00000248673.2	gene|regulatory|repeat|transcript	148
chr5	68891460	68891607	ENSG00000249335.5	gene|regulatory|repeat|transcript	147
chr5	8351722	8351869	ENSG00000245729.2|ENSG00000288002.1	gene|regulatory|repeat|transcript	147
chr5	135178844	135178991	ENSG00000224186.8	gene|regulatory|repeat|transcript	147
chr5	88378257	88378404	ENSG00000247828.10	gene|regulatory|repeat|transcript	147
chr5	124157549	124157696	ENSG00000253807.6	gene|regulatory|repeat|transcript	147
chr5	142749080	142749227	ENSG00000236714.3	gene|regulatory|repeat|transcript	147
chr5	173413684	173413831	ENSG00000253968.2	gene|regulatory|repeat|transcript	147
chr5	51653164	51653311	ENSG00000288035.1	gene|regulatory|repeat|transcript	147
chr5	124844604	124844751	ENSG00000260192.3	gene|regulatory|repeat|transcript	147
chr5	122126595	122126742	ENSG00000247311.3	gene|regulatory|repeat|transcript	147
chr5	96150911	96151058	ENSG00000250551.1|ENSG00000251314.2	gene|regulatory|repeat|transcript	147
chr5	142368662	142368809	ENSG00000231185.9	gene|regulatory|repeat|transcript	147
chr5	134507328	134507475	ENSG00000251169.3	gene|regulatory|repeat|transcript	147
chr5	104911389	104911536	ENSG00000251574.8	gene|regulatory|repeat|transcript	147
chr5	134443418	134443564	ENSG00000250564.2|ENSG00000250994.3	gene|regulatory|repeat|transcript	146
chr5	162543578	162543724	ENSG00000254186.3	gene|regulatory|repeat|transcript	146
chr5	4990870	4991016	ENSG00000215231.8|ENSG00000250481.2	gene|regulatory|repeat|transcript	146
chr5	91180019	91180165	ENSG00000248323.8	gene|regulatory|repeat|transcript	146
chr5	111513807	111513953	ENSG00000246859.3	gene|regulatory|repeat|transcript	146
chr5	8382034	8382180	ENSG00000245729.2	gene|regulatory|repeat|transcript	146
chr5	61632107	61632253	ENSG00000178722.16	gene|regulatory|repeat|transcript	146
chr5	111581242	111581388	ENSG00000246859.3	gene|regulatory|repeat|transcript	146
chr5	15154912	15155058	ENSG00000249332.2	gene|regulatory|repeat|transcript	146
chr5	140574197	140574343	ENSG00000283155.1|ENSG00000283602.2|ENSG00000293441.1	gene|regulatory|repeat|transcript	146
chr5	8291773	8291919	ENSG00000288002.1	gene|regulatory|repeat|transcript	146
chr5	151706984	151707130	ENSG00000249035.7	gene|regulatory|repeat|transcript	146
chr5	122705469	122705614	ENSG00000251538.7	gene|regulatory|repeat|transcript	145
chr5	29378996	29379141	ENSG00000248391.6	gene|regulatory|repeat|transcript	145
chr5	170307828	170307973	ENSG00000235172.9	gene|regulatory|repeat|transcript	145
chr5	181184634	181184779	ENSG00000248473.2	gene|regulatory|repeat|transcript	145
chr5	74297101	74297246	ENSG00000248673.2|ENSG00000248942.3|ENSG00000288883.1	gene|regulatory|repeat|transcript	145
chr5	40481060	40481205	ENSG00000285552.1|ENSG00000285616.1	gene|regulatory|repeat|transcript	145
chr5	140719804	140719949	ENSG00000292256.1	gene|regulatory|repeat|transcript	145
chr5	151388080	151388225	ENSG00000253897.3|ENSG00000290991.1	gene|regulatory|repeat|transcript	145
chr5	25095064	25095209	ENSG00000251273.4	gene|regulatory|repeat|transcript	145
chr5	88696006	88696151	ENSG00000245864.5	gene|regulatory|repeat|transcript	145
chr5	1936970	1937115	ENSG00000248994.2	gene|regulatory|repeat|transcript	145
chr5	162991188	162991333	ENSG00000254186.3	gene|regulatory|repeat|transcript	145
chr5	142422599	142422744	ENSG00000231185.9	gene|regulatory|repeat|transcript	145
chr5	4605373	4605518	ENSG00000248973.3	gene|regulatory|repeat|transcript	145
chr5	163384126	163384271	ENSG00000254186.3	gene|regulatory|repeat|transcript	145
chr5	159650854	159650999	ENSG00000249738.10	gene|regulatory|repeat|transcript	145
chr5	127961793	127961938	ENSG00000245937.10	gene|regulatory|repeat|transcript	145
chr5	97555201	97555345	ENSG00000250331.2	gene|regulatory|repeat|transcript	144
chr5	96321595	96321739	ENSG00000251314.2	gene|regulatory|repeat|transcript	144
chr5	43064491	43064635	ENSG00000177738.6	gene|regulatory|repeat|transcript	144
chr5	173474536	173474680	ENSG00000253141.2	gene|regulatory|repeat|transcript	144
chr5	84425593	84425737	ENSG00000250320.7	gene|regulatory|repeat|transcript	144
chr5	54670302	54670446	ENSG00000287367.2	gene|regulatory|repeat|transcript	144
chr5	117761373	117761517	ENSG00000249797.2	gene|regulatory|repeat|transcript	144
chr5	111638851	111638995	ENSG00000246859.3	gene|regulatory|repeat|transcript	144
chr5	115377937	115378081	ENSG00000289497.2	gene|regulatory|repeat|transcript	144
chr5	130871491	130871635	ENSG00000287390.1	gene|regulatory|repeat|transcript	144
chr5	125251274	125251418	ENSG00000260192.3	gene|regulatory|repeat|transcript	144
chr5	72651265	72651409	ENSG00000248371.5	gene|regulatory|repeat|transcript	144
chr5	122122245	122122389	ENSG00000247311.3	gene|regulatory|repeat|transcript	144
chr5	173644747	173644891	ENSG00000253959.1	gene|regulatory|repeat|transcript	144
chr5	100402291	100402435	ENSG00000249787.2	gene|regulatory|repeat|transcript	144
chr5	133913996	133914140	ENSG00000249073.1	gene|regulatory|repeat|transcript	144
chr5	140591258	140591402	ENSG00000283155.1|ENSG00000283602.2|ENSG00000293441.1	gene|regulatory|repeat|transcript	144
chr5	74283382	74283525	ENSG00000248673.2|ENSG00000248942.3	gene|regulatory|repeat|transcript	143
chr5	25128733	25128876	ENSG00000251273.4	gene|regulatory|repeat|transcript	143
chr5	165616713	165616856	ENSG00000253693.1	gene|regulatory|repeat|transcript	143
chr5	96140612	96140755	ENSG00000250551.1|ENSG00000251314.2	gene|regulatory|repeat|transcript	143
chr5	67416658	67416801	ENSG00000249364.7	gene|regulatory|repeat|transcript	143
chr5	67514989	67515132	ENSG00000249364.7	gene|regulatory|repeat|transcript	143
chr5	152181522	152181665	ENSG00000254226.6	gene|regulatory|repeat|transcript	143
chr5	44807279	44807422	ENSG00000251141.6	gene|regulatory|repeat|transcript	143
chr5	173806690	173806833	ENSG00000254211.6	gene|regulatory|repeat|transcript	143
chr5	145155377	145155520	ENSG00000251031.2	gene|regulatory|repeat|transcript	143
chr5	173782665	173782808	ENSG00000254211.6	gene|regulatory|repeat|transcript	143
chr5	38163747	38163890	ENSG00000248461.3	gene|regulatory|repeat|transcript	143
chr5	107705507	107705650	ENSG00000249959.6	gene|regulatory|repeat|transcript	143
chr5	164746610	164746753	ENSG00000241956.11	gene|regulatory|repeat|transcript	143
chr5	166135868	166136010	ENSG00000254171.1	gene|regulatory|repeat|transcript	142
chr5	143574058	143574200	ENSG00000251205.3	gene|regulatory|repeat|transcript	142
chr5	153039743	153039885	ENSG00000249484.9	gene|regulatory|repeat|transcript	142
chr5	176731514	176731656	ENSG00000251446.1	gene|regulatory|repeat|transcript	142
chr5	125026054	125026196	ENSG00000260192.3	gene|regulatory|repeat|transcript	142
chr5	82279911	82280053	ENSG00000293465.1	gene|regulatory|repeat|transcript	142
chr5	38099320	38099462	ENSG00000248461.3	gene|regulatory|repeat|transcript	142
chr5	143694404	143694546	ENSG00000249881.1	gene|regulatory|repeat|transcript	142
chr5	178787528	178787670	ENSG00000250420.9|ENSG00000291019.1	gene|regulatory|repeat|transcript	142
chr5	88923689	88923831	ENSG00000248309.9	gene|regulatory|repeat|transcript	142
chr5	16617665	16617807	ENSG00000246214.3|ENSG00000250415.1	gene|regulatory|repeat|transcript	142
chr5	159415654	159415796	ENSG00000249738.10	gene|regulatory|repeat|transcript	142
chr5	127995413	127995555	ENSG00000245937.10	gene|regulatory|repeat|transcript	142
chr5	13177356	13177498	ENSG00000248145.2	gene|regulatory|repeat|transcript	142
chr5	165625951	165626093	ENSG00000253693.1	gene|regulatory|repeat|transcript	142
chr5	126754760	126754902	ENSG00000251072.2	gene|regulatory|repeat|transcript	142
chr5	75335586	75335728	ENSG00000247372.2	gene|regulatory|repeat|transcript	142
chr5	54671825	54671967	ENSG00000287367.2	gene|regulatory|repeat|transcript	142
chr5	38162673	38162815	ENSG00000248461.3	gene|regulatory|repeat|transcript	142
chr5	29113730	29113872	ENSG00000259786.7	gene|regulatory|repeat|transcript	142
chr5	135229726	135229868	ENSG00000224186.8	gene|regulatory|repeat|transcript	142
chr5	74903386	74903528	ENSG00000287701.1	gene|regulatory|repeat|transcript	142
chr5	10762252	10762394	ENSG00000272324.5	gene|regulatory|repeat|transcript	142
chr5	160484777	160484919	ENSG00000253522.6	gene|regulatory|repeat|transcript	142
chr5	89350977	89351119	ENSG00000248309.9	gene|regulatory|repeat|transcript	142
chr5	35823790	35823932	ENSG00000248969.1	gene|regulatory|repeat|transcript	142
chr5	125134701	125134842	ENSG00000260192.3	gene|regulatory|repeat|transcript	141
chr5	173582421	173582562	ENSG00000253955.2	gene|regulatory|repeat|transcript	141
chr5	140399999	140400140	ENSG00000249637.4	gene|regulatory|repeat|transcript	141
chr5	74410719	74410860	ENSG00000248673.2	gene|regulatory|repeat|transcript	141
chr5	75007500	75007641	ENSG00000249856.1	gene|regulatory|repeat|transcript	141
chr5	54388989	54389130	ENSG00000249069.8	gene|regulatory|repeat|transcript	141
chr5	165439338	165439479	ENSG00000253693.1	gene|regulatory|repeat|transcript	141
chr5	173798216	173798357	ENSG00000254211.6	gene|regulatory|repeat|transcript	141
chr5	104089822	104089963	ENSG00000251026.2	gene|regulatory|repeat|transcript	141
chr5	57592288	57592429	ENSG00000249436.2	gene|regulatory|repeat|transcript	141
chr5	135051550	135051691	ENSG00000224186.8	gene|regulatory|repeat|transcript	141
chr5	125589091	125589232	ENSG00000248752.3|ENSG00000260192.3|ENSG00000286111.1	gene|regulatory|repeat|transcript	141
chr5	158559805	158559946	ENSG00000254135.3	gene|regulatory|repeat|transcript	141
chr5	81834700	81834841	ENSG00000287938.1	gene|regulatory|repeat|transcript	141
chr5	95850452	95850592	ENSG00000236882.9|ENSG00000251409.2	gene|regulatory|repeat|transcript	140
chr5	125439247	125439387	ENSG00000248752.3|ENSG00000260192.3	gene|regulatory|repeat|transcript	140
chr5	31096391	31096531	ENSG00000254138.1|ENSG00000289601.1	gene|regulatory|repeat|transcript	140
chr5	124502599	124502739	ENSG00000248296.1|ENSG00000289458.2	gene|regulatory|repeat|transcript	140
chr5	88964908	88965048	ENSG00000248309.9	gene|regulatory|repeat|transcript	140
chr5	28725207	28725347	ENSG00000250453.2	gene|regulatory|repeat|transcript	140
chr5	140718310	140718450	ENSG00000292256.1	gene|regulatory|repeat|transcript	140
chr5	73264866	73265006	ENSG00000249743.8	gene|regulatory|repeat|transcript	140
chr5	54821618	54821758	ENSG00000232517.2	gene|regulatory|repeat|transcript	140
chr5	88480919	88481059	ENSG00000271904.1	gene|regulatory|repeat|transcript	140
chr5	148376697	148376837	ENSG00000247199.6	gene|regulatory|repeat|transcript	140
chr5	8316996	8317136	ENSG00000288002.1	gene|regulatory|repeat|transcript	140
chr5	29192265	29192405	ENSG00000259786.7	gene|regulatory|repeat|transcript	140
chr5	106843920	106844060	ENSG00000251027.2	gene|regulatory|repeat|transcript	140
chr5	157263866	157264005	ENSG00000253653.1	gene|regulatory|repeat|transcript	139
chr5	142752732	142752871	ENSG00000236714.3	gene|regulatory|repeat|transcript	139
chr5	41879168	41879307	ENSG00000286164.1	gene|regulatory|repeat|transcript	139
chr5	150428799	150428938	ENSG00000286331.1	gene|regulatory|repeat|transcript	139
chr5	91272198	91272337	ENSG00000248323.8	gene|regulatory|repeat|transcript	139
chr5	89238374	89238513	ENSG00000248309.9	gene|regulatory|repeat|transcript	139
chr5	91207341	91207480	ENSG00000248323.8	gene|regulatory|repeat|transcript	139
chr5	91270867	91271006	ENSG00000248323.8	gene|regulatory|repeat|transcript	139
chr5	40428912	40429051	ENSG00000283286.2	gene|regulatory|repeat|transcript	139
chr5	40417098	40417237	ENSG00000283286.2	gene|regulatory|repeat|transcript	139
chr5	9016074	9016213	ENSG00000250619.1	gene|regulatory|repeat|transcript	139
chr5	75321383	75321522	ENSG00000247372.2	gene|regulatory|repeat|transcript	139
chr5	135235091	135235230	ENSG00000224186.8	gene|regulatory|repeat|transcript	139
chr5	164204540	164204679	ENSG00000253331.1	gene|regulatory|repeat|transcript	139
chr5	174344274	174344413	ENSG00000249306.7	gene|regulatory|repeat|transcript	139
chr5	67515147	67515286	ENSG00000249364.7	gene|regulatory|repeat|transcript	139
chr5	151721126	151721265	ENSG00000249035.7	gene|regulatory|repeat|transcript	139
chr5	152622802	152622941	ENSG00000249484.9|ENSG00000286749.1	gene|regulatory|repeat|transcript	139
chr5	87453217	87453355	ENSG00000285190.1	gene|regulatory|repeat|transcript	138
chr5	142474141	142474279	ENSG00000231185.9	gene|regulatory|repeat|transcript	138
chr5	76715092	76715230	ENSG00000225407.3	gene|regulatory|repeat|transcript	138
chr5	163436709	163436847	ENSG00000254186.3	gene|regulatory|repeat|transcript	138
chr5	160458901	160459039	ENSG00000253522.6	gene|regulatory|repeat|transcript	138
chr5	57494225	57494363	ENSG00000250961.2	gene|regulatory|repeat|transcript	138
chr5	19001541	19001679	ENSG00000249174.1	gene|regulatory|repeat|transcript	138
chr5	125277749	125277887	ENSG00000260192.3	gene|regulatory|repeat|transcript	138
chr5	17925448	17925586	ENSG00000249937.9	gene|regulatory|repeat|transcript	138
chr5	72598424	72598562	ENSG00000248371.5	gene|regulatory|repeat|transcript	138
chr5	164681010	164681148	ENSG00000241956.11	gene|regulatory|repeat|transcript	138
chr5	174840500	174840637	ENSG00000251670.1	gene|regulatory|repeat|transcript	137
chr5	6896213	6896350	ENSG00000250974.4	gene|regulatory|repeat|transcript	137
chr5	125415206	125415343	ENSG00000248752.3|ENSG00000260192.3	gene|regulatory|repeat|transcript	137
chr5	33229378	33229515	ENSG00000250697.2|ENSG00000251443.3	gene|regulatory|repeat|transcript	137
chr5	82341495	82341632	ENSG00000293465.1	gene|regulatory|repeat|transcript	137
chr5	172493129	172493266	ENSG00000287814.1	gene|regulatory|repeat|transcript	137
chr5	143793322	143793459	ENSG00000249881.1	gene|regulatory|repeat|transcript	137
chr5	172528694	172528831	ENSG00000287814.1	gene|regulatory|repeat|transcript	137
chr5	33228972	33229109	ENSG00000250697.2	gene|regulatory|repeat|transcript	137
chr5	91277438	91277575	ENSG00000248323.8	gene|regulatory|repeat|transcript	137
chr5	8418627	8418764	ENSG00000245729.2|ENSG00000249159.6	gene|regulatory|repeat|transcript	137
chr5	74315638	74315775	ENSG00000248673.2|ENSG00000248942.3	gene|regulatory|repeat|transcript	137
chr5	61328848	61328985	ENSG00000288936.1	gene|regulatory|repeat|transcript	137
chr5	96315604	96315741	ENSG00000251314.2	gene|regulatory|repeat|transcript	137
chr5	163135925	163136062	ENSG00000254186.3	gene|regulatory|repeat|transcript	137
chr5	163369313	163369450	ENSG00000254186.3	gene|regulatory|repeat|transcript	137
chr5	134459582	134459719	ENSG00000250564.2|ENSG00000250994.3	gene|regulatory|repeat|transcript	137
chr5	57600537	57600674	ENSG00000249436.2	gene|regulatory|repeat|transcript	137
chr5	137836469	137836606	ENSG00000250159.7	gene|regulatory|repeat|transcript	137
chr5	158406956	158407093	ENSG00000276778.1	gene|regulatory|repeat|transcript	137
chr5	149418208	149418344	ENSG00000249669.12	gene|regulatory|repeat|transcript	136
chr5	164868806	164868942	ENSG00000241956.11	gene|regulatory|repeat|transcript	136
chr5	162816813	162816949	ENSG00000254186.3	gene|regulatory|repeat|transcript	136
chr5	174414023	174414159	ENSG00000249306.7	gene|regulatory|repeat|transcript	136
chr5	100506124	100506260	ENSG00000247877.8|ENSG00000249787.2	gene|regulatory|repeat|transcript	136
chr5	177444594	177444730	ENSG00000246334.3	gene|regulatory|repeat|transcript	136
chr5	52709313	52709449	ENSG00000248898.4	gene|regulatory|repeat|transcript	136
chr5	149125788	149125924	ENSG00000250072.8	gene|regulatory|repeat|transcript	136
chr5	126754591	126754727	ENSG00000251072.2	gene|regulatory|repeat|transcript	136
chr5	74369048	74369184	ENSG00000248673.2	gene|regulatory|repeat|transcript	136
chr5	180467974	180468110	ENSG00000289839.1	gene|regulatory|repeat|transcript	136
chr5	159230880	159231016	ENSG00000253256.1|ENSG00000253315.1	gene|regulatory|repeat|transcript	136
chr5	4553194	4553330	ENSG00000248973.3	gene|regulatory|repeat|transcript	136
chr5	158398316	158398452	ENSG00000276778.1	gene|regulatory|repeat|transcript	136
chr5	8254853	8254988	ENSG00000288002.1	gene|regulatory|repeat|transcript	135
chr5	139685497	139685632	ENSG00000249526.1	gene|regulatory|repeat|transcript	135
chr5	172817005	172817140	ENSG00000253628.2	gene|regulatory|repeat|transcript	135
chr5	158436319	158436454	ENSG00000254350.1	gene|regulatory|repeat|transcript	135
chr5	173644974	173645109	ENSG00000253959.1	gene|regulatory|repeat|transcript	135
chr5	40017172	40017307	ENSG00000250048.2	gene|regulatory|repeat|transcript	135
chr5	15241477	15241612	ENSG00000249332.2	gene|regulatory|repeat|transcript	135
chr5	61253322	61253457	ENSG00000249279.6	gene|regulatory|repeat|transcript	135
chr5	124376714	124376849	ENSG00000253807.6	gene|regulatory|repeat|transcript	135
chr5	7011751	7011886	ENSG00000250974.4	gene|regulatory|repeat|transcript	135
chr5	140577062	140577196	ENSG00000283155.1|ENSG00000283602.2|ENSG00000293441.1	gene|regulatory|repeat|transcript	134
chr5	142550268	142550402	ENSG00000231185.9	gene|regulatory|repeat|transcript	134
chr5	74478408	74478542	ENSG00000248673.2	gene|regulatory|repeat|transcript	134
chr5	173572602	173572736	ENSG00000253768.1	gene|regulatory|repeat|transcript	134
chr5	15133138	15133272	ENSG00000249332.2	gene|regulatory|repeat|transcript	134
chr5	159340595	159340729	ENSG00000249738.10	gene|regulatory|repeat|transcript	134
chr5	178069997	178070131	ENSG00000204677.13	gene|regulatory|repeat|transcript	134
chr5	23951803	23951937	ENSG00000248874.5	gene|regulatory|repeat|transcript	134
chr5	67404881	67405015	ENSG00000249364.7	gene|regulatory|repeat|transcript	134
chr5	82280083	82280217	ENSG00000293465.1	gene|regulatory|repeat|transcript	134
chr5	16630023	16630157	ENSG00000246214.3	gene|regulatory|repeat|transcript	134
chr5	135312756	135312890	ENSG00000224186.8	gene|regulatory|repeat|transcript	134
chr5	139692765	139692899	ENSG00000249526.1	gene|regulatory|repeat|transcript	134
chr5	31124002	31124136	ENSG00000254138.1|ENSG00000289601.1	gene|regulatory|repeat|transcript	134
chr5	135269291	135269425	ENSG00000224186.8	gene|regulatory|repeat|transcript	134
chr5	105168784	105168918	ENSG00000251574.8|ENSG00000253584.1	gene|regulatory|repeat|transcript	134
chr5	104177681	104177815	ENSG00000251026.2	gene|regulatory|repeat|transcript	134
chr5	96932555	96932689	ENSG00000247121.8	gene|regulatory|repeat|transcript	134
chr5	152193882	152194015	ENSG00000254226.6	gene|regulatory|repeat|transcript	133
chr5	178154551	178154684	ENSG00000289726.1	gene|regulatory|repeat|transcript	133
chr5	135099629	135099762	ENSG00000224186.8	gene|regulatory|repeat|transcript	133
chr5	96439984	96440117	ENSG00000251314.2	gene|regulatory|repeat|transcript	133
chr5	61735715	61735848	ENSG00000178722.16	gene|regulatory|repeat|transcript	133
chr5	96172063	96172196	ENSG00000250551.1|ENSG00000251314.2	gene|regulatory|repeat|transcript	133
chr5	55247017	55247150	ENSG00000251307.1	gene|regulatory|repeat|transcript	133
chr5	159504582	159504715	ENSG00000249738.10|ENSG00000283413.1	gene|regulatory|repeat|transcript	133
chr5	173795568	173795701	ENSG00000254211.6	gene|regulatory|repeat|transcript	133
chr5	104362103	104362236	ENSG00000251026.2	gene|regulatory|repeat|transcript	133
chr5	56320790	56320923	ENSG00000249697.1	gene|regulatory|repeat|transcript	133
chr5	143594460	143594593	ENSG00000251205.3	gene|regulatory|repeat|transcript	133
chr5	151699694	151699827	ENSG00000249035.7	gene|regulatory|repeat|transcript	133
chr5	143544043	143544176	ENSG00000251205.3	gene|regulatory|repeat|transcript	133
chr5	140400140	140400273	ENSG00000249637.4	gene|regulatory|repeat|transcript	133
chr5	119033566	119033699	ENSG00000249494.6	gene|regulatory|repeat|transcript	133
chr5	4984014	4984147	ENSG00000250481.2	gene|regulatory|repeat|transcript	133
chr5	66436809	66436942	ENSG00000286062.2	gene|regulatory|repeat|transcript	133
chr5	124841350	124841483	ENSG00000260192.3	gene|regulatory|repeat|transcript	133
chr5	181209259	181209392	ENSG00000286644.1	gene|regulatory|repeat|transcript	133
chr5	29390241	29390373	ENSG00000248391.6	gene|regulatory|repeat|transcript	132
chr5	96113744	96113876	ENSG00000250551.1|ENSG00000251314.2	gene|regulatory|repeat|transcript	132
chr5	10505763	10505895	ENSG00000249160.4	gene|regulatory|repeat|transcript	132
chr5	40033132	40033264	ENSG00000250048.2	gene|regulatory|repeat|transcript	132
chr5	163079819	163079951	ENSG00000254186.3	gene|regulatory|repeat|transcript	132
chr5	140569700	140569832	ENSG00000283155.1	gene|regulatory|repeat|transcript	132
chr5	135134368	135134500	ENSG00000224186.8|ENSG00000248753.1	gene|regulatory|repeat|transcript	132
chr5	152942696	152942828	ENSG00000249484.9	gene|regulatory|repeat|transcript	132
chr5	153159337	153159469	ENSG00000249484.9	gene|regulatory|repeat|transcript	132
chr5	177500000	177500132	ENSG00000248996.1	gene|regulatory|repeat|transcript	132
chr5	158510895	158511027	ENSG00000254135.3	gene|regulatory|repeat|transcript	132
chr5	120358027	120358159	ENSG00000261036.2	gene|regulatory|repeat|transcript	132
chr5	36706815	36706947	ENSG00000250155.3	gene|regulatory|repeat|transcript	132
chr5	130720402	130720534	ENSG00000287390.1	gene|regulatory|repeat|transcript	132
chr5	117487561	117487693	ENSG00000248663.7	gene|regulatory|repeat|transcript	132
chr5	149344460	149344592	ENSG00000285736.1	gene|regulatory|repeat|transcript	132
chr5	58558053	58558185	ENSG00000250127.1	gene|regulatory|repeat|transcript	132
chr5	91212938	91213070	ENSG00000248323.8	gene|regulatory|repeat|transcript	132
chr5	17370850	17370982	ENSG00000249199.2	gene|regulatory|repeat|transcript	132
chr5	174521197	174521329	ENSG00000249306.7	gene|regulatory|repeat|transcript	132
chr5	139694883	139695014	ENSG00000249526.1	gene|regulatory|repeat|transcript	131
chr5	181210808	181210939	ENSG00000286644.1	gene|regulatory|repeat|transcript	131
chr5	125292886	125293017	ENSG00000260192.3	gene|regulatory|repeat|transcript	131
chr5	997139	997270	ENSG00000215246.6	gene|regulatory|repeat|transcript	131
chr5	181184844	181184975	ENSG00000248473.2	gene|regulatory|repeat|transcript	131
chr5	181249827	181249958	ENSG00000233937.9	gene|regulatory|repeat|transcript	131
chr5	140168396	140168527	ENSG00000254363.6	gene|regulatory|repeat|transcript	131
chr5	74957231	74957362	ENSG00000249856.1|ENSG00000289535.2	gene|regulatory|repeat|transcript	131
chr5	102662965	102663096	ENSG00000250682.6	gene|regulatory|repeat|transcript	131
chr5	173767079	173767210	ENSG00000287003.1	gene|regulatory|repeat|transcript	131
chr5	79845604	79845735	ENSG00000286818.2	gene|regulatory|repeat|transcript	131
chr5	38615223	38615354	ENSG00000244968.7	gene|regulatory|repeat|transcript	131
chr5	97548118	97548249	ENSG00000250331.2	gene|regulatory|repeat|transcript	131
chr5	68670694	68670825	ENSG00000250237.3	gene|regulatory|repeat|transcript	131
chr5	134440397	134440528	ENSG00000250564.2|ENSG00000250994.3	gene|regulatory|repeat|transcript	131
chr5	7022531	7022662	ENSG00000250974.4	gene|regulatory|repeat|transcript	131
chr5	12660381	12660512	ENSG00000248131.6	gene|regulatory|repeat|transcript	131
chr5	75021346	75021477	ENSG00000249856.1	gene|regulatory|repeat|transcript	131
chr5	118326080	118326211	ENSG00000250891.3	gene|regulatory|repeat|transcript	131
chr5	54362681	54362812	ENSG00000249069.8	gene|regulatory|repeat|transcript	131
chr5	176187271	176187402	ENSG00000283235.2	gene|regulatory|repeat|transcript	131
chr5	38039989	38040119	ENSG00000248461.3	gene|regulatory|repeat|transcript	130
chr5	111617358	111617488	ENSG00000246859.3	gene|regulatory|repeat|transcript	130
chr5	12974910	12975040	ENSG00000248457.1	gene|regulatory|repeat|transcript	130
chr5	91245941	91246071	ENSG00000248323.8	gene|regulatory|repeat|transcript	130
chr5	152942917	152943047	ENSG00000249484.9	gene|regulatory|repeat|transcript	130
chr5	135313546	135313676	ENSG00000224186.8	gene|regulatory|repeat|transcript	130
chr5	143638106	143638236	ENSG00000249881.1	gene|regulatory|repeat|transcript	130
chr5	96816814	96816944	ENSG00000247121.8	gene|regulatory|repeat|transcript	130
chr5	142726968	142727098	ENSG00000236714.3	gene|regulatory|repeat|transcript	130
chr5	148248945	148249075	ENSG00000247199.6	gene|regulatory|repeat|transcript	130
chr5	6590818	6590948	ENSG00000250056.8	gene|regulatory|repeat|transcript	130
chr5	125968478	125968608	ENSG00000248752.3	gene|regulatory|repeat|transcript	130
chr5	52776236	52776366	ENSG00000248898.4	gene|regulatory|repeat|transcript	130
chr5	96142130	96142260	ENSG00000250551.1|ENSG00000251314.2	gene|regulatory|repeat|transcript	130
chr5	8213952	8214082	ENSG00000288002.1	gene|regulatory|repeat|transcript	130
chr5	4977942	4978072	ENSG00000250481.2	gene|regulatory|repeat|transcript	130
chr5	142391852	142391981	ENSG00000231185.9	gene|regulatory|repeat|transcript	129
chr5	56566386	56566515	ENSG00000225940.7	gene|regulatory|repeat|transcript	129
chr5	82294399	82294528	ENSG00000293465.1	gene|regulatory|repeat|transcript	129
chr5	145015150	145015279	ENSG00000251031.2	gene|regulatory|repeat|transcript	129
chr5	73281531	73281660	ENSG00000249743.8	gene|regulatory|repeat|transcript	129
chr5	1593558	1593687	ENSG00000291055.1	gene|regulatory|repeat|transcript	129
chr5	117788574	117788703	ENSG00000249797.2	gene|regulatory|repeat|transcript	129
chr5	56054684	56054813	ENSG00000249236.2	gene|regulatory|repeat|transcript	129
chr5	159498336	159498465	ENSG00000249738.10|ENSG00000283413.1	gene|regulatory|repeat|transcript	129
chr5	142400020	142400149	ENSG00000231185.9	gene|regulatory|repeat|transcript	129
chr5	66359272	66359401	ENSG00000251391.5|ENSG00000286062.2	gene|regulatory|repeat|transcript	129
chr5	64404931	64405060	ENSG00000236068.2	gene|regulatory|repeat|transcript	129
chr5	125394903	125395032	ENSG00000248752.3|ENSG00000260192.3	gene|regulatory|repeat|transcript	129
chr5	103474865	103474994	ENSG00000226926.8|ENSG00000293393.1	gene|regulatory|repeat|transcript	129
chr5	139689092	139689221	ENSG00000249526.1	gene|regulatory|repeat|transcript	129
chr5	93513013	93513142	ENSG00000237187.9	gene|regulatory|repeat|transcript	129
chr5	66309809	66309938	ENSG00000251391.5	gene|regulatory|repeat|transcript	129
chr5	4730361	4730490	ENSG00000248973.3	gene|regulatory|repeat|transcript	129
chr5	96281203	96281332	ENSG00000251314.2	gene|regulatory|repeat|transcript	129
chr5	17805654	17805783	ENSG00000249937.9	gene|regulatory|repeat|transcript	129
chr5	173645124	173645253	ENSG00000253959.1	gene|regulatory|repeat|transcript	129
chr5	125961613	125961742	ENSG00000248752.3	gene|regulatory|repeat|transcript	129
chr5	74409400	74409529	ENSG00000248673.2	gene|regulatory|repeat|transcript	129
chr5	165139493	165139622	ENSG00000241956.11|ENSG00000285549.1	gene|regulatory|repeat|transcript	129
chr5	52705821	52705949	ENSG00000248898.4	gene|regulatory|repeat|transcript	128
chr5	88594580	88594708	ENSG00000245526.13	gene|regulatory|repeat|transcript	128
chr5	6409071	6409199	ENSG00000287031.1	gene|regulatory|repeat|transcript	128
chr5	151178470	151178598	ENSG00000285420.1	gene|regulatory|repeat|transcript	128
chr5	135245778	135245906	ENSG00000224186.8|ENSG00000249647.2	gene|regulatory|repeat|transcript	128
chr5	179504799	179504927	ENSG00000253652.1	gene|regulatory|repeat|transcript	128
chr5	66417537	66417665	ENSG00000286062.2	gene|regulatory|repeat|transcript	128
chr5	38832046	38832174	ENSG00000249740.4	gene|regulatory|repeat|transcript	128
chr5	53778444	53778572	ENSG00000250447.6	gene|regulatory|repeat|transcript	128
chr5	6899403	6899531	ENSG00000250974.4	gene|regulatory|repeat|transcript	128
chr5	174457381	174457509	ENSG00000249306.7	gene|regulatory|repeat|transcript	128
chr5	82346090	82346218	ENSG00000293465.1	gene|regulatory|repeat|transcript	128
chr5	129743901	129744029	ENSG00000251680.6	gene|regulatory|repeat|transcript	128
chr5	143625244	143625371	ENSG00000249881.1	gene|regulatory|repeat|transcript	127
chr5	135309566	135309693	ENSG00000224186.8	gene|regulatory|repeat|transcript	127
chr5	68834729	68834856	ENSG00000249335.5	gene|regulatory|repeat|transcript	127
chr5	28624448	28624575	ENSG00000250453.2|ENSG00000286432.1	gene|regulatory|repeat|transcript	127
chr5	29390114	29390241	ENSG00000248391.6	gene|regulatory|repeat|transcript	127
chr5	10329508	10329635	ENSG00000259802.3	gene|regulatory|repeat|transcript	127
chr5	97555065	97555192	ENSG00000250331.2	gene|regulatory|repeat|transcript	127
chr5	163373685	163373812	ENSG00000254186.3	gene|regulatory|repeat|transcript	127
chr5	54701416	54701543	ENSG00000287367.2	gene|regulatory|repeat|transcript	127
chr5	170330355	170330482	ENSG00000235172.9	gene|regulatory|repeat|transcript	127
chr5	84451252	84451379	ENSG00000250320.7	gene|regulatory|repeat|transcript	127
chr5	72651942	72652069	ENSG00000248371.5	gene|regulatory|repeat|transcript	127
chr5	126760999	126761126	ENSG00000251072.2	gene|regulatory|repeat|transcript	127
chr5	89232429	89232556	ENSG00000248309.9	gene|regulatory|repeat|transcript	127
chr5	140169590	140169717	ENSG00000254363.6	gene|regulatory|repeat|transcript	127
chr5	38147123	38147250	ENSG00000248461.3	gene|regulatory|repeat|transcript	127
chr5	174425946	174426073	ENSG00000249306.7	gene|regulatory|repeat|transcript	127
chr5	104266002	104266128	ENSG00000251026.2	gene|regulatory|repeat|transcript	126
chr5	149264904	149265030	ENSG00000248647.2|ENSG00000253406.1	gene|regulatory|repeat|transcript	126
chr5	89653573	89653699	ENSG00000250437.1	gene|regulatory|repeat|transcript	126
chr5	7216446	7216572	ENSG00000250974.4	gene|regulatory|repeat|transcript	126
chr5	160457344	160457470	ENSG00000253522.6	gene|regulatory|repeat|transcript	126
chr5	142443902	142444028	ENSG00000231185.9	gene|regulatory|repeat|transcript	126
chr5	172803183	172803309	ENSG00000290019.1	gene|regulatory|repeat|transcript	126
chr5	29370267	29370393	ENSG00000248391.6	gene|regulatory|repeat|transcript	126
chr5	178177801	178177927	ENSG00000289726.1	gene|regulatory|repeat|transcript	126
chr5	61229068	61229194	ENSG00000249279.6|ENSG00000251279.3	gene|regulatory|repeat|transcript	126
chr5	143674010	143674136	ENSG00000249881.1	gene|regulatory|repeat|transcript	126
chr5	34241780	34241906	ENSG00000290548.1	gene|regulatory|repeat|transcript	126
chr5	124810738	124810864	ENSG00000260192.3	gene|regulatory|repeat|transcript	126
chr5	109302209	109302335	ENSG00000249476.2	gene|regulatory|repeat|transcript	126
chr5	173731390	173731516	ENSG00000253686.2	gene|regulatory|repeat|transcript	126
chr5	29379464	29379590	ENSG00000248391.6	gene|regulatory|repeat|transcript	126
chr5	117454823	117454948	ENSG00000248663.7	gene|regulatory|repeat|transcript	125
chr5	159827029	159827154	ENSG00000253311.3	gene|regulatory|repeat|transcript	125
chr5	142355863	142355988	ENSG00000231185.9	gene|regulatory|repeat|transcript	125
chr5	38752791	38752916	ENSG00000249740.4	gene|regulatory|repeat|transcript	125
chr5	72652412	72652537	ENSG00000248371.5	gene|regulatory|repeat|transcript	125
chr5	87122147	87122272	ENSG00000233828.5|ENSG00000249061.1	gene|regulatory|repeat|transcript	125
chr5	72814289	72814414	ENSG00000249085.1	gene|regulatory|repeat|transcript	125
chr5	176195547	176195672	ENSG00000283235.2	gene|regulatory|repeat|transcript	125
chr5	142498333	142498458	ENSG00000231185.9	gene|regulatory|repeat|transcript	125
chr5	93517965	93518090	ENSG00000237187.9	gene|regulatory|repeat|transcript	125
chr5	7320797	7320922	ENSG00000290510.1	gene|regulatory|repeat|transcript	125
chr5	57720708	57720833	ENSG00000287709.3	gene|regulatory|repeat|transcript	125
chr5	135059612	135059737	ENSG00000224186.8	gene|regulatory|repeat|transcript	125
chr5	72659993	72660118	ENSG00000248371.5	gene|regulatory|repeat|transcript	125
chr5	143523371	143523496	ENSG00000249429.1	gene|regulatory|repeat|transcript	125
chr5	124253369	124253494	ENSG00000253807.6	gene|regulatory|repeat|transcript	125
chr5	57694835	57694960	ENSG00000287709.3	gene|regulatory|repeat|transcript	125
chr5	119023577	119023702	ENSG00000249494.6	gene|regulatory|repeat|transcript	125
chr5	125025909	125026034	ENSG00000260192.3	gene|regulatory|repeat|transcript	125
chr5	56059359	56059483	ENSG00000249236.2	gene|regulatory|repeat|transcript	124
chr5	91301184	91301308	ENSG00000248323.8	gene|regulatory|repeat|transcript	124
chr5	72659353	72659477	ENSG00000248371.5	gene|regulatory|repeat|transcript	124
chr5	149266933	149267057	ENSG00000248647.2|ENSG00000253406.1	gene|regulatory|repeat|transcript	124
chr5	103452185	103452309	ENSG00000226926.8|ENSG00000293393.1	gene|regulatory|repeat|transcript	124
chr5	56530846	56530970	ENSG00000225940.7	gene|regulatory|repeat|transcript	124
chr5	96074490	96074614	ENSG00000250551.1|ENSG00000251314.2	gene|regulatory|repeat|transcript	124
chr5	7321023	7321147	ENSG00000290510.1	gene|regulatory|repeat|transcript	124
chr5	173698386	173698510	ENSG00000253428.1	gene|regulatory|repeat|transcript	124
chr5	88606241	88606365	ENSG00000245526.13	gene|regulatory|repeat|transcript	124
chr5	174425465	174425589	ENSG00000249306.7	gene|regulatory|repeat|transcript	124
chr5	148165203	148165327	ENSG00000247199.6	gene|regulatory|repeat|transcript	124
chr5	88606863	88606987	ENSG00000245526.13	gene|regulatory|repeat|transcript	124
chr5	142411824	142411948	ENSG00000231185.9	gene|regulatory|repeat|transcript	124
chr5	82339966	82340090	ENSG00000293465.1	gene|regulatory|repeat|transcript	124
chr5	140720833	140720957	ENSG00000292256.1	gene|regulatory|repeat|transcript	124
chr5	74375105	74375229	ENSG00000248673.2	gene|regulatory|repeat|transcript	124
chr5	146345263	146345387	ENSG00000250025.2	gene|regulatory|repeat|transcript	124
chr5	61165505	61165629	ENSG00000251279.3	gene|regulatory|repeat|transcript	124
chr5	96500005	96500129	ENSG00000251314.2	gene|regulatory|repeat|transcript	124
chr5	159731588	159731712	ENSG00000249738.10|ENSG00000253311.3	gene|regulatory|repeat|transcript	124
chr5	142465284	142465408	ENSG00000231185.9	gene|regulatory|repeat|transcript	124
chr5	33291498	33291622	ENSG00000250697.2	gene|regulatory|repeat|transcript	124
chr5	181248732	181248856	ENSG00000233937.9	gene|regulatory|repeat|transcript	124
chr5	44396200	44396323	ENSG00000248464.1	gene|regulatory|repeat|transcript	123
chr5	56019972	56020095	ENSG00000249236.2	gene|regulatory|repeat|transcript	123
chr5	54861277	54861400	ENSG00000232517.2	gene|regulatory|repeat|transcript	123
chr5	54703744	54703867	ENSG00000287367.2	gene|regulatory|repeat|transcript	123
chr5	132187373	132187496	ENSG00000237714.1	gene|regulatory|repeat|transcript	123
chr5	164784437	164784560	ENSG00000241956.11	gene|regulatory|repeat|transcript	123
chr5	151700923	151701046	ENSG00000249035.7	gene|regulatory|repeat|transcript	123
chr5	173791043	173791166	ENSG00000254211.6	gene|regulatory|repeat|transcript	123
chr5	124309691	124309814	ENSG00000253807.6	gene|regulatory|repeat|transcript	123
chr5	103534231	103534354	ENSG00000248757.2	gene|regulatory|repeat|transcript	123
chr5	139706531	139706654	ENSG00000249526.1	gene|regulatory|repeat|transcript	123
chr5	140719637	140719760	ENSG00000292256.1	gene|regulatory|repeat|transcript	123
chr5	147209832	147209955	ENSG00000250343.1	gene|regulatory|repeat|transcript	123
chr5	10480663	10480786	ENSG00000246016.2	gene|regulatory|repeat|transcript	123
chr5	52746723	52746846	ENSG00000248898.4	gene|regulatory|repeat|transcript	123
chr5	52693345	52693468	ENSG00000248898.4	gene|regulatory|repeat|transcript	123
chr5	174422720	174422843	ENSG00000249306.7	gene|regulatory|repeat|transcript	123
chr5	38105181	38105304	ENSG00000248461.3	gene|regulatory|repeat|transcript	123
chr5	56530116	56530239	ENSG00000225940.7	gene|regulatory|repeat|transcript	123
chr5	9716123	9716245	ENSG00000249781.7	gene|regulatory|repeat|transcript	122
chr5	163352780	163352902	ENSG00000254186.3	gene|regulatory|repeat|transcript	122
chr5	113776304	113776426	ENSG00000286839.1	gene|regulatory|repeat|transcript	122
chr5	38783370	38783492	ENSG00000249740.4	gene|regulatory|repeat|transcript	122
chr5	15260892	15261014	ENSG00000249332.2	gene|regulatory|repeat|transcript	122
chr5	89260497	89260619	ENSG00000248309.9	gene|regulatory|repeat|transcript	122
chr5	115381499	115381621	ENSG00000289497.2	gene|regulatory|repeat|transcript	122
chr5	61916709	61916831	ENSG00000248199.2|ENSG00000289916.1	gene|regulatory|repeat|transcript	122
chr5	73285219	73285341	ENSG00000249743.8	gene|regulatory|repeat|transcript	122
chr5	151702274	151702396	ENSG00000249035.7	gene|regulatory|repeat|transcript	122
chr5	67405891	67406013	ENSG00000249364.7	gene|regulatory|repeat|transcript	122
chr5	88117103	88117225	ENSG00000287862.1	gene|regulatory|repeat|transcript	122
chr5	2093849	2093971	ENSG00000248994.2	gene|regulatory|repeat|transcript	122
chr5	58123146	58123268	ENSG00000286853.1	gene|regulatory|repeat|transcript	122
chr5	164345971	164346093	ENSG00000241956.11	gene|regulatory|repeat|transcript	122
chr5	143499685	143499807	ENSG00000249429.1	gene|regulatory|repeat|transcript	122
chr5	172534226	172534348	ENSG00000287814.1	gene|regulatory|repeat|transcript	122
chr5	135246729	135246851	ENSG00000224186.8|ENSG00000249647.2	gene|regulatory|repeat|transcript	122
chr5	140712682	140712803	ENSG00000292256.1	gene|regulatory|repeat|transcript	121
chr5	173715017	173715138	ENSG00000253686.2	gene|regulatory|repeat|transcript	121
chr5	6332910	6333031	ENSG00000250490.1	gene|regulatory|repeat|transcript	121
chr5	53119519	53119640	ENSG00000247796.3	gene|regulatory|repeat|transcript	121
chr5	158363472	158363593	ENSG00000276778.1	gene|regulatory|repeat|transcript	121
chr5	142716949	142717070	ENSG00000236714.3	gene|regulatory|repeat|transcript	121
chr5	98964853	98964974	ENSG00000248489.4	gene|regulatory|repeat|transcript	121
chr5	39099352	39099473	ENSG00000286809.1	gene|regulatory|repeat|transcript	121
chr5	125439389	125439510	ENSG00000248752.3|ENSG00000260192.3	gene|regulatory|repeat|transcript	121
chr5	125117634	125117755	ENSG00000260192.3	gene|regulatory|repeat|transcript	121
chr5	20974858	20974979	ENSG00000286751.1	gene|regulatory|repeat|transcript	121
chr5	170750216	170750337	ENSG00000253348.1	gene|regulatory|repeat|transcript	121
chr5	64456447	64456568	ENSG00000236068.2	gene|regulatory|repeat|transcript	121
chr5	158398087	158398208	ENSG00000276778.1	gene|regulatory|repeat|transcript	121
chr5	56028771	56028892	ENSG00000249236.2	gene|regulatory|repeat|transcript	121
chr5	89344310	89344431	ENSG00000248309.9	gene|regulatory|repeat|transcript	121
chr5	152181857	152181978	ENSG00000254226.6	gene|regulatory|repeat|transcript	121
chr5	164680889	164681010	ENSG00000241956.11	gene|regulatory|repeat|transcript	121
chr5	173766545	173766666	ENSG00000287003.1	gene|regulatory|repeat|transcript	121
chr5	135456959	135457080	ENSG00000249639.1	gene|regulatory|repeat|transcript	121
chr5	151405388	151405509	ENSG00000253897.3|ENSG00000290991.1	gene|regulatory|repeat|transcript	121
chr5	31124152	31124273	ENSG00000254138.1|ENSG00000289601.1	gene|regulatory|repeat|transcript	121
chr5	52984398	52984518	ENSG00000249899.6	gene|regulatory|repeat|transcript	120
chr5	61324236	61324356	ENSG00000288936.1	gene|regulatory|repeat|transcript	120
chr5	143551413	143551533	ENSG00000251205.3	gene|regulatory|repeat|transcript	120
chr5	135241524	135241644	ENSG00000224186.8|ENSG00000249647.2	gene|regulatory|repeat|transcript	120
chr5	173763895	173764015	ENSG00000287003.1	gene|regulatory|repeat|transcript	120
chr5	173765507	173765627	ENSG00000287003.1	gene|regulatory|repeat|transcript	120
chr5	68725202	68725322	ENSG00000250237.3	gene|regulatory|repeat|transcript	120
chr5	21688742	21688862	ENSG00000253766.1	gene|regulatory|repeat|transcript	120
chr5	173741150	173741270	ENSG00000253686.2	gene|regulatory|repeat|transcript	120
chr5	56013743	56013863	ENSG00000249236.2	gene|regulatory|repeat|transcript	120
chr5	55242012	55242132	ENSG00000251307.1	gene|regulatory|repeat|transcript	120
chr5	56042019	56042139	ENSG00000249236.2	gene|regulatory|repeat|transcript	120
chr5	87019730	87019850	ENSG00000249061.1	gene|regulatory|repeat|transcript	120
chr5	56097622	56097742	ENSG00000249236.2	gene|regulatory|repeat|transcript	120
chr5	181187239	181187358	ENSG00000248473.2	gene|regulatory|repeat|transcript	119
chr5	16412675	16412794	ENSG00000248150.1	gene|regulatory|repeat|transcript	119
chr5	112642928	112643047	ENSG00000250358.7	gene|regulatory|repeat|transcript	119
chr5	160438808	160438927	ENSG00000253522.6	gene|regulatory|repeat|transcript	119
chr5	130893176	130893295	ENSG00000287390.1	gene|regulatory|repeat|transcript	119
chr5	35823380	35823499	ENSG00000248969.1	gene|regulatory|repeat|transcript	119
chr5	7022664	7022783	ENSG00000250974.4	gene|regulatory|repeat|transcript	119
chr5	74086077	74086196	ENSG00000248474.1	gene|regulatory|repeat|transcript	119
chr5	159332396	159332515	ENSG00000249738.10	gene|regulatory|repeat|transcript	119
chr5	98959951	98960070	ENSG00000248489.4	gene|regulatory|repeat|transcript	119
chr5	69166596	69166715	ENSG00000248664.3	gene|regulatory|repeat|transcript	119
chr5	176133883	176134002	ENSG00000289731.2	gene|regulatory|repeat|transcript	119
chr5	135312610	135312729	ENSG00000224186.8	gene|regulatory|repeat|transcript	119
chr5	172544954	172545073	ENSG00000254299.3	gene|regulatory|repeat|transcript	119
chr5	9014148	9014267	ENSG00000250619.1	gene|regulatory|repeat|transcript	119
chr5	139700114	139700233	ENSG00000249526.1	gene|regulatory|repeat|transcript	119
chr5	165623186	165623305	ENSG00000253693.1	gene|regulatory|repeat|transcript	119
chr5	139708243	139708362	ENSG00000249526.1	gene|regulatory|repeat|transcript	119
chr5	1974190	1974309	ENSG00000248994.2	gene|regulatory|repeat|transcript	119
chr5	97575914	97576032	ENSG00000250331.2	gene|regulatory|repeat|transcript	118
chr5	40417239	40417357	ENSG00000283286.2	gene|regulatory|repeat|transcript	118
chr5	124104381	124104499	ENSG00000253807.6	gene|regulatory|repeat|transcript	118
chr5	40495282	40495400	ENSG00000285552.1	gene|regulatory|repeat|transcript	118
chr5	52758641	52758759	ENSG00000248898.4	gene|regulatory|repeat|transcript	118
chr5	176730473	176730591	ENSG00000251446.1	gene|regulatory|repeat|transcript	118
chr5	97839308	97839426	ENSG00000286953.1	gene|regulatory|repeat|transcript	118
chr5	96187630	96187748	ENSG00000250551.1|ENSG00000251314.2	gene|regulatory|repeat|transcript	118
chr5	142356357	142356475	ENSG00000231185.9	gene|regulatory|repeat|transcript	118
chr5	38800650	38800768	ENSG00000249740.4	gene|regulatory|repeat|transcript	118
chr5	142529799	142529917	ENSG00000231185.9	gene|regulatory|repeat|transcript	118
chr5	143557832	143557950	ENSG00000251205.3	gene|regulatory|repeat|transcript	118
chr5	159232181	159232299	ENSG00000253256.1|ENSG00000253315.1	gene|regulatory|repeat|transcript	118
chr5	125189463	125189581	ENSG00000260192.3	gene|regulatory|repeat|transcript	118
chr5	89313398	89313516	ENSG00000248309.9	gene|regulatory|repeat|transcript	118
chr5	10495115	10495232	ENSG00000249396.2	gene|regulatory|repeat|transcript	117
chr5	159341842	159341959	ENSG00000249738.10	gene|regulatory|repeat|transcript	117
chr5	173795011	173795128	ENSG00000254211.6	gene|regulatory|repeat|transcript	117
chr5	38715926	38716043	ENSG00000249740.4	gene|regulatory|repeat|transcript	117
chr5	72648103	72648220	ENSG00000248371.5	gene|regulatory|repeat|transcript	117
chr5	88654612	88654729	ENSG00000245526.13	gene|regulatory|repeat|transcript	117
chr5	160479262	160479379	ENSG00000253522.6	gene|regulatory|repeat|transcript	117
chr5	61324444	61324561	ENSG00000288936.1	gene|regulatory|repeat|transcript	117
chr5	38753239	38753356	ENSG00000249740.4	gene|regulatory|repeat|transcript	117
chr5	1548179	1548296	ENSG00000251532.1	gene|regulatory|repeat|transcript	117
chr5	56466650	56466767	ENSG00000248727.6	gene|regulatory|repeat|transcript	117
chr5	56517264	56517381	ENSG00000225940.7	gene|regulatory|repeat|transcript	117
chr5	96817814	96817931	ENSG00000247121.8	gene|regulatory|repeat|transcript	117
chr5	104302177	104302294	ENSG00000251026.2	gene|regulatory|repeat|transcript	117
chr5	10494988	10495105	ENSG00000249396.2	gene|regulatory|repeat|transcript	117
chr5	124104550	124104667	ENSG00000253807.6	gene|regulatory|repeat|transcript	117
chr5	121183066	121183183	ENSG00000229855.9	gene|regulatory|repeat|transcript	117
chr5	142392180	142392297	ENSG00000231185.9	gene|regulatory|repeat|transcript	117
chr5	38830646	38830763	ENSG00000249740.4	gene|regulatory|repeat|transcript	117
chr5	150477091	150477208	ENSG00000254333.1	gene|regulatory|repeat|transcript	117
chr5	142362778	142362895	ENSG00000231185.9	gene|regulatory|repeat|transcript	117
chr5	103534114	103534231	ENSG00000248757.2	gene|regulatory|repeat|transcript	117
chr5	163382067	163382184	ENSG00000254186.3	gene|regulatory|repeat|transcript	117
chr5	74332058	74332175	ENSG00000248673.2|ENSG00000249343.3|ENSG00000250446.1	gene|regulatory|repeat|transcript	117
chr5	37847998	37848115	ENSG00000248587.8	gene|regulatory|repeat|transcript	117
chr5	92199368	92199485	ENSG00000250049.7	gene|regulatory|repeat|transcript	117
chr5	126763452	126763568	ENSG00000251072.2	gene|regulatory|repeat|transcript	116
chr5	142437548	142437664	ENSG00000231185.9	gene|regulatory|repeat|transcript	116
chr5	143508097	143508213	ENSG00000249429.1	gene|regulatory|repeat|transcript	116
chr5	163409076	163409192	ENSG00000254186.3	gene|regulatory|repeat|transcript	116
chr5	96921105	96921221	ENSG00000247121.8	gene|regulatory|repeat|transcript	116
chr5	89034654	89034770	ENSG00000248309.9	gene|regulatory|repeat|transcript	116
chr5	148162737	148162853	ENSG00000247199.6	gene|regulatory|repeat|transcript	116
chr5	117777155	117777271	ENSG00000249797.2	gene|regulatory|repeat|transcript	116
chr5	165397641	165397757	ENSG00000253693.1	gene|regulatory|repeat|transcript	116
chr5	130871313	130871429	ENSG00000287390.1	gene|regulatory|repeat|transcript	116
chr5	174455114	174455230	ENSG00000249306.7	gene|regulatory|repeat|transcript	116
chr5	88378109	88378225	ENSG00000247828.10	gene|regulatory|repeat|transcript	116
chr5	152190435	152190551	ENSG00000254226.6	gene|regulatory|repeat|transcript	116
chr5	31153538	31153654	ENSG00000254138.1|ENSG00000289601.1	gene|regulatory|repeat|transcript	116
chr5	105392644	105392760	ENSG00000251574.8	gene|regulatory|repeat|transcript	116
chr5	141764701	141764817	ENSG00000286736.1	gene|regulatory|repeat|transcript	116
chr5	164430035	164430151	ENSG00000241956.11	gene|regulatory|repeat|transcript	116
chr5	57530101	57530216	ENSG00000250961.2	gene|regulatory|repeat|transcript	115
chr5	1578217	1578332	ENSG00000185986.14|ENSG00000291055.1	gene|regulatory|repeat|transcript	115
chr5	151721267	151721382	ENSG00000249035.7	gene|regulatory|repeat|transcript	115
chr5	164651946	164652061	ENSG00000241956.11	gene|regulatory|repeat|transcript	115
chr5	160473209	160473324	ENSG00000253522.6	gene|regulatory|repeat|transcript	115
chr5	12935869	12935984	ENSG00000248457.1	gene|regulatory|repeat|transcript	115
chr5	143494252	143494367	ENSG00000249429.1	gene|regulatory|repeat|transcript	115
chr5	178080747	178080862	ENSG00000204677.13	gene|regulatory|repeat|transcript	115
chr5	152480974	152481089	ENSG00000286749.1	gene|regulatory|repeat|transcript	115
chr5	125189661	125189776	ENSG00000260192.3	gene|regulatory|repeat|transcript	115
chr5	124912571	124912686	ENSG00000260192.3	gene|regulatory|repeat|transcript	115
chr5	6873526	6873641	ENSG00000250060.2|ENSG00000250974.4	gene|regulatory|repeat|transcript	115
chr5	74925765	74925880	ENSG00000249856.1	gene|regulatory|repeat|transcript	115
chr5	67897024	67897139	ENSG00000250421.5	gene|regulatory|repeat|transcript	115
chr5	130765010	130765125	ENSG00000287390.1	gene|regulatory|repeat|transcript	115
chr5	140592153	140592268	ENSG00000283602.2|ENSG00000293441.1	gene|regulatory|repeat|transcript	115
chr5	143711534	143711649	ENSG00000249881.1	gene|regulatory|repeat|transcript	115
chr5	38103854	38103969	ENSG00000248461.3	gene|regulatory|repeat|transcript	115
chr5	149416403	149416518	ENSG00000249669.12	gene|regulatory|repeat|transcript	115
chr5	148165349	148165464	ENSG00000247199.6	gene|regulatory|repeat|transcript	115
chr5	142476114	142476229	ENSG00000231185.9	gene|regulatory|repeat|transcript	115
chr5	157265656	157265770	ENSG00000253653.1	gene|regulatory|repeat|transcript	114
chr5	158505676	158505790	ENSG00000254135.3	gene|regulatory|repeat|transcript	114
chr5	135054849	135054963	ENSG00000224186.8	gene|regulatory|repeat|transcript	114
chr5	82335876	82335990	ENSG00000293465.1	gene|regulatory|repeat|transcript	114
chr5	10336261	10336375	ENSG00000259802.3	gene|regulatory|repeat|transcript	114
chr5	172554161	172554275	ENSG00000254299.3	gene|regulatory|repeat|transcript	114
chr5	143692475	143692589	ENSG00000249881.1	gene|regulatory|repeat|transcript	114
chr5	148261368	148261482	ENSG00000247199.6	gene|regulatory|repeat|transcript	114
chr5	111998350	111998464	ENSG00000250095.5	gene|regulatory|repeat|transcript	114
chr5	96288682	96288796	ENSG00000251314.2	gene|regulatory|repeat|transcript	114
chr5	72102078	72102192	ENSG00000285804.2	gene|regulatory|repeat|transcript	114
chr5	118512320	118512434	ENSG00000250891.3	gene|regulatory|repeat|transcript	114
chr5	174421274	174421388	ENSG00000249306.7	gene|regulatory|repeat|transcript	114
chr5	163310153	163310267	ENSG00000254186.3	gene|regulatory|repeat|transcript	114
chr5	89313264	89313378	ENSG00000248309.9	gene|regulatory|repeat|transcript	114
chr5	152461722	152461836	ENSG00000286749.1	gene|regulatory|repeat|transcript	114
chr5	54357547	54357660	ENSG00000249069.8	gene|regulatory|repeat|transcript	113
chr5	149415359	149415472	ENSG00000249669.12	gene|regulatory|repeat|transcript	113
chr5	160477445	160477558	ENSG00000253522.6	gene|regulatory|repeat|transcript	113
chr5	149072586	149072699	ENSG00000250072.8	gene|regulatory|repeat|transcript	113
chr5	125125100	125125213	ENSG00000260192.3	gene|regulatory|repeat|transcript	113
chr5	87099645	87099758	ENSG00000233828.5|ENSG00000249061.1	gene|regulatory|repeat|transcript	113
chr5	127978974	127979087	ENSG00000245937.10	gene|regulatory|repeat|transcript	113
chr5	91226330	91226443	ENSG00000248323.8	gene|regulatory|repeat|transcript	113
chr5	67733930	67734043	ENSG00000249364.7|ENSG00000250421.5	gene|regulatory|repeat|transcript	113
chr5	174922926	174923039	ENSG00000204754.3	gene|regulatory|repeat|transcript	113
chr5	173741816	173741929	ENSG00000253686.2	gene|regulatory|repeat|transcript	113
chr5	57718361	57718474	ENSG00000287709.3	gene|regulatory|repeat|transcript	113
chr5	74386739	74386852	ENSG00000248673.2	gene|regulatory|repeat|transcript	113
chr5	111565144	111565257	ENSG00000246859.3	gene|regulatory|repeat|transcript	113
chr5	151696203	151696316	ENSG00000249035.7	gene|regulatory|repeat|transcript	113
chr5	179455824	179455937	ENSG00000250674.1	gene|regulatory|repeat|transcript	113
chr5	57575928	57576040	ENSG00000249436.2	gene|regulatory|repeat|transcript	112
chr5	143782881	143782993	ENSG00000249881.1	gene|regulatory|repeat|transcript	112
chr5	73265608	73265720	ENSG00000249743.8	gene|regulatory|repeat|transcript	112
chr5	124932765	124932877	ENSG00000260192.3	gene|regulatory|repeat|transcript	112
chr5	142379705	142379817	ENSG00000231185.9	gene|regulatory|repeat|transcript	112
chr5	102712008	102712120	ENSG00000286338.1	gene|regulatory|repeat|transcript	112
chr5	142433209	142433321	ENSG00000231185.9	gene|regulatory|repeat|transcript	112
chr5	142428072	142428184	ENSG00000231185.9	gene|regulatory|repeat|transcript	112
chr5	74166255	74166367	ENSG00000248673.2	gene|regulatory|repeat|transcript	112
chr5	135132476	135132588	ENSG00000224186.8|ENSG00000248753.1	gene|regulatory|repeat|transcript	112
chr5	96333337	96333449	ENSG00000251314.2	gene|regulatory|repeat|transcript	112
chr5	142451297	142451409	ENSG00000231185.9	gene|regulatory|repeat|transcript	112
chr5	106863515	106863627	ENSG00000251027.2	gene|regulatory|repeat|transcript	112
chr5	87099523	87099635	ENSG00000233828.5|ENSG00000249061.1	gene|regulatory|repeat|transcript	112
chr5	10511874	10511986	ENSG00000249160.4	gene|regulatory|repeat|transcript	112
chr5	27241824	27241936	ENSG00000250337.10	gene|regulatory|repeat|transcript	112
chr5	139693793	139693905	ENSG00000249526.1	gene|regulatory|repeat|transcript	112
chr5	25095431	25095543	ENSG00000251273.4	gene|regulatory|repeat|transcript	112
chr5	137833688	137833800	ENSG00000250159.7	gene|regulatory|repeat|transcript	112
chr5	95987167	95987279	ENSG00000251314.2	gene|regulatory|repeat|transcript	112
chr5	4613474	4613586	ENSG00000248973.3	gene|regulatory|repeat|transcript	112
chr5	90231743	90231855	ENSG00000248555.7	gene|regulatory|repeat|transcript	112
chr5	53119081	53119192	ENSG00000247796.3	gene|regulatory|repeat|transcript	111
chr5	40485688	40485799	ENSG00000285552.1|ENSG00000285616.1	gene|regulatory|repeat|transcript	111
chr5	66380015	66380126	ENSG00000251391.5|ENSG00000286062.2	gene|regulatory|repeat|transcript	111
chr5	173736483	173736594	ENSG00000253686.2	gene|regulatory|repeat|transcript	111
chr5	158436469	158436580	ENSG00000254350.1	gene|regulatory|repeat|transcript	111
chr5	159218582	159218693	ENSG00000253256.1	gene|regulatory|repeat|transcript	111
chr5	68431645	68431756	ENSG00000248884.2	gene|regulatory|repeat|transcript	111
chr5	1963047	1963158	ENSG00000248994.2	gene|regulatory|repeat|transcript	111
chr5	58545980	58546091	ENSG00000250127.1	gene|regulatory|repeat|transcript	111
chr5	149344958	149345069	ENSG00000285736.1	gene|regulatory|repeat|transcript	111
chr5	96142940	96143051	ENSG00000250551.1|ENSG00000251314.2	gene|regulatory|repeat|transcript	111
chr5	6942744	6942855	ENSG00000250974.4	gene|regulatory|repeat|transcript	111
chr5	142727200	142727311	ENSG00000236714.3	gene|regulatory|repeat|transcript	111
chr5	27402911	27403022	ENSG00000250337.10	gene|regulatory|repeat|transcript	111
chr5	142366858	142366968	ENSG00000231185.9	gene|regulatory|repeat|transcript	110
chr5	91478300	91478410	ENSG00000281357.5	gene|regulatory|repeat|transcript	110
chr5	74394760	74394870	ENSG00000248673.2	gene|regulatory|repeat|transcript	110
chr5	24065995	24066105	ENSG00000248874.5	gene|regulatory|repeat|transcript	110
chr5	75021894	75022004	ENSG00000249856.1	gene|regulatory|repeat|transcript	110
chr5	96473096	96473206	ENSG00000251314.2	gene|regulatory|repeat|transcript	110
chr5	15254624	15254734	ENSG00000249332.2	gene|regulatory|repeat|transcript	110
chr5	172553980	172554090	ENSG00000254299.3	gene|regulatory|repeat|transcript	110
chr5	158550843	158550953	ENSG00000254135.3	gene|regulatory|repeat|transcript	110
chr5	96148506	96148616	ENSG00000250551.1|ENSG00000251314.2	gene|regulatory|repeat|transcript	110
chr5	117455454	117455564	ENSG00000248663.7	gene|regulatory|repeat|transcript	110
chr5	163350640	163350750	ENSG00000254186.3	gene|regulatory|repeat|transcript	110
chr5	142392061	142392171	ENSG00000231185.9	gene|regulatory|repeat|transcript	110
chr5	68740406	68740516	ENSG00000250237.3	gene|regulatory|repeat|transcript	110
chr5	145443646	145443756	ENSG00000248125.2	gene|regulatory|repeat|transcript	110
chr5	135103841	135103951	ENSG00000224186.8	gene|regulatory|repeat|transcript	110
chr5	57735768	57735878	ENSG00000287709.3	gene|regulatory|repeat|transcript	110
chr5	150485064	150485174	ENSG00000254333.1	gene|regulatory|repeat|transcript	110
chr5	54678810	54678920	ENSG00000287367.2	gene|regulatory|repeat|transcript	110
chr5	103532508	103532618	ENSG00000248757.2	gene|regulatory|repeat|transcript	110
chr5	66354485	66354595	ENSG00000251391.5|ENSG00000286062.2	gene|regulatory|repeat|transcript	110
chr5	143824930	143825039	ENSG00000249881.1	gene|regulatory|repeat|transcript	109
chr5	33229118	33229227	ENSG00000250697.2	gene|regulatory|repeat|transcript	109
chr5	141725946	141726055	ENSG00000286736.1	gene|regulatory|repeat|transcript	109
chr5	96036045	96036154	ENSG00000251314.2	gene|regulatory|repeat|transcript	109
chr5	88117232	88117341	ENSG00000287862.1	gene|regulatory|repeat|transcript	109
chr5	34256269	34256378	ENSG00000286543.1	gene|regulatory|repeat|transcript	109
chr5	86979965	86980074	ENSG00000249061.1	gene|regulatory|repeat|transcript	109
chr5	67413938	67414047	ENSG00000249364.7	gene|regulatory|repeat|transcript	109
chr5	86979855	86979964	ENSG00000249061.1	gene|regulatory|repeat|transcript	109
chr5	160479741	160479850	ENSG00000253522.6	gene|regulatory|repeat|transcript	109
chr5	173643272	173643381	ENSG00000253959.1	gene|regulatory|repeat|transcript	109
chr5	38669918	38670027	ENSG00000244968.7	gene|regulatory|repeat|transcript	109
chr5	8240879	8240988	ENSG00000288002.1	gene|regulatory|repeat|transcript	109
chr5	173761670	173761779	ENSG00000287003.1	gene|regulatory|repeat|transcript	109
chr5	1573199	1573308	ENSG00000185986.14|ENSG00000291055.1	gene|regulatory|repeat|transcript	109
chr5	173727836	173727945	ENSG00000253686.2	gene|regulatory|repeat|transcript	109
chr5	152607872	152607981	ENSG00000286749.1	gene|regulatory|repeat|transcript	109
chr5	93056237	93056346	ENSG00000251361.1	gene|regulatory|repeat|transcript	109
chr5	112006862	112006971	ENSG00000250095.5	gene|regulatory|repeat|transcript	109
chr5	126106284	126106392	ENSG00000248752.3	gene|regulatory|repeat|transcript	108
chr5	87231069	87231177	ENSG00000288569.1	gene|regulatory|repeat|transcript	108
chr5	164204782	164204890	ENSG00000253331.1	gene|regulatory|repeat|transcript	108
chr5	33118749	33118857	ENSG00000250697.2	gene|regulatory|repeat|transcript	108
chr5	67517085	67517193	ENSG00000249364.7	gene|regulatory|repeat|transcript	108
chr5	158489650	158489758	ENSG00000254135.3	gene|regulatory|repeat|transcript	108
chr5	25225920	25226028	ENSG00000245662.4|ENSG00000251654.2	gene|regulatory|repeat|transcript	108
chr5	116754826	116754934	ENSG00000251311.1	gene|regulatory|repeat|transcript	108
chr5	93048618	93048726	ENSG00000251361.1	gene|regulatory|repeat|transcript	108
chr5	38670256	38670364	ENSG00000244968.7	gene|regulatory|repeat|transcript	108
chr5	89080579	89080687	ENSG00000248309.9	gene|regulatory|repeat|transcript	108
chr5	8383785	8383893	ENSG00000245729.2	gene|regulatory|repeat|transcript	108
chr5	103523593	103523701	ENSG00000226926.8	gene|regulatory|repeat|transcript	108
chr5	38720759	38720867	ENSG00000249740.4	gene|regulatory|repeat|transcript	108
chr5	12624866	12624974	ENSG00000248131.6	gene|regulatory|repeat|transcript	108
chr5	34246025	34246133	ENSG00000286543.1	gene|regulatory|repeat|transcript	108
chr5	174383423	174383531	ENSG00000249306.7	gene|regulatory|repeat|transcript	108
chr5	37377287	37377395	ENSG00000250455.1	gene|regulatory|repeat|transcript	108
chr5	34245844	34245951	ENSG00000286543.1	gene|regulatory|repeat|transcript	107
chr5	159781182	159781289	ENSG00000249738.10|ENSG00000253311.3	gene|regulatory|repeat|transcript	107
chr5	38723865	38723972	ENSG00000249740.4	gene|regulatory|repeat|transcript	107
chr5	135265718	135265825	ENSG00000224186.8	gene|regulatory|repeat|transcript	107
chr5	67522161	67522268	ENSG00000249364.7	gene|regulatory|repeat|transcript	107
chr5	111999360	111999467	ENSG00000250095.5	gene|regulatory|repeat|transcript	107
chr5	74442640	74442747	ENSG00000248673.2	gene|regulatory|repeat|transcript	107
chr5	84412020	84412127	ENSG00000250320.7	gene|regulatory|repeat|transcript	107
chr5	174523682	174523789	ENSG00000249306.7	gene|regulatory|repeat|transcript	107
chr5	116577427	116577534	ENSG00000249167.2	gene|regulatory|repeat|transcript	107
chr5	61620810	61620917	ENSG00000178722.16	gene|regulatory|repeat|transcript	107
chr5	88681275	88681382	ENSG00000245526.13|ENSG00000245864.5	gene|regulatory|repeat|transcript	107
chr5	141724993	141725100	ENSG00000286736.1	gene|regulatory|repeat|transcript	107
chr5	125833763	125833870	ENSG00000248752.3	gene|regulatory|repeat|transcript	107
chr5	34180236	34180343	ENSG00000215158.10|ENSG00000290548.1	gene|regulatory|repeat|transcript	107
chr5	135141582	135141689	ENSG00000224186.8	gene|regulatory|repeat|transcript	107
chr5	163385962	163386069	ENSG00000254186.3	gene|regulatory|repeat|transcript	107
chr5	39977498	39977605	ENSG00000250048.2	gene|regulatory|repeat|transcript	107
chr5	102639035	102639142	ENSG00000250682.6	gene|regulatory|repeat|transcript	107
chr5	79547248	79547355	ENSG00000288846.1	gene|regulatory|repeat|transcript	107
chr5	16644484	16644591	ENSG00000246214.3	gene|regulatory|repeat|transcript	107
chr5	92313623	92313730	ENSG00000250049.7	gene|regulatory|repeat|transcript	107
chr5	87968850	87968957	ENSG00000287862.1	gene|regulatory|repeat|transcript	107
chr5	172757937	172758044	ENSG00000253295.2	gene|regulatory|repeat|transcript	107
chr5	56602866	56602973	ENSG00000225940.7	gene|regulatory|repeat|transcript	107
chr5	125277888	125277995	ENSG00000260192.3	gene|regulatory|repeat|transcript	107
chr5	4859661	4859768	ENSG00000248973.3	gene|regulatory|repeat|transcript	107
chr5	15139523	15139629	ENSG00000249332.2	gene|regulatory|repeat|transcript	106
chr5	91699965	91700071	ENSG00000286121.1	gene|regulatory|repeat|transcript	106
chr5	104543420	104543526	ENSG00000251574.8	gene|regulatory|repeat|transcript	106
chr5	82366012	82366118	ENSG00000293465.1	gene|regulatory|repeat|transcript	106
chr5	127967572	127967678	ENSG00000245937.10	gene|regulatory|repeat|transcript	106
chr5	87909724	87909830	ENSG00000287862.1	gene|regulatory|repeat|transcript	106
chr5	5025587	5025693	ENSG00000215231.8|ENSG00000250481.2	gene|regulatory|repeat|transcript	106
chr5	69485129	69485235	ENSG00000249295.1	gene|regulatory|repeat|transcript	106
chr5	142370684	142370790	ENSG00000231185.9	gene|regulatory|repeat|transcript	106
chr5	17833594	17833700	ENSG00000249937.9	gene|regulatory|repeat|transcript	106
chr5	33436167	33436273	ENSG00000249572.3	gene|regulatory|repeat|transcript	106
chr5	56908697	56908803	ENSG00000225230.1	gene|regulatory|repeat|transcript	106
chr5	152480868	152480974	ENSG00000286749.1	gene|regulatory|repeat|transcript	106
chr5	124972226	124972331	ENSG00000260192.3	gene|regulatory|repeat|transcript	105
chr5	125044532	125044637	ENSG00000260192.3	gene|regulatory|repeat|transcript	105
chr5	111574522	111574627	ENSG00000246859.3	gene|regulatory|repeat|transcript	105
chr5	173656366	173656471	ENSG00000253959.1	gene|regulatory|repeat|transcript	105
chr5	174383534	174383639	ENSG00000249306.7	gene|regulatory|repeat|transcript	105
chr5	74324301	74324406	ENSG00000248673.2|ENSG00000249343.3	gene|regulatory|repeat|transcript	105
chr5	40497647	40497752	ENSG00000285552.1	gene|regulatory|repeat|transcript	105
chr5	170327918	170328023	ENSG00000235172.9	gene|regulatory|repeat|transcript	105
chr5	74941000	74941105	ENSG00000249856.1	gene|regulatory|repeat|transcript	105
chr5	100499895	100500000	ENSG00000247877.8|ENSG00000249787.2	gene|regulatory|repeat|transcript	105
chr5	140349354	140349459	ENSG00000253965.3	gene|regulatory|repeat|transcript	105
chr5	55040101	55040206	ENSG00000240535.8	gene|regulatory|repeat|transcript	105
chr5	4571331	4571436	ENSG00000248973.3	gene|regulatory|repeat|transcript	105
chr5	103452340	103452445	ENSG00000226926.8|ENSG00000293393.1	gene|regulatory|repeat|transcript	105
chr5	61278065	61278170	ENSG00000249279.6	gene|regulatory|repeat|transcript	105
chr5	172758820	172758925	ENSG00000253295.2	gene|regulatory|repeat|transcript	105
chr5	4605519	4605624	ENSG00000248973.3	gene|regulatory|repeat|transcript	105
chr5	79843055	79843160	ENSG00000286818.2	gene|regulatory|repeat|transcript	105
chr5	129438607	129438712	ENSG00000249421.2	gene|regulatory|repeat|transcript	105
chr5	142446183	142446288	ENSG00000231185.9	gene|regulatory|repeat|transcript	105
chr5	125399905	125400010	ENSG00000248752.3|ENSG00000260192.3	gene|regulatory|repeat|transcript	105
chr5	132655513	132655618	ENSG00000223442.1	gene|regulatory|repeat|transcript	105
chr5	148383285	148383390	ENSG00000247199.6	gene|regulatory|repeat|transcript	105
chr5	132652232	132652337	ENSG00000223442.1	gene|regulatory|repeat|transcript	105
chr5	149063704	149063809	ENSG00000250072.8	gene|regulatory|repeat|transcript	105
chr5	7137160	7137265	ENSG00000250974.4	gene|regulatory|repeat|transcript	105
chr5	173794150	173794254	ENSG00000254211.6	gene|regulatory|repeat|transcript	104
chr5	152066791	152066895	ENSG00000254226.6	gene|regulatory|repeat|transcript	104
chr5	159833079	159833183	ENSG00000253311.3	gene|regulatory|repeat|transcript	104
chr5	135327534	135327638	ENSG00000224186.8	gene|regulatory|repeat|transcript	104
chr5	56466535	56466639	ENSG00000248727.6	gene|regulatory|repeat|transcript	104
chr5	111530781	111530885	ENSG00000246859.3	gene|regulatory|repeat|transcript	104
chr5	133113403	133113507	ENSG00000251616.1	gene|regulatory|repeat|transcript	104
chr5	91438330	91438434	ENSG00000281357.5	gene|regulatory|repeat|transcript	104
chr5	91297430	91297534	ENSG00000248323.8	gene|regulatory|repeat|transcript	104
chr5	17879346	17879450	ENSG00000249937.9	gene|regulatory|repeat|transcript	104
chr5	40485271	40485375	ENSG00000285552.1|ENSG00000285616.1	gene|regulatory|repeat|transcript	104
chr5	145359663	145359767	ENSG00000250842.1	gene|regulatory|repeat|transcript	104
chr5	151707157	151707261	ENSG00000249035.7	gene|regulatory|repeat|transcript	104
chr5	79802363	79802467	ENSG00000250258.1	gene|regulatory|repeat|transcript	104
chr5	170312416	170312520	ENSG00000235172.9|ENSG00000250274.2	gene|regulatory|repeat|transcript	104
chr5	38830864	38830968	ENSG00000249740.4	gene|regulatory|repeat|transcript	104
chr5	96078504	96078608	ENSG00000250551.1|ENSG00000251314.2	gene|regulatory|repeat|transcript	104
chr5	122706029	122706133	ENSG00000251538.7	gene|regulatory|repeat|transcript	104
chr5	76713902	76714006	ENSG00000225407.3	gene|regulatory|repeat|transcript	104
chr5	96070962	96071066	ENSG00000250551.1|ENSG00000251314.2	gene|regulatory|repeat|transcript	104
chr5	114661089	114661193	ENSG00000246316.8	gene|regulatory|repeat|transcript	104
chr5	158407359	158407463	ENSG00000276778.1	gene|regulatory|repeat|transcript	104
chr5	172804726	172804829	ENSG00000290019.1	gene|regulatory|repeat|transcript	103
chr5	34256093	34256196	ENSG00000286543.1	gene|regulatory|repeat|transcript	103
chr5	91390295	91390398	ENSG00000281357.5	gene|regulatory|repeat|transcript	103
chr5	130837059	130837162	ENSG00000287390.1	gene|regulatory|repeat|transcript	103
chr5	5066695	5066798	ENSG00000215231.8	gene|regulatory|repeat|transcript	103
chr5	135275024	135275127	ENSG00000224186.8	gene|regulatory|repeat|transcript	103
chr5	72606654	72606757	ENSG00000248371.5	gene|regulatory|repeat|transcript	103
chr5	9766858	9766961	ENSG00000249781.7	gene|regulatory|repeat|transcript	103
chr5	61277961	61278064	ENSG00000249279.6	gene|regulatory|repeat|transcript	103
chr5	130759398	130759501	ENSG00000287390.1	gene|regulatory|repeat|transcript	103
chr5	172528496	172528599	ENSG00000287814.1	gene|regulatory|repeat|transcript	103
chr5	82363737	82363840	ENSG00000293465.1	gene|regulatory|repeat|transcript	103
chr5	112006752	112006855	ENSG00000250095.5	gene|regulatory|repeat|transcript	103
chr5	54722955	54723058	ENSG00000287367.2	gene|regulatory|repeat|transcript	103
chr5	97545094	97545197	ENSG00000250331.2	gene|regulatory|repeat|transcript	103
chr5	174972378	174972481	ENSG00000204754.3	gene|regulatory|repeat|transcript	103
chr5	121274385	121274488	ENSG00000229855.9	gene|regulatory|repeat|transcript	103
chr5	10481537	10481640	ENSG00000246016.2	gene|regulatory|repeat|transcript	103
chr5	135084941	135085044	ENSG00000224186.8	gene|regulatory|repeat|transcript	103
chr5	152439499	152439601	ENSG00000286749.1	gene|regulatory|repeat|transcript	102
chr5	125588894	125588996	ENSG00000248752.3|ENSG00000260192.3|ENSG00000286111.1	gene|regulatory|repeat|transcript	102
chr5	73257141	73257243	ENSG00000249743.8	gene|regulatory|repeat|transcript	102
chr5	91478186	91478288	ENSG00000281357.5	gene|regulatory|repeat|transcript	102
chr5	124941051	124941153	ENSG00000260192.3	gene|regulatory|repeat|transcript	102
chr5	172775681	172775783	ENSG00000253736.5	gene|regulatory|repeat|transcript	102
chr5	124919303	124919405	ENSG00000260192.3	gene|regulatory|repeat|transcript	102
chr5	124927535	124927637	ENSG00000260192.3	gene|regulatory|repeat|transcript	102
chr5	159335841	159335943	ENSG00000249738.10	gene|regulatory|repeat|transcript	102
chr5	152125737	152125839	ENSG00000254226.6	gene|regulatory|repeat|transcript	102
chr5	143634860	143634962	ENSG00000249881.1	gene|regulatory|repeat|transcript	102
chr5	109318590	109318692	ENSG00000249476.2	gene|regulatory|repeat|transcript	102
chr5	26482154	26482256	ENSG00000286204.1	gene|regulatory|repeat|transcript	102
chr5	108386792	108386894	ENSG00000286503.1	gene|regulatory|repeat|transcript	102
chr5	142355989	142356091	ENSG00000231185.9	gene|regulatory|repeat|transcript	102
chr5	96197604	96197706	ENSG00000250551.1|ENSG00000251314.2	gene|regulatory|repeat|transcript	102
chr5	141744209	141744311	ENSG00000286736.1	gene|regulatory|repeat|transcript	102
chr5	173714496	173714597	ENSG00000253686.2	gene|regulatory|repeat|transcript	101
chr5	149417432	149417533	ENSG00000249669.12	gene|regulatory|repeat|transcript	101
chr5	172533191	172533292	ENSG00000287814.1	gene|regulatory|repeat|transcript	101
chr5	54719965	54720066	ENSG00000287367.2	gene|regulatory|repeat|transcript	101
chr5	54398419	54398520	ENSG00000249069.8	gene|regulatory|repeat|transcript	101
chr5	36699133	36699234	ENSG00000250155.3	gene|regulatory|repeat|transcript	101
chr5	91795317	91795418	ENSG00000286121.1	gene|regulatory|repeat|transcript	101
chr5	104265562	104265663	ENSG00000251026.2	gene|regulatory|repeat|transcript	101
chr5	26482710	26482811	ENSG00000286204.1	gene|regulatory|repeat|transcript	101
chr5	56081576	56081677	ENSG00000249236.2	gene|regulatory|repeat|transcript	101
chr5	132354407	132354508	ENSG00000233006.8	gene|regulatory|repeat|transcript	101
chr5	172556516	172556617	ENSG00000254299.3	gene|regulatory|repeat|transcript	101
chr5	141884741	141884842	ENSG00000287726.1	gene|regulatory|repeat|transcript	101
chr5	74918393	74918494	ENSG00000249856.1	gene|regulatory|repeat|transcript	101
chr5	162543806	162543907	ENSG00000254186.3	gene|regulatory|repeat|transcript	101
chr5	38720913	38721014	ENSG00000249740.4	gene|regulatory|repeat|transcript	101
chr5	177941236	177941337	ENSG00000250101.1|ENSG00000291113.1	gene|regulatory|repeat|transcript	101
chr5	93433496	93433597	ENSG00000237187.9	gene|regulatory|repeat|transcript	101
chr5	39100820	39100921	ENSG00000286809.1	gene|regulatory|repeat|transcript	101
chr5	67897168	67897269	ENSG00000250421.5	gene|regulatory|repeat|transcript	101
chr5	6829437	6829538	ENSG00000251365.6	gene|regulatory|repeat|transcript	101
chr5	128019541	128019642	ENSG00000245937.10	gene|regulatory|repeat|transcript	101
chr5	103513810	103513911	ENSG00000226926.8	gene|regulatory|repeat|transcript	101
chr5	173654656	173654757	ENSG00000253959.1	gene|regulatory|repeat|transcript	101
chr5	151427523	151427623	ENSG00000253897.3|ENSG00000290991.1	gene|regulatory|repeat|transcript	100
chr5	17418200	17418300	ENSG00000248455.8	gene|regulatory|repeat|transcript	100
chr5	74951370	74951470	ENSG00000249856.1|ENSG00000289535.2	gene|regulatory|repeat|transcript	100
chr5	44808170	44808270	ENSG00000251141.6	gene|regulatory|repeat|transcript	100
chr5	126776014	126776114	ENSG00000251072.2	gene|regulatory|repeat|transcript	100
chr5	140589559	140589659	ENSG00000283155.1|ENSG00000283602.2|ENSG00000293441.1	gene|regulatory|repeat|transcript	100
chr5	61286674	61286774	ENSG00000249279.6	gene|regulatory|repeat|transcript	100
chr5	159508570	159508670	ENSG00000249738.10|ENSG00000283413.1	gene|regulatory|repeat|transcript	100
chr5	56588170	56588270	ENSG00000225940.7	gene|regulatory|repeat|transcript	100
chr5	149271050	149271150	ENSG00000248647.2|ENSG00000253406.1	gene|regulatory|repeat|transcript	100
chr5	137833469	137833569	ENSG00000250159.7	gene|regulatory|repeat|transcript	100
chr5	38830505	38830605	ENSG00000249740.4	gene|regulatory|repeat|transcript	100
chr5	149417879	149417979	ENSG00000249669.12	gene|regulatory|repeat|transcript	100
chr5	74401271	74401371	ENSG00000248673.2	gene|regulatory|repeat|transcript	100
chr5	124504805	124504905	ENSG00000248296.1|ENSG00000289458.2	gene|regulatory|repeat|transcript	100
chr5	124943713	124943813	ENSG00000260192.3	gene|regulatory|repeat|transcript	100
chr5	43585079	43585179	ENSG00000248092.8	gene|regulatory|repeat|transcript	100
chr5	143780411	143780511	ENSG00000249881.1	gene|regulatory|repeat|transcript	100
chr5	109247979	109248079	ENSG00000249476.2	gene|regulatory|repeat|transcript	100
chr5	104189385	104189485	ENSG00000251026.2	gene|regulatory|repeat|transcript	100
chr5	111518902	111519002	ENSG00000246859.3	gene|regulatory|repeat|transcript	100
chr5	176151399	176151499	ENSG00000248596.8|ENSG00000283559.3|ENSG00000289731.2|ENSG00000290935.1	gene|regulatory|repeat|transcript	100
chr5	151406308	151406407	ENSG00000253897.3|ENSG00000290991.1	gene|regulatory|repeat|transcript	99
chr5	98128939	98129038	ENSG00000248901.2	gene|regulatory|repeat|transcript	99
chr5	95841149	95841248	ENSG00000236882.9|ENSG00000251409.2	gene|regulatory|repeat|transcript	99
chr5	96255950	96256049	ENSG00000250158.1|ENSG00000251314.2	gene|regulatory|repeat|transcript	99
chr5	104543526	104543625	ENSG00000251574.8	gene|regulatory|repeat|transcript	99
chr5	26482611	26482710	ENSG00000286204.1	gene|regulatory|repeat|transcript	99
chr5	75335739	75335838	ENSG00000247372.2	gene|regulatory|repeat|transcript	99
chr5	56044743	56044842	ENSG00000249236.2	gene|regulatory|repeat|transcript	99
chr5	174827812	174827911	ENSG00000251670.1	gene|regulatory|repeat|transcript	99
chr5	56479996	56480095	ENSG00000248727.6	gene|regulatory|repeat|transcript	99
chr5	42912438	42912537	ENSG00000286271.3	gene|regulatory|repeat|transcript	99
chr5	139700528	139700627	ENSG00000249526.1	gene|regulatory|repeat|transcript	99
chr5	151178639	151178738	ENSG00000285420.1	gene|regulatory|repeat|transcript	99
chr5	44539268	44539367	ENSG00000249203.2	gene|regulatory|repeat|transcript	99
chr5	170752871	170752970	ENSG00000253348.1	gene|regulatory|repeat|transcript	99
chr5	87679415	87679514	ENSG00000248708.2|ENSG00000249362.3	gene|regulatory|repeat|transcript	99
chr5	129852999	129853098	ENSG00000251680.6	gene|regulatory|repeat|transcript	99
chr5	130705437	130705536	ENSG00000287390.1	gene|regulatory|repeat|transcript	99
chr5	142727101	142727200	ENSG00000236714.3	gene|regulatory|repeat|transcript	99
chr5	54363947	54364046	ENSG00000249069.8	gene|regulatory|repeat|transcript	99
chr5	165108863	165108962	ENSG00000241956.11	gene|regulatory|repeat|transcript	99
chr5	88610603	88610702	ENSG00000245526.13	gene|regulatory|repeat|transcript	99
chr5	124370649	124370747	ENSG00000253807.6	gene|regulatory|repeat|transcript	98
chr5	163340124	163340222	ENSG00000254186.3	gene|regulatory|repeat|transcript	98
chr5	173733948	173734046	ENSG00000253686.2	gene|regulatory|repeat|transcript	98
chr5	132647026	132647124	ENSG00000223442.1	gene|regulatory|repeat|transcript	98
chr5	67606419	67606517	ENSG00000249364.7	gene|regulatory|repeat|transcript	98
chr5	142523064	142523162	ENSG00000231185.9	gene|regulatory|repeat|transcript	98
chr5	174825824	174825922	ENSG00000251144.1|ENSG00000251670.1	gene|regulatory|repeat|transcript	98
chr5	174795430	174795528	ENSG00000251670.1	gene|regulatory|repeat|transcript	98
chr5	93055018	93055116	ENSG00000251361.1	gene|regulatory|repeat|transcript	98
chr5	26389153	26389251	ENSG00000249099.1	gene|regulatory|repeat|transcript	98
chr5	96036454	96036552	ENSG00000251314.2	gene|regulatory|repeat|transcript	98
chr5	20974568	20974666	ENSG00000286751.1	gene|regulatory|repeat|transcript	98
chr5	180292806	180292904	ENSG00000248367.2	gene|regulatory|repeat|transcript	98
chr5	130765188	130765286	ENSG00000287390.1	gene|regulatory|repeat|transcript	98
chr5	96146694	96146792	ENSG00000250551.1|ENSG00000251314.2	gene|regulatory|repeat|transcript	98
chr5	171734600	171734698	ENSG00000285914.1	gene|regulatory|repeat|transcript	98
chr5	91224513	91224611	ENSG00000248323.8	gene|regulatory|repeat|transcript	98
chr5	12616347	12616444	ENSG00000248131.6	gene|regulatory|repeat|transcript	97
chr5	173802358	173802455	ENSG00000254211.6	gene|regulatory|repeat|transcript	97
chr5	174454649	174454746	ENSG00000249306.7	gene|regulatory|repeat|transcript	97
chr5	104410165	104410262	ENSG00000251574.8	gene|regulatory|repeat|transcript	97
chr5	142366980	142367077	ENSG00000231185.9	gene|regulatory|repeat|transcript	97
chr5	163136107	163136204	ENSG00000254186.3	gene|regulatory|repeat|transcript	97
chr5	103506101	103506198	ENSG00000226926.8	gene|regulatory|repeat|transcript	97
chr5	29370512	29370609	ENSG00000248391.6	gene|regulatory|repeat|transcript	97
chr5	104574565	104574662	ENSG00000251574.8	gene|regulatory|repeat|transcript	97
chr5	56535508	56535605	ENSG00000225940.7	gene|regulatory|repeat|transcript	97
chr5	56544141	56544238	ENSG00000225940.7	gene|regulatory|repeat|transcript	97
chr5	91424803	91424900	ENSG00000281357.5	gene|regulatory|repeat|transcript	97
chr5	57404414	57404511	ENSG00000250961.2	gene|regulatory|repeat|transcript	97
chr5	82294036	82294133	ENSG00000293465.1	gene|regulatory|repeat|transcript	97
chr5	173721813	173721910	ENSG00000253686.2	gene|regulatory|repeat|transcript	97
chr5	54315291	54315388	ENSG00000249069.8	gene|regulatory|repeat|transcript	97
chr5	130672277	130672374	ENSG00000287390.1	gene|regulatory|repeat|transcript	97
chr5	124981823	124981920	ENSG00000260192.3	gene|regulatory|repeat|transcript	97
chr5	81269511	81269608	ENSG00000247572.9	gene|regulatory|repeat|transcript	97
chr5	142758419	142758516	ENSG00000236714.3	gene|regulatory|repeat|transcript	97
chr5	140172530	140172627	ENSG00000254363.6	gene|regulatory|repeat|transcript	97
chr5	149271432	149271529	ENSG00000248647.2|ENSG00000253406.1	gene|regulatory|repeat|transcript	97
chr5	159430887	159430984	ENSG00000249738.10	gene|regulatory|repeat|transcript	97
chr5	111091901	111091998	ENSG00000253613.2	gene|regulatory|repeat|transcript	97
chr5	68929163	68929259	ENSG00000249335.5	gene|regulatory|repeat|transcript	96
chr5	90222348	90222444	ENSG00000248555.7	gene|regulatory|repeat|transcript	96
chr5	95852135	95852231	ENSG00000236882.9|ENSG00000251409.2	gene|regulatory|repeat|transcript	96
chr5	170758740	170758836	ENSG00000253348.1	gene|regulatory|repeat|transcript	96
chr5	95970114	95970210	ENSG00000250955.1|ENSG00000251314.2	gene|regulatory|repeat|transcript	96
chr5	160446502	160446598	ENSG00000253522.6	gene|regulatory|repeat|transcript	96
chr5	10509194	10509290	ENSG00000249160.4	gene|regulatory|repeat|transcript	96
chr5	141070346	141070442	ENSG00000279047.4	gene|regulatory|repeat|transcript	96
chr5	119022935	119023031	ENSG00000249494.6	gene|regulatory|repeat|transcript	96
chr5	164148323	164148419	ENSG00000253331.1	gene|regulatory|repeat|transcript	96
chr5	16629143	16629239	ENSG00000246214.3	gene|regulatory|repeat|transcript	96
chr5	134443322	134443418	ENSG00000250564.2|ENSG00000250994.3	gene|regulatory|repeat|transcript	96
chr5	135311590	135311686	ENSG00000224186.8	gene|regulatory|repeat|transcript	96
chr5	172548701	172548797	ENSG00000254299.3	gene|regulatory|repeat|transcript	96
chr5	172548500	172548596	ENSG00000254299.3	gene|regulatory|repeat|transcript	96
chr5	174522774	174522870	ENSG00000249306.7	gene|regulatory|repeat|transcript	96
chr5	142419638	142419734	ENSG00000231185.9	gene|regulatory|repeat|transcript	96
chr5	146565912	146566008	ENSG00000250407.1	gene|regulatory|repeat|transcript	96
chr5	134484075	134484171	ENSG00000250994.3	gene|regulatory|repeat|transcript	96
chr5	172764575	172764671	ENSG00000253736.5	gene|regulatory|repeat|transcript	96
chr5	160476596	160476692	ENSG00000253522.6	gene|regulatory|repeat|transcript	96
chr5	56098201	56098297	ENSG00000249236.2	gene|regulatory|repeat|transcript	96
chr5	159850980	159851076	ENSG00000253311.3	gene|regulatory|repeat|transcript	96
chr5	61688014	61688109	ENSG00000178722.16|ENSG00000248529.5	gene|regulatory|repeat|transcript	95
chr5	8849470	8849565	ENSG00000250198.5	gene|regulatory|repeat|transcript	95
chr5	56022787	56022882	ENSG00000249236.2	gene|regulatory|repeat|transcript	95
chr5	91421460	91421555	ENSG00000281357.5	gene|regulatory|repeat|transcript	95
chr5	160472830	160472925	ENSG00000253522.6	gene|regulatory|repeat|transcript	95
chr5	35819767	35819862	ENSG00000248969.1	gene|regulatory|repeat|transcript	95
chr5	38718450	38718545	ENSG00000249740.4	gene|regulatory|repeat|transcript	95
chr5	127995654	127995749	ENSG00000245937.10	gene|regulatory|repeat|transcript	95
chr5	1943539	1943634	ENSG00000248994.2	gene|regulatory|repeat|transcript	95
chr5	96172675	96172770	ENSG00000250551.1|ENSG00000251314.2	gene|regulatory|repeat|transcript	95
chr5	104188779	104188874	ENSG00000251026.2	gene|regulatory|repeat|transcript	95
chr5	177871804	177871899	ENSG00000291113.1	gene|regulatory|repeat|transcript	95
chr5	91283384	91283479	ENSG00000248323.8	gene|regulatory|repeat|transcript	95
chr5	145176143	145176238	ENSG00000251031.2	gene|regulatory|repeat|transcript	95
chr5	67890096	67890191	ENSG00000250421.5	gene|regulatory|repeat|transcript	95
chr5	135099857	135099952	ENSG00000224186.8	gene|regulatory|repeat|transcript	95
chr5	178974337	178974432	ENSG00000254035.1	gene|regulatory|repeat|transcript	95
chr5	72752022	72752117	ENSG00000251613.4	gene|regulatory|repeat|transcript	95
chr5	178786459	178786554	ENSG00000250420.9|ENSG00000291019.1	gene|regulatory|repeat|transcript	95
chr5	168656469	168656564	ENSG00000254192.1	gene|regulatory|repeat|transcript	95
chr5	52983881	52983976	ENSG00000249899.6	gene|regulatory|repeat|transcript	95
chr5	151957602	151957697	ENSG00000254226.6	gene|regulatory|repeat|transcript	95
chr5	181263052	181263147	ENSG00000233937.9|ENSG00000248275.3	gene|regulatory|repeat|transcript	95
chr5	139742581	139742676	ENSG00000249131.2|ENSG00000249526.1	gene|regulatory|repeat|transcript	95
chr5	74343343	74343438	ENSG00000248673.2	gene|regulatory|repeat|transcript	95
chr5	1358436	1358531	ENSG00000250584.4	gene|regulatory|repeat|transcript	95
chr5	74235410	74235505	ENSG00000248673.2	gene|regulatory|repeat|transcript	95
chr5	143522852	143522947	ENSG00000249429.1	gene|regulatory|repeat|transcript	95
chr5	95848718	95848813	ENSG00000236882.9|ENSG00000251409.2	gene|regulatory|repeat|transcript	95
chr5	159516100	159516195	ENSG00000249738.10	gene|regulatory|repeat|transcript	95
chr5	61653877	61653971	ENSG00000178722.16	gene|regulatory|repeat|transcript	94
chr5	173644235	173644329	ENSG00000253959.1	gene|regulatory|repeat|transcript	94
chr5	157686925	157687019	ENSG00000290601.1	gene|regulatory|repeat|transcript	94
chr5	125667746	125667840	ENSG00000248752.3	gene|regulatory|repeat|transcript	94
chr5	98128491	98128585	ENSG00000248901.2	gene|regulatory|repeat|transcript	94
chr5	34213157	34213251	ENSG00000215158.10|ENSG00000290548.1	gene|regulatory|repeat|transcript	94
chr5	72697744	72697838	ENSG00000251613.4	gene|regulatory|repeat|transcript	94
chr5	40499620	40499714	ENSG00000285552.1	gene|regulatory|repeat|transcript	94
chr5	51456203	51456297	ENSG00000251125.1|ENSG00000288035.1	gene|regulatory|repeat|transcript	94
chr5	9837815	9837909	ENSG00000249781.7	gene|regulatory|repeat|transcript	94
chr5	176738807	176738901	ENSG00000251446.1	gene|regulatory|repeat|transcript	94
chr5	142400154	142400248	ENSG00000231185.9	gene|regulatory|repeat|transcript	94
chr5	1631095	1631189	ENSG00000188002.13|ENSG00000291079.1	gene|regulatory|repeat|transcript	94
chr5	152932725	152932819	ENSG00000249484.9	gene|regulatory|repeat|transcript	94
chr5	150428069	150428163	ENSG00000286331.1	gene|regulatory|repeat|transcript	94
chr5	56030017	56030111	ENSG00000249236.2	gene|regulatory|repeat|transcript	94
chr5	111617165	111617259	ENSG00000246859.3	gene|regulatory|repeat|transcript	94
chr5	112635964	112636058	ENSG00000250358.7	gene|regulatory|repeat|transcript	94
chr5	9831959	9832053	ENSG00000249781.7	gene|regulatory|repeat|transcript	94
chr5	165161536	165161630	ENSG00000241956.11	gene|regulatory|repeat|transcript	94
chr5	82975499	82975593	ENSG00000248400.2	gene|regulatory|repeat|transcript	94
chr5	158550430	158550524	ENSG00000254135.3	gene|regulatory|repeat|transcript	94
chr5	82374416	82374510	ENSG00000293465.1	gene|regulatory|repeat|transcript	94
chr5	97192768	97192862	ENSG00000248758.1|ENSG00000251513.2|ENSG00000286828.1	gene|regulatory|repeat|transcript	94
chr5	91277102	91277196	ENSG00000248323.8	gene|regulatory|repeat|transcript	94
chr5	38135527	38135621	ENSG00000248461.3	gene|regulatory|repeat|transcript	94
chr5	38662870	38662964	ENSG00000244968.7	gene|regulatory|repeat|transcript	94
chr5	160484683	160484777	ENSG00000253522.6	gene|regulatory|repeat|transcript	94
chr5	178078695	178078789	ENSG00000204677.13	gene|regulatory|repeat|transcript	94
chr5	2001538	2001632	ENSG00000248994.2	gene|regulatory|repeat|transcript	94
chr5	6788720	6788814	ENSG00000251365.6	gene|regulatory|repeat|transcript	94
chr5	74517349	74517442	ENSG00000248673.2	gene|regulatory|repeat|transcript	93
chr5	68891946	68892039	ENSG00000249335.5	gene|regulatory|repeat|transcript	93
chr5	176144671	176144764	ENSG00000248596.8|ENSG00000289731.2|ENSG00000290935.1	gene|regulatory|repeat|transcript	93
chr5	91313231	91313324	ENSG00000248323.8	gene|regulatory|repeat|transcript	93
chr5	93503987	93504080	ENSG00000237187.9	gene|regulatory|repeat|transcript	93
chr5	17771713	17771806	ENSG00000249937.9	gene|regulatory|repeat|transcript	93
chr5	68740292	68740385	ENSG00000250237.3	gene|regulatory|repeat|transcript	93
chr5	159824952	159825045	ENSG00000253311.3	gene|regulatory|repeat|transcript	93
chr5	111083580	111083673	ENSG00000253613.2	gene|regulatory|repeat|transcript	93
chr5	67610435	67610528	ENSG00000249364.7	gene|regulatory|repeat|transcript	93
chr5	118326217	118326310	ENSG00000250891.3	gene|regulatory|repeat|transcript	93
chr5	28633889	28633982	ENSG00000250453.2|ENSG00000286432.1	gene|regulatory|repeat|transcript	93
chr5	96012444	96012537	ENSG00000251314.2	gene|regulatory|repeat|transcript	93
chr5	38765901	38765994	ENSG00000249740.4	gene|regulatory|repeat|transcript	93
chr5	74099021	74099114	ENSG00000248474.1	gene|regulatory|repeat|transcript	93
chr5	17813262	17813354	ENSG00000249937.9	gene|regulatory|repeat|transcript	92
chr5	100423634	100423726	ENSG00000249787.2	gene|regulatory|repeat|transcript	92
chr5	109282199	109282291	ENSG00000249476.2	gene|regulatory|repeat|transcript	92
chr5	128081577	128081669	ENSG00000245937.10	gene|regulatory|repeat|transcript	92
chr5	147210088	147210180	ENSG00000250343.1	gene|regulatory|repeat|transcript	92
chr5	74968927	74969019	ENSG00000249856.1|ENSG00000289535.2	gene|regulatory|repeat|transcript	92
chr5	163096267	163096359	ENSG00000254186.3	gene|regulatory|repeat|transcript	92
chr5	174431703	174431795	ENSG00000249306.7	gene|regulatory|repeat|transcript	92
chr5	112006997	112007089	ENSG00000250095.5	gene|regulatory|repeat|transcript	92
chr5	84437664	84437756	ENSG00000250320.7	gene|regulatory|repeat|transcript	92
chr5	68674031	68674123	ENSG00000250237.3	gene|regulatory|repeat|transcript	92
chr5	56098030	56098122	ENSG00000249236.2	gene|regulatory|repeat|transcript	92
chr5	146366927	146367019	ENSG00000250025.2	gene|regulatory|repeat|transcript	92
chr5	141763029	141763121	ENSG00000286736.1	gene|regulatory|repeat|transcript	92
chr5	141155816	141155908	ENSG00000272154.5|ENSG00000280029.4	gene|regulatory|repeat|transcript	92
chr5	124982254	124982346	ENSG00000260192.3	gene|regulatory|repeat|transcript	92
chr5	125232788	125232880	ENSG00000260192.3	gene|regulatory|repeat|transcript	92
chr5	150483506	150483598	ENSG00000254333.1	gene|regulatory|repeat|transcript	92
chr5	74970775	74970866	ENSG00000249856.1|ENSG00000289535.2	gene|regulatory|repeat|transcript	91
chr5	168658713	168658804	ENSG00000254192.1	gene|regulatory|repeat|transcript	91
chr5	56077885	56077976	ENSG00000249236.2	gene|regulatory|repeat|transcript	91
chr5	57741587	57741678	ENSG00000287709.3	gene|regulatory|repeat|transcript	91
chr5	4990048	4990139	ENSG00000215231.8|ENSG00000250481.2	gene|regulatory|repeat|transcript	91
chr5	160474282	160474373	ENSG00000253522.6	gene|regulatory|repeat|transcript	91
chr5	106876033	106876124	ENSG00000251027.2	gene|regulatory|repeat|transcript	91
chr5	179378434	179378525	ENSG00000253163.1|ENSG00000253979.1	gene|regulatory|repeat|transcript	91
chr5	43515612	43515703	ENSG00000248240.1|ENSG00000248554.1	gene|regulatory|repeat|transcript	91
chr5	125187069	125187160	ENSG00000260192.3	gene|regulatory|repeat|transcript	91
chr5	73137771	73137862	ENSG00000251599.1	gene|regulatory|repeat|transcript	91
chr5	124893237	124893328	ENSG00000260192.3	gene|regulatory|repeat|transcript	91
chr5	178078236	178078327	ENSG00000204677.13	gene|regulatory|repeat|transcript	91
chr5	172554943	172555034	ENSG00000254299.3	gene|regulatory|repeat|transcript	91
chr5	173793710	173793801	ENSG00000254211.6	gene|regulatory|repeat|transcript	91
chr5	88033548	88033639	ENSG00000287862.1	gene|regulatory|repeat|transcript	91
chr5	172763957	172764048	ENSG00000253736.5	gene|regulatory|repeat|transcript	91
chr5	152185032	152185123	ENSG00000254226.6	gene|regulatory|repeat|transcript	91
chr5	33072807	33072898	ENSG00000250697.2	gene|regulatory|repeat|transcript	91
chr5	142397293	142397384	ENSG00000231185.9	gene|regulatory|repeat|transcript	91
chr5	172549797	172549888	ENSG00000254299.3	gene|regulatory|repeat|transcript	91
chr5	126107582	126107673	ENSG00000248752.3	gene|regulatory|repeat|transcript	91
chr5	135207038	135207129	ENSG00000224186.8	gene|regulatory|repeat|transcript	91
chr5	118553493	118553584	ENSG00000250891.3	gene|regulatory|repeat|transcript	91
chr5	10510851	10510942	ENSG00000249160.4	gene|regulatory|repeat|transcript	91
chr5	29390023	29390114	ENSG00000248391.6	gene|regulatory|repeat|transcript	91
chr5	143634748	143634838	ENSG00000249881.1	gene|regulatory|repeat|transcript	90
chr5	53793446	53793536	ENSG00000250447.6	gene|regulatory|repeat|transcript	90
chr5	173745880	173745970	ENSG00000253686.2	gene|regulatory|repeat|transcript	90
chr5	9782107	9782197	ENSG00000249781.7	gene|regulatory|repeat|transcript	90
chr5	124452798	124452888	ENSG00000248600.2	gene|regulatory|repeat|transcript	90
chr5	9716905	9716995	ENSG00000249781.7	gene|regulatory|repeat|transcript	90
chr5	173762367	173762457	ENSG00000287003.1	gene|regulatory|repeat|transcript	90
chr5	153159738	153159828	ENSG00000249484.9	gene|regulatory|repeat|transcript	90
chr5	152188447	152188537	ENSG00000254226.6	gene|regulatory|repeat|transcript	90
chr5	145062307	145062397	ENSG00000251031.2	gene|regulatory|repeat|transcript	90
chr5	139742679	139742769	ENSG00000249131.2|ENSG00000249526.1	gene|regulatory|repeat|transcript	90
chr5	54361450	54361540	ENSG00000249069.8	gene|regulatory|repeat|transcript	90
chr5	81823449	81823539	ENSG00000287938.1	gene|regulatory|repeat|transcript	90
chr5	125311020	125311110	ENSG00000260192.3	gene|regulatory|repeat|transcript	90
chr5	81823320	81823410	ENSG00000287938.1	gene|regulatory|repeat|transcript	90
chr5	149430295	149430385	ENSG00000249669.12	gene|regulatory|repeat|transcript	90
chr5	178078796	178078886	ENSG00000204677.13	gene|regulatory|repeat|transcript	90
chr5	10351792	10351882	ENSG00000259802.3	gene|regulatory|repeat|transcript	90
chr5	10512026	10512115	ENSG00000249160.4	gene|regulatory|repeat|transcript	89
chr5	89071204	89071293	ENSG00000248309.9	gene|regulatory|repeat|transcript	89
chr5	16644395	16644484	ENSG00000246214.3	gene|regulatory|repeat|transcript	89
chr5	29126439	29126528	ENSG00000259786.7	gene|regulatory|repeat|transcript	89
chr5	159833302	159833391	ENSG00000253311.3	gene|regulatory|repeat|transcript	89
chr5	57692675	57692764	ENSG00000287709.3	gene|regulatory|repeat|transcript	89
chr5	103447062	103447151	ENSG00000226926.8|ENSG00000293393.1	gene|regulatory|repeat|transcript	89
chr5	134466222	134466311	ENSG00000250994.3	gene|regulatory|repeat|transcript	89
chr5	73135207	73135296	ENSG00000251599.1	gene|regulatory|repeat|transcript	89
chr5	160471555	160471644	ENSG00000253522.6	gene|regulatory|repeat|transcript	89
chr5	74397015	74397104	ENSG00000248673.2	gene|regulatory|repeat|transcript	89
chr5	90232000	90232089	ENSG00000248555.7	gene|regulatory|repeat|transcript	89
chr5	74493654	74493743	ENSG00000248673.2	gene|regulatory|repeat|transcript	89
chr5	178177578	178177667	ENSG00000289726.1	gene|regulatory|repeat|transcript	89
chr5	74186720	74186809	ENSG00000248673.2	gene|regulatory|repeat|transcript	89
chr5	173386031	173386120	ENSG00000253968.2	gene|regulatory|repeat|transcript	89
chr5	55237000	55237089	ENSG00000251307.1	gene|regulatory|repeat|transcript	89
chr5	91292104	91292193	ENSG00000248323.8	gene|regulatory|repeat|transcript	89
chr5	158505587	158505676	ENSG00000254135.3	gene|regulatory|repeat|transcript	89
chr5	97544365	97544454	ENSG00000250331.2	gene|regulatory|repeat|transcript	89
chr5	130692911	130693000	ENSG00000287390.1	gene|regulatory|repeat|transcript	89
chr5	30692608	30692697	ENSG00000287176.1	gene|regulatory|repeat|transcript	89
chr5	126063435	126063524	ENSG00000248752.3	gene|regulatory|repeat|transcript	89
chr5	57720833	57720922	ENSG00000287709.3	gene|regulatory|repeat|transcript	89
chr5	95844156	95844245	ENSG00000236882.9|ENSG00000251409.2	gene|regulatory|repeat|transcript	89
chr5	152557961	152558050	ENSG00000286749.1	gene|regulatory|repeat|transcript	89
chr5	9870224	9870313	ENSG00000249781.7|ENSG00000250814.3	gene|regulatory|repeat|transcript	89
chr5	147190432	147190521	ENSG00000250343.1	gene|regulatory|repeat|transcript	89
chr5	56081487	56081576	ENSG00000249236.2	gene|regulatory|repeat|transcript	89
chr5	134434231	134434319	ENSG00000250564.2	gene|regulatory|repeat|transcript	88
chr5	100479108	100479196	ENSG00000247877.8|ENSG00000249787.2	gene|regulatory|repeat|transcript	88
chr5	56022699	56022787	ENSG00000249236.2	gene|regulatory|repeat|transcript	88
chr5	52707690	52707778	ENSG00000248898.4	gene|regulatory|repeat|transcript	88
chr5	20972516	20972604	ENSG00000286751.1	gene|regulatory|repeat|transcript	88
chr5	87100029	87100117	ENSG00000233828.5|ENSG00000249061.1	gene|regulatory|repeat|transcript	88
chr5	89396104	89396192	ENSG00000248309.9	gene|regulatory|repeat|transcript	88
chr5	33439062	33439150	ENSG00000249572.3	gene|regulatory|repeat|transcript	88
chr5	96212831	96212919	ENSG00000250551.1|ENSG00000251314.2	gene|regulatory|repeat|transcript	88
chr5	38827520	38827608	ENSG00000249740.4	gene|regulatory|repeat|transcript	88
chr5	159457399	159457487	ENSG00000249738.10|ENSG00000253298.2	gene|regulatory|repeat|transcript	88
chr5	16180897	16180985	ENSG00000250448.1	gene|regulatory|repeat|transcript	88
chr5	163436971	163437059	ENSG00000254186.3	gene|regulatory|repeat|transcript	88
chr5	159416702	159416790	ENSG00000249738.10	gene|regulatory|repeat|transcript	88
chr5	54366920	54367008	ENSG00000249069.8	gene|regulatory|repeat|transcript	88
chr5	119032761	119032849	ENSG00000249494.6	gene|regulatory|repeat|transcript	88
chr5	74967368	74967456	ENSG00000249856.1|ENSG00000289535.2	gene|regulatory|repeat|transcript	88
chr5	7078988	7079076	ENSG00000250974.4	gene|regulatory|repeat|transcript	88
chr5	74925673	74925761	ENSG00000249856.1	gene|regulatory|repeat|transcript	88
chr5	116747854	116747942	ENSG00000251311.1	gene|regulatory|repeat|transcript	88
chr5	69032202	69032290	ENSG00000249335.5	gene|regulatory|repeat|transcript	88
chr5	157263627	157263715	ENSG00000253653.1	gene|regulatory|repeat|transcript	88
chr5	38660104	38660192	ENSG00000244968.7	gene|regulatory|repeat|transcript	88
chr5	124856935	124857023	ENSG00000260192.3	gene|regulatory|repeat|transcript	88
chr5	164753490	164753577	ENSG00000241956.11	gene|regulatory|repeat|transcript	87
chr5	174511542	174511629	ENSG00000249306.7	gene|regulatory|repeat|transcript	87
chr5	122705935	122706022	ENSG00000251538.7	gene|regulatory|repeat|transcript	87
chr5	124238392	124238479	ENSG00000253807.6	gene|regulatory|repeat|transcript	87
chr5	174457226	174457313	ENSG00000249306.7	gene|regulatory|repeat|transcript	87
chr5	142367198	142367285	ENSG00000231185.9	gene|regulatory|repeat|transcript	87
chr5	159560268	159560355	ENSG00000249738.10	gene|regulatory|repeat|transcript	87
chr5	53791394	53791481	ENSG00000250447.6	gene|regulatory|repeat|transcript	87
chr5	158383007	158383094	ENSG00000276778.1	gene|regulatory|repeat|transcript	87
chr5	122702367	122702454	ENSG00000251538.7	gene|regulatory|repeat|transcript	87
chr5	21459218	21459305	ENSG00000291102.1	gene|regulatory|repeat|transcript	87
chr5	102715710	102715797	ENSG00000286338.1	gene|regulatory|repeat|transcript	87
chr5	125202838	125202925	ENSG00000260192.3	gene|regulatory|repeat|transcript	87
chr5	96175363	96175450	ENSG00000250551.1|ENSG00000251314.2	gene|regulatory|repeat|transcript	87
chr5	124353260	124353347	ENSG00000253807.6	gene|regulatory|repeat|transcript	87
chr5	93581668	93581755	ENSG00000237187.9	gene|regulatory|repeat|transcript	87
chr5	136735487	136735574	ENSG00000250284.3	gene|regulatory|repeat|transcript	87
chr5	28834629	28834716	ENSG00000259786.7	gene|regulatory|repeat|transcript	87
chr5	52724553	52724640	ENSG00000248898.4	gene|regulatory|repeat|transcript	87
chr5	159851331	159851418	ENSG00000253311.3	gene|regulatory|repeat|transcript	87
chr5	151384165	151384251	ENSG00000253897.3|ENSG00000290991.1	gene|regulatory|repeat|transcript	86
chr5	51547490	51547576	ENSG00000288035.1	gene|regulatory|repeat|transcript	86
chr5	43592936	43593022	ENSG00000248092.8	gene|regulatory|repeat|transcript	86
chr5	135130682	135130768	ENSG00000224186.8|ENSG00000248482.1|ENSG00000248753.1	gene|regulatory|repeat|transcript	86
chr5	98129073	98129159	ENSG00000248901.2	gene|regulatory|repeat|transcript	86
chr5	67897593	67897679	ENSG00000250421.5	gene|regulatory|repeat|transcript	86
chr5	38726424	38726510	ENSG00000249740.4	gene|regulatory|repeat|transcript	86
chr5	74454839	74454925	ENSG00000248673.2	gene|regulatory|repeat|transcript	86
chr5	152523234	152523320	ENSG00000286749.1	gene|regulatory|repeat|transcript	86
chr5	1546672	1546758	ENSG00000251532.1	gene|regulatory|repeat|transcript	86
chr5	170761356	170761442	ENSG00000253348.1	gene|regulatory|repeat|transcript	86
chr5	142752069	142752155	ENSG00000236714.3	gene|regulatory|repeat|transcript	86
chr5	116826945	116827031	ENSG00000249150.2	gene|regulatory|repeat|transcript	86
chr5	91279507	91279593	ENSG00000248323.8	gene|regulatory|repeat|transcript	86
chr5	174622388	174622474	ENSG00000250256.1	gene|regulatory|repeat|transcript	86
chr5	72588216	72588302	ENSG00000248371.5	gene|regulatory|repeat|transcript	86
chr5	74412326	74412412	ENSG00000248673.2	gene|regulatory|repeat|transcript	86
chr5	66338317	66338403	ENSG00000251391.5	gene|regulatory|repeat|transcript	86
chr5	125338872	125338958	ENSG00000248752.3|ENSG00000260192.3	gene|regulatory|repeat|transcript	86
chr5	118554834	118554920	ENSG00000250891.3	gene|regulatory|repeat|transcript	86
chr5	117487814	117487900	ENSG00000248663.7	gene|regulatory|repeat|transcript	86
chr5	159227471	159227557	ENSG00000253256.1	gene|regulatory|repeat|transcript	86
chr5	89036198	89036284	ENSG00000248309.9	gene|regulatory|repeat|transcript	86
chr5	43592595	43592681	ENSG00000248092.8	gene|regulatory|repeat|transcript	86
chr5	154444623	154444709	ENSG00000245275.9	gene|regulatory|repeat|transcript	86
chr5	124285322	124285408	ENSG00000253807.6	gene|regulatory|repeat|transcript	86
chr5	116822658	116822744	ENSG00000249150.2	gene|regulatory|repeat|transcript	86
chr5	87229443	87229528	ENSG00000288569.1	gene|regulatory|repeat|transcript	85
chr5	147190544	147190629	ENSG00000250343.1	gene|regulatory|repeat|transcript	85
chr5	103487911	103487996	ENSG00000226926.8|ENSG00000293393.1	gene|regulatory|repeat|transcript	85
chr5	92559471	92559556	ENSG00000249776.5	gene|regulatory|repeat|transcript	85
chr5	92659332	92659417	ENSG00000249169.1|ENSG00000249776.5	gene|regulatory|repeat|transcript	85
chr5	15472394	15472479	ENSG00000286377.1	gene|regulatory|repeat|transcript	85
chr5	166136120	166136205	ENSG00000254171.1	gene|regulatory|repeat|transcript	85
chr5	56318128	56318213	ENSG00000249697.1	gene|regulatory|repeat|transcript	85
chr5	97148464	97148549	ENSG00000251513.2	gene|regulatory|repeat|transcript	85
chr5	162684308	162684393	ENSG00000254186.3	gene|regulatory|repeat|transcript	85
chr5	52761867	52761952	ENSG00000248898.4	gene|regulatory|repeat|transcript	85
chr5	18968991	18969076	ENSG00000249174.1	gene|regulatory|repeat|transcript	85
chr5	61915895	61915980	ENSG00000248199.2|ENSG00000289916.1	gene|regulatory|repeat|transcript	85
chr5	148179478	148179563	ENSG00000247199.6	gene|regulatory|repeat|transcript	85
chr5	10506012	10506097	ENSG00000249160.4	gene|regulatory|repeat|transcript	85
chr5	43601676	43601761	ENSG00000248092.8	gene|regulatory|repeat|transcript	85
chr5	57733176	57733260	ENSG00000287709.3	gene|regulatory|repeat|transcript	84
chr5	163354057	163354141	ENSG00000254186.3	gene|regulatory|repeat|transcript	84
chr5	136736102	136736186	ENSG00000250284.3	gene|regulatory|repeat|transcript	84
chr5	96260133	96260217	ENSG00000250158.1|ENSG00000251314.2	gene|regulatory|repeat|transcript	84
chr5	80620275	80620359	ENSG00000251221.1	gene|regulatory|repeat|transcript	84
chr5	125425173	125425257	ENSG00000248752.3|ENSG00000260192.3	gene|regulatory|repeat|transcript	84
chr5	61290890	61290974	ENSG00000249279.6	gene|regulatory|repeat|transcript	84
chr5	174523901	174523985	ENSG00000249306.7	gene|regulatory|repeat|transcript	84
chr5	34213264	34213348	ENSG00000215158.10|ENSG00000290548.1	gene|regulatory|repeat|transcript	84
chr5	53324119	53324203	ENSG00000285831.1	gene|regulatory|repeat|transcript	84
chr5	91469153	91469237	ENSG00000281357.5	gene|regulatory|repeat|transcript	84
chr5	165676816	165676900	ENSG00000253693.1	gene|regulatory|repeat|transcript	84
chr5	74493533	74493617	ENSG00000248673.2	gene|regulatory|repeat|transcript	84
chr5	173412102	173412186	ENSG00000253968.2	gene|regulatory|repeat|transcript	84
chr5	91279380	91279464	ENSG00000248323.8	gene|regulatory|repeat|transcript	84
chr5	10518074	10518158	ENSG00000249160.4	gene|regulatory|repeat|transcript	84
chr5	10513991	10514075	ENSG00000249160.4	gene|regulatory|repeat|transcript	84
chr5	139727857	139727941	ENSG00000249526.1	gene|regulatory|repeat|transcript	84
chr5	127948032	127948116	ENSG00000245937.10	gene|regulatory|repeat|transcript	84
chr5	97809060	97809144	ENSG00000286953.1	gene|regulatory|repeat|transcript	84
chr5	89071293	89071377	ENSG00000248309.9	gene|regulatory|repeat|transcript	84
chr5	170748153	170748236	ENSG00000253348.1	gene|regulatory|repeat|transcript	83
chr5	124403335	124403418	ENSG00000253807.6	gene|regulatory|repeat|transcript	83
chr5	74120626	74120709	ENSG00000248673.2	gene|regulatory|repeat|transcript	83
chr5	38726533	38726616	ENSG00000249740.4	gene|regulatory|repeat|transcript	83
chr5	181185296	181185379	ENSG00000248473.2	gene|regulatory|repeat|transcript	83
chr5	75321527	75321610	ENSG00000247372.2	gene|regulatory|repeat|transcript	83
chr5	43029783	43029866	ENSG00000177738.6	gene|regulatory|repeat|transcript	83
chr5	125175733	125175816	ENSG00000260192.3	gene|regulatory|repeat|transcript	83
chr5	66359129	66359212	ENSG00000251391.5|ENSG00000286062.2	gene|regulatory|repeat|transcript	83
chr5	173411394	173411477	ENSG00000253968.2	gene|regulatory|repeat|transcript	83
chr5	122727246	122727329	ENSG00000251538.7	gene|regulatory|repeat|transcript	83
chr5	52784821	52784904	ENSG00000248898.4	gene|regulatory|repeat|transcript	83
chr5	161921127	161921210	ENSG00000280776.2	gene|regulatory|repeat|transcript	83
chr5	27410258	27410341	ENSG00000248490.2|ENSG00000250337.10	gene|regulatory|repeat|transcript	83
chr5	180293035	180293118	ENSG00000248367.2	gene|regulatory|repeat|transcript	83
chr5	84481488	84481571	ENSG00000250320.7	gene|regulatory|repeat|transcript	83
chr5	69024339	69024422	ENSG00000249335.5|ENSG00000249352.4	gene|regulatory|repeat|transcript	83
chr5	74100163	74100246	ENSG00000248474.1	gene|regulatory|repeat|transcript	83
chr5	7387050	7387133	ENSG00000223597.3	gene|regulatory|repeat|transcript	83
chr5	158562053	158562136	ENSG00000254135.3	gene|regulatory|repeat|transcript	83
chr5	88136237	88136320	ENSG00000287862.1	gene|regulatory|repeat|transcript	83
chr5	122471477	122471560	ENSG00000250328.7	gene|regulatory|repeat|transcript	83
chr5	17406737	17406820	ENSG00000248455.8	gene|regulatory|repeat|transcript	83
chr5	159417436	159417519	ENSG00000249738.10	gene|regulatory|repeat|transcript	83
chr5	142720542	142720625	ENSG00000236714.3	gene|regulatory|repeat|transcript	83
chr5	118553942	118554025	ENSG00000250891.3	gene|regulatory|repeat|transcript	83
chr5	80957558	80957640	ENSG00000251450.2	gene|regulatory|repeat|transcript	82
chr5	159359239	159359321	ENSG00000249738.10	gene|regulatory|repeat|transcript	82
chr5	103454982	103455064	ENSG00000226926.8|ENSG00000293393.1	gene|regulatory|repeat|transcript	82
chr5	92837225	92837307	ENSG00000248588.2	gene|regulatory|repeat|transcript	82
chr5	44514986	44515068	ENSG00000249203.2	gene|regulatory|repeat|transcript	82
chr5	112521548	112521630	ENSG00000290027.1	gene|regulatory|repeat|transcript	82
chr5	150482824	150482906	ENSG00000254333.1	gene|regulatory|repeat|transcript	82
chr5	122727447	122727529	ENSG00000251538.7	gene|regulatory|repeat|transcript	82
chr5	121291887	121291969	ENSG00000229855.9	gene|regulatory|repeat|transcript	82
chr5	177444750	177444832	ENSG00000246334.3	gene|regulatory|repeat|transcript	82
chr5	56044985	56045067	ENSG00000249236.2	gene|regulatory|repeat|transcript	82
chr5	118326813	118326895	ENSG00000250891.3	gene|regulatory|repeat|transcript	82
chr5	54362504	54362586	ENSG00000249069.8	gene|regulatory|repeat|transcript	82
chr5	127960477	127960559	ENSG00000245937.10	gene|regulatory|repeat|transcript	82
chr5	72601166	72601248	ENSG00000248371.5	gene|regulatory|repeat|transcript	82
chr5	87103878	87103960	ENSG00000233828.5|ENSG00000249061.1	gene|regulatory|repeat|transcript	82
chr5	145360993	145361075	ENSG00000250842.1	gene|regulatory|repeat|transcript	82
chr5	143498751	143498833	ENSG00000249429.1	gene|regulatory|repeat|transcript	82
chr5	38831357	38831439	ENSG00000249740.4	gene|regulatory|repeat|transcript	82
chr5	84411825	84411907	ENSG00000250320.7	gene|regulatory|repeat|transcript	82
chr5	98108498	98108580	ENSG00000248901.2	gene|regulatory|repeat|transcript	82
chr5	149072135	149072217	ENSG00000250072.8	gene|regulatory|repeat|transcript	82
chr5	82317263	82317345	ENSG00000205464.14|ENSG00000293465.1	gene|regulatory|repeat|transcript	82
chr5	152214503	152214585	ENSG00000254226.6	gene|regulatory|repeat|transcript	82
chr5	152177894	152177976	ENSG00000254226.6	gene|regulatory|repeat|transcript	82
chr5	39896733	39896815	ENSG00000250048.2	gene|regulatory|repeat|transcript	82
chr5	154993686	154993768	ENSG00000253261.1	gene|regulatory|repeat|transcript	82
chr5	130707952	130708034	ENSG00000287390.1	gene|regulatory|repeat|transcript	82
chr5	116822573	116822654	ENSG00000249150.2	gene|regulatory|repeat|transcript	81
chr5	152462242	152462323	ENSG00000286749.1	gene|regulatory|repeat|transcript	81
chr5	96101587	96101668	ENSG00000250551.1|ENSG00000251314.2	gene|regulatory|repeat|transcript	81
chr5	57594642	57594723	ENSG00000249436.2	gene|regulatory|repeat|transcript	81
chr5	125015203	125015284	ENSG00000260192.3	gene|regulatory|repeat|transcript	81
chr5	124972998	124973079	ENSG00000260192.3	gene|regulatory|repeat|transcript	81
chr5	96316271	96316352	ENSG00000251314.2	gene|regulatory|repeat|transcript	81
chr5	119031066	119031147	ENSG00000249494.6	gene|regulatory|repeat|transcript	81
chr5	159682692	159682773	ENSG00000249738.10	gene|regulatory|repeat|transcript	81
chr5	158177361	158177442	ENSG00000253673.1	gene|regulatory|repeat|transcript	81
chr5	168656890	168656971	ENSG00000254192.1	gene|regulatory|repeat|transcript	81
chr5	38715802	38715883	ENSG00000249740.4	gene|regulatory|repeat|transcript	81
chr5	72747424	72747505	ENSG00000251613.4	gene|regulatory|repeat|transcript	81
chr5	124088772	124088853	ENSG00000253807.6	gene|regulatory|repeat|transcript	81
chr5	124453372	124453453	ENSG00000248600.2	gene|regulatory|repeat|transcript	81
chr5	96096965	96097046	ENSG00000250551.1|ENSG00000251314.2	gene|regulatory|repeat|transcript	81
chr5	107705846	107705927	ENSG00000249959.6	gene|regulatory|repeat|transcript	81
chr5	152924793	152924874	ENSG00000249484.9	gene|regulatory|repeat|transcript	81
chr5	40480124	40480205	ENSG00000285552.1|ENSG00000285616.1	gene|regulatory|repeat|transcript	81
chr5	127280605	127280686	ENSG00000286615.3	gene|regulatory|repeat|transcript	81
chr5	173698870	173698951	ENSG00000253428.1	gene|regulatory|repeat|transcript	81
chr5	136736186	136736267	ENSG00000250284.3	gene|regulatory|repeat|transcript	81
chr5	92337670	92337751	ENSG00000250049.7	gene|regulatory|repeat|transcript	81
chr5	135085439	135085520	ENSG00000224186.8	gene|regulatory|repeat|transcript	81
chr5	8418764	8418845	ENSG00000245729.2|ENSG00000249159.6	gene|regulatory|repeat|transcript	81
chr5	91707275	91707356	ENSG00000286121.1	gene|regulatory|repeat|transcript	81
chr5	160462226	160462307	ENSG00000253522.6	gene|regulatory|repeat|transcript	81
chr5	158389079	158389160	ENSG00000276778.1	gene|regulatory|repeat|transcript	81
chr5	104265702	104265783	ENSG00000251026.2	gene|regulatory|repeat|transcript	81
chr5	181210187	181210267	ENSG00000286644.1	gene|regulatory|repeat|transcript	80
chr5	38718279	38718359	ENSG00000249740.4	gene|regulatory|repeat|transcript	80
chr5	122694658	122694738	ENSG00000251538.7	gene|regulatory|repeat|transcript	80
chr5	67417247	67417327	ENSG00000249364.7	gene|regulatory|repeat|transcript	80
chr5	97808917	97808997	ENSG00000286953.1	gene|regulatory|repeat|transcript	80
chr5	9776801	9776881	ENSG00000249781.7	gene|regulatory|repeat|transcript	80
chr5	181187032	181187112	ENSG00000248473.2	gene|regulatory|repeat|transcript	80
chr5	172534417	172534497	ENSG00000287814.1	gene|regulatory|repeat|transcript	80
chr5	73406353	73406433	ENSG00000293193.1	gene|regulatory|repeat|transcript	80
chr5	72588302	72588382	ENSG00000248371.5	gene|regulatory|repeat|transcript	80
chr5	28903901	28903981	ENSG00000259786.7	gene|regulatory|repeat|transcript	80
chr5	96114315	96114395	ENSG00000250551.1|ENSG00000251314.2	gene|regulatory|repeat|transcript	80
chr5	52744074	52744154	ENSG00000248898.4	gene|regulatory|repeat|transcript	80
chr5	112630310	112630390	ENSG00000250358.7	gene|regulatory|repeat|transcript	80
chr5	174988275	174988355	ENSG00000204754.3	gene|regulatory|repeat|transcript	80
chr5	4540415	4540495	ENSG00000248973.3	gene|regulatory|repeat|transcript	80
chr5	163221847	163221927	ENSG00000254186.3	gene|regulatory|repeat|transcript	80
chr5	95857111	95857191	ENSG00000236882.9	gene|regulatory|repeat|transcript	80
chr5	152675906	152675986	ENSG00000249484.9|ENSG00000286749.1	gene|regulatory|repeat|transcript	80
chr5	163408309	163408389	ENSG00000254186.3	gene|regulatory|repeat|transcript	80
chr5	51493193	51493273	ENSG00000288035.1	gene|regulatory|repeat|transcript	80
chr5	96814310	96814390	ENSG00000247121.8	gene|regulatory|repeat|transcript	80
chr5	16625310	16625390	ENSG00000246214.3	gene|regulatory|repeat|transcript	80
chr5	96516862	96516942	ENSG00000251314.2	gene|regulatory|repeat|transcript	80
chr5	142523324	142523404	ENSG00000231185.9	gene|regulatory|repeat|transcript	80
chr5	128081079	128081159	ENSG00000245937.10	gene|regulatory|repeat|transcript	80
chr5	125747209	125747289	ENSG00000248752.3	gene|regulatory|repeat|transcript	80
chr5	76714226	76714306	ENSG00000225407.3	gene|regulatory|repeat|transcript	80
chr5	119030903	119030983	ENSG00000249494.6	gene|regulatory|repeat|transcript	80
chr5	7304607	7304686	ENSG00000205976.4|ENSG00000290510.1	gene|regulatory|repeat|transcript	79
chr5	67416809	67416888	ENSG00000249364.7	gene|regulatory|repeat|transcript	79
chr5	96150061	96150140	ENSG00000250551.1|ENSG00000251314.2	gene|regulatory|repeat|transcript	79
chr5	82313621	82313700	ENSG00000205464.14|ENSG00000293465.1	gene|regulatory|repeat|transcript	79
chr5	91231206	91231285	ENSG00000248323.8	gene|regulatory|repeat|transcript	79
chr5	173720730	173720809	ENSG00000253686.2	gene|regulatory|repeat|transcript	79
chr5	181187149	181187228	ENSG00000248473.2	gene|regulatory|repeat|transcript	79
chr5	152188294	152188373	ENSG00000254226.6	gene|regulatory|repeat|transcript	79
chr5	27220852	27220931	ENSG00000250337.10	gene|regulatory|repeat|transcript	79
chr5	159735141	159735220	ENSG00000249738.10|ENSG00000253311.3	gene|regulatory|repeat|transcript	79
chr5	10325778	10325857	ENSG00000259802.3	gene|regulatory|repeat|transcript	79
chr5	68649240	68649319	ENSG00000250237.3	gene|regulatory|repeat|transcript	79
chr5	82317012	82317091	ENSG00000205464.14|ENSG00000293465.1	gene|regulatory|repeat|transcript	79
chr5	137858481	137858560	ENSG00000250159.7	gene|regulatory|repeat|transcript	79
chr5	159826158	159826237	ENSG00000253311.3	gene|regulatory|repeat|transcript	79
chr5	149265863	149265942	ENSG00000248647.2|ENSG00000253406.1	gene|regulatory|repeat|transcript	79
chr5	24789809	24789888	ENSG00000286238.1	gene|regulatory|repeat|transcript	79
chr5	74953881	74953960	ENSG00000249856.1|ENSG00000289535.2	gene|regulatory|repeat|transcript	79
chr5	96293086	96293165	ENSG00000251314.2	gene|regulatory|repeat|transcript	79
chr5	135310624	135310703	ENSG00000224186.8	gene|regulatory|repeat|transcript	79
chr5	170328135	170328214	ENSG00000235172.9	gene|regulatory|repeat|transcript	79
chr5	10330367	10330446	ENSG00000259802.3	gene|regulatory|repeat|transcript	79
chr5	142367385	142367464	ENSG00000231185.9	gene|regulatory|repeat|transcript	79
chr5	53119439	53119518	ENSG00000247796.3	gene|regulatory|repeat|transcript	79
chr5	68683930	68684009	ENSG00000250237.3	gene|regulatory|repeat|transcript	79
chr5	133030289	133030367	ENSG00000287054.1	gene|regulatory|repeat|transcript	78
chr5	178786298	178786376	ENSG00000250420.9|ENSG00000291019.1	gene|regulatory|repeat|transcript	78
chr5	151717458	151717536	ENSG00000249035.7	gene|regulatory|repeat|transcript	78
chr5	152461633	152461711	ENSG00000286749.1	gene|regulatory|repeat|transcript	78
chr5	159735336	159735414	ENSG00000249738.10|ENSG00000253311.3	gene|regulatory|repeat|transcript	78
chr5	159773978	159774056	ENSG00000249738.10|ENSG00000253311.3	gene|regulatory|repeat|transcript	78
chr5	6829343	6829421	ENSG00000251365.6	gene|regulatory|repeat|transcript	78
chr5	60535981	60536059	ENSG00000152931.9	gene|regulatory|repeat|transcript	78
chr5	104363583	104363661	ENSG00000251026.2	gene|regulatory|repeat|transcript	78
chr5	173566920	173566998	ENSG00000253768.1	gene|regulatory|repeat|transcript	78
chr5	137862365	137862443	ENSG00000250159.7	gene|regulatory|repeat|transcript	78
chr5	17852380	17852458	ENSG00000249937.9	gene|regulatory|repeat|transcript	78
chr5	140712602	140712680	ENSG00000292256.1	gene|regulatory|repeat|transcript	78
chr5	74173299	74173377	ENSG00000248673.2	gene|regulatory|repeat|transcript	78
chr5	20678456	20678534	ENSG00000251629.7	gene|regulatory|repeat|transcript	78
chr5	91269482	91269560	ENSG00000248323.8	gene|regulatory|repeat|transcript	78
chr5	127942466	127942544	ENSG00000245937.10	gene|regulatory|repeat|transcript	78
chr5	118168643	118168721	ENSG00000249797.2|ENSG00000250891.3	gene|regulatory|repeat|transcript	78
chr5	30600919	30600997	ENSG00000287176.1	gene|regulatory|repeat|transcript	78
chr5	174413181	174413259	ENSG00000249306.7	gene|regulatory|repeat|transcript	78
chr5	74517565	74517643	ENSG00000248673.2	gene|regulatory|repeat|transcript	78
chr5	60534019	60534097	ENSG00000152931.9	gene|regulatory|repeat|transcript	78
chr5	37910025	37910103	ENSG00000248539.1|ENSG00000248587.8	gene|regulatory|repeat|transcript	78
chr5	143507975	143508053	ENSG00000249429.1	gene|regulatory|repeat|transcript	78
chr5	88678814	88678892	ENSG00000245526.13|ENSG00000245864.5	gene|regulatory|repeat|transcript	78
chr5	177671262	177671340	ENSG00000246596.8|ENSG00000290968.1	gene|regulatory|repeat|transcript	78
chr5	154442891	154442969	ENSG00000245275.9	gene|regulatory|repeat|transcript	78
chr5	124262016	124262094	ENSG00000253807.6	gene|regulatory|repeat|transcript	78
chr5	173731534	173731612	ENSG00000253686.2	gene|regulatory|repeat|transcript	78
chr5	111548664	111548742	ENSG00000246859.3	gene|regulatory|repeat|transcript	78
chr5	68954663	68954741	ENSG00000249335.5	gene|regulatory|repeat|transcript	78
chr5	139700842	139700920	ENSG00000249526.1	gene|regulatory|repeat|transcript	78
chr5	81823021	81823099	ENSG00000287938.1	gene|regulatory|repeat|transcript	78
chr5	143497554	143497632	ENSG00000249429.1	gene|regulatory|repeat|transcript	78
chr5	143498590	143498668	ENSG00000249429.1	gene|regulatory|repeat|transcript	78
chr5	125338794	125338872	ENSG00000248752.3|ENSG00000260192.3	gene|regulatory|repeat|transcript	78
chr5	142472768	142472845	ENSG00000231185.9	gene|regulatory|repeat|transcript	77
chr5	149072847	149072924	ENSG00000250072.8	gene|regulatory|repeat|transcript	77
chr5	91294625	91294702	ENSG00000248323.8	gene|regulatory|repeat|transcript	77
chr5	9821836	9821913	ENSG00000249781.7	gene|regulatory|repeat|transcript	77
chr5	40037767	40037844	ENSG00000250048.2	gene|regulatory|repeat|transcript	77
chr5	139700679	139700756	ENSG00000249526.1	gene|regulatory|repeat|transcript	77
chr5	91207505	91207582	ENSG00000248323.8	gene|regulatory|repeat|transcript	77
chr5	143659879	143659956	ENSG00000249881.1	gene|regulatory|repeat|transcript	77
chr5	91703204	91703281	ENSG00000286121.1	gene|regulatory|repeat|transcript	77
chr5	163005966	163006043	ENSG00000254186.3	gene|regulatory|repeat|transcript	77
chr5	155103525	155103602	ENSG00000287963.1	gene|regulatory|repeat|transcript	77
chr5	135256026	135256103	ENSG00000224186.8	gene|regulatory|repeat|transcript	77
chr5	162473057	162473134	ENSG00000254186.3	gene|regulatory|repeat|transcript	77
chr5	95846198	95846275	ENSG00000236882.9|ENSG00000251409.2	gene|regulatory|repeat|transcript	77
chr5	88594484	88594561	ENSG00000245526.13	gene|regulatory|repeat|transcript	77
chr5	149074396	149074473	ENSG00000250072.8	gene|regulatory|repeat|transcript	77
chr5	164580252	164580329	ENSG00000241956.11	gene|regulatory|repeat|transcript	77
chr5	18735404	18735481	ENSG00000248693.1	gene|regulatory|repeat|transcript	77
chr5	124927690	124927767	ENSG00000260192.3	gene|regulatory|repeat|transcript	77
chr5	92837365	92837442	ENSG00000248588.2	gene|regulatory|repeat|transcript	77
chr5	74453227	74453304	ENSG00000248673.2	gene|regulatory|repeat|transcript	77
chr5	56603089	56603166	ENSG00000225940.7	gene|regulatory|repeat|transcript	77
chr5	104611277	104611353	ENSG00000251574.8	gene|regulatory|repeat|transcript	76
chr5	91313501	91313577	ENSG00000248323.8	gene|regulatory|repeat|transcript	76
chr5	40487184	40487260	ENSG00000285552.1|ENSG00000285616.1	gene|regulatory|repeat|transcript	76
chr5	150479026	150479102	ENSG00000254333.1	gene|regulatory|repeat|transcript	76
chr5	96081334	96081410	ENSG00000250551.1|ENSG00000251314.2	gene|regulatory|repeat|transcript	76
chr5	172493946	172494022	ENSG00000287814.1	gene|regulatory|repeat|transcript	76
chr5	104385966	104386042	ENSG00000251026.2|ENSG00000251574.8	gene|regulatory|repeat|transcript	76
chr5	173473127	173473203	ENSG00000253141.2	gene|regulatory|repeat|transcript	76
chr5	95985455	95985531	ENSG00000250955.1|ENSG00000251314.2	gene|regulatory|repeat|transcript	76
chr5	57457492	57457568	ENSG00000250961.2	gene|regulatory|repeat|transcript	76
chr5	159230714	159230790	ENSG00000253256.1|ENSG00000253315.1	gene|regulatory|repeat|transcript	76
chr5	73199038	73199114	ENSG00000287090.1	gene|regulatory|repeat|transcript	76
chr5	159416447	159416523	ENSG00000249738.10	gene|regulatory|repeat|transcript	76
chr5	125262157	125262233	ENSG00000260192.3	gene|regulatory|repeat|transcript	76
chr5	181207754	181207830	ENSG00000286644.1	gene|regulatory|repeat|transcript	76
chr5	1936215	1936291	ENSG00000248994.2	gene|regulatory|repeat|transcript	76
chr5	149344330	149344406	ENSG00000285736.1	gene|regulatory|repeat|transcript	76
chr5	149429152	149429228	ENSG00000249669.12	gene|regulatory|repeat|transcript	76
chr5	92527352	92527428	ENSG00000249776.5	gene|regulatory|repeat|transcript	76
chr5	38800466	38800542	ENSG00000249740.4	gene|regulatory|repeat|transcript	76
chr5	125277545	125277621	ENSG00000260192.3	gene|regulatory|repeat|transcript	76
chr5	16410608	16410683	ENSG00000248150.1	gene|regulatory|repeat|transcript	75
chr5	135141933	135142008	ENSG00000224186.8	gene|regulatory|repeat|transcript	75
chr5	10513235	10513310	ENSG00000249160.4	gene|regulatory|repeat|transcript	75
chr5	149344870	149344945	ENSG00000285736.1	gene|regulatory|repeat|transcript	75
chr5	124936596	124936671	ENSG00000260192.3	gene|regulatory|repeat|transcript	75
chr5	95712082	95712157	ENSG00000250240.6	gene|regulatory|repeat|transcript	75
chr5	82316121	82316196	ENSG00000205464.14|ENSG00000293465.1	gene|regulatory|repeat|transcript	75
chr5	128020762	128020837	ENSG00000245937.10	gene|regulatory|repeat|transcript	75
chr5	142540923	142540998	ENSG00000231185.9	gene|regulatory|repeat|transcript	75
chr5	91187468	91187543	ENSG00000248323.8	gene|regulatory|repeat|transcript	75
chr5	24353335	24353410	ENSG00000250694.1	gene|regulatory|repeat|transcript	75
chr5	127217535	127217610	ENSG00000283897.2	gene|regulatory|repeat|transcript	75
chr5	104542766	104542841	ENSG00000251574.8	gene|regulatory|repeat|transcript	75
chr5	127275891	127275966	ENSG00000286615.3	gene|regulatory|repeat|transcript	75
chr5	158552239	158552314	ENSG00000254135.3	gene|regulatory|repeat|transcript	75
chr5	100479264	100479339	ENSG00000247877.8|ENSG00000249787.2	gene|regulatory|repeat|transcript	75
chr5	124253631	124253706	ENSG00000253807.6	gene|regulatory|repeat|transcript	75
chr5	1963183	1963258	ENSG00000248994.2	gene|regulatory|repeat|transcript	75
chr5	143589485	143589559	ENSG00000251205.3	gene|regulatory|repeat|transcript	74
chr5	38719995	38720069	ENSG00000249740.4	gene|regulatory|repeat|transcript	74
chr5	55073465	55073539	ENSG00000249454.1	gene|regulatory|repeat|transcript	74
chr5	8351648	8351722	ENSG00000245729.2|ENSG00000288002.1	gene|regulatory|repeat|transcript	74
chr5	159774558	159774632	ENSG00000249738.10|ENSG00000253311.3	gene|regulatory|repeat|transcript	74
chr5	166915768	166915842	ENSG00000254130.1	gene|regulatory|repeat|transcript	74
chr5	12661660	12661734	ENSG00000248131.6	gene|regulatory|repeat|transcript	74
chr5	43036501	43036575	ENSG00000177738.6	gene|regulatory|repeat|transcript	74
chr5	135310187	135310261	ENSG00000224186.8	gene|regulatory|repeat|transcript	74
chr5	95838061	95838135	ENSG00000251409.2	gene|regulatory|repeat|transcript	74
chr5	4977509	4977583	ENSG00000250481.2	gene|regulatory|repeat|transcript	74
chr5	74149454	74149528	ENSG00000248673.2	gene|regulatory|repeat|transcript	74
chr5	4817771	4817845	ENSG00000248973.3	gene|regulatory|repeat|transcript	74
chr5	117954466	117954540	ENSG00000249797.2	gene|regulatory|repeat|transcript	74
chr5	91795156	91795230	ENSG00000286121.1	gene|regulatory|repeat|transcript	74
chr5	72752297	72752371	ENSG00000251613.4	gene|regulatory|repeat|transcript	74
chr5	81818115	81818189	ENSG00000287938.1	gene|regulatory|repeat|transcript	74
chr5	98093877	98093951	ENSG00000248901.2	gene|regulatory|repeat|transcript	74
chr5	96030316	96030390	ENSG00000251314.2	gene|regulatory|repeat|transcript	74
chr5	153051023	153051097	ENSG00000249484.9	gene|regulatory|repeat|transcript	74
chr5	148146230	148146304	ENSG00000247199.6	gene|regulatory|repeat|transcript	74
chr5	151693722	151693796	ENSG00000249035.7	gene|regulatory|repeat|transcript	74
chr5	57440871	57440944	ENSG00000250961.2	gene|regulatory|repeat|transcript	73
chr5	126499927	126500000	ENSG00000250602.6	gene|regulatory|repeat|transcript	73
chr5	91500162	91500235	ENSG00000281357.5	gene|regulatory|repeat|transcript	73
chr5	74289462	74289535	ENSG00000248673.2|ENSG00000248942.3	gene|regulatory|repeat|transcript	73
chr5	150477795	150477868	ENSG00000254333.1	gene|regulatory|repeat|transcript	73
chr5	67829506	67829579	ENSG00000249894.1|ENSG00000250421.5	gene|regulatory|repeat|transcript	73
chr5	119031553	119031626	ENSG00000249494.6	gene|regulatory|repeat|transcript	73
chr5	40426393	40426466	ENSG00000283286.2	gene|regulatory|repeat|transcript	73
chr5	69478131	69478204	ENSG00000249295.1	gene|regulatory|repeat|transcript	73
chr5	100518611	100518684	ENSG00000247877.8|ENSG00000249787.2	gene|regulatory|repeat|transcript	73
chr5	165571433	165571506	ENSG00000253693.1	gene|regulatory|repeat|transcript	73
chr5	8254988	8255061	ENSG00000288002.1	gene|regulatory|repeat|transcript	73
chr5	142357424	142357497	ENSG00000231185.9	gene|regulatory|repeat|transcript	73
chr5	9714414	9714487	ENSG00000249781.7	gene|regulatory|repeat|transcript	73
chr5	136382811	136382884	ENSG00000279240.1	gene|regulatory|repeat|transcript	73
chr5	57727275	57727348	ENSG00000287709.3	gene|regulatory|repeat|transcript	73
chr5	39100029	39100102	ENSG00000286809.1	gene|regulatory|repeat|transcript	73
chr5	96196355	96196428	ENSG00000250551.1|ENSG00000251314.2	gene|regulatory|repeat|transcript	73
chr5	143536837	143536910	ENSG00000251205.3	gene|regulatory|repeat|transcript	73
chr5	124820072	124820145	ENSG00000260192.3	gene|regulatory|repeat|transcript	73
chr5	97089625	97089698	ENSG00000251513.2	gene|regulatory|repeat|transcript	73
chr5	97550962	97551035	ENSG00000250331.2	gene|regulatory|repeat|transcript	73
chr5	159440754	159440827	ENSG00000249738.10	gene|regulatory|repeat|transcript	73
chr5	90173785	90173858	ENSG00000248555.7	gene|regulatory|repeat|transcript	73
chr5	104611200	104611273	ENSG00000251574.8	gene|regulatory|repeat|transcript	73
chr5	21688669	21688742	ENSG00000253766.1	gene|regulatory|repeat|transcript	73
chr5	125000184	125000257	ENSG00000260192.3	gene|regulatory|repeat|transcript	73
chr5	37812430	37812503	ENSG00000248587.8	gene|regulatory|repeat|transcript	73
chr5	17418432	17418505	ENSG00000248455.8	gene|regulatory|repeat|transcript	73
chr5	173655493	173655566	ENSG00000253959.1	gene|regulatory|repeat|transcript	73
chr5	142399933	142400006	ENSG00000231185.9	gene|regulatory|repeat|transcript	73
chr5	16428257	16428329	ENSG00000248150.1	gene|regulatory|repeat|transcript	72
chr5	119021614	119021686	ENSG00000249494.6	gene|regulatory|repeat|transcript	72
chr5	97576282	97576354	ENSG00000250331.2	gene|regulatory|repeat|transcript	72
chr5	54822042	54822114	ENSG00000232517.2	gene|regulatory|repeat|transcript	72
chr5	56908874	56908946	ENSG00000225230.1	gene|regulatory|repeat|transcript	72
chr5	72727638	72727710	ENSG00000251613.4	gene|regulatory|repeat|transcript	72
chr5	54720567	54720639	ENSG00000287367.2	gene|regulatory|repeat|transcript	72
chr5	152061373	152061445	ENSG00000254226.6	gene|regulatory|repeat|transcript	72
chr5	136132335	136132407	ENSG00000164621.5	gene|regulatory|repeat|transcript	72
chr5	72601248	72601320	ENSG00000248371.5	gene|regulatory|repeat|transcript	72
chr5	67647064	67647136	ENSG00000249364.7	gene|regulatory|repeat|transcript	72
chr5	56065374	56065446	ENSG00000249236.2	gene|regulatory|repeat|transcript	72
chr5	176739323	176739395	ENSG00000251446.1	gene|regulatory|repeat|transcript	72
chr5	23978315	23978387	ENSG00000248874.5	gene|regulatory|repeat|transcript	72
chr5	61290007	61290079	ENSG00000249279.6	gene|regulatory|repeat|transcript	72
chr5	68197204	68197276	ENSG00000253787.1	gene|regulatory|repeat|transcript	72
chr5	38718158	38718230	ENSG00000249740.4	gene|regulatory|repeat|transcript	72
chr5	173764362	173764434	ENSG00000287003.1	gene|regulatory|repeat|transcript	72
chr5	67621260	67621332	ENSG00000249364.7	gene|regulatory|repeat|transcript	72
chr5	164357626	164357698	ENSG00000241956.11	gene|regulatory|repeat|transcript	72
chr5	82811747	82811819	ENSG00000281327.4	gene|regulatory|repeat|transcript	72
chr5	174623096	174623168	ENSG00000250256.1	gene|regulatory|repeat|transcript	72
chr5	161947229	161947301	ENSG00000280776.2	gene|regulatory|repeat|transcript	72
chr5	172757709	172757781	ENSG00000253295.2	gene|regulatory|repeat|transcript	72
chr5	66341102	66341174	ENSG00000251391.5	gene|regulatory|repeat|transcript	72
chr5	174843685	174843757	ENSG00000251670.1	gene|regulatory|repeat|transcript	72
chr5	96235371	96235442	ENSG00000251314.2	gene|regulatory|repeat|transcript	71
chr5	96036336	96036407	ENSG00000251314.2	gene|regulatory|repeat|transcript	71
chr5	172490941	172491012	ENSG00000287814.1	gene|regulatory|repeat|transcript	71
chr5	7364272	7364343	ENSG00000249638.1	gene|regulatory|repeat|transcript	71
chr5	104643074	104643145	ENSG00000251574.8	gene|regulatory|repeat|transcript	71
chr5	38791158	38791229	ENSG00000249740.4|ENSG00000250629.1	gene|regulatory|repeat|transcript	71
chr5	25158211	25158282	ENSG00000251273.4	gene|regulatory|repeat|transcript	71
chr5	40478365	40478436	ENSG00000285552.1|ENSG00000285616.1	gene|regulatory|repeat|transcript	71
chr5	124842589	124842660	ENSG00000260192.3	gene|regulatory|repeat|transcript	71
chr5	134507799	134507870	ENSG00000251169.3	gene|regulatory|repeat|transcript	71
chr5	16618265	16618336	ENSG00000246214.3|ENSG00000250415.1	gene|regulatory|repeat|transcript	71
chr5	159736060	159736131	ENSG00000249738.10|ENSG00000253311.3	gene|regulatory|repeat|transcript	71
chr5	56097105	56097176	ENSG00000249236.2	gene|regulatory|repeat|transcript	71
chr5	61329951	61330022	ENSG00000288936.1	gene|regulatory|repeat|transcript	71
chr5	38149410	38149481	ENSG00000248461.3	gene|regulatory|repeat|transcript	71
chr5	173566737	173566808	ENSG00000253768.1	gene|regulatory|repeat|transcript	71
chr5	6781770	6781841	ENSG00000251365.6	gene|regulatory|repeat|transcript	71
chr5	75322128	75322199	ENSG00000247372.2	gene|regulatory|repeat|transcript	71
chr5	38799949	38800020	ENSG00000249740.4	gene|regulatory|repeat|transcript	71
chr5	89121029	89121100	ENSG00000248309.9	gene|regulatory|repeat|transcript	71
chr5	8395016	8395087	ENSG00000245729.2|ENSG00000249159.6	gene|regulatory|repeat|transcript	71
chr5	133034330	133034400	ENSG00000287054.1	gene|regulatory|repeat|transcript	70
chr5	125100598	125100668	ENSG00000260192.3	gene|regulatory|repeat|transcript	70
chr5	61917773	61917843	ENSG00000248199.2	gene|regulatory|repeat|transcript	70
chr5	136749019	136749089	ENSG00000250284.3	gene|regulatory|repeat|transcript	70
chr5	44639470	44639540	ENSG00000249203.2	gene|regulatory|repeat|transcript	70
chr5	10339772	10339842	ENSG00000259802.3	gene|regulatory|repeat|transcript	70
chr5	96439563	96439633	ENSG00000251314.2	gene|regulatory|repeat|transcript	70
chr5	55063699	55063769	ENSG00000248029.2	gene|regulatory|repeat|transcript	70
chr5	40485389	40485459	ENSG00000285552.1|ENSG00000285616.1	gene|regulatory|repeat|transcript	70
chr5	96838841	96838911	ENSG00000247121.8	gene|regulatory|repeat|transcript	70
chr5	124452999	124453069	ENSG00000248600.2	gene|regulatory|repeat|transcript	70
chr5	172773475	172773545	ENSG00000253736.5	gene|regulatory|repeat|transcript	70
chr5	96817216	96817286	ENSG00000247121.8	gene|regulatory|repeat|transcript	70
chr5	164579857	164579927	ENSG00000241956.11	gene|regulatory|repeat|transcript	70
chr5	173474917	173474987	ENSG00000253141.2	gene|regulatory|repeat|transcript	70
chr5	155150330	155150400	ENSG00000287963.1	gene|regulatory|repeat|transcript	70
chr5	84394237	84394307	ENSG00000250320.7	gene|regulatory|repeat|transcript	70
chr5	142386281	142386351	ENSG00000231185.9	gene|regulatory|repeat|transcript	70
chr5	74395022	74395092	ENSG00000248673.2	gene|regulatory|repeat|transcript	70
chr5	4662674	4662744	ENSG00000248973.3	gene|regulatory|repeat|transcript	70
chr5	33439246	33439316	ENSG00000249572.3	gene|regulatory|repeat|transcript	70
chr5	97809144	97809214	ENSG00000286953.1	gene|regulatory|repeat|transcript	70
chr5	142449903	142449973	ENSG00000231185.9	gene|regulatory|repeat|transcript	70
chr5	17415873	17415943	ENSG00000248455.8	gene|regulatory|repeat|transcript	70
chr5	181249623	181249693	ENSG00000233937.9	gene|regulatory|repeat|transcript	70
chr5	96858208	96858278	ENSG00000247121.8	gene|regulatory|repeat|transcript	70
chr5	91297534	91297604	ENSG00000248323.8	gene|regulatory|repeat|transcript	70
chr5	159781416	159781486	ENSG00000249738.10|ENSG00000253311.3	gene|regulatory|repeat|transcript	70
chr5	40490430	40490500	ENSG00000285552.1	gene|regulatory|repeat|transcript	70
chr5	119023454	119023524	ENSG00000249494.6	gene|regulatory|repeat|transcript	70
chr5	68968500	68968570	ENSG00000249335.5	gene|regulatory|repeat|transcript	70
chr5	117860331	117860401	ENSG00000249797.2	gene|regulatory|repeat|transcript	70
chr5	141619639	141619708	ENSG00000228737.2	gene|regulatory|repeat|transcript	69
chr5	148342630	148342699	ENSG00000247199.6	gene|regulatory|repeat|transcript	69
chr5	142552344	142552413	ENSG00000231185.9	gene|regulatory|repeat|transcript	69
chr5	17820668	17820737	ENSG00000249937.9	gene|regulatory|repeat|transcript	69
chr5	7305254	7305323	ENSG00000205976.4|ENSG00000290510.1	gene|regulatory|repeat|transcript	69
chr5	158435385	158435454	ENSG00000254350.1	gene|regulatory|repeat|transcript	69
chr5	91179934	91180003	ENSG00000248323.8	gene|regulatory|repeat|transcript	69
chr5	56013568	56013637	ENSG00000249236.2	gene|regulatory|repeat|transcript	69
chr5	84404120	84404189	ENSG00000250320.7	gene|regulatory|repeat|transcript	69
chr5	173738956	173739025	ENSG00000253686.2	gene|regulatory|repeat|transcript	69
chr5	9013919	9013988	ENSG00000250619.1	gene|regulatory|repeat|transcript	69
chr5	173720286	173720355	ENSG00000253686.2	gene|regulatory|repeat|transcript	69
chr5	38782595	38782664	ENSG00000249740.4	gene|regulatory|repeat|transcript	69
chr5	9832353	9832422	ENSG00000249781.7	gene|regulatory|repeat|transcript	69
chr5	173411984	173412053	ENSG00000253968.2	gene|regulatory|repeat|transcript	69
chr5	172695184	172695253	ENSG00000253445.1	gene|regulatory|repeat|transcript	69
chr5	29191855	29191924	ENSG00000259786.7	gene|regulatory|repeat|transcript	69
chr5	139698540	139698609	ENSG00000249526.1	gene|regulatory|repeat|transcript	69
chr5	119022865	119022934	ENSG00000249494.6	gene|regulatory|repeat|transcript	69
chr5	159457918	159457987	ENSG00000249738.10|ENSG00000253298.2	gene|regulatory|repeat|transcript	69
chr5	159456763	159456832	ENSG00000249738.10|ENSG00000253298.2	gene|regulatory|repeat|transcript	69
chr5	177891807	177891876	ENSG00000291113.1	gene|regulatory|repeat|transcript	69
chr5	89277903	89277972	ENSG00000248309.9	gene|regulatory|repeat|transcript	69
chr5	4478672	4478741	ENSG00000248973.3	gene|regulatory|repeat|transcript	69
chr5	127995583	127995652	ENSG00000245937.10	gene|regulatory|repeat|transcript	69
chr5	145443424	145443493	ENSG00000248125.2	gene|regulatory|repeat|transcript	69
chr5	95712238	95712307	ENSG00000250240.6	gene|regulatory|repeat|transcript	69
chr5	176721034	176721103	ENSG00000248484.1	gene|regulatory|repeat|transcript	69
chr5	43020757	43020826	ENSG00000177738.6|ENSG00000251131.3	gene|regulatory|repeat|transcript	69
chr5	133027802	133027871	ENSG00000287054.1	gene|regulatory|repeat|transcript	69
chr5	180471254	180471323	ENSG00000289839.1	gene|regulatory|repeat|transcript	69
chr5	67843046	67843114	ENSG00000249894.1|ENSG00000250421.5	gene|regulatory|repeat|transcript	68
chr5	151719909	151719977	ENSG00000249035.7	gene|regulatory|repeat|transcript	68
chr5	7385948	7386016	ENSG00000223597.3	gene|regulatory|repeat|transcript	68
chr5	142748947	142749015	ENSG00000236714.3	gene|regulatory|repeat|transcript	68
chr5	124932877	124932945	ENSG00000260192.3	gene|regulatory|repeat|transcript	68
chr5	74460698	74460766	ENSG00000248673.2	gene|regulatory|repeat|transcript	68
chr5	37915137	37915205	ENSG00000248539.1|ENSG00000248587.8	gene|regulatory|repeat|transcript	68
chr5	31186930	31186998	ENSG00000254138.1|ENSG00000289601.1	gene|regulatory|repeat|transcript	68
chr5	88680058	88680126	ENSG00000245526.13|ENSG00000245864.5	gene|regulatory|repeat|transcript	68
chr5	158379747	158379815	ENSG00000276778.1	gene|regulatory|repeat|transcript	68
chr5	142737461	142737529	ENSG00000236714.3	gene|regulatory|repeat|transcript	68
chr5	82314929	82314997	ENSG00000205464.14|ENSG00000293465.1	gene|regulatory|repeat|transcript	68
chr5	38624157	38624225	ENSG00000244968.7	gene|regulatory|repeat|transcript	68
chr5	136739091	136739159	ENSG00000250284.3	gene|regulatory|repeat|transcript	68
chr5	61291127	61291195	ENSG00000249279.6	gene|regulatory|repeat|transcript	68
chr5	97543935	97544003	ENSG00000250331.2	gene|regulatory|repeat|transcript	68
chr5	103499450	103499518	ENSG00000226926.8	gene|regulatory|repeat|transcript	68
chr5	145361214	145361282	ENSG00000250842.1	gene|regulatory|repeat|transcript	68
chr5	160472762	160472830	ENSG00000253522.6	gene|regulatory|repeat|transcript	68
chr5	174523795	174523863	ENSG00000249306.7	gene|regulatory|repeat|transcript	68
chr5	89929262	89929330	ENSG00000214942.6	gene|regulatory|repeat|transcript	68
chr5	74994832	74994900	ENSG00000249856.1	gene|regulatory|repeat|transcript	68
chr5	87413328	87413396	ENSG00000285190.1	gene|regulatory|repeat|transcript	68
chr5	97842988	97843056	ENSG00000248202.2|ENSG00000286953.1	gene|regulatory|repeat|transcript	68
chr5	127979097	127979165	ENSG00000245937.10	gene|regulatory|repeat|transcript	68
chr5	38163665	38163733	ENSG00000248461.3	gene|regulatory|repeat|transcript	68
chr5	145221399	145221467	ENSG00000251031.2	gene|regulatory|repeat|transcript	68
chr5	37846956	37847023	ENSG00000248587.8	gene|regulatory|repeat|transcript	67
chr5	174416223	174416290	ENSG00000249306.7	gene|regulatory|repeat|transcript	67
chr5	98964786	98964853	ENSG00000248489.4	gene|regulatory|repeat|transcript	67
chr5	163353793	163353860	ENSG00000254186.3	gene|regulatory|repeat|transcript	67
chr5	135157828	135157895	ENSG00000224186.8	gene|regulatory|repeat|transcript	67
chr5	124493185	124493252	ENSG00000248296.1	gene|regulatory|repeat|transcript	67
chr5	93056170	93056237	ENSG00000251361.1	gene|regulatory|repeat|transcript	67
chr5	88967743	88967810	ENSG00000248309.9	gene|regulatory|repeat|transcript	67
chr5	126043744	126043811	ENSG00000248752.3	gene|regulatory|repeat|transcript	67
chr5	124349883	124349950	ENSG00000253807.6	gene|regulatory|repeat|transcript	67
chr5	91421688	91421755	ENSG00000281357.5	gene|regulatory|repeat|transcript	67
chr5	181248456	181248523	ENSG00000233937.9	gene|regulatory|repeat|transcript	67
chr5	36724903	36724970	ENSG00000250155.3	gene|regulatory|repeat|transcript	67
chr5	8395261	8395328	ENSG00000245729.2|ENSG00000249159.6	gene|regulatory|repeat|transcript	67
chr5	124103997	124104064	ENSG00000253807.6	gene|regulatory|repeat|transcript	67
chr5	38069668	38069735	ENSG00000248461.3	gene|regulatory|repeat|transcript	67
chr5	39102675	39102742	ENSG00000286809.1	gene|regulatory|repeat|transcript	67
chr5	151596953	151597020	ENSG00000288081.1	gene|regulatory|repeat|transcript	67
chr5	33212979	33213046	ENSG00000250697.2	gene|regulatory|repeat|transcript	67
chr5	125401752	125401819	ENSG00000248752.3|ENSG00000260192.3	gene|regulatory|repeat|transcript	67
chr5	163095030	163095097	ENSG00000254186.3	gene|regulatory|repeat|transcript	67
chr5	152178317	152178384	ENSG00000254226.6	gene|regulatory|repeat|transcript	67
chr5	174625663	174625730	ENSG00000250256.1	gene|regulatory|repeat|transcript	67
chr5	178154384	178154451	ENSG00000289726.1	gene|regulatory|repeat|transcript	67
chr5	60535453	60535520	ENSG00000152931.9	gene|regulatory|repeat|transcript	67
chr5	163407377	163407444	ENSG00000254186.3	gene|regulatory|repeat|transcript	67
chr5	146404954	146405021	ENSG00000248842.1	gene|regulatory|repeat|transcript	67
chr5	135053413	135053480	ENSG00000224186.8	gene|regulatory|repeat|transcript	67
chr5	149069722	149069789	ENSG00000250072.8	gene|regulatory|repeat|transcript	67
chr5	54842913	54842980	ENSG00000232517.2	gene|regulatory|repeat|transcript	67
chr5	54723115	54723182	ENSG00000287367.2	gene|regulatory|repeat|transcript	67
chr5	56075447	56075514	ENSG00000249236.2	gene|regulatory|repeat|transcript	67
chr5	61324357	61324423	ENSG00000288936.1	gene|regulatory|repeat|transcript	66
chr5	139706654	139706720	ENSG00000249526.1	gene|regulatory|repeat|transcript	66
chr5	30620605	30620671	ENSG00000287176.1	gene|regulatory|repeat|transcript	66
chr5	92635340	92635406	ENSG00000249776.5	gene|regulatory|repeat|transcript	66
chr5	4554054	4554120	ENSG00000248973.3	gene|regulatory|repeat|transcript	66
chr5	152480800	152480866	ENSG00000286749.1	gene|regulatory|repeat|transcript	66
chr5	173740467	173740533	ENSG00000253686.2	gene|regulatory|repeat|transcript	66
chr5	176713714	176713780	ENSG00000248484.1	gene|regulatory|repeat|transcript	66
chr5	143592109	143592175	ENSG00000251205.3	gene|regulatory|repeat|transcript	66
chr5	111531936	111532002	ENSG00000246859.3	gene|regulatory|repeat|transcript	66
chr5	104452446	104452512	ENSG00000251574.8	gene|regulatory|repeat|transcript	66
chr5	148261267	148261333	ENSG00000247199.6	gene|regulatory|repeat|transcript	66
chr5	38616267	38616333	ENSG00000244968.7	gene|regulatory|repeat|transcript	66
chr5	173799191	173799257	ENSG00000254211.6	gene|regulatory|repeat|transcript	66
chr5	177499934	177500000	ENSG00000248996.1	gene|regulatory|repeat|transcript	66
chr5	118000186	118000252	ENSG00000249797.2	gene|regulatory|repeat|transcript	66
chr5	150477925	150477991	ENSG00000254333.1	gene|regulatory|repeat|transcript	66
chr5	122121266	122121332	ENSG00000247311.3	gene|regulatory|repeat|transcript	66
chr5	68968783	68968849	ENSG00000249335.5	gene|regulatory|repeat|transcript	66
chr5	9623986	9624052	ENSG00000248525.2	gene|regulatory|repeat|transcript	66
chr5	124957124	124957190	ENSG00000260192.3	gene|regulatory|repeat|transcript	66
chr5	125593947	125594013	ENSG00000248752.3|ENSG00000260192.3|ENSG00000286111.1	gene|regulatory|repeat|transcript	66
chr5	141070626	141070692	ENSG00000279047.4	gene|regulatory|repeat|transcript	66
chr5	92265694	92265760	ENSG00000250049.7	gene|regulatory|repeat|transcript	66
chr5	4644922	4644988	ENSG00000248973.3|ENSG00000251371.1	gene|regulatory|repeat|transcript	66
chr5	67455284	67455350	ENSG00000249364.7	gene|regulatory|repeat|transcript	66
chr5	50966396	50966461	ENSG00000250360.1	gene|regulatory|repeat|transcript	65
chr5	52724805	52724870	ENSG00000248898.4	gene|regulatory|repeat|transcript	65
chr5	158380964	158381029	ENSG00000276778.1	gene|regulatory|repeat|transcript	65
chr5	165397822	165397887	ENSG00000253693.1	gene|regulatory|repeat|transcript	65
chr5	74958223	74958288	ENSG00000249856.1|ENSG00000289535.2	gene|regulatory|repeat|transcript	65
chr5	159403718	159403783	ENSG00000249738.10	gene|regulatory|repeat|transcript	65
chr5	28864038	28864103	ENSG00000259786.7	gene|regulatory|repeat|transcript	65
chr5	134507099	134507164	ENSG00000251169.3	gene|regulatory|repeat|transcript	65
chr5	54861179	54861244	ENSG00000232517.2	gene|regulatory|repeat|transcript	65
chr5	126763387	126763452	ENSG00000251072.2	gene|regulatory|repeat|transcript	65
chr5	125327999	125328064	ENSG00000260192.3	gene|regulatory|repeat|transcript	65
chr5	42909330	42909395	ENSG00000286271.3	gene|regulatory|repeat|transcript	65
chr5	68192336	68192401	ENSG00000253787.1	gene|regulatory|repeat|transcript	65
chr5	152185847	152185912	ENSG00000254226.6	gene|regulatory|repeat|transcript	65
chr5	142737529	142737594	ENSG00000236714.3	gene|regulatory|repeat|transcript	65
chr5	92911354	92911419	ENSG00000248528.1	gene|regulatory|repeat|transcript	65
chr5	176039647	176039712	ENSG00000250992.4	gene|regulatory|repeat|transcript	65
chr5	141050669	141050734	ENSG00000279047.4	gene|regulatory|repeat|transcript	65
chr5	74194202	74194267	ENSG00000248673.2	gene|regulatory|repeat|transcript	65
chr5	74966209	74966274	ENSG00000249856.1|ENSG00000289535.2	gene|regulatory|repeat|transcript	65
chr5	173412292	173412357	ENSG00000253968.2	gene|regulatory|repeat|transcript	65
chr5	45095096	45095161	ENSG00000248148.1	gene|regulatory|repeat|transcript	65
chr5	89095682	89095747	ENSG00000248309.9	gene|regulatory|repeat|transcript	65
chr5	91788015	91788080	ENSG00000286121.1	gene|regulatory|repeat|transcript	65
chr5	180430764	180430829	ENSG00000250509.2	gene|regulatory|repeat|transcript	65
chr5	173741932	173741997	ENSG00000253686.2	gene|regulatory|repeat|transcript	65
chr5	8560992	8561057	ENSG00000249782.2	gene|regulatory|repeat|transcript	65
chr5	136735422	136735487	ENSG00000250284.3	gene|regulatory|repeat|transcript	65
chr5	61234292	61234357	ENSG00000249279.6	gene|regulatory|repeat|transcript	65
chr5	58121517	58121582	ENSG00000248132.3|ENSG00000286853.1	gene|regulatory|repeat|transcript	65
chr5	159440423	159440488	ENSG00000249738.10	gene|regulatory|repeat|transcript	65
chr5	133044567	133044631	ENSG00000287054.1	gene|regulatory|repeat|transcript	64
chr5	133040600	133040664	ENSG00000287054.1	gene|regulatory|repeat|transcript	64
chr5	160439072	160439136	ENSG00000253522.6	gene|regulatory|repeat|transcript	64
chr5	159773819	159773883	ENSG00000249738.10|ENSG00000253311.3	gene|regulatory|repeat|transcript	64
chr5	173734993	173735057	ENSG00000253686.2	gene|regulatory|repeat|transcript	64
chr5	142444029	142444093	ENSG00000231185.9	gene|regulatory|repeat|transcript	64
chr5	68193014	68193078	ENSG00000253787.1	gene|regulatory|repeat|transcript	64
chr5	16629239	16629303	ENSG00000246214.3	gene|regulatory|repeat|transcript	64
chr5	163373621	163373685	ENSG00000254186.3	gene|regulatory|repeat|transcript	64
chr5	130743383	130743447	ENSG00000287390.1	gene|regulatory|repeat|transcript	64
chr5	142388958	142389022	ENSG00000231185.9	gene|regulatory|repeat|transcript	64
chr5	140354804	140354868	ENSG00000253965.3	gene|regulatory|repeat|transcript	64
chr5	139728455	139728519	ENSG00000249526.1	gene|regulatory|repeat|transcript	64
chr5	96143660	96143724	ENSG00000250551.1|ENSG00000251314.2	gene|regulatory|repeat|transcript	64
chr5	127229052	127229116	ENSG00000283897.2	gene|regulatory|repeat|transcript	64
chr5	126357960	126358024	ENSG00000248752.3	gene|regulatory|repeat|transcript	64
chr5	124327325	124327389	ENSG00000253807.6	gene|regulatory|repeat|transcript	64
chr5	93056098	93056162	ENSG00000251361.1	gene|regulatory|repeat|transcript	64
chr5	56545314	56545378	ENSG00000225940.7	gene|regulatory|repeat|transcript	64
chr5	159344060	159344124	ENSG00000249738.10	gene|regulatory|repeat|transcript	64
chr5	116822185	116822249	ENSG00000249150.2	gene|regulatory|repeat|transcript	64
chr5	163368882	163368946	ENSG00000254186.3	gene|regulatory|repeat|transcript	64
chr5	96932162	96932226	ENSG00000247121.8	gene|regulatory|repeat|transcript	64
chr5	9865094	9865158	ENSG00000249781.7|ENSG00000250814.3	gene|regulatory|repeat|transcript	64
chr5	143635257	143635321	ENSG00000249881.1	gene|regulatory|repeat|transcript	64
chr5	145163749	145163813	ENSG00000251031.2	gene|regulatory|repeat|transcript	64
chr5	126762618	126762682	ENSG00000251072.2	gene|regulatory|repeat|transcript	64
chr5	142406256	142406320	ENSG00000231185.9	gene|regulatory|repeat|transcript	64
chr5	152073165	152073229	ENSG00000254226.6	gene|regulatory|repeat|transcript	64
chr5	151957875	151957939	ENSG00000254226.6	gene|regulatory|repeat|transcript	64
chr5	142549912	142549976	ENSG00000231185.9	gene|regulatory|repeat|transcript	64
chr5	91478414	91478478	ENSG00000281357.5	gene|regulatory|repeat|transcript	64
chr5	141726295	141726359	ENSG00000286736.1	gene|regulatory|repeat|transcript	64
chr5	91268590	91268654	ENSG00000248323.8	gene|regulatory|repeat|transcript	64
chr5	137862573	137862637	ENSG00000250159.7	gene|regulatory|repeat|transcript	64
chr5	142366795	142366858	ENSG00000231185.9	gene|regulatory|repeat|transcript	63
chr5	43523860	43523923	ENSG00000248240.1	gene|regulatory|repeat|transcript	63
chr5	173412375	173412438	ENSG00000253968.2	gene|regulatory|repeat|transcript	63
chr5	96083851	96083914	ENSG00000250551.1|ENSG00000251314.2	gene|regulatory|repeat|transcript	63
chr5	96016219	96016282	ENSG00000251314.2	gene|regulatory|repeat|transcript	63
chr5	142402990	142403053	ENSG00000231185.9	gene|regulatory|repeat|transcript	63
chr5	179658802	179658865	ENSG00000250999.2	gene|regulatory|repeat|transcript	63
chr5	57494369	57494432	ENSG00000250961.2	gene|regulatory|repeat|transcript	63
chr5	12959964	12960027	ENSG00000248457.1	gene|regulatory|repeat|transcript	63
chr5	159782015	159782078	ENSG00000249738.10|ENSG00000253311.3	gene|regulatory|repeat|transcript	63
chr5	34241906	34241969	ENSG00000290548.1	gene|regulatory|repeat|transcript	63
chr5	38727994	38728057	ENSG00000249740.4	gene|regulatory|repeat|transcript	63
chr5	137805455	137805518	ENSG00000293504.1	gene|regulatory|repeat|transcript	63
chr5	96243959	96244022	ENSG00000251314.2	gene|regulatory|repeat|transcript	63
chr5	173802709	173802772	ENSG00000254211.6	gene|regulatory|repeat|transcript	63
chr5	38827789	38827852	ENSG00000249740.4	gene|regulatory|repeat|transcript	63
chr5	74951135	74951198	ENSG00000249856.1|ENSG00000289535.2	gene|regulatory|repeat|transcript	63
chr5	82346466	82346529	ENSG00000293465.1	gene|regulatory|repeat|transcript	63
chr5	158523824	158523887	ENSG00000254135.3	gene|regulatory|repeat|transcript	63
chr5	159345410	159345473	ENSG00000249738.10	gene|regulatory|repeat|transcript	63
chr5	4859786	4859849	ENSG00000248973.3	gene|regulatory|repeat|transcript	63
chr5	172758747	172758810	ENSG00000253295.2	gene|regulatory|repeat|transcript	63
chr5	143521201	143521264	ENSG00000249429.1	gene|regulatory|repeat|transcript	63
chr5	173763680	173763743	ENSG00000287003.1	gene|regulatory|repeat|transcript	63
chr5	159442312	159442375	ENSG00000249738.10	gene|regulatory|repeat|transcript	63
chr5	10519065	10519128	ENSG00000249160.4	gene|regulatory|repeat|transcript	63
chr5	163079671	163079734	ENSG00000254186.3	gene|regulatory|repeat|transcript	63
chr5	130765125	130765188	ENSG00000287390.1	gene|regulatory|repeat|transcript	63
chr5	130765481	130765544	ENSG00000287390.1	gene|regulatory|repeat|transcript	63
chr5	163319478	163319541	ENSG00000254186.3	gene|regulatory|repeat|transcript	63
chr5	122653572	122653634	ENSG00000251538.7	gene|regulatory|repeat|transcript	62
chr5	173782808	173782870	ENSG00000254211.6	gene|regulatory|repeat|transcript	62
chr5	135194341	135194403	ENSG00000224186.8	gene|regulatory|repeat|transcript	62
chr5	172503811	172503873	ENSG00000287814.1	gene|regulatory|repeat|transcript	62
chr5	67516035	67516097	ENSG00000249364.7	gene|regulatory|repeat|transcript	62
chr5	37847064	37847126	ENSG00000248587.8	gene|regulatory|repeat|transcript	62
chr5	9764491	9764553	ENSG00000249781.7	gene|regulatory|repeat|transcript	62
chr5	74409566	74409628	ENSG00000248673.2	gene|regulatory|repeat|transcript	62
chr5	174751988	174752050	ENSG00000251670.1	gene|regulatory|repeat|transcript	62
chr5	159581654	159581716	ENSG00000249738.10	gene|regulatory|repeat|transcript	62
chr5	91449170	91449232	ENSG00000281357.5	gene|regulatory|repeat|transcript	62
chr5	89034841	89034903	ENSG00000248309.9	gene|regulatory|repeat|transcript	62
chr5	81269435	81269497	ENSG00000247572.9	gene|regulatory|repeat|transcript	62
chr5	125129491	125129553	ENSG00000260192.3	gene|regulatory|repeat|transcript	62
chr5	1349092	1349154	ENSG00000286388.1	gene|regulatory|repeat|transcript	62
chr5	142411757	142411819	ENSG00000231185.9	gene|regulatory|repeat|transcript	62
chr5	173644897	173644959	ENSG00000253959.1	gene|regulatory|repeat|transcript	62
chr5	180470988	180471050	ENSG00000289839.1	gene|regulatory|repeat|transcript	62
chr5	153890516	153890578	ENSG00000251183.1	gene|regulatory|repeat|transcript	62
chr5	126752450	126752512	ENSG00000251072.2	gene|regulatory|repeat|transcript	62
chr5	126499483	126499545	ENSG00000250602.6	gene|regulatory|repeat|transcript	62
chr5	142546176	142546238	ENSG00000231185.9	gene|regulatory|repeat|transcript	62
chr5	66306655	66306717	ENSG00000251391.5	gene|regulatory|repeat|transcript	62
chr5	61330916	61330978	ENSG00000288936.1	gene|regulatory|repeat|transcript	62
chr5	68893602	68893664	ENSG00000249335.5	gene|regulatory|repeat|transcript	62
chr5	158382904	158382966	ENSG00000276778.1	gene|regulatory|repeat|transcript	62
chr5	111999494	111999556	ENSG00000250095.5	gene|regulatory|repeat|transcript	62
chr5	72606760	72606822	ENSG00000248371.5	gene|regulatory|repeat|transcript	62
chr5	122122653	122122715	ENSG00000247311.3	gene|regulatory|repeat|transcript	62
chr5	178155693	178155755	ENSG00000289726.1	gene|regulatory|repeat|transcript	62
chr5	174382635	174382697	ENSG00000249306.7	gene|regulatory|repeat|transcript	62
chr5	135211449	135211511	ENSG00000224186.8	gene|regulatory|repeat|transcript	62
chr5	145044791	145044853	ENSG00000251031.2	gene|regulatory|repeat|transcript	62
chr5	98935243	98935305	ENSG00000248489.4	gene|regulatory|repeat|transcript	62
chr5	1948088	1948150	ENSG00000248994.2	gene|regulatory|repeat|transcript	62
chr5	67808581	67808642	ENSG00000249894.1|ENSG00000250421.5	gene|regulatory|repeat|transcript	61
chr5	170312028	170312089	ENSG00000235172.9|ENSG00000250274.2	gene|regulatory|repeat|transcript	61
chr5	172493874	172493935	ENSG00000287814.1	gene|regulatory|repeat|transcript	61
chr5	152611409	152611470	ENSG00000286749.1	gene|regulatory|repeat|transcript	61
chr5	142391981	142392042	ENSG00000231185.9	gene|regulatory|repeat|transcript	61
chr5	81286253	81286314	ENSG00000247572.9	gene|regulatory|repeat|transcript	61
chr5	172758558	172758619	ENSG00000253295.2	gene|regulatory|repeat|transcript	61
chr5	122694570	122694631	ENSG00000251538.7	gene|regulatory|repeat|transcript	61
chr5	158197035	158197096	ENSG00000253673.1	gene|regulatory|repeat|transcript	61
chr5	118594157	118594218	ENSG00000286745.1	gene|regulatory|repeat|transcript	61
chr5	54339385	54339446	ENSG00000249069.8	gene|regulatory|repeat|transcript	61
chr5	68885162	68885223	ENSG00000249335.5	gene|regulatory|repeat|transcript	61
chr5	96384377	96384438	ENSG00000251314.2	gene|regulatory|repeat|transcript	61
chr5	164429974	164430035	ENSG00000241956.11	gene|regulatory|repeat|transcript	61
chr5	69042656	69042717	ENSG00000249335.5	gene|regulatory|repeat|transcript	61
chr5	54669313	54669374	ENSG00000287367.2	gene|regulatory|repeat|transcript	61
chr5	87233196	87233257	ENSG00000288569.1	gene|regulatory|repeat|transcript	61
chr5	74178110	74178171	ENSG00000248673.2	gene|regulatory|repeat|transcript	61
chr5	10336200	10336261	ENSG00000259802.3	gene|regulatory|repeat|transcript	61
chr5	159511810	159511871	ENSG00000249738.10	gene|regulatory|repeat|transcript	61
chr5	5064889	5064950	ENSG00000215231.8	gene|regulatory|repeat|transcript	61
chr5	130893115	130893176	ENSG00000287390.1	gene|regulatory|repeat|transcript	61
chr5	149072375	149072436	ENSG00000250072.8	gene|regulatory|repeat|transcript	61
chr5	165626093	165626153	ENSG00000253693.1	gene|regulatory|repeat|transcript	60
chr5	174492012	174492072	ENSG00000249306.7	gene|regulatory|repeat|transcript	60
chr5	82341638	82341698	ENSG00000293465.1	gene|regulatory|repeat|transcript	60
chr5	87099774	87099834	ENSG00000233828.5|ENSG00000249061.1	gene|regulatory|repeat|transcript	60
chr5	126763671	126763731	ENSG00000251072.2	gene|regulatory|repeat|transcript	60
chr5	170747965	170748025	ENSG00000253348.1	gene|regulatory|repeat|transcript	60
chr5	67686854	67686914	ENSG00000249364.7	gene|regulatory|repeat|transcript	60
chr5	95839344	95839404	ENSG00000236882.9|ENSG00000251409.2	gene|regulatory|repeat|transcript	60
chr5	141743070	141743130	ENSG00000286736.1	gene|regulatory|repeat|transcript	60
chr5	174386339	174386399	ENSG00000249306.7	gene|regulatory|repeat|transcript	60
chr5	57594581	57594641	ENSG00000249436.2	gene|regulatory|repeat|transcript	60
chr5	124966685	124966745	ENSG00000260192.3	gene|regulatory|repeat|transcript	60
chr5	151406793	151406853	ENSG00000253897.3|ENSG00000290991.1	gene|regulatory|repeat|transcript	60
chr5	38709992	38710052	ENSG00000249740.4	gene|regulatory|repeat|transcript	60
chr5	57407489	57407549	ENSG00000250961.2	gene|regulatory|repeat|transcript	60
chr5	82342879	82342939	ENSG00000293465.1	gene|regulatory|repeat|transcript	60
chr5	92332051	92332111	ENSG00000250049.7	gene|regulatory|repeat|transcript	60
chr5	130870707	130870767	ENSG00000287390.1	gene|regulatory|repeat|transcript	60
chr5	15168127	15168187	ENSG00000249332.2	gene|regulatory|repeat|transcript	60
chr5	97627261	97627321	ENSG00000250331.2	gene|regulatory|repeat|transcript	60
chr5	140719574	140719634	ENSG00000292256.1	gene|regulatory|repeat|transcript	60
chr5	135233778	135233838	ENSG00000224186.8	gene|regulatory|repeat|transcript	60
chr5	125376430	125376490	ENSG00000248752.3|ENSG00000260192.3	gene|regulatory|repeat|transcript	60
chr5	125100453	125100513	ENSG00000260192.3	gene|regulatory|repeat|transcript	60
chr5	9717046	9717106	ENSG00000249781.7	gene|regulatory|repeat|transcript	60
chr5	129904391	129904451	ENSG00000251680.6	gene|regulatory|repeat|transcript	60
chr5	68794208	68794268	ENSG00000249335.5	gene|regulatory|repeat|transcript	60
chr5	5025721	5025781	ENSG00000215231.8|ENSG00000250481.2	gene|regulatory|repeat|transcript	60
chr5	74368989	74369048	ENSG00000248673.2	gene|regulatory|repeat|transcript	59
chr5	163006167	163006226	ENSG00000254186.3	gene|regulatory|repeat|transcript	59
chr5	103514444	103514503	ENSG00000226926.8	gene|regulatory|repeat|transcript	59
chr5	91211084	91211143	ENSG00000248323.8	gene|regulatory|repeat|transcript	59
chr5	117954362	117954421	ENSG00000249797.2	gene|regulatory|repeat|transcript	59
chr5	173481096	173481155	ENSG00000253141.2	gene|regulatory|repeat|transcript	59
chr5	61614197	61614256	ENSG00000178722.16	gene|regulatory|repeat|transcript	59
chr5	86971067	86971126	ENSG00000249061.1	gene|regulatory|repeat|transcript	59
chr5	96157281	96157340	ENSG00000250551.1|ENSG00000251314.2	gene|regulatory|repeat|transcript	59
chr5	159816745	159816804	ENSG00000253311.3	gene|regulatory|repeat|transcript	59
chr5	173794321	173794380	ENSG00000254211.6	gene|regulatory|repeat|transcript	59
chr5	61790714	61790773	ENSG00000178722.16	gene|regulatory|repeat|transcript	59
chr5	6909921	6909980	ENSG00000250974.4	gene|regulatory|repeat|transcript	59
chr5	105230435	105230494	ENSG00000251574.8|ENSG00000253584.1	gene|regulatory|repeat|transcript	59
chr5	81818282	81818341	ENSG00000287938.1	gene|regulatory|repeat|transcript	59
chr5	4709331	4709390	ENSG00000248973.3	gene|regulatory|repeat|transcript	59
chr5	125189584	125189643	ENSG00000260192.3	gene|regulatory|repeat|transcript	59
chr5	88949394	88949453	ENSG00000248309.9	gene|regulatory|repeat|transcript	59
chr5	135117074	135117133	ENSG00000224186.8	gene|regulatory|repeat|transcript	59
chr5	159216483	159216542	ENSG00000253256.1	gene|regulatory|repeat|transcript	59
chr5	82815817	82815876	ENSG00000281327.4	gene|regulatory|repeat|transcript	59
chr5	76082573	76082632	ENSG00000248127.1	gene|regulatory|repeat|transcript	59
chr5	135235029	135235088	ENSG00000224186.8	gene|regulatory|repeat|transcript	59
chr5	125032133	125032192	ENSG00000260192.3	gene|regulatory|repeat|transcript	59
chr5	40492355	40492414	ENSG00000285552.1	gene|regulatory|repeat|transcript	59
chr5	4866587	4866646	ENSG00000249941.1	gene|regulatory|repeat|transcript	59
chr5	6773215	6773274	ENSG00000251365.6	gene|regulatory|repeat|transcript	59
chr5	7320504	7320563	ENSG00000290510.1	gene|regulatory|repeat|transcript	59
chr5	96348814	96348873	ENSG00000251314.2	gene|regulatory|repeat|transcript	59
chr5	104187702	104187761	ENSG00000251026.2	gene|regulatory|repeat|transcript	59
chr5	51493129	51493188	ENSG00000288035.1	gene|regulatory|repeat|transcript	59
chr5	174972293	174972352	ENSG00000204754.3	gene|regulatory|repeat|transcript	59
chr5	72651821	72651880	ENSG00000248371.5	gene|regulatory|repeat|transcript	59
chr5	2929450	2929509	ENSG00000248736.3	gene|regulatory|repeat|transcript	59
chr5	149127542	149127601	ENSG00000250072.8	gene|regulatory|repeat|transcript	59
chr5	160441929	160441987	ENSG00000253522.6	gene|regulatory|repeat|transcript	58
chr5	104629064	104629122	ENSG00000251574.8	gene|regulatory|repeat|transcript	58
chr5	132357984	132358042	ENSG00000233006.8	gene|regulatory|repeat|transcript	58
chr5	140353955	140354013	ENSG00000253965.3	gene|regulatory|repeat|transcript	58
chr5	95838186	95838244	ENSG00000251409.2	gene|regulatory|repeat|transcript	58
chr5	126357865	126357923	ENSG00000248752.3	gene|regulatory|repeat|transcript	58
chr5	89189334	89189392	ENSG00000248309.9	gene|regulatory|repeat|transcript	58
chr5	151178847	151178905	ENSG00000285420.1	gene|regulatory|repeat|transcript	58
chr5	68848409	68848467	ENSG00000249335.5	gene|regulatory|repeat|transcript	58
chr5	125000678	125000736	ENSG00000260192.3	gene|regulatory|repeat|transcript	58
chr5	163369100	163369158	ENSG00000254186.3	gene|regulatory|repeat|transcript	58
chr5	149271776	149271834	ENSG00000248647.2|ENSG00000253406.1	gene|regulatory|repeat|transcript	58
chr5	88955692	88955750	ENSG00000248309.9	gene|regulatory|repeat|transcript	58
chr5	118492882	118492940	ENSG00000250891.3	gene|regulatory|repeat|transcript	58
chr5	124403422	124403480	ENSG00000253807.6	gene|regulatory|repeat|transcript	58
chr5	87016458	87016516	ENSG00000249061.1	gene|regulatory|repeat|transcript	58
chr5	177651241	177651299	ENSG00000246596.8|ENSG00000290968.1	gene|regulatory|repeat|transcript	58
chr5	54672799	54672857	ENSG00000287367.2	gene|regulatory|repeat|transcript	58
chr5	102671158	102671216	ENSG00000250682.6|ENSG00000286338.1	gene|regulatory|repeat|transcript	58
chr5	178154154	178154212	ENSG00000289726.1	gene|regulatory|repeat|transcript	58
chr5	141322526	141322584	ENSG00000288095.2	gene|regulatory|repeat|transcript	58
chr5	69032144	69032202	ENSG00000249335.5	gene|regulatory|repeat|transcript	58
chr5	152218711	152218769	ENSG00000254226.6	gene|regulatory|repeat|transcript	58
chr5	143557772	143557830	ENSG00000251205.3	gene|regulatory|repeat|transcript	58
chr5	142434367	142434425	ENSG00000231185.9	gene|regulatory|repeat|transcript	58
chr5	1355857	1355915	ENSG00000250584.4	gene|regulatory|repeat|transcript	58
chr5	91214536	91214593	ENSG00000248323.8	gene|regulatory|repeat|transcript	57
chr5	148376361	148376418	ENSG00000247199.6	gene|regulatory|repeat|transcript	57
chr5	148343670	148343727	ENSG00000247199.6	gene|regulatory|repeat|transcript	57
chr5	172771722	172771779	ENSG00000253736.5	gene|regulatory|repeat|transcript	57
chr5	10501140	10501197	ENSG00000249396.2	gene|regulatory|repeat|transcript	57
chr5	68545228	68545285	ENSG00000248359.2|ENSG00000250237.3	gene|regulatory|repeat|transcript	57
chr5	58123065	58123122	ENSG00000286853.1	gene|regulatory|repeat|transcript	57
chr5	124952762	124952819	ENSG00000260192.3	gene|regulatory|repeat|transcript	57
chr5	163220030	163220087	ENSG00000254186.3	gene|regulatory|repeat|transcript	57
chr5	160472284	160472341	ENSG00000253522.6	gene|regulatory|repeat|transcript	57
chr5	33091576	33091633	ENSG00000250697.2	gene|regulatory|repeat|transcript	57
chr5	143757388	143757445	ENSG00000249881.1	gene|regulatory|repeat|transcript	57
chr5	97808416	97808473	ENSG00000286953.1	gene|regulatory|repeat|transcript	57
chr5	97230228	97230285	ENSG00000251513.2	gene|regulatory|repeat|transcript	57
chr5	158435612	158435669	ENSG00000254350.1	gene|regulatory|repeat|transcript	57
chr5	159460436	159460493	ENSG00000249738.10|ENSG00000253298.2	gene|regulatory|repeat|transcript	57
chr5	177978802	177978859	ENSG00000250101.1	gene|regulatory|repeat|transcript	57
chr5	132369028	132369085	ENSG00000233006.8	gene|regulatory|repeat|transcript	57
chr5	124457411	124457468	ENSG00000248600.2	gene|regulatory|repeat|transcript	57
chr5	164597387	164597444	ENSG00000241956.11	gene|regulatory|repeat|transcript	57
chr5	89042229	89042286	ENSG00000248309.9	gene|regulatory|repeat|transcript	57
chr5	96297402	96297459	ENSG00000251314.2	gene|regulatory|repeat|transcript	57
chr5	89374481	89374538	ENSG00000248309.9	gene|regulatory|repeat|transcript	57
chr5	122703327	122703384	ENSG00000251538.7	gene|regulatory|repeat|transcript	57
chr5	170757739	170757796	ENSG00000253348.1	gene|regulatory|repeat|transcript	57
chr5	92916053	92916110	ENSG00000248528.1	gene|regulatory|repeat|transcript	57
chr5	74375044	74375100	ENSG00000248673.2	gene|regulatory|repeat|transcript	56
chr5	4040395	4040451	ENSG00000249994.1	gene|regulatory|repeat|transcript	56
chr5	67621687	67621743	ENSG00000249364.7	gene|regulatory|repeat|transcript	56
chr5	27316291	27316347	ENSG00000250337.10	gene|regulatory|repeat|transcript	56
chr5	170327221	170327277	ENSG00000235172.9	gene|regulatory|repeat|transcript	56
chr5	137828859	137828915	ENSG00000250159.7	gene|regulatory|repeat|transcript	56
chr5	6403228	6403284	ENSG00000287031.1	gene|regulatory|repeat|transcript	56
chr5	158550738	158550794	ENSG00000254135.3	gene|regulatory|repeat|transcript	56
chr5	43601340	43601396	ENSG00000248092.8	gene|regulatory|repeat|transcript	56
chr5	132661483	132661539	ENSG00000223442.1	gene|regulatory|repeat|transcript	56
chr5	140726263	140726319	ENSG00000292256.1	gene|regulatory|repeat|transcript	56
chr5	148146629	148146685	ENSG00000247199.6	gene|regulatory|repeat|transcript	56
chr5	67558711	67558767	ENSG00000249364.7	gene|regulatory|repeat|transcript	56
chr5	172693301	172693357	ENSG00000253445.1	gene|regulatory|repeat|transcript	56
chr5	82304473	82304529	ENSG00000205464.14|ENSG00000293465.1	gene|regulatory|repeat|transcript	56
chr5	164784377	164784433	ENSG00000241956.11	gene|regulatory|repeat|transcript	56
chr5	141771593	141771649	ENSG00000286736.1	gene|regulatory|repeat|transcript	56
chr5	89278978	89279034	ENSG00000248309.9	gene|regulatory|repeat|transcript	56
chr5	173735824	173735880	ENSG00000253686.2	gene|regulatory|repeat|transcript	56
chr5	33048619	33048675	ENSG00000250697.2	gene|regulatory|repeat|transcript	56
chr5	74251865	74251921	ENSG00000248673.2	gene|regulatory|repeat|transcript	56
chr5	142363434	142363490	ENSG00000231185.9	gene|regulatory|repeat|transcript	56
chr5	152094366	152094422	ENSG00000254226.6	gene|regulatory|repeat|transcript	56
chr5	55035559	55035615	ENSG00000240535.8	gene|regulatory|repeat|transcript	56
chr5	118377752	118377808	ENSG00000250891.3	gene|regulatory|repeat|transcript	56
chr5	44638792	44638848	ENSG00000249203.2	gene|regulatory|repeat|transcript	56
chr5	125059635	125059691	ENSG00000260192.3	gene|regulatory|repeat|transcript	56
chr5	142551303	142551359	ENSG00000231185.9	gene|regulatory|repeat|transcript	56
chr5	29304721	29304777	ENSG00000248391.6	gene|regulatory|repeat|transcript	56
chr5	91383387	91383443	ENSG00000281357.5	gene|regulatory|repeat|transcript	56
chr5	35819869	35819925	ENSG00000248969.1	gene|regulatory|repeat|transcript	56
chr5	129743843	129743898	ENSG00000251680.6	gene|regulatory|repeat|transcript	55
chr5	159342136	159342191	ENSG00000249738.10	gene|regulatory|repeat|transcript	55
chr5	54703992	54704047	ENSG00000287367.2	gene|regulatory|repeat|transcript	55
chr5	181191686	181191741	ENSG00000248473.2	gene|regulatory|repeat|transcript	55
chr5	181217153	181217208	ENSG00000286644.1	gene|regulatory|repeat|transcript	55
chr5	57407433	57407488	ENSG00000250961.2	gene|regulatory|repeat|transcript	55
chr5	74271818	74271873	ENSG00000248673.2|ENSG00000248942.3	gene|regulatory|repeat|transcript	55
chr5	20657526	20657581	ENSG00000251629.7	gene|regulatory|repeat|transcript	55
chr5	172549572	172549627	ENSG00000254299.3	gene|regulatory|repeat|transcript	55
chr5	1571244	1571299	ENSG00000291055.1	gene|regulatory|repeat|transcript	55
chr5	61279764	61279819	ENSG00000249279.6	gene|regulatory|repeat|transcript	55
chr5	96338348	96338403	ENSG00000251314.2	gene|regulatory|repeat|transcript	55
chr5	56029038	56029093	ENSG00000249236.2	gene|regulatory|repeat|transcript	55
chr5	61684010	61684065	ENSG00000178722.16|ENSG00000248529.5	gene|regulatory|repeat|transcript	55
chr5	142529667	142529722	ENSG00000231185.9	gene|regulatory|repeat|transcript	55
chr5	158175821	158175876	ENSG00000253673.1|ENSG00000253792.1	gene|regulatory|repeat|transcript	55
chr5	66306814	66306869	ENSG00000251391.5	gene|regulatory|repeat|transcript	55
chr5	174623041	174623096	ENSG00000250256.1	gene|regulatory|repeat|transcript	55
chr5	160472346	160472401	ENSG00000253522.6	gene|regulatory|repeat|transcript	55
chr5	160459377	160459432	ENSG00000253522.6	gene|regulatory|repeat|transcript	55
chr5	52728505	52728560	ENSG00000248898.4	gene|regulatory|repeat|transcript	55
chr5	25095583	25095638	ENSG00000251273.4	gene|regulatory|repeat|transcript	55
chr5	139739173	139739227	ENSG00000249526.1	gene|regulatory|repeat|transcript	54
chr5	7304827	7304881	ENSG00000205976.4|ENSG00000290510.1	gene|regulatory|repeat|transcript	54
chr5	112636544	112636598	ENSG00000250358.7	gene|regulatory|repeat|transcript	54
chr5	178062037	178062091	ENSG00000204677.13	gene|regulatory|repeat|transcript	54
chr5	16628659	16628713	ENSG00000246214.3	gene|regulatory|repeat|transcript	54
chr5	74943278	74943332	ENSG00000249856.1	gene|regulatory|repeat|transcript	54
chr5	74122885	74122939	ENSG00000248673.2	gene|regulatory|repeat|transcript	54
chr5	159214318	159214372	ENSG00000253256.1	gene|regulatory|repeat|transcript	54
chr5	17849146	17849200	ENSG00000249937.9	gene|regulatory|repeat|transcript	54
chr5	142748691	142748745	ENSG00000236714.3	gene|regulatory|repeat|transcript	54
chr5	143674281	143674335	ENSG00000249881.1	gene|regulatory|repeat|transcript	54
chr5	127229175	127229229	ENSG00000283897.2	gene|regulatory|repeat|transcript	54
chr5	140569625	140569679	ENSG00000283155.1	gene|regulatory|repeat|transcript	54
chr5	67733843	67733897	ENSG00000249364.7|ENSG00000250421.5	gene|regulatory|repeat|transcript	54
chr5	136382101	136382155	ENSG00000279240.1	gene|regulatory|repeat|transcript	54
chr5	82294345	82294399	ENSG00000293465.1	gene|regulatory|repeat|transcript	54
chr5	89233129	89233183	ENSG00000248309.9	gene|regulatory|repeat|transcript	54
chr5	87949898	87949952	ENSG00000287862.1	gene|regulatory|repeat|transcript	54
chr5	61298696	61298750	ENSG00000249279.6	gene|regulatory|repeat|transcript	54
chr5	124285061	124285115	ENSG00000253807.6	gene|regulatory|repeat|transcript	54
chr5	142364330	142364384	ENSG00000231185.9	gene|regulatory|repeat|transcript	54
chr5	28648126	28648180	ENSG00000250453.2|ENSG00000286432.1	gene|regulatory|repeat|transcript	54
chr5	56020095	56020149	ENSG00000249236.2	gene|regulatory|repeat|transcript	54
chr5	37840054	37840108	ENSG00000248587.8	gene|regulatory|repeat|transcript	54
chr5	91456900	91456954	ENSG00000281357.5	gene|regulatory|repeat|transcript	54
chr5	81823539	81823593	ENSG00000287938.1	gene|regulatory|repeat|transcript	54
chr5	69138412	69138466	ENSG00000248664.3	gene|regulatory|repeat|transcript	54
chr5	139704016	139704070	ENSG00000249526.1	gene|regulatory|repeat|transcript	54
chr5	38148047	38148101	ENSG00000248461.3	gene|regulatory|repeat|transcript	54
chr5	149127437	149127491	ENSG00000250072.8	gene|regulatory|repeat|transcript	54
chr5	159854984	159855038	ENSG00000253311.3	gene|regulatory|repeat|transcript	54
chr5	33229535	33229588	ENSG00000250697.2|ENSG00000251443.3	gene|regulatory|repeat|transcript	53
chr5	130724249	130724302	ENSG00000287390.1	gene|regulatory|repeat|transcript	53
chr5	9878788	9878841	ENSG00000249781.7|ENSG00000250814.3	gene|regulatory|repeat|transcript	53
chr5	17805583	17805636	ENSG00000249937.9	gene|regulatory|repeat|transcript	53
chr5	102670499	102670552	ENSG00000250682.6|ENSG00000286338.1	gene|regulatory|repeat|transcript	53
chr5	9888633	9888686	ENSG00000249781.7|ENSG00000250814.3	gene|regulatory|repeat|transcript	53
chr5	139696299	139696352	ENSG00000249526.1	gene|regulatory|repeat|transcript	53
chr5	89436659	89436712	ENSG00000248309.9	gene|regulatory|repeat|transcript	53
chr5	56079167	56079220	ENSG00000249236.2	gene|regulatory|repeat|transcript	53
chr5	173766977	173767030	ENSG00000287003.1	gene|regulatory|repeat|transcript	53
chr5	127216586	127216639	ENSG00000283897.2	gene|regulatory|repeat|transcript	53
chr5	129744049	129744102	ENSG00000251680.6	gene|regulatory|repeat|transcript	53
chr5	93062799	93062852	ENSG00000251361.1	gene|regulatory|repeat|transcript	53
chr5	173808676	173808729	ENSG00000254211.6	gene|regulatory|repeat|transcript	53
chr5	158513828	158513881	ENSG00000254135.3	gene|regulatory|repeat|transcript	53
chr5	164597498	164597551	ENSG00000241956.11	gene|regulatory|repeat|transcript	53
chr5	125961470	125961523	ENSG00000248752.3	gene|regulatory|repeat|transcript	53
chr5	135456305	135456358	ENSG00000249639.1	gene|regulatory|repeat|transcript	53
chr5	12935996	12936049	ENSG00000248457.1	gene|regulatory|repeat|transcript	53
chr5	4626156	4626209	ENSG00000248973.3	gene|regulatory|repeat|transcript	53
chr5	149419126	149419179	ENSG00000249669.12	gene|regulatory|repeat|transcript	53
chr5	38796984	38797037	ENSG00000249740.4	gene|regulatory|repeat|transcript	53
chr5	68933136	68933189	ENSG00000249335.5	gene|regulatory|repeat|transcript	53
chr5	103458960	103459013	ENSG00000226926.8|ENSG00000293393.1	gene|regulatory|repeat|transcript	53
chr5	160459114	160459167	ENSG00000253522.6	gene|regulatory|repeat|transcript	53
chr5	174794952	174795005	ENSG00000251670.1	gene|regulatory|repeat|transcript	53
chr5	127957255	127957308	ENSG00000245937.10	gene|regulatory|repeat|transcript	53
chr5	135154133	135154186	ENSG00000224186.8	gene|regulatory|repeat|transcript	53
chr5	103499572	103499625	ENSG00000226926.8	gene|regulatory|repeat|transcript	53
chr5	117777102	117777155	ENSG00000249797.2	gene|regulatory|repeat|transcript	53
chr5	82345386	82345439	ENSG00000293465.1	gene|regulatory|repeat|transcript	53
chr5	142748456	142748508	ENSG00000236714.3	gene|regulatory|repeat|transcript	52
chr5	88140341	88140393	ENSG00000287862.1	gene|regulatory|repeat|transcript	52
chr5	164580181	164580233	ENSG00000241956.11	gene|regulatory|repeat|transcript	52
chr5	164355323	164355375	ENSG00000241956.11	gene|regulatory|repeat|transcript	52
chr5	54691749	54691801	ENSG00000287367.2	gene|regulatory|repeat|transcript	52
chr5	151697093	151697145	ENSG00000249035.7	gene|regulatory|repeat|transcript	52
chr5	10761418	10761470	ENSG00000272324.5	gene|regulatory|repeat|transcript	52
chr5	28734700	28734752	ENSG00000250453.2	gene|regulatory|repeat|transcript	52
chr5	4994155	4994207	ENSG00000215231.8|ENSG00000250481.2	gene|regulatory|repeat|transcript	52
chr5	82975611	82975663	ENSG00000248400.2	gene|regulatory|repeat|transcript	52
chr5	57663197	57663249	ENSG00000287709.3	gene|regulatory|repeat|transcript	52
chr5	57576156	57576208	ENSG00000249436.2	gene|regulatory|repeat|transcript	52
chr5	178080033	178080085	ENSG00000204677.13	gene|regulatory|repeat|transcript	52
chr5	135134316	135134368	ENSG00000224186.8|ENSG00000248753.1	gene|regulatory|repeat|transcript	52
chr5	135153649	135153701	ENSG00000224186.8	gene|regulatory|repeat|transcript	52
chr5	91744900	91744952	ENSG00000286121.1	gene|regulatory|repeat|transcript	52
chr5	142420058	142420110	ENSG00000231185.9	gene|regulatory|repeat|transcript	52
chr5	74317119	74317171	ENSG00000248673.2|ENSG00000248942.3	gene|regulatory|repeat|transcript	52
chr5	43036617	43036669	ENSG00000177738.6	gene|regulatory|repeat|transcript	52
chr5	54720095	54720147	ENSG00000287367.2	gene|regulatory|repeat|transcript	52
chr5	164651829	164651881	ENSG00000241956.11	gene|regulatory|repeat|transcript	52
chr5	88556588	88556640	ENSG00000245526.13	gene|regulatory|repeat|transcript	52
chr5	173738794	173738846	ENSG00000253686.2	gene|regulatory|repeat|transcript	52
chr5	163379437	163379489	ENSG00000254186.3	gene|regulatory|repeat|transcript	52
chr5	56477053	56477105	ENSG00000248727.6	gene|regulatory|repeat|transcript	52
chr5	40492070	40492122	ENSG00000285552.1	gene|regulatory|repeat|transcript	52
chr5	17925395	17925447	ENSG00000249937.9	gene|regulatory|repeat|transcript	52
chr5	135274934	135274986	ENSG00000224186.8	gene|regulatory|repeat|transcript	52
chr5	124283420	124283472	ENSG00000253807.6	gene|regulatory|repeat|transcript	52
chr5	173738117	173738169	ENSG00000253686.2	gene|regulatory|repeat|transcript	52
chr5	17820786	17820838	ENSG00000249937.9	gene|regulatory|repeat|transcript	52
chr5	143542984	143543035	ENSG00000251205.3	gene|regulatory|repeat|transcript	51
chr5	81287485	81287536	ENSG00000247572.9	gene|regulatory|repeat|transcript	51
chr5	141747418	141747469	ENSG00000286736.1	gene|regulatory|repeat|transcript	51
chr5	174625486	174625537	ENSG00000250256.1	gene|regulatory|repeat|transcript	51
chr5	97808651	97808702	ENSG00000286953.1	gene|regulatory|repeat|transcript	51
chr5	124139789	124139840	ENSG00000253807.6	gene|regulatory|repeat|transcript	51
chr5	173699681	173699732	ENSG00000253428.1	gene|regulatory|repeat|transcript	51
chr5	25963950	25964001	ENSG00000286625.1	gene|regulatory|repeat|transcript	51
chr5	159736192	159736243	ENSG00000249738.10|ENSG00000253311.3	gene|regulatory|repeat|transcript	51
chr5	174460118	174460169	ENSG00000249306.7	gene|regulatory|repeat|transcript	51
chr5	136132407	136132458	ENSG00000164621.5	gene|regulatory|repeat|transcript	51
chr5	173768518	173768569	ENSG00000287003.1	gene|regulatory|repeat|transcript	51
chr5	68892774	68892825	ENSG00000249335.5	gene|regulatory|repeat|transcript	51
chr5	163355000	163355051	ENSG00000254186.3	gene|regulatory|repeat|transcript	51
chr5	135042669	135042720	ENSG00000224186.8	gene|regulatory|repeat|transcript	51
chr5	74386958	74387009	ENSG00000248673.2	gene|regulatory|repeat|transcript	51
chr5	74395540	74395591	ENSG00000248673.2	gene|regulatory|repeat|transcript	51
chr5	9869571	9869622	ENSG00000249781.7|ENSG00000250814.3	gene|regulatory|repeat|transcript	51
chr5	140725482	140725533	ENSG00000292256.1	gene|regulatory|repeat|transcript	51
chr5	56566000	56566051	ENSG00000225940.7	gene|regulatory|repeat|transcript	51
chr5	149067115	149067166	ENSG00000250072.8	gene|regulatory|repeat|transcript	51
chr5	135051064	135051115	ENSG00000224186.8	gene|regulatory|repeat|transcript	51
chr5	134506834	134506885	ENSG00000251169.3	gene|regulatory|repeat|transcript	51
chr5	134435166	134435217	ENSG00000250564.2	gene|regulatory|repeat|transcript	51
chr5	38661170	38661221	ENSG00000244968.7	gene|regulatory|repeat|transcript	51
chr5	172774171	172774222	ENSG00000253736.5	gene|regulatory|repeat|transcript	51
chr5	1578346	1578397	ENSG00000185986.14|ENSG00000291055.1	gene|regulatory|repeat|transcript	51
chr5	125155304	125155355	ENSG00000260192.3	gene|regulatory|repeat|transcript	51
chr5	173741765	173741816	ENSG00000253686.2	gene|regulatory|repeat|transcript	51
chr5	38807197	38807248	ENSG00000249740.4	gene|regulatory|repeat|transcript	51
chr5	163172756	163172807	ENSG00000254186.3	gene|regulatory|repeat|transcript	51
chr5	172956952	172957003	ENSG00000204758.8|ENSG00000254295.1	gene|regulatory|repeat|transcript	51
chr5	91787731	91787782	ENSG00000286121.1	gene|regulatory|repeat|transcript	51
chr5	149271219	149271270	ENSG00000248647.2|ENSG00000253406.1	gene|regulatory|repeat|transcript	51
chr5	149416607	149416658	ENSG00000249669.12	gene|regulatory|repeat|transcript	51
chr5	69042757	69042808	ENSG00000249335.5	gene|regulatory|repeat|transcript	51
chr5	173760892	173760943	ENSG00000287003.1	gene|regulatory|repeat|transcript	51
chr5	43485483	43485534	ENSG00000249492.3	gene|regulatory|repeat|transcript	51
chr5	132653714	132653765	ENSG00000223442.1	gene|regulatory|repeat|transcript	51
chr5	145164188	145164239	ENSG00000251031.2	gene|regulatory|repeat|transcript	51
chr5	97192706	97192757	ENSG00000248758.1|ENSG00000251513.2|ENSG00000286828.1	gene|regulatory|repeat|transcript	51
chr5	15168282	15168333	ENSG00000249332.2	gene|regulatory|repeat|transcript	51
chr5	4662832	4662882	ENSG00000248973.3	gene|regulatory|repeat|transcript	50
chr5	74252147	74252197	ENSG00000248673.2	gene|regulatory|repeat|transcript	50
chr5	162980004	162980054	ENSG00000254186.3	gene|regulatory|repeat|transcript	50
chr5	75017542	75017592	ENSG00000249856.1	gene|regulatory|repeat|transcript	50
chr5	92338027	92338077	ENSG00000250049.7	gene|regulatory|repeat|transcript	50
chr5	149417371	149417421	ENSG00000249669.12	gene|regulatory|repeat|transcript	50
chr5	124963879	124963929	ENSG00000260192.3	gene|regulatory|repeat|transcript	50
chr5	87137328	87137378	ENSG00000233828.5|ENSG00000249061.1	gene|regulatory|repeat|transcript	50
chr5	54673132	54673182	ENSG00000287367.2	gene|regulatory|repeat|transcript	50
chr5	74949163	74949213	ENSG00000249856.1|ENSG00000289535.2	gene|regulatory|repeat|transcript	50
chr5	1945443	1945493	ENSG00000248994.2	gene|regulatory|repeat|transcript	50
chr5	96440270	96440320	ENSG00000251314.2	gene|regulatory|repeat|transcript	50
chr5	93425993	93426043	ENSG00000237187.9	gene|regulatory|repeat|transcript	50
chr5	6780805	6780855	ENSG00000251365.6	gene|regulatory|repeat|transcript	50
chr5	159605397	159605447	ENSG00000249738.10	gene|regulatory|repeat|transcript	50
chr5	17375279	17375329	ENSG00000249199.2	gene|regulatory|repeat|transcript	50
chr5	135208655	135208705	ENSG00000224186.8	gene|regulatory|repeat|transcript	50
chr5	132646973	132647023	ENSG00000223442.1	gene|regulatory|repeat|transcript	50
chr5	76714011	76714061	ENSG00000225407.3	gene|regulatory|repeat|transcript	50
chr5	8871423	8871473	ENSG00000250198.5	gene|regulatory|repeat|transcript	50
chr5	122696917	122696967	ENSG00000251538.7	gene|regulatory|repeat|transcript	50
chr5	142529944	142529994	ENSG00000231185.9	gene|regulatory|repeat|transcript	50
chr5	174454506	174454556	ENSG00000249306.7	gene|regulatory|repeat|transcript	50
chr5	17406538	17406588	ENSG00000248455.8	gene|regulatory|repeat|transcript	50
chr5	37910110	37910160	ENSG00000248539.1|ENSG00000248587.8	gene|regulatory|repeat|transcript	50
chr5	89443837	89443887	ENSG00000248309.9	gene|regulatory|repeat|transcript	50
chr5	89418556	89418606	ENSG00000248309.9	gene|regulatory|repeat|transcript	50
chr5	142472920	142472969	ENSG00000231185.9	gene|regulatory|repeat|transcript	49
chr5	173694030	173694079	ENSG00000253428.1	gene|regulatory|repeat|transcript	49
chr5	90167484	90167533	ENSG00000248555.7	gene|regulatory|repeat|transcript	49
chr5	152178152	152178201	ENSG00000254226.6	gene|regulatory|repeat|transcript	49
chr5	154421911	154421960	ENSG00000245275.9	gene|regulatory|repeat|transcript	49
chr5	124237592	124237641	ENSG00000253807.6	gene|regulatory|repeat|transcript	49
chr5	6829644	6829693	ENSG00000251365.6	gene|regulatory|repeat|transcript	49
chr5	96081246	96081295	ENSG00000250551.1|ENSG00000251314.2	gene|regulatory|repeat|transcript	49
chr5	74232396	74232445	ENSG00000248673.2	gene|regulatory|repeat|transcript	49
chr5	37900667	37900716	ENSG00000248539.1|ENSG00000248587.8	gene|regulatory|repeat|transcript	49
chr5	61653971	61654020	ENSG00000178722.16	gene|regulatory|repeat|transcript	49
chr5	178974288	178974337	ENSG00000254035.1	gene|regulatory|repeat|transcript	49
chr5	82294659	82294708	ENSG00000293465.1	gene|regulatory|repeat|transcript	49
chr5	88967881	88967930	ENSG00000248309.9	gene|regulatory|repeat|transcript	49
chr5	17375209	17375258	ENSG00000249199.2	gene|regulatory|repeat|transcript	49
chr5	150477554	150477603	ENSG00000254333.1	gene|regulatory|repeat|transcript	49
chr5	76714981	76715030	ENSG00000225407.3	gene|regulatory|repeat|transcript	49
chr5	6774469	6774518	ENSG00000251365.6	gene|regulatory|repeat|transcript	49
chr5	17431515	17431564	ENSG00000248455.8	gene|regulatory|repeat|transcript	49
chr5	73230918	73230967	ENSG00000249743.8	gene|regulatory|repeat|transcript	49
chr5	74958719	74958768	ENSG00000249856.1|ENSG00000289535.2	gene|regulatory|repeat|transcript	49
chr5	174426238	174426287	ENSG00000249306.7	gene|regulatory|repeat|transcript	49
chr5	33206113	33206162	ENSG00000250697.2	gene|regulatory|repeat|transcript	49
chr5	12738927	12738976	ENSG00000248131.6	gene|regulatory|repeat|transcript	49
chr5	134467346	134467395	ENSG00000250994.3	gene|regulatory|repeat|transcript	49
chr5	142327450	142327499	ENSG00000231185.9	gene|regulatory|repeat|transcript	49
chr5	35939396	35939445	ENSG00000249748.1	gene|regulatory|repeat|transcript	49
chr5	68194482	68194531	ENSG00000253787.1	gene|regulatory|repeat|transcript	49
chr5	142357140	142357189	ENSG00000231185.9	gene|regulatory|repeat|transcript	49
chr5	109275781	109275830	ENSG00000249476.2	gene|regulatory|repeat|transcript	49
chr5	152188158	152188207	ENSG00000254226.6	gene|regulatory|repeat|transcript	49
chr5	91277334	91277383	ENSG00000248323.8	gene|regulatory|repeat|transcript	49
chr5	160438959	160439008	ENSG00000253522.6	gene|regulatory|repeat|transcript	49
chr5	146564630	146564679	ENSG00000250407.1	gene|regulatory|repeat|transcript	49
chr5	82820888	82820937	ENSG00000281327.4	gene|regulatory|repeat|transcript	49
chr5	135234946	135234995	ENSG00000224186.8	gene|regulatory|repeat|transcript	49
chr5	58136048	58136097	ENSG00000286853.1	gene|regulatory|repeat|transcript	49
chr5	92365965	92366014	ENSG00000250049.7	gene|regulatory|repeat|transcript	49
chr5	57695433	57695482	ENSG00000287709.3	gene|regulatory|repeat|transcript	49
chr5	98129917	98129966	ENSG00000248901.2	gene|regulatory|repeat|transcript	49
chr5	174394163	174394212	ENSG00000249306.7	gene|regulatory|repeat|transcript	49
chr5	149414575	149414624	ENSG00000249669.12	gene|regulatory|repeat|transcript	49
chr5	74390297	74390346	ENSG00000248673.2	gene|regulatory|repeat|transcript	49
chr5	38624455	38624504	ENSG00000244968.7	gene|regulatory|repeat|transcript	49
chr5	38099272	38099320	ENSG00000248461.3	gene|regulatory|repeat|transcript	48
chr5	165585995	165586043	ENSG00000253693.1	gene|regulatory|repeat|transcript	48
chr5	74480220	74480268	ENSG00000248673.2	gene|regulatory|repeat|transcript	48
chr5	166136228	166136276	ENSG00000254171.1	gene|regulatory|repeat|transcript	48
chr5	155129108	155129156	ENSG00000287963.1	gene|regulatory|repeat|transcript	48
chr5	143497506	143497554	ENSG00000249429.1	gene|regulatory|repeat|transcript	48
chr5	122672424	122672472	ENSG00000251538.7	gene|regulatory|repeat|transcript	48
chr5	73199614	73199662	ENSG00000287090.1	gene|regulatory|repeat|transcript	48
chr5	111585200	111585248	ENSG00000246859.3	gene|regulatory|repeat|transcript	48
chr5	104452706	104452754	ENSG00000251574.8	gene|regulatory|repeat|transcript	48
chr5	159359172	159359220	ENSG00000249738.10	gene|regulatory|repeat|transcript	48
chr5	105169029	105169077	ENSG00000251574.8|ENSG00000253584.1	gene|regulatory|repeat|transcript	48
chr5	12668816	12668864	ENSG00000248131.6	gene|regulatory|repeat|transcript	48
chr5	142475418	142475466	ENSG00000231185.9	gene|regulatory|repeat|transcript	48
chr5	56098627	56098675	ENSG00000249236.2	gene|regulatory|repeat|transcript	48
chr5	133030694	133030742	ENSG00000287054.1	gene|regulatory|repeat|transcript	48
chr5	125311749	125311797	ENSG00000260192.3	gene|regulatory|repeat|transcript	48
chr5	152218769	152218817	ENSG00000254226.6	gene|regulatory|repeat|transcript	48
chr5	4662896	4662944	ENSG00000248973.3	gene|regulatory|repeat|transcript	48
chr5	159655896	159655944	ENSG00000249738.10	gene|regulatory|repeat|transcript	48
chr5	91221436	91221484	ENSG00000248323.8	gene|regulatory|repeat|transcript	48
chr5	87118388	87118436	ENSG00000233828.5|ENSG00000249061.1	gene|regulatory|repeat|transcript	48
chr5	91303161	91303209	ENSG00000248323.8	gene|regulatory|repeat|transcript	48
chr5	69004236	69004284	ENSG00000249335.5|ENSG00000249352.4	gene|regulatory|repeat|transcript	48
chr5	80487423	80487471	ENSG00000249042.6	gene|regulatory|repeat|transcript	48
chr5	163433359	163433407	ENSG00000254186.3	gene|regulatory|repeat|transcript	48
chr5	120333147	120333195	ENSG00000251293.1	gene|regulatory|repeat|transcript	48
chr5	125559083	125559131	ENSG00000248752.3|ENSG00000260192.3|ENSG00000286111.1	gene|regulatory|repeat|transcript	48
chr5	172764527	172764575	ENSG00000253736.5	gene|regulatory|repeat|transcript	48
chr5	24238810	24238858	ENSG00000286134.2	gene|regulatory|repeat|transcript	48
chr5	174383747	174383795	ENSG00000249306.7	gene|regulatory|repeat|transcript	48
chr5	6400274	6400322	ENSG00000287031.1	gene|regulatory|repeat|transcript	48
chr5	9834920	9834968	ENSG00000249781.7	gene|regulatory|repeat|transcript	48
chr5	92435834	92435882	ENSG00000249776.5|ENSG00000250049.7	gene|regulatory|repeat|transcript	48
chr5	91189932	91189979	ENSG00000248323.8	gene|regulatory|repeat|transcript	47
chr5	32116288	32116335	ENSG00000250764.1	gene|regulatory|repeat|transcript	47
chr5	96080590	96080637	ENSG00000250551.1|ENSG00000251314.2	gene|regulatory|repeat|transcript	47
chr5	42912588	42912635	ENSG00000286271.3	gene|regulatory|repeat|transcript	47
chr5	173767905	173767952	ENSG00000287003.1	gene|regulatory|repeat|transcript	47
chr5	10328911	10328958	ENSG00000259802.3	gene|regulatory|repeat|transcript	47
chr5	152185628	152185675	ENSG00000254226.6	gene|regulatory|repeat|transcript	47
chr5	38736328	38736375	ENSG00000249740.4	gene|regulatory|repeat|transcript	47
chr5	174457163	174457210	ENSG00000249306.7	gene|regulatory|repeat|transcript	47
chr5	84412127	84412174	ENSG00000250320.7	gene|regulatory|repeat|transcript	47
chr5	91383757	91383804	ENSG00000281357.5	gene|regulatory|repeat|transcript	47
chr5	130773796	130773843	ENSG00000287390.1	gene|regulatory|repeat|transcript	47
chr5	132187651	132187698	ENSG00000237714.1	gene|regulatory|repeat|transcript	47
chr5	159732559	159732606	ENSG00000249738.10|ENSG00000253311.3	gene|regulatory|repeat|transcript	47
chr5	179508223	179508270	ENSG00000253652.1	gene|regulatory|repeat|transcript	47
chr5	149074212	149074259	ENSG00000250072.8	gene|regulatory|repeat|transcript	47
chr5	142327402	142327449	ENSG00000231185.9	gene|regulatory|repeat|transcript	47
chr5	160472237	160472284	ENSG00000253522.6	gene|regulatory|repeat|transcript	47
chr5	91744370	91744417	ENSG00000286121.1	gene|regulatory|repeat|transcript	47
chr5	74185995	74186042	ENSG00000248673.2	gene|regulatory|repeat|transcript	47
chr5	56019239	56019286	ENSG00000249236.2	gene|regulatory|repeat|transcript	47
chr5	135067323	135067370	ENSG00000224186.8	gene|regulatory|repeat|transcript	47
chr5	135154400	135154447	ENSG00000224186.8	gene|regulatory|repeat|transcript	47
chr5	29367268	29367315	ENSG00000248391.6	gene|regulatory|repeat|transcript	47
chr5	140720495	140720542	ENSG00000292256.1	gene|regulatory|repeat|transcript	47
chr5	174422672	174422719	ENSG00000249306.7	gene|regulatory|repeat|transcript	47
chr5	57745946	57745993	ENSG00000287709.3	gene|regulatory|repeat|transcript	47
chr5	53782699	53782746	ENSG00000250447.6	gene|regulatory|repeat|transcript	47
chr5	124907238	124907285	ENSG00000260192.3	gene|regulatory|repeat|transcript	47
chr5	54680054	54680101	ENSG00000287367.2	gene|regulatory|repeat|transcript	47
chr5	126208776	126208823	ENSG00000248752.3	gene|regulatory|repeat|transcript	47
chr5	69139064	69139111	ENSG00000248664.3	gene|regulatory|repeat|transcript	47
chr5	98975279	98975326	ENSG00000248489.4	gene|regulatory|repeat|transcript	47
chr5	125501663	125501710	ENSG00000248752.3|ENSG00000260192.3|ENSG00000286111.1	gene|regulatory|repeat|transcript	47
chr5	152147574	152147620	ENSG00000254226.6	gene|regulatory|repeat|transcript	46
chr5	170331246	170331292	ENSG00000235172.9	gene|regulatory|repeat|transcript	46
chr5	54339607	54339653	ENSG00000249069.8	gene|regulatory|repeat|transcript	46
chr5	56479143	56479189	ENSG00000248727.6	gene|regulatory|repeat|transcript	46
chr5	132358517	132358563	ENSG00000233006.8	gene|regulatory|repeat|transcript	46
chr5	160441993	160442039	ENSG00000253522.6	gene|regulatory|repeat|transcript	46
chr5	125262111	125262157	ENSG00000260192.3	gene|regulatory|repeat|transcript	46
chr5	142398415	142398461	ENSG00000231185.9	gene|regulatory|repeat|transcript	46
chr5	15183641	15183687	ENSG00000249332.2	gene|regulatory|repeat|transcript	46
chr5	103444555	103444601	ENSG00000226926.8|ENSG00000293393.1	gene|regulatory|repeat|transcript	46
chr5	102638460	102638506	ENSG00000250682.6	gene|regulatory|repeat|transcript	46
chr5	117943749	117943795	ENSG00000249797.2	gene|regulatory|repeat|transcript	46
chr5	6590772	6590818	ENSG00000250056.8	gene|regulatory|repeat|transcript	46
chr5	79809899	79809945	ENSG00000250258.1	gene|regulatory|repeat|transcript	46
chr5	61227781	61227827	ENSG00000249279.6|ENSG00000251279.3	gene|regulatory|repeat|transcript	46
chr5	9834201	9834247	ENSG00000249781.7	gene|regulatory|repeat|transcript	46
chr5	152547222	152547268	ENSG00000286749.1	gene|regulatory|repeat|transcript	46
chr5	135142014	135142060	ENSG00000224186.8	gene|regulatory|repeat|transcript	46
chr5	51518767	51518813	ENSG00000288035.1	gene|regulatory|repeat|transcript	46
chr5	74240773	74240819	ENSG00000248673.2	gene|regulatory|repeat|transcript	46
chr5	93582090	93582136	ENSG00000237187.9	gene|regulatory|repeat|transcript	46
chr5	61330993	61331039	ENSG00000288936.1	gene|regulatory|repeat|transcript	46
chr5	143570494	143570540	ENSG00000251205.3	gene|regulatory|repeat|transcript	46
chr5	139687731	139687777	ENSG00000249526.1	gene|regulatory|repeat|transcript	46
chr5	152005717	152005763	ENSG00000254226.6	gene|regulatory|repeat|transcript	46
chr5	96316107	96316153	ENSG00000251314.2	gene|regulatory|repeat|transcript	46
chr5	177501319	177501365	ENSG00000248996.1	gene|regulatory|repeat|transcript	46
chr5	174337221	174337267	ENSG00000249306.7	gene|regulatory|repeat|transcript	46
chr5	74114222	74114268	ENSG00000248673.2	gene|regulatory|repeat|transcript	46
chr5	96187579	96187624	ENSG00000250551.1|ENSG00000251314.2	gene|regulatory|repeat|transcript	45
chr5	61736960	61737005	ENSG00000178722.16	gene|regulatory|repeat|transcript	45
chr5	164885451	164885496	ENSG00000241956.11	gene|regulatory|repeat|transcript	45
chr5	158397982	158398027	ENSG00000276778.1	gene|regulatory|repeat|transcript	45
chr5	68193381	68193426	ENSG00000253787.1	gene|regulatory|repeat|transcript	45
chr5	143537089	143537134	ENSG00000251205.3	gene|regulatory|repeat|transcript	45
chr5	17694913	17694958	ENSG00000249937.9	gene|regulatory|repeat|transcript	45
chr5	121164881	121164926	ENSG00000229855.9	gene|regulatory|repeat|transcript	45
chr5	82317092	82317137	ENSG00000205464.14|ENSG00000293465.1	gene|regulatory|repeat|transcript	45
chr5	136494767	136494812	ENSG00000249803.6	gene|regulatory|repeat|transcript	45
chr5	1967655	1967700	ENSG00000248994.2	gene|regulatory|repeat|transcript	45
chr5	136735376	136735421	ENSG00000250284.3	gene|regulatory|repeat|transcript	45
chr5	126355179	126355224	ENSG00000248752.3	gene|regulatory|repeat|transcript	45
chr5	93512965	93513010	ENSG00000237187.9	gene|regulatory|repeat|transcript	45
chr5	143582284	143582329	ENSG00000251205.3	gene|regulatory|repeat|transcript	45
chr5	88678507	88678552	ENSG00000245526.13|ENSG00000245864.5	gene|regulatory|repeat|transcript	45
chr5	74212620	74212665	ENSG00000248673.2	gene|regulatory|repeat|transcript	45
chr5	38163916	38163961	ENSG00000248461.3	gene|regulatory|repeat|transcript	45
chr5	4859584	4859629	ENSG00000248973.3	gene|regulatory|repeat|transcript	45
chr5	72720776	72720821	ENSG00000251613.4	gene|regulatory|repeat|transcript	45
chr5	163368963	163369008	ENSG00000254186.3	gene|regulatory|repeat|transcript	45
chr5	178162487	178162532	ENSG00000289726.1	gene|regulatory|repeat|transcript	45
chr5	84384897	84384942	ENSG00000250320.7	gene|regulatory|repeat|transcript	45
chr5	74250941	74250986	ENSG00000248673.2	gene|regulatory|repeat|transcript	45
chr5	146364395	146364440	ENSG00000250025.2	gene|regulatory|repeat|transcript	45
chr5	163408985	163409030	ENSG00000254186.3	gene|regulatory|repeat|transcript	45
chr5	172558095	172558140	ENSG00000254299.3	gene|regulatory|repeat|transcript	45
chr5	172764231	172764276	ENSG00000253736.5	gene|regulatory|repeat|transcript	45
chr5	87231177	87231222	ENSG00000288569.1	gene|regulatory|repeat|transcript	45
chr5	28726872	28726917	ENSG00000250453.2	gene|regulatory|repeat|transcript	45
chr5	133029128	133029173	ENSG00000287054.1	gene|regulatory|repeat|transcript	45
chr5	44516985	44517030	ENSG00000249203.2	gene|regulatory|repeat|transcript	45
chr5	91434679	91434724	ENSG00000281357.5	gene|regulatory|repeat|transcript	45
chr5	104386185	104386230	ENSG00000251026.2|ENSG00000251574.8	gene|regulatory|repeat|transcript	45
chr5	133040733	133040778	ENSG00000287054.1	gene|regulatory|repeat|transcript	45
chr5	106978587	106978632	ENSG00000251027.2	gene|regulatory|repeat|transcript	45
chr5	173643137	173643182	ENSG00000253959.1	gene|regulatory|repeat|transcript	45
chr5	142422744	142422789	ENSG00000231185.9	gene|regulatory|repeat|transcript	45
chr5	180430829	180430873	ENSG00000250509.2	gene|regulatory|repeat|transcript	44
chr5	50966501	50966545	ENSG00000250360.1	gene|regulatory|repeat|transcript	44
chr5	141725100	141725144	ENSG00000286736.1	gene|regulatory|repeat|transcript	44
chr5	142343804	142343848	ENSG00000231185.9	gene|regulatory|repeat|transcript	44
chr5	82293522	82293566	ENSG00000293465.1	gene|regulatory|repeat|transcript	44
chr5	158196241	158196285	ENSG00000253673.1	gene|regulatory|repeat|transcript	44
chr5	66338472	66338516	ENSG00000251391.5	gene|regulatory|repeat|transcript	44
chr5	135229930	135229974	ENSG00000224186.8	gene|regulatory|repeat|transcript	44
chr5	172775322	172775366	ENSG00000253736.5	gene|regulatory|repeat|transcript	44
chr5	139700484	139700528	ENSG00000249526.1	gene|regulatory|repeat|transcript	44
chr5	173729424	173729468	ENSG00000253686.2	gene|regulatory|repeat|transcript	44
chr5	160484593	160484637	ENSG00000253522.6	gene|regulatory|repeat|transcript	44
chr5	100479402	100479446	ENSG00000247877.8|ENSG00000249787.2	gene|regulatory|repeat|transcript	44
chr5	159826451	159826495	ENSG00000253311.3	gene|regulatory|repeat|transcript	44
chr5	15254927	15254971	ENSG00000249332.2	gene|regulatory|repeat|transcript	44
chr5	109255266	109255310	ENSG00000249476.2	gene|regulatory|repeat|transcript	44
chr5	159774792	159774836	ENSG00000249738.10|ENSG00000253311.3	gene|regulatory|repeat|transcript	44
chr5	88942607	88942651	ENSG00000248309.9	gene|regulatory|repeat|transcript	44
chr5	139711429	139711473	ENSG00000249526.1	gene|regulatory|repeat|transcript	44
chr5	88397656	88397700	ENSG00000247828.10	gene|regulatory|repeat|transcript	44
chr5	56535454	56535498	ENSG00000225940.7	gene|regulatory|repeat|transcript	44
chr5	6404198	6404242	ENSG00000287031.1	gene|regulatory|repeat|transcript	44
chr5	127988438	127988482	ENSG00000245937.10	gene|regulatory|repeat|transcript	44
chr5	111636096	111636140	ENSG00000246859.3	gene|regulatory|repeat|transcript	44
chr5	87770879	87770923	ENSG00000287783.1	gene|regulatory|repeat|transcript	44
chr5	38807279	38807323	ENSG00000249740.4	gene|regulatory|repeat|transcript	44
chr5	6379334	6379378	ENSG00000287031.1	gene|regulatory|repeat|transcript	44
chr5	150477434	150477478	ENSG00000254333.1	gene|regulatory|repeat|transcript	44
chr5	158511772	158511816	ENSG00000254135.3	gene|regulatory|repeat|transcript	44
chr5	126198801	126198845	ENSG00000248752.3	gene|regulatory|repeat|transcript	44
chr5	96158059	96158103	ENSG00000250551.1|ENSG00000251314.2	gene|regulatory|repeat|transcript	44
chr5	168656644	168656688	ENSG00000254192.1	gene|regulatory|repeat|transcript	44
chr5	166136010	166136054	ENSG00000254171.1	gene|regulatory|repeat|transcript	44
chr5	96016282	96016326	ENSG00000251314.2	gene|regulatory|repeat|transcript	44
chr5	172779304	172779348	ENSG00000253736.5	gene|regulatory|repeat|transcript	44
chr5	74386695	74386739	ENSG00000248673.2	gene|regulatory|repeat|transcript	44
chr5	163407329	163407373	ENSG00000254186.3	gene|regulatory|repeat|transcript	44
chr5	28624362	28624406	ENSG00000250453.2|ENSG00000286432.1	gene|regulatory|repeat|transcript	44
chr5	9014104	9014148	ENSG00000250619.1	gene|regulatory|repeat|transcript	44
chr5	135915769	135915813	ENSG00000253927.1	gene|regulatory|repeat|transcript	44
chr5	67807191	67807235	ENSG00000249894.1|ENSG00000250421.5	gene|regulatory|repeat|transcript	44
chr5	67886804	67886848	ENSG00000249894.1|ENSG00000250421.5	gene|regulatory|repeat|transcript	44
chr5	61229623	61229667	ENSG00000249279.6|ENSG00000251279.3	gene|regulatory|repeat|transcript	44
chr5	38635393	38635437	ENSG00000244968.7	gene|regulatory|repeat|transcript	44
chr5	96924136	96924179	ENSG00000247121.8	gene|regulatory|repeat|transcript	43
chr5	98975332	98975375	ENSG00000248489.4	gene|regulatory|repeat|transcript	43
chr5	106873896	106873939	ENSG00000251027.2	gene|regulatory|repeat|transcript	43
chr5	42996165	42996208	ENSG00000286656.2	gene|regulatory|repeat|transcript	43
chr5	17849200	17849243	ENSG00000249937.9	gene|regulatory|repeat|transcript	43
chr5	79962580	79962623	ENSG00000250888.1	gene|regulatory|repeat|transcript	43
chr5	122653833	122653876	ENSG00000251538.7	gene|regulatory|repeat|transcript	43
chr5	82293288	82293331	ENSG00000293465.1	gene|regulatory|repeat|transcript	43
chr5	82341790	82341833	ENSG00000293465.1	gene|regulatory|repeat|transcript	43
chr5	178081640	178081683	ENSG00000204677.13	gene|regulatory|repeat|transcript	43
chr5	173642674	173642717	ENSG00000253959.1	gene|regulatory|repeat|transcript	43
chr5	6973686	6973729	ENSG00000250974.4	gene|regulatory|repeat|transcript	43
chr5	61627848	61627891	ENSG00000178722.16	gene|regulatory|repeat|transcript	43
chr5	91775480	91775523	ENSG00000286121.1	gene|regulatory|repeat|transcript	43
chr5	30620756	30620799	ENSG00000287176.1	gene|regulatory|repeat|transcript	43
chr5	173483927	173483970	ENSG00000253141.2	gene|regulatory|repeat|transcript	43
chr5	68561130	68561173	ENSG00000248359.2|ENSG00000250237.3	gene|regulatory|repeat|transcript	43
chr5	57712290	57712333	ENSG00000287709.3	gene|regulatory|repeat|transcript	43
chr5	56042154	56042197	ENSG00000249236.2	gene|regulatory|repeat|transcript	43
chr5	149127738	149127781	ENSG00000250072.8	gene|regulatory|repeat|transcript	43
chr5	158559751	158559794	ENSG00000254135.3	gene|regulatory|repeat|transcript	43
chr5	119032931	119032974	ENSG00000249494.6	gene|regulatory|repeat|transcript	43
chr5	126358136	126358179	ENSG00000248752.3	gene|regulatory|repeat|transcript	43
chr5	111513120	111513163	ENSG00000246859.3	gene|regulatory|repeat|transcript	43
chr5	132652108	132652151	ENSG00000223442.1	gene|regulatory|repeat|transcript	43
chr5	130870243	130870286	ENSG00000287390.1	gene|regulatory|repeat|transcript	43
chr5	162567681	162567724	ENSG00000254186.3	gene|regulatory|repeat|transcript	43
chr5	14983676	14983719	ENSG00000286441.1	gene|regulatory|repeat|transcript	43
chr5	57442136	57442179	ENSG00000250961.2	gene|regulatory|repeat|transcript	43
chr5	74925881	74925923	ENSG00000249856.1	gene|regulatory|repeat|transcript	42
chr5	3491376	3491418	ENSG00000248118.2	gene|regulatory|repeat|transcript	42
chr5	142491565	142491607	ENSG00000231185.9	gene|regulatory|repeat|transcript	42
chr5	35826780	35826822	ENSG00000248969.1	gene|regulatory|repeat|transcript	42
chr5	126186528	126186570	ENSG00000248107.2|ENSG00000248752.3	gene|regulatory|repeat|transcript	42
chr5	24233677	24233719	ENSG00000286134.2	gene|regulatory|repeat|transcript	42
chr5	33272632	33272674	ENSG00000250697.2|ENSG00000251443.3	gene|regulatory|repeat|transcript	42
chr5	172531878	172531920	ENSG00000287814.1	gene|regulatory|repeat|transcript	42
chr5	172504295	172504337	ENSG00000287814.1	gene|regulatory|repeat|transcript	42
chr5	143680063	143680105	ENSG00000249881.1	gene|regulatory|repeat|transcript	42
chr5	82290233	82290275	ENSG00000293465.1	gene|regulatory|repeat|transcript	42
chr5	125560614	125560656	ENSG00000248752.3|ENSG00000260192.3|ENSG00000286111.1	gene|regulatory|repeat|transcript	42
chr5	124283670	124283712	ENSG00000253807.6	gene|regulatory|repeat|transcript	42
chr5	157266036	157266078	ENSG00000253653.1	gene|regulatory|repeat|transcript	42
chr5	24184267	24184309	ENSG00000286134.2	gene|regulatory|repeat|transcript	42
chr5	42999721	42999763	ENSG00000286656.2	gene|regulatory|repeat|transcript	42
chr5	181187384	181187426	ENSG00000248473.2	gene|regulatory|repeat|transcript	42
chr5	140589662	140589704	ENSG00000283155.1|ENSG00000283602.2|ENSG00000293441.1	gene|regulatory|repeat|transcript	42
chr5	120326841	120326883	ENSG00000251293.1	gene|regulatory|repeat|transcript	42
chr5	174838065	174838107	ENSG00000251670.1	gene|regulatory|repeat|transcript	42
chr5	25119712	25119754	ENSG00000251273.4	gene|regulatory|repeat|transcript	42
chr5	173790000	173790042	ENSG00000254211.6	gene|regulatory|repeat|transcript	42
chr5	139700233	139700275	ENSG00000249526.1	gene|regulatory|repeat|transcript	42
chr5	56026804	56026846	ENSG00000249236.2	gene|regulatory|repeat|transcript	42
chr5	89377954	89377996	ENSG00000248309.9	gene|regulatory|repeat|transcript	42
chr5	72588119	72588161	ENSG00000248371.5	gene|regulatory|repeat|transcript	42
chr5	43515811	43515853	ENSG00000248240.1|ENSG00000248554.1	gene|regulatory|repeat|transcript	42
chr5	143570220	143570262	ENSG00000251205.3	gene|regulatory|repeat|transcript	42
chr5	96068549	96068591	ENSG00000250551.1|ENSG00000251314.2	gene|regulatory|repeat|transcript	42
chr5	95708835	95708877	ENSG00000250240.6	gene|regulatory|repeat|transcript	42
chr5	9837741	9837783	ENSG00000249781.7	gene|regulatory|repeat|transcript	42
chr5	61228033	61228075	ENSG00000249279.6|ENSG00000251279.3	gene|regulatory|repeat|transcript	42
chr5	164357698	164357740	ENSG00000241956.11	gene|regulatory|repeat|transcript	42
chr5	172817171	172817213	ENSG00000253628.2	gene|regulatory|repeat|transcript	42
chr5	90220351	90220393	ENSG00000248555.7	gene|regulatory|repeat|transcript	42
chr5	91166672	91166714	ENSG00000248323.8	gene|regulatory|repeat|transcript	42
chr5	38104736	38104778	ENSG00000248461.3	gene|regulatory|repeat|transcript	42
chr5	96293274	96293316	ENSG00000251314.2	gene|regulatory|repeat|transcript	42
chr5	88353821	88353863	ENSG00000247828.10	gene|regulatory|repeat|transcript	42
chr5	87121561	87121603	ENSG00000233828.5|ENSG00000249061.1	gene|regulatory|repeat|transcript	42
chr5	112640310	112640352	ENSG00000250358.7	gene|regulatory|repeat|transcript	42
chr5	142358606	142358647	ENSG00000231185.9	gene|regulatory|repeat|transcript	41
chr5	158435338	158435379	ENSG00000254350.1	gene|regulatory|repeat|transcript	41
chr5	73230875	73230916	ENSG00000249743.8	gene|regulatory|repeat|transcript	41
chr5	123089029	123089070	ENSG00000223652.2	gene|regulatory|repeat|transcript	41
chr5	39102626	39102667	ENSG00000286809.1	gene|regulatory|repeat|transcript	41
chr5	159105024	159105065	ENSG00000245812.5	gene|regulatory|repeat|transcript	41
chr5	71427364	71427405	ENSG00000250387.3	gene|regulatory|repeat|transcript	41
chr5	174452850	174452891	ENSG00000249306.7	gene|regulatory|repeat|transcript	41
chr5	54403788	54403829	ENSG00000249069.8	gene|regulatory|repeat|transcript	41
chr5	159339465	159339506	ENSG00000249738.10	gene|regulatory|repeat|transcript	41
chr5	149127970	149128011	ENSG00000250072.8	gene|regulatory|repeat|transcript	41
chr5	87128036	87128077	ENSG00000233828.5|ENSG00000249061.1	gene|regulatory|repeat|transcript	41
chr5	98944451	98944492	ENSG00000248489.4	gene|regulatory|repeat|transcript	41
chr5	134483233	134483274	ENSG00000250994.3	gene|regulatory|repeat|transcript	41
chr5	159839102	159839143	ENSG00000253311.3	gene|regulatory|repeat|transcript	41
chr5	56477495	56477536	ENSG00000248727.6	gene|regulatory|repeat|transcript	41
chr5	68737873	68737914	ENSG00000250237.3	gene|regulatory|repeat|transcript	41
chr5	89036284	89036325	ENSG00000248309.9	gene|regulatory|repeat|transcript	41
chr5	149114447	149114488	ENSG00000250072.8	gene|regulatory|repeat|transcript	41
chr5	107705651	107705692	ENSG00000249959.6	gene|regulatory|repeat|transcript	41
chr5	159696454	159696495	ENSG00000249738.10	gene|regulatory|repeat|transcript	41
chr5	174798954	174798995	ENSG00000251670.1	gene|regulatory|repeat|transcript	41
chr5	115375901	115375942	ENSG00000289497.2	gene|regulatory|repeat|transcript	41
chr5	54723200	54723241	ENSG00000287367.2	gene|regulatory|repeat|transcript	41
chr5	112635857	112635898	ENSG00000250358.7	gene|regulatory|repeat|transcript	41
chr5	9870058	9870099	ENSG00000249781.7|ENSG00000250814.3	gene|regulatory|repeat|transcript	41
chr5	173708043	173708084	ENSG00000253686.2	gene|regulatory|repeat|transcript	41
chr5	90167367	90167408	ENSG00000248555.7	gene|regulatory|repeat|transcript	41
chr5	68194441	68194482	ENSG00000253787.1	gene|regulatory|repeat|transcript	41
chr5	96292721	96292762	ENSG00000251314.2	gene|regulatory|repeat|transcript	41
chr5	135121788	135121829	ENSG00000224186.8|ENSG00000248753.1	gene|regulatory|repeat|transcript	41
chr5	143636207	143636248	ENSG00000249881.1	gene|regulatory|repeat|transcript	41
chr5	134484034	134484075	ENSG00000250994.3	gene|regulatory|repeat|transcript	41
chr5	67751399	67751440	ENSG00000249364.7|ENSG00000250421.5	gene|regulatory|repeat|transcript	41
chr5	95864742	95864783	ENSG00000250362.1	gene|regulatory|repeat|transcript	41
chr5	7388723	7388764	ENSG00000223597.3	gene|regulatory|repeat|transcript	41
chr5	143592971	143593012	ENSG00000251205.3	gene|regulatory|repeat|transcript	41
chr5	91775550	91775591	ENSG00000286121.1	gene|regulatory|repeat|transcript	41
chr5	135211649	135211690	ENSG00000224186.8	gene|regulatory|repeat|transcript	41
chr5	172503963	172504004	ENSG00000287814.1	gene|regulatory|repeat|transcript	41
chr5	92199495	92199536	ENSG00000250049.7	gene|regulatory|repeat|transcript	41
chr5	172696417	172696458	ENSG00000253445.1	gene|regulatory|repeat|transcript	41
chr5	135255942	135255983	ENSG00000224186.8	gene|regulatory|repeat|transcript	41
chr5	135246677	135246718	ENSG00000224186.8|ENSG00000249647.2	gene|regulatory|repeat|transcript	41
chr5	170747795	170747835	ENSG00000253348.1	gene|regulatory|repeat|transcript	40
chr5	37249376	37249416	ENSG00000286193.3	gene|regulatory|repeat|transcript	40
chr5	43064635	43064675	ENSG00000177738.6	gene|regulatory|repeat|transcript	40
chr5	29247941	29247981	ENSG00000286182.1	gene|regulatory|repeat|transcript	40
chr5	172693032	172693072	ENSG00000253445.1	gene|regulatory|repeat|transcript	40
chr5	4701922	4701962	ENSG00000248973.3	gene|regulatory|repeat|transcript	40
chr5	92402147	92402187	ENSG00000250049.7	gene|regulatory|repeat|transcript	40
chr5	38670182	38670222	ENSG00000244968.7	gene|regulatory|repeat|transcript	40
chr5	159416641	159416681	ENSG00000249738.10	gene|regulatory|repeat|transcript	40
chr5	143497219	143497259	ENSG00000249429.1	gene|regulatory|repeat|transcript	40
chr5	139727648	139727688	ENSG00000249526.1	gene|regulatory|repeat|transcript	40
chr5	56037557	56037597	ENSG00000249236.2	gene|regulatory|repeat|transcript	40
chr5	104302009	104302049	ENSG00000251026.2	gene|regulatory|repeat|transcript	40
chr5	50966461	50966501	ENSG00000250360.1	gene|regulatory|repeat|transcript	40
chr5	124519381	124519421	ENSG00000248296.1	gene|regulatory|repeat|transcript	40
chr5	178155499	178155539	ENSG00000289726.1	gene|regulatory|repeat|transcript	40
chr5	129459190	129459230	ENSG00000249421.2	gene|regulatory|repeat|transcript	40
chr5	54714025	54714065	ENSG00000287367.2	gene|regulatory|repeat|transcript	40
chr5	9872879	9872919	ENSG00000249781.7|ENSG00000250814.3	gene|regulatory|repeat|transcript	40
chr5	97555399	97555439	ENSG00000250331.2	gene|regulatory|repeat|transcript	40
chr5	163227987	163228027	ENSG00000254186.3	gene|regulatory|repeat|transcript	40
chr5	89351980	89352020	ENSG00000248309.9	gene|regulatory|repeat|transcript	40
chr5	158559957	158559997	ENSG00000254135.3	gene|regulatory|repeat|transcript	40
chr5	150481407	150481447	ENSG00000254333.1	gene|regulatory|repeat|transcript	40
chr5	126761412	126761452	ENSG00000251072.2	gene|regulatory|repeat|transcript	40
chr5	87121780	87121820	ENSG00000233828.5|ENSG00000249061.1	gene|regulatory|repeat|transcript	40
chr5	71435419	71435459	ENSG00000250387.3	gene|regulatory|repeat|transcript	40
chr5	96923412	96923452	ENSG00000247121.8	gene|regulatory|repeat|transcript	40
chr5	61228292	61228332	ENSG00000249279.6|ENSG00000251279.3	gene|regulatory|repeat|transcript	40
chr5	158505790	158505830	ENSG00000254135.3	gene|regulatory|repeat|transcript	40
chr5	120297686	120297726	ENSG00000251293.1	gene|regulatory|repeat|transcript	40
chr5	137802438	137802478	ENSG00000293504.1	gene|regulatory|repeat|transcript	40
chr5	158451031	158451071	ENSG00000254350.1	gene|regulatory|repeat|transcript	40
chr5	122126880	122126920	ENSG00000247311.3	gene|regulatory|repeat|transcript	40
chr5	176727241	176727281	ENSG00000251446.1	gene|regulatory|repeat|transcript	40
chr5	172779607	172779647	ENSG00000253736.5	gene|regulatory|repeat|transcript	40
chr5	168656148	168656188	ENSG00000254192.1	gene|regulatory|repeat|transcript	40
chr5	178182252	178182292	ENSG00000289726.1	gene|regulatory|repeat|transcript	40
chr5	27308500	27308540	ENSG00000250337.10	gene|regulatory|repeat|transcript	40
chr5	1641647	1641687	ENSG00000288549.1	gene|regulatory|repeat|transcript	40
chr5	180430527	180430567	ENSG00000250509.2	gene|regulatory|repeat|transcript	40
chr5	38800563	38800603	ENSG00000249740.4	gene|regulatory|repeat|transcript	40
chr5	56583075	56583115	ENSG00000225940.7	gene|regulatory|repeat|transcript	40
chr5	82317207	82317246	ENSG00000205464.14|ENSG00000293465.1	gene|regulatory|repeat|transcript	39
chr5	6766671	6766710	ENSG00000251365.6	gene|regulatory|repeat|transcript	39
chr5	124869914	124869953	ENSG00000260192.3	gene|regulatory|repeat|transcript	39
chr5	178180376	178180415	ENSG00000289726.1	gene|regulatory|repeat|transcript	39
chr5	124952458	124952497	ENSG00000260192.3	gene|regulatory|repeat|transcript	39
chr5	152461571	152461610	ENSG00000286749.1	gene|regulatory|repeat|transcript	39
chr5	149064027	149064066	ENSG00000250072.8	gene|regulatory|repeat|transcript	39
chr5	106863634	106863673	ENSG00000251027.2	gene|regulatory|repeat|transcript	39
chr5	159695291	159695330	ENSG00000249738.10	gene|regulatory|repeat|transcript	39
chr5	38060643	38060682	ENSG00000248461.3	gene|regulatory|repeat|transcript	39
chr5	68433585	68433624	ENSG00000248884.2	gene|regulatory|repeat|transcript	39
chr5	139734498	139734537	ENSG00000249526.1	gene|regulatory|repeat|transcript	39
chr5	143497754	143497793	ENSG00000249429.1	gene|regulatory|repeat|transcript	39
chr5	43018811	43018850	ENSG00000177738.6|ENSG00000251131.3	gene|regulatory|repeat|transcript	39
chr5	93061888	93061927	ENSG00000251361.1	gene|regulatory|repeat|transcript	39
chr5	125100956	125100995	ENSG00000260192.3	gene|regulatory|repeat|transcript	39
chr5	124230769	124230808	ENSG00000253807.6	gene|regulatory|repeat|transcript	39
chr5	73138617	73138656	ENSG00000251599.1	gene|regulatory|repeat|transcript	39
chr5	152188103	152188142	ENSG00000254226.6	gene|regulatory|repeat|transcript	39
chr5	92837458	92837497	ENSG00000248588.2	gene|regulatory|repeat|transcript	39
chr5	93054038	93054077	ENSG00000251361.1	gene|regulatory|repeat|transcript	39
chr5	2014191	2014230	ENSG00000248994.2	gene|regulatory|repeat|transcript	39
chr5	2017658	2017697	ENSG00000248994.2	gene|regulatory|repeat|transcript	39
chr5	125580277	125580316	ENSG00000248752.3|ENSG00000260192.3|ENSG00000286111.1	gene|regulatory|repeat|transcript	39
chr5	160442046	160442085	ENSG00000253522.6	gene|regulatory|repeat|transcript	39
chr5	74405842	74405881	ENSG00000248673.2	gene|regulatory|repeat|transcript	39
chr5	6775156	6775195	ENSG00000251365.6	gene|regulatory|repeat|transcript	39
chr5	96821743	96821782	ENSG00000247121.8	gene|regulatory|repeat|transcript	39
chr5	135052932	135052971	ENSG00000224186.8	gene|regulatory|repeat|transcript	39
chr5	88378058	88378097	ENSG00000247828.10	gene|regulatory|repeat|transcript	39
chr5	89241478	89241517	ENSG00000248309.9	gene|regulatory|repeat|transcript	39
chr5	6813590	6813629	ENSG00000251365.6	gene|regulatory|repeat|transcript	39
chr5	72601323	72601362	ENSG00000248371.5	gene|regulatory|repeat|transcript	39
chr5	134483848	134483887	ENSG00000250994.3	gene|regulatory|repeat|transcript	39
chr5	173698979	173699018	ENSG00000253428.1	gene|regulatory|repeat|transcript	39
chr5	52989210	52989249	ENSG00000249899.6	gene|regulatory|repeat|transcript	39
chr5	67606366	67606405	ENSG00000249364.7	gene|regulatory|repeat|transcript	39
chr5	61290989	61291028	ENSG00000249279.6	gene|regulatory|repeat|transcript	39
chr5	40025920	40025959	ENSG00000250048.2	gene|regulatory|repeat|transcript	39
chr5	87016154	87016193	ENSG00000249061.1	gene|regulatory|repeat|transcript	39
chr5	12945662	12945700	ENSG00000248457.1	gene|regulatory|repeat|transcript	38
chr5	142363669	142363707	ENSG00000231185.9	gene|regulatory|repeat|transcript	38
chr5	38167293	38167331	ENSG00000248461.3	gene|regulatory|repeat|transcript	38
chr5	178081210	178081248	ENSG00000204677.13	gene|regulatory|repeat|transcript	38
chr5	92562724	92562762	ENSG00000249776.5	gene|regulatory|repeat|transcript	38
chr5	178780970	178781008	ENSG00000250420.9|ENSG00000291019.1	gene|regulatory|repeat|transcript	38
chr5	133041904	133041942	ENSG00000287054.1	gene|regulatory|repeat|transcript	38
chr5	89272000	89272038	ENSG00000248309.9	gene|regulatory|repeat|transcript	38
chr5	179505007	179505045	ENSG00000253652.1	gene|regulatory|repeat|transcript	38
chr5	56060752	56060790	ENSG00000249236.2	gene|regulatory|repeat|transcript	38
chr5	159548362	159548400	ENSG00000249738.10	gene|regulatory|repeat|transcript	38
chr5	88142457	88142495	ENSG00000287862.1	gene|regulatory|repeat|transcript	38
chr5	176192722	176192760	ENSG00000283235.2	gene|regulatory|repeat|transcript	38
chr5	122697064	122697102	ENSG00000251538.7	gene|regulatory|repeat|transcript	38
chr5	172504536	172504574	ENSG00000287814.1	gene|regulatory|repeat|transcript	38
chr5	96101668	96101706	ENSG00000250551.1|ENSG00000251314.2	gene|regulatory|repeat|transcript	38
chr5	125251850	125251888	ENSG00000260192.3	gene|regulatory|repeat|transcript	38
chr5	43036373	43036411	ENSG00000177738.6	gene|regulatory|repeat|transcript	38
chr5	181188870	181188908	ENSG00000248473.2	gene|regulatory|repeat|transcript	38
chr5	104345861	104345899	ENSG00000251026.2	gene|regulatory|repeat|transcript	38
chr5	89117032	89117070	ENSG00000248309.9	gene|regulatory|repeat|transcript	38
chr5	143523501	143523539	ENSG00000249429.1	gene|regulatory|repeat|transcript	38
chr5	61674401	61674439	ENSG00000178722.16|ENSG00000248529.5	gene|regulatory|repeat|transcript	38
chr5	172771385	172771423	ENSG00000253736.5	gene|regulatory|repeat|transcript	38
chr5	142550687	142550725	ENSG00000231185.9	gene|regulatory|repeat|transcript	38
chr5	53782989	53783027	ENSG00000250447.6	gene|regulatory|repeat|transcript	38
chr5	8473895	8473933	ENSG00000247516.8	gene|regulatory|repeat|transcript	38
chr5	173715152	173715190	ENSG00000253686.2	gene|regulatory|repeat|transcript	38
chr5	88141329	88141367	ENSG00000287862.1	gene|regulatory|repeat|transcript	38
chr5	55063529	55063567	ENSG00000248029.2	gene|regulatory|repeat|transcript	38
chr5	104363747	104363785	ENSG00000251026.2	gene|regulatory|repeat|transcript	38
chr5	28975580	28975618	ENSG00000259786.7	gene|regulatory|repeat|transcript	38
chr5	149114407	149114445	ENSG00000250072.8	gene|regulatory|repeat|transcript	38
chr5	82818489	82818527	ENSG00000281327.4	gene|regulatory|repeat|transcript	38
chr5	143629803	143629841	ENSG00000249881.1	gene|regulatory|repeat|transcript	38
chr5	165109007	165109045	ENSG00000241956.11	gene|regulatory|repeat|transcript	38
chr5	164651774	164651812	ENSG00000241956.11	gene|regulatory|repeat|transcript	38
chr5	53110405	53110443	ENSG00000247796.3	gene|regulatory|repeat|transcript	38
chr5	127290220	127290258	ENSG00000286615.3	gene|regulatory|repeat|transcript	38
chr5	158388971	158389009	ENSG00000276778.1	gene|regulatory|repeat|transcript	38
chr5	17406311	17406349	ENSG00000248455.8	gene|regulatory|repeat|transcript	38
chr5	37926813	37926851	ENSG00000248587.8	gene|regulatory|repeat|transcript	38
chr5	5066567	5066605	ENSG00000215231.8	gene|regulatory|repeat|transcript	38
chr5	118017599	118017637	ENSG00000249797.2|ENSG00000250891.3	gene|regulatory|repeat|transcript	38
chr5	124309557	124309594	ENSG00000253807.6	gene|regulatory|repeat|transcript	37
chr5	74966487	74966524	ENSG00000249856.1|ENSG00000289535.2	gene|regulatory|repeat|transcript	37
chr5	152218995	152219032	ENSG00000254226.6	gene|regulatory|repeat|transcript	37
chr5	21688868	21688905	ENSG00000253766.1	gene|regulatory|repeat|transcript	37
chr5	125000561	125000598	ENSG00000260192.3	gene|regulatory|repeat|transcript	37
chr5	126009923	126009960	ENSG00000248752.3	gene|regulatory|repeat|transcript	37
chr5	67409771	67409808	ENSG00000249364.7	gene|regulatory|repeat|transcript	37
chr5	81834847	81834884	ENSG00000287938.1	gene|regulatory|repeat|transcript	37
chr5	135207138	135207175	ENSG00000224186.8	gene|regulatory|repeat|transcript	37
chr5	172493584	172493621	ENSG00000287814.1	gene|regulatory|repeat|transcript	37
chr5	57503761	57503798	ENSG00000250961.2	gene|regulatory|repeat|transcript	37
chr5	117487777	117487814	ENSG00000248663.7	gene|regulatory|repeat|transcript	37
chr5	117880948	117880985	ENSG00000249797.2	gene|regulatory|repeat|transcript	37
chr5	102599655	102599692	ENSG00000250958.1	gene|regulatory|repeat|transcript	37
chr5	120305023	120305060	ENSG00000251293.1	gene|regulatory|repeat|transcript	37
chr5	158429642	158429679	ENSG00000254350.1	gene|regulatory|repeat|transcript	37
chr5	95963707	95963744	ENSG00000251314.2	gene|regulatory|repeat|transcript	37
chr5	8418580	8418617	ENSG00000245729.2|ENSG00000249159.6	gene|regulatory|repeat|transcript	37
chr5	38651852	38651889	ENSG00000244968.7	gene|regulatory|repeat|transcript	37
chr5	82348273	82348310	ENSG00000293465.1	gene|regulatory|repeat|transcript	37
chr5	165522298	165522335	ENSG00000253693.1	gene|regulatory|repeat|transcript	37
chr5	38104018	38104055	ENSG00000248461.3	gene|regulatory|repeat|transcript	37
chr5	129460161	129460198	ENSG00000249421.2	gene|regulatory|repeat|transcript	37
chr5	68839432	68839469	ENSG00000249335.5	gene|regulatory|repeat|transcript	37
chr5	57407718	57407755	ENSG00000250961.2	gene|regulatory|repeat|transcript	37
chr5	173795329	173795366	ENSG00000254211.6	gene|regulatory|repeat|transcript	37
chr5	139707955	139707992	ENSG00000249526.1	gene|regulatory|repeat|transcript	37
chr5	104186490	104186527	ENSG00000251026.2	gene|regulatory|repeat|transcript	37
chr5	133029776	133029813	ENSG00000287054.1	gene|regulatory|repeat|transcript	37
chr5	88397613	88397650	ENSG00000247828.10	gene|regulatory|repeat|transcript	37
chr5	52683254	52683291	ENSG00000248898.4	gene|regulatory|repeat|transcript	37
chr5	181208667	181208704	ENSG00000286644.1	gene|regulatory|repeat|transcript	37
chr5	160473325	160473362	ENSG00000253522.6	gene|regulatory|repeat|transcript	37
chr5	1571118	1571155	ENSG00000291055.1	gene|regulatory|repeat|transcript	37
chr5	74516433	74516470	ENSG00000248673.2	gene|regulatory|repeat|transcript	37
chr5	74214192	74214229	ENSG00000248673.2	gene|regulatory|repeat|transcript	37
chr5	74491115	74491152	ENSG00000248673.2	gene|regulatory|repeat|transcript	37
chr5	180086202	180086239	ENSG00000253480.1	gene|regulatory|repeat|transcript	37
chr5	74956371	74956407	ENSG00000249856.1|ENSG00000289535.2	gene|regulatory|repeat|transcript	36
chr5	125486148	125486184	ENSG00000248752.3|ENSG00000260192.3	gene|regulatory|repeat|transcript	36
chr5	21735669	21735705	ENSG00000253766.1	gene|regulatory|repeat|transcript	36
chr5	181253035	181253071	ENSG00000233937.9	gene|regulatory|repeat|transcript	36
chr5	180832860	180832896	ENSG00000245060.8	gene|regulatory|repeat|transcript	36
chr5	1851111	1851147	ENSG00000249966.1	gene|regulatory|repeat|transcript	36
chr5	38720292	38720328	ENSG00000249740.4	gene|regulatory|repeat|transcript	36
chr5	56319038	56319074	ENSG00000249697.1	gene|regulatory|repeat|transcript	36
chr5	10513701	10513737	ENSG00000249160.4	gene|regulatory|repeat|transcript	36
chr5	87137383	87137419	ENSG00000233828.5|ENSG00000249061.1	gene|regulatory|repeat|transcript	36
chr5	12616049	12616085	ENSG00000248131.6	gene|regulatory|repeat|transcript	36
chr5	12660345	12660381	ENSG00000248131.6	gene|regulatory|repeat|transcript	36
chr5	54719222	54719258	ENSG00000287367.2	gene|regulatory|repeat|transcript	36
chr5	134483904	134483940	ENSG00000250994.3	gene|regulatory|repeat|transcript	36
chr5	173647003	173647039	ENSG00000253959.1	gene|regulatory|repeat|transcript	36
chr5	6876130	6876166	ENSG00000250060.2|ENSG00000250974.4	gene|regulatory|repeat|transcript	36
chr5	135064148	135064184	ENSG00000224186.8	gene|regulatory|repeat|transcript	36
chr5	173410738	173410774	ENSG00000253968.2	gene|regulatory|repeat|transcript	36
chr5	96934085	96934121	ENSG00000247121.8	gene|regulatory|repeat|transcript	36
chr5	96922958	96922994	ENSG00000247121.8	gene|regulatory|repeat|transcript	36
chr5	6787319	6787355	ENSG00000251365.6	gene|regulatory|repeat|transcript	36
chr5	89444317	89444353	ENSG00000248309.9	gene|regulatory|repeat|transcript	36
chr5	127961341	127961377	ENSG00000245937.10	gene|regulatory|repeat|transcript	36
chr5	126761916	126761952	ENSG00000251072.2	gene|regulatory|repeat|transcript	36
chr5	84385011	84385047	ENSG00000250320.7	gene|regulatory|repeat|transcript	36
chr5	134483103	134483139	ENSG00000250994.3	gene|regulatory|repeat|transcript	36
chr5	134483197	134483233	ENSG00000250994.3	gene|regulatory|repeat|transcript	36
chr5	134483810	134483846	ENSG00000250994.3	gene|regulatory|repeat|transcript	36
chr5	137858367	137858403	ENSG00000250159.7	gene|regulatory|repeat|transcript	36
chr5	68193319	68193355	ENSG00000253787.1	gene|regulatory|repeat|transcript	36
chr5	67515302	67515338	ENSG00000249364.7	gene|regulatory|repeat|transcript	36
chr5	1358533	1358569	ENSG00000250584.4	gene|regulatory|repeat|transcript	36
chr5	158513535	158513571	ENSG00000254135.3	gene|regulatory|repeat|transcript	36
chr5	17852793	17852829	ENSG00000249937.9	gene|regulatory|repeat|transcript	36
chr5	21340458	21340494	ENSG00000249359.3	gene|regulatory|repeat|transcript	36
chr5	153158845	153158881	ENSG00000249484.9	gene|regulatory|repeat|transcript	36
chr5	93408374	93408410	ENSG00000237187.9	gene|regulatory|repeat|transcript	36
chr5	142591221	142591257	ENSG00000231185.9	gene|regulatory|repeat|transcript	36
chr5	67724712	67724748	ENSG00000249364.7|ENSG00000250421.5	gene|regulatory|repeat|transcript	36
chr5	67450464	67450500	ENSG00000249364.7	gene|regulatory|repeat|transcript	36
chr5	73281773	73281809	ENSG00000249743.8	gene|regulatory|repeat|transcript	36
chr5	174419070	174419105	ENSG00000249306.7	gene|regulatory|repeat|transcript	35
chr5	103465389	103465424	ENSG00000226926.8|ENSG00000293393.1	gene|regulatory|repeat|transcript	35
chr5	159228232	159228267	ENSG00000253256.1|ENSG00000253315.1	gene|regulatory|repeat|transcript	35
chr5	16411311	16411346	ENSG00000248150.1	gene|regulatory|repeat|transcript	35
chr5	159350457	159350492	ENSG00000249738.10	gene|regulatory|repeat|transcript	35
chr5	173737383	173737418	ENSG00000253686.2	gene|regulatory|repeat|transcript	35
chr5	89272379	89272414	ENSG00000248309.9	gene|regulatory|repeat|transcript	35
chr5	68710575	68710610	ENSG00000250237.3	gene|regulatory|repeat|transcript	35
chr5	29113537	29113572	ENSG00000259786.7	gene|regulatory|repeat|transcript	35
chr5	60701618	60701653	ENSG00000287434.1	gene|regulatory|repeat|transcript	35
chr5	134482697	134482732	ENSG00000250994.3	gene|regulatory|repeat|transcript	35
chr5	68946816	68946851	ENSG00000249335.5	gene|regulatory|repeat|transcript	35
chr5	88480561	88480596	ENSG00000271904.1	gene|regulatory|repeat|transcript	35
chr5	15237344	15237379	ENSG00000249332.2	gene|regulatory|repeat|transcript	35
chr5	56097994	56098029	ENSG00000249236.2	gene|regulatory|repeat|transcript	35
chr5	181262454	181262489	ENSG00000233937.9|ENSG00000248275.3	gene|regulatory|repeat|transcript	35
chr5	130868241	130868276	ENSG00000287390.1	gene|regulatory|repeat|transcript	35
chr5	124936819	124936854	ENSG00000260192.3	gene|regulatory|repeat|transcript	35
chr5	152924532	152924567	ENSG00000249484.9	gene|regulatory|repeat|transcript	35
chr5	153037264	153037299	ENSG00000249484.9	gene|regulatory|repeat|transcript	35
chr5	42887708	42887743	ENSG00000286271.3	gene|regulatory|repeat|transcript	35
chr5	33148499	33148534	ENSG00000250697.2	gene|regulatory|repeat|transcript	35
chr5	125579966	125580001	ENSG00000248752.3|ENSG00000260192.3|ENSG00000286111.1	gene|regulatory|repeat|transcript	35
chr5	125299063	125299098	ENSG00000260192.3	gene|regulatory|repeat|transcript	35
chr5	158227947	158227982	ENSG00000253449.1	gene|regulatory|repeat|transcript	35
chr5	4977851	4977886	ENSG00000250481.2	gene|regulatory|repeat|transcript	35
chr5	17878874	17878909	ENSG00000249937.9	gene|regulatory|repeat|transcript	35
chr5	43521072	43521107	ENSG00000248240.1|ENSG00000248554.1	gene|regulatory|repeat|transcript	35
chr5	124162850	124162885	ENSG00000253807.6	gene|regulatory|repeat|transcript	35
chr5	177792321	177792356	ENSG00000249109.1	gene|regulatory|repeat|transcript	35
chr5	67437643	67437678	ENSG00000249364.7	gene|regulatory|repeat|transcript	35
chr5	52751395	52751430	ENSG00000248898.4	gene|regulatory|repeat|transcript	35
chr5	96511102	96511137	ENSG00000251314.2	gene|regulatory|repeat|transcript	35
chr5	67639531	67639566	ENSG00000249364.7|ENSG00000249736.1	gene|regulatory|repeat|transcript	35
chr5	24818292	24818327	ENSG00000286238.1	gene|regulatory|repeat|transcript	35
chr5	72658832	72658867	ENSG00000248371.5	gene|regulatory|repeat|transcript	35
chr5	143759432	143759467	ENSG00000249881.1	gene|regulatory|repeat|transcript	35
chr5	88667775	88667809	ENSG00000245526.13	gene|regulatory|repeat|transcript	34
chr5	88489608	88489642	ENSG00000271904.1	gene|regulatory|repeat|transcript	34
chr5	68535992	68536026	ENSG00000248359.2|ENSG00000250237.3	gene|regulatory|repeat|transcript	34
chr5	104701048	104701082	ENSG00000251574.8	gene|regulatory|repeat|transcript	34
chr5	74953611	74953645	ENSG00000249856.1|ENSG00000289535.2	gene|regulatory|repeat|transcript	34
chr5	104706927	104706961	ENSG00000251574.8	gene|regulatory|repeat|transcript	34
chr5	173734836	173734870	ENSG00000253686.2	gene|regulatory|repeat|transcript	34
chr5	159731712	159731746	ENSG00000249738.10|ENSG00000253311.3	gene|regulatory|repeat|transcript	34
chr5	56527196	56527230	ENSG00000225940.7	gene|regulatory|repeat|transcript	34
chr5	142752354	142752388	ENSG00000236714.3	gene|regulatory|repeat|transcript	34
chr5	111551569	111551603	ENSG00000246859.3	gene|regulatory|repeat|transcript	34
chr5	10509910	10509944	ENSG00000249160.4	gene|regulatory|repeat|transcript	34
chr5	103454895	103454929	ENSG00000226926.8|ENSG00000293393.1	gene|regulatory|repeat|transcript	34
chr5	103522913	103522947	ENSG00000226926.8	gene|regulatory|repeat|transcript	34
chr5	102712316	102712350	ENSG00000286338.1	gene|regulatory|repeat|transcript	34
chr5	146580678	146580712	ENSG00000250407.1	gene|regulatory|repeat|transcript	34
chr5	126499384	126499418	ENSG00000250602.6	gene|regulatory|repeat|transcript	34
chr5	164204742	164204776	ENSG00000253331.1	gene|regulatory|repeat|transcript	34
chr5	118525474	118525508	ENSG00000250891.3	gene|regulatory|repeat|transcript	34
chr5	38707359	38707393	ENSG00000249740.4	gene|regulatory|repeat|transcript	34
chr5	103522607	103522641	ENSG00000226926.8	gene|regulatory|repeat|transcript	34
chr5	118156997	118157031	ENSG00000249797.2|ENSG00000250891.3	gene|regulatory|repeat|transcript	34
chr5	88142668	88142702	ENSG00000287862.1	gene|regulatory|repeat|transcript	34
chr5	56900648	56900682	ENSG00000225230.1	gene|regulatory|repeat|transcript	34
chr5	38816314	38816348	ENSG00000249740.4	gene|regulatory|repeat|transcript	34
chr5	55235343	55235377	ENSG00000251307.1	gene|regulatory|repeat|transcript	34
chr5	55995819	55995853	ENSG00000227908.5|ENSG00000249236.2	gene|regulatory|repeat|transcript	34
chr5	158514556	158514590	ENSG00000254135.3	gene|regulatory|repeat|transcript	34
chr5	61287523	61287557	ENSG00000249279.6	gene|regulatory|repeat|transcript	34
chr5	173713524	173713558	ENSG00000253686.2	gene|regulatory|repeat|transcript	34
chr5	172816967	172817001	ENSG00000253628.2	gene|regulatory|repeat|transcript	34
chr5	143595926	143595960	ENSG00000251205.3	gene|regulatory|repeat|transcript	34
chr5	96259695	96259729	ENSG00000250158.1|ENSG00000251314.2	gene|regulatory|repeat|transcript	34
chr5	96336814	96336848	ENSG00000251314.2	gene|regulatory|repeat|transcript	34
chr5	159105336	159105370	ENSG00000245812.5	gene|regulatory|repeat|transcript	34
chr5	135217858	135217892	ENSG00000224186.8	gene|regulatory|repeat|transcript	34
chr5	92641189	92641223	ENSG00000249776.5	gene|regulatory|repeat|transcript	34
chr5	95873380	95873414	ENSG00000250362.1	gene|regulatory|repeat|transcript	34
chr5	123089157	123089191	ENSG00000223652.2	gene|regulatory|repeat|transcript	34
chr5	96101755	96101789	ENSG00000250551.1|ENSG00000251314.2	gene|regulatory|repeat|transcript	34
chr5	170308153	170308187	ENSG00000235172.9	gene|regulatory|repeat|transcript	34
chr5	172765981	172766015	ENSG00000253736.5	gene|regulatory|repeat|transcript	34
chr5	76083281	76083315	ENSG00000248127.1	gene|regulatory|repeat|transcript	34
chr5	35823643	35823677	ENSG00000248969.1	gene|regulatory|repeat|transcript	34
chr5	142551951	142551985	ENSG00000231185.9	gene|regulatory|repeat|transcript	34
chr5	52728446	52728480	ENSG00000248898.4	gene|regulatory|repeat|transcript	34
chr5	181281872	181281905	ENSG00000248103.1	gene|regulatory|repeat|transcript	33
chr5	159825085	159825118	ENSG00000253311.3	gene|regulatory|repeat|transcript	33
chr5	75321345	75321378	ENSG00000247372.2	gene|regulatory|repeat|transcript	33
chr5	56515047	56515080	ENSG00000225940.7	gene|regulatory|repeat|transcript	33
chr5	10761385	10761418	ENSG00000272324.5	gene|regulatory|repeat|transcript	33
chr5	163105479	163105512	ENSG00000254186.3	gene|regulatory|repeat|transcript	33
chr5	176152221	176152254	ENSG00000248596.8|ENSG00000283559.3|ENSG00000289731.2|ENSG00000290935.1	gene|regulatory|repeat|transcript	33
chr5	73217715	73217748	ENSG00000249743.8	gene|regulatory|repeat|transcript	33
chr5	37847023	37847056	ENSG00000248587.8	gene|regulatory|repeat|transcript	33
chr5	134483141	134483174	ENSG00000250994.3	gene|regulatory|repeat|transcript	33
chr5	164120104	164120137	ENSG00000253331.1	gene|regulatory|repeat|transcript	33
chr5	57654225	57654258	ENSG00000287709.3	gene|regulatory|repeat|transcript	33
chr5	148265951	148265984	ENSG00000247199.6	gene|regulatory|repeat|transcript	33
chr5	125372830	125372863	ENSG00000248752.3|ENSG00000260192.3	gene|regulatory|repeat|transcript	33
chr5	141755994	141756027	ENSG00000286736.1	gene|regulatory|repeat|transcript	33
chr5	124952902	124952935	ENSG00000260192.3	gene|regulatory|repeat|transcript	33
chr5	87122666	87122699	ENSG00000233828.5|ENSG00000249061.1	gene|regulatory|repeat|transcript	33
chr5	174414343	174414376	ENSG00000249306.7	gene|regulatory|repeat|transcript	33
chr5	140593196	140593229	ENSG00000283602.2|ENSG00000293441.1	gene|regulatory|repeat|transcript	33
chr5	127662615	127662648	ENSG00000248799.1	gene|regulatory|repeat|transcript	33
chr5	134483942	134483975	ENSG00000250994.3	gene|regulatory|repeat|transcript	33
chr5	159344125	159344158	ENSG00000249738.10	gene|regulatory|repeat|transcript	33
chr5	164358234	164358267	ENSG00000241956.11	gene|regulatory|repeat|transcript	33
chr5	174522521	174522554	ENSG00000249306.7	gene|regulatory|repeat|transcript	33
chr5	72652085	72652118	ENSG00000248371.5	gene|regulatory|repeat|transcript	33
chr5	82343123	82343156	ENSG00000293465.1	gene|regulatory|repeat|transcript	33
chr5	40428849	40428882	ENSG00000283286.2	gene|regulatory|repeat|transcript	33
chr5	61627562	61627595	ENSG00000178722.16	gene|regulatory|repeat|transcript	33
chr5	16656925	16656958	ENSG00000246214.3	gene|regulatory|repeat|transcript	33
chr5	125439201	125439234	ENSG00000248752.3|ENSG00000260192.3	gene|regulatory|repeat|transcript	33
chr5	122126782	122126815	ENSG00000247311.3	gene|regulatory|repeat|transcript	33
chr5	122471798	122471831	ENSG00000250328.7	gene|regulatory|repeat|transcript	33
chr5	91272958	91272991	ENSG00000248323.8	gene|regulatory|repeat|transcript	33
chr5	153890637	153890670	ENSG00000251183.1	gene|regulatory|repeat|transcript	33
chr5	6687337	6687370	ENSG00000248677.2	gene|regulatory|repeat|transcript	33
chr5	89275416	89275449	ENSG00000248309.9	gene|regulatory|repeat|transcript	33
chr5	17879450	17879483	ENSG00000249937.9	gene|regulatory|repeat|transcript	33
chr5	95704056	95704089	ENSG00000250240.6	gene|regulatory|repeat|transcript	33
chr5	41877651	41877684	ENSG00000286164.1	gene|regulatory|repeat|transcript	33
chr5	88690422	88690455	ENSG00000245526.13|ENSG00000245864.5	gene|regulatory|repeat|transcript	33
chr5	139686053	139686086	ENSG00000249526.1	gene|regulatory|repeat|transcript	33
chr5	91221491	91221524	ENSG00000248323.8	gene|regulatory|repeat|transcript	33
chr5	173647039	173647072	ENSG00000253959.1	gene|regulatory|repeat|transcript	33
chr5	173475219	173475252	ENSG00000253141.2	gene|regulatory|repeat|transcript	33
chr5	23013161	23013194	ENSG00000249404.1	gene|regulatory|repeat|transcript	33
chr5	53793201	53793234	ENSG00000250447.6	gene|regulatory|repeat|transcript	33
chr5	150484811	150484844	ENSG00000254333.1	gene|regulatory|repeat|transcript	33
chr5	9547015	9547047	ENSG00000250786.4	gene|regulatory|repeat|transcript	32
chr5	151708208	151708240	ENSG00000249035.7	gene|regulatory|repeat|transcript	32
chr5	96920030	96920062	ENSG00000247121.8	gene|regulatory|repeat|transcript	32
chr5	58123276	58123308	ENSG00000286853.1	gene|regulatory|repeat|transcript	32
chr5	82858340	82858372	ENSG00000281327.4	gene|regulatory|repeat|transcript	32
chr5	4859629	4859661	ENSG00000248973.3	gene|regulatory|repeat|transcript	32
chr5	160472726	160472758	ENSG00000253522.6	gene|regulatory|repeat|transcript	32
chr5	56078149	56078181	ENSG00000249236.2	gene|regulatory|repeat|transcript	32
chr5	152265314	152265346	ENSG00000254226.6	gene|regulatory|repeat|transcript	32
chr5	174839527	174839559	ENSG00000251670.1	gene|regulatory|repeat|transcript	32
chr5	118108954	118108986	ENSG00000249797.2|ENSG00000250891.3	gene|regulatory|repeat|transcript	32
chr5	176737138	176737170	ENSG00000251446.1	gene|regulatory|repeat|transcript	32
chr5	159817903	159817935	ENSG00000253311.3	gene|regulatory|repeat|transcript	32
chr5	1374358	1374390	ENSG00000250584.4	gene|regulatory|repeat|transcript	32
chr5	142476232	142476264	ENSG00000231185.9	gene|regulatory|repeat|transcript	32
chr5	181205756	181205788	ENSG00000248514.1	gene|regulatory|repeat|transcript	32
chr5	33236042	33236074	ENSG00000250697.2|ENSG00000251443.3	gene|regulatory|repeat|transcript	32
chr5	89275305	89275337	ENSG00000248309.9	gene|regulatory|repeat|transcript	32
chr5	17733677	17733709	ENSG00000249937.9	gene|regulatory|repeat|transcript	32
chr5	173718324	173718356	ENSG00000253686.2	gene|regulatory|repeat|transcript	32
chr5	89352298	89352330	ENSG00000248309.9	gene|regulatory|repeat|transcript	32
chr5	29262969	29263001	ENSG00000286182.1	gene|regulatory|repeat|transcript	32
chr5	122126924	122126956	ENSG00000247311.3	gene|regulatory|repeat|transcript	32
chr5	92151319	92151351	ENSG00000250049.7	gene|regulatory|repeat|transcript	32
chr5	61884825	61884857	ENSG00000248199.2	gene|regulatory|repeat|transcript	32
chr5	121292727	121292759	ENSG00000229855.9	gene|regulatory|repeat|transcript	32
chr5	158522955	158522987	ENSG00000254135.3	gene|regulatory|repeat|transcript	32
chr5	159106347	159106379	ENSG00000245812.5	gene|regulatory|repeat|transcript	32
chr5	152622710	152622742	ENSG00000249484.9|ENSG00000286749.1	gene|regulatory|repeat|transcript	32
chr5	57500000	57500032	ENSG00000250961.2	gene|regulatory|repeat|transcript	32
chr5	134438197	134438229	ENSG00000250564.2|ENSG00000250994.3	gene|regulatory|repeat|transcript	32
chr5	148343856	148343888	ENSG00000247199.6	gene|regulatory|repeat|transcript	32
chr5	116821138	116821170	ENSG00000249150.2	gene|regulatory|repeat|transcript	32
chr5	104800499	104800531	ENSG00000251574.8	gene|regulatory|repeat|transcript	32
chr5	128039542	128039574	ENSG00000245937.10	gene|regulatory|repeat|transcript	32
chr5	124309840	124309872	ENSG00000253807.6	gene|regulatory|repeat|transcript	32
chr5	95836669	95836701	ENSG00000251409.2	gene|regulatory|repeat|transcript	32
chr5	88694056	88694088	ENSG00000245864.5|ENSG00000250377.2	gene|regulatory|repeat|transcript	32
chr5	174378267	174378299	ENSG00000249306.7	gene|regulatory|repeat|transcript	32
chr5	67417025	67417057	ENSG00000249364.7	gene|regulatory|repeat|transcript	32
chr5	29240667	29240699	ENSG00000286182.1	gene|regulatory|repeat|transcript	32
chr5	105168925	105168956	ENSG00000251574.8|ENSG00000253584.1	gene|regulatory|repeat|transcript	31
chr5	100448942	100448973	ENSG00000247877.8|ENSG00000249787.2	gene|regulatory|repeat|transcript	31
chr5	56053037	56053068	ENSG00000249236.2	gene|regulatory|repeat|transcript	31
chr5	103452309	103452340	ENSG00000226926.8|ENSG00000293393.1	gene|regulatory|repeat|transcript	31
chr5	104643372	104643403	ENSG00000251574.8	gene|regulatory|repeat|transcript	31
chr5	96337202	96337233	ENSG00000251314.2	gene|regulatory|repeat|transcript	31
chr5	135050264	135050295	ENSG00000224186.8	gene|regulatory|repeat|transcript	31
chr5	164442259	164442290	ENSG00000241956.11	gene|regulatory|repeat|transcript	31
chr5	29240713	29240744	ENSG00000286182.1	gene|regulatory|repeat|transcript	31
chr5	141753564	141753595	ENSG00000286736.1	gene|regulatory|repeat|transcript	31
chr5	73284746	73284777	ENSG00000249743.8	gene|regulatory|repeat|transcript	31
chr5	159240429	159240460	ENSG00000253256.1|ENSG00000253315.1	gene|regulatory|repeat|transcript	31
chr5	117848768	117848799	ENSG00000249797.2	gene|regulatory|repeat|transcript	31
chr5	993466	993497	ENSG00000215246.6	gene|regulatory|repeat|transcript	31
chr5	133046672	133046703	ENSG00000287054.1	gene|regulatory|repeat|transcript	31
chr5	150485005	150485036	ENSG00000254333.1	gene|regulatory|repeat|transcript	31
chr5	88389557	88389588	ENSG00000247828.10	gene|regulatory|repeat|transcript	31
chr5	88144143	88144174	ENSG00000287862.1	gene|regulatory|repeat|transcript	31
chr5	124878998	124879029	ENSG00000260192.3	gene|regulatory|repeat|transcript	31
chr5	44645592	44645623	ENSG00000249203.2	gene|regulatory|repeat|transcript	31
chr5	95988366	95988397	ENSG00000251314.2	gene|regulatory|repeat|transcript	31
chr5	125550454	125550485	ENSG00000248752.3|ENSG00000260192.3|ENSG00000286111.1	gene|regulatory|repeat|transcript	31
chr5	40503605	40503636	ENSG00000285552.1	gene|regulatory|repeat|transcript	31
chr5	135190647	135190678	ENSG00000224186.8	gene|regulatory|repeat|transcript	31
chr5	93582771	93582802	ENSG00000237187.9	gene|regulatory|repeat|transcript	31
chr5	96012866	96012897	ENSG00000251314.2	gene|regulatory|repeat|transcript	31
chr5	66209675	66209706	ENSG00000248846.3	gene|regulatory|repeat|transcript	31
chr5	119032727	119032758	ENSG00000249494.6	gene|regulatory|repeat|transcript	31
chr5	172534373	172534404	ENSG00000287814.1	gene|regulatory|repeat|transcript	31
chr5	139700776	139700807	ENSG00000249526.1	gene|regulatory|repeat|transcript	31
chr5	135243519	135243550	ENSG00000224186.8|ENSG00000249647.2	gene|regulatory|repeat|transcript	31
chr5	91223368	91223399	ENSG00000248323.8	gene|regulatory|repeat|transcript	31
chr5	38824067	38824098	ENSG00000249740.4	gene|regulatory|repeat|transcript	31
chr5	15139629	15139660	ENSG00000249332.2	gene|regulatory|repeat|transcript	31
chr5	55086053	55086084	ENSG00000249454.1	gene|regulatory|repeat|transcript	31
chr5	159651147	159651178	ENSG00000249738.10	gene|regulatory|repeat|transcript	31
chr5	36689001	36689032	ENSG00000250155.3	gene|regulatory|repeat|transcript	31
chr5	143582519	143582549	ENSG00000251205.3	gene|regulatory|repeat|transcript	30
chr5	142367337	142367367	ENSG00000231185.9	gene|regulatory|repeat|transcript	30
chr5	74384915	74384945	ENSG00000248673.2	gene|regulatory|repeat|transcript	30
chr5	180437356	180437386	ENSG00000250509.2	gene|regulatory|repeat|transcript	30
chr5	74518047	74518077	ENSG00000248673.2	gene|regulatory|repeat|transcript	30
chr5	74462196	74462226	ENSG00000248673.2	gene|regulatory|repeat|transcript	30
chr5	74478542	74478572	ENSG00000248673.2	gene|regulatory|repeat|transcript	30
chr5	143523325	143523355	ENSG00000249429.1	gene|regulatory|repeat|transcript	30
chr5	124104673	124104703	ENSG00000253807.6	gene|regulatory|repeat|transcript	30
chr5	92380590	92380620	ENSG00000250049.7	gene|regulatory|repeat|transcript	30
chr5	151700337	151700367	ENSG00000249035.7	gene|regulatory|repeat|transcript	30
chr5	143693798	143693828	ENSG00000249881.1	gene|regulatory|repeat|transcript	30
chr5	139711798	139711828	ENSG00000249526.1	gene|regulatory|repeat|transcript	30
chr5	89284800	89284830	ENSG00000248309.9	gene|regulatory|repeat|transcript	30
chr5	38077977	38078007	ENSG00000248461.3	gene|regulatory|repeat|transcript	30
chr5	91179888	91179918	ENSG00000248323.8	gene|regulatory|repeat|transcript	30
chr5	136132814	136132844	ENSG00000164621.5	gene|regulatory|repeat|transcript	30
chr5	173473518	173473548	ENSG00000253141.2	gene|regulatory|repeat|transcript	30
chr5	172774071	172774101	ENSG00000253736.5	gene|regulatory|repeat|transcript	30
chr5	91707364	91707394	ENSG00000286121.1	gene|regulatory|repeat|transcript	30
chr5	172775837	172775867	ENSG00000253736.5	gene|regulatory|repeat|transcript	30
chr5	67538309	67538339	ENSG00000249364.7	gene|regulatory|repeat|transcript	30
chr5	91279999	91280029	ENSG00000248323.8	gene|regulatory|repeat|transcript	30
chr5	52787270	52787300	ENSG00000248898.4	gene|regulatory|repeat|transcript	30
chr5	139698866	139698896	ENSG00000249526.1	gene|regulatory|repeat|transcript	30
chr5	54366717	54366747	ENSG00000249069.8	gene|regulatory|repeat|transcript	30
chr5	140577207	140577237	ENSG00000283155.1|ENSG00000283602.2|ENSG00000293441.1	gene|regulatory|repeat|transcript	30
chr5	96856365	96856395	ENSG00000247121.8	gene|regulatory|repeat|transcript	30
chr5	82340891	82340921	ENSG00000293465.1	gene|regulatory|repeat|transcript	30
chr5	72588186	72588216	ENSG00000248371.5	gene|regulatory|repeat|transcript	30
chr5	143494614	143494644	ENSG00000249429.1	gene|regulatory|repeat|transcript	30
chr5	135133785	135133815	ENSG00000224186.8|ENSG00000248753.1	gene|regulatory|repeat|transcript	30
chr5	40428882	40428912	ENSG00000283286.2	gene|regulatory|repeat|transcript	30
chr5	153037304	153037334	ENSG00000249484.9	gene|regulatory|repeat|transcript	30
chr5	173799444	173799474	ENSG00000254211.6	gene|regulatory|repeat|transcript	30
chr5	95843813	95843843	ENSG00000236882.9|ENSG00000251409.2	gene|regulatory|repeat|transcript	30
chr5	93532393	93532423	ENSG00000237187.9	gene|regulatory|repeat|transcript	30
chr5	135185941	135185971	ENSG00000224186.8	gene|regulatory|repeat|transcript	30
chr5	68839508	68839538	ENSG00000249335.5	gene|regulatory|repeat|transcript	30
chr5	125043776	125043806	ENSG00000260192.3	gene|regulatory|repeat|transcript	30
chr5	119023120	119023150	ENSG00000249494.6	gene|regulatory|repeat|transcript	30
chr5	4571579	4571609	ENSG00000248973.3	gene|regulatory|repeat|transcript	30
chr5	82280053	82280083	ENSG00000293465.1	gene|regulatory|repeat|transcript	30
chr5	103890870	103890900	ENSG00000283462.3	gene|regulatory|repeat|transcript	30
chr5	149063958	149063988	ENSG00000250072.8	gene|regulatory|repeat|transcript	30
chr5	142354585	142354615	ENSG00000231185.9	gene|regulatory|repeat|transcript	30
chr5	152379718	152379748	ENSG00000286749.1	gene|regulatory|repeat|transcript	30
chr5	73246286	73246316	ENSG00000249743.8	gene|regulatory|repeat|transcript	30
chr5	12663029	12663059	ENSG00000248131.6	gene|regulatory|repeat|transcript	30
chr5	56480964	56480994	ENSG00000248727.6	gene|regulatory|repeat|transcript	30
chr5	115369794	115369824	ENSG00000289497.2	gene|regulatory|repeat|transcript	30
chr5	88117896	88117925	ENSG00000287862.1	gene|regulatory|repeat|transcript	29
chr5	31172919	31172948	ENSG00000254138.1|ENSG00000289601.1	gene|regulatory|repeat|transcript	29
chr5	68892039	68892068	ENSG00000249335.5	gene|regulatory|repeat|transcript	29
chr5	119018244	119018273	ENSG00000249494.6	gene|regulatory|repeat|transcript	29
chr5	158513135	158513164	ENSG00000254135.3	gene|regulatory|repeat|transcript	29
chr5	38051537	38051566	ENSG00000248461.3	gene|regulatory|repeat|transcript	29
chr5	139689376	139689405	ENSG00000249526.1	gene|regulatory|repeat|transcript	29
chr5	88689244	88689273	ENSG00000245526.13|ENSG00000245864.5	gene|regulatory|repeat|transcript	29
chr5	159735281	159735310	ENSG00000249738.10|ENSG00000253311.3	gene|regulatory|repeat|transcript	29
chr5	157686896	157686925	ENSG00000290601.1	gene|regulatory|repeat|transcript	29
chr5	74499699	74499728	ENSG00000248673.2	gene|regulatory|repeat|transcript	29
chr5	143515310	143515339	ENSG00000249429.1	gene|regulatory|repeat|transcript	29
chr5	92455280	92455309	ENSG00000249776.5|ENSG00000250049.7	gene|regulatory|repeat|transcript	29
chr5	158278628	158278657	ENSG00000253134.1	gene|regulatory|repeat|transcript	29
chr5	143623386	143623415	ENSG00000249881.1	gene|regulatory|repeat|transcript	29
chr5	91191558	91191587	ENSG00000248323.8	gene|regulatory|repeat|transcript	29
chr5	149264680	149264709	ENSG00000248647.2|ENSG00000253406.1	gene|regulatory|repeat|transcript	29
chr5	1941900	1941929	ENSG00000248994.2	gene|regulatory|repeat|transcript	29
chr5	98128462	98128491	ENSG00000248901.2	gene|regulatory|repeat|transcript	29
chr5	174816947	174816976	ENSG00000251670.1	gene|regulatory|repeat|transcript	29
chr5	61623850	61623879	ENSG00000178722.16	gene|regulatory|repeat|transcript	29
chr5	145077033	145077062	ENSG00000251031.2	gene|regulatory|repeat|transcript	29
chr5	9776533	9776562	ENSG00000249781.7	gene|regulatory|repeat|transcript	29
chr5	72723208	72723237	ENSG00000251613.4	gene|regulatory|repeat|transcript	29
chr5	54720066	54720095	ENSG00000287367.2	gene|regulatory|repeat|transcript	29
chr5	164203675	164203704	ENSG00000253331.1	gene|regulatory|repeat|transcript	29
chr5	100500190	100500219	ENSG00000247877.8|ENSG00000249787.2	gene|regulatory|repeat|transcript	29
chr5	176185342	176185371	ENSG00000283235.2	gene|regulatory|repeat|transcript	29
chr5	4570922	4570951	ENSG00000248973.3	gene|regulatory|repeat|transcript	29
chr5	104642247	104642276	ENSG00000251574.8	gene|regulatory|repeat|transcript	29
chr5	1252490	1252519	ENSG00000287486.1	gene|regulatory|repeat|transcript	29
chr5	133030443	133030472	ENSG00000287054.1	gene|regulatory|repeat|transcript	29
chr5	149074125	149074154	ENSG00000250072.8	gene|regulatory|repeat|transcript	29
chr5	103455069	103455098	ENSG00000226926.8|ENSG00000293393.1	gene|regulatory|repeat|transcript	29
chr5	74968363	74968392	ENSG00000249856.1|ENSG00000289535.2	gene|regulatory|repeat|transcript	29
chr5	75009809	75009838	ENSG00000249856.1	gene|regulatory|repeat|transcript	29
chr5	66354781	66354810	ENSG00000251391.5|ENSG00000286062.2	gene|regulatory|repeat|transcript	29
chr5	93022236	93022265	ENSG00000251361.1	gene|regulatory|repeat|transcript	29
chr5	124857031	124857060	ENSG00000260192.3	gene|regulatory|repeat|transcript	29
chr5	143738756	143738785	ENSG00000249881.1	gene|regulatory|repeat|transcript	29
chr5	57416602	57416631	ENSG00000250961.2	gene|regulatory|repeat|transcript	29
chr5	45093520	45093549	ENSG00000248148.1	gene|regulatory|repeat|transcript	29
chr5	142740475	142740504	ENSG00000236714.3	gene|regulatory|repeat|transcript	29
chr5	174383316	174383345	ENSG00000249306.7	gene|regulatory|repeat|transcript	29
chr5	6704702	6704731	ENSG00000248677.2	gene|regulatory|repeat|transcript	29
chr5	38755257	38755285	ENSG00000249740.4	gene|regulatory|repeat|transcript	28
chr5	56058303	56058331	ENSG00000249236.2	gene|regulatory|repeat|transcript	28
chr5	42889373	42889401	ENSG00000286271.3	gene|regulatory|repeat|transcript	28
chr5	152142478	152142506	ENSG00000254226.6	gene|regulatory|repeat|transcript	28
chr5	1363162	1363190	ENSG00000250584.4	gene|regulatory|repeat|transcript	28
chr5	74464776	74464804	ENSG00000248673.2	gene|regulatory|repeat|transcript	28
chr5	6859932	6859960	ENSG00000250974.4	gene|regulatory|repeat|transcript	28
chr5	74295922	74295950	ENSG00000248673.2|ENSG00000248942.3|ENSG00000288883.1	gene|regulatory|repeat|transcript	28
chr5	142443874	142443902	ENSG00000231185.9	gene|regulatory|repeat|transcript	28
chr5	55063501	55063529	ENSG00000248029.2	gene|regulatory|repeat|transcript	28
chr5	37877212	37877240	ENSG00000248587.8	gene|regulatory|repeat|transcript	28
chr5	15441738	15441766	ENSG00000286377.1	gene|regulatory|repeat|transcript	28
chr5	132655485	132655513	ENSG00000223442.1	gene|regulatory|repeat|transcript	28
chr5	75007259	75007287	ENSG00000249856.1	gene|regulatory|repeat|transcript	28
chr5	16428136	16428164	ENSG00000248150.1	gene|regulatory|repeat|transcript	28
chr5	142368812	142368840	ENSG00000231185.9	gene|regulatory|repeat|transcript	28
chr5	153160127	153160155	ENSG00000249484.9	gene|regulatory|repeat|transcript	28
chr5	68996165	68996193	ENSG00000249335.5|ENSG00000249352.4	gene|regulatory|repeat|transcript	28
chr5	24238858	24238886	ENSG00000286134.2	gene|regulatory|repeat|transcript	28
chr5	87013109	87013137	ENSG00000249061.1	gene|regulatory|repeat|transcript	28
chr5	96114450	96114478	ENSG00000250551.1|ENSG00000251314.2	gene|regulatory|repeat|transcript	28
chr5	87099493	87099521	ENSG00000233828.5|ENSG00000249061.1	gene|regulatory|repeat|transcript	28
chr5	96293547	96293575	ENSG00000251314.2	gene|regulatory|repeat|transcript	28
chr5	88484255	88484283	ENSG00000271904.1	gene|regulatory|repeat|transcript	28
chr5	61684065	61684093	ENSG00000178722.16|ENSG00000248529.5	gene|regulatory|repeat|transcript	28
chr5	172764276	172764304	ENSG00000253736.5	gene|regulatory|repeat|transcript	28
chr5	92560873	92560901	ENSG00000249776.5	gene|regulatory|repeat|transcript	28
chr5	74372985	74373013	ENSG00000248673.2	gene|regulatory|repeat|transcript	28
chr5	74329782	74329810	ENSG00000248673.2|ENSG00000249343.3|ENSG00000250446.1	gene|regulatory|repeat|transcript	28
chr5	17848145	17848173	ENSG00000249937.9	gene|regulatory|repeat|transcript	28
chr5	91266609	91266637	ENSG00000248323.8	gene|regulatory|repeat|transcript	28
chr5	91390595	91390623	ENSG00000281357.5	gene|regulatory|repeat|transcript	28
chr5	172776550	172776578	ENSG00000253736.5	gene|regulatory|repeat|transcript	28
chr5	125593905	125593933	ENSG00000248752.3|ENSG00000260192.3|ENSG00000286111.1	gene|regulatory|repeat|transcript	28
chr5	96294031	96294059	ENSG00000251314.2	gene|regulatory|repeat|transcript	28
chr5	61228075	61228103	ENSG00000249279.6|ENSG00000251279.3	gene|regulatory|repeat|transcript	28
chr5	119021707	119021735	ENSG00000249494.6	gene|regulatory|repeat|transcript	28
chr5	140570454	140570482	ENSG00000283155.1|ENSG00000283602.2	gene|regulatory|repeat|transcript	28
chr5	66380126	66380154	ENSG00000251391.5|ENSG00000286062.2	gene|regulatory|repeat|transcript	28
chr5	88388744	88388772	ENSG00000247828.10	gene|regulatory|repeat|transcript	28
chr5	80621994	80622022	ENSG00000251221.1	gene|regulatory|repeat|transcript	28
chr5	135133757	135133785	ENSG00000224186.8|ENSG00000248753.1	gene|regulatory|repeat|transcript	28
chr5	158532339	158532367	ENSG00000254135.3	gene|regulatory|repeat|transcript	28
chr5	38614721	38614749	ENSG00000244968.7	gene|regulatory|repeat|transcript	28
chr5	121247307	121247335	ENSG00000229855.9	gene|regulatory|repeat|transcript	28
chr5	92927837	92927865	ENSG00000248528.1	gene|regulatory|repeat|transcript	28
chr5	93396202	93396230	ENSG00000237187.9	gene|regulatory|repeat|transcript	28
chr5	4976989	4977017	ENSG00000250481.2	gene|regulatory|repeat|transcript	28
chr5	80959489	80959517	ENSG00000251450.2	gene|regulatory|repeat|transcript	28
chr5	146580712	146580740	ENSG00000250407.1	gene|regulatory|repeat|transcript	28
chr5	173766734	173766761	ENSG00000287003.1	gene|regulatory|repeat|transcript	27
chr5	6781124	6781151	ENSG00000251365.6	gene|regulatory|repeat|transcript	27
chr5	40485623	40485650	ENSG00000285552.1|ENSG00000285616.1	gene|regulatory|repeat|transcript	27
chr5	151697731	151697758	ENSG00000249035.7	gene|regulatory|repeat|transcript	27
chr5	125696061	125696088	ENSG00000248752.3	gene|regulatory|repeat|transcript	27
chr5	74311520	74311547	ENSG00000248673.2|ENSG00000248942.3	gene|regulatory|repeat|transcript	27
chr5	74392982	74393009	ENSG00000248673.2	gene|regulatory|repeat|transcript	27
chr5	173767295	173767322	ENSG00000287003.1	gene|regulatory|repeat|transcript	27
chr5	92527780	92527807	ENSG00000249776.5	gene|regulatory|repeat|transcript	27
chr5	139687457	139687484	ENSG00000249526.1	gene|regulatory|repeat|transcript	27
chr5	135909866	135909893	ENSG00000253927.1	gene|regulatory|repeat|transcript	27
chr5	172958257	172958284	ENSG00000204758.8	gene|regulatory|repeat|transcript	27
chr5	143522987	143523014	ENSG00000249429.1	gene|regulatory|repeat|transcript	27
chr5	38826547	38826574	ENSG00000249740.4	gene|regulatory|repeat|transcript	27
chr5	111999467	111999494	ENSG00000250095.5	gene|regulatory|repeat|transcript	27
chr5	74250869	74250896	ENSG00000248673.2	gene|regulatory|repeat|transcript	27
chr5	74954243	74954270	ENSG00000249856.1|ENSG00000289535.2	gene|regulatory|repeat|transcript	27
chr5	90185591	90185618	ENSG00000248555.7	gene|regulatory|repeat|transcript	27
chr5	158429593	158429620	ENSG00000254350.1	gene|regulatory|repeat|transcript	27
chr5	126349150	126349177	ENSG00000248752.3	gene|regulatory|repeat|transcript	27
chr5	89029142	89029169	ENSG00000248309.9	gene|regulatory|repeat|transcript	27
chr5	164652347	164652374	ENSG00000241956.11	gene|regulatory|repeat|transcript	27
chr5	96260456	96260483	ENSG00000250158.1|ENSG00000251314.2	gene|regulatory|repeat|transcript	27
chr5	125376329	125376356	ENSG00000248752.3|ENSG00000260192.3	gene|regulatory|repeat|transcript	27
chr5	8012682	8012709	ENSG00000287947.1	gene|regulatory|repeat|transcript	27
chr5	135052822	135052849	ENSG00000224186.8	gene|regulatory|repeat|transcript	27
chr5	96068593	96068620	ENSG00000250551.1|ENSG00000251314.2	gene|regulatory|repeat|transcript	27
chr5	4990843	4990870	ENSG00000215231.8|ENSG00000250481.2	gene|regulatory|repeat|transcript	27
chr5	140075652	140075679	ENSG00000245146.7	gene|regulatory|repeat|transcript	27
chr5	95974003	95974030	ENSG00000250955.1|ENSG00000251314.2	gene|regulatory|repeat|transcript	27
chr5	174777466	174777493	ENSG00000251670.1	gene|regulatory|repeat|transcript	27
chr5	118236692	118236719	ENSG00000249797.2|ENSG00000250891.3	gene|regulatory|repeat|transcript	27
chr5	174461620	174461647	ENSG00000249306.7	gene|regulatory|repeat|transcript	27
chr5	174509476	174509503	ENSG00000249306.7	gene|regulatory|repeat|transcript	27
chr5	164354522	164354549	ENSG00000241956.11	gene|regulatory|repeat|transcript	27
chr5	128032470	128032497	ENSG00000245937.10	gene|regulatory|repeat|transcript	27
chr5	80955424	80955451	ENSG00000251450.2	gene|regulatory|repeat|transcript	27
chr5	10762572	10762599	ENSG00000272324.5	gene|regulatory|repeat|transcript	27
chr5	57455516	57455543	ENSG00000250961.2	gene|regulatory|repeat|transcript	27
chr5	38719418	38719445	ENSG00000249740.4	gene|regulatory|repeat|transcript	27
chr5	103511652	103511679	ENSG00000226926.8	gene|regulatory|repeat|transcript	27
chr5	127978944	127978971	ENSG00000245937.10	gene|regulatory|repeat|transcript	27
chr5	175909424	175909451	ENSG00000250820.1	gene|regulatory|repeat|transcript	27
chr5	54825335	54825362	ENSG00000232517.2	gene|regulatory|repeat|transcript	27
chr5	115395624	115395651	ENSG00000289497.2	gene|regulatory|repeat|transcript	27
chr5	75335516	75335543	ENSG00000247372.2	gene|regulatory|repeat|transcript	27
chr5	3511762	3511789	ENSG00000248118.2	gene|regulatory|repeat|transcript	27
chr5	134430578	134430605	ENSG00000250564.2	gene|regulatory|repeat|transcript	27
chr5	79940151	79940178	ENSG00000250888.1	gene|regulatory|repeat|transcript	27
chr5	4531897	4531924	ENSG00000248973.3	gene|regulatory|repeat|transcript	27
chr5	79963339	79963366	ENSG00000250888.1	gene|regulatory|repeat|transcript	27
chr5	12932075	12932102	ENSG00000248457.1	gene|regulatory|repeat|transcript	27
chr5	111532005	111532032	ENSG00000246859.3	gene|regulatory|repeat|transcript	27
chr5	74405602	74405628	ENSG00000248673.2	gene|regulatory|repeat|transcript	26
chr5	178192932	178192958	ENSG00000289726.1	gene|regulatory|repeat|transcript	26
chr5	152621155	152621181	ENSG00000249484.9|ENSG00000286749.1	gene|regulatory|repeat|transcript	26
chr5	56060394	56060420	ENSG00000249236.2	gene|regulatory|repeat|transcript	26
chr5	174409072	174409098	ENSG00000249306.7	gene|regulatory|repeat|transcript	26
chr5	61299547	61299573	ENSG00000249279.6	gene|regulatory|repeat|transcript	26
chr5	69042893	69042919	ENSG00000249335.5	gene|regulatory|repeat|transcript	26
chr5	174522554	174522580	ENSG00000249306.7	gene|regulatory|repeat|transcript	26
chr5	98959871	98959897	ENSG00000248489.4	gene|regulatory|repeat|transcript	26
chr5	52729589	52729615	ENSG00000248898.4	gene|regulatory|repeat|transcript	26
chr5	45093549	45093575	ENSG00000248148.1	gene|regulatory|repeat|transcript	26
chr5	173785679	173785705	ENSG00000254211.6	gene|regulatory|repeat|transcript	26
chr5	142572369	142572395	ENSG00000231185.9	gene|regulatory|repeat|transcript	26
chr5	140349607	140349633	ENSG00000253965.3	gene|regulatory|repeat|transcript	26
chr5	135224755	135224781	ENSG00000224186.8	gene|regulatory|repeat|transcript	26
chr5	134483784	134483810	ENSG00000250994.3	gene|regulatory|repeat|transcript	26
chr5	8254530	8254556	ENSG00000288002.1	gene|regulatory|repeat|transcript	26
chr5	112643885	112643911	ENSG00000250358.7	gene|regulatory|repeat|transcript	26
chr5	176735003	176735029	ENSG00000251446.1	gene|regulatory|repeat|transcript	26
chr5	20679285	20679311	ENSG00000251629.7	gene|regulatory|repeat|transcript	26
chr5	124967101	124967127	ENSG00000260192.3	gene|regulatory|repeat|transcript	26
chr5	17418405	17418431	ENSG00000248455.8	gene|regulatory|repeat|transcript	26
chr5	38104232	38104258	ENSG00000248461.3	gene|regulatory|repeat|transcript	26
chr5	143574277	143574303	ENSG00000251205.3	gene|regulatory|repeat|transcript	26
chr5	173646073	173646099	ENSG00000253959.1	gene|regulatory|repeat|transcript	26
chr5	104706997	104707023	ENSG00000251574.8	gene|regulatory|repeat|transcript	26
chr5	68664063	68664089	ENSG00000250237.3	gene|regulatory|repeat|transcript	26
chr5	154442970	154442996	ENSG00000245275.9	gene|regulatory|repeat|transcript	26
chr5	143772753	143772779	ENSG00000249881.1	gene|regulatory|repeat|transcript	26
chr5	143714991	143715017	ENSG00000249881.1	gene|regulatory|repeat|transcript	26
chr5	76716068	76716094	ENSG00000225407.3	gene|regulatory|repeat|transcript	26
chr5	80487394	80487420	ENSG00000249042.6	gene|regulatory|repeat|transcript	26
chr5	112637052	112637078	ENSG00000250358.7	gene|regulatory|repeat|transcript	26
chr5	15442412	15442438	ENSG00000286377.1	gene|regulatory|repeat|transcript	26
chr5	89259243	89259269	ENSG00000248309.9	gene|regulatory|repeat|transcript	26
chr5	125310958	125310984	ENSG00000260192.3	gene|regulatory|repeat|transcript	26
chr5	75023799	75023825	ENSG00000249856.1	gene|regulatory|repeat|transcript	26
chr5	172779951	172779977	ENSG00000253736.5	gene|regulatory|repeat|transcript	26
chr5	163379691	163379717	ENSG00000254186.3	gene|regulatory|repeat|transcript	26
chr5	174453982	174454008	ENSG00000249306.7	gene|regulatory|repeat|transcript	26
chr5	36689556	36689582	ENSG00000250155.3	gene|regulatory|repeat|transcript	26
chr5	74166383	74166408	ENSG00000248673.2	gene|regulatory|repeat|transcript	25
chr5	181265021	181265046	ENSG00000233937.9|ENSG00000248275.3	gene|regulatory|repeat|transcript	25
chr5	135160026	135160051	ENSG00000224186.8	gene|regulatory|repeat|transcript	25
chr5	155129423	155129448	ENSG00000287963.1	gene|regulatory|repeat|transcript	25
chr5	56544049	56544074	ENSG00000225940.7	gene|regulatory|repeat|transcript	25
chr5	149073157	149073182	ENSG00000250072.8	gene|regulatory|repeat|transcript	25
chr5	68794268	68794293	ENSG00000249335.5	gene|regulatory|repeat|transcript	25
chr5	172509636	172509661	ENSG00000287814.1	gene|regulatory|repeat|transcript	25
chr5	93409151	93409176	ENSG00000237187.9	gene|regulatory|repeat|transcript	25
chr5	88968228	88968253	ENSG00000248309.9	gene|regulatory|repeat|transcript	25
chr5	134464491	134464516	ENSG00000250994.3	gene|regulatory|repeat|transcript	25
chr5	134459856	134459881	ENSG00000250564.2|ENSG00000250994.3	gene|regulatory|repeat|transcript	25
chr5	88938495	88938520	ENSG00000248309.9	gene|regulatory|repeat|transcript	25
chr5	105169001	105169026	ENSG00000251574.8|ENSG00000253584.1	gene|regulatory|repeat|transcript	25
chr5	104542850	104542875	ENSG00000251574.8	gene|regulatory|repeat|transcript	25
chr5	125317231	125317256	ENSG00000260192.3	gene|regulatory|repeat|transcript	25
chr5	4625576	4625601	ENSG00000248973.3	gene|regulatory|repeat|transcript	25
chr5	112524319	112524344	ENSG00000290027.1	gene|regulatory|repeat|transcript	25
chr5	174505600	174505625	ENSG00000249306.7	gene|regulatory|repeat|transcript	25
chr5	125371116	125371141	ENSG00000248752.3|ENSG00000260192.3	gene|regulatory|repeat|transcript	25
chr5	10494958	10494983	ENSG00000249396.2	gene|regulatory|repeat|transcript	25
chr5	82341086	82341111	ENSG00000293465.1	gene|regulatory|repeat|transcript	25
chr5	72648791	72648816	ENSG00000248371.5	gene|regulatory|repeat|transcript	25
chr5	82858167	82858192	ENSG00000281327.4	gene|regulatory|repeat|transcript	25
chr5	139711323	139711348	ENSG00000249526.1	gene|regulatory|repeat|transcript	25
chr5	124376669	124376694	ENSG00000253807.6	gene|regulatory|repeat|transcript	25
chr5	140354705	140354730	ENSG00000253965.3	gene|regulatory|repeat|transcript	25
chr5	173782585	173782610	ENSG00000254211.6	gene|regulatory|repeat|transcript	25
chr5	103434537	103434562	ENSG00000226926.8|ENSG00000293393.1	gene|regulatory|repeat|transcript	25
chr5	56588386	56588411	ENSG00000225940.7	gene|regulatory|repeat|transcript	25
chr5	104089736	104089761	ENSG00000251026.2	gene|regulatory|repeat|transcript	25
chr5	159747057	159747082	ENSG00000249738.10|ENSG00000253311.3	gene|regulatory|repeat|transcript	25
chr5	89988533	89988558	ENSG00000214942.6	gene|regulatory|repeat|transcript	25
chr5	174829105	174829130	ENSG00000251670.1	gene|regulatory|repeat|transcript	25
chr5	124933245	124933270	ENSG00000260192.3	gene|regulatory|repeat|transcript	25
chr5	159547535	159547560	ENSG00000249738.10	gene|regulatory|repeat|transcript	25
chr5	57697315	57697340	ENSG00000287709.3	gene|regulatory|repeat|transcript	25
chr5	139744647	139744672	ENSG00000249131.2|ENSG00000249526.1	gene|regulatory|repeat|transcript	25
chr5	96838810	96838835	ENSG00000247121.8	gene|regulatory|repeat|transcript	25
chr5	178154691	178154716	ENSG00000289726.1	gene|regulatory|repeat|transcript	25
chr5	172804861	172804886	ENSG00000290019.1	gene|regulatory|repeat|transcript	25
chr5	142385532	142385557	ENSG00000231185.9	gene|regulatory|repeat|transcript	25
chr5	35939371	35939396	ENSG00000249748.1	gene|regulatory|repeat|transcript	25
chr5	120304953	120304977	ENSG00000251293.1	gene|regulatory|repeat|transcript	24
chr5	74179970	74179994	ENSG00000248673.2	gene|regulatory|repeat|transcript	24
chr5	175908206	175908230	ENSG00000250820.1	gene|regulatory|repeat|transcript	24
chr5	10512140	10512164	ENSG00000249160.4	gene|regulatory|repeat|transcript	24
chr5	73138691	73138715	ENSG00000251599.1	gene|regulatory|repeat|transcript	24
chr5	176721010	176721034	ENSG00000248484.1	gene|regulatory|repeat|transcript	24
chr5	89275815	89275839	ENSG00000248309.9	gene|regulatory|repeat|transcript	24
chr5	127967720	127967744	ENSG00000245937.10	gene|regulatory|repeat|transcript	24
chr5	172955129	172955153	ENSG00000204758.8|ENSG00000254295.1	gene|regulatory|repeat|transcript	24
chr5	173410817	173410841	ENSG00000253968.2	gene|regulatory|repeat|transcript	24
chr5	1369102	1369126	ENSG00000250584.4	gene|regulatory|repeat|transcript	24
chr5	27450630	27450654	ENSG00000250337.10	gene|regulatory|repeat|transcript	24
chr5	61289299	61289323	ENSG00000249279.6	gene|regulatory|repeat|transcript	24
chr5	44566261	44566285	ENSG00000249203.2	gene|regulatory|repeat|transcript	24
chr5	17914057	17914081	ENSG00000249937.9	gene|regulatory|repeat|transcript	24
chr5	61625834	61625858	ENSG00000178722.16	gene|regulatory|repeat|transcript	24
chr5	175915944	175915968	ENSG00000250820.1	gene|regulatory|repeat|transcript	24
chr5	9851514	9851538	ENSG00000249781.7	gene|regulatory|repeat|transcript	24
chr5	61324212	61324236	ENSG00000288936.1	gene|regulatory|repeat|transcript	24
chr5	57665977	57666001	ENSG00000287709.3	gene|regulatory|repeat|transcript	24
chr5	84436882	84436906	ENSG00000250320.7	gene|regulatory|repeat|transcript	24
chr5	29124196	29124220	ENSG00000259786.7	gene|regulatory|repeat|transcript	24
chr5	56077841	56077865	ENSG00000249236.2	gene|regulatory|repeat|transcript	24
chr5	118242679	118242703	ENSG00000249797.2|ENSG00000250891.3	gene|regulatory|repeat|transcript	24
chr5	151601710	151601734	ENSG00000288081.1	gene|regulatory|repeat|transcript	24
chr5	143635937	143635961	ENSG00000249881.1	gene|regulatory|repeat|transcript	24
chr5	91229287	91229311	ENSG00000248323.8	gene|regulatory|repeat|transcript	24
chr5	58123122	58123146	ENSG00000286853.1	gene|regulatory|repeat|transcript	24
chr5	118030150	118030174	ENSG00000249797.2|ENSG00000250891.3	gene|regulatory|repeat|transcript	24
chr5	74954970	74954994	ENSG00000249856.1|ENSG00000289535.2	gene|regulatory|repeat|transcript	24
chr5	90161427	90161451	ENSG00000248555.7	gene|regulatory|repeat|transcript	24
chr5	158384851	158384875	ENSG00000276778.1	gene|regulatory|repeat|transcript	24
chr5	139696275	139696299	ENSG00000249526.1	gene|regulatory|repeat|transcript	24
chr5	104624095	104624119	ENSG00000251574.8	gene|regulatory|repeat|transcript	24
chr5	68745649	68745673	ENSG00000250237.3	gene|regulatory|repeat|transcript	24
chr5	133030255	133030279	ENSG00000287054.1	gene|regulatory|repeat|transcript	24
chr5	56534679	56534703	ENSG00000225940.7	gene|regulatory|repeat|transcript	24
chr5	74131564	74131588	ENSG00000248673.2	gene|regulatory|repeat|transcript	24
chr5	142512307	142512331	ENSG00000231185.9	gene|regulatory|repeat|transcript	24
chr5	43515964	43515987	ENSG00000248240.1|ENSG00000248554.1	gene|regulatory|repeat|transcript	23
chr5	6787149	6787172	ENSG00000251365.6	gene|regulatory|repeat|transcript	23
chr5	173743007	173743030	ENSG00000253686.2	gene|regulatory|repeat|transcript	23
chr5	6810051	6810074	ENSG00000251365.6	gene|regulatory|repeat|transcript	23
chr5	143699483	143699506	ENSG00000249881.1	gene|regulatory|repeat|transcript	23
chr5	118236476	118236499	ENSG00000249797.2|ENSG00000250891.3	gene|regulatory|repeat|transcript	23
chr5	125053229	125053252	ENSG00000260192.3	gene|regulatory|repeat|transcript	23
chr5	54727946	54727969	ENSG00000287367.2	gene|regulatory|repeat|transcript	23
chr5	54839367	54839390	ENSG00000232517.2	gene|regulatory|repeat|transcript	23
chr5	143551225	143551248	ENSG00000251205.3	gene|regulatory|repeat|transcript	23
chr5	177498342	177498365	ENSG00000248996.1	gene|regulatory|repeat|transcript	23
chr5	42985849	42985872	ENSG00000287263.3	gene|regulatory|repeat|transcript	23
chr5	158194644	158194667	ENSG00000253673.1	gene|regulatory|repeat|transcript	23
chr5	172558915	172558938	ENSG00000254299.3	gene|regulatory|repeat|transcript	23
chr5	170332824	170332847	ENSG00000235172.9	gene|regulatory|repeat|transcript	23
chr5	142419809	142419832	ENSG00000231185.9	gene|regulatory|repeat|transcript	23
chr5	74925380	74925403	ENSG00000249856.1	gene|regulatory|repeat|transcript	23
chr5	19126035	19126058	ENSG00000249174.1	gene|regulatory|repeat|transcript	23
chr5	142356498	142356521	ENSG00000231185.9	gene|regulatory|repeat|transcript	23
chr5	174416544	174416567	ENSG00000249306.7	gene|regulatory|repeat|transcript	23
chr5	152622630	152622653	ENSG00000249484.9|ENSG00000286749.1	gene|regulatory|repeat|transcript	23
chr5	67807643	67807666	ENSG00000249894.1|ENSG00000250421.5	gene|regulatory|repeat|transcript	23
chr5	159773910	159773933	ENSG00000249738.10|ENSG00000253311.3	gene|regulatory|repeat|transcript	23
chr5	147564128	147564151	ENSG00000280780.4	gene|regulatory|repeat|transcript	23
chr5	115376651	115376674	ENSG00000289497.2	gene|regulatory|repeat|transcript	23
chr5	96133453	96133476	ENSG00000250551.1|ENSG00000251314.2	gene|regulatory|repeat|transcript	23
chr5	24145819	24145842	ENSG00000248874.5|ENSG00000286134.2	gene|regulatory|repeat|transcript	23
chr5	88142898	88142921	ENSG00000287862.1	gene|regulatory|repeat|transcript	23
chr5	91417583	91417606	ENSG00000281357.5	gene|regulatory|repeat|transcript	23
chr5	7074240	7074263	ENSG00000250974.4	gene|regulatory|repeat|transcript	23
chr5	111581039	111581062	ENSG00000246859.3	gene|regulatory|repeat|transcript	23
chr5	174522961	174522984	ENSG00000249306.7	gene|regulatory|repeat|transcript	23
chr5	57499627	57499650	ENSG00000250961.2	gene|regulatory|repeat|transcript	23
chr5	174511428	174511451	ENSG00000249306.7	gene|regulatory|repeat|transcript	23
chr5	146345609	146345632	ENSG00000250025.2	gene|regulatory|repeat|transcript	23
chr5	159773407	159773430	ENSG00000249738.10|ENSG00000253311.3	gene|regulatory|repeat|transcript	23
chr5	129165723	129165746	ENSG00000286274.1	gene|regulatory|repeat|transcript	23
chr5	10510828	10510851	ENSG00000249160.4	gene|regulatory|repeat|transcript	23
chr5	28286886	28286909	ENSG00000249785.3	gene|regulatory|repeat|transcript	23
chr5	54843091	54843114	ENSG00000232517.2	gene|regulatory|repeat|transcript	23
chr5	164364507	164364529	ENSG00000241956.11	gene|regulatory|repeat|transcript	22
chr5	174844136	174844158	ENSG00000251670.1	gene|regulatory|repeat|transcript	22
chr5	38640257	38640279	ENSG00000244968.7	gene|regulatory|repeat|transcript	22
chr5	96508167	96508189	ENSG00000251314.2	gene|regulatory|repeat|transcript	22
chr5	148165327	148165349	ENSG00000247199.6	gene|regulatory|repeat|transcript	22
chr5	140073077	140073099	ENSG00000245146.7	gene|regulatory|repeat|transcript	22
chr5	178786026	178786048	ENSG00000250420.9|ENSG00000291019.1	gene|regulatory|repeat|transcript	22
chr5	17381395	17381417	ENSG00000250822.1	gene|regulatory|repeat|transcript	22
chr5	1174699	1174721	ENSG00000249201.2	gene|regulatory|repeat|transcript	22
chr5	181263156	181263178	ENSG00000233937.9|ENSG00000248275.3	gene|regulatory|repeat|transcript	22
chr5	111998064	111998086	ENSG00000250095.5	gene|regulatory|repeat|transcript	22
chr5	135307831	135307853	ENSG00000224186.8	gene|regulatory|repeat|transcript	22
chr5	122702251	122702273	ENSG00000251538.7	gene|regulatory|repeat|transcript	22
chr5	6949162	6949184	ENSG00000250974.4	gene|regulatory|repeat|transcript	22
chr5	151431815	151431837	ENSG00000290991.1	gene|regulatory|repeat|transcript	22
chr5	162473134	162473156	ENSG00000254186.3	gene|regulatory|repeat|transcript	22
chr5	124127405	124127427	ENSG00000253807.6	gene|regulatory|repeat|transcript	22
chr5	52787191	52787213	ENSG00000248898.4	gene|regulatory|repeat|transcript	22
chr5	92337644	92337666	ENSG00000250049.7	gene|regulatory|repeat|transcript	22
chr5	125399246	125399268	ENSG00000248752.3|ENSG00000260192.3	gene|regulatory|repeat|transcript	22
chr5	35822053	35822075	ENSG00000248969.1	gene|regulatory|repeat|transcript	22
chr5	135116907	135116929	ENSG00000224186.8	gene|regulatory|repeat|transcript	22
chr5	174777148	174777170	ENSG00000251670.1	gene|regulatory|repeat|transcript	22
chr5	119031632	119031654	ENSG00000249494.6	gene|regulatory|repeat|transcript	22
chr5	88389653	88389675	ENSG00000247828.10	gene|regulatory|repeat|transcript	22
chr5	125310929	125310951	ENSG00000260192.3	gene|regulatory|repeat|transcript	22
chr5	96026927	96026949	ENSG00000251314.2	gene|regulatory|repeat|transcript	22
chr5	158496929	158496951	ENSG00000254135.3	gene|regulatory|repeat|transcript	22
chr5	133040906	133040928	ENSG00000287054.1	gene|regulatory|repeat|transcript	22
chr5	43044237	43044259	ENSG00000177738.6|ENSG00000215068.10	gene|regulatory|repeat|transcript	22
chr5	159764805	159764827	ENSG00000249738.10|ENSG00000253311.3	gene|regulatory|repeat|transcript	22
chr5	79940303	79940325	ENSG00000250888.1	gene|regulatory|repeat|transcript	22
chr5	139699368	139699390	ENSG00000249526.1	gene|regulatory|repeat|transcript	22
chr5	135457468	135457490	ENSG00000249639.1	gene|regulatory|repeat|transcript	22
chr5	139687708	139687730	ENSG00000249526.1	gene|regulatory|repeat|transcript	22
chr5	177892551	177892573	ENSG00000291113.1	gene|regulatory|repeat|transcript	22
chr5	10519043	10519065	ENSG00000249160.4	gene|regulatory|repeat|transcript	22
chr5	7304805	7304827	ENSG00000205976.4|ENSG00000290510.1	gene|regulatory|repeat|transcript	22
chr5	17771519	17771541	ENSG00000249937.9	gene|regulatory|repeat|transcript	22
chr5	139710937	139710959	ENSG00000249526.1	gene|regulatory|repeat|transcript	22
chr5	96152047	96152069	ENSG00000250551.1|ENSG00000251314.2	gene|regulatory|repeat|transcript	22
chr5	125210538	125210560	ENSG00000260192.3	gene|regulatory|repeat|transcript	22
chr5	132363379	132363400	ENSG00000233006.8	gene|regulatory|repeat|transcript	21
chr5	146343510	146343531	ENSG00000250025.2	gene|regulatory|repeat|transcript	21
chr5	38751402	38751423	ENSG00000249740.4	gene|regulatory|repeat|transcript	21
chr5	72609272	72609293	ENSG00000248371.5	gene|regulatory|repeat|transcript	21
chr5	72606561	72606582	ENSG00000248371.5	gene|regulatory|repeat|transcript	21
chr5	174448961	174448982	ENSG00000249306.7	gene|regulatory|repeat|transcript	21
chr5	174421435	174421456	ENSG00000249306.7	gene|regulatory|repeat|transcript	21
chr5	111631362	111631383	ENSG00000246859.3	gene|regulatory|repeat|transcript	21
chr5	143678843	143678864	ENSG00000249881.1	gene|regulatory|repeat|transcript	21
chr5	173762800	173762821	ENSG00000287003.1	gene|regulatory|repeat|transcript	21
chr5	75019696	75019717	ENSG00000249856.1	gene|regulatory|repeat|transcript	21
chr5	150482697	150482718	ENSG00000254333.1	gene|regulatory|repeat|transcript	21
chr5	125045968	125045989	ENSG00000260192.3	gene|regulatory|repeat|transcript	21
chr5	152072768	152072789	ENSG00000254226.6	gene|regulatory|repeat|transcript	21
chr5	96931585	96931606	ENSG00000247121.8	gene|regulatory|repeat|transcript	21
chr5	122696878	122696899	ENSG00000251538.7	gene|regulatory|repeat|transcript	21
chr5	87076075	87076096	ENSG00000233828.5|ENSG00000249061.1	gene|regulatory|repeat|transcript	21
chr5	52988714	52988735	ENSG00000249899.6	gene|regulatory|repeat|transcript	21
chr5	125410497	125410518	ENSG00000248752.3|ENSG00000260192.3	gene|regulatory|repeat|transcript	21
chr5	177501483	177501504	ENSG00000248996.1	gene|regulatory|repeat|transcript	21
chr5	149118859	149118880	ENSG00000250072.8	gene|regulatory|repeat|transcript	21
chr5	104186119	104186140	ENSG00000251026.2	gene|regulatory|repeat|transcript	21
chr5	61784676	61784697	ENSG00000178722.16	gene|regulatory|repeat|transcript	21
chr5	150479102	150479123	ENSG00000254333.1	gene|regulatory|repeat|transcript	21
chr5	4652475	4652496	ENSG00000248973.3	gene|regulatory|repeat|transcript	21
chr5	152194379	152194400	ENSG00000254226.6	gene|regulatory|repeat|transcript	21
chr5	52988692	52988713	ENSG00000249899.6	gene|regulatory|repeat|transcript	21
chr5	163319043	163319064	ENSG00000254186.3	gene|regulatory|repeat|transcript	21
chr5	135121829	135121850	ENSG00000224186.8|ENSG00000248753.1	gene|regulatory|repeat|transcript	21
chr5	42908844	42908865	ENSG00000286271.3	gene|regulatory|repeat|transcript	21
chr5	134464812	134464832	ENSG00000250994.3	gene|regulatory|repeat|transcript	20
chr5	173741745	173741765	ENSG00000253686.2	gene|regulatory|repeat|transcript	20
chr5	93574709	93574729	ENSG00000237187.9	gene|regulatory|repeat|transcript	20
chr5	159471877	159471897	ENSG00000249738.10	gene|regulatory|repeat|transcript	20
chr5	159431077	159431097	ENSG00000249738.10	gene|regulatory|repeat|transcript	20
chr5	56078778	56078798	ENSG00000249236.2	gene|regulatory|repeat|transcript	20
chr5	142550217	142550237	ENSG00000231185.9	gene|regulatory|repeat|transcript	20
chr5	79811138	79811158	ENSG00000250258.1	gene|regulatory|repeat|transcript	20
chr5	71443983	71444003	ENSG00000250387.3	gene|regulatory|repeat|transcript	20
chr5	181210939	181210959	ENSG00000286644.1	gene|regulatory|repeat|transcript	20
chr5	159508737	159508757	ENSG00000249738.10|ENSG00000283413.1	gene|regulatory|repeat|transcript	20
chr5	43036597	43036617	ENSG00000177738.6	gene|regulatory|repeat|transcript	20
chr5	73132306	73132326	ENSG00000251599.1	gene|regulatory|repeat|transcript	20
chr5	102671765	102671785	ENSG00000286338.1	gene|regulatory|repeat|transcript	20
chr5	81817992	81818012	ENSG00000287938.1	gene|regulatory|repeat|transcript	20
chr5	129744029	129744049	ENSG00000251680.6	gene|regulatory|repeat|transcript	20
chr5	96245621	96245641	ENSG00000251314.2	gene|regulatory|repeat|transcript	20
chr5	38072605	38072625	ENSG00000248461.3	gene|regulatory|repeat|transcript	20
chr5	173786501	173786521	ENSG00000254211.6	gene|regulatory|repeat|transcript	20
chr5	165138006	165138026	ENSG00000241956.11|ENSG00000285549.1	gene|regulatory|repeat|transcript	20
chr5	96090738	96090758	ENSG00000250551.1|ENSG00000251314.2	gene|regulatory|repeat|transcript	20
chr5	38639028	38639048	ENSG00000244968.7	gene|regulatory|repeat|transcript	20
chr5	61273876	61273896	ENSG00000249279.6	gene|regulatory|repeat|transcript	20
chr5	67611406	67611426	ENSG00000249364.7	gene|regulatory|repeat|transcript	20
chr5	146576685	146576705	ENSG00000250407.1	gene|regulatory|repeat|transcript	20
chr5	134484014	134484034	ENSG00000250994.3	gene|regulatory|repeat|transcript	20
chr5	163350750	163350770	ENSG00000254186.3	gene|regulatory|repeat|transcript	20
chr5	164578123	164578143	ENSG00000241956.11	gene|regulatory|repeat|transcript	20
chr5	164357089	164357109	ENSG00000241956.11	gene|regulatory|repeat|transcript	20
chr5	60534103	60534123	ENSG00000152931.9	gene|regulatory|repeat|transcript	20
chr5	611263	611283	ENSG00000249650.1	gene|regulatory|repeat|transcript	20
chr5	74324518	74324537	ENSG00000248673.2|ENSG00000249343.3	gene|regulatory|repeat|transcript	19
chr5	7085262	7085281	ENSG00000250974.4	gene|regulatory|repeat|transcript	19
chr5	35817231	35817250	ENSG00000248969.1	gene|regulatory|repeat|transcript	19
chr5	91223399	91223418	ENSG00000248323.8	gene|regulatory|repeat|transcript	19
chr5	172806947	172806966	ENSG00000290019.1	gene|regulatory|repeat|transcript	19
chr5	91470169	91470188	ENSG00000281357.5	gene|regulatory|repeat|transcript	19
chr5	39987153	39987172	ENSG00000250048.2	gene|regulatory|repeat|transcript	19
chr5	67361998	67362017	ENSG00000286647.1	gene|regulatory|repeat|transcript	19
chr5	73465214	73465233	ENSG00000251324.1	gene|regulatory|repeat|transcript	19
chr5	158195285	158195304	ENSG00000253673.1	gene|regulatory|repeat|transcript	19
chr5	158368222	158368241	ENSG00000276778.1	gene|regulatory|repeat|transcript	19
chr5	143551248	143551267	ENSG00000251205.3	gene|regulatory|repeat|transcript	19
chr5	139696049	139696068	ENSG00000249526.1	gene|regulatory|repeat|transcript	19
chr5	73267056	73267075	ENSG00000249743.8	gene|regulatory|repeat|transcript	19
chr5	15261552	15261571	ENSG00000249332.2	gene|regulatory|repeat|transcript	19
chr5	29379625	29379644	ENSG00000248391.6	gene|regulatory|repeat|transcript	19
chr5	54825038	54825057	ENSG00000232517.2	gene|regulatory|repeat|transcript	19
chr5	170313724	170313743	ENSG00000235172.9	gene|regulatory|repeat|transcript	19
chr5	119031009	119031028	ENSG00000249494.6	gene|regulatory|repeat|transcript	19
chr5	4625727	4625746	ENSG00000248973.3	gene|regulatory|repeat|transcript	19
chr5	134507080	134507099	ENSG00000251169.3	gene|regulatory|repeat|transcript	19
chr5	142572302	142572321	ENSG00000231185.9	gene|regulatory|repeat|transcript	19
chr5	142719953	142719972	ENSG00000236714.3	gene|regulatory|repeat|transcript	19
chr5	7386904	7386923	ENSG00000223597.3	gene|regulatory|repeat|transcript	19
chr5	96094649	96094668	ENSG00000250551.1|ENSG00000251314.2	gene|regulatory|repeat|transcript	19
chr5	38827608	38827627	ENSG00000249740.4	gene|regulatory|repeat|transcript	19
chr5	150478329	150478348	ENSG00000254333.1	gene|regulatory|repeat|transcript	19
chr5	18735765	18735784	ENSG00000248693.1	gene|regulatory|repeat|transcript	19
chr5	57592269	57592288	ENSG00000249436.2	gene|regulatory|repeat|transcript	19
chr5	82357627	82357646	ENSG00000293465.1	gene|regulatory|repeat|transcript	19
chr5	87771760	87771779	ENSG00000287783.1	gene|regulatory|repeat|transcript	19
chr5	74143712	74143731	ENSG00000248673.2	gene|regulatory|repeat|transcript	19
chr5	159511930	159511949	ENSG00000249738.10	gene|regulatory|repeat|transcript	19
chr5	74312981	74313000	ENSG00000248673.2|ENSG00000248942.3	gene|regulatory|repeat|transcript	19
chr5	111997743	111997762	ENSG00000250095.5	gene|regulatory|repeat|transcript	19
chr5	74214173	74214191	ENSG00000248673.2	gene|regulatory|repeat|transcript	18
chr5	125432799	125432817	ENSG00000248752.3|ENSG00000260192.3	gene|regulatory|repeat|transcript	18
chr5	74295186	74295204	ENSG00000248673.2|ENSG00000248942.3|ENSG00000288883.1	gene|regulatory|repeat|transcript	18
chr5	67703452	67703470	ENSG00000249364.7|ENSG00000250421.5	gene|regulatory|repeat|transcript	18
chr5	38825659	38825677	ENSG00000249740.4	gene|regulatory|repeat|transcript	18
chr5	111521801	111521819	ENSG00000246859.3	gene|regulatory|repeat|transcript	18
chr5	56025341	56025359	ENSG00000249236.2	gene|regulatory|repeat|transcript	18
chr5	98128111	98128129	ENSG00000248901.2	gene|regulatory|repeat|transcript	18
chr5	98130244	98130262	ENSG00000248901.2	gene|regulatory|repeat|transcript	18
chr5	174624852	174624870	ENSG00000250256.1	gene|regulatory|repeat|transcript	18
chr5	72598617	72598635	ENSG00000248371.5	gene|regulatory|repeat|transcript	18
chr5	87968771	87968789	ENSG00000287862.1	gene|regulatory|repeat|transcript	18
chr5	9895568	9895586	ENSG00000249781.7|ENSG00000250814.3	gene|regulatory|repeat|transcript	18
chr5	127663180	127663198	ENSG00000248799.1	gene|regulatory|repeat|transcript	18
chr5	36720817	36720835	ENSG00000250155.3	gene|regulatory|repeat|transcript	18
chr5	134507164	134507182	ENSG00000251169.3	gene|regulatory|repeat|transcript	18
chr5	174383865	174383883	ENSG00000249306.7	gene|regulatory|repeat|transcript	18
chr5	96473427	96473445	ENSG00000251314.2	gene|regulatory|repeat|transcript	18
chr5	143780577	143780595	ENSG00000249881.1	gene|regulatory|repeat|transcript	18
chr5	61683980	61683998	ENSG00000178722.16|ENSG00000248529.5	gene|regulatory|repeat|transcript	18
chr5	124849859	124849877	ENSG00000260192.3	gene|regulatory|repeat|transcript	18
chr5	174828940	174828958	ENSG00000251670.1	gene|regulatory|repeat|transcript	18
chr5	165439520	165439538	ENSG00000253693.1	gene|regulatory|repeat|transcript	18
chr5	135085413	135085431	ENSG00000224186.8	gene|regulatory|repeat|transcript	18
chr5	158514086	158514104	ENSG00000254135.3	gene|regulatory|repeat|transcript	18
chr5	42995651	42995669	ENSG00000286656.2	gene|regulatory|repeat|transcript	18
chr5	172780094	172780112	ENSG00000253736.5	gene|regulatory|repeat|transcript	18
chr5	67774816	67774834	ENSG00000249364.7|ENSG00000250421.5	gene|regulatory|repeat|transcript	18
chr5	135310357	135310375	ENSG00000224186.8	gene|regulatory|repeat|transcript	18
chr5	91183217	91183235	ENSG00000248323.8	gene|regulatory|repeat|transcript	18
chr5	130912343	130912361	ENSG00000287390.1	gene|regulatory|repeat|transcript	18
chr5	15442393	15442411	ENSG00000286377.1	gene|regulatory|repeat|transcript	18
chr5	30601025	30601043	ENSG00000287176.1	gene|regulatory|repeat|transcript	18
chr5	158398298	158398316	ENSG00000276778.1	gene|regulatory|repeat|transcript	18
chr5	176738912	176738930	ENSG00000251446.1	gene|regulatory|repeat|transcript	18
chr5	33224257	33224275	ENSG00000250697.2	gene|regulatory|repeat|transcript	18
chr5	173731516	173731534	ENSG00000253686.2	gene|regulatory|repeat|transcript	18
chr5	158431605	158431623	ENSG00000254350.1	gene|regulatory|repeat|transcript	18
chr5	135915492	135915510	ENSG00000253927.1	gene|regulatory|repeat|transcript	18
chr5	142507528	142507546	ENSG00000231185.9	gene|regulatory|repeat|transcript	18
chr5	87117203	87117221	ENSG00000233828.5|ENSG00000249061.1	gene|regulatory|repeat|transcript	18
chr5	119023436	119023454	ENSG00000249494.6	gene|regulatory|repeat|transcript	18
chr5	38719595	38719612	ENSG00000249740.4	gene|regulatory|repeat|transcript	17
chr5	57493087	57493104	ENSG00000250961.2	gene|regulatory|repeat|transcript	17
chr5	82822624	82822641	ENSG00000281327.4	gene|regulatory|repeat|transcript	17
chr5	118377475	118377492	ENSG00000250891.3	gene|regulatory|repeat|transcript	17
chr5	38640280	38640297	ENSG00000244968.7	gene|regulatory|repeat|transcript	17
chr5	163221927	163221944	ENSG00000254186.3	gene|regulatory|repeat|transcript	17
chr5	88674125	88674142	ENSG00000245526.13	gene|regulatory|repeat|transcript	17
chr5	87231044	87231061	ENSG00000288569.1	gene|regulatory|repeat|transcript	17
chr5	141149841	141149858	ENSG00000272154.5|ENSG00000280029.4	gene|regulatory|repeat|transcript	17
chr5	134483887	134483904	ENSG00000250994.3	gene|regulatory|repeat|transcript	17
chr5	174413297	174413314	ENSG00000249306.7	gene|regulatory|repeat|transcript	17
chr5	61234023	61234040	ENSG00000249279.6	gene|regulatory|repeat|transcript	17
chr5	88542547	88542564	ENSG00000245526.13	gene|regulatory|repeat|transcript	17
chr5	111565030	111565047	ENSG00000246859.3	gene|regulatory|repeat|transcript	17
chr5	146364378	146364395	ENSG00000250025.2	gene|regulatory|repeat|transcript	17
chr5	152515041	152515058	ENSG00000286749.1	gene|regulatory|repeat|transcript	17
chr5	159430751	159430768	ENSG00000249738.10	gene|regulatory|repeat|transcript	17
chr5	4627925	4627942	ENSG00000248973.3	gene|regulatory|repeat|transcript	17
chr5	81269213	81269230	ENSG00000247572.9	gene|regulatory|repeat|transcript	17
chr5	16629436	16629453	ENSG00000246214.3	gene|regulatory|repeat|transcript	17
chr5	160466969	160466986	ENSG00000253522.6	gene|regulatory|repeat|transcript	17
chr5	93426043	93426060	ENSG00000237187.9	gene|regulatory|repeat|transcript	17
chr5	135233026	135233043	ENSG00000224186.8	gene|regulatory|repeat|transcript	17
chr5	52707921	52707938	ENSG00000248898.4	gene|regulatory|repeat|transcript	17
chr5	137828504	137828521	ENSG00000250159.7	gene|regulatory|repeat|transcript	17
chr5	173737838	173737855	ENSG00000253686.2	gene|regulatory|repeat|transcript	17
chr5	56460844	56460861	ENSG00000248727.6	gene|regulatory|repeat|transcript	17
chr5	28682157	28682174	ENSG00000250453.2	gene|regulatory|repeat|transcript	17
chr5	96870672	96870689	ENSG00000247121.8	gene|regulatory|repeat|transcript	17
chr5	103466562	103466579	ENSG00000226926.8|ENSG00000293393.1	gene|regulatory|repeat|transcript	17
chr5	134483174	134483191	ENSG00000250994.3	gene|regulatory|repeat|transcript	17
chr5	124842544	124842561	ENSG00000260192.3	gene|regulatory|repeat|transcript	17
chr5	119020240	119020257	ENSG00000249494.6	gene|regulatory|repeat|transcript	17
chr5	96140849	96140866	ENSG00000250551.1|ENSG00000251314.2	gene|regulatory|repeat|transcript	17
chr5	61624979	61624996	ENSG00000178722.16	gene|regulatory|repeat|transcript	17
chr5	102668392	102668409	ENSG00000250682.6|ENSG00000286338.1	gene|regulatory|repeat|transcript	17
chr5	134483975	134483992	ENSG00000250994.3	gene|regulatory|repeat|transcript	17
chr5	9015537	9015554	ENSG00000250619.1	gene|regulatory|repeat|transcript	17
chr5	160478919	160478936	ENSG00000253522.6	gene|regulatory|repeat|transcript	17
chr5	67268307	67268324	ENSG00000251206.1	gene|regulatory|repeat|transcript	17
chr5	173575254	173575271	ENSG00000254164.1	gene|regulatory|repeat|transcript	17
chr5	124948463	124948480	ENSG00000260192.3	gene|regulatory|repeat|transcript	17
chr5	118453460	118453477	ENSG00000250891.3	gene|regulatory|repeat|transcript	17
chr5	96923251	96923268	ENSG00000247121.8	gene|regulatory|repeat|transcript	17
chr5	97576598	97576615	ENSG00000250331.2	gene|regulatory|repeat|transcript	17
chr5	177948229	177948246	ENSG00000250101.1|ENSG00000291113.1	gene|regulatory|repeat|transcript	17
chr5	134483086	134483103	ENSG00000250994.3	gene|regulatory|repeat|transcript	17
chr5	163368946	163368963	ENSG00000254186.3	gene|regulatory|repeat|transcript	17
chr5	61263445	61263462	ENSG00000249279.6	gene|regulatory|repeat|transcript	17
chr5	74433818	74433835	ENSG00000248673.2	gene|regulatory|repeat|transcript	17
chr5	159533565	159533582	ENSG00000249738.10	gene|regulatory|repeat|transcript	17
chr5	72606822	72606839	ENSG00000248371.5	gene|regulatory|repeat|transcript	17
chr5	135211532	135211548	ENSG00000224186.8	gene|regulatory|repeat|transcript	16
chr5	96293755	96293771	ENSG00000251314.2	gene|regulatory|repeat|transcript	16
chr5	61675084	61675100	ENSG00000178722.16|ENSG00000248529.5	gene|regulatory|repeat|transcript	16
chr5	124842561	124842577	ENSG00000260192.3	gene|regulatory|repeat|transcript	16
chr5	87121638	87121654	ENSG00000233828.5|ENSG00000249061.1	gene|regulatory|repeat|transcript	16
chr5	87120488	87120504	ENSG00000233828.5|ENSG00000249061.1	gene|regulatory|repeat|transcript	16
chr5	87230139	87230155	ENSG00000288569.1	gene|regulatory|repeat|transcript	16
chr5	17818065	17818081	ENSG00000249937.9	gene|regulatory|repeat|transcript	16
chr5	142532870	142532886	ENSG00000231185.9	gene|regulatory|repeat|transcript	16
chr5	39102322	39102338	ENSG00000286809.1	gene|regulatory|repeat|transcript	16
chr5	67613029	67613045	ENSG00000249364.7	gene|regulatory|repeat|transcript	16
chr5	125209695	125209711	ENSG00000260192.3	gene|regulatory|repeat|transcript	16
chr5	160438693	160438709	ENSG00000253522.6	gene|regulatory|repeat|transcript	16
chr5	6819644	6819660	ENSG00000251365.6	gene|regulatory|repeat|transcript	16
chr5	152625727	152625743	ENSG00000249484.9|ENSG00000286749.1	gene|regulatory|repeat|transcript	16
chr5	57610533	57610549	ENSG00000249436.2	gene|regulatory|repeat|transcript	16
chr5	87004908	87004924	ENSG00000249061.1	gene|regulatory|repeat|transcript	16
chr5	31124136	31124152	ENSG00000254138.1|ENSG00000289601.1	gene|regulatory|repeat|transcript	16
chr5	84436863	84436879	ENSG00000250320.7	gene|regulatory|repeat|transcript	16
chr5	142422583	142422599	ENSG00000231185.9	gene|regulatory|repeat|transcript	16
chr5	96294059	96294075	ENSG00000251314.2	gene|regulatory|repeat|transcript	16
chr5	152188142	152188158	ENSG00000254226.6	gene|regulatory|repeat|transcript	16
chr5	38764892	38764908	ENSG00000249740.4	gene|regulatory|repeat|transcript	16
chr5	174457210	174457226	ENSG00000249306.7	gene|regulatory|repeat|transcript	16
chr5	129440292	129440308	ENSG00000249421.2	gene|regulatory|repeat|transcript	16
chr5	151384794	151384810	ENSG00000253897.3|ENSG00000290991.1	gene|regulatory|repeat|transcript	16
chr5	28810744	28810760	ENSG00000259786.7	gene|regulatory|repeat|transcript	16
chr5	12599774	12599790	ENSG00000248131.6	gene|regulatory|repeat|transcript	16
chr5	119030340	119030356	ENSG00000249494.6	gene|regulatory|repeat|transcript	16
chr5	104377696	104377712	ENSG00000251026.2	gene|regulatory|repeat|transcript	16
chr5	164356806	164356822	ENSG00000241956.11	gene|regulatory|repeat|transcript	16
chr5	106875080	106875096	ENSG00000251027.2	gene|regulatory|repeat|transcript	16
chr5	158175380	158175395	ENSG00000253792.1	gene|regulatory|repeat|transcript	15
chr5	106933611	106933626	ENSG00000251027.2	gene|regulatory|repeat|transcript	15
chr5	171367419	171367434	ENSG00000254256.1	gene|regulatory|repeat|transcript	15
chr5	132368570	132368585	ENSG00000233006.8	gene|regulatory|repeat|transcript	15
chr5	143593524	143593539	ENSG00000251205.3	gene|regulatory|repeat|transcript	15
chr5	163436858	163436873	ENSG00000254186.3	gene|regulatory|repeat|transcript	15
chr5	160479191	160479206	ENSG00000253522.6	gene|regulatory|repeat|transcript	15
chr5	74271748	74271763	ENSG00000248673.2|ENSG00000248942.3	gene|regulatory|repeat|transcript	15
chr5	61290974	61290989	ENSG00000249279.6	gene|regulatory|repeat|transcript	15
chr5	149429244	149429259	ENSG00000249669.12	gene|regulatory|repeat|transcript	15
chr5	97558690	97558705	ENSG00000250331.2	gene|regulatory|repeat|transcript	15
chr5	9782464	9782479	ENSG00000249781.7	gene|regulatory|repeat|transcript	15
chr5	141223190	141223205	ENSG00000280029.4	gene|regulatory|repeat|transcript	15
chr5	82335833	82335848	ENSG00000293465.1	gene|regulatory|repeat|transcript	15
chr5	135133742	135133757	ENSG00000224186.8|ENSG00000248753.1	gene|regulatory|repeat|transcript	15
chr5	27241936	27241951	ENSG00000250337.10	gene|regulatory|repeat|transcript	15
chr5	174421420	174421435	ENSG00000249306.7	gene|regulatory|repeat|transcript	15
chr5	134435452	134435467	ENSG00000250564.2	gene|regulatory|repeat|transcript	15
chr5	124309047	124309062	ENSG00000253807.6	gene|regulatory|repeat|transcript	15
chr5	79546791	79546806	ENSG00000288846.1	gene|regulatory|repeat|transcript	15
chr5	143498034	143498049	ENSG00000249429.1	gene|regulatory|repeat|transcript	15
chr5	173715138	173715152	ENSG00000253686.2	gene|regulatory|repeat|transcript	14
chr5	6859431	6859445	ENSG00000250974.4	gene|regulatory|repeat|transcript	14
chr5	89418892	89418906	ENSG00000248309.9	gene|regulatory|repeat|transcript	14
chr5	135267349	135267363	ENSG00000224186.8	gene|regulatory|repeat|transcript	14
chr5	91313947	91313961	ENSG00000248323.8	gene|regulatory|repeat|transcript	14
chr5	91224773	91224787	ENSG00000248323.8	gene|regulatory|repeat|transcript	14
chr5	96330145	96330159	ENSG00000251314.2	gene|regulatory|repeat|transcript	14
chr5	57439447	57439461	ENSG00000250961.2	gene|regulatory|repeat|transcript	14
chr5	88092326	88092340	ENSG00000287862.1	gene|regulatory|repeat|transcript	14
chr5	163350770	163350784	ENSG00000254186.3	gene|regulatory|repeat|transcript	14
chr5	165630675	165630689	ENSG00000253693.1	gene|regulatory|repeat|transcript	14
chr5	91266362	91266376	ENSG00000248323.8	gene|regulatory|repeat|transcript	14
chr5	125376416	125376430	ENSG00000248752.3|ENSG00000260192.3	gene|regulatory|repeat|transcript	14
chr5	159532069	159532083	ENSG00000249738.10	gene|regulatory|repeat|transcript	14
chr5	1578332	1578346	ENSG00000185986.14|ENSG00000291055.1	gene|regulatory|repeat|transcript	14
chr5	74214443	74214457	ENSG00000248673.2	gene|regulatory|repeat|transcript	14
chr5	74292713	74292727	ENSG00000248673.2|ENSG00000248942.3	gene|regulatory|repeat|transcript	14
chr5	111629636	111629650	ENSG00000246859.3	gene|regulatory|repeat|transcript	14
chr5	91229311	91229325	ENSG00000248323.8	gene|regulatory|repeat|transcript	14
chr5	142529653	142529667	ENSG00000231185.9	gene|regulatory|repeat|transcript	14
chr5	74113935	74113949	ENSG00000248673.2	gene|regulatory|repeat|transcript	14
chr5	17437675	17437689	ENSG00000248455.8	gene|regulatory|repeat|transcript	14
chr5	133043651	133043665	ENSG00000287054.1	gene|regulatory|repeat|transcript	14
chr5	143501800	143501814	ENSG00000249429.1	gene|regulatory|repeat|transcript	14
chr5	38163733	38163747	ENSG00000248461.3	gene|regulatory|repeat|transcript	14
chr5	104347188	104347202	ENSG00000251026.2	gene|regulatory|repeat|transcript	14
chr5	145203888	145203902	ENSG00000251031.2	gene|regulatory|repeat|transcript	14
chr5	170756422	170756436	ENSG00000253348.1	gene|regulatory|repeat|transcript	14
chr5	80960119	80960133	ENSG00000251450.2	gene|regulatory|repeat|transcript	14
chr5	124329331	124329345	ENSG00000253807.6	gene|regulatory|repeat|transcript	14
chr5	104987716	104987730	ENSG00000251574.8|ENSG00000253584.1	gene|regulatory|repeat|transcript	14
chr5	152942902	152942916	ENSG00000249484.9	gene|regulatory|repeat|transcript	14
chr5	124952036	124952050	ENSG00000260192.3	gene|regulatory|repeat|transcript	14
chr5	151718444	151718458	ENSG00000249035.7	gene|regulatory|repeat|transcript	14
chr5	57442472	57442486	ENSG00000250961.2	gene|regulatory|repeat|transcript	14
chr5	57396101	57396115	ENSG00000250961.2	gene|regulatory|repeat|transcript	14
chr5	174411183	174411197	ENSG00000249306.7	gene|regulatory|repeat|transcript	14
chr5	125593933	125593947	ENSG00000248752.3|ENSG00000260192.3|ENSG00000286111.1	gene|regulatory|repeat|transcript	14
chr5	3509359	3509373	ENSG00000248118.2	gene|regulatory|repeat|transcript	14
chr5	160439150	160439164	ENSG00000253522.6	gene|regulatory|repeat|transcript	14
chr5	135243429	135243443	ENSG00000224186.8|ENSG00000249647.2	gene|regulatory|repeat|transcript	14
chr5	143582888	143582902	ENSG00000251205.3	gene|regulatory|repeat|transcript	14
chr5	158180475	158180489	ENSG00000253673.1	gene|regulatory|repeat|transcript	14
chr5	122706229	122706243	ENSG00000251538.7	gene|regulatory|repeat|transcript	14
chr5	181249412	181249425	ENSG00000233937.9	gene|regulatory|repeat|transcript	13
chr5	72106991	72107004	ENSG00000285804.2	gene|regulatory|repeat|transcript	13
chr5	160459050	160459063	ENSG00000253522.6	gene|regulatory|repeat|transcript	13
chr5	122696899	122696912	ENSG00000251538.7	gene|regulatory|repeat|transcript	13
chr5	163437069	163437082	ENSG00000254186.3	gene|regulatory|repeat|transcript	13
chr5	91422575	91422588	ENSG00000281357.5	gene|regulatory|repeat|transcript	13
chr5	104452547	104452560	ENSG00000251574.8	gene|regulatory|repeat|transcript	13
chr5	172549039	172549052	ENSG00000254299.3	gene|regulatory|repeat|transcript	13
chr5	92659307	92659320	ENSG00000249169.1|ENSG00000249776.5	gene|regulatory|repeat|transcript	13
chr5	79801224	79801237	ENSG00000250258.1	gene|regulatory|repeat|transcript	13
chr5	10514139	10514152	ENSG00000249160.4	gene|regulatory|repeat|transcript	13
chr5	54674140	54674153	ENSG00000287367.2	gene|regulatory|repeat|transcript	13
chr5	128024302	128024315	ENSG00000245937.10	gene|regulatory|repeat|transcript	13
chr5	9835689	9835702	ENSG00000249781.7	gene|regulatory|repeat|transcript	13
chr5	153159502	153159515	ENSG00000249484.9	gene|regulatory|repeat|transcript	13
chr5	9712391	9712404	ENSG00000249781.7	gene|regulatory|repeat|transcript	13
chr5	153088924	153088937	ENSG00000249484.9	gene|regulatory|repeat|transcript	13
chr5	74166370	74166383	ENSG00000248673.2	gene|regulatory|repeat|transcript	13
chr5	125439234	125439247	ENSG00000248752.3|ENSG00000260192.3	gene|regulatory|repeat|transcript	13
chr5	93425909	93425922	ENSG00000237187.9	gene|regulatory|repeat|transcript	13
chr5	173782652	173782665	ENSG00000254211.6	gene|regulatory|repeat|transcript	13
chr5	104624143	104624156	ENSG00000251574.8	gene|regulatory|repeat|transcript	13
chr5	96510936	96510948	ENSG00000251314.2	gene|regulatory|repeat|transcript	12
chr5	173411915	173411927	ENSG00000253968.2	gene|regulatory|repeat|transcript	12
chr5	163347609	163347621	ENSG00000254186.3	gene|regulatory|repeat|transcript	12
chr5	174752167	174752179	ENSG00000251670.1	gene|regulatory|repeat|transcript	12
chr5	88547947	88547959	ENSG00000245526.13	gene|regulatory|repeat|transcript	12
chr5	88378097	88378109	ENSG00000247828.10	gene|regulatory|repeat|transcript	12
chr5	31153719	31153731	ENSG00000254138.1|ENSG00000289601.1	gene|regulatory|repeat|transcript	12
chr5	124858648	124858660	ENSG00000260192.3	gene|regulatory|repeat|transcript	12
chr5	102638065	102638077	ENSG00000250682.6	gene|regulatory|repeat|transcript	12
chr5	54362271	54362283	ENSG00000249069.8	gene|regulatory|repeat|transcript	12
chr5	96292871	96292883	ENSG00000251314.2	gene|regulatory|repeat|transcript	12
chr5	57396080	57396092	ENSG00000250961.2	gene|regulatory|repeat|transcript	12
chr5	149127868	149127880	ENSG00000250072.8	gene|regulatory|repeat|transcript	12
chr5	1371598	1371610	ENSG00000250584.4	gene|regulatory|repeat|transcript	12
chr5	1943634	1943646	ENSG00000248994.2	gene|regulatory|repeat|transcript	12
chr5	163331135	163331147	ENSG00000254186.3	gene|regulatory|repeat|transcript	12
chr5	103465204	103465216	ENSG00000226926.8|ENSG00000293393.1	gene|regulatory|repeat|transcript	12
chr5	124967089	124967101	ENSG00000260192.3	gene|regulatory|repeat|transcript	12
chr5	133046705	133046717	ENSG00000287054.1	gene|regulatory|repeat|transcript	12
chr5	141772402	141772414	ENSG00000286736.1	gene|regulatory|repeat|transcript	12
chr5	160476581	160476593	ENSG00000253522.6	gene|regulatory|repeat|transcript	12
chr5	74140488	74140500	ENSG00000248673.2	gene|regulatory|repeat|transcript	12
chr5	93022265	93022277	ENSG00000251361.1	gene|regulatory|repeat|transcript	12
chr5	95869463	95869475	ENSG00000250362.1	gene|regulatory|repeat|transcript	12
chr5	67409808	67409820	ENSG00000249364.7	gene|regulatory|repeat|transcript	12
chr5	12935984	12935996	ENSG00000248457.1	gene|regulatory|repeat|transcript	12
chr5	68545294	68545306	ENSG00000248359.2|ENSG00000250237.3	gene|regulatory|repeat|transcript	12
chr5	143537038	143537050	ENSG00000251205.3	gene|regulatory|repeat|transcript	12
chr5	91179607	91179619	ENSG00000248323.8	gene|regulatory|repeat|transcript	12
chr5	125210602	125210614	ENSG00000260192.3	gene|regulatory|repeat|transcript	12
chr5	6826159	6826171	ENSG00000251365.6	gene|regulatory|repeat|transcript	12
chr5	51469925	51469937	ENSG00000288035.1	gene|regulatory|repeat|transcript	12
chr5	20973125	20973137	ENSG00000286751.1	gene|regulatory|repeat|transcript	12
chr5	136505547	136505559	ENSG00000249803.6	gene|regulatory|repeat|transcript	12
chr5	38135630	38135642	ENSG00000248461.3	gene|regulatory|repeat|transcript	12
chr5	142451616	142451628	ENSG00000231185.9	gene|regulatory|repeat|transcript	12
chr5	1371610	1371621	ENSG00000250584.4	gene|regulatory|repeat|transcript	11
chr5	38753501	38753512	ENSG00000249740.4	gene|regulatory|repeat|transcript	11
chr5	159764705	159764716	ENSG00000249738.10|ENSG00000253311.3	gene|regulatory|repeat|transcript	11
chr5	178160253	178160264	ENSG00000289726.1	gene|regulatory|repeat|transcript	11
chr5	113751443	113751454	ENSG00000286839.1	gene|regulatory|repeat|transcript	11
chr5	38716045	38716056	ENSG00000249740.4	gene|regulatory|repeat|transcript	11
chr5	160459039	160459050	ENSG00000253522.6	gene|regulatory|repeat|transcript	11
chr5	160478115	160478126	ENSG00000253522.6	gene|regulatory|repeat|transcript	11
chr5	17431564	17431575	ENSG00000248455.8	gene|regulatory|repeat|transcript	11
chr5	160442780	160442791	ENSG00000253522.6	gene|regulatory|repeat|transcript	11
chr5	160438722	160438733	ENSG00000253522.6	gene|regulatory|repeat|transcript	11
chr5	159458292	159458303	ENSG00000249738.10|ENSG00000253298.2	gene|regulatory|repeat|transcript	11
chr5	159851093	159851104	ENSG00000253311.3	gene|regulatory|repeat|transcript	11
chr5	21673275	21673286	ENSG00000253766.1	gene|regulatory|repeat|transcript	11
chr5	111512590	111512601	ENSG00000246859.3	gene|regulatory|repeat|transcript	11
chr5	134483998	134484009	ENSG00000250994.3	gene|regulatory|repeat|transcript	11
chr5	61323415	61323426	ENSG00000288936.1	gene|regulatory|repeat|transcript	11
chr5	119022811	119022822	ENSG00000249494.6	gene|regulatory|repeat|transcript	11
chr5	152005706	152005717	ENSG00000254226.6	gene|regulatory|repeat|transcript	11
chr5	103441596	103441607	ENSG00000226926.8|ENSG00000293393.1	gene|regulatory|repeat|transcript	11
chr5	611317	611328	ENSG00000249650.1	gene|regulatory|repeat|transcript	11
chr5	96036315	96036326	ENSG00000251314.2	gene|regulatory|repeat|transcript	11
chr5	174378453	174378464	ENSG00000249306.7	gene|regulatory|repeat|transcript	11
chr5	97192757	97192768	ENSG00000248758.1|ENSG00000251513.2|ENSG00000286828.1	gene|regulatory|repeat|transcript	11
chr5	159412980	159412991	ENSG00000249738.10	gene|regulatory|repeat|transcript	11
chr5	93055117	93055128	ENSG00000251361.1	gene|regulatory|repeat|transcript	11
chr5	122703184	122703195	ENSG00000251538.7	gene|regulatory|repeat|transcript	11
chr5	172763941	172763952	ENSG00000253736.5	gene|regulatory|repeat|transcript	11
chr5	141142895	141142906	ENSG00000272154.5|ENSG00000280029.4	gene|regulatory|repeat|transcript	11
chr5	27458696	27458707	ENSG00000250337.10	gene|regulatory|repeat|transcript	11
chr5	163318025	163318036	ENSG00000254186.3	gene|regulatory|repeat|transcript	11
chr5	125536388	125536399	ENSG00000248752.3|ENSG00000260192.3|ENSG00000286111.1	gene|regulatory|repeat|transcript	11
chr5	173738306	173738317	ENSG00000253686.2	gene|regulatory|repeat|transcript	11
chr5	174760701	174760712	ENSG00000251670.1	gene|regulatory|repeat|transcript	11
chr5	172550108	172550119	ENSG00000254299.3	gene|regulatory|repeat|transcript	11
chr5	159339341	159339352	ENSG00000249738.10	gene|regulatory|repeat|transcript	11
chr5	63570867	63570878	ENSG00000287179.1	gene|regulatory|repeat|transcript	11
chr5	128061132	128061143	ENSG00000245937.10	gene|regulatory|repeat|transcript	11
chr5	140719046	140719057	ENSG00000292256.1	gene|regulatory|repeat|transcript	11
chr5	164433416	164433427	ENSG00000241956.11	gene|regulatory|repeat|transcript	11
chr5	173761779	173761790	ENSG00000287003.1	gene|regulatory|repeat|transcript	11
chr5	165553073	165553083	ENSG00000253693.1	gene|regulatory|repeat|transcript	10
chr5	95991406	95991416	ENSG00000251314.2	gene|regulatory|repeat|transcript	10
chr5	57594384	57594394	ENSG00000249436.2	gene|regulatory|repeat|transcript	10
chr5	17831997	17832007	ENSG00000249937.9	gene|regulatory|repeat|transcript	10
chr5	158409635	158409645	ENSG00000276778.1	gene|regulatory|repeat|transcript	10
chr5	111627878	111627888	ENSG00000246859.3	gene|regulatory|repeat|transcript	10
chr5	92199485	92199495	ENSG00000250049.7	gene|regulatory|repeat|transcript	10
chr5	82306513	82306523	ENSG00000205464.14|ENSG00000293465.1	gene|regulatory|repeat|transcript	10
chr5	120387313	120387323	ENSG00000261036.2	gene|regulatory|repeat|transcript	10
chr5	55085362	55085372	ENSG00000249454.1	gene|regulatory|repeat|transcript	10
chr5	9822081	9822091	ENSG00000249781.7	gene|regulatory|repeat|transcript	10
chr5	143680671	143680681	ENSG00000249881.1	gene|regulatory|repeat|transcript	10
chr5	89272216	89272226	ENSG00000248309.9	gene|regulatory|repeat|transcript	10
chr5	56535498	56535508	ENSG00000225940.7	gene|regulatory|repeat|transcript	10
chr5	160471497	160471507	ENSG00000253522.6	gene|regulatory|repeat|transcript	10
chr5	61627838	61627848	ENSG00000178722.16	gene|regulatory|repeat|transcript	10
chr5	159555463	159555473	ENSG00000249738.10	gene|regulatory|repeat|transcript	10
chr5	158550564	158550574	ENSG00000254135.3	gene|regulatory|repeat|transcript	10
chr5	8418617	8418627	ENSG00000245729.2|ENSG00000249159.6	gene|regulatory|repeat|transcript	10
chr5	54355031	54355041	ENSG00000249069.8	gene|regulatory|repeat|transcript	10
chr5	5399245	5399255	ENSG00000286753.3	gene|regulatory|repeat|transcript	10
chr5	52776513	52776523	ENSG00000248898.4	gene|regulatory|repeat|transcript	10
chr5	137802922	137802932	ENSG00000293504.1	gene|regulatory|repeat|transcript	10
chr5	17431575	17431585	ENSG00000248455.8	gene|regulatory|repeat|transcript	10
chr5	134483076	134483086	ENSG00000250994.3	gene|regulatory|repeat|transcript	10
chr5	142553998	142554008	ENSG00000231185.9	gene|regulatory|repeat|transcript	10
chr5	104932715	104932725	ENSG00000251574.8|ENSG00000253584.1	gene|regulatory|repeat|transcript	10
chr5	56582865	56582875	ENSG00000225940.7	gene|regulatory|repeat|transcript	10
chr5	57501744	57501753	ENSG00000250961.2	gene|regulatory|repeat|transcript	9
chr5	91249750	91249759	ENSG00000248323.8	gene|regulatory|repeat|transcript	9
chr5	111532033	111532042	ENSG00000246859.3	gene|regulatory|repeat|transcript	9
chr5	96298889	96298898	ENSG00000251314.2	gene|regulatory|repeat|transcript	9
chr5	69004896	69004905	ENSG00000249335.5|ENSG00000249352.4	gene|regulatory|repeat|transcript	9
chr5	57531721	57531730	ENSG00000250961.2	gene|regulatory|repeat|transcript	9
chr5	151383054	151383063	ENSG00000253897.3|ENSG00000290991.1	gene|regulatory|repeat|transcript	9
chr5	91301168	91301177	ENSG00000248323.8	gene|regulatory|repeat|transcript	9
chr5	91383443	91383452	ENSG00000281357.5	gene|regulatory|repeat|transcript	9
chr5	32941769	32941778	ENSG00000250697.2	gene|regulatory|repeat|transcript	9
chr5	88389588	88389597	ENSG00000247828.10	gene|regulatory|repeat|transcript	9
chr5	5006606	5006615	ENSG00000215231.8|ENSG00000250481.2	gene|regulatory|repeat|transcript	9
chr5	87019501	87019510	ENSG00000249061.1	gene|regulatory|repeat|transcript	9
chr5	60533922	60533931	ENSG00000152931.9	gene|regulatory|repeat|transcript	9
chr5	61322991	61323000	ENSG00000288936.1	gene|regulatory|repeat|transcript	9
chr5	96321140	96321149	ENSG00000251314.2	gene|regulatory|repeat|transcript	9
chr5	146368208	146368217	ENSG00000250025.2	gene|regulatory|repeat|transcript	9
chr5	20607570	20607579	ENSG00000249490.2	gene|regulatory|repeat|transcript	9
chr5	142386156	142386165	ENSG00000231185.9	gene|regulatory|repeat|transcript	9
chr5	147568213	147568222	ENSG00000280780.4	gene|regulatory|repeat|transcript	9
chr5	158429930	158429939	ENSG00000254350.1	gene|regulatory|repeat|transcript	9
chr5	96236161	96236170	ENSG00000251314.2	gene|regulatory|repeat|transcript	9
chr5	57396092	57396101	ENSG00000250961.2	gene|regulatory|repeat|transcript	9
chr5	10514167	10514176	ENSG00000249160.4	gene|regulatory|repeat|transcript	9
chr5	151719024	151719033	ENSG00000249035.7	gene|regulatory|repeat|transcript	9
chr5	148344195	148344204	ENSG00000247199.6	gene|regulatory|repeat|transcript	9
chr5	17723808	17723817	ENSG00000249937.9	gene|regulatory|repeat|transcript	9
chr5	125054767	125054776	ENSG00000260192.3	gene|regulatory|repeat|transcript	9
chr5	122727548	122727557	ENSG00000251538.7	gene|regulatory|repeat|transcript	9
chr5	159817286	159817295	ENSG00000253311.3	gene|regulatory|repeat|transcript	9
chr5	104800531	104800540	ENSG00000251574.8	gene|regulatory|repeat|transcript	9
chr5	137858418	137858427	ENSG00000250159.7	gene|regulatory|repeat|transcript	9
chr5	172956943	172956952	ENSG00000204758.8|ENSG00000254295.1	gene|regulatory|repeat|transcript	9
chr5	10508145	10508154	ENSG00000249160.4	gene|regulatory|repeat|transcript	9
chr5	158382486	158382495	ENSG00000276778.1	gene|regulatory|repeat|transcript	9
chr5	100423381	100423390	ENSG00000249787.2	gene|regulatory|repeat|transcript	9
chr5	142725611	142725620	ENSG00000236714.3	gene|regulatory|repeat|transcript	9
chr5	143693788	143693797	ENSG00000249881.1	gene|regulatory|repeat|transcript	9
chr5	128053526	128053535	ENSG00000245937.10	gene|regulatory|repeat|transcript	9
chr5	152608119	152608128	ENSG00000286749.1	gene|regulatory|repeat|transcript	9
chr5	135042573	135042582	ENSG00000224186.8	gene|regulatory|repeat|transcript	9
chr5	96842962	96842971	ENSG00000247121.8	gene|regulatory|repeat|transcript	9
chr5	159335943	159335952	ENSG00000249738.10	gene|regulatory|repeat|transcript	9
chr5	40485459	40485467	ENSG00000285552.1|ENSG00000285616.1	gene|regulatory|repeat|transcript	8
chr5	130692773	130692781	ENSG00000287390.1	gene|regulatory|repeat|transcript	8
chr5	180472711	180472719	ENSG00000289839.1	gene|regulatory|repeat|transcript	8
chr5	91249477	91249485	ENSG00000248323.8	gene|regulatory|repeat|transcript	8
chr5	159735072	159735080	ENSG00000249738.10|ENSG00000253311.3	gene|regulatory|repeat|transcript	8
chr5	142580685	142580693	ENSG00000231185.9	gene|regulatory|repeat|transcript	8
chr5	125112172	125112180	ENSG00000260192.3	gene|regulatory|repeat|transcript	8
chr5	90208314	90208322	ENSG00000248555.7	gene|regulatory|repeat|transcript	8
chr5	37886334	37886342	ENSG00000248587.8	gene|regulatory|repeat|transcript	8
chr5	143497797	143497805	ENSG00000249429.1	gene|regulatory|repeat|transcript	8
chr5	102712350	102712358	ENSG00000286338.1	gene|regulatory|repeat|transcript	8
chr5	142326555	142326563	ENSG00000231185.9	gene|regulatory|repeat|transcript	8
chr5	104409757	104409765	ENSG00000251574.8	gene|regulatory|repeat|transcript	8
chr5	91744324	91744332	ENSG00000286121.1	gene|regulatory|repeat|transcript	8
chr5	174794063	174794071	ENSG00000251670.1	gene|regulatory|repeat|transcript	8
chr5	44807271	44807279	ENSG00000251141.6	gene|regulatory|repeat|transcript	8
chr5	66309959	66309967	ENSG00000251391.5	gene|regulatory|repeat|transcript	8
chr5	68794200	68794208	ENSG00000249335.5	gene|regulatory|repeat|transcript	8
chr5	28633831	28633839	ENSG00000250453.2|ENSG00000286432.1	gene|regulatory|repeat|transcript	8
chr5	58545453	58545461	ENSG00000250127.1	gene|regulatory|repeat|transcript	8
chr5	143736385	143736393	ENSG00000249881.1	gene|regulatory|repeat|transcript	8
chr5	174431801	174431809	ENSG00000249306.7	gene|regulatory|repeat|transcript	8
chr5	37918414	37918422	ENSG00000248539.1|ENSG00000248587.8	gene|regulatory|repeat|transcript	8
chr5	124230808	124230816	ENSG00000253807.6	gene|regulatory|repeat|transcript	8
chr5	135134942	135134950	ENSG00000224186.8|ENSG00000248753.1	gene|regulatory|repeat|transcript	8
chr5	117777285	117777293	ENSG00000249797.2	gene|regulatory|repeat|transcript	8
chr5	178791045	178791053	ENSG00000250420.9|ENSG00000291019.1	gene|regulatory|repeat|transcript	8
chr5	38828345	38828353	ENSG00000249740.4	gene|regulatory|repeat|transcript	8
chr5	159581530	159581538	ENSG00000249738.10	gene|regulatory|repeat|transcript	8
chr5	135306094	135306102	ENSG00000224186.8	gene|regulatory|repeat|transcript	8
chr5	33236164	33236171	ENSG00000250697.2|ENSG00000251443.3	gene|regulatory|repeat|transcript	7
chr5	181185252	181185259	ENSG00000248473.2	gene|regulatory|repeat|transcript	7
chr5	142428497	142428504	ENSG00000231185.9	gene|regulatory|repeat|transcript	7
chr5	119030594	119030601	ENSG00000249494.6	gene|regulatory|repeat|transcript	7
chr5	6962605	6962612	ENSG00000250974.4	gene|regulatory|repeat|transcript	7
chr5	172806940	172806947	ENSG00000290019.1	gene|regulatory|repeat|transcript	7
chr5	16384126	16384133	ENSG00000248150.1	gene|regulatory|repeat|transcript	7
chr5	119023150	119023157	ENSG00000249494.6	gene|regulatory|repeat|transcript	7
chr5	96210227	96210234	ENSG00000250551.1|ENSG00000251314.2	gene|regulatory|repeat|transcript	7
chr5	56086335	56086342	ENSG00000249236.2	gene|regulatory|repeat|transcript	7
chr5	125310951	125310958	ENSG00000260192.3	gene|regulatory|repeat|transcript	7
chr5	56317998	56318005	ENSG00000249697.1	gene|regulatory|repeat|transcript	7
chr5	67897995	67898002	ENSG00000250421.5	gene|regulatory|repeat|transcript	7
chr5	56544018	56544025	ENSG00000225940.7	gene|regulatory|repeat|transcript	7
chr5	104412924	104412931	ENSG00000251574.8	gene|regulatory|repeat|transcript	7
chr5	123089070	123089077	ENSG00000223652.2	gene|regulatory|repeat|transcript	7
chr5	117425669	117425676	ENSG00000248663.7	gene|regulatory|repeat|transcript	7
chr5	123089022	123089029	ENSG00000223652.2	gene|regulatory|repeat|transcript	7
chr5	119019660	119019667	ENSG00000249494.6	gene|regulatory|repeat|transcript	7
chr5	96243914	96243921	ENSG00000251314.2	gene|regulatory|repeat|transcript	7
chr5	112006855	112006862	ENSG00000250095.5	gene|regulatory|repeat|transcript	7
chr5	158431365	158431372	ENSG00000254350.1	gene|regulatory|repeat|transcript	7
chr5	151696114	151696121	ENSG00000249035.7	gene|regulatory|repeat|transcript	7
chr5	95712068	95712075	ENSG00000250240.6	gene|regulatory|repeat|transcript	7
chr5	89045583	89045590	ENSG00000248309.9	gene|regulatory|repeat|transcript	7
chr5	38824060	38824067	ENSG00000249740.4	gene|regulatory|repeat|transcript	7
chr5	24818335	24818342	ENSG00000286238.1	gene|regulatory|repeat|transcript	7
chr5	91211422	91211429	ENSG00000248323.8	gene|regulatory|repeat|transcript	7
chr5	149271193	149271200	ENSG00000248647.2|ENSG00000253406.1	gene|regulatory|repeat|transcript	7
chr5	178180524	178180531	ENSG00000289726.1	gene|regulatory|repeat|transcript	7
chr5	125053495	125053502	ENSG00000260192.3	gene|regulatory|repeat|transcript	7
chr5	152379980	152379987	ENSG00000286749.1	gene|regulatory|repeat|transcript	7
chr5	81820035	81820042	ENSG00000287938.1	gene|regulatory|repeat|transcript	7
chr5	122706022	122706029	ENSG00000251538.7	gene|regulatory|repeat|transcript	7
chr5	173727703	173727710	ENSG00000253686.2	gene|regulatory|repeat|transcript	7
chr5	6825837	6825844	ENSG00000251365.6	gene|regulatory|repeat|transcript	7
chr5	140719139	140719146	ENSG00000292256.1	gene|regulatory|repeat|transcript	7
chr5	38843937	38843944	ENSG00000249740.4	gene|regulatory|repeat|transcript	7
chr5	135142453	135142460	ENSG00000224186.8	gene|regulatory|repeat|transcript	7
chr5	152597144	152597151	ENSG00000286749.1	gene|regulatory|repeat|transcript	7
chr5	164120137	164120144	ENSG00000253331.1	gene|regulatory|repeat|transcript	7
chr5	164356799	164356806	ENSG00000241956.11	gene|regulatory|repeat|transcript	7
chr5	163318036	163318043	ENSG00000254186.3	gene|regulatory|repeat|transcript	7
chr5	91166013	91166019	ENSG00000248323.8	gene|regulatory|repeat|transcript	6
chr5	91383381	91383387	ENSG00000281357.5	gene|regulatory|repeat|transcript	6
chr5	33236036	33236042	ENSG00000250697.2|ENSG00000251443.3	gene|regulatory|repeat|transcript	6
chr5	105168995	105169001	ENSG00000251574.8|ENSG00000253584.1	gene|regulatory|repeat|transcript	6
chr5	79843178	79843184	ENSG00000286818.2	gene|regulatory|repeat|transcript	6
chr5	129846024	129846030	ENSG00000251680.6	gene|regulatory|repeat|transcript	6
chr5	125295568	125295574	ENSG00000260192.3	gene|regulatory|repeat|transcript	6
chr5	32116282	32116288	ENSG00000250764.1	gene|regulatory|repeat|transcript	6
chr5	179504954	179504960	ENSG00000253652.1	gene|regulatory|repeat|transcript	6
chr5	142326584	142326590	ENSG00000231185.9	gene|regulatory|repeat|transcript	6
chr5	143544228	143544234	ENSG00000251205.3	gene|regulatory|repeat|transcript	6
chr5	134483191	134483197	ENSG00000250994.3	gene|regulatory|repeat|transcript	6
chr5	175915748	175915754	ENSG00000250820.1	gene|regulatory|repeat|transcript	6
chr5	28811046	28811052	ENSG00000259786.7	gene|regulatory|repeat|transcript	6
chr5	134483992	134483998	ENSG00000250994.3	gene|regulatory|repeat|transcript	6
chr5	142748165	142748171	ENSG00000236714.3	gene|regulatory|repeat|transcript	6
chr5	88696276	88696282	ENSG00000245864.5	gene|regulatory|repeat|transcript	6
chr5	159395058	159395064	ENSG00000249738.10	gene|regulatory|repeat|transcript	6
chr5	88673758	88673764	ENSG00000245526.13	gene|regulatory|repeat|transcript	6
chr5	140400500	140400506	ENSG00000249637.4	gene|regulatory|repeat|transcript	6
chr5	68962915	68962921	ENSG00000249335.5	gene|regulatory|repeat|transcript	6
chr5	104512454	104512460	ENSG00000251574.8	gene|regulatory|repeat|transcript	6
chr5	141725144	141725150	ENSG00000286736.1	gene|regulatory|repeat|transcript	6
chr5	160482742	160482748	ENSG00000253522.6	gene|regulatory|repeat|transcript	6
chr5	174425662	174425668	ENSG00000249306.7	gene|regulatory|repeat|transcript	6
chr5	61177374	61177380	ENSG00000251279.3	gene|regulatory|repeat|transcript	6
chr5	174752456	174752462	ENSG00000251670.1	gene|regulatory|repeat|transcript	6
chr5	57477071	57477077	ENSG00000250961.2	gene|regulatory|repeat|transcript	6
chr5	57495626	57495632	ENSG00000250961.2	gene|regulatory|repeat|transcript	6
chr5	54691712	54691718	ENSG00000287367.2	gene|regulatory|repeat|transcript	6
chr5	103436994	103437000	ENSG00000226926.8|ENSG00000293393.1	gene|regulatory|repeat|transcript	6
chr5	82356070	82356076	ENSG00000293465.1	gene|regulatory|repeat|transcript	6
chr5	92467739	92467745	ENSG00000249776.5|ENSG00000250049.7	gene|regulatory|repeat|transcript	6
chr5	154433775	154433781	ENSG00000245275.9	gene|regulatory|repeat|transcript	6
chr5	135456916	135456922	ENSG00000249639.1	gene|regulatory|repeat|transcript	6
chr5	126129430	126129436	ENSG00000248752.3	gene|regulatory|repeat|transcript	6
chr5	173740710	173740716	ENSG00000253686.2	gene|regulatory|repeat|transcript	6
chr5	97808911	97808917	ENSG00000286953.1	gene|regulatory|repeat|transcript	6
chr5	148265945	148265951	ENSG00000247199.6	gene|regulatory|repeat|transcript	6
chr5	27308190	27308196	ENSG00000250337.10	gene|regulatory|repeat|transcript	6
chr5	132369703	132369709	ENSG00000233006.8	gene|regulatory|repeat|transcript	6
chr5	24774271	24774277	ENSG00000286238.1	gene|regulatory|repeat|transcript	6
chr5	15209757	15209762	ENSG00000249332.2	gene|regulatory|repeat|transcript	5
chr5	111003621	111003626	ENSG00000248428.1	gene|regulatory|repeat|transcript	5
chr5	141758966	141758971	ENSG00000286736.1	gene|regulatory|repeat|transcript	5
chr5	142530887	142530892	ENSG00000231185.9	gene|regulatory|repeat|transcript	5
chr5	9870007	9870012	ENSG00000249781.7|ENSG00000250814.3	gene|regulatory|repeat|transcript	5
chr5	56025686	56025691	ENSG00000249236.2	gene|regulatory|repeat|transcript	5
chr5	148141672	148141677	ENSG00000247199.6	gene|regulatory|repeat|transcript	5
chr5	124200931	124200936	ENSG00000253807.6	gene|regulatory|repeat|transcript	5
chr5	39521513	39521518	ENSG00000271334.6	gene|regulatory|repeat|transcript	5
chr5	96331247	96331252	ENSG00000251314.2	gene|regulatory|repeat|transcript	5
chr5	67536690	67536695	ENSG00000249364.7	gene|regulatory|repeat|transcript	5
chr5	177498053	177498058	ENSG00000248996.1	gene|regulatory|repeat|transcript	5
chr5	54386388	54386393	ENSG00000249069.8	gene|regulatory|repeat|transcript	5
chr5	88142879	88142884	ENSG00000287862.1	gene|regulatory|repeat|transcript	5
chr5	74375100	74375105	ENSG00000248673.2	gene|regulatory|repeat|transcript	5
chr5	73225418	73225423	ENSG00000249743.8	gene|regulatory|repeat|transcript	5
chr5	140721654	140721659	ENSG00000292256.1	gene|regulatory|repeat|transcript	5
chr5	33091633	33091638	ENSG00000250697.2	gene|regulatory|repeat|transcript	5
chr5	103455064	103455069	ENSG00000226926.8|ENSG00000293393.1	gene|regulatory|repeat|transcript	5
chr5	43580324	43580329	ENSG00000248092.8	gene|regulatory|repeat|transcript	5
chr5	97184449	97184454	ENSG00000251513.2|ENSG00000286828.1	gene|regulatory|repeat|transcript	5
chr5	125527013	125527018	ENSG00000248752.3|ENSG00000260192.3|ENSG00000286111.1	gene|regulatory|repeat|transcript	5
chr5	135203905	135203910	ENSG00000224186.8	gene|regulatory|repeat|transcript	5
chr5	24161947	24161952	ENSG00000248874.5|ENSG00000286134.2	gene|regulatory|repeat|transcript	5
chr5	96115930	96115935	ENSG00000250551.1|ENSG00000251314.2	gene|regulatory|repeat|transcript	5
chr5	91421771	91421776	ENSG00000281357.5	gene|regulatory|repeat|transcript	5
chr5	126282232	126282236	ENSG00000248752.3	gene|regulatory|repeat|transcript	4
chr5	91795257	91795261	ENSG00000286121.1	gene|regulatory|repeat|transcript	4
chr5	162473156	162473160	ENSG00000254186.3	gene|regulatory|repeat|transcript	4
chr5	142720712	142720716	ENSG00000236714.3	gene|regulatory|repeat|transcript	4
chr5	93048495	93048499	ENSG00000251361.1	gene|regulatory|repeat|transcript	4
chr5	91425123	91425127	ENSG00000281357.5	gene|regulatory|repeat|transcript	4
chr5	15447255	15447259	ENSG00000286377.1	gene|regulatory|repeat|transcript	4
chr5	159787654	159787658	ENSG00000249738.10|ENSG00000253311.3	gene|regulatory|repeat|transcript	4
chr5	172803015	172803019	ENSG00000290019.1	gene|regulatory|repeat|transcript	4
chr5	173765906	173765910	ENSG00000287003.1	gene|regulatory|repeat|transcript	4
chr5	29247630	29247634	ENSG00000286182.1	gene|regulatory|repeat|transcript	4
chr5	104089806	104089810	ENSG00000251026.2	gene|regulatory|repeat|transcript	4
chr5	150481717	150481721	ENSG00000254333.1	gene|regulatory|repeat|transcript	4
chr5	172779977	172779981	ENSG00000253736.5	gene|regulatory|repeat|transcript	4
chr5	4859579	4859583	ENSG00000248973.3	gene|regulatory|repeat|transcript	4
chr5	53303536	53303540	ENSG00000285831.1	gene|regulatory|repeat|transcript	4
chr5	142360135	142360139	ENSG00000231185.9	gene|regulatory|repeat|transcript	4
chr5	173475215	173475219	ENSG00000253141.2	gene|regulatory|repeat|transcript	4
chr5	52746856	52746860	ENSG00000248898.4	gene|regulatory|repeat|transcript	4
chr5	95838023	95838027	ENSG00000251409.2	gene|regulatory|repeat|transcript	4
chr5	57576070	57576074	ENSG00000249436.2	gene|regulatory|repeat|transcript	4
chr5	135172614	135172618	ENSG00000224186.8	gene|regulatory|repeat|transcript	4
chr5	97888480	97888484	ENSG00000248202.2	gene|regulatory|repeat|transcript	4
chr5	72634728	72634732	ENSG00000248371.5	gene|regulatory|repeat|transcript	4
chr5	163407325	163407329	ENSG00000254186.3	gene|regulatory|repeat|transcript	4
chr5	103452459	103452463	ENSG00000226926.8|ENSG00000293393.1	gene|regulatory|repeat|transcript	4
chr5	74395776	74395780	ENSG00000248673.2	gene|regulatory|repeat|transcript	4
chr5	74319366	74319370	ENSG00000248673.2|ENSG00000248942.3	gene|regulatory|repeat|transcript	4
chr5	104267834	104267838	ENSG00000251026.2	gene|regulatory|repeat|transcript	4
chr5	124421962	124421966	ENSG00000253807.6	gene|regulatory|repeat|transcript	4
chr5	158511205	158511209	ENSG00000254135.3	gene|regulatory|repeat|transcript	4
chr5	158523676	158523680	ENSG00000254135.3	gene|regulatory|repeat|transcript	4
chr5	142389022	142389026	ENSG00000231185.9	gene|regulatory|repeat|transcript	4
chr5	1976248	1976252	ENSG00000248994.2	gene|regulatory|repeat|transcript	4
chr5	69023403	69023407	ENSG00000249335.5|ENSG00000249352.4	gene|regulatory|repeat|transcript	4
chr5	124455187	124455190	ENSG00000248600.2	gene|regulatory|repeat|transcript	3
chr5	118430076	118430079	ENSG00000250891.3	gene|regulatory|repeat|transcript	3
chr5	96194254	96194257	ENSG00000250551.1|ENSG00000251314.2	gene|regulatory|repeat|transcript	3
chr5	159864943	159864946	ENSG00000253311.3	gene|regulatory|repeat|transcript	3
chr5	108416721	108416724	ENSG00000286503.1	gene|regulatory|repeat|transcript	3
chr5	91703469	91703472	ENSG00000286121.1	gene|regulatory|repeat|transcript	3
chr5	24142357	24142360	ENSG00000248874.5|ENSG00000286134.2	gene|regulatory|repeat|transcript	3
chr5	6948979	6948982	ENSG00000250974.4	gene|regulatory|repeat|transcript	3
chr5	91561890	91561893	ENSG00000281357.5	gene|regulatory|repeat|transcript	3
chr5	4730211	4730214	ENSG00000248973.3	gene|regulatory|repeat|transcript	3
chr5	172758108	172758111	ENSG00000253295.2	gene|regulatory|repeat|transcript	3
chr5	127987901	127987904	ENSG00000245937.10	gene|regulatory|repeat|transcript	3
chr5	84393969	84393972	ENSG00000250320.7	gene|regulatory|repeat|transcript	3
chr5	56060126	56060129	ENSG00000249236.2	gene|regulatory|repeat|transcript	3
chr5	107705331	107705334	ENSG00000249959.6	gene|regulatory|repeat|transcript	3
chr5	24098566	24098569	ENSG00000248874.5	gene|regulatory|repeat|transcript	3
chr5	143606718	143606721	ENSG00000249881.1	gene|regulatory|repeat|transcript	3
chr5	74166367	74166370	ENSG00000248673.2	gene|regulatory|repeat|transcript	3
chr5	74517730	74517733	ENSG00000248673.2	gene|regulatory|repeat|transcript	3
chr5	135174405	135174408	ENSG00000224186.8	gene|regulatory|repeat|transcript	3
chr5	74395537	74395540	ENSG00000248673.2	gene|regulatory|repeat|transcript	3
chr5	16411653	16411656	ENSG00000248150.1	gene|regulatory|repeat|transcript	3
chr5	98990108	98990111	ENSG00000248489.4	gene|regulatory|repeat|transcript	3
chr5	174936207	174936210	ENSG00000204754.3	gene|regulatory|repeat|transcript	3
chr5	91176997	91177000	ENSG00000248323.8	gene|regulatory|repeat|transcript	3
chr5	67409727	67409730	ENSG00000249364.7	gene|regulatory|repeat|transcript	3
chr5	140719634	140719637	ENSG00000292256.1	gene|regulatory|repeat|transcript	3
chr5	172524578	172524581	ENSG00000287814.1	gene|regulatory|repeat|transcript	3
chr5	163006231	163006234	ENSG00000254186.3	gene|regulatory|repeat|transcript	3
chr5	81823099	81823102	ENSG00000287938.1	gene|regulatory|repeat|transcript	3
chr5	173741929	173741932	ENSG00000253686.2	gene|regulatory|repeat|transcript	3
chr5	140574526	140574529	ENSG00000283155.1|ENSG00000283602.2|ENSG00000293441.1	gene|regulatory|repeat|transcript	3
chr5	135147705	135147708	ENSG00000224186.8	gene|regulatory|repeat|transcript	3
chr5	151158424	151158427	ENSG00000254298.1	gene|regulatory|repeat|transcript	3
chr5	104412921	104412924	ENSG00000251574.8	gene|regulatory|repeat|transcript	3
chr5	142385225	142385227	ENSG00000231185.9	gene|regulatory|repeat|transcript	2
chr5	13186658	13186660	ENSG00000248145.2	gene|regulatory|repeat|transcript	2
chr5	74166408	74166410	ENSG00000248673.2	gene|regulatory|repeat|transcript	2
chr5	54678709	54678711	ENSG00000287367.2	gene|regulatory|repeat|transcript	2
chr5	54702450	54702452	ENSG00000287367.2	gene|regulatory|repeat|transcript	2
chr5	137843933	137843935	ENSG00000250159.7	gene|regulatory|repeat|transcript	2
chr5	152005763	152005765	ENSG00000254226.6	gene|regulatory|repeat|transcript	2
chr5	980014	980016	ENSG00000250173.1	gene|regulatory|repeat|transcript	2
chr5	91421216	91421218	ENSG00000281357.5	gene|regulatory|repeat|transcript	2
chr5	40429402	40429404	ENSG00000283286.2	gene|regulatory|repeat|transcript	2
chr5	158513995	158513997	ENSG00000254135.3	gene|regulatory|repeat|transcript	2
chr5	106876031	106876033	ENSG00000251027.2	gene|regulatory|repeat|transcript	2
chr5	106844214	106844216	ENSG00000251027.2	gene|regulatory|repeat|transcript	2
chr5	121292682	121292684	ENSG00000229855.9	gene|regulatory|repeat|transcript	2
chr5	9872939	9872941	ENSG00000249781.7|ENSG00000250814.3	gene|regulatory|repeat|transcript	2
chr5	95857942	95857944	ENSG00000236882.9	gene|regulatory|repeat|transcript	2
chr5	57494717	57494719	ENSG00000250961.2	gene|regulatory|repeat|transcript	2
chr5	82363576	82363578	ENSG00000293465.1	gene|regulatory|repeat|transcript	2
chr5	126178089	126178091	ENSG00000248752.3	gene|regulatory|repeat|transcript	2
chr5	125439387	125439389	ENSG00000248752.3|ENSG00000260192.3	gene|regulatory|repeat|transcript	2
chr5	125487606	125487608	ENSG00000248752.3|ENSG00000260192.3	gene|regulatory|repeat|transcript	2
chr5	159227819	159227821	ENSG00000253256.1|ENSG00000253315.1	gene|regulatory|repeat|transcript	2
chr5	134483940	134483942	ENSG00000250994.3	gene|regulatory|repeat|transcript	2
chr5	134483846	134483848	ENSG00000250994.3	gene|regulatory|repeat|transcript	2
chr5	72660121	72660123	ENSG00000248371.5	gene|regulatory|repeat|transcript	2
chr5	143547677	143547679	ENSG00000251205.3	gene|regulatory|repeat|transcript	2
chr5	92228937	92228939	ENSG00000250049.7	gene|regulatory|repeat|transcript	2
chr5	151721265	151721267	ENSG00000249035.7	gene|regulatory|repeat|transcript	2
chr5	134483139	134483141	ENSG00000250994.3	gene|regulatory|repeat|transcript	2
chr5	173643687	173643689	ENSG00000253959.1	gene|regulatory|repeat|transcript	2
chr5	145350518	145350520	ENSG00000250842.1	gene|regulatory|repeat|transcript	2
chr5	88675324	88675326	ENSG00000245526.13	gene|regulatory|repeat|transcript	2
chr5	56544365	56544367	ENSG00000225940.7	gene|regulatory|repeat|transcript	2
chr5	56097103	56097105	ENSG00000249236.2	gene|regulatory|repeat|transcript	2
chr5	160477351	160477353	ENSG00000253522.6	gene|regulatory|repeat|transcript	2
chr5	992341	992343	ENSG00000215246.6	gene|regulatory|repeat|transcript	2
chr5	56464006	56464008	ENSG00000248727.6	gene|regulatory|repeat|transcript	2
chr5	56319036	56319038	ENSG00000249697.1	gene|regulatory|repeat|transcript	2
chr5	20679283	20679285	ENSG00000251629.7	gene|regulatory|repeat|transcript	2
chr5	174414611	174414613	ENSG00000249306.7	gene|regulatory|repeat|transcript	2
chr5	176188173	176188175	ENSG00000283235.2	gene|regulatory|repeat|transcript	2
chr5	162473347	162473349	ENSG00000254186.3	gene|regulatory|repeat|transcript	2
chr5	33229254	33229256	ENSG00000250697.2	gene|regulatory|repeat|transcript	2
chr5	111629635	111629636	ENSG00000246859.3	gene|regulatory|repeat|transcript	1
chr5	74214191	74214192	ENSG00000248673.2	gene|regulatory|repeat|transcript	1
chr5	109282198	109282199	ENSG00000249476.2	gene|regulatory|repeat|transcript	1
chr5	68195249	68195250	ENSG00000253787.1	gene|regulatory|repeat|transcript	1
chr5	173728416	173728417	ENSG00000253686.2	gene|regulatory|repeat|transcript	1
chr5	172535177	172535178	ENSG00000287814.1	gene|regulatory|repeat|transcript	1
chr5	89034943	89034944	ENSG00000248309.9	gene|regulatory|repeat|transcript	1
chr5	93055116	93055117	ENSG00000251361.1	gene|regulatory|repeat|transcript	1
chr5	159339814	159339815	ENSG00000249738.10	gene|regulatory|repeat|transcript	1
chr5	43019192	43019193	ENSG00000177738.6|ENSG00000251131.3	gene|regulatory|repeat|transcript	1
chr5	82315373	82315374	ENSG00000205464.14|ENSG00000293465.1	gene|regulatory|repeat|transcript	1
chr5	104187761	104187762	ENSG00000251026.2	gene|regulatory|repeat|transcript	1
chr5	123037430	123037431	ENSG00000249996.1	gene|regulatory|repeat|transcript	1
chr5	88678921	88678922	ENSG00000245526.13|ENSG00000245864.5	gene|regulatory|repeat|transcript	1
chr5	174414610	174414611	ENSG00000249306.7	gene|regulatory|repeat|transcript	1
chr5	140720235	140720236	ENSG00000292256.1	gene|regulatory|repeat|transcript	1
chr5	73138385	73138386	ENSG00000251599.1	gene|regulatory|repeat|transcript	1
chr5	52988713	52988714	ENSG00000249899.6	gene|regulatory|repeat|transcript	1
chr5	53119518	53119519	ENSG00000247796.3	gene|regulatory|repeat|transcript	1
chr5	73387210	73387211	ENSG00000293193.1	gene|regulatory|repeat|transcript	1
chr5	81300981	81300982	ENSG00000247572.9	gene|regulatory|repeat|transcript	1
chr5	124955109	124955110	ENSG00000260192.3	gene|regulatory|repeat|transcript	1
chr5	135160025	135160026	ENSG00000224186.8	gene|regulatory|repeat|transcript	1
chr5	123089077	123089078	ENSG00000223652.2	gene|regulatory|repeat|transcript	1
chr5	57407488	57407489	ENSG00000250961.2	gene|regulatory|repeat|transcript	1
chr5	132692419	132692420	ENSG00000230612.3	gene|regulatory|repeat|transcript	1
chr5	38640279	38640280	ENSG00000244968.7	gene|regulatory|repeat|transcript	1
chr5	133041942	133041943	ENSG00000287054.1	gene|regulatory|repeat|transcript	1
chr5	38104493	38104494	ENSG00000248461.3	gene|regulatory|repeat|transcript	1
chr5	15442411	15442412	ENSG00000286377.1	gene|regulatory|repeat|transcript	1
chr5	80487698	80487699	ENSG00000249042.6	gene|regulatory|repeat|transcript	1
chr5	61324356	61324357	ENSG00000288936.1	gene|regulatory|repeat|transcript	1
chr5	96049474	96049475	ENSG00000251314.2	gene|regulatory|repeat|transcript	1
chr5	165522553	165522554	ENSG00000253693.1	gene|regulatory|repeat|transcript	1
chr5	88389675	88389676	ENSG00000247828.10	gene|regulatory|repeat|transcript	1
chr5	106875096	106875097	ENSG00000251027.2	gene|regulatory|repeat|transcript	1
chr5	74984327	74984328	ENSG00000249856.1	gene|regulatory|repeat|transcript	1
chr5	159849652	159849653	ENSG00000253311.3	gene|regulatory|repeat|transcript	1
chr5	74970968	74970969	ENSG00000249856.1|ENSG00000289535.2	gene|regulatory|repeat|transcript	1
chr5	74317374	74317375	ENSG00000248673.2|ENSG00000248942.3	gene|regulatory|repeat|transcript	1
chr5	74386957	74386958	ENSG00000248673.2	gene|regulatory|repeat|transcript	1
chr5	1378377	1378378	ENSG00000250584.4	gene|regulatory|repeat|transcript	1
chr5	180832156	180832157	ENSG00000245060.8	gene|regulatory|repeat|transcript	1
