chr	start	end	feature1	feature2	length
chr7	19970125	19970475	ENSG00000243004.7	gene|regulatory|repeat|transcript	350
chr7	32937812	32938162	ENSG00000205763.16|ENSG00000291146.1	gene|regulatory|repeat|transcript	350
chr7	25665452	25665802	ENSG00000223561.8	gene|regulatory|repeat|transcript	350
chr7	85426515	85426865	ENSG00000225128.1	gene|regulatory|repeat|transcript	350
chr7	29639426	29639776	ENSG00000293330.1	gene|regulatory|repeat|transcript	350
chr7	88480291	88480641	ENSG00000233420.2	gene|regulatory|repeat|transcript	350
chr7	38369824	38370174	ENSG00000281103.4	gene|regulatory|repeat|transcript	350
chr7	116566023	116566373	ENSG00000231210.3	gene|regulatory|repeat|transcript	350
chr7	101308672	101309022	ENSG00000232445.2	gene|regulatory|repeat|transcript	350
chr7	99944251	99944601	ENSG00000237640.1	gene|regulatory|repeat|transcript	350
chr7	149569404	149569754	ENSG00000291118.1	gene|regulatory|repeat|transcript	350
chr7	106823689	106824039	ENSG00000228742.11	gene|regulatory|repeat|transcript	350
chr7	11233884	11234234	ENSG00000230333.6	gene|regulatory|repeat|transcript	350
chr7	88268862	88269212	ENSG00000228113.7	gene|regulatory|repeat|transcript	350
chr7	157490591	157490940	ENSG00000234210.1	gene|regulatory|repeat|transcript	349
chr7	66460953	66461302	ENSG00000179406.10	gene|regulatory|repeat|transcript	349
chr7	124022559	124022908	ENSG00000241345.1	gene|regulatory|repeat|transcript	349
chr7	88429410	88429759	ENSG00000233420.2	gene|regulatory|repeat|transcript	349
chr7	112994694	112995043	ENSG00000234520.8	gene|regulatory|repeat|transcript	349
chr7	108920605	108920954	ENSG00000229603.1	gene|regulatory|repeat|transcript	349
chr7	80288464	80288813	ENSG00000234223.2	gene|regulatory|repeat|transcript	349
chr7	143454328	143454677	ENSG00000229153.7	gene|regulatory|repeat|transcript	349
chr7	106450772	106451121	ENSG00000243797.6|ENSG00000286076.2	gene|regulatory|repeat|transcript	349
chr7	11298229	11298578	ENSG00000230333.6	gene|regulatory|repeat|transcript	349
chr7	134414120	134414469	ENSG00000273297.4	gene|regulatory|repeat|transcript	349
chr7	119664657	119665006	ENSG00000225546.6	gene|regulatory|repeat|transcript	349
chr7	32669209	32669558	ENSG00000229358.3	gene|regulatory|repeat|transcript	349
chr7	69301288	69301637	ENSG00000225718.2	gene|regulatory|repeat|transcript	349
chr7	135898384	135898733	ENSG00000224746.2	gene|regulatory|repeat|transcript	349
chr7	51635786	51636135	ENSG00000285741.1	gene|regulatory|repeat|transcript	349
chr7	148501718	148502067	ENSG00000283504.1	gene|regulatory|repeat|transcript	349
chr7	88668637	88668986	ENSG00000233420.2	gene|regulatory|repeat|transcript	349
chr7	9091325	9091674	ENSG00000278254.4	gene|regulatory|repeat|transcript	349
chr7	156475679	156476028	ENSG00000182648.15	gene|regulatory|repeat|transcript	349
chr7	106405797	106406146	ENSG00000243797.6	gene|regulatory|repeat|transcript	349
chr7	131072036	131072384	ENSG00000231721.8	gene|regulatory|repeat|transcript	348
chr7	29677208	29677556	ENSG00000227855.5|ENSG00000293330.1	gene|regulatory|repeat|transcript	348
chr7	6953829	6954177	ENSG00000287860.3	gene|regulatory|repeat|transcript	348
chr7	32941733	32942081	ENSG00000205763.16|ENSG00000291146.1	gene|regulatory|repeat|transcript	348
chr7	106493071	106493419	ENSG00000243797.6|ENSG00000286076.2	gene|regulatory|repeat|transcript	348
chr7	106824491	106824839	ENSG00000228742.11	gene|regulatory|repeat|transcript	348
chr7	106767413	106767761	ENSG00000243797.6	gene|regulatory|repeat|transcript	348
chr7	130996825	130997173	ENSG00000231721.8	gene|regulatory|repeat|transcript	348
chr7	137040829	137041177	ENSG00000234352.9	gene|regulatory|repeat|transcript	348
chr7	88635145	88635493	ENSG00000233420.2	gene|regulatory|repeat|transcript	348
chr7	67311895	67312243	ENSG00000291153.1	gene|regulatory|repeat|transcript	348
chr7	112646840	112647188	ENSG00000223646.2	gene|regulatory|repeat|transcript	348
chr7	81190997	81191345	ENSG00000237896.6|ENSG00000289996.1	gene|regulatory|repeat|transcript	348
chr7	100344826	100345174	ENSG00000272752.6|ENSG00000290682.1	gene|regulatory|repeat|transcript	348
chr7	16708997	16709344	ENSG00000235837.1	gene|regulatory|repeat|transcript	347
chr7	88264901	88265248	ENSG00000228113.7	gene|regulatory|repeat|transcript	347
chr7	100342804	100343151	ENSG00000272752.6|ENSG00000290682.1	gene|regulatory|repeat|transcript	347
chr7	92875828	92876175	ENSG00000237819.7	gene|regulatory|repeat|transcript	347
chr7	3168911	3169258	ENSG00000217455.8	gene|regulatory|repeat|transcript	347
chr7	143484237	143484584	ENSG00000229153.7	gene|regulatory|repeat|transcript	347
chr7	89887078	89887425	ENSG00000227646.7	gene|regulatory|repeat|transcript	347
chr7	143472286	143472633	ENSG00000229153.7	gene|regulatory|repeat|transcript	347
chr7	112726095	112726442	ENSG00000223646.2	gene|regulatory|repeat|transcript	347
chr7	136260610	136260957	ENSG00000232053.7	gene|regulatory|repeat|transcript	347
chr7	136391392	136391739	ENSG00000232053.7	gene|regulatory|repeat|transcript	347
chr7	115226463	115226810	ENSG00000233607.1	gene|regulatory|repeat|transcript	347
chr7	39754071	39754418	ENSG00000188185.13	gene|regulatory|repeat|transcript	347
chr7	101299956	101300302	ENSG00000232301.3	gene|regulatory|repeat|transcript	346
chr7	12863628	12863974	ENSG00000229618.3	gene|regulatory|repeat|transcript	346
chr7	123090515	123090861	ENSG00000226680.2	gene|regulatory|repeat|transcript	346
chr7	109582243	109582589	ENSG00000234273.1	gene|regulatory|repeat|transcript	346
chr7	34457406	34457751	ENSG00000197085.11	gene|regulatory|repeat|transcript	345
chr7	44020259	44020604	ENSG00000285596.1	gene|regulatory|repeat|transcript	345
chr7	89887529	89887874	ENSG00000227646.7	gene|regulatory|repeat|transcript	345
chr7	110502910	110503255	ENSG00000226965.2	gene|regulatory|repeat|transcript	345
chr7	12820829	12821174	ENSG00000229618.3	gene|regulatory|repeat|transcript	345
chr7	124009388	124009733	ENSG00000241345.1	gene|regulatory|repeat|transcript	345
chr7	88546778	88547123	ENSG00000233420.2	gene|regulatory|repeat|transcript	345
chr7	34463861	34464206	ENSG00000197085.11	gene|regulatory|repeat|transcript	345
chr7	25732810	25733155	ENSG00000223561.8	gene|regulatory|repeat|transcript	345
chr7	122172180	122172524	ENSG00000234418.4	gene|regulatory|repeat|transcript	344
chr7	88254764	88255108	ENSG00000228113.7	gene|regulatory|repeat|transcript	344
chr7	125316497	125316841	ENSG00000224897.9	gene|regulatory|repeat|transcript	344
chr7	81604123	81604467	ENSG00000233491.9|ENSG00000293394.1	gene|regulatory|repeat|transcript	344
chr7	36473921	36474265	ENSG00000237400.1	gene|regulatory|repeat|transcript	344
chr7	13421782	13422126	ENSG00000229618.3	gene|regulatory|repeat|transcript	344
chr7	110186329	110186673	ENSG00000226965.2	gene|regulatory|repeat|transcript	344
chr7	115097278	115097622	ENSG00000225535.7|ENSG00000233607.1	gene|regulatory|repeat|transcript	344
chr7	106609441	106609784	ENSG00000243797.6	gene|regulatory|repeat|transcript	343
chr7	88540061	88540404	ENSG00000233420.2	gene|regulatory|repeat|transcript	343
chr7	122211391	122211734	ENSG00000234418.4	gene|regulatory|repeat|transcript	343
chr7	135831462	135831805	ENSG00000224746.2	gene|regulatory|repeat|transcript	343
chr7	128172105	128172448	ENSG00000292309.1	gene|regulatory|repeat|transcript	343
chr7	106703862	106704205	ENSG00000243797.6	gene|regulatory|repeat|transcript	343
chr7	7014869	7015212	ENSG00000287860.3	gene|regulatory|repeat|transcript	343
chr7	13102811	13103153	ENSG00000229618.3	gene|regulatory|repeat|transcript	342
chr7	134975430	134975772	ENSG00000286458.1	gene|regulatory|repeat|transcript	342
chr7	128182566	128182908	ENSG00000292309.1	gene|regulatory|repeat|transcript	342
chr7	119705985	119706327	ENSG00000225546.6	gene|regulatory|repeat|transcript	342
chr7	67252058	67252400	ENSG00000291154.1	gene|regulatory|repeat|transcript	342
chr7	6990447	6990789	ENSG00000287860.3	gene|regulatory|repeat|transcript	342
chr7	46939135	46939477	ENSG00000232072.1	gene|regulatory|repeat|transcript	342
chr7	50898990	50899331	ENSG00000228204.2	gene|regulatory|repeat|transcript	341
chr7	29538519	29538860	ENSG00000223813.5	gene|regulatory|repeat|transcript	341
chr7	28993454	28993795	ENSG00000272568.6	gene|regulatory|repeat|transcript	341
chr7	13042651	13042992	ENSG00000229618.3	gene|regulatory|repeat|transcript	341
chr7	46916603	46916944	ENSG00000232072.1	gene|regulatory|repeat|transcript	341
chr7	45511734	45512075	ENSG00000225537.1	gene|regulatory|repeat|transcript	341
chr7	115099879	115100220	ENSG00000225535.7|ENSG00000233607.1	gene|regulatory|repeat|transcript	341
chr7	110590414	110590755	ENSG00000287186.1	gene|regulatory|repeat|transcript	341
chr7	88477964	88478305	ENSG00000233420.2	gene|regulatory|repeat|transcript	341
chr7	137130796	137131137	ENSG00000234352.9	gene|regulatory|repeat|transcript	341
chr7	45368161	45368502	ENSG00000286738.1	gene|regulatory|repeat|transcript	341
chr7	15755839	15756180	ENSG00000286376.1	gene|regulatory|repeat|transcript	341
chr7	124399930	124400271	ENSG00000242593.8	gene|regulatory|repeat|transcript	341
chr7	119706644	119706985	ENSG00000225546.6	gene|regulatory|repeat|transcript	341
chr7	106459782	106460123	ENSG00000243797.6|ENSG00000286076.2	gene|regulatory|repeat|transcript	341
chr7	15784014	15784354	ENSG00000286376.1	gene|regulatory|repeat|transcript	340
chr7	36473402	36473742	ENSG00000237400.1	gene|regulatory|repeat|transcript	340
chr7	159019935	159020275	ENSG00000231419.6	gene|regulatory|repeat|transcript	340
chr7	106768004	106768344	ENSG00000243797.6	gene|regulatory|repeat|transcript	340
chr7	136309435	136309775	ENSG00000232053.7	gene|regulatory|repeat|transcript	340
chr7	130987118	130987457	ENSG00000231721.8	gene|regulatory|repeat|transcript	339
chr7	32736204	32736543	ENSG00000229358.3|ENSG00000293076.1	gene|regulatory|repeat|transcript	339
chr7	46723014	46723353	ENSG00000233539.5	gene|regulatory|repeat|transcript	339
chr7	9691337	9691676	ENSG00000234710.3	gene|regulatory|repeat|transcript	339
chr7	12864176	12864515	ENSG00000229618.3	gene|regulatory|repeat|transcript	339
chr7	45324810	45325149	ENSG00000286738.1	gene|regulatory|repeat|transcript	339
chr7	97951548	97951887	ENSG00000284707.2	gene|regulatory|repeat|transcript	339
chr7	125355972	125356311	ENSG00000224897.9	gene|regulatory|repeat|transcript	339
chr7	53671706	53672044	ENSG00000205628.5	gene|regulatory|repeat|transcript	338
chr7	26237458	26237796	ENSG00000285860.1	gene|regulatory|repeat|transcript	338
chr7	128596496	128596834	ENSG00000242588.7|ENSG00000280828.1	gene|regulatory|repeat|transcript	338
chr7	69412645	69412983	ENSG00000225718.2	gene|regulatory|repeat|transcript	338
chr7	81664299	81664637	ENSG00000293394.1	gene|regulatory|repeat|transcript	338
chr7	40972433	40972770	ENSG00000232458.1	gene|regulatory|repeat|transcript	337
chr7	46707993	46708330	ENSG00000233539.5	gene|regulatory|repeat|transcript	337
chr7	43072568	43072905	ENSG00000232006.9	gene|regulatory|repeat|transcript	337
chr7	80246725	80247061	ENSG00000234223.2	gene|regulatory|repeat|transcript	336
chr7	92462595	92462931	ENSG00000244055.2	gene|regulatory|repeat|transcript	336
chr7	96974800	96975136	ENSG00000231764.11	gene|regulatory|repeat|transcript	336
chr7	137091439	137091775	ENSG00000234352.9	gene|regulatory|repeat|transcript	336
chr7	130954049	130954385	ENSG00000231721.8	gene|regulatory|repeat|transcript	336
chr7	124937149	124937485	ENSG00000224897.9	gene|regulatory|repeat|transcript	336
chr7	46969962	46970298	ENSG00000223829.6|ENSG00000232072.1	gene|regulatory|repeat|transcript	336
chr7	25744005	25744341	ENSG00000223561.8	gene|regulatory|repeat|transcript	336
chr7	15784442	15784777	ENSG00000286376.1	gene|regulatory|repeat|transcript	335
chr7	149579407	149579742	ENSG00000291118.1	gene|regulatory|repeat|transcript	335
chr7	84535570	84535905	ENSG00000235139.2	gene|regulatory|repeat|transcript	335
chr7	12864559	12864894	ENSG00000229618.3	gene|regulatory|repeat|transcript	335
chr7	94030044	94030379	ENSG00000236453.5	gene|regulatory|repeat|transcript	335
chr7	29640225	29640560	ENSG00000293330.1	gene|regulatory|repeat|transcript	335
chr7	92486034	92486368	ENSG00000244055.2	gene|regulatory|repeat|transcript	334
chr7	115183472	115183806	ENSG00000233607.1	gene|regulatory|repeat|transcript	334
chr7	125423774	125424107	ENSG00000224897.9	gene|regulatory|repeat|transcript	333
chr7	143462007	143462340	ENSG00000229153.7	gene|regulatory|repeat|transcript	333
chr7	35503864	35504197	ENSG00000235464.1	gene|regulatory|repeat|transcript	333
chr7	101303396	101303728	ENSG00000288749.2	gene|regulatory|repeat|transcript	332
chr7	80252482	80252814	ENSG00000234223.2	gene|regulatory|repeat|transcript	332
chr7	65307679	65308011	ENSG00000282381.2	gene|regulatory|repeat|transcript	332
chr7	109552062	109552394	ENSG00000234273.1	gene|regulatory|repeat|transcript	332
chr7	136292715	136293047	ENSG00000232053.7	gene|regulatory|repeat|transcript	332
chr7	34235131	34235463	ENSG00000236212.2	gene|regulatory|repeat|transcript	332
chr7	20122123	20122455	ENSG00000243004.7|ENSG00000267055.1	gene|regulatory|repeat|transcript	332
chr7	135821500	135821831	ENSG00000224746.2	gene|regulatory|repeat|transcript	331
chr7	15788519	15788850	ENSG00000286376.1	gene|regulatory|repeat|transcript	331
chr7	10023014	10023345	ENSG00000287409.1	gene|regulatory|repeat|transcript	331
chr7	106764476	106764807	ENSG00000243797.6	gene|regulatory|repeat|transcript	331
chr7	92884203	92884533	ENSG00000237819.7	gene|regulatory|repeat|transcript	330
chr7	103244910	103245240	ENSG00000170629.17|ENSG00000291139.1	gene|regulatory|repeat|transcript	330
chr7	106731179	106731509	ENSG00000243797.6	gene|regulatory|repeat|transcript	330
chr7	106569545	106569875	ENSG00000243797.6	gene|regulatory|repeat|transcript	330
chr7	47076253	47076583	ENSG00000229192.6	gene|regulatory|repeat|transcript	330
chr7	28207526	28207856	ENSG00000234336.7	gene|regulatory|repeat|transcript	330
chr7	125363865	125364195	ENSG00000224897.9	gene|regulatory|repeat|transcript	330
chr7	12839833	12840162	ENSG00000229618.3	gene|regulatory|repeat|transcript	329
chr7	103153753	103154082	ENSG00000289956.1	gene|regulatory|repeat|transcript	329
chr7	91527509	91527838	ENSG00000235450.1	gene|regulatory|repeat|transcript	329
chr7	43108405	43108734	ENSG00000232006.9	gene|regulatory|repeat|transcript	329
chr7	112688070	112688398	ENSG00000223646.2	gene|regulatory|repeat|transcript	328
chr7	46695116	46695444	ENSG00000233539.5	gene|regulatory|repeat|transcript	328
chr7	100234700	100235028	ENSG00000239521.12|ENSG00000291122.1	gene|regulatory|repeat|transcript	328
chr7	10672218	10672546	ENSG00000283117.1	gene|regulatory|repeat|transcript	328
chr7	92483652	92483980	ENSG00000244055.2	gene|regulatory|repeat|transcript	328
chr7	110204559	110204887	ENSG00000226965.2	gene|regulatory|repeat|transcript	328
chr7	68309318	68309645	ENSG00000226829.2	gene|regulatory|repeat|transcript	327
chr7	136148956	136149283	ENSG00000232053.7	gene|regulatory|repeat|transcript	327
chr7	145624654	145624981	ENSG00000230746.4	gene|regulatory|repeat|transcript	327
chr7	32616633	32616960	ENSG00000229358.3	gene|regulatory|repeat|transcript	327
chr7	125456582	125456909	ENSG00000224897.9	gene|regulatory|repeat|transcript	327
chr7	130948227	130948554	ENSG00000231721.8	gene|regulatory|repeat|transcript	327
chr7	156585242	156585568	ENSG00000182648.15	gene|regulatory|repeat|transcript	326
chr7	81659733	81660059	ENSG00000293394.1	gene|regulatory|repeat|transcript	326
chr7	9890082	9890408	ENSG00000235431.2	gene|regulatory|repeat|transcript	326
chr7	27391469	27391795	ENSG00000224322.2	gene|regulatory|repeat|transcript	326
chr7	108605033	108605359	ENSG00000225647.2	gene|regulatory|repeat|transcript	326
chr7	24442224	24442549	ENSG00000287523.1	gene|regulatory|repeat|transcript	325
chr7	135285577	135285902	ENSG00000276067.3|ENSG00000290805.1	gene|regulatory|repeat|transcript	325
chr7	106468938	106469263	ENSG00000243797.6|ENSG00000286076.2	gene|regulatory|repeat|transcript	325
chr7	24395554	24395879	ENSG00000287523.1	gene|regulatory|repeat|transcript	325
chr7	148564242	148564567	ENSG00000283648.2	gene|regulatory|repeat|transcript	325
chr7	7042511	7042836	ENSG00000287860.3	gene|regulatory|repeat|transcript	325
chr7	6999251	6999576	ENSG00000287860.3	gene|regulatory|repeat|transcript	325
chr7	64611039	64611364	ENSG00000286456.3	gene|regulatory|repeat|transcript	325
chr7	20126099	20126423	ENSG00000243004.7|ENSG00000267055.1	gene|regulatory|repeat|transcript	324
chr7	115096294	115096618	ENSG00000225535.7|ENSG00000233607.1	gene|regulatory|repeat|transcript	324
chr7	13044386	13044710	ENSG00000229618.3	gene|regulatory|repeat|transcript	324
chr7	102743900	102744224	ENSG00000286830.1	gene|regulatory|repeat|transcript	324
chr7	29605716	29606040	ENSG00000293330.1	gene|regulatory|repeat|transcript	324
chr7	41755120	41755443	ENSG00000224116.7	gene|regulatory|repeat|transcript	323
chr7	65295448	65295771	ENSG00000282381.2	gene|regulatory|repeat|transcript	323
chr7	76592725	76593048	ENSG00000290873.1	gene|regulatory|repeat|transcript	323
chr7	32680231	32680554	ENSG00000229358.3	gene|regulatory|repeat|transcript	323
chr7	106460852	106461175	ENSG00000243797.6|ENSG00000286076.2	gene|regulatory|repeat|transcript	323
chr7	46939640	46939963	ENSG00000232072.1	gene|regulatory|repeat|transcript	323
chr7	94056006	94056329	ENSG00000236453.5	gene|regulatory|repeat|transcript	323
chr7	136726521	136726844	ENSG00000234352.9	gene|regulatory|repeat|transcript	323
chr7	154937888	154938210	ENSG00000214106.9	gene|regulatory|repeat|transcript	322
chr7	88598002	88598324	ENSG00000233420.2	gene|regulatory|repeat|transcript	322
chr7	53744374	53744696	ENSG00000205628.5	gene|regulatory|repeat|transcript	322
chr7	81549514	81549836	ENSG00000233491.9|ENSG00000293394.1	gene|regulatory|repeat|transcript	322
chr7	143508605	143508926	ENSG00000229153.7	gene|regulatory|repeat|transcript	321
chr7	13675606	13675927	ENSG00000229618.3	gene|regulatory|repeat|transcript	321
chr7	36051567	36051888	ENSG00000232930.2	gene|regulatory|repeat|transcript	321
chr7	1572043	1572364	ENSG00000230487.9	gene|regulatory|repeat|transcript	321
chr7	76591623	76591944	ENSG00000290873.1	gene|regulatory|repeat|transcript	321
chr7	155206544	155206865	ENSG00000287865.2	gene|regulatory|repeat|transcript	321
chr7	112966274	112966593	ENSG00000234520.8	gene|regulatory|repeat|transcript	319
chr7	13627500	13627819	ENSG00000229618.3	gene|regulatory|repeat|transcript	319
chr7	42964326	42964645	ENSG00000232006.9	gene|regulatory|repeat|transcript	319
chr7	97954097	97954416	ENSG00000284707.2	gene|regulatory|repeat|transcript	319
chr7	142819583	142819901	ENSG00000289938.1	gene|regulatory|repeat|transcript	318
chr7	148556967	148557285	ENSG00000283648.2	gene|regulatory|repeat|transcript	318
chr7	94335186	94335504	ENSG00000285090.1|ENSG00000285964.1	gene|regulatory|repeat|transcript	318
chr7	12805477	12805795	ENSG00000229618.3	gene|regulatory|repeat|transcript	318
chr7	81630652	81630970	ENSG00000293394.1	gene|regulatory|repeat|transcript	318
chr7	34387503	34387821	ENSG00000197085.11	gene|regulatory|repeat|transcript	318
chr7	153409547	153409865	ENSG00000234722.5	gene|regulatory|repeat|transcript	318
chr7	20120786	20121103	ENSG00000243004.7|ENSG00000267055.1	gene|regulatory|repeat|transcript	317
chr7	124369651	124369968	ENSG00000242593.8	gene|regulatory|repeat|transcript	317
chr7	52179477	52179793	ENSG00000233960.1	gene|regulatory|repeat|transcript	316
chr7	19409439	19409755	ENSG00000223838.2	gene|regulatory|repeat|transcript	316
chr7	54341388	54341704	ENSG00000231427.6	gene|regulatory|repeat|transcript	316
chr7	87330995	87331310	ENSG00000182165.20	gene|regulatory|repeat|transcript	315
chr7	94051871	94052186	ENSG00000236453.5	gene|regulatory|repeat|transcript	315
chr7	115037191	115037506	ENSG00000225535.7	gene|regulatory|repeat|transcript	315
chr7	115094197	115094512	ENSG00000225535.7|ENSG00000233607.1	gene|regulatory|repeat|transcript	315
chr7	106583126	106583441	ENSG00000243797.6|ENSG00000267052.3	gene|regulatory|repeat|transcript	315
chr7	11281979	11282294	ENSG00000230333.6	gene|regulatory|repeat|transcript	315
chr7	155420589	155420903	ENSG00000288051.1	gene|regulatory|repeat|transcript	314
chr7	13457851	13458165	ENSG00000229618.3	gene|regulatory|repeat|transcript	314
chr7	136356813	136357127	ENSG00000232053.7	gene|regulatory|repeat|transcript	314
chr7	119713621	119713935	ENSG00000225546.6	gene|regulatory|repeat|transcript	314
chr7	80319461	80319775	ENSG00000232667.12	gene|regulatory|repeat|transcript	314
chr7	7013441	7013754	ENSG00000287860.3	gene|regulatory|repeat|transcript	313
chr7	112791785	112792098	ENSG00000223646.2	gene|regulatory|repeat|transcript	313
chr7	12931485	12931798	ENSG00000229618.3	gene|regulatory|repeat|transcript	313
chr7	94389425	94389737	ENSG00000285090.1	gene|regulatory|repeat|transcript	312
chr7	41749029	41749341	ENSG00000224116.7	gene|regulatory|repeat|transcript	312
chr7	27375002	27375314	ENSG00000224322.2	gene|regulatory|repeat|transcript	312
chr7	20086776	20087088	ENSG00000243004.7	gene|regulatory|repeat|transcript	312
chr7	106704539	106704851	ENSG00000243797.6	gene|regulatory|repeat|transcript	312
chr7	19442167	19442478	ENSG00000223838.2	gene|regulatory|repeat|transcript	311
chr7	131090901	131091212	ENSG00000231721.8	gene|regulatory|repeat|transcript	311
chr7	13210510	13210821	ENSG00000229618.3	gene|regulatory|repeat|transcript	311
chr7	8320230	8320541	ENSG00000229970.3|ENSG00000272328.1	gene|regulatory|repeat|transcript	311
chr7	94364802	94365113	ENSG00000285090.1	gene|regulatory|repeat|transcript	311
chr7	7060547	7060858	ENSG00000287860.3	gene|regulatory|repeat|transcript	311
chr7	8314601	8314912	ENSG00000229970.3|ENSG00000272328.1	gene|regulatory|repeat|transcript	311
chr7	45496110	45496419	ENSG00000225537.1	gene|regulatory|repeat|transcript	309
chr7	13016632	13016941	ENSG00000229618.3	gene|regulatory|repeat|transcript	309
chr7	112806069	112806377	ENSG00000223646.2	gene|regulatory|repeat|transcript	308
chr7	92417974	92418282	ENSG00000230927.4|ENSG00000293397.1	gene|regulatory|repeat|transcript	308
chr7	41762666	41762974	ENSG00000224116.7	gene|regulatory|repeat|transcript	308
chr7	131072671	131072979	ENSG00000231721.8	gene|regulatory|repeat|transcript	308
chr7	13448278	13448585	ENSG00000229618.3	gene|regulatory|repeat|transcript	307
chr7	13533787	13534094	ENSG00000229618.3	gene|regulatory|repeat|transcript	307
chr7	29671358	29671665	ENSG00000227855.5|ENSG00000293330.1	gene|regulatory|repeat|transcript	307
chr7	20219894	20220200	ENSG00000233834.7	gene|regulatory|repeat|transcript	306
chr7	20053350	20053656	ENSG00000243004.7	gene|regulatory|repeat|transcript	306
chr7	121497602	121497908	ENSG00000289578.1	gene|regulatory|repeat|transcript	306
chr7	26252072	26252378	ENSG00000285860.1	gene|regulatory|repeat|transcript	306
chr7	20019683	20019989	ENSG00000243004.7	gene|regulatory|repeat|transcript	306
chr7	38370917	38371223	ENSG00000281103.4	gene|regulatory|repeat|transcript	306
chr7	125405181	125405486	ENSG00000224897.9	gene|regulatory|repeat|transcript	305
chr7	116579879	116580184	ENSG00000231210.3	gene|regulatory|repeat|transcript	305
chr7	106530239	106530544	ENSG00000243797.6	gene|regulatory|repeat|transcript	305
chr7	3154940	3155244	ENSG00000217455.8	gene|regulatory|repeat|transcript	304
chr7	81616963	81617267	ENSG00000293394.1	gene|regulatory|repeat|transcript	304
chr7	106590468	106590772	ENSG00000243797.6|ENSG00000267052.3	gene|regulatory|repeat|transcript	304
chr7	110389463	110389766	ENSG00000226965.2	gene|regulatory|repeat|transcript	303
chr7	76599377	76599679	ENSG00000290873.1	gene|regulatory|repeat|transcript	302
chr7	135991326	135991628	ENSG00000289600.1	gene|regulatory|repeat|transcript	302
chr7	66442458	66442760	ENSG00000179406.10|ENSG00000230189.7	gene|regulatory|repeat|transcript	302
chr7	92421699	92422001	ENSG00000230927.4|ENSG00000293397.1	gene|regulatory|repeat|transcript	302
chr7	20021114	20021415	ENSG00000243004.7	gene|regulatory|repeat|transcript	301
chr7	32604111	32604412	ENSG00000229358.3	gene|regulatory|repeat|transcript	301
chr7	19982874	19983175	ENSG00000243004.7	gene|regulatory|repeat|transcript	301
chr7	67358471	67358772	ENSG00000291153.1	gene|regulatory|repeat|transcript	301
chr7	69211757	69212058	ENSG00000225718.2	gene|regulatory|repeat|transcript	301
chr7	106503485	106503785	ENSG00000243797.6|ENSG00000286076.2	gene|regulatory|repeat|transcript	300
chr7	76121064	76121364	ENSG00000224273.2	gene|regulatory|repeat|transcript	300
chr7	29627691	29627991	ENSG00000293330.1	gene|regulatory|repeat|transcript	300
chr7	76568793	76569093	ENSG00000290873.1	gene|regulatory|repeat|transcript	300
chr7	76108929	76109229	ENSG00000224273.2	gene|regulatory|repeat|transcript	300
chr7	106825698	106825998	ENSG00000228742.11	gene|regulatory|repeat|transcript	300
chr7	50913031	50913331	ENSG00000228204.2	gene|regulatory|repeat|transcript	300
chr7	34296719	34297019	ENSG00000236212.2	gene|regulatory|repeat|transcript	300
chr7	46940219	46940519	ENSG00000232072.1	gene|regulatory|repeat|transcript	300
chr7	9092227	9092527	ENSG00000278254.4	gene|regulatory|repeat|transcript	300
chr7	125922040	125922340	ENSG00000197462.3	gene|regulatory|repeat|transcript	300
chr7	153409890	153410189	ENSG00000234722.5	gene|regulatory|repeat|transcript	299
chr7	76997390	76997689	ENSG00000186704.9|ENSG00000265479.7	gene|regulatory|repeat|transcript	299
chr7	112399511	112399810	ENSG00000226851.1	gene|regulatory|repeat|transcript	299
chr7	150367008	150367306	ENSG00000240449.1	gene|regulatory|repeat|transcript	298
chr7	7100830	7101127	ENSG00000287860.3	gene|regulatory|repeat|transcript	297
chr7	85469484	85469781	ENSG00000225128.1	gene|regulatory|repeat|transcript	297
chr7	137142432	137142729	ENSG00000234352.9	gene|regulatory|repeat|transcript	297
chr7	1576839	1577136	ENSG00000230487.9	gene|regulatory|repeat|transcript	297
chr7	45944106	45944403	ENSG00000237471.2	gene|regulatory|repeat|transcript	297
chr7	9872569	9872865	ENSG00000235431.2	gene|regulatory|repeat|transcript	296
chr7	130908795	130909091	ENSG00000231721.8|ENSG00000233559.2	gene|regulatory|repeat|transcript	296
chr7	10569009	10569305	ENSG00000283117.1	gene|regulatory|repeat|transcript	296
chr7	142845086	142845381	ENSG00000289938.1	gene|regulatory|repeat|transcript	295
chr7	116577686	116577981	ENSG00000231210.3	gene|regulatory|repeat|transcript	295
chr7	106534438	106534733	ENSG00000243797.6	gene|regulatory|repeat|transcript	295
chr7	94056912	94057207	ENSG00000236453.5	gene|regulatory|repeat|transcript	295
chr7	106747388	106747683	ENSG00000243797.6	gene|regulatory|repeat|transcript	295
chr7	13676273	13676567	ENSG00000229618.3	gene|regulatory|repeat|transcript	294
chr7	32668374	32668668	ENSG00000229358.3	gene|regulatory|repeat|transcript	294
chr7	136357502	136357796	ENSG00000232053.7	gene|regulatory|repeat|transcript	294
chr7	100226114	100226408	ENSG00000239521.12|ENSG00000291122.1	gene|regulatory|repeat|transcript	294
chr7	51633986	51634279	ENSG00000285741.1	gene|regulatory|repeat|transcript	293
chr7	36752383	36752676	ENSG00000229424.1	gene|regulatory|repeat|transcript	293
chr7	54773191	54773484	ENSG00000234707.5	gene|regulatory|repeat|transcript	293
chr7	136038953	136039246	ENSG00000230649.3	gene|regulatory|repeat|transcript	293
chr7	135981554	135981847	ENSG00000289600.1	gene|regulatory|repeat|transcript	293
chr7	26245230	26245523	ENSG00000285860.1	gene|regulatory|repeat|transcript	293
chr7	92547627	92547920	ENSG00000278819.1	gene|regulatory|repeat|transcript	293
chr7	150366061	150366354	ENSG00000240449.1	gene|regulatory|repeat|transcript	293
chr7	11335967	11336260	ENSG00000230333.6	gene|regulatory|repeat|transcript	293
chr7	124008420	124008713	ENSG00000241345.1	gene|regulatory|repeat|transcript	293
chr7	54253806	54254099	ENSG00000287953.1	gene|regulatory|repeat|transcript	293
chr7	124261788	124262080	ENSG00000242593.8	gene|regulatory|repeat|transcript	292
chr7	29556874	29557165	ENSG00000223813.5	gene|regulatory|repeat|transcript	291
chr7	124413114	124413405	ENSG00000242593.8	gene|regulatory|repeat|transcript	291
chr7	106704227	106704518	ENSG00000243797.6	gene|regulatory|repeat|transcript	291
chr7	45342255	45342546	ENSG00000286738.1	gene|regulatory|repeat|transcript	291
chr7	94383523	94383814	ENSG00000285090.1	gene|regulatory|repeat|transcript	291
chr7	115145550	115145840	ENSG00000233607.1	gene|regulatory|repeat|transcript	290
chr7	66430180	66430470	ENSG00000179406.10|ENSG00000230189.7	gene|regulatory|repeat|transcript	290
chr7	87328332	87328622	ENSG00000182165.20	gene|regulatory|repeat|transcript	290
chr7	32727131	32727421	ENSG00000229358.3	gene|regulatory|repeat|transcript	290
chr7	26461636	26461926	ENSG00000214870.11	gene|regulatory|repeat|transcript	290
chr7	121497312	121497602	ENSG00000289578.1	gene|regulatory|repeat|transcript	290
chr7	143735097	143735387	ENSG00000291149.1	gene|regulatory|repeat|transcript	290
chr7	136403589	136403878	ENSG00000232053.7	gene|regulatory|repeat|transcript	289
chr7	112398508	112398797	ENSG00000226851.1	gene|regulatory|repeat|transcript	289
chr7	38336229	38336517	ENSG00000281103.4	gene|regulatory|repeat|transcript	288
chr7	34603216	34603504	ENSG00000197085.11	gene|regulatory|repeat|transcript	288
chr7	92880270	92880558	ENSG00000237819.7	gene|regulatory|repeat|transcript	288
chr7	110253197	110253485	ENSG00000226965.2	gene|regulatory|repeat|transcript	288
chr7	141505473	141505761	ENSG00000261570.2	gene|regulatory|repeat|transcript	288
chr7	135809465	135809753	ENSG00000224746.2	gene|regulatory|repeat|transcript	288
chr7	34653261	34653549	ENSG00000197085.11	gene|regulatory|repeat|transcript	288
chr7	24343576	24343863	ENSG00000287523.1	gene|regulatory|repeat|transcript	287
chr7	156634208	156634495	ENSG00000182648.15	gene|regulatory|repeat|transcript	287
chr7	97879559	97879846	ENSG00000284707.2	gene|regulatory|repeat|transcript	287
chr7	34385397	34385684	ENSG00000197085.11	gene|regulatory|repeat|transcript	287
chr7	35779126	35779413	ENSG00000228878.10	gene|regulatory|repeat|transcript	287
chr7	41748018	41748305	ENSG00000224116.7	gene|regulatory|repeat|transcript	287
chr7	81672991	81673278	ENSG00000293394.1	gene|regulatory|repeat|transcript	287
chr7	135856730	135857016	ENSG00000224746.2	gene|regulatory|repeat|transcript	286
chr7	20304478	20304764	ENSG00000226097.6	gene|regulatory|repeat|transcript	286
chr7	156625621	156625907	ENSG00000182648.15	gene|regulatory|repeat|transcript	286
chr7	68029366	68029652	ENSG00000225209.2	gene|regulatory|repeat|transcript	286
chr7	125278622	125278908	ENSG00000224897.9	gene|regulatory|repeat|transcript	286
chr7	76998748	76999034	ENSG00000186704.9|ENSG00000265479.7	gene|regulatory|repeat|transcript	286
chr7	69208853	69209139	ENSG00000225718.2	gene|regulatory|repeat|transcript	286
chr7	45382924	45383209	ENSG00000286738.1	gene|regulatory|repeat|transcript	285
chr7	66425146	66425431	ENSG00000179406.10	gene|regulatory|repeat|transcript	285
chr7	45998544	45998828	ENSG00000229628.1	gene|regulatory|repeat|transcript	284
chr7	66157181	66157465	ENSG00000234185.2	gene|regulatory|repeat|transcript	284
chr7	35993179	35993463	ENSG00000287893.1	gene|regulatory|repeat|transcript	284
chr7	136150368	136150652	ENSG00000232053.7	gene|regulatory|repeat|transcript	284
chr7	26482225	26482509	ENSG00000214870.11	gene|regulatory|repeat|transcript	284
chr7	100437417	100437701	ENSG00000240211.1	gene|regulatory|repeat|transcript	284
chr7	49564386	49564670	ENSG00000286995.2	gene|regulatory|repeat|transcript	284
chr7	3166160	3166443	ENSG00000217455.8	gene|regulatory|repeat|transcript	283
chr7	46955584	46955867	ENSG00000232072.1	gene|regulatory|repeat|transcript	283
chr7	76579948	76580231	ENSG00000290873.1	gene|regulatory|repeat|transcript	283
chr7	135981869	135982152	ENSG00000289600.1	gene|regulatory|repeat|transcript	283
chr7	69284762	69285045	ENSG00000225718.2	gene|regulatory|repeat|transcript	283
chr7	77667551	77667833	ENSG00000214293.11	gene|regulatory|repeat|transcript	282
chr7	42965180	42965462	ENSG00000232006.9	gene|regulatory|repeat|transcript	282
chr7	66539939	66540221	ENSG00000234500.1|ENSG00000291136.1	gene|regulatory|repeat|transcript	282
chr7	123819882	123820164	ENSG00000228211.2	gene|regulatory|repeat|transcript	282
chr7	65794716	65794998	ENSG00000224316.1	gene|regulatory|repeat|transcript	282
chr7	43033476	43033758	ENSG00000232006.9	gene|regulatory|repeat|transcript	282
chr7	32680767	32681048	ENSG00000229358.3	gene|regulatory|repeat|transcript	281
chr7	150435720	150436001	ENSG00000242258.2	gene|regulatory|repeat|transcript	281
chr7	16719070	16719350	ENSG00000235837.1	gene|regulatory|repeat|transcript	280
chr7	152752543	152752823	ENSG00000289146.2	gene|regulatory|repeat|transcript	280
chr7	41750705	41750985	ENSG00000224116.7	gene|regulatory|repeat|transcript	280
chr7	2619200	2619480	ENSG00000289352.2	gene|regulatory|repeat|transcript	280
chr7	64599378	64599658	ENSG00000286456.3	gene|regulatory|repeat|transcript	280
chr7	80256121	80256401	ENSG00000234223.2	gene|regulatory|repeat|transcript	280
chr7	137556	137836	ENSG00000242474.3	gene|regulatory|repeat|transcript	280
chr7	48663406	48663686	ENSG00000228173.2	gene|regulatory|repeat|transcript	280
chr7	110454809	110455088	ENSG00000226965.2	gene|regulatory|repeat|transcript	279
chr7	56435780	56436059	ENSG00000291184.1	gene|regulatory|repeat|transcript	279
chr7	131000149	131000427	ENSG00000231721.8	gene|regulatory|repeat|transcript	278
chr7	45525172	45525450	ENSG00000225537.1	gene|regulatory|repeat|transcript	278
chr7	112696697	112696975	ENSG00000223646.2	gene|regulatory|repeat|transcript	278
chr7	11235601	11235879	ENSG00000230333.6	gene|regulatory|repeat|transcript	278
chr7	43037598	43037876	ENSG00000232006.9	gene|regulatory|repeat|transcript	278
chr7	65764837	65765115	ENSG00000275833.1|ENSG00000290926.1	gene|regulatory|repeat|transcript	278
chr7	88683111	88683389	ENSG00000233420.2	gene|regulatory|repeat|transcript	278
chr7	2619653	2619930	ENSG00000289352.2	gene|regulatory|repeat|transcript	277
chr7	124263449	124263726	ENSG00000242593.8	gene|regulatory|repeat|transcript	277
chr7	81619974	81620251	ENSG00000293394.1	gene|regulatory|repeat|transcript	277
chr7	103161151	103161427	ENSG00000289956.1	gene|regulatory|repeat|transcript	276
chr7	19944594	19944870	ENSG00000243004.7	gene|regulatory|repeat|transcript	276
chr7	36465991	36466266	ENSG00000237400.1	gene|regulatory|repeat|transcript	275
chr7	67266135	67266410	ENSG00000291154.1	gene|regulatory|repeat|transcript	275
chr7	100247893	100248168	ENSG00000239521.12|ENSG00000291122.1	gene|regulatory|repeat|transcript	275
chr7	149564868	149565143	ENSG00000291118.1	gene|regulatory|repeat|transcript	275
chr7	6956078	6956353	ENSG00000287860.3	gene|regulatory|repeat|transcript	275
chr7	81684087	81684362	ENSG00000293394.1	gene|regulatory|repeat|transcript	275
chr7	143500040	143500315	ENSG00000229153.7	gene|regulatory|repeat|transcript	275
chr7	69245715	69245990	ENSG00000225718.2	gene|regulatory|repeat|transcript	275
chr7	65235031	65235305	ENSG00000289108.1	gene|regulatory|repeat|transcript	274
chr7	11261519	11261793	ENSG00000230333.6	gene|regulatory|repeat|transcript	274
chr7	50206559	50206833	ENSG00000231681.2	gene|regulatory|repeat|transcript	274
chr7	159019502	159019776	ENSG00000231419.6	gene|regulatory|repeat|transcript	274
chr7	134378724	134378998	ENSG00000273297.4	gene|regulatory|repeat|transcript	274
chr7	29674625	29674899	ENSG00000227855.5|ENSG00000293330.1	gene|regulatory|repeat|transcript	274
chr7	11315736	11316010	ENSG00000230333.6	gene|regulatory|repeat|transcript	274
chr7	124996849	124997123	ENSG00000224897.9	gene|regulatory|repeat|transcript	274
chr7	41752039	41752313	ENSG00000224116.7	gene|regulatory|repeat|transcript	274
chr7	106472155	106472428	ENSG00000243797.6|ENSG00000286076.2	gene|regulatory|repeat|transcript	273
chr7	136741959	136742232	ENSG00000234352.9	gene|regulatory|repeat|transcript	273
chr7	119556095	119556368	ENSG00000225546.6	gene|regulatory|repeat|transcript	273
chr7	115038139	115038412	ENSG00000225535.7	gene|regulatory|repeat|transcript	273
chr7	3107952	3108225	ENSG00000228334.3	gene|regulatory|repeat|transcript	273
chr7	116273635	116273907	ENSG00000237813.4|ENSG00000243243.5	gene|regulatory|repeat|transcript	272
chr7	121510355	121510627	ENSG00000289578.1	gene|regulatory|repeat|transcript	272
chr7	91365066	91365338	ENSG00000243144.7	gene|regulatory|repeat|transcript	272
chr7	124074024	124074296	ENSG00000242593.8	gene|regulatory|repeat|transcript	272
chr7	131938888	131939160	ENSG00000224865.8	gene|regulatory|repeat|transcript	272
chr7	125233954	125234226	ENSG00000219445.2|ENSG00000224897.9	gene|regulatory|repeat|transcript	272
chr7	46279313	46279584	ENSG00000229459.1	gene|regulatory|repeat|transcript	271
chr7	130902268	130902539	ENSG00000231721.8|ENSG00000233559.2	gene|regulatory|repeat|transcript	271
chr7	130850970	130851241	ENSG00000231721.8	gene|regulatory|repeat|transcript	271
chr7	154929193	154929464	ENSG00000214106.9	gene|regulatory|repeat|transcript	271
chr7	11235008	11235279	ENSG00000230333.6	gene|regulatory|repeat|transcript	271
chr7	81601684	81601955	ENSG00000233491.9|ENSG00000293394.1	gene|regulatory|repeat|transcript	271
chr7	128218401	128218672	ENSG00000292309.1	gene|regulatory|repeat|transcript	271
chr7	143453021	143453292	ENSG00000229153.7	gene|regulatory|repeat|transcript	271
chr7	76997786	76998056	ENSG00000186704.9|ENSG00000265479.7	gene|regulatory|repeat|transcript	270
chr7	95548016	95548286	ENSG00000231170.7	gene|regulatory|repeat|transcript	270
chr7	131046280	131046550	ENSG00000231721.8	gene|regulatory|repeat|transcript	270
chr7	7044851	7045121	ENSG00000287860.3	gene|regulatory|repeat|transcript	270
chr7	143432256	143432526	ENSG00000229153.7	gene|regulatory|repeat|transcript	270
chr7	35992535	35992805	ENSG00000287893.1	gene|regulatory|repeat|transcript	270
chr7	135853532	135853801	ENSG00000224746.2	gene|regulatory|repeat|transcript	269
chr7	130946238	130946507	ENSG00000231721.8	gene|regulatory|repeat|transcript	269
chr7	13185253	13185522	ENSG00000229618.3	gene|regulatory|repeat|transcript	269
chr7	124064549	124064818	ENSG00000242593.8	gene|regulatory|repeat|transcript	269
chr7	30133753	30134022	ENSG00000286847.1	gene|regulatory|repeat|transcript	269
chr7	143451759	143452028	ENSG00000229153.7	gene|regulatory|repeat|transcript	269
chr7	66462873	66463142	ENSG00000179406.10	gene|regulatory|repeat|transcript	269
chr7	81180626	81180894	ENSG00000237896.6	gene|regulatory|repeat|transcript	268
chr7	13522747	13523015	ENSG00000229618.3	gene|regulatory|repeat|transcript	268
chr7	95552075	95552343	ENSG00000231170.7	gene|regulatory|repeat|transcript	268
chr7	29686335	29686603	ENSG00000227855.5|ENSG00000291213.1	gene|regulatory|repeat|transcript	268
chr7	155269807	155270074	ENSG00000225612.2	gene|regulatory|repeat|transcript	267
chr7	135982363	135982630	ENSG00000289600.1	gene|regulatory|repeat|transcript	267
chr7	81689179	81689446	ENSG00000293394.1	gene|regulatory|repeat|transcript	267
chr7	9933057	9933324	ENSG00000235431.2	gene|regulatory|repeat|transcript	267
chr7	49541835	49542102	ENSG00000286995.2	gene|regulatory|repeat|transcript	267
chr7	50206103	50206369	ENSG00000231681.2	gene|regulatory|repeat|transcript	266
chr7	110311610	110311876	ENSG00000226965.2	gene|regulatory|repeat|transcript	266
chr7	36497295	36497561	ENSG00000237400.1	gene|regulatory|repeat|transcript	266
chr7	11185251	11185517	ENSG00000230333.6	gene|regulatory|repeat|transcript	266
chr7	106790361	106790627	ENSG00000228742.11	gene|regulatory|repeat|transcript	266
chr7	131909199	131909465	ENSG00000224865.8	gene|regulatory|repeat|transcript	266
chr7	35728491	35728757	ENSG00000227544.10	gene|regulatory|repeat|transcript	266
chr7	65062634	65062899	ENSG00000290860.1	gene|regulatory|repeat|transcript	265
chr7	34652863	34653128	ENSG00000197085.11	gene|regulatory|repeat|transcript	265
chr7	148588621	148588886	ENSG00000287636.2	gene|regulatory|repeat|transcript	265
chr7	26112953	26113218	ENSG00000289053.2	gene|regulatory|repeat|transcript	265
chr7	42701435	42701700	ENSG00000238284.2	gene|regulatory|repeat|transcript	265
chr7	6990074	6990339	ENSG00000287860.3	gene|regulatory|repeat|transcript	265
chr7	54393702	54393967	ENSG00000231427.6	gene|regulatory|repeat|transcript	265
chr7	106391524	106391789	ENSG00000243797.6	gene|regulatory|repeat|transcript	265
chr7	54333544	54333809	ENSG00000231427.6	gene|regulatory|repeat|transcript	265
chr7	32738870	32739135	ENSG00000229358.3|ENSG00000293076.1	gene|regulatory|repeat|transcript	265
chr7	7563972	7564236	ENSG00000272894.5	gene|regulatory|repeat|transcript	264
chr7	116653218	116653482	ENSG00000231210.3	gene|regulatory|repeat|transcript	264
chr7	116635849	116636113	ENSG00000231210.3	gene|regulatory|repeat|transcript	264
chr7	106622734	106622998	ENSG00000243797.6	gene|regulatory|repeat|transcript	264
chr7	64582033	64582297	ENSG00000286456.3	gene|regulatory|repeat|transcript	264
chr7	94305907	94306170	ENSG00000285090.1	gene|regulatory|repeat|transcript	263
chr7	123070763	123071026	ENSG00000226680.2	gene|regulatory|repeat|transcript	263
chr7	29678282	29678545	ENSG00000227855.5|ENSG00000293330.1	gene|regulatory|repeat|transcript	263
chr7	40971001	40971264	ENSG00000232458.1	gene|regulatory|repeat|transcript	263
chr7	1571306	1571569	ENSG00000230487.9	gene|regulatory|repeat|transcript	263
chr7	27735897	27736160	ENSG00000229893.2	gene|regulatory|repeat|transcript	263
chr7	131909504	131909767	ENSG00000224865.8	gene|regulatory|repeat|transcript	263
chr7	3272803	3273065	ENSG00000236708.1	gene|regulatory|repeat|transcript	262
chr7	81529490	81529752	ENSG00000233491.9|ENSG00000293394.1	gene|regulatory|repeat|transcript	262
chr7	76585691	76585953	ENSG00000290873.1	gene|regulatory|repeat|transcript	262
chr7	131058109	131058370	ENSG00000231721.8	gene|regulatory|repeat|transcript	261
chr7	26418356	26418617	ENSG00000214870.11	gene|regulatory|repeat|transcript	261
chr7	19405634	19405895	ENSG00000223838.2	gene|regulatory|repeat|transcript	261
chr7	39748063	39748324	ENSG00000188185.13	gene|regulatory|repeat|transcript	261
chr7	92909726	92909987	ENSG00000237819.7	gene|regulatory|repeat|transcript	261
chr7	109548839	109549100	ENSG00000234273.1	gene|regulatory|repeat|transcript	261
chr7	130957789	130958050	ENSG00000231721.8	gene|regulatory|repeat|transcript	261
chr7	81500220	81500481	ENSG00000233491.9|ENSG00000293394.1	gene|regulatory|repeat|transcript	261
chr7	135811581	135811842	ENSG00000224746.2	gene|regulatory|repeat|transcript	261
chr7	43006467	43006727	ENSG00000232006.9	gene|regulatory|repeat|transcript	260
chr7	156554633	156554893	ENSG00000182648.15	gene|regulatory|repeat|transcript	260
chr7	29667249	29667508	ENSG00000227855.5|ENSG00000293330.1	gene|regulatory|repeat|transcript	259
chr7	128221623	128221882	ENSG00000289434.2|ENSG00000292309.1	gene|regulatory|repeat|transcript	259
chr7	45347917	45348176	ENSG00000286738.1	gene|regulatory|repeat|transcript	259
chr7	150366616	150366875	ENSG00000240449.1	gene|regulatory|repeat|transcript	259
chr7	46286425	46286684	ENSG00000229459.1	gene|regulatory|repeat|transcript	259
chr7	65746320	65746579	ENSG00000290926.1	gene|regulatory|repeat|transcript	259
chr7	91494524	91494782	ENSG00000235450.1|ENSG00000243144.7	gene|regulatory|repeat|transcript	258
chr7	131018549	131018807	ENSG00000231721.8	gene|regulatory|repeat|transcript	258
chr7	124207899	124208157	ENSG00000242593.8	gene|regulatory|repeat|transcript	258
chr7	123996405	123996663	ENSG00000241345.1	gene|regulatory|repeat|transcript	258
chr7	149562637	149562895	ENSG00000291118.1	gene|regulatory|repeat|transcript	258
chr7	9168728	9168985	ENSG00000278254.4	gene|regulatory|repeat|transcript	257
chr7	8322811	8323068	ENSG00000229970.3|ENSG00000272328.1	gene|regulatory|repeat|transcript	257
chr7	81524964	81525221	ENSG00000233491.9|ENSG00000293394.1	gene|regulatory|repeat|transcript	257
chr7	7054554	7054811	ENSG00000287860.3	gene|regulatory|repeat|transcript	257
chr7	106466986	106467243	ENSG00000243797.6|ENSG00000286076.2	gene|regulatory|repeat|transcript	257
chr7	65243474	65243731	ENSG00000289108.1	gene|regulatory|repeat|transcript	257
chr7	106758441	106758697	ENSG00000243797.6	gene|regulatory|repeat|transcript	256
chr7	11195539	11195795	ENSG00000230333.6	gene|regulatory|repeat|transcript	256
chr7	106809321	106809577	ENSG00000228742.11	gene|regulatory|repeat|transcript	256
chr7	125031739	125031995	ENSG00000224897.9	gene|regulatory|repeat|transcript	256
chr7	39747029	39747285	ENSG00000188185.13	gene|regulatory|repeat|transcript	256
chr7	92874605	92874860	ENSG00000237819.7	gene|regulatory|repeat|transcript	255
chr7	91473515	91473770	ENSG00000235450.1|ENSG00000243144.7	gene|regulatory|repeat|transcript	255
chr7	115660607	115660862	ENSG00000242072.1	gene|regulatory|repeat|transcript	255
chr7	65761324	65761579	ENSG00000228409.9|ENSG00000290926.1|ENSG00000291124.1	gene|regulatory|repeat|transcript	255
chr7	131061864	131062119	ENSG00000231721.8	gene|regulatory|repeat|transcript	255
chr7	67360052	67360307	ENSG00000291153.1	gene|regulatory|repeat|transcript	255
chr7	67250392	67250647	ENSG00000291154.1	gene|regulatory|repeat|transcript	255
chr7	143413943	143414198	ENSG00000229153.7	gene|regulatory|repeat|transcript	255
chr7	7263498	7263753	ENSG00000230825.3	gene|regulatory|repeat|transcript	255
chr7	136053708	136053963	ENSG00000230649.3	gene|regulatory|repeat|transcript	255
chr7	2618522	2618776	ENSG00000289352.2	gene|regulatory|repeat|transcript	254
chr7	74288664	74288918	ENSG00000287815.2	gene|regulatory|repeat|transcript	254
chr7	72834808	72835062	ENSG00000225648.8|ENSG00000291152.1	gene|regulatory|repeat|transcript	254
chr7	30000750	30001004	ENSG00000227014.6	gene|regulatory|repeat|transcript	254
chr7	39750788	39751042	ENSG00000188185.13	gene|regulatory|repeat|transcript	254
chr7	159021062	159021316	ENSG00000231419.6	gene|regulatory|repeat|transcript	254
chr7	125258965	125259218	ENSG00000219445.2|ENSG00000224897.9	gene|regulatory|repeat|transcript	253
chr7	19983183	19983436	ENSG00000243004.7	gene|regulatory|repeat|transcript	253
chr7	131015690	131015943	ENSG00000231721.8	gene|regulatory|repeat|transcript	253
chr7	39864001	39864254	ENSG00000237251.2	gene|regulatory|repeat|transcript	253
chr7	106456410	106456663	ENSG00000243797.6|ENSG00000286076.2	gene|regulatory|repeat|transcript	253
chr7	106832450	106832703	ENSG00000228742.11	gene|regulatory|repeat|transcript	253
chr7	99320487	99320740	ENSG00000284523.2	gene|regulatory|repeat|transcript	253
chr7	119712959	119713211	ENSG00000225546.6	gene|regulatory|repeat|transcript	252
chr7	76591997	76592249	ENSG00000290873.1	gene|regulatory|repeat|transcript	252
chr7	13684265	13684517	ENSG00000229618.3	gene|regulatory|repeat|transcript	252
chr7	130856893	130857145	ENSG00000231721.8|ENSG00000233559.2	gene|regulatory|repeat|transcript	252
chr7	20035566	20035817	ENSG00000243004.7	gene|regulatory|repeat|transcript	251
chr7	12748084	12748335	ENSG00000229618.3	gene|regulatory|repeat|transcript	251
chr7	131057718	131057969	ENSG00000231721.8	gene|regulatory|repeat|transcript	251
chr7	145644081	145644331	ENSG00000230746.4	gene|regulatory|repeat|transcript	250
chr7	38242942	38243192	ENSG00000227191.8	gene|regulatory|repeat|transcript	250
chr7	39562318	39562568	ENSG00000227172.2	gene|regulatory|repeat|transcript	250
chr7	22823951	22824201	ENSG00000286703.1	gene|regulatory|repeat|transcript	250
chr7	35339879	35340129	ENSG00000287651.1	gene|regulatory|repeat|transcript	250
chr7	12727531	12727781	ENSG00000229618.3	gene|regulatory|repeat|transcript	250
chr7	53677591	53677841	ENSG00000205628.5	gene|regulatory|repeat|transcript	250
chr7	91520763	91521013	ENSG00000235450.1	gene|regulatory|repeat|transcript	250
chr7	29656835	29657085	ENSG00000227855.5|ENSG00000293330.1	gene|regulatory|repeat|transcript	250
chr7	76586634	76586884	ENSG00000290873.1	gene|regulatory|repeat|transcript	250
chr7	113113988	113114237	ENSG00000225457.1	gene|regulatory|repeat|transcript	249
chr7	42967452	42967701	ENSG00000232006.9	gene|regulatory|repeat|transcript	249
chr7	131061261	131061510	ENSG00000231721.8	gene|regulatory|repeat|transcript	249
chr7	92846894	92847142	ENSG00000237819.7	gene|regulatory|repeat|transcript	248
chr7	69398943	69399191	ENSG00000225718.2	gene|regulatory|repeat|transcript	248
chr7	128208927	128209175	ENSG00000292309.1	gene|regulatory|repeat|transcript	248
chr7	143733108	143733355	ENSG00000291149.1	gene|regulatory|repeat|transcript	247
chr7	13016127	13016374	ENSG00000229618.3	gene|regulatory|repeat|transcript	247
chr7	77679044	77679291	ENSG00000214293.11	gene|regulatory|repeat|transcript	247
chr7	103186862	103187109	ENSG00000170629.17|ENSG00000289956.1|ENSG00000291139.1	gene|regulatory|repeat|transcript	247
chr7	124942464	124942711	ENSG00000224897.9	gene|regulatory|repeat|transcript	247
chr7	141519671	141519918	ENSG00000261570.2	gene|regulatory|repeat|transcript	247
chr7	81645537	81645784	ENSG00000293394.1	gene|regulatory|repeat|transcript	247
chr7	148563671	148563917	ENSG00000283648.2	gene|regulatory|repeat|transcript	246
chr7	46695454	46695700	ENSG00000233539.5	gene|regulatory|repeat|transcript	246
chr7	124948838	124949084	ENSG00000224897.9	gene|regulatory|repeat|transcript	246
chr7	55250350	55250596	ENSG00000280890.1	gene|regulatory|repeat|transcript	246
chr7	131074114	131074360	ENSG00000231721.8	gene|regulatory|repeat|transcript	246
chr7	11294202	11294448	ENSG00000230333.6	gene|regulatory|repeat|transcript	246
chr7	81676829	81677075	ENSG00000293394.1	gene|regulatory|repeat|transcript	246
chr7	69156463	69156708	ENSG00000286466.1	gene|regulatory|repeat|transcript	245
chr7	25709459	25709704	ENSG00000223561.8	gene|regulatory|repeat|transcript	245
chr7	63963169	63963414	ENSG00000284534.1	gene|regulatory|repeat|transcript	245
chr7	136358086	136358330	ENSG00000232053.7	gene|regulatory|repeat|transcript	244
chr7	94382148	94382392	ENSG00000285090.1	gene|regulatory|repeat|transcript	244
chr7	10731358	10731602	ENSG00000283117.1	gene|regulatory|repeat|transcript	244
chr7	69285289	69285533	ENSG00000225718.2	gene|regulatory|repeat|transcript	244
chr7	90007074	90007318	ENSG00000227646.7	gene|regulatory|repeat|transcript	244
chr7	125089200	125089444	ENSG00000224897.9	gene|regulatory|repeat|transcript	244
chr7	43077805	43078048	ENSG00000232006.9	gene|regulatory|repeat|transcript	243
chr7	7555252	7555495	ENSG00000272894.5	gene|regulatory|repeat|transcript	243
chr7	102742364	102742607	ENSG00000286830.1	gene|regulatory|repeat|transcript	243
chr7	7266664	7266907	ENSG00000230825.3	gene|regulatory|repeat|transcript	243
chr7	12815948	12816191	ENSG00000229618.3	gene|regulatory|repeat|transcript	243
chr7	157474718	157474960	ENSG00000234210.1	gene|regulatory|repeat|transcript	242
chr7	13107391	13107633	ENSG00000229618.3	gene|regulatory|repeat|transcript	242
chr7	17498617	17498859	ENSG00000236039.3	gene|regulatory|repeat|transcript	242
chr7	46276179	46276421	ENSG00000229459.1	gene|regulatory|repeat|transcript	242
chr7	35731758	35732000	ENSG00000227544.10	gene|regulatory|repeat|transcript	242
chr7	106768534	106768776	ENSG00000243797.6	gene|regulatory|repeat|transcript	242
chr7	39734044	39734285	ENSG00000188185.13	gene|regulatory|repeat|transcript	241
chr7	121501681	121501922	ENSG00000289578.1	gene|regulatory|repeat|transcript	241
chr7	51621974	51622215	ENSG00000229403.1|ENSG00000285741.1	gene|regulatory|repeat|transcript	241
chr7	106731810	106732051	ENSG00000243797.6	gene|regulatory|repeat|transcript	241
chr7	136184061	136184302	ENSG00000232053.7	gene|regulatory|repeat|transcript	241
chr7	7094522	7094763	ENSG00000287860.3	gene|regulatory|repeat|transcript	241
chr7	24433683	24433924	ENSG00000287523.1	gene|regulatory|repeat|transcript	241
chr7	7564473	7564714	ENSG00000272894.5	gene|regulatory|repeat|transcript	241
chr7	68289350	68289590	ENSG00000226829.2	gene|regulatory|repeat|transcript	240
chr7	27386569	27386809	ENSG00000224322.2	gene|regulatory|repeat|transcript	240
chr7	6995705	6995945	ENSG00000287860.3	gene|regulatory|repeat|transcript	240
chr7	92466764	92467004	ENSG00000244055.2	gene|regulatory|repeat|transcript	240
chr7	109595378	109595618	ENSG00000234273.1	gene|regulatory|repeat|transcript	240
chr7	13628333	13628573	ENSG00000229618.3	gene|regulatory|repeat|transcript	240
chr7	106744903	106745143	ENSG00000243797.6	gene|regulatory|repeat|transcript	240
chr7	106714856	106715095	ENSG00000243797.6	gene|regulatory|repeat|transcript	239
chr7	80314814	80315053	ENSG00000232667.12	gene|regulatory|repeat|transcript	239
chr7	110253543	110253782	ENSG00000226965.2	gene|regulatory|repeat|transcript	239
chr7	11193945	11194184	ENSG00000230333.6	gene|regulatory|repeat|transcript	239
chr7	100327015	100327254	ENSG00000291178.1	gene|regulatory|repeat|transcript	239
chr7	136036406	136036645	ENSG00000230649.3	gene|regulatory|repeat|transcript	239
chr7	131058678	131058917	ENSG00000231721.8	gene|regulatory|repeat|transcript	239
chr7	49565216	49565455	ENSG00000286995.2	gene|regulatory|repeat|transcript	239
chr7	131094816	131095054	ENSG00000231721.8	gene|regulatory|repeat|transcript	238
chr7	47033862	47034100	ENSG00000229192.6|ENSG00000232072.1	gene|regulatory|repeat|transcript	238
chr7	6727692	6727930	ENSG00000290835.1	gene|regulatory|repeat|transcript	238
chr7	106502075	106502313	ENSG00000243797.6|ENSG00000286076.2	gene|regulatory|repeat|transcript	238
chr7	26449767	26450005	ENSG00000214870.11	gene|regulatory|repeat|transcript	238
chr7	25625322	25625560	ENSG00000223561.8	gene|regulatory|repeat|transcript	238
chr7	136077288	136077525	ENSG00000230649.3	gene|regulatory|repeat|transcript	237
chr7	26428680	26428917	ENSG00000214870.11	gene|regulatory|repeat|transcript	237
chr7	130971404	130971641	ENSG00000231721.8	gene|regulatory|repeat|transcript	237
chr7	131070131	131070368	ENSG00000231721.8	gene|regulatory|repeat|transcript	237
chr7	149811312	149811549	ENSG00000197558.14|ENSG00000293558.1	gene|regulatory|repeat|transcript	237
chr7	125063373	125063610	ENSG00000224897.9	gene|regulatory|repeat|transcript	237
chr7	64653857	64654093	ENSG00000287317.1	gene|regulatory|repeat|transcript	236
chr7	11191954	11192190	ENSG00000230333.6	gene|regulatory|repeat|transcript	236
chr7	149586719	149586955	ENSG00000291118.1	gene|regulatory|repeat|transcript	236
chr7	7002464	7002700	ENSG00000287860.3	gene|regulatory|repeat|transcript	236
chr7	106599389	106599625	ENSG00000243797.6	gene|regulatory|repeat|transcript	236
chr7	77695441	77695677	ENSG00000214293.11	gene|regulatory|repeat|transcript	236
chr7	41116393	41116629	ENSG00000224017.2	gene|regulatory|repeat|transcript	236
chr7	106783454	106783690	ENSG00000228742.11	gene|regulatory|repeat|transcript	236
chr7	20022668	20022903	ENSG00000243004.7	gene|regulatory|repeat|transcript	235
chr7	26251814	26252049	ENSG00000285860.1	gene|regulatory|repeat|transcript	235
chr7	51344462	51344697	ENSG00000288798.2	gene|regulatory|repeat|transcript	235
chr7	36024343	36024577	ENSG00000232930.2|ENSG00000287893.1	gene|regulatory|repeat|transcript	234
chr7	130908391	130908625	ENSG00000231721.8|ENSG00000233559.2	gene|regulatory|repeat|transcript	234
chr7	34260307	34260541	ENSG00000236212.2	gene|regulatory|repeat|transcript	234
chr7	26105939	26106173	ENSG00000289053.2	gene|regulatory|repeat|transcript	234
chr7	124443520	124443754	ENSG00000242593.8	gene|regulatory|repeat|transcript	234
chr7	41756721	41756955	ENSG00000224116.7	gene|regulatory|repeat|transcript	234
chr7	25365396	25365630	ENSG00000260951.2	gene|regulatory|repeat|transcript	234
chr7	25690831	25691065	ENSG00000223561.8	gene|regulatory|repeat|transcript	234
chr7	55710326	55710559	ENSG00000176826.16	gene|regulatory|repeat|transcript	233
chr7	38243429	38243662	ENSG00000227191.8	gene|regulatory|repeat|transcript	233
chr7	7266427	7266660	ENSG00000230825.3	gene|regulatory|repeat|transcript	233
chr7	121472	121705	ENSG00000287883.1	gene|regulatory|repeat|transcript	233
chr7	11194473	11194705	ENSG00000230333.6	gene|regulatory|repeat|transcript	232
chr7	156613045	156613277	ENSG00000182648.15	gene|regulatory|repeat|transcript	232
chr7	10707585	10707817	ENSG00000283117.1	gene|regulatory|repeat|transcript	232
chr7	28209444	28209676	ENSG00000234336.7	gene|regulatory|repeat|transcript	232
chr7	25611342	25611574	ENSG00000223561.8	gene|regulatory|repeat|transcript	232
chr7	42671674	42671906	ENSG00000238284.2	gene|regulatory|repeat|transcript	232
chr7	143456083	143456315	ENSG00000229153.7	gene|regulatory|repeat|transcript	232
chr7	6731069	6731301	ENSG00000290835.1	gene|regulatory|repeat|transcript	232
chr7	91361947	91362179	ENSG00000243144.7	gene|regulatory|repeat|transcript	232
chr7	106538743	106538975	ENSG00000243797.6	gene|regulatory|repeat|transcript	232
chr7	131022001	131022232	ENSG00000231721.8	gene|regulatory|repeat|transcript	231
chr7	94304957	94305188	ENSG00000285090.1	gene|regulatory|repeat|transcript	231
chr7	130985467	130985698	ENSG00000231721.8	gene|regulatory|repeat|transcript	231
chr7	102432568	102432799	ENSG00000239480.1	gene|regulatory|repeat|transcript	231
chr7	68238432	68238663	ENSG00000226829.2	gene|regulatory|repeat|transcript	231
chr7	143467813	143468043	ENSG00000229153.7	gene|regulatory|repeat|transcript	230
chr7	90153738	90153968	ENSG00000227646.7	gene|regulatory|repeat|transcript	230
chr7	20076964	20077194	ENSG00000243004.7	gene|regulatory|repeat|transcript	230
chr7	94051230	94051460	ENSG00000236453.5	gene|regulatory|repeat|transcript	230
chr7	131934567	131934797	ENSG00000224865.8	gene|regulatory|repeat|transcript	230
chr7	130885766	130885996	ENSG00000231721.8|ENSG00000233559.2	gene|regulatory|repeat|transcript	230
chr7	55657679	55657909	ENSG00000231317.1	gene|regulatory|repeat|transcript	230
chr7	112692366	112692595	ENSG00000223646.2	gene|regulatory|repeat|transcript	229
chr7	136134516	136134745	ENSG00000232053.7	gene|regulatory|repeat|transcript	229
chr7	30572402	30572631	ENSG00000196295.13	gene|regulatory|repeat|transcript	229
chr7	41751002	41751231	ENSG00000224116.7	gene|regulatory|repeat|transcript	229
chr7	13091104	13091333	ENSG00000229618.3	gene|regulatory|repeat|transcript	229
chr7	73249310	73249539	ENSG00000214544.8|ENSG00000290839.1	gene|regulatory|repeat|transcript	229
chr7	11203803	11204032	ENSG00000230333.6	gene|regulatory|repeat|transcript	229
chr7	25640357	25640585	ENSG00000223561.8	gene|regulatory|repeat|transcript	228
chr7	134976260	134976488	ENSG00000286458.1	gene|regulatory|repeat|transcript	228
chr7	92557423	92557651	ENSG00000278819.1	gene|regulatory|repeat|transcript	228
chr7	112392390	112392618	ENSG00000226851.1	gene|regulatory|repeat|transcript	228
chr7	121481030	121481258	ENSG00000289578.1	gene|regulatory|repeat|transcript	228
chr7	120190223	120190451	ENSG00000233417.2	gene|regulatory|repeat|transcript	228
chr7	20121516	20121744	ENSG00000243004.7|ENSG00000267055.1	gene|regulatory|repeat|transcript	228
chr7	6991832	6992060	ENSG00000287860.3	gene|regulatory|repeat|transcript	228
chr7	5833642	5833870	ENSG00000235944.11|ENSG00000291099.1	gene|regulatory|repeat|transcript	228
chr7	24437197	24437424	ENSG00000287523.1	gene|regulatory|repeat|transcript	227
chr7	67305508	67305735	ENSG00000291153.1	gene|regulatory|repeat|transcript	227
chr7	106372679	106372906	ENSG00000243797.6	gene|regulatory|repeat|transcript	227
chr7	7002072	7002299	ENSG00000287860.3	gene|regulatory|repeat|transcript	227
chr7	124954908	124955135	ENSG00000224897.9	gene|regulatory|repeat|transcript	227
chr7	130009540	130009766	ENSG00000244036.3	gene|regulatory|repeat|transcript	226
chr7	43072108	43072334	ENSG00000232006.9	gene|regulatory|repeat|transcript	226
chr7	38245711	38245937	ENSG00000227191.8	gene|regulatory|repeat|transcript	226
chr7	115129878	115130104	ENSG00000233607.1	gene|regulatory|repeat|transcript	226
chr7	101300304	101300530	ENSG00000232301.3	gene|regulatory|repeat|transcript	226
chr7	124263216	124263442	ENSG00000242593.8	gene|regulatory|repeat|transcript	226
chr7	69402782	69403008	ENSG00000225718.2	gene|regulatory|repeat|transcript	226
chr7	131033539	131033764	ENSG00000231721.8	gene|regulatory|repeat|transcript	225
chr7	104922263	104922488	ENSG00000225329.3	gene|regulatory|repeat|transcript	225
chr7	131018296	131018521	ENSG00000231721.8	gene|regulatory|repeat|transcript	225
chr7	41773851	41774076	ENSG00000224116.7	gene|regulatory|repeat|transcript	225
chr7	77694290	77694515	ENSG00000214293.11	gene|regulatory|repeat|transcript	225
chr7	34622299	34622524	ENSG00000197085.11	gene|regulatory|repeat|transcript	225
chr7	122157938	122158162	ENSG00000234418.4	gene|regulatory|repeat|transcript	224
chr7	65753298	65753522	ENSG00000228409.9|ENSG00000290926.1|ENSG00000291124.1	gene|regulatory|repeat|transcript	224
chr7	113141079	113141303	ENSG00000225457.1	gene|regulatory|repeat|transcript	224
chr7	81669604	81669828	ENSG00000293394.1	gene|regulatory|repeat|transcript	224
chr7	159013199	159013423	ENSG00000231419.6	gene|regulatory|repeat|transcript	224
chr7	76598985	76599209	ENSG00000290873.1	gene|regulatory|repeat|transcript	224
chr7	106620840	106621064	ENSG00000243797.6	gene|regulatory|repeat|transcript	224
chr7	141731672	141731896	ENSG00000228775.8	gene|regulatory|repeat|transcript	224
chr7	41742756	41742980	ENSG00000224116.7	gene|regulatory|repeat|transcript	224
chr7	131058942	131059166	ENSG00000231721.8	gene|regulatory|repeat|transcript	224
chr7	80366005	80366228	ENSG00000232667.12	gene|regulatory|repeat|transcript	223
chr7	134976015	134976238	ENSG00000286458.1	gene|regulatory|repeat|transcript	223
chr7	106749241	106749464	ENSG00000243797.6	gene|regulatory|repeat|transcript	223
chr7	39761587	39761810	ENSG00000188185.13	gene|regulatory|repeat|transcript	223
chr7	130875873	130876096	ENSG00000231721.8|ENSG00000233559.2	gene|regulatory|repeat|transcript	223
chr7	68228300	68228523	ENSG00000226829.2	gene|regulatory|repeat|transcript	223
chr7	46285040	46285263	ENSG00000229459.1	gene|regulatory|repeat|transcript	223
chr7	47617181	47617404	ENSG00000236078.2	gene|regulatory|repeat|transcript	223
chr7	47622337	47622560	ENSG00000236078.2	gene|regulatory|repeat|transcript	223
chr7	156545097	156545320	ENSG00000182648.15	gene|regulatory|repeat|transcript	223
chr7	106608755	106608978	ENSG00000243797.6	gene|regulatory|repeat|transcript	223
chr7	131035086	131035308	ENSG00000231721.8	gene|regulatory|repeat|transcript	222
chr7	100513422	100513644	ENSG00000225807.2	gene|regulatory|repeat|transcript	222
chr7	130919657	130919879	ENSG00000231721.8|ENSG00000233559.2	gene|regulatory|repeat|transcript	222
chr7	136710006	136710228	ENSG00000234352.9	gene|regulatory|repeat|transcript	222
chr7	119712711	119712933	ENSG00000225546.6	gene|regulatory|repeat|transcript	222
chr7	122183469	122183691	ENSG00000234418.4	gene|regulatory|repeat|transcript	222
chr7	32617991	32618213	ENSG00000229358.3	gene|regulatory|repeat|transcript	222
chr7	136324355	136324577	ENSG00000232053.7	gene|regulatory|repeat|transcript	222
chr7	88522906	88523128	ENSG00000233420.2	gene|regulatory|repeat|transcript	222
chr7	20078537	20078758	ENSG00000243004.7	gene|regulatory|repeat|transcript	221
chr7	34388018	34388239	ENSG00000197085.11	gene|regulatory|repeat|transcript	221
chr7	13459452	13459673	ENSG00000229618.3	gene|regulatory|repeat|transcript	221
chr7	95306	95527	ENSG00000232325.4	gene|regulatory|repeat|transcript	221
chr7	115148886	115149106	ENSG00000233607.1	gene|regulatory|repeat|transcript	220
chr7	131057276	131057496	ENSG00000231721.8	gene|regulatory|repeat|transcript	220
chr7	89966112	89966332	ENSG00000227646.7	gene|regulatory|repeat|transcript	220
chr7	106517480	106517700	ENSG00000243797.6	gene|regulatory|repeat|transcript	220
chr7	106766661	106766881	ENSG00000243797.6	gene|regulatory|repeat|transcript	220
chr7	91503015	91503235	ENSG00000235450.1|ENSG00000243144.7	gene|regulatory|repeat|transcript	220
chr7	100345405	100345625	ENSG00000272752.6|ENSG00000290682.1	gene|regulatory|repeat|transcript	220
chr7	120168120	120168339	ENSG00000233417.2|ENSG00000233969.2	gene|regulatory|repeat|transcript	219
chr7	66456526	66456745	ENSG00000179406.10	gene|regulatory|repeat|transcript	219
chr7	135852353	135852572	ENSG00000224746.2	gene|regulatory|repeat|transcript	219
chr7	15743941	15744160	ENSG00000286376.1	gene|regulatory|repeat|transcript	219
chr7	142817854	142818073	ENSG00000289938.1	gene|regulatory|repeat|transcript	219
chr7	156548364	156548583	ENSG00000182648.15	gene|regulatory|repeat|transcript	219
chr7	112713430	112713648	ENSG00000223646.2	gene|regulatory|repeat|transcript	218
chr7	159016071	159016289	ENSG00000231419.6	gene|regulatory|repeat|transcript	218
chr7	132702348	132702566	ENSG00000183470.9	gene|regulatory|repeat|transcript	218
chr7	106767152	106767370	ENSG00000243797.6	gene|regulatory|repeat|transcript	218
chr7	32612712	32612930	ENSG00000229358.3	gene|regulatory|repeat|transcript	218
chr7	7259272	7259490	ENSG00000230825.3	gene|regulatory|repeat|transcript	218
chr7	69325869	69326087	ENSG00000225718.2	gene|regulatory|repeat|transcript	218
chr7	143469982	143470199	ENSG00000229153.7	gene|regulatory|repeat|transcript	217
chr7	51515005	51515222	ENSG00000285741.1	gene|regulatory|repeat|transcript	217
chr7	47621721	47621938	ENSG00000236078.2	gene|regulatory|repeat|transcript	217
chr7	155250694	155250911	ENSG00000290007.1	gene|regulatory|repeat|transcript	217
chr7	74285361	74285577	ENSG00000287815.2	gene|regulatory|repeat|transcript	216
chr7	8282249	8282465	ENSG00000229970.3	gene|regulatory|repeat|transcript	216
chr7	130821848	130822064	ENSG00000231721.8	gene|regulatory|repeat|transcript	216
chr7	54725358	54725574	ENSG00000286404.1	gene|regulatory|repeat|transcript	216
chr7	135994217	135994433	ENSG00000289600.1	gene|regulatory|repeat|transcript	216
chr7	7263924	7264140	ENSG00000230825.3	gene|regulatory|repeat|transcript	216
chr7	65220839	65221055	ENSG00000289108.1|ENSG00000290545.1	gene|regulatory|repeat|transcript	216
chr7	136104274	136104490	ENSG00000232053.7	gene|regulatory|repeat|transcript	216
chr7	26418027	26418243	ENSG00000214870.11	gene|regulatory|repeat|transcript	216
chr7	66460519	66460735	ENSG00000179406.10	gene|regulatory|repeat|transcript	216
chr7	91354759	91354975	ENSG00000243144.7	gene|regulatory|repeat|transcript	216
chr7	11252764	11252979	ENSG00000230333.6	gene|regulatory|repeat|transcript	215
chr7	67360949	67361164	ENSG00000291153.1	gene|regulatory|repeat|transcript	215
chr7	110446411	110446626	ENSG00000226965.2	gene|regulatory|repeat|transcript	215
chr7	13051526	13051741	ENSG00000229618.3	gene|regulatory|repeat|transcript	215
chr7	119545167	119545382	ENSG00000225546.6	gene|regulatory|repeat|transcript	215
chr7	92446933	92447148	ENSG00000293397.1	gene|regulatory|repeat|transcript	215
chr7	50962361	50962575	ENSG00000228204.2	gene|regulatory|repeat|transcript	214
chr7	34622057	34622271	ENSG00000197085.11	gene|regulatory|repeat|transcript	214
chr7	24794312	24794526	ENSG00000287093.1	gene|regulatory|repeat|transcript	214
chr7	106669207	106669421	ENSG00000243797.6	gene|regulatory|repeat|transcript	214
chr7	10771149	10771363	ENSG00000283117.1	gene|regulatory|repeat|transcript	214
chr7	29680069	29680283	ENSG00000227855.5|ENSG00000293330.1	gene|regulatory|repeat|transcript	214
chr7	101309282	101309496	ENSG00000232445.2	gene|regulatory|repeat|transcript	214
chr7	112667523	112667737	ENSG00000223646.2	gene|regulatory|repeat|transcript	214
chr7	149600754	149600968	ENSG00000291118.1	gene|regulatory|repeat|transcript	214
chr7	125258368	125258582	ENSG00000219445.2|ENSG00000224897.9	gene|regulatory|repeat|transcript	214
chr7	13139516	13139729	ENSG00000229618.3	gene|regulatory|repeat|transcript	213
chr7	20030404	20030617	ENSG00000243004.7	gene|regulatory|repeat|transcript	213
chr7	106722436	106722649	ENSG00000243797.6	gene|regulatory|repeat|transcript	213
chr7	143486317	143486530	ENSG00000229153.7	gene|regulatory|repeat|transcript	213
chr7	136093293	136093506	ENSG00000232053.7	gene|regulatory|repeat|transcript	213
chr7	29538291	29538504	ENSG00000223813.5	gene|regulatory|repeat|transcript	213
chr7	29556510	29556723	ENSG00000223813.5	gene|regulatory|repeat|transcript	213
chr7	108604802	108605014	ENSG00000225647.2	gene|regulatory|repeat|transcript	212
chr7	97915409	97915621	ENSG00000284707.2	gene|regulatory|repeat|transcript	212
chr7	104923031	104923243	ENSG00000225329.3	gene|regulatory|repeat|transcript	212
chr7	34649112	34649324	ENSG00000197085.11	gene|regulatory|repeat|transcript	212
chr7	22863243	22863455	ENSG00000228649.11	gene|regulatory|repeat|transcript	212
chr7	65071861	65072073	ENSG00000234585.7|ENSG00000290860.1	gene|regulatory|repeat|transcript	212
chr7	130903355	130903567	ENSG00000231721.8|ENSG00000233559.2	gene|regulatory|repeat|transcript	212
chr7	156615620	156615832	ENSG00000182648.15	gene|regulatory|repeat|transcript	212
chr7	106598152	106598363	ENSG00000243797.6|ENSG00000267052.3	gene|regulatory|repeat|transcript	211
chr7	69190875	69191086	ENSG00000225718.2	gene|regulatory|repeat|transcript	211
chr7	144352186	144352397	ENSG00000244479.7|ENSG00000284644.1	gene|regulatory|repeat|transcript	211
chr7	26452051	26452262	ENSG00000214870.11	gene|regulatory|repeat|transcript	211
chr7	66154611	66154822	ENSG00000234185.2	gene|regulatory|repeat|transcript	211
chr7	53735250	53735461	ENSG00000205628.5	gene|regulatory|repeat|transcript	211
chr7	80322791	80323002	ENSG00000232667.12	gene|regulatory|repeat|transcript	211
chr7	128204583	128204794	ENSG00000292309.1	gene|regulatory|repeat|transcript	211
chr7	13104207	13104418	ENSG00000229618.3	gene|regulatory|repeat|transcript	211
chr7	25688286	25688497	ENSG00000223561.8	gene|regulatory|repeat|transcript	211
chr7	20126776	20126987	ENSG00000243004.7|ENSG00000267055.1	gene|regulatory|repeat|transcript	211
chr7	102672775	102672985	ENSG00000279168.3	gene|regulatory|repeat|transcript	210
chr7	149569768	149569978	ENSG00000291118.1	gene|regulatory|repeat|transcript	210
chr7	9693450	9693660	ENSG00000234710.3	gene|regulatory|repeat|transcript	210
chr7	130854597	130854807	ENSG00000231721.8|ENSG00000233559.2	gene|regulatory|repeat|transcript	210
chr7	20124190	20124400	ENSG00000243004.7|ENSG00000267055.1	gene|regulatory|repeat|transcript	210
chr7	19983495	19983704	ENSG00000243004.7	gene|regulatory|repeat|transcript	209
chr7	92910218	92910427	ENSG00000237819.7	gene|regulatory|repeat|transcript	209
chr7	76998311	76998520	ENSG00000186704.9|ENSG00000265479.7	gene|regulatory|repeat|transcript	209
chr7	41752667	41752876	ENSG00000224116.7	gene|regulatory|repeat|transcript	209
chr7	36761511	36761720	ENSG00000229424.1	gene|regulatory|repeat|transcript	209
chr7	135793319	135793528	ENSG00000224746.2	gene|regulatory|repeat|transcript	209
chr7	100125986	100126195	ENSG00000242798.1	gene|regulatory|repeat|transcript	209
chr7	155248995	155249204	ENSG00000290007.1	gene|regulatory|repeat|transcript	209
chr7	9968349	9968558	ENSG00000235431.2	gene|regulatory|repeat|transcript	209
chr7	41754097	41754306	ENSG00000224116.7	gene|regulatory|repeat|transcript	209
chr7	106540927	106541136	ENSG00000243797.6	gene|regulatory|repeat|transcript	209
chr7	130905324	130905533	ENSG00000231721.8|ENSG00000233559.2	gene|regulatory|repeat|transcript	209
chr7	136396560	136396769	ENSG00000232053.7	gene|regulatory|repeat|transcript	209
chr7	77691949	77692158	ENSG00000214293.11	gene|regulatory|repeat|transcript	209
chr7	129984636	129984845	ENSG00000244036.3	gene|regulatory|repeat|transcript	209
chr7	81491762	81491970	ENSG00000233491.9|ENSG00000293394.1	gene|regulatory|repeat|transcript	208
chr7	88255998	88256206	ENSG00000228113.7	gene|regulatory|repeat|transcript	208
chr7	128599050	128599258	ENSG00000242588.7|ENSG00000280828.1	gene|regulatory|repeat|transcript	208
chr7	125359448	125359656	ENSG00000224897.9	gene|regulatory|repeat|transcript	208
chr7	103253933	103254141	ENSG00000170629.17|ENSG00000291139.1	gene|regulatory|repeat|transcript	208
chr7	26448610	26448817	ENSG00000214870.11	gene|regulatory|repeat|transcript	207
chr7	32735321	32735528	ENSG00000229358.3|ENSG00000293076.1	gene|regulatory|repeat|transcript	207
chr7	69261625	69261832	ENSG00000225718.2	gene|regulatory|repeat|transcript	207
chr7	42987838	42988045	ENSG00000232006.9	gene|regulatory|repeat|transcript	207
chr7	106765754	106765961	ENSG00000243797.6	gene|regulatory|repeat|transcript	207
chr7	137120770	137120977	ENSG00000234352.9	gene|regulatory|repeat|transcript	207
chr7	25616513	25616719	ENSG00000223561.8	gene|regulatory|repeat|transcript	206
chr7	149872503	149872709	ENSG00000204934.10	gene|regulatory|repeat|transcript	206
chr7	110148149	110148355	ENSG00000226965.2	gene|regulatory|repeat|transcript	206
chr7	155239787	155239993	ENSG00000290007.1	gene|regulatory|repeat|transcript	206
chr7	134975047	134975253	ENSG00000286458.1	gene|regulatory|repeat|transcript	206
chr7	157490075	157490281	ENSG00000234210.1	gene|regulatory|repeat|transcript	206
chr7	47051922	47052128	ENSG00000229192.6	gene|regulatory|repeat|transcript	206
chr7	24349442	24349648	ENSG00000287523.1	gene|regulatory|repeat|transcript	206
chr7	24356685	24356891	ENSG00000287523.1	gene|regulatory|repeat|transcript	206
chr7	121498918	121499123	ENSG00000289578.1	gene|regulatory|repeat|transcript	205
chr7	81595945	81596150	ENSG00000233491.9|ENSG00000293394.1	gene|regulatory|repeat|transcript	205
chr7	81206389	81206594	ENSG00000289996.1	gene|regulatory|repeat|transcript	205
chr7	3278011	3278216	ENSG00000236708.1	gene|regulatory|repeat|transcript	205
chr7	3092184	3092389	ENSG00000228334.3	gene|regulatory|repeat|transcript	205
chr7	141532965	141533170	ENSG00000261570.2	gene|regulatory|repeat|transcript	205
chr7	131924899	131925104	ENSG00000224865.8	gene|regulatory|repeat|transcript	205
chr7	81642030	81642235	ENSG00000293394.1	gene|regulatory|repeat|transcript	205
chr7	34362618	34362823	ENSG00000197085.11	gene|regulatory|repeat|transcript	205
chr7	38244619	38244824	ENSG00000227191.8	gene|regulatory|repeat|transcript	205
chr7	116607330	116607534	ENSG00000231210.3	gene|regulatory|repeat|transcript	204
chr7	136263460	136263664	ENSG00000232053.7	gene|regulatory|repeat|transcript	204
chr7	16714076	16714280	ENSG00000235837.1	gene|regulatory|repeat|transcript	204
chr7	130993758	130993962	ENSG00000231721.8	gene|regulatory|repeat|transcript	204
chr7	34211728	34211932	ENSG00000236212.2	gene|regulatory|repeat|transcript	204
chr7	69211530	69211734	ENSG00000225718.2	gene|regulatory|repeat|transcript	204
chr7	24427160	24427364	ENSG00000287523.1	gene|regulatory|repeat|transcript	204
chr7	136292128	136292331	ENSG00000232053.7	gene|regulatory|repeat|transcript	203
chr7	24379230	24379433	ENSG00000287523.1	gene|regulatory|repeat|transcript	203
chr7	28203580	28203783	ENSG00000234336.7	gene|regulatory|repeat|transcript	203
chr7	110503266	110503469	ENSG00000226965.2	gene|regulatory|repeat|transcript	203
chr7	13307109	13307312	ENSG00000229618.3	gene|regulatory|repeat|transcript	203
chr7	35355170	35355373	ENSG00000287651.1	gene|regulatory|repeat|transcript	203
chr7	46934591	46934794	ENSG00000232072.1	gene|regulatory|repeat|transcript	203
chr7	159013446	159013649	ENSG00000231419.6	gene|regulatory|repeat|transcript	203
chr7	129961063	129961266	ENSG00000244036.3	gene|regulatory|repeat|transcript	203
chr7	28216733	28216936	ENSG00000234336.7	gene|regulatory|repeat|transcript	203
chr7	7265068	7265271	ENSG00000230825.3	gene|regulatory|repeat|transcript	203
chr7	25597982	25598185	ENSG00000223561.8	gene|regulatory|repeat|transcript	203
chr7	36038112	36038314	ENSG00000232930.2	gene|regulatory|repeat|transcript	202
chr7	128861113	128861315	ENSG00000242902.1	gene|regulatory|repeat|transcript	202
chr7	77692732	77692934	ENSG00000214293.11	gene|regulatory|repeat|transcript	202
chr7	45768137	45768339	ENSG00000291207.1	gene|regulatory|repeat|transcript	202
chr7	128552753	128552955	ENSG00000242588.7|ENSG00000280828.1	gene|regulatory|repeat|transcript	202
chr7	24406009	24406211	ENSG00000287523.1	gene|regulatory|repeat|transcript	202
chr7	69418937	69419138	ENSG00000225718.2	gene|regulatory|repeat|transcript	201
chr7	36079855	36080056	ENSG00000205745.2	gene|regulatory|repeat|transcript	201
chr7	103462389	103462590	ENSG00000234715.2	gene|regulatory|repeat|transcript	201
chr7	119603960	119604161	ENSG00000225546.6	gene|regulatory|repeat|transcript	201
chr7	6991215	6991416	ENSG00000287860.3	gene|regulatory|repeat|transcript	201
chr7	36762465	36762666	ENSG00000229424.1	gene|regulatory|repeat|transcript	201
chr7	11276414	11276615	ENSG00000230333.6	gene|regulatory|repeat|transcript	201
chr7	142848704	142848905	ENSG00000289938.1	gene|regulatory|repeat|transcript	201
chr7	26643539	26643740	ENSG00000222004.7	gene|regulatory|repeat|transcript	201
chr7	136436004	136436205	ENSG00000232053.7	gene|regulatory|repeat|transcript	201
chr7	112647190	112647391	ENSG00000223646.2	gene|regulatory|repeat|transcript	201
chr7	19962381	19962582	ENSG00000243004.7	gene|regulatory|repeat|transcript	201
chr7	121480673	121480874	ENSG00000289578.1	gene|regulatory|repeat|transcript	201
chr7	121457137	121457338	ENSG00000289578.1	gene|regulatory|repeat|transcript	201
chr7	29676821	29677022	ENSG00000227855.5|ENSG00000293330.1	gene|regulatory|repeat|transcript	201
chr7	29669103	29669304	ENSG00000227855.5|ENSG00000293330.1	gene|regulatory|repeat|transcript	201
chr7	43076670	43076871	ENSG00000232006.9	gene|regulatory|repeat|transcript	201
chr7	3156518	3156719	ENSG00000217455.8	gene|regulatory|repeat|transcript	201
chr7	19984332	19984533	ENSG00000243004.7	gene|regulatory|repeat|transcript	201
chr7	43077271	43077472	ENSG00000232006.9	gene|regulatory|repeat|transcript	201
chr7	135171282	135171483	ENSG00000287733.1	gene|regulatory|repeat|transcript	201
chr7	20085235	20085436	ENSG00000243004.7	gene|regulatory|repeat|transcript	201
chr7	141527192	141527393	ENSG00000261570.2	gene|regulatory|repeat|transcript	201
chr7	13631270	13631471	ENSG00000229618.3	gene|regulatory|repeat|transcript	201
chr7	155240077	155240278	ENSG00000290007.1	gene|regulatory|repeat|transcript	201
chr7	81635106	81635307	ENSG00000293394.1	gene|regulatory|repeat|transcript	201
chr7	156611856	156612057	ENSG00000182648.15	gene|regulatory|repeat|transcript	201
chr7	92461716	92461917	ENSG00000244055.2	gene|regulatory|repeat|transcript	201
chr7	106415501	106415701	ENSG00000243797.6	gene|regulatory|repeat|transcript	200
chr7	19958418	19958618	ENSG00000243004.7	gene|regulatory|repeat|transcript	200
chr7	134685307	134685507	ENSG00000224375.1	gene|regulatory|repeat|transcript	200
chr7	131029051	131029251	ENSG00000231721.8	gene|regulatory|repeat|transcript	200
chr7	64611558	64611758	ENSG00000286456.3	gene|regulatory|repeat|transcript	200
chr7	41758364	41758564	ENSG00000224116.7	gene|regulatory|repeat|transcript	200
chr7	11319529	11319729	ENSG00000230333.6	gene|regulatory|repeat|transcript	200
chr7	145645035	145645235	ENSG00000230746.4	gene|regulatory|repeat|transcript	200
chr7	34392444	34392644	ENSG00000197085.11	gene|regulatory|repeat|transcript	200
chr7	115043718	115043918	ENSG00000225535.7	gene|regulatory|repeat|transcript	200
chr7	32669842	32670041	ENSG00000229358.3	gene|regulatory|repeat|transcript	199
chr7	6084819	6085018	ENSG00000231704.7	gene|regulatory|repeat|transcript	199
chr7	13413321	13413520	ENSG00000229618.3	gene|regulatory|repeat|transcript	199
chr7	76106731	76106930	ENSG00000290729.1	gene|regulatory|repeat|transcript	199
chr7	130851416	130851615	ENSG00000231721.8	gene|regulatory|repeat|transcript	199
chr7	55672116	55672315	ENSG00000231317.1	gene|regulatory|repeat|transcript	199
chr7	22826693	22826892	ENSG00000286703.1	gene|regulatory|repeat|transcript	199
chr7	25484546	25484745	ENSG00000285960.1	gene|regulatory|repeat|transcript	199
chr7	25454738	25454937	ENSG00000285960.1	gene|regulatory|repeat|transcript	199
chr7	9149674	9149872	ENSG00000278254.4	gene|regulatory|repeat|transcript	198
chr7	116570346	116570544	ENSG00000231210.3	gene|regulatory|repeat|transcript	198
chr7	20125179	20125377	ENSG00000243004.7|ENSG00000267055.1	gene|regulatory|repeat|transcript	198
chr7	148555628	148555826	ENSG00000283648.2	gene|regulatory|repeat|transcript	198
chr7	12747875	12748073	ENSG00000229618.3	gene|regulatory|repeat|transcript	198
chr7	81639228	81639426	ENSG00000293394.1	gene|regulatory|repeat|transcript	198
chr7	100237996	100238194	ENSG00000239521.12|ENSG00000291122.1	gene|regulatory|repeat|transcript	198
chr7	64611836	64612034	ENSG00000286456.3	gene|regulatory|repeat|transcript	198
chr7	137073082	137073280	ENSG00000234352.9	gene|regulatory|repeat|transcript	198
chr7	65745744	65745942	ENSG00000290926.1	gene|regulatory|repeat|transcript	198
chr7	116648559	116648757	ENSG00000231210.3	gene|regulatory|repeat|transcript	198
chr7	135844639	135844837	ENSG00000224746.2	gene|regulatory|repeat|transcript	198
chr7	41766401	41766598	ENSG00000224116.7	gene|regulatory|repeat|transcript	197
chr7	112350080	112350277	ENSG00000226851.1	gene|regulatory|repeat|transcript	197
chr7	22877489	22877686	ENSG00000226329.2	gene|regulatory|repeat|transcript	197
chr7	142886	143083	ENSG00000242474.3	gene|regulatory|repeat|transcript	197
chr7	65797227	65797424	ENSG00000224316.1	gene|regulatory|repeat|transcript	197
chr7	69367788	69367984	ENSG00000225718.2	gene|regulatory|repeat|transcript	196
chr7	69374228	69374424	ENSG00000225718.2	gene|regulatory|repeat|transcript	196
chr7	110483301	110483497	ENSG00000226965.2	gene|regulatory|repeat|transcript	196
chr7	106461365	106461561	ENSG00000243797.6|ENSG00000286076.2	gene|regulatory|repeat|transcript	196
chr7	46691665	46691861	ENSG00000233539.5	gene|regulatory|repeat|transcript	196
chr7	6995430	6995626	ENSG00000287860.3	gene|regulatory|repeat|transcript	196
chr7	50989138	50989334	ENSG00000228204.2	gene|regulatory|repeat|transcript	196
chr7	41125355	41125551	ENSG00000224017.2	gene|regulatory|repeat|transcript	196
chr7	17523417	17523613	ENSG00000236039.3	gene|regulatory|repeat|transcript	196
chr7	99976835	99977031	ENSG00000286921.1	gene|regulatory|repeat|transcript	196
chr7	12765844	12766040	ENSG00000229618.3	gene|regulatory|repeat|transcript	196
chr7	26404609	26404805	ENSG00000214870.11	gene|regulatory|repeat|transcript	196
chr7	88685072	88685268	ENSG00000233420.2	gene|regulatory|repeat|transcript	196
chr7	84536220	84536415	ENSG00000235139.2	gene|regulatory|repeat|transcript	195
chr7	136390049	136390244	ENSG00000232053.7	gene|regulatory|repeat|transcript	195
chr7	110518646	110518841	ENSG00000226965.2	gene|regulatory|repeat|transcript	195
chr7	137147164	137147359	ENSG00000234352.9	gene|regulatory|repeat|transcript	195
chr7	77001753	77001948	ENSG00000186704.9|ENSG00000265479.7	gene|regulatory|repeat|transcript	195
chr7	142832542	142832737	ENSG00000289938.1	gene|regulatory|repeat|transcript	195
chr7	45343895	45344090	ENSG00000286738.1	gene|regulatory|repeat|transcript	195
chr7	100007903	100008098	ENSG00000286923.3	gene|regulatory|repeat|transcript	195
chr7	80269138	80269333	ENSG00000234223.2	gene|regulatory|repeat|transcript	195
chr7	131055885	131056080	ENSG00000231721.8	gene|regulatory|repeat|transcript	195
chr7	155205935	155206130	ENSG00000287865.2	gene|regulatory|repeat|transcript	195
chr7	113109848	113110043	ENSG00000225457.1	gene|regulatory|repeat|transcript	195
chr7	76850555	76850749	ENSG00000285666.1	gene|regulatory|repeat|transcript	194
chr7	26459839	26460033	ENSG00000214870.11	gene|regulatory|repeat|transcript	194
chr7	125201903	125202097	ENSG00000224897.9	gene|regulatory|repeat|transcript	194
chr7	11317588	11317782	ENSG00000230333.6	gene|regulatory|repeat|transcript	194
chr7	148562310	148562504	ENSG00000283648.2	gene|regulatory|repeat|transcript	194
chr7	106681830	106682024	ENSG00000243797.6	gene|regulatory|repeat|transcript	194
chr7	24373081	24373275	ENSG00000287523.1	gene|regulatory|repeat|transcript	194
chr7	91324486	91324680	ENSG00000243144.7	gene|regulatory|repeat|transcript	194
chr7	13111328	13111522	ENSG00000229618.3	gene|regulatory|repeat|transcript	194
chr7	10549234	10549428	ENSG00000283117.1	gene|regulatory|repeat|transcript	194
chr7	36034201	36034394	ENSG00000232930.2	gene|regulatory|repeat|transcript	193
chr7	6726452	6726645	ENSG00000290835.1	gene|regulatory|repeat|transcript	193
chr7	130933388	130933581	ENSG00000231721.8	gene|regulatory|repeat|transcript	193
chr7	94340222	94340415	ENSG00000285090.1|ENSG00000285964.1	gene|regulatory|repeat|transcript	193
chr7	145644568	145644761	ENSG00000230746.4	gene|regulatory|repeat|transcript	193
chr7	91487644	91487836	ENSG00000235450.1|ENSG00000243144.7	gene|regulatory|repeat|transcript	192
chr7	50867041	50867233	ENSG00000228204.2	gene|regulatory|repeat|transcript	192
chr7	46748912	46749104	ENSG00000233539.5	gene|regulatory|repeat|transcript	192
chr7	30008771	30008963	ENSG00000227014.6	gene|regulatory|repeat|transcript	192
chr7	90102	90294	ENSG00000232325.4	gene|regulatory|repeat|transcript	192
chr7	91353376	91353568	ENSG00000243144.7	gene|regulatory|repeat|transcript	192
chr7	130962379	130962571	ENSG00000231721.8	gene|regulatory|repeat|transcript	192
chr7	144353163	144353355	ENSG00000244479.7|ENSG00000284644.1	gene|regulatory|repeat|transcript	192
chr7	103166974	103167166	ENSG00000289956.1	gene|regulatory|repeat|transcript	192
chr7	125128247	125128439	ENSG00000224897.9	gene|regulatory|repeat|transcript	192
chr7	152438083	152438274	ENSG00000293165.1	gene|regulatory|repeat|transcript	191
chr7	148564603	148564794	ENSG00000283648.2	gene|regulatory|repeat|transcript	191
chr7	39622110	39622301	ENSG00000287584.1	gene|regulatory|repeat|transcript	191
chr7	148502646	148502837	ENSG00000283504.1	gene|regulatory|repeat|transcript	191
chr7	101300577	101300768	ENSG00000232301.3	gene|regulatory|repeat|transcript	191
chr7	131008041	131008232	ENSG00000231721.8	gene|regulatory|repeat|transcript	191
chr7	48664535	48664726	ENSG00000228173.2	gene|regulatory|repeat|transcript	191
chr7	87344452	87344643	ENSG00000182165.20	gene|regulatory|repeat|transcript	191
chr7	130997343	130997534	ENSG00000231721.8	gene|regulatory|repeat|transcript	191
chr7	56439526	56439717	ENSG00000291184.1	gene|regulatory|repeat|transcript	191
chr7	89901	90091	ENSG00000232325.4	gene|regulatory|repeat|transcript	190
chr7	26638163	26638353	ENSG00000222004.7	gene|regulatory|repeat|transcript	190
chr7	13041885	13042075	ENSG00000229618.3	gene|regulatory|repeat|transcript	190
chr7	131056115	131056305	ENSG00000231721.8	gene|regulatory|repeat|transcript	190
chr7	39757606	39757796	ENSG00000188185.13	gene|regulatory|repeat|transcript	190
chr7	20095917	20096107	ENSG00000243004.7	gene|regulatory|repeat|transcript	190
chr7	99311153	99311343	ENSG00000284523.2	gene|regulatory|repeat|transcript	190
chr7	36053658	36053848	ENSG00000232930.2	gene|regulatory|repeat|transcript	190
chr7	48668396	48668586	ENSG00000228173.2	gene|regulatory|repeat|transcript	190
chr7	136395840	136396030	ENSG00000232053.7	gene|regulatory|repeat|transcript	190
chr7	122212887	122213077	ENSG00000234418.4	gene|regulatory|repeat|transcript	190
chr7	106717400	106717589	ENSG00000243797.6	gene|regulatory|repeat|transcript	189
chr7	15782844	15783033	ENSG00000286376.1	gene|regulatory|repeat|transcript	189
chr7	124038182	124038371	ENSG00000242593.8	gene|regulatory|repeat|transcript	189
chr7	41098399	41098588	ENSG00000224017.2	gene|regulatory|repeat|transcript	189
chr7	13359528	13359717	ENSG00000229618.3|ENSG00000237713.1	gene|regulatory|repeat|transcript	189
chr7	24321748	24321937	ENSG00000287523.1	gene|regulatory|repeat|transcript	189
chr7	128190284	128190473	ENSG00000292309.1	gene|regulatory|repeat|transcript	189
chr7	94377369	94377558	ENSG00000285090.1	gene|regulatory|repeat|transcript	189
chr7	156578676	156578864	ENSG00000182648.15	gene|regulatory|repeat|transcript	188
chr7	35354423	35354611	ENSG00000287651.1	gene|regulatory|repeat|transcript	188
chr7	42969423	42969611	ENSG00000232006.9	gene|regulatory|repeat|transcript	188
chr7	99302387	99302575	ENSG00000002079.15|ENSG00000284523.2|ENSG00000293560.1	gene|regulatory|repeat|transcript	188
chr7	121505180	121505368	ENSG00000289578.1	gene|regulatory|repeat|transcript	188
chr7	13376633	13376821	ENSG00000229618.3	gene|regulatory|repeat|transcript	188
chr7	25360598	25360786	ENSG00000260951.2	gene|regulatory|repeat|transcript	188
chr7	154928767	154928955	ENSG00000214106.9	gene|regulatory|repeat|transcript	188
chr7	150365762	150365949	ENSG00000240449.1	gene|regulatory|repeat|transcript	187
chr7	110531340	110531527	ENSG00000226965.2	gene|regulatory|repeat|transcript	187
chr7	17523839	17524026	ENSG00000236039.3	gene|regulatory|repeat|transcript	187
chr7	119733599	119733786	ENSG00000225546.6	gene|regulatory|repeat|transcript	187
chr7	102744467	102744654	ENSG00000286830.1	gene|regulatory|repeat|transcript	187
chr7	106744650	106744837	ENSG00000243797.6	gene|regulatory|repeat|transcript	187
chr7	95604760	95604947	ENSG00000231170.7	gene|regulatory|repeat|transcript	187
chr7	55702790	55702977	ENSG00000176826.16	gene|regulatory|repeat|transcript	187
chr7	130889618	130889805	ENSG00000231721.8|ENSG00000233559.2	gene|regulatory|repeat|transcript	187
chr7	45363815	45364002	ENSG00000286738.1	gene|regulatory|repeat|transcript	187
chr7	42973639	42973825	ENSG00000232006.9	gene|regulatory|repeat|transcript	186
chr7	119611477	119611663	ENSG00000225546.6	gene|regulatory|repeat|transcript	186
chr7	128541125	128541311	ENSG00000242588.7|ENSG00000280828.1	gene|regulatory|repeat|transcript	186
chr7	88603267	88603453	ENSG00000233420.2	gene|regulatory|repeat|transcript	186
chr7	123997287	123997473	ENSG00000241345.1	gene|regulatory|repeat|transcript	186
chr7	44849236	44849422	ENSG00000234183.1	gene|regulatory|repeat|transcript	186
chr7	80293957	80294143	ENSG00000234223.2	gene|regulatory|repeat|transcript	186
chr7	27375593	27375779	ENSG00000224322.2	gene|regulatory|repeat|transcript	186
chr7	118755	118940	ENSG00000287883.1	gene|regulatory|repeat|transcript	185
chr7	24401800	24401985	ENSG00000287523.1	gene|regulatory|repeat|transcript	185
chr7	32659956	32660141	ENSG00000229358.3	gene|regulatory|repeat|transcript	185
chr7	13457006	13457191	ENSG00000229618.3	gene|regulatory|repeat|transcript	185
chr7	43046192	43046377	ENSG00000232006.9	gene|regulatory|repeat|transcript	185
chr7	38370268	38370453	ENSG00000281103.4	gene|regulatory|repeat|transcript	185
chr7	152759267	152759452	ENSG00000289146.2	gene|regulatory|repeat|transcript	185
chr7	94052497	94052682	ENSG00000236453.5	gene|regulatory|repeat|transcript	185
chr7	13047144	13047329	ENSG00000229618.3	gene|regulatory|repeat|transcript	185
chr7	100346969	100347153	ENSG00000272752.6|ENSG00000290682.1	gene|regulatory|repeat|transcript	184
chr7	130852289	130852473	ENSG00000231721.8	gene|regulatory|repeat|transcript	184
chr7	3282498	3282682	ENSG00000236708.1	gene|regulatory|repeat|transcript	184
chr7	150434771	150434955	ENSG00000242258.2	gene|regulatory|repeat|transcript	184
chr7	131045766	131045950	ENSG00000231721.8	gene|regulatory|repeat|transcript	184
chr7	135925335	135925519	ENSG00000224746.2	gene|regulatory|repeat|transcript	184
chr7	112677934	112678118	ENSG00000223646.2	gene|regulatory|repeat|transcript	184
chr7	12801684	12801868	ENSG00000229618.3	gene|regulatory|repeat|transcript	184
chr7	106545456	106545640	ENSG00000243797.6	gene|regulatory|repeat|transcript	184
chr7	124319117	124319301	ENSG00000242593.8	gene|regulatory|repeat|transcript	184
chr7	131932427	131932611	ENSG00000224865.8	gene|regulatory|repeat|transcript	184
chr7	131910035	131910219	ENSG00000224865.8	gene|regulatory|repeat|transcript	184
chr7	142838687	142838871	ENSG00000289938.1	gene|regulatory|repeat|transcript	184
chr7	125061249	125061433	ENSG00000224897.9	gene|regulatory|repeat|transcript	184
chr7	20034065	20034249	ENSG00000243004.7	gene|regulatory|repeat|transcript	184
chr7	47045749	47045932	ENSG00000229192.6|ENSG00000232072.1	gene|regulatory|repeat|transcript	183
chr7	143418099	143418282	ENSG00000229153.7	gene|regulatory|repeat|transcript	183
chr7	13526596	13526779	ENSG00000229618.3	gene|regulatory|repeat|transcript	183
chr7	106668945	106669127	ENSG00000243797.6	gene|regulatory|repeat|transcript	182
chr7	136049170	136049352	ENSG00000230649.3	gene|regulatory|repeat|transcript	182
chr7	34260678	34260860	ENSG00000236212.2	gene|regulatory|repeat|transcript	182
chr7	76839536	76839718	ENSG00000285666.1	gene|regulatory|repeat|transcript	182
chr7	130874406	130874587	ENSG00000231721.8|ENSG00000233559.2	gene|regulatory|repeat|transcript	181
chr7	87336318	87336499	ENSG00000182165.20	gene|regulatory|repeat|transcript	181
chr7	106608986	106609167	ENSG00000243797.6	gene|regulatory|repeat|transcript	181
chr7	124943442	124943623	ENSG00000224897.9	gene|regulatory|repeat|transcript	181
chr7	125181642	125181823	ENSG00000224897.9	gene|regulatory|repeat|transcript	181
chr7	65751735	65751916	ENSG00000228409.9|ENSG00000290926.1|ENSG00000291124.1	gene|regulatory|repeat|transcript	181
chr7	29663032	29663213	ENSG00000227855.5|ENSG00000293330.1	gene|regulatory|repeat|transcript	181
chr7	156619638	156619819	ENSG00000182648.15	gene|regulatory|repeat|transcript	181
chr7	69204981	69205162	ENSG00000225718.2	gene|regulatory|repeat|transcript	181
chr7	44021383	44021564	ENSG00000285596.1	gene|regulatory|repeat|transcript	181
chr7	130902613	130902794	ENSG00000231721.8|ENSG00000233559.2	gene|regulatory|repeat|transcript	181
chr7	106447391	106447572	ENSG00000243797.6|ENSG00000286076.2	gene|regulatory|repeat|transcript	181
chr7	145645243	145645424	ENSG00000230746.4	gene|regulatory|repeat|transcript	181
chr7	51606841	51607021	ENSG00000285741.1	gene|regulatory|repeat|transcript	180
chr7	24343958	24344138	ENSG00000287523.1	gene|regulatory|repeat|transcript	180
chr7	119668911	119669091	ENSG00000225546.6	gene|regulatory|repeat|transcript	180
chr7	67301250	67301430	ENSG00000291154.1	gene|regulatory|repeat|transcript	180
chr7	100006212	100006392	ENSG00000286923.3	gene|regulatory|repeat|transcript	180
chr7	65796312	65796492	ENSG00000224316.1	gene|regulatory|repeat|transcript	180
chr7	28205265	28205445	ENSG00000234336.7	gene|regulatory|repeat|transcript	180
chr7	135906067	135906246	ENSG00000224746.2	gene|regulatory|repeat|transcript	179
chr7	136079686	136079865	ENSG00000230649.3	gene|regulatory|repeat|transcript	179
chr7	99324995	99325174	ENSG00000284523.2	gene|regulatory|repeat|transcript	179
chr7	119643758	119643937	ENSG00000225546.6	gene|regulatory|repeat|transcript	179
chr7	149905662	149905841	ENSG00000224016.2	gene|regulatory|repeat|transcript	179
chr7	106777102	106777281	ENSG00000228742.11	gene|regulatory|repeat|transcript	179
chr7	43037201	43037380	ENSG00000232006.9	gene|regulatory|repeat|transcript	179
chr7	9101352	9101531	ENSG00000278254.4	gene|regulatory|repeat|transcript	179
chr7	143413312	143413491	ENSG00000229153.7	gene|regulatory|repeat|transcript	179
chr7	64610532	64610711	ENSG00000286456.3	gene|regulatory|repeat|transcript	179
chr7	45495751	45495929	ENSG00000225537.1	gene|regulatory|repeat|transcript	178
chr7	7017965	7018143	ENSG00000287860.3	gene|regulatory|repeat|transcript	178
chr7	131939719	131939897	ENSG00000224865.8	gene|regulatory|repeat|transcript	178
chr7	76850301	76850479	ENSG00000285666.1	gene|regulatory|repeat|transcript	178
chr7	51342228	51342406	ENSG00000288798.2	gene|regulatory|repeat|transcript	178
chr7	13275021	13275199	ENSG00000229618.3	gene|regulatory|repeat|transcript	178
chr7	148480607	148480785	ENSG00000283504.1	gene|regulatory|repeat|transcript	178
chr7	47065524	47065702	ENSG00000229192.6	gene|regulatory|repeat|transcript	178
chr7	112407053	112407231	ENSG00000226851.1	gene|regulatory|repeat|transcript	178
chr7	126419206	126419384	ENSG00000241921.1	gene|regulatory|repeat|transcript	178
chr7	29998260	29998437	ENSG00000227014.6	gene|regulatory|repeat|transcript	177
chr7	10212742	10212919	ENSG00000286639.2	gene|regulatory|repeat|transcript	177
chr7	84536590	84536767	ENSG00000235139.2	gene|regulatory|repeat|transcript	177
chr7	90007327	90007504	ENSG00000227646.7	gene|regulatory|repeat|transcript	177
chr7	135857103	135857280	ENSG00000224746.2	gene|regulatory|repeat|transcript	177
chr7	35728792	35728969	ENSG00000227544.10	gene|regulatory|repeat|transcript	177
chr7	156626580	156626757	ENSG00000182648.15	gene|regulatory|repeat|transcript	177
chr7	129957858	129958035	ENSG00000244036.3	gene|regulatory|repeat|transcript	177
chr7	148487044	148487221	ENSG00000283504.1	gene|regulatory|repeat|transcript	177
chr7	124459717	124459894	ENSG00000242593.8	gene|regulatory|repeat|transcript	177
chr7	131021556	131021732	ENSG00000231721.8	gene|regulatory|repeat|transcript	176
chr7	134374456	134374632	ENSG00000273297.4	gene|regulatory|repeat|transcript	176
chr7	46325587	46325763	ENSG00000237760.1	gene|regulatory|repeat|transcript	176
chr7	32692563	32692739	ENSG00000229358.3	gene|regulatory|repeat|transcript	176
chr7	11299337	11299513	ENSG00000230333.6	gene|regulatory|repeat|transcript	176
chr7	28992872	28993048	ENSG00000272568.6	gene|regulatory|repeat|transcript	176
chr7	142828190	142828366	ENSG00000289938.1	gene|regulatory|repeat|transcript	176
chr7	129955658	129955834	ENSG00000244036.3	gene|regulatory|repeat|transcript	176
chr7	128217963	128218138	ENSG00000292309.1	gene|regulatory|repeat|transcript	175
chr7	55688328	55688503	ENSG00000176826.16|ENSG00000291029.1	gene|regulatory|repeat|transcript	175
chr7	66494753	66494928	ENSG00000237310.3	gene|regulatory|repeat|transcript	175
chr7	92880575	92880750	ENSG00000237819.7	gene|regulatory|repeat|transcript	175
chr7	66421605	66421780	ENSG00000179406.10	gene|regulatory|repeat|transcript	175
chr7	80288843	80289018	ENSG00000234223.2	gene|regulatory|repeat|transcript	175
chr7	80263868	80264043	ENSG00000234223.2	gene|regulatory|repeat|transcript	175
chr7	122146618	122146793	ENSG00000234418.4	gene|regulatory|repeat|transcript	175
chr7	51593318	51593493	ENSG00000285741.1	gene|regulatory|repeat|transcript	175
chr7	129957377	129957552	ENSG00000244036.3	gene|regulatory|repeat|transcript	175
chr7	120226256	120226431	ENSG00000233417.2	gene|regulatory|repeat|transcript	175
chr7	13628924	13629098	ENSG00000229618.3	gene|regulatory|repeat|transcript	174
chr7	53690450	53690624	ENSG00000205628.5	gene|regulatory|repeat|transcript	174
chr7	38368708	38368882	ENSG00000281103.4	gene|regulatory|repeat|transcript	174
chr7	106418282	106418456	ENSG00000243797.6	gene|regulatory|repeat|transcript	174
chr7	130932853	130933027	ENSG00000231721.8	gene|regulatory|repeat|transcript	174
chr7	109583795	109583969	ENSG00000234273.1	gene|regulatory|repeat|transcript	174
chr7	106459502	106459676	ENSG00000243797.6|ENSG00000286076.2	gene|regulatory|repeat|transcript	174
chr7	11193520	11193694	ENSG00000230333.6	gene|regulatory|repeat|transcript	174
chr7	68247743	68247917	ENSG00000226829.2	gene|regulatory|repeat|transcript	174
chr7	143507268	143507442	ENSG00000229153.7	gene|regulatory|repeat|transcript	174
chr7	131055652	131055825	ENSG00000231721.8	gene|regulatory|repeat|transcript	173
chr7	49239791	49239964	ENSG00000234686.1	gene|regulatory|repeat|transcript	173
chr7	19970512	19970685	ENSG00000243004.7	gene|regulatory|repeat|transcript	173
chr7	20064295	20064468	ENSG00000243004.7	gene|regulatory|repeat|transcript	173
chr7	75527021	75527194	ENSG00000291092.1	gene|regulatory|repeat|transcript	173
chr7	142842817	142842990	ENSG00000289938.1	gene|regulatory|repeat|transcript	173
chr7	41758760	41758933	ENSG00000224116.7	gene|regulatory|repeat|transcript	173
chr7	137136072	137136245	ENSG00000234352.9	gene|regulatory|repeat|transcript	173
chr7	136275895	136276068	ENSG00000232053.7	gene|regulatory|repeat|transcript	173
chr7	184457	184630	ENSG00000240093.1	gene|regulatory|repeat|transcript	173
chr7	24390490	24390662	ENSG00000287523.1	gene|regulatory|repeat|transcript	172
chr7	128188957	128189129	ENSG00000292309.1	gene|regulatory|repeat|transcript	172
chr7	100222892	100223064	ENSG00000239521.12|ENSG00000291122.1	gene|regulatory|repeat|transcript	172
chr7	112752681	112752853	ENSG00000223646.2	gene|regulatory|repeat|transcript	172
chr7	103277084	103277256	ENSG00000170629.17|ENSG00000291139.1	gene|regulatory|repeat|transcript	172
chr7	34237415	34237587	ENSG00000236212.2	gene|regulatory|repeat|transcript	172
chr7	106784853	106785025	ENSG00000228742.11	gene|regulatory|repeat|transcript	172
chr7	124460151	124460323	ENSG00000242593.8	gene|regulatory|repeat|transcript	172
chr7	17532057	17532229	ENSG00000236039.3	gene|regulatory|repeat|transcript	172
chr7	24337309	24337481	ENSG00000287523.1	gene|regulatory|repeat|transcript	172
chr7	135291853	135292025	ENSG00000276067.3|ENSG00000290805.1	gene|regulatory|repeat|transcript	172
chr7	27735192	27735364	ENSG00000229893.2	gene|regulatory|repeat|transcript	172
chr7	123818269	123818441	ENSG00000228211.2	gene|regulatory|repeat|transcript	172
chr7	41103609	41103781	ENSG00000224017.2	gene|regulatory|repeat|transcript	172
chr7	119709463	119709634	ENSG00000225546.6	gene|regulatory|repeat|transcript	171
chr7	66458531	66458702	ENSG00000179406.10	gene|regulatory|repeat|transcript	171
chr7	123999149	123999320	ENSG00000241345.1	gene|regulatory|repeat|transcript	171
chr7	68187752	68187923	ENSG00000226829.2	gene|regulatory|repeat|transcript	171
chr7	27737786	27737957	ENSG00000229893.2	gene|regulatory|repeat|transcript	171
chr7	9130170	9130340	ENSG00000278254.4	gene|regulatory|repeat|transcript	170
chr7	40978035	40978205	ENSG00000232458.1	gene|regulatory|repeat|transcript	170
chr7	130950550	130950720	ENSG00000231721.8	gene|regulatory|repeat|transcript	170
chr7	131100426	131100596	ENSG00000231721.8	gene|regulatory|repeat|transcript	170
chr7	156493939	156494109	ENSG00000182648.15	gene|regulatory|repeat|transcript	170
chr7	12738710	12738880	ENSG00000229618.3	gene|regulatory|repeat|transcript	170
chr7	50957464	50957634	ENSG00000228204.2	gene|regulatory|repeat|transcript	170
chr7	128861359	128861529	ENSG00000242902.1	gene|regulatory|repeat|transcript	170
chr7	24367730	24367900	ENSG00000287523.1	gene|regulatory|repeat|transcript	170
chr7	128596877	128597047	ENSG00000242588.7|ENSG00000280828.1	gene|regulatory|repeat|transcript	170
chr7	69191637	69191807	ENSG00000225718.2	gene|regulatory|repeat|transcript	170
chr7	42964933	42965103	ENSG00000232006.9	gene|regulatory|repeat|transcript	170
chr7	92478023	92478192	ENSG00000244055.2	gene|regulatory|repeat|transcript	169
chr7	94064965	94065134	ENSG00000236453.5	gene|regulatory|repeat|transcript	169
chr7	106473032	106473201	ENSG00000243797.6|ENSG00000286076.2	gene|regulatory|repeat|transcript	169
chr7	137080972	137081141	ENSG00000234352.9	gene|regulatory|repeat|transcript	169
chr7	100243592	100243761	ENSG00000239521.12|ENSG00000291122.1	gene|regulatory|repeat|transcript	169
chr7	35503410	35503579	ENSG00000235464.1	gene|regulatory|repeat|transcript	169
chr7	104922535	104922704	ENSG00000225329.3	gene|regulatory|repeat|transcript	169
chr7	135981257	135981426	ENSG00000289600.1	gene|regulatory|repeat|transcript	169
chr7	130835099	130835268	ENSG00000231721.8	gene|regulatory|repeat|transcript	169
chr7	69248498	69248667	ENSG00000225718.2	gene|regulatory|repeat|transcript	169
chr7	130989754	130989923	ENSG00000231721.8	gene|regulatory|repeat|transcript	169
chr7	77689313	77689482	ENSG00000214293.11	gene|regulatory|repeat|transcript	169
chr7	110507829	110507998	ENSG00000226965.2	gene|regulatory|repeat|transcript	169
chr7	77498713	77498881	ENSG00000287519.1	gene|regulatory|repeat|transcript	168
chr7	136292524	136292692	ENSG00000232053.7	gene|regulatory|repeat|transcript	168
chr7	119643590	119643758	ENSG00000225546.6	gene|regulatory|repeat|transcript	168
chr7	3091645	3091813	ENSG00000228334.3	gene|regulatory|repeat|transcript	168
chr7	8319642	8319810	ENSG00000229970.3|ENSG00000272328.1	gene|regulatory|repeat|transcript	168
chr7	94306321	94306489	ENSG00000285090.1	gene|regulatory|repeat|transcript	168
chr7	20075554	20075722	ENSG00000243004.7	gene|regulatory|repeat|transcript	168
chr7	125032223	125032391	ENSG00000224897.9	gene|regulatory|repeat|transcript	168
chr7	67304857	67305025	ENSG00000291153.1	gene|regulatory|repeat|transcript	168
chr7	130841591	130841759	ENSG00000231721.8|ENSG00000232716.2	gene|regulatory|repeat|transcript	168
chr7	191299	191467	ENSG00000240093.1	gene|regulatory|repeat|transcript	168
chr7	21014318	21014486	ENSG00000232790.3|ENSG00000285592.1	gene|regulatory|repeat|transcript	168
chr7	112630071	112630239	ENSG00000223646.2	gene|regulatory|repeat|transcript	168
chr7	49251276	49251444	ENSG00000234686.1	gene|regulatory|repeat|transcript	168
chr7	130873004	130873171	ENSG00000231721.8|ENSG00000233559.2	gene|regulatory|repeat|transcript	167
chr7	13077503	13077670	ENSG00000229618.3	gene|regulatory|repeat|transcript	167
chr7	136245374	136245541	ENSG00000232053.7	gene|regulatory|repeat|transcript	167
chr7	3157548	3157715	ENSG00000217455.8	gene|regulatory|repeat|transcript	167
chr7	13477171	13477338	ENSG00000229618.3	gene|regulatory|repeat|transcript	167
chr7	90154039	90154206	ENSG00000227646.7	gene|regulatory|repeat|transcript	167
chr7	136188445	136188612	ENSG00000232053.7	gene|regulatory|repeat|transcript	167
chr7	65270892	65271059	ENSG00000282381.2	gene|regulatory|repeat|transcript	167
chr7	35782311	35782477	ENSG00000228878.10	gene|regulatory|repeat|transcript	166
chr7	25611598	25611764	ENSG00000223561.8	gene|regulatory|repeat|transcript	166
chr7	128215104	128215270	ENSG00000292309.1	gene|regulatory|repeat|transcript	166
chr7	104914042	104914208	ENSG00000225329.3	gene|regulatory|repeat|transcript	166
chr7	128215318	128215484	ENSG00000292309.1	gene|regulatory|repeat|transcript	166
chr7	6991418	6991584	ENSG00000287860.3	gene|regulatory|repeat|transcript	166
chr7	119713415	119713581	ENSG00000225546.6	gene|regulatory|repeat|transcript	166
chr7	149799529	149799695	ENSG00000197558.14	gene|regulatory|repeat|transcript	166
chr7	39758662	39758828	ENSG00000188185.13	gene|regulatory|repeat|transcript	166
chr7	8306743	8306909	ENSG00000229970.3|ENSG00000272328.1	gene|regulatory|repeat|transcript	166
chr7	106623163	106623329	ENSG00000243797.6	gene|regulatory|repeat|transcript	166
chr7	156470806	156470972	ENSG00000182648.15	gene|regulatory|repeat|transcript	166
chr7	128581214	128581379	ENSG00000242588.7|ENSG00000280828.1	gene|regulatory|repeat|transcript	165
chr7	35986730	35986895	ENSG00000287893.1	gene|regulatory|repeat|transcript	165
chr7	16713047	16713212	ENSG00000235837.1	gene|regulatory|repeat|transcript	165
chr7	130906668	130906833	ENSG00000231721.8|ENSG00000233559.2	gene|regulatory|repeat|transcript	165
chr7	153410223	153410388	ENSG00000234722.5	gene|regulatory|repeat|transcript	165
chr7	27372343	27372508	ENSG00000224322.2	gene|regulatory|repeat|transcript	165
chr7	125257731	125257896	ENSG00000219445.2|ENSG00000224897.9	gene|regulatory|repeat|transcript	165
chr7	19939953	19940118	ENSG00000243004.7	gene|regulatory|repeat|transcript	165
chr7	65236063	65236228	ENSG00000237026.1|ENSG00000289108.1	gene|regulatory|repeat|transcript	165
chr7	130958294	130958459	ENSG00000231721.8	gene|regulatory|repeat|transcript	165
chr7	134393152	134393316	ENSG00000273297.4	gene|regulatory|repeat|transcript	164
chr7	143485538	143485702	ENSG00000229153.7	gene|regulatory|repeat|transcript	164
chr7	88682812	88682976	ENSG00000233420.2	gene|regulatory|repeat|transcript	164
chr7	106502340	106502504	ENSG00000243797.6|ENSG00000286076.2	gene|regulatory|repeat|transcript	164
chr7	92424735	92424899	ENSG00000230927.4|ENSG00000293397.1	gene|regulatory|repeat|transcript	164
chr7	150365304	150365468	ENSG00000240449.1	gene|regulatory|repeat|transcript	164
chr7	143463349	143463513	ENSG00000229153.7	gene|regulatory|repeat|transcript	164
chr7	88460758	88460922	ENSG00000233420.2	gene|regulatory|repeat|transcript	164
chr7	81639727	81639891	ENSG00000293394.1	gene|regulatory|repeat|transcript	164
chr7	26233872	26234035	ENSG00000285860.1	gene|regulatory|repeat|transcript	163
chr7	34653837	34654000	ENSG00000197085.11	gene|regulatory|repeat|transcript	163
chr7	150875918	150876081	ENSG00000289052.1	gene|regulatory|repeat|transcript	163
chr7	16714903	16715066	ENSG00000235837.1	gene|regulatory|repeat|transcript	163
chr7	115179340	115179503	ENSG00000233607.1	gene|regulatory|repeat|transcript	163
chr7	94053293	94053456	ENSG00000236453.5	gene|regulatory|repeat|transcript	163
chr7	106567352	106567515	ENSG00000243797.6	gene|regulatory|repeat|transcript	163
chr7	3090704	3090867	ENSG00000228334.3	gene|regulatory|repeat|transcript	163
chr7	41093156	41093318	ENSG00000224017.2	gene|regulatory|repeat|transcript	162
chr7	46288960	46289122	ENSG00000229459.1	gene|regulatory|repeat|transcript	162
chr7	130957299	130957461	ENSG00000231721.8	gene|regulatory|repeat|transcript	162
chr7	23204724	23204886	ENSG00000285926.1	gene|regulatory|repeat|transcript	162
chr7	149559740	149559902	ENSG00000291118.1	gene|regulatory|repeat|transcript	162
chr7	113121511	113121673	ENSG00000225457.1	gene|regulatory|repeat|transcript	162
chr7	124943623	124943785	ENSG00000224897.9	gene|regulatory|repeat|transcript	162
chr7	32602592	32602754	ENSG00000229358.3	gene|regulatory|repeat|transcript	162
chr7	69420038	69420200	ENSG00000225718.2	gene|regulatory|repeat|transcript	162
chr7	10589053	10589215	ENSG00000283117.1	gene|regulatory|repeat|transcript	162
chr7	88229244	88229406	ENSG00000228113.7	gene|regulatory|repeat|transcript	162
chr7	130794696	130794857	ENSG00000231721.8	gene|regulatory|repeat|transcript	161
chr7	26403756	26403917	ENSG00000214870.11	gene|regulatory|repeat|transcript	161
chr7	88259014	88259175	ENSG00000228113.7	gene|regulatory|repeat|transcript	161
chr7	77694627	77694788	ENSG00000214293.11	gene|regulatory|repeat|transcript	161
chr7	122148257	122148418	ENSG00000234418.4	gene|regulatory|repeat|transcript	161
chr7	106545295	106545456	ENSG00000243797.6	gene|regulatory|repeat|transcript	161
chr7	88528010	88528171	ENSG00000233420.2	gene|regulatory|repeat|transcript	161
chr7	122146070	122146231	ENSG00000234418.4	gene|regulatory|repeat|transcript	161
chr7	42698619	42698780	ENSG00000238284.2	gene|regulatory|repeat|transcript	161
chr7	29640028	29640189	ENSG00000293330.1	gene|regulatory|repeat|transcript	161
chr7	80287880	80288041	ENSG00000234223.2	gene|regulatory|repeat|transcript	161
chr7	527827	527988	ENSG00000223855.4	gene|regulatory|repeat|transcript	161
chr7	116577382	116577542	ENSG00000231210.3	gene|regulatory|repeat|transcript	160
chr7	20089206	20089366	ENSG00000243004.7	gene|regulatory|repeat|transcript	160
chr7	102742013	102742173	ENSG00000286830.1	gene|regulatory|repeat|transcript	160
chr7	125923950	125924110	ENSG00000197462.3	gene|regulatory|repeat|transcript	160
chr7	45956279	45956439	ENSG00000237471.2	gene|regulatory|repeat|transcript	160
chr7	19551762	19551922	ENSG00000223838.2	gene|regulatory|repeat|transcript	160
chr7	123995641	123995801	ENSG00000241345.1	gene|regulatory|repeat|transcript	160
chr7	130794500	130794660	ENSG00000231721.8	gene|regulatory|repeat|transcript	160
chr7	73004663	73004823	ENSG00000290832.1	gene|regulatory|repeat|transcript	160
chr7	34365206	34365366	ENSG00000197085.11	gene|regulatory|repeat|transcript	160
chr7	128860945	128861105	ENSG00000242902.1	gene|regulatory|repeat|transcript	160
chr7	136078823	136078982	ENSG00000230649.3	gene|regulatory|repeat|transcript	159
chr7	25389870	25390029	ENSG00000260951.2	gene|regulatory|repeat|transcript	159
chr7	17548407	17548566	ENSG00000236039.3	gene|regulatory|repeat|transcript	159
chr7	128459495	128459654	ENSG00000240758.2|ENSG00000273184.1	gene|regulatory|repeat|transcript	159
chr7	13628590	13628749	ENSG00000229618.3	gene|regulatory|repeat|transcript	159
chr7	64604235	64604394	ENSG00000286456.3	gene|regulatory|repeat|transcript	159
chr7	46703866	46704025	ENSG00000233539.5	gene|regulatory|repeat|transcript	159
chr7	130990241	130990400	ENSG00000231721.8	gene|regulatory|repeat|transcript	159
chr7	7075662	7075821	ENSG00000287860.3	gene|regulatory|repeat|transcript	159
chr7	4974902	4975061	ENSG00000196204.12	gene|regulatory|repeat|transcript	159
chr7	39558452	39558611	ENSG00000227172.2	gene|regulatory|repeat|transcript	159
chr7	50869208	50869367	ENSG00000228204.2	gene|regulatory|repeat|transcript	159
chr7	100252516	100252675	ENSG00000239521.12|ENSG00000291122.1	gene|regulatory|repeat|transcript	159
chr7	128861665	128861823	ENSG00000242902.1	gene|regulatory|repeat|transcript	158
chr7	124462276	124462434	ENSG00000242593.8	gene|regulatory|repeat|transcript	158
chr7	135298625	135298783	ENSG00000276067.3|ENSG00000290805.1	gene|regulatory|repeat|transcript	158
chr7	7002760	7002918	ENSG00000287860.3	gene|regulatory|repeat|transcript	158
chr7	88269721	88269879	ENSG00000228113.7	gene|regulatory|repeat|transcript	158
chr7	136252533	136252691	ENSG00000232053.7	gene|regulatory|repeat|transcript	158
chr7	32939212	32939370	ENSG00000205763.16|ENSG00000291146.1	gene|regulatory|repeat|transcript	158
chr7	50978780	50978937	ENSG00000228204.2	gene|regulatory|repeat|transcript	157
chr7	97916248	97916405	ENSG00000284707.2	gene|regulatory|repeat|transcript	157
chr7	89918142	89918299	ENSG00000227646.7	gene|regulatory|repeat|transcript	157
chr7	76117526	76117683	ENSG00000224273.2	gene|regulatory|repeat|transcript	157
chr7	76828925	76829082	ENSG00000285666.1	gene|regulatory|repeat|transcript	157
chr7	68030664	68030821	ENSG00000225209.2	gene|regulatory|repeat|transcript	157
chr7	103155447	103155604	ENSG00000289956.1	gene|regulatory|repeat|transcript	157
chr7	32941290	32941447	ENSG00000205763.16|ENSG00000291146.1	gene|regulatory|repeat|transcript	157
chr7	13376237	13376394	ENSG00000229618.3	gene|regulatory|repeat|transcript	157
chr7	50226864	50227021	ENSG00000231681.2	gene|regulatory|repeat|transcript	157
chr7	124285056	124285213	ENSG00000242593.8|ENSG00000243574.2	gene|regulatory|repeat|transcript	157
chr7	132666444	132666601	ENSG00000183470.9	gene|regulatory|repeat|transcript	157
chr7	65749819	65749976	ENSG00000290926.1	gene|regulatory|repeat|transcript	157
chr7	106614930	106615087	ENSG00000243797.6	gene|regulatory|repeat|transcript	157
chr7	155962475	155962631	ENSG00000204876.5	gene|regulatory|repeat|transcript	156
chr7	137253	137409	ENSG00000242474.3	gene|regulatory|repeat|transcript	156
chr7	66440190	66440346	ENSG00000179406.10|ENSG00000230189.7	gene|regulatory|repeat|transcript	156
chr7	15750905	15751061	ENSG00000286376.1	gene|regulatory|repeat|transcript	156
chr7	108637061	108637217	ENSG00000225647.2	gene|regulatory|repeat|transcript	156
chr7	99268253	99268409	ENSG00000002079.15|ENSG00000284523.2|ENSG00000293408.1	gene|regulatory|repeat|transcript	156
chr7	46933190	46933346	ENSG00000232072.1	gene|regulatory|repeat|transcript	156
chr7	100516173	100516329	ENSG00000225807.2	gene|regulatory|repeat|transcript	156
chr7	42961660	42961816	ENSG00000232006.9	gene|regulatory|repeat|transcript	156
chr7	91424447	91424603	ENSG00000235450.1|ENSG00000243144.7	gene|regulatory|repeat|transcript	156
chr7	32618660	32618816	ENSG00000229358.3	gene|regulatory|repeat|transcript	156
chr7	134432021	134432177	ENSG00000273297.4	gene|regulatory|repeat|transcript	156
chr7	43993074	43993230	ENSG00000214783.9|ENSG00000273432.1	gene|regulatory|repeat|transcript	156
chr7	145644792	145644948	ENSG00000230746.4	gene|regulatory|repeat|transcript	156
chr7	136361449	136361605	ENSG00000232053.7	gene|regulatory|repeat|transcript	156
chr7	95553977	95554133	ENSG00000231170.7	gene|regulatory|repeat|transcript	156
chr7	41744258	41744414	ENSG00000224116.7	gene|regulatory|repeat|transcript	156
chr7	47609851	47610007	ENSG00000236078.2	gene|regulatory|repeat|transcript	156
chr7	2618063	2618218	ENSG00000289352.2	gene|regulatory|repeat|transcript	155
chr7	106730118	106730273	ENSG00000243797.6	gene|regulatory|repeat|transcript	155
chr7	155206350	155206505	ENSG00000287865.2	gene|regulatory|repeat|transcript	155
chr7	12796816	12796971	ENSG00000229618.3	gene|regulatory|repeat|transcript	155
chr7	151428071	151428226	ENSG00000241456.1	gene|regulatory|repeat|transcript	155
chr7	12738880	12739035	ENSG00000229618.3	gene|regulatory|repeat|transcript	155
chr7	69365918	69366073	ENSG00000225718.2	gene|regulatory|repeat|transcript	155
chr7	54788679	54788834	ENSG00000234707.5	gene|regulatory|repeat|transcript	155
chr7	35161320	35161475	ENSG00000189212.15|ENSG00000291133.1	gene|regulatory|repeat|transcript	155
chr7	25669461	25669616	ENSG00000223561.8	gene|regulatory|repeat|transcript	155
chr7	106626777	106626932	ENSG00000243797.6|ENSG00000286013.1	gene|regulatory|repeat|transcript	155
chr7	66559088	66559243	ENSG00000229180.10|ENSG00000291136.1	gene|regulatory|repeat|transcript	155
chr7	13628751	13628906	ENSG00000229618.3	gene|regulatory|repeat|transcript	155
chr7	45348304	45348459	ENSG00000286738.1	gene|regulatory|repeat|transcript	155
chr7	80288297	80288452	ENSG00000234223.2	gene|regulatory|repeat|transcript	155
chr7	54775348	54775502	ENSG00000234707.5	gene|regulatory|repeat|transcript	154
chr7	77082367	77082521	ENSG00000259628.1	gene|regulatory|repeat|transcript	154
chr7	6953598	6953752	ENSG00000287860.3	gene|regulatory|repeat|transcript	154
chr7	131012563	131012717	ENSG00000231721.8	gene|regulatory|repeat|transcript	154
chr7	100264828	100264982	ENSG00000239521.12|ENSG00000291122.1	gene|regulatory|repeat|transcript	154
chr7	25666416	25666570	ENSG00000223561.8	gene|regulatory|repeat|transcript	154
chr7	91366270	91366424	ENSG00000243144.7	gene|regulatory|repeat|transcript	154
chr7	6992302	6992456	ENSG00000287860.3	gene|regulatory|repeat|transcript	154
chr7	81665754	81665908	ENSG00000293394.1	gene|regulatory|repeat|transcript	154
chr7	13016473	13016627	ENSG00000229618.3	gene|regulatory|repeat|transcript	154
chr7	27364127	27364281	ENSG00000224322.2	gene|regulatory|repeat|transcript	154
chr7	25709212	25709366	ENSG00000223561.8	gene|regulatory|repeat|transcript	154
chr7	80334269	80334423	ENSG00000232667.12	gene|regulatory|repeat|transcript	154
chr7	91553891	91554045	ENSG00000235450.1	gene|regulatory|repeat|transcript	154
chr7	136824338	136824492	ENSG00000234352.9	gene|regulatory|repeat|transcript	154
chr7	46969489	46969643	ENSG00000232072.1	gene|regulatory|repeat|transcript	154
chr7	35972044	35972197	ENSG00000226102.3	gene|regulatory|repeat|transcript	153
chr7	73249034	73249187	ENSG00000214544.8|ENSG00000290839.1	gene|regulatory|repeat|transcript	153
chr7	125124905	125125058	ENSG00000224897.9	gene|regulatory|repeat|transcript	153
chr7	131069820	131069973	ENSG00000231721.8	gene|regulatory|repeat|transcript	153
chr7	129993454	129993607	ENSG00000244036.3	gene|regulatory|repeat|transcript	153
chr7	131023164	131023317	ENSG00000231721.8	gene|regulatory|repeat|transcript	153
chr7	331772	331925	ENSG00000287342.1	gene|regulatory|repeat|transcript	153
chr7	55694165	55694318	ENSG00000176826.16	gene|regulatory|repeat|transcript	153
chr7	88756179	88756332	ENSG00000233420.2	gene|regulatory|repeat|transcript	153
chr7	124782139	124782292	ENSG00000275356.5	gene|regulatory|repeat|transcript	153
chr7	54188411	54188564	ENSG00000287953.1	gene|regulatory|repeat|transcript	153
chr7	125126435	125126588	ENSG00000224897.9	gene|regulatory|repeat|transcript	153
chr7	26449280	26449433	ENSG00000214870.11	gene|regulatory|repeat|transcript	153
chr7	47627802	47627955	ENSG00000236078.2	gene|regulatory|repeat|transcript	153
chr7	20931265	20931418	ENSG00000232790.3	gene|regulatory|repeat|transcript	153
chr7	131012262	131012414	ENSG00000231721.8	gene|regulatory|repeat|transcript	152
chr7	20122755	20122907	ENSG00000243004.7|ENSG00000267055.1	gene|regulatory|repeat|transcript	152
chr7	17497687	17497839	ENSG00000236039.3	gene|regulatory|repeat|transcript	152
chr7	141550769	141550921	ENSG00000261570.2	gene|regulatory|repeat|transcript	152
chr7	35724531	35724683	ENSG00000227544.10	gene|regulatory|repeat|transcript	152
chr7	81685352	81685504	ENSG00000293394.1	gene|regulatory|repeat|transcript	152
chr7	88233981	88234133	ENSG00000228113.7	gene|regulatory|repeat|transcript	152
chr7	130898530	130898682	ENSG00000231721.8|ENSG00000233559.2	gene|regulatory|repeat|transcript	152
chr7	130958606	130958758	ENSG00000231721.8	gene|regulatory|repeat|transcript	152
chr7	19403859	19404011	ENSG00000223838.2	gene|regulatory|repeat|transcript	152
chr7	73247254	73247405	ENSG00000214544.8|ENSG00000290839.1	gene|regulatory|repeat|transcript	151
chr7	35354651	35354802	ENSG00000287651.1	gene|regulatory|repeat|transcript	151
chr7	69381498	69381649	ENSG00000225718.2	gene|regulatory|repeat|transcript	151
chr7	136294439	136294590	ENSG00000232053.7	gene|regulatory|repeat|transcript	151
chr7	24786529	24786680	ENSG00000287093.1	gene|regulatory|repeat|transcript	151
chr7	47627984	47628135	ENSG00000236078.2	gene|regulatory|repeat|transcript	151
chr7	104923249	104923400	ENSG00000225329.3	gene|regulatory|repeat|transcript	151
chr7	13312438	13312589	ENSG00000229618.3	gene|regulatory|repeat|transcript	151
chr7	68185676	68185827	ENSG00000226829.2	gene|regulatory|repeat|transcript	151
chr7	152755757	152755907	ENSG00000289146.2	gene|regulatory|repeat|transcript	150
chr7	25664008	25664158	ENSG00000223561.8	gene|regulatory|repeat|transcript	150
chr7	135923467	135923617	ENSG00000224746.2	gene|regulatory|repeat|transcript	150
chr7	10649298	10649448	ENSG00000283117.1	gene|regulatory|repeat|transcript	150
chr7	124318896	124319046	ENSG00000242593.8	gene|regulatory|repeat|transcript	150
chr7	24321594	24321744	ENSG00000287523.1	gene|regulatory|repeat|transcript	150
chr7	65750154	65750304	ENSG00000290926.1	gene|regulatory|repeat|transcript	150
chr7	45512210	45512360	ENSG00000225537.1	gene|regulatory|repeat|transcript	150
chr7	103155641	103155791	ENSG00000289956.1	gene|regulatory|repeat|transcript	150
chr7	41132635	41132785	ENSG00000224017.2	gene|regulatory|repeat|transcript	150
chr7	131007066	131007216	ENSG00000231721.8	gene|regulatory|repeat|transcript	150
chr7	11193215	11193365	ENSG00000230333.6	gene|regulatory|repeat|transcript	150
chr7	41730348	41730498	ENSG00000224116.7	gene|regulatory|repeat|transcript	150
chr7	91375566	91375716	ENSG00000243144.7	gene|regulatory|repeat|transcript	150
chr7	25841660	25841810	ENSG00000290025.1	gene|regulatory|repeat|transcript	150
chr7	11330363	11330513	ENSG00000230333.6	gene|regulatory|repeat|transcript	150
chr7	45767749	45767898	ENSG00000291207.1	gene|regulatory|repeat|transcript	149
chr7	99308582	99308731	ENSG00000284523.2|ENSG00000293560.1	gene|regulatory|repeat|transcript	149
chr7	29546494	29546643	ENSG00000223813.5	gene|regulatory|repeat|transcript	149
chr7	17490054	17490203	ENSG00000236039.3	gene|regulatory|repeat|transcript	149
chr7	69381347	69381496	ENSG00000225718.2	gene|regulatory|repeat|transcript	149
chr7	116630178	116630326	ENSG00000231210.3	gene|regulatory|repeat|transcript	148
chr7	150434323	150434471	ENSG00000242258.2	gene|regulatory|repeat|transcript	148
chr7	130900553	130900701	ENSG00000231721.8|ENSG00000233559.2	gene|regulatory|repeat|transcript	148
chr7	131040691	131040839	ENSG00000231721.8	gene|regulatory|repeat|transcript	148
chr7	19572082	19572230	ENSG00000223838.2	gene|regulatory|repeat|transcript	148
chr7	130010049	130010196	ENSG00000244036.3	gene|regulatory|repeat|transcript	147
chr7	103155830	103155977	ENSG00000289956.1	gene|regulatory|repeat|transcript	147
chr7	125125062	125125209	ENSG00000224897.9	gene|regulatory|repeat|transcript	147
chr7	66583574	66583721	ENSG00000291136.1	gene|regulatory|repeat|transcript	147
chr7	106776652	106776799	ENSG00000228742.11	gene|regulatory|repeat|transcript	147
chr7	150400528	150400675	ENSG00000284048.2	gene|regulatory|repeat|transcript	147
chr7	101303045	101303192	ENSG00000288749.2	gene|regulatory|repeat|transcript	147
chr7	65273048	65273195	ENSG00000282381.2	gene|regulatory|repeat|transcript	147
chr7	97888818	97888965	ENSG00000284707.2	gene|regulatory|repeat|transcript	147
chr7	100000339	100000486	ENSG00000286923.3	gene|regulatory|repeat|transcript	147
chr7	131041311	131041458	ENSG00000231721.8	gene|regulatory|repeat|transcript	147
chr7	119711545	119711692	ENSG00000225546.6	gene|regulatory|repeat|transcript	147
chr7	24379433	24379580	ENSG00000287523.1	gene|regulatory|repeat|transcript	147
chr7	119906797	119906943	ENSG00000225546.6	gene|regulatory|repeat|transcript	146
chr7	128537422	128537568	ENSG00000242588.7|ENSG00000280828.1	gene|regulatory|repeat|transcript	146
chr7	95547442	95547587	ENSG00000231170.7	gene|regulatory|repeat|transcript	145
chr7	20020127	20020272	ENSG00000243004.7	gene|regulatory|repeat|transcript	145
chr7	125406172	125406317	ENSG00000224897.9	gene|regulatory|repeat|transcript	145
chr7	74287295	74287440	ENSG00000287815.2	gene|regulatory|repeat|transcript	145
chr7	73245478	73245623	ENSG00000214544.8|ENSG00000290839.1	gene|regulatory|repeat|transcript	145
chr7	100509516	100509661	ENSG00000225807.2	gene|regulatory|repeat|transcript	145
chr7	1576573	1576718	ENSG00000230487.9	gene|regulatory|repeat|transcript	145
chr7	88738581	88738726	ENSG00000233420.2	gene|regulatory|repeat|transcript	145
chr7	122199200	122199345	ENSG00000234418.4	gene|regulatory|repeat|transcript	145
chr7	116633284	116633429	ENSG00000231210.3	gene|regulatory|repeat|transcript	145
chr7	112357297	112357442	ENSG00000226851.1	gene|regulatory|repeat|transcript	145
chr7	34385119	34385264	ENSG00000197085.11	gene|regulatory|repeat|transcript	145
chr7	119711861	119712006	ENSG00000225546.6	gene|regulatory|repeat|transcript	145
chr7	25725653	25725798	ENSG00000223561.8	gene|regulatory|repeat|transcript	145
chr7	134427987	134428131	ENSG00000273297.4	gene|regulatory|repeat|transcript	144
chr7	50961782	50961926	ENSG00000228204.2	gene|regulatory|repeat|transcript	144
chr7	116650545	116650689	ENSG00000231210.3	gene|regulatory|repeat|transcript	144
chr7	8263170	8263314	ENSG00000229970.3	gene|regulatory|repeat|transcript	144
chr7	41125556	41125700	ENSG00000224017.2	gene|regulatory|repeat|transcript	144
chr7	36029950	36030094	ENSG00000232930.2	gene|regulatory|repeat|transcript	144
chr7	100265886	100266030	ENSG00000239521.12|ENSG00000291122.1	gene|regulatory|repeat|transcript	144
chr7	94048001	94048145	ENSG00000236453.5	gene|regulatory|repeat|transcript	144
chr7	69255201	69255345	ENSG00000225718.2	gene|regulatory|repeat|transcript	144
chr7	32692111	32692255	ENSG00000229358.3	gene|regulatory|repeat|transcript	144
chr7	41109050	41109194	ENSG00000224017.2	gene|regulatory|repeat|transcript	144
chr7	156621814	156621957	ENSG00000182648.15	gene|regulatory|repeat|transcript	143
chr7	41107193	41107336	ENSG00000224017.2	gene|regulatory|repeat|transcript	143
chr7	43039425	43039568	ENSG00000232006.9	gene|regulatory|repeat|transcript	143
chr7	1462514	1462657	ENSG00000225981.3	gene|regulatory|repeat|transcript	143
chr7	135815803	135815946	ENSG00000224746.2	gene|regulatory|repeat|transcript	143
chr7	136245568	136245711	ENSG00000232053.7	gene|regulatory|repeat|transcript	143
chr7	47622676	47622819	ENSG00000236078.2	gene|regulatory|repeat|transcript	143
chr7	142816141	142816284	ENSG00000289938.1	gene|regulatory|repeat|transcript	143
chr7	35723041	35723184	ENSG00000227544.10	gene|regulatory|repeat|transcript	143
chr7	45984698	45984841	ENSG00000237471.2	gene|regulatory|repeat|transcript	143
chr7	39621948	39622091	ENSG00000287584.1	gene|regulatory|repeat|transcript	143
chr7	77992851	77992993	ENSG00000232756.1	gene|regulatory|repeat|transcript	142
chr7	66451885	66452027	ENSG00000179406.10|ENSG00000230189.7	gene|regulatory|repeat|transcript	142
chr7	77675075	77675217	ENSG00000214293.11	gene|regulatory|repeat|transcript	142
chr7	128597295	128597437	ENSG00000242588.7|ENSG00000280828.1	gene|regulatory|repeat|transcript	142
chr7	35073613	35073755	ENSG00000287249.1	gene|regulatory|repeat|transcript	142
chr7	13860264	13860406	ENSG00000224330.2	gene|regulatory|repeat|transcript	142
chr7	115096770	115096912	ENSG00000225535.7|ENSG00000233607.1	gene|regulatory|repeat|transcript	142
chr7	3165845	3165987	ENSG00000217455.8	gene|regulatory|repeat|transcript	142
chr7	77690213	77690354	ENSG00000214293.11	gene|regulatory|repeat|transcript	141
chr7	3156726	3156867	ENSG00000217455.8	gene|regulatory|repeat|transcript	141
chr7	102327703	102327844	ENSG00000170409.7	gene|regulatory|repeat|transcript	141
chr7	92485344	92485485	ENSG00000244055.2	gene|regulatory|repeat|transcript	141
chr7	119711717	119711858	ENSG00000225546.6	gene|regulatory|repeat|transcript	141
chr7	25603033	25603174	ENSG00000223561.8	gene|regulatory|repeat|transcript	141
chr7	115660236	115660377	ENSG00000242072.1	gene|regulatory|repeat|transcript	141
chr7	50216732	50216873	ENSG00000231681.2	gene|regulatory|repeat|transcript	141
chr7	128230584	128230725	ENSG00000289434.2	gene|regulatory|repeat|transcript	141
chr7	47039689	47039830	ENSG00000229192.6|ENSG00000232072.1	gene|regulatory|repeat|transcript	141
chr7	3298986	3299126	ENSG00000236708.1	gene|regulatory|repeat|transcript	140
chr7	19369874	19370014	ENSG00000223838.2	gene|regulatory|repeat|transcript	140
chr7	22861775	22861915	ENSG00000228649.11	gene|regulatory|repeat|transcript	140
chr7	34595126	34595266	ENSG00000197085.11	gene|regulatory|repeat|transcript	140
chr7	88523824	88523964	ENSG00000233420.2	gene|regulatory|repeat|transcript	140
chr7	66590458	66590598	ENSG00000291136.1	gene|regulatory|repeat|transcript	140
chr7	50898702	50898842	ENSG00000228204.2	gene|regulatory|repeat|transcript	140
chr7	29723749	29723889	ENSG00000227855.5|ENSG00000291213.1	gene|regulatory|repeat|transcript	140
chr7	25731068	25731208	ENSG00000223561.8	gene|regulatory|repeat|transcript	140
chr7	80335477	80335617	ENSG00000232667.12	gene|regulatory|repeat|transcript	140
chr7	43071645	43071785	ENSG00000232006.9	gene|regulatory|repeat|transcript	140
chr7	113142369	113142509	ENSG00000225457.1	gene|regulatory|repeat|transcript	140
chr7	130919416	130919556	ENSG00000231721.8|ENSG00000233559.2	gene|regulatory|repeat|transcript	140
chr7	129989687	129989826	ENSG00000244036.3	gene|regulatory|repeat|transcript	139
chr7	150869718	150869857	ENSG00000289052.1	gene|regulatory|repeat|transcript	139
chr7	36048990	36049129	ENSG00000232930.2	gene|regulatory|repeat|transcript	139
chr7	149580946	149581085	ENSG00000291118.1	gene|regulatory|repeat|transcript	139
chr7	13858047	13858186	ENSG00000224330.2	gene|regulatory|repeat|transcript	139
chr7	100241920	100242059	ENSG00000239521.12|ENSG00000291122.1	gene|regulatory|repeat|transcript	139
chr7	66583891	66584030	ENSG00000291136.1	gene|regulatory|repeat|transcript	139
chr7	34210370	34210509	ENSG00000236212.2	gene|regulatory|repeat|transcript	139
chr7	51569710	51569849	ENSG00000285741.1	gene|regulatory|repeat|transcript	139
chr7	116598414	116598553	ENSG00000231210.3	gene|regulatory|repeat|transcript	139
chr7	43028395	43028534	ENSG00000232006.9	gene|regulatory|repeat|transcript	139
chr7	132656870	132657009	ENSG00000183470.9	gene|regulatory|repeat|transcript	139
chr7	88258775	88258914	ENSG00000228113.7	gene|regulatory|repeat|transcript	139
chr7	12806133	12806271	ENSG00000229618.3	gene|regulatory|repeat|transcript	138
chr7	42973187	42973325	ENSG00000232006.9	gene|regulatory|repeat|transcript	138
chr7	92438270	92438408	ENSG00000293397.1	gene|regulatory|repeat|transcript	138
chr7	81600875	81601013	ENSG00000233491.9|ENSG00000293394.1	gene|regulatory|repeat|transcript	138
chr7	76129899	76130037	ENSG00000224273.2	gene|regulatory|repeat|transcript	138
chr7	128203369	128203507	ENSG00000292309.1	gene|regulatory|repeat|transcript	138
chr7	51606299	51606437	ENSG00000285741.1	gene|regulatory|repeat|transcript	138
chr7	32816932	32817070	ENSG00000231952.3	gene|regulatory|repeat|transcript	138
chr7	150367418	150367555	ENSG00000240449.1	gene|regulatory|repeat|transcript	137
chr7	69208487	69208624	ENSG00000225718.2	gene|regulatory|repeat|transcript	137
chr7	115159171	115159308	ENSG00000233607.1	gene|regulatory|repeat|transcript	137
chr7	69365616	69365753	ENSG00000225718.2	gene|regulatory|repeat|transcript	137
chr7	27375434	27375571	ENSG00000224322.2	gene|regulatory|repeat|transcript	137
chr7	135862632	135862769	ENSG00000224746.2	gene|regulatory|repeat|transcript	137
chr7	34236067	34236204	ENSG00000236212.2	gene|regulatory|repeat|transcript	137
chr7	128200979	128201116	ENSG00000292309.1	gene|regulatory|repeat|transcript	137
chr7	66588316	66588453	ENSG00000291136.1	gene|regulatory|repeat|transcript	137
chr7	122212729	122212866	ENSG00000234418.4	gene|regulatory|repeat|transcript	137
chr7	102748207	102748344	ENSG00000286830.1	gene|regulatory|repeat|transcript	137
chr7	141737901	141738038	ENSG00000228775.8	gene|regulatory|repeat|transcript	137
chr7	136293290	136293427	ENSG00000232053.7	gene|regulatory|repeat|transcript	137
chr7	51006902	51007039	ENSG00000228204.2	gene|regulatory|repeat|transcript	137
chr7	156609694	156609830	ENSG00000182648.15	gene|regulatory|repeat|transcript	136
chr7	103447581	103447717	ENSG00000234715.2	gene|regulatory|repeat|transcript	136
chr7	55254068	55254204	ENSG00000280890.1	gene|regulatory|repeat|transcript	136
chr7	125930972	125931108	ENSG00000197462.3	gene|regulatory|repeat|transcript	136
chr7	7265274	7265410	ENSG00000230825.3	gene|regulatory|repeat|transcript	136
chr7	88689977	88690113	ENSG00000233420.2	gene|regulatory|repeat|transcript	136
chr7	91351808	91351944	ENSG00000243144.7	gene|regulatory|repeat|transcript	136
chr7	41099079	41099215	ENSG00000224017.2	gene|regulatory|repeat|transcript	136
chr7	128583668	128583804	ENSG00000242588.7|ENSG00000280828.1	gene|regulatory|repeat|transcript	136
chr7	45984889	45985025	ENSG00000237471.2	gene|regulatory|repeat|transcript	136
chr7	28202293	28202429	ENSG00000234336.7	gene|regulatory|repeat|transcript	136
chr7	129958036	129958172	ENSG00000244036.3	gene|regulatory|repeat|transcript	136
chr7	13099416	13099552	ENSG00000229618.3	gene|regulatory|repeat|transcript	136
chr7	156610797	156610932	ENSG00000182648.15	gene|regulatory|repeat|transcript	135
chr7	130069	130204	ENSG00000287883.1	gene|regulatory|repeat|transcript	135
chr7	28192925	28193060	ENSG00000234336.7	gene|regulatory|repeat|transcript	135
chr7	27373974	27374109	ENSG00000224322.2	gene|regulatory|repeat|transcript	135
chr7	89926262	89926397	ENSG00000227646.7	gene|regulatory|repeat|transcript	135
chr7	34281411	34281546	ENSG00000236212.2	gene|regulatory|repeat|transcript	135
chr7	116631393	116631528	ENSG00000231210.3	gene|regulatory|repeat|transcript	135
chr7	12964906	12965041	ENSG00000229618.3	gene|regulatory|repeat|transcript	135
chr7	89883291	89883426	ENSG00000227646.7	gene|regulatory|repeat|transcript	135
chr7	6731469	6731604	ENSG00000290835.1	gene|regulatory|repeat|transcript	135
chr7	34597135	34597270	ENSG00000197085.11	gene|regulatory|repeat|transcript	135
chr7	84541882	84542016	ENSG00000235139.2	gene|regulatory|repeat|transcript	134
chr7	149600968	149601102	ENSG00000291118.1	gene|regulatory|repeat|transcript	134
chr7	148501310	148501444	ENSG00000283504.1	gene|regulatory|repeat|transcript	134
chr7	91330761	91330895	ENSG00000243144.7	gene|regulatory|repeat|transcript	134
chr7	69389014	69389148	ENSG00000225718.2	gene|regulatory|repeat|transcript	134
chr7	144197654	144197788	ENSG00000244198.7	gene|regulatory|repeat|transcript	134
chr7	131069686	131069820	ENSG00000231721.8	gene|regulatory|repeat|transcript	134
chr7	110264585	110264719	ENSG00000226965.2	gene|regulatory|repeat|transcript	134
chr7	12942635	12942769	ENSG00000229618.3	gene|regulatory|repeat|transcript	134
chr7	136295038	136295172	ENSG00000232053.7	gene|regulatory|repeat|transcript	134
chr7	135923712	135923846	ENSG00000224746.2	gene|regulatory|repeat|transcript	134
chr7	116569941	116570075	ENSG00000231210.3	gene|regulatory|repeat|transcript	134
chr7	36474318	36474452	ENSG00000237400.1	gene|regulatory|repeat|transcript	134
chr7	116574100	116574234	ENSG00000231210.3	gene|regulatory|repeat|transcript	134
chr7	20118458	20118592	ENSG00000243004.7|ENSG00000267055.1	gene|regulatory|repeat|transcript	134
chr7	38369679	38369813	ENSG00000281103.4	gene|regulatory|repeat|transcript	134
chr7	112630258	112630391	ENSG00000223646.2	gene|regulatory|repeat|transcript	133
chr7	74278	74411	ENSG00000232325.4	gene|regulatory|repeat|transcript	133
chr7	106680941	106681074	ENSG00000243797.6	gene|regulatory|repeat|transcript	133
chr7	81685027	81685160	ENSG00000293394.1	gene|regulatory|repeat|transcript	133
chr7	66163478	66163611	ENSG00000234185.2	gene|regulatory|repeat|transcript	133
chr7	134419128	134419261	ENSG00000273297.4	gene|regulatory|repeat|transcript	133
chr7	129963660	129963793	ENSG00000244036.3	gene|regulatory|repeat|transcript	133
chr7	49582091	49582224	ENSG00000286995.2	gene|regulatory|repeat|transcript	133
chr7	51639708	51639841	ENSG00000285741.1	gene|regulatory|repeat|transcript	133
chr7	55698763	55698896	ENSG00000176826.16	gene|regulatory|repeat|transcript	133
chr7	128645357	128645490	ENSG00000242588.7	gene|regulatory|repeat|transcript	133
chr7	131010234	131010367	ENSG00000231721.8	gene|regulatory|repeat|transcript	133
chr7	159012647	159012780	ENSG00000231419.6	gene|regulatory|repeat|transcript	133
chr7	51001070	51001202	ENSG00000228204.2	gene|regulatory|repeat|transcript	132
chr7	45294602	45294734	ENSG00000286738.1	gene|regulatory|repeat|transcript	132
chr7	94338788	94338920	ENSG00000285090.1|ENSG00000285964.1	gene|regulatory|repeat|transcript	132
chr7	46323191	46323323	ENSG00000237760.1	gene|regulatory|repeat|transcript	132
chr7	3108237	3108369	ENSG00000228334.3	gene|regulatory|repeat|transcript	132
chr7	106766210	106766342	ENSG00000243797.6	gene|regulatory|repeat|transcript	132
chr7	131020897	131021029	ENSG00000231721.8	gene|regulatory|repeat|transcript	132
chr7	77665789	77665921	ENSG00000214293.11	gene|regulatory|repeat|transcript	132
chr7	77674943	77675075	ENSG00000214293.11	gene|regulatory|repeat|transcript	132
chr7	100001434	100001565	ENSG00000286923.3	gene|regulatory|repeat|transcript	131
chr7	77665629	77665760	ENSG00000214293.11	gene|regulatory|repeat|transcript	131
chr7	13031670	13031801	ENSG00000229618.3	gene|regulatory|repeat|transcript	131
chr7	112995411	112995542	ENSG00000234520.8	gene|regulatory|repeat|transcript	131
chr7	29607361	29607492	ENSG00000293330.1	gene|regulatory|repeat|transcript	131
chr7	34277870	34278001	ENSG00000236212.2	gene|regulatory|repeat|transcript	131
chr7	142886645	142886776	ENSG00000224970.2	gene|regulatory|repeat|transcript	131
chr7	137025905	137026036	ENSG00000234352.9	gene|regulatory|repeat|transcript	131
chr7	9905678	9905809	ENSG00000235431.2	gene|regulatory|repeat|transcript	131
chr7	99314491	99314621	ENSG00000284523.2	gene|regulatory|repeat|transcript	130
chr7	13420794	13420924	ENSG00000229618.3	gene|regulatory|repeat|transcript	130
chr7	2621234	2621364	ENSG00000289352.2	gene|regulatory|repeat|transcript	130
chr7	131021140	131021270	ENSG00000231721.8	gene|regulatory|repeat|transcript	130
chr7	100244482	100244612	ENSG00000239521.12|ENSG00000291122.1	gene|regulatory|repeat|transcript	130
chr7	92422045	92422175	ENSG00000230927.4|ENSG00000293397.1	gene|regulatory|repeat|transcript	130
chr7	6726152	6726282	ENSG00000290835.1	gene|regulatory|repeat|transcript	130
chr7	110310019	110310149	ENSG00000226965.2	gene|regulatory|repeat|transcript	130
chr7	32662082	32662212	ENSG00000229358.3	gene|regulatory|repeat|transcript	130
chr7	155205534	155205664	ENSG00000287865.2	gene|regulatory|repeat|transcript	130
chr7	131103871	131104001	ENSG00000231721.8	gene|regulatory|repeat|transcript	130
chr7	76599783	76599913	ENSG00000290873.1	gene|regulatory|repeat|transcript	130
chr7	100325868	100325998	ENSG00000291178.1	gene|regulatory|repeat|transcript	130
chr7	10226377	10226506	ENSG00000286639.2	gene|regulatory|repeat|transcript	129
chr7	116653020	116653149	ENSG00000231210.3	gene|regulatory|repeat|transcript	129
chr7	68193011	68193140	ENSG00000226829.2	gene|regulatory|repeat|transcript	129
chr7	43038265	43038394	ENSG00000232006.9	gene|regulatory|repeat|transcript	129
chr7	51629226	51629355	ENSG00000229403.1|ENSG00000285741.1	gene|regulatory|repeat|transcript	129
chr7	69374085	69374214	ENSG00000225718.2	gene|regulatory|repeat|transcript	129
chr7	122211070	122211199	ENSG00000234418.4	gene|regulatory|repeat|transcript	129
chr7	41766598	41766727	ENSG00000224116.7	gene|regulatory|repeat|transcript	129
chr7	100126512	100126640	ENSG00000242798.1	gene|regulatory|repeat|transcript	128
chr7	130999645	130999773	ENSG00000231721.8	gene|regulatory|repeat|transcript	128
chr7	156402313	156402441	ENSG00000182648.15	gene|regulatory|repeat|transcript	128
chr7	112752853	112752981	ENSG00000223646.2	gene|regulatory|repeat|transcript	128
chr7	131098793	131098921	ENSG00000231721.8	gene|regulatory|repeat|transcript	128
chr7	99984695	99984823	ENSG00000214313.11|ENSG00000291148.1	gene|regulatory|repeat|transcript	128
chr7	94301699	94301827	ENSG00000285090.1	gene|regulatory|repeat|transcript	128
chr7	130872822	130872950	ENSG00000231721.8|ENSG00000233559.2	gene|regulatory|repeat|transcript	128
chr7	124993385	124993513	ENSG00000224897.9	gene|regulatory|repeat|transcript	128
chr7	112752366	112752494	ENSG00000223646.2	gene|regulatory|repeat|transcript	128
chr7	7565785	7565913	ENSG00000272894.5	gene|regulatory|repeat|transcript	128
chr7	112701044	112701172	ENSG00000223646.2	gene|regulatory|repeat|transcript	128
chr7	129974345	129974472	ENSG00000244036.3	gene|regulatory|repeat|transcript	127
chr7	90312907	90313034	ENSG00000225498.1	gene|regulatory|repeat|transcript	127
chr7	156401498	156401625	ENSG00000182648.15	gene|regulatory|repeat|transcript	127
chr7	76130110	76130237	ENSG00000224273.2	gene|regulatory|repeat|transcript	127
chr7	32727601	32727728	ENSG00000229358.3	gene|regulatory|repeat|transcript	127
chr7	55573736	55573863	ENSG00000223475.1	gene|regulatory|repeat|transcript	127
chr7	9181573	9181700	ENSG00000278254.4	gene|regulatory|repeat|transcript	127
chr7	10463470	10463597	ENSG00000283117.1	gene|regulatory|repeat|transcript	127
chr7	106737315	106737442	ENSG00000243797.6	gene|regulatory|repeat|transcript	127
chr7	17552780	17552907	ENSG00000236039.3	gene|regulatory|repeat|transcript	127
chr7	100138556	100138683	ENSG00000235077.1	gene|regulatory|repeat|transcript	127
chr7	19473987	19474114	ENSG00000223838.2	gene|regulatory|repeat|transcript	127
chr7	89925374	89925501	ENSG00000227646.7	gene|regulatory|repeat|transcript	127
chr7	3151802	3151929	ENSG00000217455.8	gene|regulatory|repeat|transcript	127
chr7	112390959	112391086	ENSG00000226851.1	gene|regulatory|repeat|transcript	127
chr7	131013482	131013609	ENSG00000231721.8	gene|regulatory|repeat|transcript	127
chr7	51620049	51620176	ENSG00000229403.1|ENSG00000285741.1	gene|regulatory|repeat|transcript	127
chr7	92423822	92423948	ENSG00000230927.4|ENSG00000293397.1	gene|regulatory|repeat|transcript	126
chr7	136293511	136293637	ENSG00000232053.7	gene|regulatory|repeat|transcript	126
chr7	128190111	128190237	ENSG00000292309.1	gene|regulatory|repeat|transcript	126
chr7	50957634	50957760	ENSG00000228204.2	gene|regulatory|repeat|transcript	126
chr7	32670174	32670300	ENSG00000229358.3	gene|regulatory|repeat|transcript	126
chr7	110372948	110373074	ENSG00000226965.2	gene|regulatory|repeat|transcript	126
chr7	41108871	41108997	ENSG00000224017.2	gene|regulatory|repeat|transcript	126
chr7	19515768	19515894	ENSG00000223838.2	gene|regulatory|repeat|transcript	126
chr7	131048815	131048941	ENSG00000231721.8	gene|regulatory|repeat|transcript	126
chr7	92904958	92905084	ENSG00000237819.7	gene|regulatory|repeat|transcript	126
chr7	13352824	13352949	ENSG00000229618.3|ENSG00000237713.1	gene|regulatory|repeat|transcript	125
chr7	106694058	106694183	ENSG00000243797.6	gene|regulatory|repeat|transcript	125
chr7	130815256	130815381	ENSG00000231721.8	gene|regulatory|repeat|transcript	125
chr7	1462832	1462957	ENSG00000225981.3	gene|regulatory|repeat|transcript	125
chr7	92423631	92423756	ENSG00000230927.4|ENSG00000293397.1	gene|regulatory|repeat|transcript	125
chr7	128204458	128204583	ENSG00000292309.1	gene|regulatory|repeat|transcript	125
chr7	148502497	148502622	ENSG00000283504.1	gene|regulatory|repeat|transcript	125
chr7	26252433	26252558	ENSG00000285860.1	gene|regulatory|repeat|transcript	125
chr7	26252558	26252683	ENSG00000285860.1	gene|regulatory|repeat|transcript	125
chr7	7104022	7104147	ENSG00000287860.3	gene|regulatory|repeat|transcript	125
chr7	100231406	100231531	ENSG00000239521.12|ENSG00000291122.1	gene|regulatory|repeat|transcript	125
chr7	143486530	143486655	ENSG00000229153.7	gene|regulatory|repeat|transcript	125
chr7	130902004	130902129	ENSG00000231721.8|ENSG00000233559.2	gene|regulatory|repeat|transcript	125
chr7	47032248	47032373	ENSG00000229192.6|ENSG00000232072.1	gene|regulatory|repeat|transcript	125
chr7	100010181	100010305	ENSG00000286923.3	gene|regulatory|repeat|transcript	124
chr7	100242352	100242476	ENSG00000239521.12|ENSG00000291122.1	gene|regulatory|repeat|transcript	124
chr7	128627312	128627436	ENSG00000242588.7	gene|regulatory|repeat|transcript	124
chr7	149601269	149601393	ENSG00000291118.1	gene|regulatory|repeat|transcript	124
chr7	20021793	20021917	ENSG00000243004.7	gene|regulatory|repeat|transcript	124
chr7	100240460	100240584	ENSG00000239521.12|ENSG00000291122.1	gene|regulatory|repeat|transcript	124
chr7	5831633	5831757	ENSG00000235944.11|ENSG00000291099.1	gene|regulatory|repeat|transcript	124
chr7	100511177	100511301	ENSG00000225807.2	gene|regulatory|repeat|transcript	124
chr7	50961926	50962050	ENSG00000228204.2	gene|regulatory|repeat|transcript	124
chr7	45735482	45735606	ENSG00000291207.1	gene|regulatory|repeat|transcript	124
chr7	149599953	149600077	ENSG00000291118.1	gene|regulatory|repeat|transcript	124
chr7	28986129	28986253	ENSG00000272568.6	gene|regulatory|repeat|transcript	124
chr7	65800954	65801078	ENSG00000224316.1	gene|regulatory|repeat|transcript	124
chr7	3151933	3152057	ENSG00000217455.8	gene|regulatory|repeat|transcript	124
chr7	8304254	8304378	ENSG00000229970.3|ENSG00000272328.1	gene|regulatory|repeat|transcript	124
chr7	39734538	39734662	ENSG00000188185.13	gene|regulatory|repeat|transcript	124
chr7	34295641	34295765	ENSG00000236212.2	gene|regulatory|repeat|transcript	124
chr7	92485151	92485274	ENSG00000244055.2	gene|regulatory|repeat|transcript	123
chr7	95549473	95549596	ENSG00000231170.7	gene|regulatory|repeat|transcript	123
chr7	94368995	94369118	ENSG00000285090.1	gene|regulatory|repeat|transcript	123
chr7	112630562	112630685	ENSG00000223646.2	gene|regulatory|repeat|transcript	123
chr7	47078416	47078539	ENSG00000229192.6	gene|regulatory|repeat|transcript	123
chr7	35797840	35797963	ENSG00000228878.10	gene|regulatory|repeat|transcript	123
chr7	155365712	155365835	ENSG00000204960.7	gene|regulatory|repeat|transcript	123
chr7	22866657	22866780	ENSG00000226329.2|ENSG00000228649.11	gene|regulatory|repeat|transcript	123
chr7	130959568	130959691	ENSG00000231721.8	gene|regulatory|repeat|transcript	123
chr7	25665052	25665175	ENSG00000223561.8	gene|regulatory|repeat|transcript	123
chr7	129954525	129954648	ENSG00000244036.3	gene|regulatory|repeat|transcript	123
chr7	130822064	130822187	ENSG00000231721.8	gene|regulatory|repeat|transcript	123
chr7	81685508	81685631	ENSG00000293394.1	gene|regulatory|repeat|transcript	123
chr7	10549109	10549232	ENSG00000283117.1	gene|regulatory|repeat|transcript	123
chr7	155447882	155448005	ENSG00000236544.1	gene|regulatory|repeat|transcript	123
chr7	2387104	2387227	ENSG00000230914.4|ENSG00000293436.1	gene|regulatory|repeat|transcript	123
chr7	7554876	7554999	ENSG00000272894.5	gene|regulatory|repeat|transcript	123
chr7	10734767	10734889	ENSG00000283117.1	gene|regulatory|repeat|transcript	122
chr7	35730163	35730285	ENSG00000227544.10	gene|regulatory|repeat|transcript	122
chr7	11330777	11330899	ENSG00000230333.6	gene|regulatory|repeat|transcript	122
chr7	149595789	149595911	ENSG00000291118.1	gene|regulatory|repeat|transcript	122
chr7	43039652	43039774	ENSG00000232006.9	gene|regulatory|repeat|transcript	122
chr7	51342406	51342528	ENSG00000288798.2	gene|regulatory|repeat|transcript	122
chr7	115094957	115095079	ENSG00000225535.7|ENSG00000233607.1	gene|regulatory|repeat|transcript	122
chr7	41093353	41093475	ENSG00000224017.2	gene|regulatory|repeat|transcript	122
chr7	50207862	50207984	ENSG00000231681.2	gene|regulatory|repeat|transcript	122
chr7	106598919	106599041	ENSG00000243797.6	gene|regulatory|repeat|transcript	122
chr7	143429419	143429541	ENSG00000229153.7	gene|regulatory|repeat|transcript	122
chr7	7562913	7563035	ENSG00000272894.5	gene|regulatory|repeat|transcript	122
chr7	125258246	125258368	ENSG00000219445.2|ENSG00000224897.9	gene|regulatory|repeat|transcript	122
chr7	129989925	129990047	ENSG00000244036.3	gene|regulatory|repeat|transcript	122
chr7	66843894	66844016	ENSG00000291206.1	gene|regulatory|repeat|transcript	122
chr7	94353179	94353301	ENSG00000285090.1	gene|regulatory|repeat|transcript	122
chr7	116630568	116630689	ENSG00000231210.3	gene|regulatory|repeat|transcript	121
chr7	106424568	106424689	ENSG00000243797.6	gene|regulatory|repeat|transcript	121
chr7	41104859	41104980	ENSG00000224017.2	gene|regulatory|repeat|transcript	121
chr7	116630340	116630461	ENSG00000231210.3	gene|regulatory|repeat|transcript	121
chr7	137085221	137085342	ENSG00000234352.9	gene|regulatory|repeat|transcript	121
chr7	137082210	137082331	ENSG00000234352.9	gene|regulatory|repeat|transcript	121
chr7	3093060	3093181	ENSG00000228334.3	gene|regulatory|repeat|transcript	121
chr7	131100038	131100159	ENSG00000231721.8	gene|regulatory|repeat|transcript	121
chr7	130954971	130955092	ENSG00000231721.8	gene|regulatory|repeat|transcript	121
chr7	131012875	131012996	ENSG00000231721.8	gene|regulatory|repeat|transcript	121
chr7	76106245	76106366	ENSG00000290729.1	gene|regulatory|repeat|transcript	121
chr7	128180427	128180548	ENSG00000292309.1	gene|regulatory|repeat|transcript	121
chr7	136261819	136261939	ENSG00000232053.7	gene|regulatory|repeat|transcript	120
chr7	20299639	20299759	ENSG00000226097.6	gene|regulatory|repeat|transcript	120
chr7	124462498	124462618	ENSG00000242593.8	gene|regulatory|repeat|transcript	120
chr7	125253521	125253641	ENSG00000219445.2|ENSG00000224897.9	gene|regulatory|repeat|transcript	120
chr7	136115349	136115469	ENSG00000232053.7	gene|regulatory|repeat|transcript	120
chr7	16710808	16710928	ENSG00000235837.1	gene|regulatory|repeat|transcript	120
chr7	119906677	119906797	ENSG00000225546.6	gene|regulatory|repeat|transcript	120
chr7	34387898	34388018	ENSG00000197085.11	gene|regulatory|repeat|transcript	120
chr7	47067310	47067430	ENSG00000229192.6	gene|regulatory|repeat|transcript	120
chr7	435789	435909	ENSG00000286710.1	gene|regulatory|repeat|transcript	120
chr7	64652927	64653047	ENSG00000287317.1	gene|regulatory|repeat|transcript	120
chr7	32668697	32668817	ENSG00000229358.3	gene|regulatory|repeat|transcript	120
chr7	136025788	136025908	ENSG00000230649.3	gene|regulatory|repeat|transcript	120
chr7	46969295	46969414	ENSG00000232072.1	gene|regulatory|repeat|transcript	119
chr7	106613937	106614056	ENSG00000243797.6	gene|regulatory|repeat|transcript	119
chr7	42986779	42986898	ENSG00000232006.9	gene|regulatory|repeat|transcript	119
chr7	56439405	56439524	ENSG00000291184.1	gene|regulatory|repeat|transcript	119
chr7	152930	153049	ENSG00000240859.3	gene|regulatory|repeat|transcript	119
chr7	67301857	67301976	ENSG00000291154.1	gene|regulatory|repeat|transcript	119
chr7	128212643	128212762	ENSG00000292309.1	gene|regulatory|repeat|transcript	119
chr7	130010312	130010431	ENSG00000244036.3	gene|regulatory|repeat|transcript	119
chr7	25387938	25388057	ENSG00000260951.2	gene|regulatory|repeat|transcript	119
chr7	17472695	17472814	ENSG00000236039.3	gene|regulatory|repeat|transcript	119
chr7	112362903	112363022	ENSG00000226851.1	gene|regulatory|repeat|transcript	119
chr7	136186805	136186924	ENSG00000232053.7	gene|regulatory|repeat|transcript	119
chr7	73245112	73245230	ENSG00000214544.8|ENSG00000290839.1	gene|regulatory|repeat|transcript	118
chr7	20911107	20911225	ENSG00000232790.3	gene|regulatory|repeat|transcript	118
chr7	136396306	136396424	ENSG00000232053.7	gene|regulatory|repeat|transcript	118
chr7	11316157	11316275	ENSG00000230333.6	gene|regulatory|repeat|transcript	118
chr7	136824144	136824262	ENSG00000234352.9	gene|regulatory|repeat|transcript	118
chr7	12872564	12872682	ENSG00000229618.3	gene|regulatory|repeat|transcript	118
chr7	148561144	148561262	ENSG00000283648.2	gene|regulatory|repeat|transcript	118
chr7	106481451	106481569	ENSG00000243797.6|ENSG00000286076.2	gene|regulatory|repeat|transcript	118
chr7	100304219	100304337	ENSG00000291178.1	gene|regulatory|repeat|transcript	118
chr7	156582840	156582958	ENSG00000182648.15	gene|regulatory|repeat|transcript	118
chr7	32925742	32925860	ENSG00000205763.16|ENSG00000291146.1	gene|regulatory|repeat|transcript	118
chr7	97915287	97915405	ENSG00000284707.2	gene|regulatory|repeat|transcript	118
chr7	51640923	51641041	ENSG00000285741.1	gene|regulatory|repeat|transcript	118
chr7	150435178	150435295	ENSG00000242258.2	gene|regulatory|repeat|transcript	117
chr7	10665664	10665781	ENSG00000283117.1	gene|regulatory|repeat|transcript	117
chr7	137078846	137078963	ENSG00000234352.9	gene|regulatory|repeat|transcript	117
chr7	35725350	35725467	ENSG00000227544.10	gene|regulatory|repeat|transcript	117
chr7	156582609	156582726	ENSG00000182648.15	gene|regulatory|repeat|transcript	117
chr7	66591218	66591335	ENSG00000291136.1	gene|regulatory|repeat|transcript	117
chr7	112790793	112790910	ENSG00000223646.2	gene|regulatory|repeat|transcript	117
chr7	130012224	130012341	ENSG00000244036.3	gene|regulatory|repeat|transcript	117
chr7	26422987	26423104	ENSG00000214870.11	gene|regulatory|repeat|transcript	117
chr7	13099253	13099370	ENSG00000229618.3	gene|regulatory|repeat|transcript	117
chr7	106426887	106427004	ENSG00000243797.6|ENSG00000286076.2	gene|regulatory|repeat|transcript	117
chr7	115208682	115208798	ENSG00000233607.1	gene|regulatory|repeat|transcript	116
chr7	39565713	39565829	ENSG00000227172.2	gene|regulatory|repeat|transcript	116
chr7	113123801	113123917	ENSG00000225457.1	gene|regulatory|repeat|transcript	116
chr7	41758567	41758683	ENSG00000224116.7	gene|regulatory|repeat|transcript	116
chr7	106814700	106814816	ENSG00000228742.11	gene|regulatory|repeat|transcript	116
chr7	66494364	66494480	ENSG00000237310.3	gene|regulatory|repeat|transcript	116
chr7	128860657	128860773	ENSG00000242902.1	gene|regulatory|repeat|transcript	116
chr7	131053112	131053228	ENSG00000231721.8	gene|regulatory|repeat|transcript	116
chr7	156490628	156490744	ENSG00000182648.15	gene|regulatory|repeat|transcript	116
chr7	29619376	29619492	ENSG00000293330.1	gene|regulatory|repeat|transcript	116
chr7	28236560	28236676	ENSG00000234336.7	gene|regulatory|repeat|transcript	116
chr7	9622042	9622158	ENSG00000234710.3	gene|regulatory|repeat|transcript	116
chr7	94050303	94050419	ENSG00000236453.5	gene|regulatory|repeat|transcript	116
chr7	112391286	112391401	ENSG00000226851.1	gene|regulatory|repeat|transcript	115
chr7	54775575	54775690	ENSG00000234707.5	gene|regulatory|repeat|transcript	115
chr7	5836434	5836549	ENSG00000235944.11|ENSG00000291099.1	gene|regulatory|repeat|transcript	115
chr7	77693973	77694088	ENSG00000214293.11	gene|regulatory|repeat|transcript	115
chr7	130995695	130995810	ENSG00000231721.8	gene|regulatory|repeat|transcript	115
chr7	124040060	124040175	ENSG00000242593.8	gene|regulatory|repeat|transcript	115
chr7	131001039	131001154	ENSG00000231721.8	gene|regulatory|repeat|transcript	115
chr7	26488181	26488296	ENSG00000214870.11	gene|regulatory|repeat|transcript	115
chr7	128217513	128217628	ENSG00000292309.1	gene|regulatory|repeat|transcript	115
chr7	156611152	156611267	ENSG00000182648.15	gene|regulatory|repeat|transcript	115
chr7	88685305	88685420	ENSG00000233420.2	gene|regulatory|repeat|transcript	115
chr7	3106744	3106859	ENSG00000228334.3	gene|regulatory|repeat|transcript	115
chr7	17473086	17473201	ENSG00000236039.3	gene|regulatory|repeat|transcript	115
chr7	7264854	7264968	ENSG00000230825.3	gene|regulatory|repeat|transcript	114
chr7	130886885	130886999	ENSG00000231721.8|ENSG00000233559.2	gene|regulatory|repeat|transcript	114
chr7	130996630	130996744	ENSG00000231721.8	gene|regulatory|repeat|transcript	114
chr7	35105750	35105864	ENSG00000189212.15|ENSG00000287249.1|ENSG00000291133.1	gene|regulatory|repeat|transcript	114
chr7	7015226	7015340	ENSG00000287860.3	gene|regulatory|repeat|transcript	114
chr7	106534303	106534417	ENSG00000243797.6	gene|regulatory|repeat|transcript	114
chr7	64654772	64654886	ENSG00000287317.1	gene|regulatory|repeat|transcript	114
chr7	91375394	91375508	ENSG00000243144.7	gene|regulatory|repeat|transcript	114
chr7	46747537	46747651	ENSG00000233539.5	gene|regulatory|repeat|transcript	114
chr7	34277646	34277760	ENSG00000236212.2	gene|regulatory|repeat|transcript	114
chr7	68238663	68238776	ENSG00000226829.2	gene|regulatory|repeat|transcript	113
chr7	135800728	135800841	ENSG00000224746.2	gene|regulatory|repeat|transcript	113
chr7	3093978	3094091	ENSG00000228334.3	gene|regulatory|repeat|transcript	113
chr7	22831648	22831761	ENSG00000286703.1	gene|regulatory|repeat|transcript	113
chr7	156488391	156488504	ENSG00000182648.15	gene|regulatory|repeat|transcript	113
chr7	100248656	100248769	ENSG00000239521.12|ENSG00000291122.1	gene|regulatory|repeat|transcript	113
chr7	50960194	50960307	ENSG00000228204.2	gene|regulatory|repeat|transcript	113
chr7	55247445	55247558	ENSG00000280890.1	gene|regulatory|repeat|transcript	113
chr7	36028476	36028589	ENSG00000232930.2	gene|regulatory|repeat|transcript	113
chr7	19816314	19816426	ENSG00000237921.2	gene|regulatory|repeat|transcript	112
chr7	130873270	130873382	ENSG00000231721.8|ENSG00000233559.2	gene|regulatory|repeat|transcript	112
chr7	131008803	131008915	ENSG00000231721.8	gene|regulatory|repeat|transcript	112
chr7	27400007	27400119	ENSG00000224322.2	gene|regulatory|repeat|transcript	112
chr7	130012446	130012558	ENSG00000244036.3	gene|regulatory|repeat|transcript	112
chr7	69402023	69402135	ENSG00000225718.2	gene|regulatory|repeat|transcript	112
chr7	142813945	142814057	ENSG00000289938.1	gene|regulatory|repeat|transcript	112
chr7	20112979	20113091	ENSG00000243004.7|ENSG00000267055.1	gene|regulatory|repeat|transcript	112
chr7	94307649	94307761	ENSG00000285090.1	gene|regulatory|repeat|transcript	112
chr7	119578255	119578367	ENSG00000225546.6	gene|regulatory|repeat|transcript	112
chr7	121485837	121485949	ENSG00000289578.1	gene|regulatory|repeat|transcript	112
chr7	94299134	94299246	ENSG00000285090.1	gene|regulatory|repeat|transcript	112
chr7	100126672	100126784	ENSG00000242798.1	gene|regulatory|repeat|transcript	112
chr7	99270744	99270856	ENSG00000002079.15|ENSG00000284523.2|ENSG00000293408.1	gene|regulatory|repeat|transcript	112
chr7	3152889	3153001	ENSG00000217455.8	gene|regulatory|repeat|transcript	112
chr7	74288297	74288409	ENSG00000287815.2	gene|regulatory|repeat|transcript	112
chr7	43072988	43073099	ENSG00000232006.9	gene|regulatory|repeat|transcript	111
chr7	32619146	32619257	ENSG00000229358.3	gene|regulatory|repeat|transcript	111
chr7	143458808	143458919	ENSG00000229153.7	gene|regulatory|repeat|transcript	111
chr7	9869834	9869945	ENSG00000235431.2	gene|regulatory|repeat|transcript	111
chr7	136263698	136263809	ENSG00000232053.7	gene|regulatory|repeat|transcript	111
chr7	110453310	110453421	ENSG00000226965.2	gene|regulatory|repeat|transcript	111
chr7	28202429	28202540	ENSG00000234336.7	gene|regulatory|repeat|transcript	111
chr7	132688884	132688995	ENSG00000183470.9	gene|regulatory|repeat|transcript	111
chr7	81623305	81623416	ENSG00000293394.1	gene|regulatory|repeat|transcript	111
chr7	20026905	20027016	ENSG00000243004.7	gene|regulatory|repeat|transcript	111
chr7	5831283	5831394	ENSG00000235944.11|ENSG00000291099.1	gene|regulatory|repeat|transcript	111
chr7	13604254	13604364	ENSG00000229618.3	gene|regulatory|repeat|transcript	110
chr7	103153195	103153305	ENSG00000289956.1	gene|regulatory|repeat|transcript	110
chr7	69199715	69199825	ENSG00000225718.2	gene|regulatory|repeat|transcript	110
chr7	85447216	85447326	ENSG00000225128.1	gene|regulatory|repeat|transcript	110
chr7	29563237	29563347	ENSG00000223813.5	gene|regulatory|repeat|transcript	110
chr7	73006588	73006698	ENSG00000229018.5	gene|regulatory|repeat|transcript	110
chr7	81624262	81624372	ENSG00000293394.1	gene|regulatory|repeat|transcript	110
chr7	100338307	100338416	ENSG00000242294.7|ENSG00000272752.6|ENSG00000290682.1	gene|regulatory|repeat|transcript	109
chr7	143487563	143487672	ENSG00000229153.7	gene|regulatory|repeat|transcript	109
chr7	2387890	2387999	ENSG00000230914.4|ENSG00000293436.1	gene|regulatory|repeat|transcript	109
chr7	13727338	13727447	ENSG00000229618.3	gene|regulatory|repeat|transcript	109
chr7	128555590	128555699	ENSG00000242588.7|ENSG00000280828.1	gene|regulatory|repeat|transcript	109
chr7	24231795	24231904	ENSG00000228944.1	gene|regulatory|repeat|transcript	109
chr7	97937411	97937520	ENSG00000284707.2	gene|regulatory|repeat|transcript	109
chr7	67316222	67316331	ENSG00000291153.1	gene|regulatory|repeat|transcript	109
chr7	106420792	106420901	ENSG00000243797.6	gene|regulatory|repeat|transcript	109
chr7	106466628	106466737	ENSG00000243797.6|ENSG00000286076.2	gene|regulatory|repeat|transcript	109
chr7	65749710	65749819	ENSG00000290926.1	gene|regulatory|repeat|transcript	109
chr7	45735670	45735779	ENSG00000291207.1	gene|regulatory|repeat|transcript	109
chr7	119545408	119545517	ENSG00000225546.6	gene|regulatory|repeat|transcript	109
chr7	34278001	34278110	ENSG00000236212.2	gene|regulatory|repeat|transcript	109
chr7	32658009	32658118	ENSG00000229358.3	gene|regulatory|repeat|transcript	109
chr7	32658789	32658898	ENSG00000229358.3	gene|regulatory|repeat|transcript	109
chr7	91351948	91352057	ENSG00000243144.7	gene|regulatory|repeat|transcript	109
chr7	42992370	42992478	ENSG00000232006.9	gene|regulatory|repeat|transcript	108
chr7	106614068	106614176	ENSG00000243797.6	gene|regulatory|repeat|transcript	108
chr7	54359890	54359998	ENSG00000231427.6	gene|regulatory|repeat|transcript	108
chr7	91312580	91312688	ENSG00000243144.7	gene|regulatory|repeat|transcript	108
chr7	46316097	46316205	ENSG00000237760.1	gene|regulatory|repeat|transcript	108
chr7	77688037	77688145	ENSG00000214293.11	gene|regulatory|repeat|transcript	108
chr7	9669842	9669950	ENSG00000234710.3	gene|regulatory|repeat|transcript	108
chr7	128645245	128645353	ENSG00000242588.7	gene|regulatory|repeat|transcript	108
chr7	69342712	69342820	ENSG00000225718.2	gene|regulatory|repeat|transcript	108
chr7	28986268	28986376	ENSG00000272568.6	gene|regulatory|repeat|transcript	108
chr7	125116765	125116873	ENSG00000224897.9	gene|regulatory|repeat|transcript	108
chr7	11316389	11316497	ENSG00000230333.6	gene|regulatory|repeat|transcript	108
chr7	433648	433756	ENSG00000286710.1	gene|regulatory|repeat|transcript	108
chr7	7046038	7046146	ENSG00000287860.3	gene|regulatory|repeat|transcript	108
chr7	128459166	128459274	ENSG00000240758.2|ENSG00000273184.1	gene|regulatory|repeat|transcript	108
chr7	154929032	154929139	ENSG00000214106.9	gene|regulatory|repeat|transcript	107
chr7	5827994	5828101	ENSG00000235944.11|ENSG00000291099.1	gene|regulatory|repeat|transcript	107
chr7	81590244	81590351	ENSG00000233491.9|ENSG00000293394.1	gene|regulatory|repeat|transcript	107
chr7	8304384	8304491	ENSG00000229970.3|ENSG00000272328.1	gene|regulatory|repeat|transcript	107
chr7	130875763	130875870	ENSG00000231721.8|ENSG00000233559.2	gene|regulatory|repeat|transcript	107
chr7	131010839	131010946	ENSG00000231721.8	gene|regulatory|repeat|transcript	107
chr7	64652007	64652114	ENSG00000287317.1	gene|regulatory|repeat|transcript	107
chr7	112630804	112630911	ENSG00000223646.2	gene|regulatory|repeat|transcript	107
chr7	92864266	92864373	ENSG00000237819.7	gene|regulatory|repeat|transcript	107
chr7	88431979	88432085	ENSG00000233420.2	gene|regulatory|repeat|transcript	106
chr7	51607529	51607635	ENSG00000285741.1	gene|regulatory|repeat|transcript	106
chr7	103227650	103227756	ENSG00000170629.17|ENSG00000291139.1	gene|regulatory|repeat|transcript	106
chr7	136395491	136395597	ENSG00000232053.7	gene|regulatory|repeat|transcript	106
chr7	30566	30672	ENSG00000282572.4	gene|regulatory|repeat|transcript	106
chr7	65270118	65270223	ENSG00000282381.2	gene|regulatory|repeat|transcript	105
chr7	88427	88532	ENSG00000232325.4	gene|regulatory|repeat|transcript	105
chr7	88229484	88229589	ENSG00000228113.7	gene|regulatory|repeat|transcript	105
chr7	34589581	34589686	ENSG00000197085.11	gene|regulatory|repeat|transcript	105
chr7	41744441	41744546	ENSG00000224116.7	gene|regulatory|repeat|transcript	105
chr7	69167167	69167272	ENSG00000286466.1	gene|regulatory|repeat|transcript	105
chr7	89495692	89495797	ENSG00000227863.3	gene|regulatory|repeat|transcript	105
chr7	94332824	94332929	ENSG00000285090.1|ENSG00000285964.1	gene|regulatory|repeat|transcript	105
chr7	94291027	94291132	ENSG00000285090.1	gene|regulatory|repeat|transcript	105
chr7	51629454	51629559	ENSG00000229403.1|ENSG00000285741.1	gene|regulatory|repeat|transcript	105
chr7	130914664	130914769	ENSG00000231721.8|ENSG00000233559.2	gene|regulatory|repeat|transcript	105
chr7	130995403	130995508	ENSG00000231721.8	gene|regulatory|repeat|transcript	105
chr7	124778290	124778395	ENSG00000275356.5	gene|regulatory|repeat|transcript	105
chr7	25669900	25670005	ENSG00000223561.8	gene|regulatory|repeat|transcript	105
chr7	12815463	12815568	ENSG00000229618.3	gene|regulatory|repeat|transcript	105
chr7	135993996	135994101	ENSG00000289600.1	gene|regulatory|repeat|transcript	105
chr7	148555826	148555931	ENSG00000283648.2	gene|regulatory|repeat|transcript	105
chr7	143469609	143469714	ENSG00000229153.7	gene|regulatory|repeat|transcript	105
chr7	128200456	128200560	ENSG00000292309.1	gene|regulatory|repeat|transcript	104
chr7	38338307	38338411	ENSG00000281103.4	gene|regulatory|repeat|transcript	104
chr7	136115244	136115348	ENSG00000232053.7	gene|regulatory|repeat|transcript	104
chr7	129782952	129783056	ENSG00000290319.1	gene|regulatory|repeat|transcript	104
chr7	112669567	112669671	ENSG00000223646.2	gene|regulatory|repeat|transcript	104
chr7	69301817	69301921	ENSG00000225718.2	gene|regulatory|repeat|transcript	104
chr7	63919290	63919394	ENSG00000226581.4	gene|regulatory|repeat|transcript	104
chr7	25445144	25445248	ENSG00000285960.1	gene|regulatory|repeat|transcript	104
chr7	143479606	143479710	ENSG00000229153.7	gene|regulatory|repeat|transcript	104
chr7	129984530	129984634	ENSG00000244036.3	gene|regulatory|repeat|transcript	104
chr7	136033605	136033709	ENSG00000230649.3	gene|regulatory|repeat|transcript	104
chr7	13175072	13175176	ENSG00000229618.3	gene|regulatory|repeat|transcript	104
chr7	136173930	136174034	ENSG00000232053.7	gene|regulatory|repeat|transcript	104
chr7	7555051	7555155	ENSG00000272894.5	gene|regulatory|repeat|transcript	104
chr7	3150221	3150325	ENSG00000217455.8	gene|regulatory|repeat|transcript	104
chr7	3165741	3165845	ENSG00000217455.8	gene|regulatory|repeat|transcript	104
chr7	110503475	110503579	ENSG00000226965.2	gene|regulatory|repeat|transcript	104
chr7	11193735	11193839	ENSG00000230333.6	gene|regulatory|repeat|transcript	104
chr7	130851619	130851723	ENSG00000231721.8	gene|regulatory|repeat|transcript	104
chr7	66535479	66535582	ENSG00000234500.1|ENSG00000291136.1	gene|regulatory|repeat|transcript	103
chr7	94307455	94307558	ENSG00000285090.1	gene|regulatory|repeat|transcript	103
chr7	43037381	43037484	ENSG00000232006.9	gene|regulatory|repeat|transcript	103
chr7	50205757	50205860	ENSG00000231681.2	gene|regulatory|repeat|transcript	103
chr7	150780561	150780664	ENSG00000289470.1	gene|regulatory|repeat|transcript	103
chr7	135316995	135317098	ENSG00000290805.1	gene|regulatory|repeat|transcript	103
chr7	148561355	148561458	ENSG00000283648.2	gene|regulatory|repeat|transcript	103
chr7	145624397	145624500	ENSG00000230746.4	gene|regulatory|repeat|transcript	103
chr7	26106173	26106276	ENSG00000289053.2	gene|regulatory|repeat|transcript	103
chr7	76102298	76102401	ENSG00000290729.1	gene|regulatory|repeat|transcript	103
chr7	129959495	129959598	ENSG00000244036.3	gene|regulatory|repeat|transcript	103
chr7	155361250	155361353	ENSG00000204960.7	gene|regulatory|repeat|transcript	103
chr7	69420219	69420322	ENSG00000225718.2	gene|regulatory|repeat|transcript	103
chr7	35797963	35798066	ENSG00000228878.10	gene|regulatory|repeat|transcript	103
chr7	116569826	116569929	ENSG00000231210.3	gene|regulatory|repeat|transcript	103
chr7	106626570	106626673	ENSG00000243797.6|ENSG00000286013.1	gene|regulatory|repeat|transcript	103
chr7	32941188	32941290	ENSG00000205763.16|ENSG00000291146.1	gene|regulatory|repeat|transcript	102
chr7	1462323	1462425	ENSG00000225981.3	gene|regulatory|repeat|transcript	102
chr7	23105385	23105487	ENSG00000230658.2	gene|regulatory|repeat|transcript	102
chr7	26454350	26454452	ENSG00000214870.11	gene|regulatory|repeat|transcript	102
chr7	66583472	66583574	ENSG00000291136.1	gene|regulatory|repeat|transcript	102
chr7	69342553	69342655	ENSG00000225718.2	gene|regulatory|repeat|transcript	102
chr7	68269635	68269737	ENSG00000226829.2	gene|regulatory|repeat|transcript	102
chr7	150364423	150364525	ENSG00000240449.1	gene|regulatory|repeat|transcript	102
chr7	116582271	116582373	ENSG00000231210.3	gene|regulatory|repeat|transcript	102
chr7	16718187	16718289	ENSG00000235837.1	gene|regulatory|repeat|transcript	102
chr7	20053714	20053816	ENSG00000243004.7	gene|regulatory|repeat|transcript	102
chr7	66540380	66540481	ENSG00000234500.1|ENSG00000291136.1	gene|regulatory|repeat|transcript	101
chr7	54781473	54781574	ENSG00000234707.5	gene|regulatory|repeat|transcript	101
chr7	46286122	46286223	ENSG00000229459.1	gene|regulatory|repeat|transcript	101
chr7	28200646	28200747	ENSG00000234336.7	gene|regulatory|repeat|transcript	101
chr7	136241597	136241698	ENSG00000232053.7	gene|regulatory|repeat|transcript	101
chr7	35053845	35053946	ENSG00000287249.1	gene|regulatory|repeat|transcript	101
chr7	47065412	47065513	ENSG00000229192.6	gene|regulatory|repeat|transcript	101
chr7	130959105	130959206	ENSG00000231721.8	gene|regulatory|repeat|transcript	101
chr7	7090379	7090480	ENSG00000287860.3	gene|regulatory|repeat|transcript	101
chr7	131079567	131079668	ENSG00000231721.8	gene|regulatory|repeat|transcript	101
chr7	106623053	106623153	ENSG00000243797.6	gene|regulatory|repeat|transcript	100
chr7	69368696	69368796	ENSG00000225718.2	gene|regulatory|repeat|transcript	100
chr7	100344105	100344205	ENSG00000272752.6|ENSG00000290682.1	gene|regulatory|repeat|transcript	100
chr7	95577414	95577514	ENSG00000231170.7	gene|regulatory|repeat|transcript	100
chr7	7268282	7268382	ENSG00000230825.3	gene|regulatory|repeat|transcript	100
chr7	128180327	128180427	ENSG00000292309.1	gene|regulatory|repeat|transcript	100
chr7	128546852	128546952	ENSG00000242588.7|ENSG00000280828.1	gene|regulatory|repeat|transcript	100
chr7	156474370	156474470	ENSG00000182648.15	gene|regulatory|repeat|transcript	100
chr7	12942534	12942634	ENSG00000229618.3	gene|regulatory|repeat|transcript	100
chr7	12861729	12861829	ENSG00000229618.3	gene|regulatory|repeat|transcript	100
chr7	73244871	73244971	ENSG00000214544.8|ENSG00000290839.1	gene|regulatory|repeat|transcript	100
chr7	122210966	122211066	ENSG00000234418.4	gene|regulatory|repeat|transcript	100
chr7	100240698	100240798	ENSG00000239521.12|ENSG00000291122.1	gene|regulatory|repeat|transcript	100
chr7	69373634	69373734	ENSG00000225718.2	gene|regulatory|repeat|transcript	100
chr7	100138450	100138550	ENSG00000235077.1	gene|regulatory|repeat|transcript	100
chr7	131938605	131938704	ENSG00000224865.8	gene|regulatory|repeat|transcript	99
chr7	116569726	116569825	ENSG00000231210.3	gene|regulatory|repeat|transcript	99
chr7	1462690	1462789	ENSG00000225981.3	gene|regulatory|repeat|transcript	99
chr7	115087095	115087194	ENSG00000225535.7|ENSG00000233607.1	gene|regulatory|repeat|transcript	99
chr7	45769741	45769840	ENSG00000291208.1	gene|regulatory|repeat|transcript	99
chr7	55248079	55248178	ENSG00000280890.1	gene|regulatory|repeat|transcript	99
chr7	6726053	6726152	ENSG00000290835.1	gene|regulatory|repeat|transcript	99
chr7	13092650	13092749	ENSG00000229618.3	gene|regulatory|repeat|transcript	99
chr7	30572303	30572402	ENSG00000196295.13	gene|regulatory|repeat|transcript	99
chr7	106683293	106683392	ENSG00000243797.6	gene|regulatory|repeat|transcript	99
chr7	131101124	131101223	ENSG00000231721.8	gene|regulatory|repeat|transcript	99
chr7	131061162	131061261	ENSG00000231721.8	gene|regulatory|repeat|transcript	99
chr7	51004520	51004619	ENSG00000228204.2	gene|regulatory|repeat|transcript	99
chr7	66518050	66518149	ENSG00000234500.1	gene|regulatory|repeat|transcript	99
chr7	47617404	47617502	ENSG00000236078.2	gene|regulatory|repeat|transcript	98
chr7	7565373	7565471	ENSG00000272894.5	gene|regulatory|repeat|transcript	98
chr7	43078105	43078203	ENSG00000232006.9	gene|regulatory|repeat|transcript	98
chr7	125318498	125318596	ENSG00000224897.9	gene|regulatory|repeat|transcript	98
chr7	7563513	7563611	ENSG00000272894.5	gene|regulatory|repeat|transcript	98
chr7	125116311	125116409	ENSG00000224897.9	gene|regulatory|repeat|transcript	98
chr7	149599827	149599925	ENSG00000291118.1	gene|regulatory|repeat|transcript	98
chr7	129959365	129959463	ENSG00000244036.3	gene|regulatory|repeat|transcript	98
chr7	45767957	45768055	ENSG00000291207.1	gene|regulatory|repeat|transcript	98
chr7	100269331	100269429	ENSG00000239521.12|ENSG00000291122.1	gene|regulatory|repeat|transcript	98
chr7	128222158	128222256	ENSG00000289434.2|ENSG00000292309.1	gene|regulatory|repeat|transcript	98
chr7	24367542	24367640	ENSG00000287523.1	gene|regulatory|repeat|transcript	98
chr7	76101876	76101973	ENSG00000290729.1	gene|regulatory|repeat|transcript	97
chr7	124482366	124482463	ENSG00000242593.8	gene|regulatory|repeat|transcript	97
chr7	103153085	103153182	ENSG00000289956.1	gene|regulatory|repeat|transcript	97
chr7	35985538	35985635	ENSG00000287893.1	gene|regulatory|repeat|transcript	97
chr7	94050195	94050292	ENSG00000236453.5	gene|regulatory|repeat|transcript	97
chr7	66583794	66583891	ENSG00000291136.1	gene|regulatory|repeat|transcript	97
chr7	35118197	35118294	ENSG00000189212.15|ENSG00000287249.1|ENSG00000291133.1	gene|regulatory|repeat|transcript	97
chr7	76123384	76123481	ENSG00000224273.2	gene|regulatory|repeat|transcript	97
chr7	91351465	91351562	ENSG00000243144.7	gene|regulatory|repeat|transcript	97
chr7	68183803	68183900	ENSG00000226829.2	gene|regulatory|repeat|transcript	97
chr7	100249220	100249317	ENSG00000239521.12|ENSG00000291122.1	gene|regulatory|repeat|transcript	97
chr7	35354277	35354374	ENSG00000287651.1	gene|regulatory|repeat|transcript	97
chr7	77679355	77679452	ENSG00000214293.11	gene|regulatory|repeat|transcript	97
chr7	2618971	2619068	ENSG00000289352.2	gene|regulatory|repeat|transcript	97
chr7	100138136	100138233	ENSG00000235077.1	gene|regulatory|repeat|transcript	97
chr7	116578630	116578726	ENSG00000231210.3	gene|regulatory|repeat|transcript	96
chr7	150875822	150875918	ENSG00000289052.1	gene|regulatory|repeat|transcript	96
chr7	7015409	7015505	ENSG00000287860.3	gene|regulatory|repeat|transcript	96
chr7	76102107	76102203	ENSG00000290729.1	gene|regulatory|repeat|transcript	96
chr7	130916132	130916228	ENSG00000231721.8|ENSG00000233559.2	gene|regulatory|repeat|transcript	96
chr7	100010085	100010181	ENSG00000286923.3	gene|regulatory|repeat|transcript	96
chr7	66460164	66460260	ENSG00000179406.10	gene|regulatory|repeat|transcript	96
chr7	32718439	32718535	ENSG00000229358.3	gene|regulatory|repeat|transcript	96
chr7	11192600	11192696	ENSG00000230333.6	gene|regulatory|repeat|transcript	96
chr7	131067433	131067529	ENSG00000231721.8	gene|regulatory|repeat|transcript	96
chr7	143417837	143417933	ENSG00000229153.7	gene|regulatory|repeat|transcript	96
chr7	94345031	94345127	ENSG00000285090.1|ENSG00000285964.1	gene|regulatory|repeat|transcript	96
chr7	77008285	77008381	ENSG00000265479.7	gene|regulatory|repeat|transcript	96
chr7	142891179	142891275	ENSG00000224970.2	gene|regulatory|repeat|transcript	96
chr7	121499604	121499700	ENSG00000289578.1	gene|regulatory|repeat|transcript	96
chr7	143469886	143469982	ENSG00000229153.7	gene|regulatory|repeat|transcript	96
chr7	13508737	13508833	ENSG00000229618.3	gene|regulatory|repeat|transcript	96
chr7	130011091	130011187	ENSG00000244036.3	gene|regulatory|repeat|transcript	96
chr7	135292053	135292149	ENSG00000276067.3|ENSG00000290805.1	gene|regulatory|repeat|transcript	96
chr7	13211805	13211901	ENSG00000229618.3	gene|regulatory|repeat|transcript	96
chr7	108637282	108637378	ENSG00000225647.2	gene|regulatory|repeat|transcript	96
chr7	124334151	124334246	ENSG00000242593.8	gene|regulatory|repeat|transcript	95
chr7	88232627	88232722	ENSG00000228113.7	gene|regulatory|repeat|transcript	95
chr7	380198	380293	ENSG00000249574.1	gene|regulatory|repeat|transcript	95
chr7	135281753	135281848	ENSG00000276067.3|ENSG00000290805.1	gene|regulatory|repeat|transcript	95
chr7	49251121	49251216	ENSG00000234686.1	gene|regulatory|repeat|transcript	95
chr7	13336807	13336902	ENSG00000229618.3	gene|regulatory|repeat|transcript	95
chr7	25186471	25186566	ENSG00000234406.1	gene|regulatory|repeat|transcript	95
chr7	68158775	68158870	ENSG00000226829.2	gene|regulatory|repeat|transcript	95
chr7	144255821	144255916	ENSG00000244198.7|ENSG00000284644.1|ENSG00000290816.1	gene|regulatory|repeat|transcript	95
chr7	41773756	41773851	ENSG00000224116.7	gene|regulatory|repeat|transcript	95
chr7	100009170	100009265	ENSG00000286923.3	gene|regulatory|repeat|transcript	95
chr7	94382838	94382933	ENSG00000285090.1	gene|regulatory|repeat|transcript	95
chr7	39750694	39750788	ENSG00000188185.13	gene|regulatory|repeat|transcript	94
chr7	76106494	76106588	ENSG00000290729.1	gene|regulatory|repeat|transcript	94
chr7	51004283	51004377	ENSG00000228204.2	gene|regulatory|repeat|transcript	94
chr7	9982202	9982296	ENSG00000235431.2|ENSG00000287409.1	gene|regulatory|repeat|transcript	94
chr7	102713240	102713334	ENSG00000286830.1	gene|regulatory|repeat|transcript	94
chr7	24786431	24786525	ENSG00000287093.1	gene|regulatory|repeat|transcript	94
chr7	130804724	130804818	ENSG00000231721.8	gene|regulatory|repeat|transcript	94
chr7	64652833	64652927	ENSG00000287317.1	gene|regulatory|repeat|transcript	94
chr7	13465713	13465807	ENSG00000229618.3	gene|regulatory|repeat|transcript	94
chr7	100266336	100266430	ENSG00000239521.12|ENSG00000291122.1	gene|regulatory|repeat|transcript	94
chr7	116577592	116577686	ENSG00000231210.3	gene|regulatory|repeat|transcript	94
chr7	29991065	29991159	ENSG00000227014.6	gene|regulatory|repeat|transcript	94
chr7	69286846	69286940	ENSG00000225718.2	gene|regulatory|repeat|transcript	94
chr7	130952538	130952631	ENSG00000231721.8	gene|regulatory|repeat|transcript	93
chr7	12802147	12802240	ENSG00000229618.3	gene|regulatory|repeat|transcript	93
chr7	136406841	136406934	ENSG00000232053.7	gene|regulatory|repeat|transcript	93
chr7	95473304	95473397	ENSG00000233942.1	gene|regulatory|repeat|transcript	93
chr7	100336609	100336702	ENSG00000272752.6|ENSG00000290682.1	gene|regulatory|repeat|transcript	93
chr7	106717279	106717372	ENSG00000243797.6	gene|regulatory|repeat|transcript	93
chr7	68246768	68246861	ENSG00000226829.2	gene|regulatory|repeat|transcript	93
chr7	115067696	115067789	ENSG00000225535.7|ENSG00000233607.1	gene|regulatory|repeat|transcript	93
chr7	149586626	149586719	ENSG00000291118.1	gene|regulatory|repeat|transcript	93
chr7	88229151	88229244	ENSG00000228113.7	gene|regulatory|repeat|transcript	93
chr7	100125668	100125761	ENSG00000242798.1	gene|regulatory|repeat|transcript	93
chr7	49239674	49239767	ENSG00000234686.1	gene|regulatory|repeat|transcript	93
chr7	130908287	130908380	ENSG00000231721.8|ENSG00000233559.2	gene|regulatory|repeat|transcript	93
chr7	121496900	121496993	ENSG00000289578.1	gene|regulatory|repeat|transcript	93
chr7	124251776	124251869	ENSG00000242593.8	gene|regulatory|repeat|transcript	93
chr7	24325336	24325429	ENSG00000287523.1	gene|regulatory|repeat|transcript	93
chr7	92904816	92904908	ENSG00000237819.7	gene|regulatory|repeat|transcript	92
chr7	69318838	69318930	ENSG00000225718.2	gene|regulatory|repeat|transcript	92
chr7	20085114	20085206	ENSG00000243004.7	gene|regulatory|repeat|transcript	92
chr7	46704055	46704147	ENSG00000233539.5	gene|regulatory|repeat|transcript	92
chr7	56880469	56880561	ENSG00000291021.1	gene|regulatory|repeat|transcript	92
chr7	44018820	44018912	ENSG00000214783.9|ENSG00000272655.3|ENSG00000273432.1|ENSG00000285596.1|ENSG00000290872.1	gene|regulatory|repeat|transcript	92
chr7	130007426	130007518	ENSG00000244036.3	gene|regulatory|repeat|transcript	92
chr7	26410004	26410096	ENSG00000214870.11	gene|regulatory|repeat|transcript	92
chr7	41751231	41751323	ENSG00000224116.7	gene|regulatory|repeat|transcript	92
chr7	88243681	88243772	ENSG00000228113.7	gene|regulatory|repeat|transcript	91
chr7	6725549	6725640	ENSG00000290835.1	gene|regulatory|repeat|transcript	91
chr7	48708703	48708794	ENSG00000285536.1	gene|regulatory|repeat|transcript	91
chr7	22823761	22823852	ENSG00000286703.1	gene|regulatory|repeat|transcript	91
chr7	6965210	6965301	ENSG00000287860.3	gene|regulatory|repeat|transcript	91
chr7	64037408	64037499	ENSG00000286397.1	gene|regulatory|repeat|transcript	91
chr7	13036376	13036467	ENSG00000229618.3	gene|regulatory|repeat|transcript	91
chr7	143487133	143487224	ENSG00000229153.7	gene|regulatory|repeat|transcript	91
chr7	115097015	115097106	ENSG00000225535.7|ENSG00000233607.1	gene|regulatory|repeat|transcript	91
chr7	11330261	11330352	ENSG00000230333.6	gene|regulatory|repeat|transcript	91
chr7	120156256	120156347	ENSG00000233417.2	gene|regulatory|repeat|transcript	91
chr7	26456729	26456820	ENSG00000214870.11	gene|regulatory|repeat|transcript	91
chr7	41116975	41117066	ENSG00000224017.2	gene|regulatory|repeat|transcript	91
chr7	20083917	20084008	ENSG00000243004.7	gene|regulatory|repeat|transcript	91
chr7	112970835	112970926	ENSG00000234520.8	gene|regulatory|repeat|transcript	91
chr7	69430534	69430625	ENSG00000225718.2	gene|regulatory|repeat|transcript	91
chr7	13664107	13664197	ENSG00000229618.3	gene|regulatory|repeat|transcript	90
chr7	100001262	100001352	ENSG00000286923.3	gene|regulatory|repeat|transcript	90
chr7	13701679	13701769	ENSG00000229618.3	gene|regulatory|repeat|transcript	90
chr7	94042638	94042728	ENSG00000236453.5	gene|regulatory|repeat|transcript	90
chr7	149170	149260	ENSG00000242474.3	gene|regulatory|repeat|transcript	90
chr7	26553627	26553717	ENSG00000233760.3	gene|regulatory|repeat|transcript	90
chr7	13042075	13042165	ENSG00000229618.3	gene|regulatory|repeat|transcript	90
chr7	136396212	136396302	ENSG00000232053.7	gene|regulatory|repeat|transcript	90
chr7	130961793	130961883	ENSG00000231721.8	gene|regulatory|repeat|transcript	90
chr7	41754306	41754396	ENSG00000224116.7	gene|regulatory|repeat|transcript	90
chr7	20303554	20303644	ENSG00000226097.6	gene|regulatory|repeat|transcript	90
chr7	39565567	39565657	ENSG00000227172.2	gene|regulatory|repeat|transcript	90
chr7	39750371	39750461	ENSG00000188185.13	gene|regulatory|repeat|transcript	90
chr7	92849079	92849169	ENSG00000237819.7	gene|regulatory|repeat|transcript	90
chr7	24327512	24327602	ENSG00000287523.1	gene|regulatory|repeat|transcript	90
chr7	36471277	36471367	ENSG00000237400.1	gene|regulatory|repeat|transcript	90
chr7	119625415	119625505	ENSG00000225546.6	gene|regulatory|repeat|transcript	90
chr7	25455186	25455276	ENSG00000285960.1	gene|regulatory|repeat|transcript	90
chr7	106683392	106683482	ENSG00000243797.6	gene|regulatory|repeat|transcript	90
chr7	100227303	100227393	ENSG00000239521.12|ENSG00000291122.1	gene|regulatory|repeat|transcript	90
chr7	81685234	81685324	ENSG00000293394.1	gene|regulatory|repeat|transcript	90
chr7	17495807	17495897	ENSG00000236039.3	gene|regulatory|repeat|transcript	90
chr7	124205621	124205711	ENSG00000242593.8	gene|regulatory|repeat|transcript	90
chr7	20089089	20089179	ENSG00000243004.7	gene|regulatory|repeat|transcript	90
chr7	103269006	103269096	ENSG00000170629.17|ENSG00000291139.1	gene|regulatory|repeat|transcript	90
chr7	2618315	2618404	ENSG00000289352.2	gene|regulatory|repeat|transcript	89
chr7	106779905	106779994	ENSG00000228742.11	gene|regulatory|repeat|transcript	89
chr7	130007533	130007622	ENSG00000244036.3	gene|regulatory|repeat|transcript	89
chr7	145653383	145653472	ENSG00000230746.4	gene|regulatory|repeat|transcript	89
chr7	25665895	25665984	ENSG00000223561.8	gene|regulatory|repeat|transcript	89
chr7	46987496	46987585	ENSG00000223829.6|ENSG00000232072.1	gene|regulatory|repeat|transcript	89
chr7	100516843	100516932	ENSG00000225807.2	gene|regulatory|repeat|transcript	89
chr7	81590446	81590535	ENSG00000233491.9|ENSG00000293394.1	gene|regulatory|repeat|transcript	89
chr7	35992217	35992306	ENSG00000287893.1	gene|regulatory|repeat|transcript	89
chr7	16710585	16710674	ENSG00000235837.1	gene|regulatory|repeat|transcript	89
chr7	89495816	89495905	ENSG00000227863.3	gene|regulatory|repeat|transcript	89
chr7	32658639	32658727	ENSG00000229358.3	gene|regulatory|repeat|transcript	88
chr7	128189913	128190001	ENSG00000292309.1	gene|regulatory|repeat|transcript	88
chr7	38331433	38331521	ENSG00000281103.4	gene|regulatory|repeat|transcript	88
chr7	96980652	96980740	ENSG00000231764.11	gene|regulatory|repeat|transcript	88
chr7	16707565	16707653	ENSG00000235837.1	gene|regulatory|repeat|transcript	88
chr7	25663494	25663582	ENSG00000223561.8	gene|regulatory|repeat|transcript	88
chr7	88233887	88233975	ENSG00000228113.7	gene|regulatory|repeat|transcript	88
chr7	116578764	116578852	ENSG00000231210.3	gene|regulatory|repeat|transcript	88
chr7	130898718	130898806	ENSG00000231721.8|ENSG00000233559.2	gene|regulatory|repeat|transcript	88
chr7	88232781	88232869	ENSG00000228113.7	gene|regulatory|repeat|transcript	88
chr7	35992128	35992216	ENSG00000287893.1	gene|regulatory|repeat|transcript	88
chr7	20998560	20998648	ENSG00000232790.3|ENSG00000285592.1	gene|regulatory|repeat|transcript	88
chr7	77993360	77993448	ENSG00000232756.1	gene|regulatory|repeat|transcript	88
chr7	130896700	130896788	ENSG00000231721.8|ENSG00000233559.2	gene|regulatory|repeat|transcript	88
chr7	51602629	51602717	ENSG00000285741.1	gene|regulatory|repeat|transcript	88
chr7	92904450	92904538	ENSG00000237819.7	gene|regulatory|repeat|transcript	88
chr7	112710044	112710132	ENSG00000223646.2	gene|regulatory|repeat|transcript	88
chr7	36760131	36760219	ENSG00000229424.1	gene|regulatory|repeat|transcript	88
chr7	91383492	91383580	ENSG00000235450.1|ENSG00000243144.7	gene|regulatory|repeat|transcript	88
chr7	2387559	2387646	ENSG00000230914.4|ENSG00000293436.1	gene|regulatory|repeat|transcript	87
chr7	130900330	130900417	ENSG00000231721.8|ENSG00000233559.2	gene|regulatory|repeat|transcript	87
chr7	100239733	100239820	ENSG00000239521.12|ENSG00000291122.1	gene|regulatory|repeat|transcript	87
chr7	39734443	39734530	ENSG00000188185.13	gene|regulatory|repeat|transcript	87
chr7	100125761	100125848	ENSG00000242798.1	gene|regulatory|repeat|transcript	87
chr7	19120753	19120840	ENSG00000236536.2	gene|regulatory|repeat|transcript	87
chr7	36046585	36046672	ENSG00000232930.2	gene|regulatory|repeat|transcript	87
chr7	130845016	130845103	ENSG00000231721.8	gene|regulatory|repeat|transcript	87
chr7	29667508	29667595	ENSG00000227855.5|ENSG00000293330.1	gene|regulatory|repeat|transcript	87
chr7	42702896	42702983	ENSG00000238284.2	gene|regulatory|repeat|transcript	87
chr7	42967701	42967788	ENSG00000232006.9	gene|regulatory|repeat|transcript	87
chr7	91513623	91513710	ENSG00000235450.1|ENSG00000243144.7	gene|regulatory|repeat|transcript	87
chr7	81210864	81210950	ENSG00000289996.1	gene|regulatory|repeat|transcript	86
chr7	131028008	131028094	ENSG00000231721.8	gene|regulatory|repeat|transcript	86
chr7	81205949	81206035	ENSG00000289996.1	gene|regulatory|repeat|transcript	86
chr7	141550991	141551077	ENSG00000261570.2	gene|regulatory|repeat|transcript	86
chr7	22866837	22866923	ENSG00000226329.2|ENSG00000228649.11	gene|regulatory|repeat|transcript	86
chr7	25673354	25673440	ENSG00000223561.8	gene|regulatory|repeat|transcript	86
chr7	3108369	3108455	ENSG00000228334.3	gene|regulatory|repeat|transcript	86
chr7	47038308	47038394	ENSG00000229192.6|ENSG00000232072.1	gene|regulatory|repeat|transcript	86
chr7	28986409	28986495	ENSG00000272568.6	gene|regulatory|repeat|transcript	86
chr7	116591341	116591427	ENSG00000231210.3	gene|regulatory|repeat|transcript	86
chr7	46910402	46910488	ENSG00000232072.1	gene|regulatory|repeat|transcript	86
chr7	100266129	100266215	ENSG00000239521.12|ENSG00000291122.1	gene|regulatory|repeat|transcript	86
chr7	7003512	7003598	ENSG00000287860.3	gene|regulatory|repeat|transcript	86
chr7	135792463	135792549	ENSG00000224746.2	gene|regulatory|repeat|transcript	86
chr7	13056229	13056315	ENSG00000229618.3	gene|regulatory|repeat|transcript	86
chr7	100000486	100000572	ENSG00000286923.3	gene|regulatory|repeat|transcript	86
chr7	131105462	131105547	ENSG00000231721.8	gene|regulatory|repeat|transcript	85
chr7	65746235	65746320	ENSG00000290926.1	gene|regulatory|repeat|transcript	85
chr7	136358996	136359081	ENSG00000232053.7	gene|regulatory|repeat|transcript	85
chr7	25643852	25643937	ENSG00000223561.8	gene|regulatory|repeat|transcript	85
chr7	136396031	136396116	ENSG00000232053.7	gene|regulatory|repeat|transcript	85
chr7	130888194	130888279	ENSG00000231721.8|ENSG00000233559.2	gene|regulatory|repeat|transcript	85
chr7	3160167	3160252	ENSG00000217455.8	gene|regulatory|repeat|transcript	85
chr7	69419178	69419263	ENSG00000225718.2	gene|regulatory|repeat|transcript	85
chr7	100229287	100229372	ENSG00000239521.12|ENSG00000291122.1	gene|regulatory|repeat|transcript	85
chr7	43027896	43027981	ENSG00000232006.9	gene|regulatory|repeat|transcript	85
chr7	27392210	27392295	ENSG00000224322.2	gene|regulatory|repeat|transcript	85
chr7	27386814	27386899	ENSG00000224322.2	gene|regulatory|repeat|transcript	85
chr7	136291919	136292003	ENSG00000232053.7	gene|regulatory|repeat|transcript	84
chr7	41103457	41103541	ENSG00000224017.2	gene|regulatory|repeat|transcript	84
chr7	41116838	41116922	ENSG00000224017.2	gene|regulatory|repeat|transcript	84
chr7	130873781	130873865	ENSG00000231721.8|ENSG00000233559.2	gene|regulatory|repeat|transcript	84
chr7	80346752	80346836	ENSG00000232667.12	gene|regulatory|repeat|transcript	84
chr7	46315981	46316065	ENSG00000237760.1	gene|regulatory|repeat|transcript	84
chr7	129980720	129980804	ENSG00000244036.3	gene|regulatory|repeat|transcript	84
chr7	79665797	79665881	ENSG00000287488.1	gene|regulatory|repeat|transcript	84
chr7	77694809	77694893	ENSG00000214293.11	gene|regulatory|repeat|transcript	84
chr7	95546839	95546923	ENSG00000231170.7	gene|regulatory|repeat|transcript	84
chr7	7265537	7265621	ENSG00000230825.3	gene|regulatory|repeat|transcript	84
chr7	88260137	88260221	ENSG00000228113.7	gene|regulatory|repeat|transcript	84
chr7	3142172	3142256	ENSG00000217455.8	gene|regulatory|repeat|transcript	84
chr7	47621388	47621472	ENSG00000236078.2	gene|regulatory|repeat|transcript	84
chr7	26231897	26231980	ENSG00000285860.1	gene|regulatory|repeat|transcript	83
chr7	106608672	106608755	ENSG00000243797.6	gene|regulatory|repeat|transcript	83
chr7	125257896	125257979	ENSG00000219445.2|ENSG00000224897.9	gene|regulatory|repeat|transcript	83
chr7	126411263	126411346	ENSG00000241921.1	gene|regulatory|repeat|transcript	83
chr7	103254155	103254238	ENSG00000170629.17|ENSG00000291139.1	gene|regulatory|repeat|transcript	83
chr7	67694075	67694158	ENSG00000233423.1	gene|regulatory|repeat|transcript	83
chr7	108611287	108611370	ENSG00000225647.2	gene|regulatory|repeat|transcript	83
chr7	42674557	42674640	ENSG00000238284.2	gene|regulatory|repeat|transcript	83
chr7	106627044	106627127	ENSG00000243797.6|ENSG00000286013.1	gene|regulatory|repeat|transcript	83
chr7	26102040	26102123	ENSG00000289053.2	gene|regulatory|repeat|transcript	83
chr7	131033030	131033113	ENSG00000231721.8	gene|regulatory|repeat|transcript	83
chr7	110311876	110311959	ENSG00000226965.2	gene|regulatory|repeat|transcript	83
chr7	100269682	100269765	ENSG00000239521.12|ENSG00000291122.1	gene|regulatory|repeat|transcript	83
chr7	12757063	12757146	ENSG00000229618.3	gene|regulatory|repeat|transcript	83
chr7	32658519	32658602	ENSG00000229358.3	gene|regulatory|repeat|transcript	83
chr7	103227565	103227648	ENSG00000170629.17|ENSG00000291139.1	gene|regulatory|repeat|transcript	83
chr7	130959991	130960073	ENSG00000231721.8	gene|regulatory|repeat|transcript	82
chr7	106598394	106598476	ENSG00000243797.6|ENSG00000267052.3	gene|regulatory|repeat|transcript	82
chr7	141737300	141737382	ENSG00000228775.8	gene|regulatory|repeat|transcript	82
chr7	92444527	92444609	ENSG00000293397.1	gene|regulatory|repeat|transcript	82
chr7	106483968	106484050	ENSG00000243797.6|ENSG00000286076.2	gene|regulatory|repeat|transcript	82
chr7	121451475	121451557	ENSG00000289578.1	gene|regulatory|repeat|transcript	82
chr7	97971630	97971712	ENSG00000243554.1|ENSG00000284707.2	gene|regulatory|repeat|transcript	82
chr7	6732520	6732602	ENSG00000290835.1	gene|regulatory|repeat|transcript	82
chr7	64581950	64582032	ENSG00000286456.3	gene|regulatory|repeat|transcript	82
chr7	113122944	113123026	ENSG00000225457.1	gene|regulatory|repeat|transcript	82
chr7	106611983	106612065	ENSG00000243797.6	gene|regulatory|repeat|transcript	82
chr7	67348339	67348421	ENSG00000291153.1	gene|regulatory|repeat|transcript	82
chr7	122149434	122149515	ENSG00000234418.4	gene|regulatory|repeat|transcript	81
chr7	131010451	131010532	ENSG00000231721.8	gene|regulatory|repeat|transcript	81
chr7	36497214	36497295	ENSG00000237400.1	gene|regulatory|repeat|transcript	81
chr7	32631680	32631761	ENSG00000229358.3	gene|regulatory|repeat|transcript	81
chr7	120171027	120171108	ENSG00000233417.2|ENSG00000233969.2	gene|regulatory|repeat|transcript	81
chr7	156447595	156447676	ENSG00000182648.15	gene|regulatory|repeat|transcript	81
chr7	32747459	32747540	ENSG00000229358.3|ENSG00000293076.1	gene|regulatory|repeat|transcript	81
chr7	67250311	67250392	ENSG00000291154.1	gene|regulatory|repeat|transcript	81
chr7	106783347	106783428	ENSG00000228742.11	gene|regulatory|repeat|transcript	81
chr7	69285198	69285279	ENSG00000225718.2	gene|regulatory|repeat|transcript	81
chr7	81645442	81645523	ENSG00000293394.1	gene|regulatory|repeat|transcript	81
chr7	54788918	54788999	ENSG00000234707.5	gene|regulatory|repeat|transcript	81
chr7	73156138	73156219	ENSG00000293241.1	gene|regulatory|repeat|transcript	81
chr7	142842546	142842627	ENSG00000289938.1	gene|regulatory|repeat|transcript	81
chr7	110387204	110387285	ENSG00000226965.2	gene|regulatory|repeat|transcript	81
chr7	73245031	73245112	ENSG00000214544.8|ENSG00000290839.1	gene|regulatory|repeat|transcript	81
chr7	34648982	34649063	ENSG00000197085.11	gene|regulatory|repeat|transcript	81
chr7	34623059	34623139	ENSG00000197085.11	gene|regulatory|repeat|transcript	80
chr7	47046957	47047037	ENSG00000229192.6|ENSG00000232072.1	gene|regulatory|repeat|transcript	80
chr7	66535680	66535760	ENSG00000234500.1|ENSG00000291136.1	gene|regulatory|repeat|transcript	80
chr7	17680371	17680451	ENSG00000228675.1	gene|regulatory|repeat|transcript	80
chr7	29607063	29607143	ENSG00000293330.1	gene|regulatory|repeat|transcript	80
chr7	149623927	149624007	ENSG00000133624.15|ENSG00000291118.1	gene|regulatory|repeat|transcript	80
chr7	109590974	109591054	ENSG00000234273.1	gene|regulatory|repeat|transcript	80
chr7	66817464	66817544	ENSG00000230583.10|ENSG00000291206.1	gene|regulatory|repeat|transcript	80
chr7	46478082	46478162	ENSG00000230680.2	gene|regulatory|repeat|transcript	80
chr7	80293877	80293957	ENSG00000234223.2	gene|regulatory|repeat|transcript	80
chr7	92903226	92903306	ENSG00000237819.7	gene|regulatory|repeat|transcript	80
chr7	35992455	35992535	ENSG00000287893.1	gene|regulatory|repeat|transcript	80
chr7	142833315	142833395	ENSG00000289938.1	gene|regulatory|repeat|transcript	80
chr7	2618440	2618519	ENSG00000289352.2	gene|regulatory|repeat|transcript	79
chr7	29991985	29992064	ENSG00000227014.6	gene|regulatory|repeat|transcript	79
chr7	116629429	116629508	ENSG00000231210.3	gene|regulatory|repeat|transcript	79
chr7	20126994	20127073	ENSG00000243004.7|ENSG00000267055.1	gene|regulatory|repeat|transcript	79
chr7	30001021	30001100	ENSG00000227014.6	gene|regulatory|repeat|transcript	79
chr7	97916487	97916566	ENSG00000284707.2	gene|regulatory|repeat|transcript	79
chr7	136065792	136065871	ENSG00000230649.3	gene|regulatory|repeat|transcript	79
chr7	128552955	128553034	ENSG00000242588.7|ENSG00000280828.1	gene|regulatory|repeat|transcript	79
chr7	10720259	10720338	ENSG00000283117.1	gene|regulatory|repeat|transcript	79
chr7	13050827	13050906	ENSG00000229618.3	gene|regulatory|repeat|transcript	79
chr7	36048743	36048822	ENSG00000232930.2	gene|regulatory|repeat|transcript	79
chr7	88603124	88603203	ENSG00000233420.2	gene|regulatory|repeat|transcript	79
chr7	128172678	128172757	ENSG00000292309.1	gene|regulatory|repeat|transcript	79
chr7	42973380	42973459	ENSG00000232006.9	gene|regulatory|repeat|transcript	79
chr7	113142509	113142588	ENSG00000225457.1	gene|regulatory|repeat|transcript	79
chr7	91312731	91312810	ENSG00000243144.7	gene|regulatory|repeat|transcript	79
chr7	12926791	12926869	ENSG00000229618.3	gene|regulatory|repeat|transcript	78
chr7	116266129	116266207	ENSG00000237813.4|ENSG00000243243.5	gene|regulatory|repeat|transcript	78
chr7	2619068	2619146	ENSG00000289352.2	gene|regulatory|repeat|transcript	78
chr7	112678935	112679013	ENSG00000223646.2	gene|regulatory|repeat|transcript	78
chr7	125170334	125170412	ENSG00000224897.9	gene|regulatory|repeat|transcript	78
chr7	130845254	130845332	ENSG00000231721.8	gene|regulatory|repeat|transcript	78
chr7	112668581	112668659	ENSG00000223646.2	gene|regulatory|repeat|transcript	78
chr7	128212565	128212643	ENSG00000292309.1	gene|regulatory|repeat|transcript	78
chr7	143485702	143485780	ENSG00000229153.7	gene|regulatory|repeat|transcript	78
chr7	1508844	1508922	ENSG00000231927.1	gene|regulatory|repeat|transcript	78
chr7	80256875	80256953	ENSG00000234223.2	gene|regulatory|repeat|transcript	78
chr7	1580444	1580522	ENSG00000230487.9	gene|regulatory|repeat|transcript	78
chr7	148481255	148481332	ENSG00000283504.1	gene|regulatory|repeat|transcript	77
chr7	68186129	68186206	ENSG00000226829.2	gene|regulatory|repeat|transcript	77
chr7	115057108	115057185	ENSG00000225535.7	gene|regulatory|repeat|transcript	77
chr7	66494618	66494695	ENSG00000237310.3	gene|regulatory|repeat|transcript	77
chr7	110534418	110534495	ENSG00000226965.2	gene|regulatory|repeat|transcript	77
chr7	92903472	92903549	ENSG00000237819.7	gene|regulatory|repeat|transcript	77
chr7	29657929	29658006	ENSG00000227855.5|ENSG00000293330.1	gene|regulatory|repeat|transcript	77
chr7	12827262	12827339	ENSG00000229618.3	gene|regulatory|repeat|transcript	77
chr7	46909004	46909081	ENSG00000232072.1	gene|regulatory|repeat|transcript	77
chr7	35978084	35978161	ENSG00000287893.1	gene|regulatory|repeat|transcript	77
chr7	34596927	34597003	ENSG00000197085.11	gene|regulatory|repeat|transcript	76
chr7	24328304	24328380	ENSG00000287523.1	gene|regulatory|repeat|transcript	76
chr7	130966291	130966367	ENSG00000231721.8	gene|regulatory|repeat|transcript	76
chr7	106737013	106737089	ENSG00000243797.6	gene|regulatory|repeat|transcript	76
chr7	149823622	149823698	ENSG00000197558.14|ENSG00000293557.1	gene|regulatory|repeat|transcript	76
chr7	20911350	20911426	ENSG00000232790.3	gene|regulatory|repeat|transcript	76
chr7	3108957	3109033	ENSG00000228334.3	gene|regulatory|repeat|transcript	76
chr7	130919888	130919964	ENSG00000231721.8|ENSG00000233559.2	gene|regulatory|repeat|transcript	76
chr7	25730841	25730917	ENSG00000223561.8	gene|regulatory|repeat|transcript	76
chr7	102432799	102432875	ENSG00000239480.1	gene|regulatory|repeat|transcript	76
chr7	34219925	34220001	ENSG00000236212.2	gene|regulatory|repeat|transcript	76
chr7	7103926	7104002	ENSG00000287860.3	gene|regulatory|repeat|transcript	76
chr7	129955583	129955658	ENSG00000244036.3	gene|regulatory|repeat|transcript	75
chr7	13277210	13277285	ENSG00000229618.3	gene|regulatory|repeat|transcript	75
chr7	99320412	99320487	ENSG00000284523.2	gene|regulatory|repeat|transcript	75
chr7	1571569	1571644	ENSG00000230487.9	gene|regulatory|repeat|transcript	75
chr7	130953512	130953587	ENSG00000231721.8	gene|regulatory|repeat|transcript	75
chr7	106599625	106599700	ENSG00000243797.6	gene|regulatory|repeat|transcript	75
chr7	65754234	65754309	ENSG00000228409.9|ENSG00000290926.1|ENSG00000291124.1	gene|regulatory|repeat|transcript	75
chr7	27737616	27737691	ENSG00000229893.2	gene|regulatory|repeat|transcript	75
chr7	97937547	97937622	ENSG00000284707.2	gene|regulatory|repeat|transcript	75
chr7	145644948	145645023	ENSG00000230746.4	gene|regulatory|repeat|transcript	75
chr7	7563267	7563342	ENSG00000272894.5	gene|regulatory|repeat|transcript	75
chr7	121494720	121494795	ENSG00000289578.1	gene|regulatory|repeat|transcript	75
chr7	68172323	68172398	ENSG00000226829.2	gene|regulatory|repeat|transcript	75
chr7	156497153	156497228	ENSG00000182648.15	gene|regulatory|repeat|transcript	75
chr7	106567277	106567352	ENSG00000243797.6	gene|regulatory|repeat|transcript	75
chr7	110446336	110446411	ENSG00000226965.2	gene|regulatory|repeat|transcript	75
chr7	99944698	99944772	ENSG00000237640.1	gene|regulatory|repeat|transcript	74
chr7	126411132	126411206	ENSG00000241921.1	gene|regulatory|repeat|transcript	74
chr7	55706938	55707012	ENSG00000176826.16	gene|regulatory|repeat|transcript	74
chr7	102433015	102433089	ENSG00000239480.1	gene|regulatory|repeat|transcript	74
chr7	20120708	20120782	ENSG00000243004.7|ENSG00000267055.1	gene|regulatory|repeat|transcript	74
chr7	35782184	35782258	ENSG00000228878.10	gene|regulatory|repeat|transcript	74
chr7	100131224	100131298	ENSG00000235077.1	gene|regulatory|repeat|transcript	74
chr7	132652559	132652633	ENSG00000183470.9	gene|regulatory|repeat|transcript	74
chr7	46752166	46752240	ENSG00000233539.5	gene|regulatory|repeat|transcript	74
chr7	100248404	100248478	ENSG00000239521.12|ENSG00000291122.1	gene|regulatory|repeat|transcript	74
chr7	29613939	29614013	ENSG00000293330.1	gene|regulatory|repeat|transcript	74
chr7	35149526	35149600	ENSG00000189212.15|ENSG00000291133.1	gene|regulatory|repeat|transcript	74
chr7	131104013	131104087	ENSG00000231721.8	gene|regulatory|repeat|transcript	74
chr7	1576406	1576480	ENSG00000230487.9	gene|regulatory|repeat|transcript	74
chr7	112361217	112361291	ENSG00000226851.1	gene|regulatory|repeat|transcript	74
chr7	130949658	130949732	ENSG00000231721.8	gene|regulatory|repeat|transcript	74
chr7	95547942	95548016	ENSG00000231170.7	gene|regulatory|repeat|transcript	74
chr7	99268009	99268083	ENSG00000002079.15|ENSG00000284523.2|ENSG00000293408.1	gene|regulatory|repeat|transcript	74
chr7	13604364	13604438	ENSG00000229618.3	gene|regulatory|repeat|transcript	74
chr7	95219	95293	ENSG00000232325.4	gene|regulatory|repeat|transcript	74
chr7	81501364	81501438	ENSG00000233491.9|ENSG00000293394.1	gene|regulatory|repeat|transcript	74
chr7	129955834	129955907	ENSG00000244036.3	gene|regulatory|repeat|transcript	73
chr7	76572197	76572270	ENSG00000290873.1	gene|regulatory|repeat|transcript	73
chr7	130919301	130919374	ENSG00000231721.8|ENSG00000233559.2	gene|regulatory|repeat|transcript	73
chr7	46754612	46754685	ENSG00000233539.5	gene|regulatory|repeat|transcript	73
chr7	47078320	47078393	ENSG00000229192.6	gene|regulatory|repeat|transcript	73
chr7	191568	191641	ENSG00000240093.1	gene|regulatory|repeat|transcript	73
chr7	10663511	10663584	ENSG00000283117.1	gene|regulatory|repeat|transcript	73
chr7	124152959	124153032	ENSG00000242593.8	gene|regulatory|repeat|transcript	73
chr7	128222622	128222695	ENSG00000289434.2|ENSG00000292309.1	gene|regulatory|repeat|transcript	73
chr7	46938029	46938102	ENSG00000232072.1	gene|regulatory|repeat|transcript	73
chr7	156461436	156461509	ENSG00000182648.15	gene|regulatory|repeat|transcript	73
chr7	45769555	45769628	ENSG00000291208.1	gene|regulatory|repeat|transcript	73
chr7	128200726	128200799	ENSG00000292309.1	gene|regulatory|repeat|transcript	73
chr7	66817791	66817863	ENSG00000230583.10|ENSG00000291206.1	gene|regulatory|repeat|transcript	72
chr7	55574362	55574434	ENSG00000223475.1	gene|regulatory|repeat|transcript	72
chr7	104913970	104914042	ENSG00000225329.3	gene|regulatory|repeat|transcript	72
chr7	130909809	130909881	ENSG00000231721.8|ENSG00000233559.2	gene|regulatory|repeat|transcript	72
chr7	112678334	112678406	ENSG00000223646.2	gene|regulatory|repeat|transcript	72
chr7	9183938	9184010	ENSG00000278254.4	gene|regulatory|repeat|transcript	72
chr7	13684527	13684599	ENSG00000229618.3	gene|regulatory|repeat|transcript	72
chr7	115145968	115146040	ENSG00000233607.1	gene|regulatory|repeat|transcript	72
chr7	29558149	29558221	ENSG00000223813.5	gene|regulatory|repeat|transcript	72
chr7	65746149	65746221	ENSG00000290926.1	gene|regulatory|repeat|transcript	72
chr7	149600077	149600149	ENSG00000291118.1	gene|regulatory|repeat|transcript	72
chr7	10723913	10723985	ENSG00000283117.1	gene|regulatory|repeat|transcript	72
chr7	137082123	137082195	ENSG00000234352.9	gene|regulatory|repeat|transcript	72
chr7	155205812	155205884	ENSG00000287865.2	gene|regulatory|repeat|transcript	72
chr7	143457208	143457279	ENSG00000229153.7	gene|regulatory|repeat|transcript	71
chr7	27241808	27241879	ENSG00000253405.1	gene|regulatory|repeat|transcript	71
chr7	99311901	99311972	ENSG00000284523.2	gene|regulatory|repeat|transcript	71
chr7	69366779	69366850	ENSG00000225718.2	gene|regulatory|repeat|transcript	71
chr7	36053854	36053925	ENSG00000232930.2	gene|regulatory|repeat|transcript	71
chr7	130995896	130995967	ENSG00000231721.8	gene|regulatory|repeat|transcript	71
chr7	66031101	66031172	ENSG00000229886.1	gene|regulatory|repeat|transcript	71
chr7	20959949	20960020	ENSG00000232790.3|ENSG00000285592.1	gene|regulatory|repeat|transcript	71
chr7	136807828	136807899	ENSG00000234352.9	gene|regulatory|repeat|transcript	71
chr7	110449034	110449105	ENSG00000226965.2	gene|regulatory|repeat|transcript	71
chr7	135291067	135291138	ENSG00000276067.3|ENSG00000290805.1	gene|regulatory|repeat|transcript	71
chr7	106502004	106502075	ENSG00000243797.6|ENSG00000286076.2	gene|regulatory|repeat|transcript	71
chr7	9932986	9933057	ENSG00000235431.2	gene|regulatory|repeat|transcript	71
chr7	42671948	42672019	ENSG00000238284.2	gene|regulatory|repeat|transcript	71
chr7	51606760	51606831	ENSG00000285741.1	gene|regulatory|repeat|transcript	71
chr7	103161081	103161151	ENSG00000289956.1	gene|regulatory|repeat|transcript	70
chr7	51007124	51007194	ENSG00000228204.2	gene|regulatory|repeat|transcript	70
chr7	112391090	112391160	ENSG00000226851.1	gene|regulatory|repeat|transcript	70
chr7	65725827	65725897	ENSG00000290926.1	gene|regulatory|repeat|transcript	70
chr7	9181996	9182066	ENSG00000278254.4	gene|regulatory|repeat|transcript	70
chr7	110454739	110454809	ENSG00000226965.2	gene|regulatory|repeat|transcript	70
chr7	143469495	143469565	ENSG00000229153.7	gene|regulatory|repeat|transcript	70
chr7	68025918	68025988	ENSG00000225209.2	gene|regulatory|repeat|transcript	70
chr7	90152896	90152966	ENSG00000227646.7	gene|regulatory|repeat|transcript	70
chr7	68223689	68223759	ENSG00000226829.2	gene|regulatory|repeat|transcript	70
chr7	130982856	130982926	ENSG00000231721.8	gene|regulatory|repeat|transcript	70
chr7	129784838	129784908	ENSG00000242078.1	gene|regulatory|repeat|transcript	70
chr7	88453343	88453413	ENSG00000233420.2	gene|regulatory|repeat|transcript	70
chr7	106775200	106775270	ENSG00000228742.11	gene|regulatory|repeat|transcript	70
chr7	130900812	130900882	ENSG00000231721.8|ENSG00000233559.2	gene|regulatory|repeat|transcript	70
chr7	136326919	136326989	ENSG00000232053.7	gene|regulatory|repeat|transcript	70
chr7	25663589	25663659	ENSG00000223561.8	gene|regulatory|repeat|transcript	70
chr7	55694826	55694896	ENSG00000176826.16	gene|regulatory|repeat|transcript	70
chr7	106766135	106766205	ENSG00000243797.6	gene|regulatory|repeat|transcript	70
chr7	8284686	8284756	ENSG00000229970.3	gene|regulatory|repeat|transcript	70
chr7	17679960	17680029	ENSG00000228675.1	gene|regulatory|repeat|transcript	69
chr7	131070062	131070131	ENSG00000231721.8	gene|regulatory|repeat|transcript	69
chr7	29563002	29563071	ENSG00000223813.5	gene|regulatory|repeat|transcript	69
chr7	41730259	41730328	ENSG00000224116.7	gene|regulatory|repeat|transcript	69
chr7	51009559	51009628	ENSG00000228204.2	gene|regulatory|repeat|transcript	69
chr7	27739063	27739132	ENSG00000229893.2	gene|regulatory|repeat|transcript	69
chr7	25664893	25664962	ENSG00000223561.8	gene|regulatory|repeat|transcript	69
chr7	130918970	130919039	ENSG00000231721.8|ENSG00000233559.2	gene|regulatory|repeat|transcript	69
chr7	28209375	28209444	ENSG00000234336.7	gene|regulatory|repeat|transcript	69
chr7	13153953	13154022	ENSG00000229618.3	gene|regulatory|repeat|transcript	69
chr7	135798037	135798106	ENSG00000224746.2	gene|regulatory|repeat|transcript	69
chr7	48708914	48708983	ENSG00000285536.1	gene|regulatory|repeat|transcript	69
chr7	26609379	26609448	ENSG00000286507.1	gene|regulatory|repeat|transcript	69
chr7	106690816	106690885	ENSG00000243797.6	gene|regulatory|repeat|transcript	69
chr7	115066367	115066436	ENSG00000225535.7|ENSG00000233607.1	gene|regulatory|repeat|transcript	69
chr7	152743810	152743879	ENSG00000289146.2	gene|regulatory|repeat|transcript	69
chr7	19930175	19930244	ENSG00000243004.7	gene|regulatory|repeat|transcript	69
chr7	152752823	152752892	ENSG00000289146.2	gene|regulatory|repeat|transcript	69
chr7	135853801	135853869	ENSG00000224746.2	gene|regulatory|repeat|transcript	68
chr7	13079966	13080034	ENSG00000229618.3	gene|regulatory|repeat|transcript	68
chr7	67339609	67339677	ENSG00000291153.1	gene|regulatory|repeat|transcript	68
chr7	88256979	88257047	ENSG00000228113.7	gene|regulatory|repeat|transcript	68
chr7	55574442	55574510	ENSG00000223475.1	gene|regulatory|repeat|transcript	68
chr7	43071785	43071853	ENSG00000232006.9	gene|regulatory|repeat|transcript	68
chr7	99313349	99313417	ENSG00000284523.2	gene|regulatory|repeat|transcript	68
chr7	128860479	128860547	ENSG00000242902.1	gene|regulatory|repeat|transcript	68
chr7	3159480	3159548	ENSG00000217455.8	gene|regulatory|repeat|transcript	68
chr7	100237116	100237184	ENSG00000239521.12|ENSG00000291122.1	gene|regulatory|repeat|transcript	68
chr7	29598901	29598969	ENSG00000293330.1	gene|regulatory|repeat|transcript	68
chr7	39825097	39825165	ENSG00000237251.2	gene|regulatory|repeat|transcript	68
chr7	152755907	152755975	ENSG00000289146.2	gene|regulatory|repeat|transcript	68
chr7	25840346	25840414	ENSG00000290025.1	gene|regulatory|repeat|transcript	68
chr7	30563654	30563722	ENSG00000196295.13	gene|regulatory|repeat|transcript	68
chr7	130932307	130932375	ENSG00000231721.8	gene|regulatory|repeat|transcript	68
chr7	19944870	19944937	ENSG00000243004.7	gene|regulatory|repeat|transcript	67
chr7	20299759	20299826	ENSG00000226097.6	gene|regulatory|repeat|transcript	67
chr7	92485274	92485341	ENSG00000244055.2	gene|regulatory|repeat|transcript	67
chr7	20874156	20874223	ENSG00000232790.3	gene|regulatory|repeat|transcript	67
chr7	66588993	66589060	ENSG00000291136.1	gene|regulatory|repeat|transcript	67
chr7	77008035	77008102	ENSG00000265479.7	gene|regulatory|repeat|transcript	67
chr7	69596988	69597055	ENSG00000234215.3	gene|regulatory|repeat|transcript	67
chr7	142615976	142616043	ENSG00000276557.1	gene|regulatory|repeat|transcript	67
chr7	136294680	136294747	ENSG00000232053.7	gene|regulatory|repeat|transcript	67
chr7	35509433	35509500	ENSG00000235464.1	gene|regulatory|repeat|transcript	67
chr7	91382521	91382588	ENSG00000235450.1|ENSG00000243144.7	gene|regulatory|repeat|transcript	67
chr7	129779712	129779779	ENSG00000286380.3	gene|regulatory|repeat|transcript	67
chr7	88260792	88260859	ENSG00000228113.7	gene|regulatory|repeat|transcript	67
chr7	120168394	120168461	ENSG00000233417.2|ENSG00000233969.2	gene|regulatory|repeat|transcript	67
chr7	32922163	32922230	ENSG00000205763.16|ENSG00000291146.1	gene|regulatory|repeat|transcript	67
chr7	68177212	68177279	ENSG00000226829.2	gene|regulatory|repeat|transcript	67
chr7	94294799	94294866	ENSG00000285090.1	gene|regulatory|repeat|transcript	67
chr7	332514	332580	ENSG00000287342.1	gene|regulatory|repeat|transcript	66
chr7	92904110	92904176	ENSG00000237819.7	gene|regulatory|repeat|transcript	66
chr7	2619587	2619653	ENSG00000289352.2	gene|regulatory|repeat|transcript	66
chr7	6725325	6725391	ENSG00000290835.1	gene|regulatory|repeat|transcript	66
chr7	65272982	65273048	ENSG00000282381.2	gene|regulatory|repeat|transcript	66
chr7	46930396	46930462	ENSG00000232072.1	gene|regulatory|repeat|transcript	66
chr7	46753204	46753270	ENSG00000233539.5	gene|regulatory|repeat|transcript	66
chr7	1508773	1508839	ENSG00000231927.1	gene|regulatory|repeat|transcript	66
chr7	119753324	119753390	ENSG00000225546.6	gene|regulatory|repeat|transcript	66
chr7	94004737	94004803	ENSG00000236861.6	gene|regulatory|repeat|transcript	66
chr7	27190082	27190147	ENSG00000253508.1	gene|regulatory|repeat|transcript	65
chr7	27392145	27392210	ENSG00000224322.2	gene|regulatory|repeat|transcript	65
chr7	136261753	136261818	ENSG00000232053.7	gene|regulatory|repeat|transcript	65
chr7	34426082	34426147	ENSG00000197085.11	gene|regulatory|repeat|transcript	65
chr7	99308809	99308874	ENSG00000284523.2|ENSG00000293560.1	gene|regulatory|repeat|transcript	65
chr7	66844044	66844109	ENSG00000291206.1	gene|regulatory|repeat|transcript	65
chr7	24786991	24787056	ENSG00000287093.1	gene|regulatory|repeat|transcript	65
chr7	8277648	8277713	ENSG00000229970.3	gene|regulatory|repeat|transcript	65
chr7	45495683	45495748	ENSG00000225537.1	gene|regulatory|repeat|transcript	65
chr7	125061447	125061512	ENSG00000224897.9	gene|regulatory|repeat|transcript	65
chr7	128597451	128597516	ENSG00000242588.7|ENSG00000280828.1	gene|regulatory|repeat|transcript	65
chr7	149581085	149581150	ENSG00000291118.1	gene|regulatory|repeat|transcript	65
chr7	12727856	12727921	ENSG00000229618.3	gene|regulatory|repeat|transcript	65
chr7	29663280	29663345	ENSG00000227855.5|ENSG00000293330.1	gene|regulatory|repeat|transcript	65
chr7	130911198	130911263	ENSG00000231721.8|ENSG00000233559.2	gene|regulatory|repeat|transcript	65
chr7	106380746	106380811	ENSG00000243797.6	gene|regulatory|repeat|transcript	65
chr7	66540223	66540288	ENSG00000234500.1|ENSG00000291136.1	gene|regulatory|repeat|transcript	65
chr7	153411516	153411581	ENSG00000234722.5	gene|regulatory|repeat|transcript	65
chr7	20032308	20032373	ENSG00000243004.7	gene|regulatory|repeat|transcript	65
chr7	20078810	20078875	ENSG00000243004.7	gene|regulatory|repeat|transcript	65
chr7	157013812	157013877	ENSG00000243479.3	gene|regulatory|repeat|transcript	65
chr7	124188	124252	ENSG00000287883.1	gene|regulatory|repeat|transcript	64
chr7	67360885	67360949	ENSG00000291153.1	gene|regulatory|repeat|transcript	64
chr7	66590675	66590739	ENSG00000291136.1	gene|regulatory|repeat|transcript	64
chr7	150365468	150365532	ENSG00000240449.1	gene|regulatory|repeat|transcript	64
chr7	103447798	103447862	ENSG00000234715.2	gene|regulatory|repeat|transcript	64
chr7	50203537	50203601	ENSG00000231681.2	gene|regulatory|repeat|transcript	64
chr7	121497156	121497220	ENSG00000289578.1	gene|regulatory|repeat|transcript	64
chr7	24373581	24373645	ENSG00000287523.1	gene|regulatory|repeat|transcript	64
chr7	42678551	42678615	ENSG00000238284.2	gene|regulatory|repeat|transcript	64
chr7	7968726	7968790	ENSG00000233108.1|ENSG00000283549.1	gene|regulatory|repeat|transcript	64
chr7	91455491	91455555	ENSG00000235450.1|ENSG00000243144.7	gene|regulatory|repeat|transcript	64
chr7	131934459	131934523	ENSG00000224865.8	gene|regulatory|repeat|transcript	64
chr7	39745569	39745633	ENSG00000188185.13	gene|regulatory|repeat|transcript	64
chr7	130889530	130889594	ENSG00000231721.8|ENSG00000233559.2	gene|regulatory|repeat|transcript	64
chr7	16710519	16710583	ENSG00000235837.1	gene|regulatory|repeat|transcript	64
chr7	77006179	77006242	ENSG00000265479.7	gene|regulatory|repeat|transcript	63
chr7	121275	121338	ENSG00000287883.1	gene|regulatory|repeat|transcript	63
chr7	142831510	142831573	ENSG00000289938.1	gene|regulatory|repeat|transcript	63
chr7	77693293	77693356	ENSG00000214293.11	gene|regulatory|repeat|transcript	63
chr7	35496610	35496673	ENSG00000235464.1	gene|regulatory|repeat|transcript	63
chr7	20300226	20300289	ENSG00000226097.6	gene|regulatory|repeat|transcript	63
chr7	88227281	88227344	ENSG00000228113.7	gene|regulatory|repeat|transcript	63
chr7	17489265	17489328	ENSG00000236039.3	gene|regulatory|repeat|transcript	63
chr7	112995330	112995393	ENSG00000234520.8	gene|regulatory|repeat|transcript	63
chr7	91344439	91344502	ENSG00000243144.7	gene|regulatory|repeat|transcript	63
chr7	17501976	17502039	ENSG00000236039.3	gene|regulatory|repeat|transcript	63
chr7	69192157	69192220	ENSG00000225718.2	gene|regulatory|repeat|transcript	63
chr7	13860201	13860264	ENSG00000224330.2	gene|regulatory|repeat|transcript	63
chr7	16718380	16718443	ENSG00000235837.1	gene|regulatory|repeat|transcript	63
chr7	148588890	148588953	ENSG00000287636.2	gene|regulatory|repeat|transcript	63
chr7	51009316	51009379	ENSG00000228204.2	gene|regulatory|repeat|transcript	63
chr7	149560685	149560748	ENSG00000291118.1	gene|regulatory|repeat|transcript	63
chr7	145648474	145648537	ENSG00000230746.4	gene|regulatory|repeat|transcript	63
chr7	29635983	29636046	ENSG00000293330.1	gene|regulatory|repeat|transcript	63
chr7	81682987	81683050	ENSG00000293394.1	gene|regulatory|repeat|transcript	63
chr7	150048424	150048487	ENSG00000241449.6	gene|regulatory|repeat|transcript	63
chr7	124459899	124459962	ENSG00000242593.8	gene|regulatory|repeat|transcript	63
chr7	56568100	56568163	ENSG00000213650.3	gene|regulatory|repeat|transcript	63
chr7	106589767	106589830	ENSG00000243797.6|ENSG00000267052.3	gene|regulatory|repeat|transcript	63
chr7	65251330	65251393	ENSG00000289108.1	gene|regulatory|repeat|transcript	63
chr7	129974508	129974571	ENSG00000244036.3	gene|regulatory|repeat|transcript	63
chr7	20123116	20123179	ENSG00000243004.7|ENSG00000267055.1	gene|regulatory|repeat|transcript	63
chr7	102431142	102431204	ENSG00000239480.1	gene|regulatory|repeat|transcript	62
chr7	100351900	100351962	ENSG00000272752.6	gene|regulatory|repeat|transcript	62
chr7	69276871	69276933	ENSG00000225718.2	gene|regulatory|repeat|transcript	62
chr7	46987432	46987494	ENSG00000223829.6|ENSG00000232072.1	gene|regulatory|repeat|transcript	62
chr7	26490200	26490262	ENSG00000214870.11	gene|regulatory|repeat|transcript	62
chr7	150433829	150433891	ENSG00000242258.2	gene|regulatory|repeat|transcript	62
chr7	136710228	136710290	ENSG00000234352.9	gene|regulatory|repeat|transcript	62
chr7	129776707	129776769	ENSG00000286380.3	gene|regulatory|repeat|transcript	62
chr7	92903336	92903398	ENSG00000237819.7	gene|regulatory|repeat|transcript	62
chr7	13279884	13279946	ENSG00000229618.3	gene|regulatory|repeat|transcript	62
chr7	99944188	99944250	ENSG00000237640.1	gene|regulatory|repeat|transcript	62
chr7	29658130	29658192	ENSG00000227855.5|ENSG00000293330.1	gene|regulatory|repeat|transcript	62
chr7	29990289	29990351	ENSG00000227014.6	gene|regulatory|repeat|transcript	62
chr7	77418853	77418914	ENSG00000273341.2	gene|regulatory|repeat|transcript	61
chr7	26403917	26403978	ENSG00000214870.11	gene|regulatory|repeat|transcript	61
chr7	92478259	92478320	ENSG00000244055.2	gene|regulatory|repeat|transcript	61
chr7	66522776	66522837	ENSG00000234500.1	gene|regulatory|repeat|transcript	61
chr7	100483741	100483802	ENSG00000286938.1	gene|regulatory|repeat|transcript	61
chr7	121451690	121451751	ENSG00000289578.1	gene|regulatory|repeat|transcript	61
chr7	34281546	34281607	ENSG00000236212.2	gene|regulatory|repeat|transcript	61
chr7	34385684	34385745	ENSG00000197085.11	gene|regulatory|repeat|transcript	61
chr7	157490281	157490342	ENSG00000234210.1	gene|regulatory|repeat|transcript	61
chr7	143279387	143279448	ENSG00000231840.2	gene|regulatory|repeat|transcript	61
chr7	22864561	22864622	ENSG00000226329.2|ENSG00000228649.11	gene|regulatory|repeat|transcript	61
chr7	35509353	35509414	ENSG00000235464.1	gene|regulatory|repeat|transcript	61
chr7	73156077	73156138	ENSG00000293241.1	gene|regulatory|repeat|transcript	61
chr7	81501458	81501519	ENSG00000233491.9|ENSG00000293394.1	gene|regulatory|repeat|transcript	61
chr7	119907231	119907292	ENSG00000225546.6	gene|regulatory|repeat|transcript	61
chr7	136079552	136079613	ENSG00000230649.3	gene|regulatory|repeat|transcript	61
chr7	25624991	25625052	ENSG00000223561.8	gene|regulatory|repeat|transcript	61
chr7	157495751	157495812	ENSG00000234210.1	gene|regulatory|repeat|transcript	61
chr7	100239922	100239983	ENSG00000239521.12|ENSG00000291122.1	gene|regulatory|repeat|transcript	61
chr7	128461432	128461493	ENSG00000240758.2|ENSG00000273184.1	gene|regulatory|repeat|transcript	61
chr7	66552375	66552436	ENSG00000291136.1	gene|regulatory|repeat|transcript	61
chr7	100000887	100000947	ENSG00000286923.3	gene|regulatory|repeat|transcript	60
chr7	25709129	25709189	ENSG00000223561.8	gene|regulatory|repeat|transcript	60
chr7	120226469	120226529	ENSG00000233417.2	gene|regulatory|repeat|transcript	60
chr7	525882	525942	ENSG00000223855.4	gene|regulatory|repeat|transcript	60
chr7	99274488	99274548	ENSG00000002079.15|ENSG00000284523.2	gene|regulatory|repeat|transcript	60
chr7	106736583	106736643	ENSG00000243797.6	gene|regulatory|repeat|transcript	60
chr7	11331407	11331467	ENSG00000230333.6	gene|regulatory|repeat|transcript	60
chr7	12888753	12888813	ENSG00000229618.3	gene|regulatory|repeat|transcript	60
chr7	46752398	46752458	ENSG00000233539.5	gene|regulatory|repeat|transcript	60
chr7	128208536	128208596	ENSG00000292309.1	gene|regulatory|repeat|transcript	60
chr7	130925657	130925717	ENSG00000231721.8|ENSG00000233559.2	gene|regulatory|repeat|transcript	60
chr7	91345432	91345492	ENSG00000243144.7	gene|regulatory|repeat|transcript	60
chr7	17679894	17679954	ENSG00000228675.1	gene|regulatory|repeat|transcript	60
chr7	34497405	34497465	ENSG00000197085.11	gene|regulatory|repeat|transcript	60
chr7	35258675	35258735	ENSG00000226063.1	gene|regulatory|repeat|transcript	60
chr7	81639541	81639601	ENSG00000293394.1	gene|regulatory|repeat|transcript	60
chr7	155211817	155211877	ENSG00000287865.2	gene|regulatory|repeat|transcript	60
chr7	124451300	124451359	ENSG00000242593.8	gene|regulatory|repeat|transcript	59
chr7	106422025	106422084	ENSG00000243797.6	gene|regulatory|repeat|transcript	59
chr7	7265810	7265869	ENSG00000230825.3	gene|regulatory|repeat|transcript	59
chr7	2618776	2618835	ENSG00000289352.2	gene|regulatory|repeat|transcript	59
chr7	150400227	150400286	ENSG00000284048.2	gene|regulatory|repeat|transcript	59
chr7	73235374	73235433	ENSG00000182487.13|ENSG00000290838.1	gene|regulatory|repeat|transcript	59
chr7	81210725	81210784	ENSG00000289996.1	gene|regulatory|repeat|transcript	59
chr7	143429333	143429392	ENSG00000229153.7	gene|regulatory|repeat|transcript	59
chr7	155447668	155447727	ENSG00000236544.1	gene|regulatory|repeat|transcript	59
chr7	99313173	99313232	ENSG00000284523.2	gene|regulatory|repeat|transcript	59
chr7	11316027	11316086	ENSG00000230333.6	gene|regulatory|repeat|transcript	59
chr7	42672725	42672784	ENSG00000238284.2	gene|regulatory|repeat|transcript	59
chr7	110130688	110130747	ENSG00000226965.2	gene|regulatory|repeat|transcript	59
chr7	44038092	44038151	ENSG00000228903.8|ENSG00000285596.1|ENSG00000290758.1	gene|regulatory|repeat|transcript	59
chr7	46710760	46710819	ENSG00000233539.5	gene|regulatory|repeat|transcript	59
chr7	100126195	100126254	ENSG00000242798.1	gene|regulatory|repeat|transcript	59
chr7	92557651	92557710	ENSG00000278819.1	gene|regulatory|repeat|transcript	59
chr7	131035308	131035366	ENSG00000231721.8	gene|regulatory|repeat|transcript	58
chr7	51340746	51340804	ENSG00000288798.2	gene|regulatory|repeat|transcript	58
chr7	17489115	17489173	ENSG00000236039.3	gene|regulatory|repeat|transcript	58
chr7	19519625	19519683	ENSG00000223838.2	gene|regulatory|repeat|transcript	58
chr7	131046560	131046618	ENSG00000231721.8	gene|regulatory|repeat|transcript	58
chr7	69209139	69209197	ENSG00000225718.2	gene|regulatory|repeat|transcript	58
chr7	34595068	34595126	ENSG00000197085.11	gene|regulatory|repeat|transcript	58
chr7	142833429	142833487	ENSG00000289938.1	gene|regulatory|repeat|transcript	58
chr7	52500445	52500503	ENSG00000286908.1	gene|regulatory|repeat|transcript	58
chr7	94352010	94352068	ENSG00000285090.1	gene|regulatory|repeat|transcript	58
chr7	129095501	129095559	ENSG00000241102.1	gene|regulatory|repeat|transcript	58
chr7	11329537	11329595	ENSG00000230333.6	gene|regulatory|repeat|transcript	58
chr7	130889291	130889349	ENSG00000231721.8|ENSG00000233559.2	gene|regulatory|repeat|transcript	58
chr7	94290883	94290941	ENSG00000285090.1	gene|regulatory|repeat|transcript	58
chr7	54781409	54781467	ENSG00000234707.5	gene|regulatory|repeat|transcript	58
chr7	13604011	13604069	ENSG00000229618.3	gene|regulatory|repeat|transcript	58
chr7	135856567	135856625	ENSG00000224746.2	gene|regulatory|repeat|transcript	58
chr7	65216692	65216750	ENSG00000290545.1	gene|regulatory|repeat|transcript	58
chr7	43960005	43960063	ENSG00000214783.9|ENSG00000273432.1	gene|regulatory|repeat|transcript	58
chr7	99977031	99977089	ENSG00000286921.1	gene|regulatory|repeat|transcript	58
chr7	76990028	76990086	ENSG00000186704.9|ENSG00000265479.7	gene|regulatory|repeat|transcript	58
chr7	32658729	32658787	ENSG00000229358.3	gene|regulatory|repeat|transcript	58
chr7	34210232	34210290	ENSG00000236212.2	gene|regulatory|repeat|transcript	58
chr7	13115147	13115204	ENSG00000229618.3	gene|regulatory|repeat|transcript	57
chr7	76102046	76102103	ENSG00000290729.1	gene|regulatory|repeat|transcript	57
chr7	75156944	75157001	ENSG00000165178.9	gene|regulatory|repeat|transcript	57
chr7	43018772	43018829	ENSG00000232006.9	gene|regulatory|repeat|transcript	57
chr7	29622467	29622524	ENSG00000293330.1	gene|regulatory|repeat|transcript	57
chr7	135802688	135802745	ENSG00000224746.2	gene|regulatory|repeat|transcript	57
chr7	25620906	25620963	ENSG00000223561.8	gene|regulatory|repeat|transcript	57
chr7	81624654	81624711	ENSG00000293394.1	gene|regulatory|repeat|transcript	57
chr7	128583804	128583861	ENSG00000242588.7|ENSG00000280828.1	gene|regulatory|repeat|transcript	57
chr7	56435719	56435776	ENSG00000291184.1	gene|regulatory|repeat|transcript	57
chr7	103196257	103196314	ENSG00000170629.17|ENSG00000289956.1|ENSG00000291139.1	gene|regulatory|repeat|transcript	57
chr7	7090489	7090546	ENSG00000287860.3	gene|regulatory|repeat|transcript	57
chr7	112392126	112392183	ENSG00000226851.1	gene|regulatory|repeat|transcript	57
chr7	66157124	66157181	ENSG00000234185.2	gene|regulatory|repeat|transcript	57
chr7	100006393	100006450	ENSG00000286923.3	gene|regulatory|repeat|transcript	57
chr7	51340554	51340611	ENSG00000288798.2	gene|regulatory|repeat|transcript	57
chr7	134284782	134284839	ENSG00000231098.1	gene|regulatory|repeat|transcript	57
chr7	7565473	7565530	ENSG00000272894.5	gene|regulatory|repeat|transcript	57
chr7	145639316	145639373	ENSG00000230746.4	gene|regulatory|repeat|transcript	57
chr7	27192596	27192653	ENSG00000253508.1	gene|regulatory|repeat|transcript	57
chr7	29674901	29674957	ENSG00000227855.5|ENSG00000293330.1	gene|regulatory|repeat|transcript	56
chr7	67310108	67310164	ENSG00000291153.1	gene|regulatory|repeat|transcript	56
chr7	130917112	130917168	ENSG00000231721.8|ENSG00000233559.2	gene|regulatory|repeat|transcript	56
chr7	131108803	131108859	ENSG00000231721.8	gene|regulatory|repeat|transcript	56
chr7	131920552	131920608	ENSG00000224865.8	gene|regulatory|repeat|transcript	56
chr7	13041786	13041842	ENSG00000229618.3	gene|regulatory|repeat|transcript	56
chr7	32738812	32738868	ENSG00000229358.3|ENSG00000293076.1	gene|regulatory|repeat|transcript	56
chr7	101202083	101202139	ENSG00000205267.5	gene|regulatory|repeat|transcript	56
chr7	155211918	155211974	ENSG00000287865.2	gene|regulatory|repeat|transcript	56
chr7	67343172	67343228	ENSG00000291153.1	gene|regulatory|repeat|transcript	56
chr7	130907153	130907209	ENSG00000231721.8|ENSG00000233559.2	gene|regulatory|repeat|transcript	56
chr7	143487325	143487381	ENSG00000229153.7	gene|regulatory|repeat|transcript	56
chr7	112750027	112750083	ENSG00000223646.2	gene|regulatory|repeat|transcript	56
chr7	100237888	100237944	ENSG00000239521.12|ENSG00000291122.1	gene|regulatory|repeat|transcript	56
chr7	24373009	24373065	ENSG00000287523.1	gene|regulatory|repeat|transcript	56
chr7	50960866	50960922	ENSG00000228204.2	gene|regulatory|repeat|transcript	56
chr7	119544988	119545044	ENSG00000225546.6	gene|regulatory|repeat|transcript	56
chr7	29556818	29556874	ENSG00000223813.5	gene|regulatory|repeat|transcript	56
chr7	106767092	106767148	ENSG00000243797.6	gene|regulatory|repeat|transcript	56
chr7	25625135	25625191	ENSG00000223561.8	gene|regulatory|repeat|transcript	56
chr7	20076708	20076764	ENSG00000243004.7	gene|regulatory|repeat|transcript	56
chr7	191148	191204	ENSG00000240093.1	gene|regulatory|repeat|transcript	56
chr7	131013812	131013868	ENSG00000231721.8	gene|regulatory|repeat|transcript	56
chr7	95546058	95546113	ENSG00000231170.7	gene|regulatory|repeat|transcript	55
chr7	35496673	35496728	ENSG00000235464.1	gene|regulatory|repeat|transcript	55
chr7	130925903	130925958	ENSG00000231721.8|ENSG00000233559.2	gene|regulatory|repeat|transcript	55
chr7	128597064	128597119	ENSG00000242588.7|ENSG00000280828.1	gene|regulatory|repeat|transcript	55
chr7	124181247	124181302	ENSG00000242593.8	gene|regulatory|repeat|transcript	55
chr7	13465110	13465165	ENSG00000229618.3	gene|regulatory|repeat|transcript	55
chr7	26443929	26443984	ENSG00000214870.11	gene|regulatory|repeat|transcript	55
chr7	106418820	106418875	ENSG00000243797.6	gene|regulatory|repeat|transcript	55
chr7	136389993	136390048	ENSG00000232053.7	gene|regulatory|repeat|transcript	55
chr7	94056857	94056912	ENSG00000236453.5	gene|regulatory|repeat|transcript	55
chr7	65745985	65746040	ENSG00000290926.1	gene|regulatory|repeat|transcript	55
chr7	38336661	38336716	ENSG00000281103.4	gene|regulatory|repeat|transcript	55
chr7	38372558	38372613	ENSG00000281103.4	gene|regulatory|repeat|transcript	55
chr7	69368641	69368696	ENSG00000225718.2	gene|regulatory|repeat|transcript	55
chr7	44036850	44036905	ENSG00000228903.8|ENSG00000285596.1|ENSG00000290758.1	gene|regulatory|repeat|transcript	55
chr7	123818121	123818176	ENSG00000228211.2	gene|regulatory|repeat|transcript	55
chr7	155204984	155205039	ENSG00000228521.2|ENSG00000287865.2	gene|regulatory|repeat|transcript	55
chr7	36036582	36036637	ENSG00000232930.2	gene|regulatory|repeat|transcript	55
chr7	120015	120069	ENSG00000287883.1	gene|regulatory|repeat|transcript	54
chr7	43959735	43959789	ENSG00000214783.9|ENSG00000273432.1	gene|regulatory|repeat|transcript	54
chr7	124153140	124153194	ENSG00000242593.8	gene|regulatory|repeat|transcript	54
chr7	50882729	50882783	ENSG00000228204.2	gene|regulatory|repeat|transcript	54
chr7	99311972	99312026	ENSG00000284523.2	gene|regulatory|repeat|transcript	54
chr7	63926529	63926583	ENSG00000287588.1	gene|regulatory|repeat|transcript	54
chr7	34653555	34653609	ENSG00000197085.11	gene|regulatory|repeat|transcript	54
chr7	43078048	43078102	ENSG00000232006.9	gene|regulatory|repeat|transcript	54
chr7	88611045	88611099	ENSG00000233420.2	gene|regulatory|repeat|transcript	54
chr7	149624028	149624082	ENSG00000133624.15|ENSG00000291118.1	gene|regulatory|repeat|transcript	54
chr7	106669127	106669181	ENSG00000243797.6	gene|regulatory|repeat|transcript	54
chr7	132759975	132760029	ENSG00000225881.2	gene|regulatory|repeat|transcript	54
chr7	106794561	106794615	ENSG00000228742.11	gene|regulatory|repeat|transcript	54
chr7	124997123	124997177	ENSG00000224897.9	gene|regulatory|repeat|transcript	54
chr7	94039999	94040053	ENSG00000236453.5	gene|regulatory|repeat|transcript	54
chr7	116574936	116574990	ENSG00000231210.3	gene|regulatory|repeat|transcript	54
chr7	100243495	100243549	ENSG00000239521.12|ENSG00000291122.1	gene|regulatory|repeat|transcript	54
chr7	94306265	94306319	ENSG00000285090.1	gene|regulatory|repeat|transcript	54
chr7	130911284	130911338	ENSG00000231721.8|ENSG00000233559.2	gene|regulatory|repeat|transcript	54
chr7	43055277	43055331	ENSG00000232006.9	gene|regulatory|repeat|transcript	54
chr7	6725714	6725768	ENSG00000290835.1	gene|regulatory|repeat|transcript	54
chr7	77665496	77665550	ENSG00000214293.11	gene|regulatory|repeat|transcript	54
chr7	69190821	69190875	ENSG00000225718.2	gene|regulatory|repeat|transcript	54
chr7	35993738	35993792	ENSG00000287893.1	gene|regulatory|repeat|transcript	54
chr7	130907693	130907747	ENSG00000231721.8|ENSG00000233559.2	gene|regulatory|repeat|transcript	54
chr7	13041564	13041617	ENSG00000229618.3	gene|regulatory|repeat|transcript	53
chr7	99312954	99313007	ENSG00000284523.2	gene|regulatory|repeat|transcript	53
chr7	123995887	123995940	ENSG00000241345.1	gene|regulatory|repeat|transcript	53
chr7	99272913	99272966	ENSG00000002079.15|ENSG00000284523.2	gene|regulatory|repeat|transcript	53
chr7	13050739	13050792	ENSG00000229618.3	gene|regulatory|repeat|transcript	53
chr7	12951500	12951553	ENSG00000229618.3	gene|regulatory|repeat|transcript	53
chr7	35726462	35726515	ENSG00000227544.10	gene|regulatory|repeat|transcript	53
chr7	13058304	13058357	ENSG00000229618.3	gene|regulatory|repeat|transcript	53
chr7	151412665	151412718	ENSG00000243836.7	gene|regulatory|repeat|transcript	53
chr7	23895884	23895937	ENSG00000227930.1	gene|regulatory|repeat|transcript	53
chr7	136324593	136324646	ENSG00000232053.7	gene|regulatory|repeat|transcript	53
chr7	123096526	123096579	ENSG00000226680.2	gene|regulatory|repeat|transcript	53
chr7	115229251	115229304	ENSG00000233607.1	gene|regulatory|repeat|transcript	53
chr7	156470730	156470783	ENSG00000182648.15	gene|regulatory|repeat|transcript	53
chr7	116266006	116266059	ENSG00000237813.4|ENSG00000243243.5	gene|regulatory|repeat|transcript	53
chr7	131055479	131055532	ENSG00000231721.8	gene|regulatory|repeat|transcript	53
chr7	36781598	36781651	ENSG00000235728.1	gene|regulatory|repeat|transcript	53
chr7	68183900	68183953	ENSG00000226829.2	gene|regulatory|repeat|transcript	53
chr7	128194676	128194729	ENSG00000292309.1	gene|regulatory|repeat|transcript	53
chr7	100602282	100602335	ENSG00000224729.6	gene|regulatory|repeat|transcript	53
chr7	115066092	115066145	ENSG00000225535.7|ENSG00000233607.1	gene|regulatory|repeat|transcript	53
chr7	42973461	42973514	ENSG00000232006.9	gene|regulatory|repeat|transcript	53
chr7	112713830	112713883	ENSG00000223646.2	gene|regulatory|repeat|transcript	53
chr7	65750597	65750650	ENSG00000290926.1	gene|regulatory|repeat|transcript	53
chr7	108614720	108614773	ENSG00000225647.2	gene|regulatory|repeat|transcript	53
chr7	27361722	27361774	ENSG00000224322.2	gene|regulatory|repeat|transcript	52
chr7	24228628	24228680	ENSG00000228944.1	gene|regulatory|repeat|transcript	52
chr7	426538	426590	ENSG00000286710.1	gene|regulatory|repeat|transcript	52
chr7	130458	130510	ENSG00000287883.1	gene|regulatory|repeat|transcript	52
chr7	128190014	128190066	ENSG00000292309.1	gene|regulatory|repeat|transcript	52
chr7	7046268	7046320	ENSG00000287860.3	gene|regulatory|repeat|transcript	52
chr7	69276933	69276985	ENSG00000225718.2	gene|regulatory|repeat|transcript	52
chr7	36047199	36047251	ENSG00000232930.2	gene|regulatory|repeat|transcript	52
chr7	3272715	3272767	ENSG00000236708.1	gene|regulatory|repeat|transcript	52
chr7	142832422	142832474	ENSG00000289938.1	gene|regulatory|repeat|transcript	52
chr7	5140098	5140150	ENSG00000291037.1	gene|regulatory|repeat|transcript	52
chr7	124482550	124482602	ENSG00000242593.8	gene|regulatory|repeat|transcript	52
chr7	39761460	39761512	ENSG00000188185.13	gene|regulatory|repeat|transcript	52
chr7	41752876	41752928	ENSG00000224116.7	gene|regulatory|repeat|transcript	52
chr7	128192634	128192686	ENSG00000292309.1	gene|regulatory|repeat|transcript	52
chr7	34653146	34653198	ENSG00000197085.11	gene|regulatory|repeat|transcript	52
chr7	46284984	46285036	ENSG00000229459.1	gene|regulatory|repeat|transcript	52
chr7	69430468	69430520	ENSG00000225718.2	gene|regulatory|repeat|transcript	52
chr7	136275373	136275425	ENSG00000232053.7	gene|regulatory|repeat|transcript	52
chr7	20305339	20305391	ENSG00000226097.6	gene|regulatory|repeat|transcript	52
chr7	48708991	48709043	ENSG00000285536.1	gene|regulatory|repeat|transcript	52
chr7	45192096	45192148	ENSG00000289251.2	gene|regulatory|repeat|transcript	52
chr7	25361395	25361447	ENSG00000260951.2	gene|regulatory|repeat|transcript	52
chr7	12901332	12901384	ENSG00000229618.3	gene|regulatory|repeat|transcript	52
chr7	124274998	124275050	ENSG00000242593.8|ENSG00000243574.2	gene|regulatory|repeat|transcript	52
chr7	13159800	13159852	ENSG00000229618.3	gene|regulatory|repeat|transcript	52
chr7	129974228	129974279	ENSG00000244036.3	gene|regulatory|repeat|transcript	51
chr7	119712006	119712057	ENSG00000225546.6	gene|regulatory|repeat|transcript	51
chr7	116631857	116631908	ENSG00000231210.3	gene|regulatory|repeat|transcript	51
chr7	97920011	97920062	ENSG00000284707.2	gene|regulatory|repeat|transcript	51
chr7	76129407	76129458	ENSG00000224273.2	gene|regulatory|repeat|transcript	51
chr7	43028286	43028337	ENSG00000232006.9	gene|regulatory|repeat|transcript	51
chr7	13067368	13067419	ENSG00000229618.3	gene|regulatory|repeat|transcript	51
chr7	43072937	43072988	ENSG00000232006.9	gene|regulatory|repeat|transcript	51
chr7	137142381	137142432	ENSG00000234352.9	gene|regulatory|repeat|transcript	51
chr7	91351563	91351614	ENSG00000243144.7	gene|regulatory|repeat|transcript	51
chr7	100248171	100248222	ENSG00000239521.12|ENSG00000291122.1	gene|regulatory|repeat|transcript	51
chr7	128462783	128462834	ENSG00000240758.2|ENSG00000273184.1	gene|regulatory|repeat|transcript	51
chr7	92848896	92848947	ENSG00000237819.7	gene|regulatory|repeat|transcript	51
chr7	7266100	7266151	ENSG00000230825.3	gene|regulatory|repeat|transcript	51
chr7	36010757	36010808	ENSG00000232930.2|ENSG00000287893.1	gene|regulatory|repeat|transcript	51
chr7	125406429	125406480	ENSG00000224897.9	gene|regulatory|repeat|transcript	51
chr7	25596828	25596879	ENSG00000223561.8	gene|regulatory|repeat|transcript	51
chr7	130814953	130815003	ENSG00000231721.8	gene|regulatory|repeat|transcript	50
chr7	131016252	131016302	ENSG00000231721.8	gene|regulatory|repeat|transcript	50
chr7	47052138	47052188	ENSG00000229192.6	gene|regulatory|repeat|transcript	50
chr7	45508758	45508808	ENSG00000225537.1	gene|regulatory|repeat|transcript	50
chr7	148563607	148563657	ENSG00000283648.2	gene|regulatory|repeat|transcript	50
chr7	131045714	131045764	ENSG00000231721.8	gene|regulatory|repeat|transcript	50
chr7	43039597	43039647	ENSG00000232006.9	gene|regulatory|repeat|transcript	50
chr7	32942603	32942653	ENSG00000205763.16|ENSG00000291146.1	gene|regulatory|repeat|transcript	50
chr7	76829601	76829651	ENSG00000285666.1	gene|regulatory|repeat|transcript	50
chr7	69248420	69248470	ENSG00000225718.2	gene|regulatory|repeat|transcript	50
chr7	69190762	69190812	ENSG00000225718.2	gene|regulatory|repeat|transcript	50
chr7	125383624	125383674	ENSG00000224897.9	gene|regulatory|repeat|transcript	50
chr7	24392867	24392917	ENSG00000287523.1	gene|regulatory|repeat|transcript	50
chr7	42972848	42972898	ENSG00000232006.9	gene|regulatory|repeat|transcript	50
chr7	110522479	110522529	ENSG00000226965.2	gene|regulatory|repeat|transcript	50
chr7	94301503	94301553	ENSG00000285090.1	gene|regulatory|repeat|transcript	50
chr7	65746099	65746149	ENSG00000290926.1	gene|regulatory|repeat|transcript	50
chr7	92864216	92864266	ENSG00000237819.7	gene|regulatory|repeat|transcript	50
chr7	3162326	3162376	ENSG00000217455.8	gene|regulatory|repeat|transcript	50
chr7	92910445	92910495	ENSG00000237819.7	gene|regulatory|repeat|transcript	50
chr7	46909110	46909160	ENSG00000232072.1	gene|regulatory|repeat|transcript	50
chr7	149599271	149599321	ENSG00000291118.1	gene|regulatory|repeat|transcript	50
chr7	66588461	66588511	ENSG00000291136.1	gene|regulatory|repeat|transcript	50
chr7	26103991	26104041	ENSG00000289053.2	gene|regulatory|repeat|transcript	50
chr7	100304167	100304217	ENSG00000291178.1	gene|regulatory|repeat|transcript	50
chr7	81639639	81639689	ENSG00000293394.1	gene|regulatory|repeat|transcript	50
chr7	106421647	106421697	ENSG00000243797.6	gene|regulatory|repeat|transcript	50
chr7	32428997	32429046	ENSG00000284839.1	gene|regulatory|repeat|transcript	49
chr7	136034174	136034223	ENSG00000230649.3	gene|regulatory|repeat|transcript	49
chr7	131020590	131020639	ENSG00000231721.8	gene|regulatory|repeat|transcript	49
chr7	123998973	123999022	ENSG00000241345.1	gene|regulatory|repeat|transcript	49
chr7	151428260	151428309	ENSG00000241456.1	gene|regulatory|repeat|transcript	49
chr7	94382946	94382995	ENSG00000285090.1	gene|regulatory|repeat|transcript	49
chr7	124181422	124181471	ENSG00000242593.8	gene|regulatory|repeat|transcript	49
chr7	128627436	128627485	ENSG00000242588.7	gene|regulatory|repeat|transcript	49
chr7	136395597	136395646	ENSG00000232053.7	gene|regulatory|repeat|transcript	49
chr7	106391789	106391838	ENSG00000243797.6	gene|regulatory|repeat|transcript	49
chr7	150365255	150365304	ENSG00000240449.1	gene|regulatory|repeat|transcript	49
chr7	115660863	115660912	ENSG00000242072.1	gene|regulatory|repeat|transcript	49
chr7	9922208	9922257	ENSG00000235431.2	gene|regulatory|repeat|transcript	49
chr7	69342849	69342898	ENSG00000225718.2	gene|regulatory|repeat|transcript	49
chr7	28180795	28180844	ENSG00000234336.7	gene|regulatory|repeat|transcript	49
chr7	92836603	92836652	ENSG00000237819.7	gene|regulatory|repeat|transcript	49
chr7	131107222	131107271	ENSG00000231721.8	gene|regulatory|repeat|transcript	49
chr7	106534254	106534303	ENSG00000243797.6	gene|regulatory|repeat|transcript	49
chr7	17490347	17490396	ENSG00000236039.3	gene|regulatory|repeat|transcript	49
chr7	100326028	100326077	ENSG00000291178.1	gene|regulatory|repeat|transcript	49
chr7	19378303	19378352	ENSG00000223838.2	gene|regulatory|repeat|transcript	49
chr7	100252346	100252395	ENSG00000239521.12|ENSG00000291122.1	gene|regulatory|repeat|transcript	49
chr7	113143753	113143802	ENSG00000225457.1	gene|regulatory|repeat|transcript	49
chr7	125181929	125181978	ENSG00000224897.9	gene|regulatory|repeat|transcript	49
chr7	26640267	26640316	ENSG00000222004.7	gene|regulatory|repeat|transcript	49
chr7	80312123	80312172	ENSG00000234223.2	gene|regulatory|repeat|transcript	49
chr7	34407146	34407195	ENSG00000197085.11	gene|regulatory|repeat|transcript	49
chr7	121451633	121451682	ENSG00000289578.1	gene|regulatory|repeat|transcript	49
chr7	80264046	80264094	ENSG00000234223.2	gene|regulatory|repeat|transcript	48
chr7	25405769	25405817	ENSG00000260951.2	gene|regulatory|repeat|transcript	48
chr7	95547587	95547635	ENSG00000231170.7	gene|regulatory|repeat|transcript	48
chr7	25385199	25385247	ENSG00000260951.2	gene|regulatory|repeat|transcript	48
chr7	155214661	155214709	ENSG00000287865.2	gene|regulatory|repeat|transcript	48
chr7	91366149	91366197	ENSG00000243144.7	gene|regulatory|repeat|transcript	48
chr7	36021504	36021552	ENSG00000232930.2|ENSG00000287893.1	gene|regulatory|repeat|transcript	48
chr7	100342265	100342313	ENSG00000272752.6|ENSG00000290682.1	gene|regulatory|repeat|transcript	48
chr7	100342114	100342162	ENSG00000272752.6|ENSG00000290682.1	gene|regulatory|repeat|transcript	48
chr7	6086034	6086082	ENSG00000231704.7	gene|regulatory|repeat|transcript	48
chr7	9921323	9921371	ENSG00000235431.2	gene|regulatory|repeat|transcript	48
chr7	128860271	128860319	ENSG00000242902.1	gene|regulatory|repeat|transcript	48
chr7	24794264	24794312	ENSG00000287093.1	gene|regulatory|repeat|transcript	48
chr7	3266382	3266430	ENSG00000236708.1	gene|regulatory|repeat|transcript	48
chr7	135171651	135171699	ENSG00000287733.1	gene|regulatory|repeat|transcript	48
chr7	69419982	69420030	ENSG00000225718.2	gene|regulatory|repeat|transcript	48
chr7	40972856	40972904	ENSG00000232458.1	gene|regulatory|repeat|transcript	48
chr7	25751066	25751114	ENSG00000287096.1	gene|regulatory|repeat|transcript	48
chr7	106680893	106680941	ENSG00000243797.6	gene|regulatory|repeat|transcript	48
chr7	43078240	43078288	ENSG00000232006.9	gene|regulatory|repeat|transcript	48
chr7	99272710	99272758	ENSG00000002079.15|ENSG00000284523.2	gene|regulatory|repeat|transcript	48
chr7	46318294	46318342	ENSG00000237760.1	gene|regulatory|repeat|transcript	48
chr7	155205476	155205523	ENSG00000287865.2	gene|regulatory|repeat|transcript	47
chr7	99930650	99930697	ENSG00000237640.1	gene|regulatory|repeat|transcript	47
chr7	132710258	132710305	ENSG00000183470.9	gene|regulatory|repeat|transcript	47
chr7	12814300	12814347	ENSG00000229618.3	gene|regulatory|repeat|transcript	47
chr7	66463163	66463210	ENSG00000179406.10	gene|regulatory|repeat|transcript	47
chr7	145653336	145653383	ENSG00000230746.4	gene|regulatory|repeat|transcript	47
chr7	19522523	19522570	ENSG00000223838.2	gene|regulatory|repeat|transcript	47
chr7	142646070	142646117	ENSG00000211749.1	gene|regulatory|repeat|transcript	47
chr7	125255821	125255868	ENSG00000219445.2|ENSG00000224897.9	gene|regulatory|repeat|transcript	47
chr7	137059	137106	ENSG00000242474.3	gene|regulatory|repeat|transcript	47
chr7	94383816	94383863	ENSG00000285090.1	gene|regulatory|repeat|transcript	47
chr7	77670581	77670628	ENSG00000214293.11	gene|regulatory|repeat|transcript	47
chr7	121510991	121511037	ENSG00000289578.1	gene|regulatory|repeat|transcript	46
chr7	32757897	32757943	ENSG00000229358.3	gene|regulatory|repeat|transcript	46
chr7	36760063	36760109	ENSG00000229424.1	gene|regulatory|repeat|transcript	46
chr7	36471197	36471243	ENSG00000237400.1	gene|regulatory|repeat|transcript	46
chr7	88230715	88230761	ENSG00000228113.7	gene|regulatory|repeat|transcript	46
chr7	17491060	17491106	ENSG00000236039.3	gene|regulatory|repeat|transcript	46
chr7	39750461	39750507	ENSG00000188185.13	gene|regulatory|repeat|transcript	46
chr7	129776518	129776564	ENSG00000286380.3	gene|regulatory|repeat|transcript	46
chr7	13282462	13282508	ENSG00000229618.3	gene|regulatory|repeat|transcript	46
chr7	25445284	25445330	ENSG00000285960.1	gene|regulatory|repeat|transcript	46
chr7	24227739	24227785	ENSG00000228944.1	gene|regulatory|repeat|transcript	46
chr7	29619142	29619188	ENSG00000293330.1	gene|regulatory|repeat|transcript	46
chr7	5140336	5140382	ENSG00000291037.1	gene|regulatory|repeat|transcript	46
chr7	88227344	88227390	ENSG00000228113.7	gene|regulatory|repeat|transcript	46
chr7	7258941	7258987	ENSG00000230825.3	gene|regulatory|repeat|transcript	46
chr7	112752509	112752555	ENSG00000223646.2	gene|regulatory|repeat|transcript	46
chr7	142733307	142733353	ENSG00000286831.1	gene|regulatory|repeat|transcript	46
chr7	156611064	156611110	ENSG00000182648.15	gene|regulatory|repeat|transcript	46
chr7	50213006	50213052	ENSG00000231681.2	gene|regulatory|repeat|transcript	46
chr7	7099039	7099085	ENSG00000287860.3	gene|regulatory|repeat|transcript	46
chr7	129959610	129959655	ENSG00000244036.3	gene|regulatory|repeat|transcript	45
chr7	17523296	17523341	ENSG00000236039.3	gene|regulatory|repeat|transcript	45
chr7	50970332	50970377	ENSG00000228204.2	gene|regulatory|repeat|transcript	45
chr7	131071956	131072001	ENSG00000231721.8	gene|regulatory|repeat|transcript	45
chr7	28208064	28208109	ENSG00000234336.7	gene|regulatory|repeat|transcript	45
chr7	67316175	67316220	ENSG00000291153.1	gene|regulatory|repeat|transcript	45
chr7	137147561	137147606	ENSG00000234352.9	gene|regulatory|repeat|transcript	45
chr7	332850	332895	ENSG00000287342.1	gene|regulatory|repeat|transcript	45
chr7	1579698	1579743	ENSG00000230487.9	gene|regulatory|repeat|transcript	45
chr7	27372849	27372894	ENSG00000224322.2	gene|regulatory|repeat|transcript	45
chr7	36045819	36045864	ENSG00000232930.2	gene|regulatory|repeat|transcript	45
chr7	121705	121750	ENSG00000287883.1	gene|regulatory|repeat|transcript	45
chr7	88232722	88232767	ENSG00000228113.7	gene|regulatory|repeat|transcript	45
chr7	97872818	97872863	ENSG00000284707.2	gene|regulatory|repeat|transcript	45
chr7	95604663	95604708	ENSG00000231170.7	gene|regulatory|repeat|transcript	45
chr7	72829976	72830021	ENSG00000225648.8|ENSG00000291152.1	gene|regulatory|repeat|transcript	45
chr7	51328483	51328528	ENSG00000288798.2	gene|regulatory|repeat|transcript	45
chr7	69596433	69596478	ENSG00000234215.3	gene|regulatory|repeat|transcript	45
chr7	135845950	135845995	ENSG00000224746.2	gene|regulatory|repeat|transcript	45
chr7	76586589	76586634	ENSG00000290873.1	gene|regulatory|repeat|transcript	45
chr7	135797421	135797466	ENSG00000224746.2	gene|regulatory|repeat|transcript	45
chr7	129776337	129776382	ENSG00000286380.3	gene|regulatory|repeat|transcript	45
chr7	101303323	101303368	ENSG00000288749.2	gene|regulatory|repeat|transcript	45
chr7	131016542	131016586	ENSG00000231721.8	gene|regulatory|repeat|transcript	44
chr7	128555546	128555590	ENSG00000242588.7|ENSG00000280828.1	gene|regulatory|repeat|transcript	44
chr7	24784533	24784577	ENSG00000287093.1	gene|regulatory|repeat|transcript	44
chr7	94394334	94394378	ENSG00000285090.1	gene|regulatory|repeat|transcript	44
chr7	10734670	10734714	ENSG00000283117.1	gene|regulatory|repeat|transcript	44
chr7	12814888	12814932	ENSG00000229618.3	gene|regulatory|repeat|transcript	44
chr7	7968128	7968172	ENSG00000233108.1|ENSG00000283549.1	gene|regulatory|repeat|transcript	44
chr7	69401976	69402020	ENSG00000225718.2	gene|regulatory|repeat|transcript	44
chr7	26112909	26112953	ENSG00000289053.2	gene|regulatory|repeat|transcript	44
chr7	11193422	11193466	ENSG00000230333.6	gene|regulatory|repeat|transcript	44
chr7	143409075	143409119	ENSG00000229153.7	gene|regulatory|repeat|transcript	44
chr7	77695366	77695410	ENSG00000214293.11	gene|regulatory|repeat|transcript	44
chr7	136065712	136065756	ENSG00000230649.3	gene|regulatory|repeat|transcript	44
chr7	130942710	130942754	ENSG00000231721.8	gene|regulatory|repeat|transcript	44
chr7	42969643	42969687	ENSG00000232006.9	gene|regulatory|repeat|transcript	44
chr7	116277432	116277476	ENSG00000237813.4|ENSG00000237870.6|ENSG00000243243.5	gene|regulatory|repeat|transcript	44
chr7	66440346	66440390	ENSG00000179406.10|ENSG00000230189.7	gene|regulatory|repeat|transcript	44
chr7	108614773	108614817	ENSG00000225647.2	gene|regulatory|repeat|transcript	44
chr7	66425431	66425475	ENSG00000179406.10	gene|regulatory|repeat|transcript	44
chr7	131007727	131007770	ENSG00000231721.8	gene|regulatory|repeat|transcript	43
chr7	156034410	156034453	ENSG00000289588.1	gene|regulatory|repeat|transcript	43
chr7	81670015	81670058	ENSG00000293394.1	gene|regulatory|repeat|transcript	43
chr7	28193672	28193715	ENSG00000234336.7	gene|regulatory|repeat|transcript	43
chr7	149623530	149623573	ENSG00000133624.15|ENSG00000291118.1	gene|regulatory|repeat|transcript	43
chr7	26444064	26444107	ENSG00000214870.11	gene|regulatory|repeat|transcript	43
chr7	128221914	128221957	ENSG00000289434.2|ENSG00000292309.1	gene|regulatory|repeat|transcript	43
chr7	89495915	89495958	ENSG00000227863.3	gene|regulatory|repeat|transcript	43
chr7	112791693	112791736	ENSG00000223646.2	gene|regulatory|repeat|transcript	43
chr7	131055555	131055598	ENSG00000231721.8	gene|regulatory|repeat|transcript	43
chr7	77694522	77694565	ENSG00000214293.11	gene|regulatory|repeat|transcript	43
chr7	1580726	1580769	ENSG00000230487.9	gene|regulatory|repeat|transcript	43
chr7	32680710	32680753	ENSG00000229358.3	gene|regulatory|repeat|transcript	43
chr7	125466046	125466089	ENSG00000224897.9	gene|regulatory|repeat|transcript	43
chr7	125245144	125245187	ENSG00000219445.2|ENSG00000224897.9	gene|regulatory|repeat|transcript	43
chr7	27200157	27200200	ENSG00000243766.8	gene|regulatory|repeat|transcript	43
chr7	115127497	115127540	ENSG00000233607.1	gene|regulatory|repeat|transcript	43
chr7	67358428	67358471	ENSG00000291153.1	gene|regulatory|repeat|transcript	43
chr7	3197790	3197833	ENSG00000231892.1	gene|regulatory|repeat|transcript	43
chr7	128595032	128595075	ENSG00000242588.7|ENSG00000280828.1	gene|regulatory|repeat|transcript	43
chr7	65745942	65745985	ENSG00000290926.1	gene|regulatory|repeat|transcript	43
chr7	65722560	65722603	ENSG00000290926.1	gene|regulatory|repeat|transcript	43
chr7	134347746	134347789	ENSG00000229177.1	gene|regulatory|repeat|transcript	43
chr7	134393333	134393376	ENSG00000273297.4	gene|regulatory|repeat|transcript	43
chr7	54354691	54354734	ENSG00000231427.6	gene|regulatory|repeat|transcript	43
chr7	24356927	24356970	ENSG00000287523.1	gene|regulatory|repeat|transcript	43
chr7	46909393	46909436	ENSG00000232072.1	gene|regulatory|repeat|transcript	43
chr7	129769332	129769375	ENSG00000286380.3	gene|regulatory|repeat|transcript	43
chr7	35258819	35258862	ENSG00000226063.1	gene|regulatory|repeat|transcript	43
chr7	75359696	75359739	ENSG00000290951.1	gene|regulatory|repeat|transcript	43
chr7	45969144	45969187	ENSG00000237471.2	gene|regulatory|repeat|transcript	43
chr7	64653763	64653806	ENSG00000287317.1	gene|regulatory|repeat|transcript	43
chr7	25496781	25496824	ENSG00000285960.1	gene|regulatory|repeat|transcript	43
chr7	20064644	20064687	ENSG00000243004.7	gene|regulatory|repeat|transcript	43
chr7	81499562	81499604	ENSG00000233491.9|ENSG00000293394.1	gene|regulatory|repeat|transcript	42
chr7	149570058	149570100	ENSG00000291118.1	gene|regulatory|repeat|transcript	42
chr7	81500171	81500213	ENSG00000233491.9|ENSG00000293394.1	gene|regulatory|repeat|transcript	42
chr7	136273170	136273212	ENSG00000232053.7	gene|regulatory|repeat|transcript	42
chr7	66555092	66555134	ENSG00000229180.10|ENSG00000291136.1	gene|regulatory|repeat|transcript	42
chr7	13017944	13017986	ENSG00000229618.3	gene|regulatory|repeat|transcript	42
chr7	91378586	91378628	ENSG00000243144.7	gene|regulatory|repeat|transcript	42
chr7	91641700	91641742	ENSG00000223665.1	gene|regulatory|repeat|transcript	42
chr7	94376024	94376066	ENSG00000285090.1	gene|regulatory|repeat|transcript	42
chr7	51001202	51001244	ENSG00000228204.2	gene|regulatory|repeat|transcript	42
chr7	36098139	36098181	ENSG00000261184.3	gene|regulatory|repeat|transcript	42
chr7	20031344	20031386	ENSG00000243004.7	gene|regulatory|repeat|transcript	42
chr7	36471417	36471459	ENSG00000237400.1	gene|regulatory|repeat|transcript	42
chr7	13857993	13858035	ENSG00000224330.2	gene|regulatory|repeat|transcript	42
chr7	51635741	51635783	ENSG00000285741.1	gene|regulatory|repeat|transcript	42
chr7	23892163	23892205	ENSG00000227930.1	gene|regulatory|repeat|transcript	42
chr7	17557734	17557776	ENSG00000236039.3	gene|regulatory|repeat|transcript	42
chr7	129959786	129959828	ENSG00000244036.3	gene|regulatory|repeat|transcript	42
chr7	46987389	46987431	ENSG00000223829.6|ENSG00000232072.1	gene|regulatory|repeat|transcript	42
chr7	43985898	43985940	ENSG00000214783.9|ENSG00000239556.4|ENSG00000273432.1	gene|regulatory|repeat|transcript	42
chr7	129961305	129961347	ENSG00000244036.3	gene|regulatory|repeat|transcript	42
chr7	106776167	106776209	ENSG00000228742.11	gene|regulatory|repeat|transcript	42
chr7	131011148	131011189	ENSG00000231721.8	gene|regulatory|repeat|transcript	41
chr7	65239787	65239828	ENSG00000289108.1	gene|regulatory|repeat|transcript	41
chr7	119611399	119611440	ENSG00000225546.6	gene|regulatory|repeat|transcript	41
chr7	69296063	69296104	ENSG00000225718.2	gene|regulatory|repeat|transcript	41
chr7	124034196	124034237	ENSG00000242593.8	gene|regulatory|repeat|transcript	41
chr7	119753575	119753616	ENSG00000225546.6	gene|regulatory|repeat|transcript	41
chr7	95545590	95545631	ENSG00000231170.7	gene|regulatory|repeat|transcript	41
chr7	116632405	116632446	ENSG00000231210.3	gene|regulatory|repeat|transcript	41
chr7	65745700	65745741	ENSG00000290926.1	gene|regulatory|repeat|transcript	41
chr7	55248035	55248076	ENSG00000280890.1	gene|regulatory|repeat|transcript	41
chr7	36032753	36032794	ENSG00000232930.2	gene|regulatory|repeat|transcript	41
chr7	42965123	42965164	ENSG00000232006.9	gene|regulatory|repeat|transcript	41
chr7	26104907	26104948	ENSG00000289053.2	gene|regulatory|repeat|transcript	41
chr7	46752609	46752650	ENSG00000233539.5	gene|regulatory|repeat|transcript	41
chr7	131109594	131109635	ENSG00000231721.8	gene|regulatory|repeat|transcript	41
chr7	112985506	112985547	ENSG00000234520.8	gene|regulatory|repeat|transcript	41
chr7	130893362	130893403	ENSG00000231721.8|ENSG00000233559.2	gene|regulatory|repeat|transcript	41
chr7	38245592	38245633	ENSG00000227191.8	gene|regulatory|repeat|transcript	41
chr7	130014615	130014655	ENSG00000244036.3	gene|regulatory|repeat|transcript	40
chr7	116577108	116577148	ENSG00000231210.3	gene|regulatory|repeat|transcript	40
chr7	134347630	134347670	ENSG00000229177.1	gene|regulatory|repeat|transcript	40
chr7	131053068	131053108	ENSG00000231721.8	gene|regulatory|repeat|transcript	40
chr7	131007594	131007634	ENSG00000231721.8	gene|regulatory|repeat|transcript	40
chr7	125383368	125383408	ENSG00000224897.9	gene|regulatory|repeat|transcript	40
chr7	125264597	125264637	ENSG00000224897.9	gene|regulatory|repeat|transcript	40
chr7	49581087	49581127	ENSG00000286995.2	gene|regulatory|repeat|transcript	40
chr7	135290997	135291037	ENSG00000276067.3|ENSG00000290805.1	gene|regulatory|repeat|transcript	40
chr7	88258697	88258737	ENSG00000228113.7	gene|regulatory|repeat|transcript	40
chr7	119711502	119711542	ENSG00000225546.6	gene|regulatory|repeat|transcript	40
chr7	3165626	3165666	ENSG00000217455.8	gene|regulatory|repeat|transcript	40
chr7	35118316	35118356	ENSG00000189212.15|ENSG00000287249.1|ENSG00000291133.1	gene|regulatory|repeat|transcript	40
chr7	13105474	13105514	ENSG00000229618.3	gene|regulatory|repeat|transcript	40
chr7	24227384	24227424	ENSG00000228944.1	gene|regulatory|repeat|transcript	40
chr7	47038255	47038295	ENSG00000229192.6|ENSG00000232072.1	gene|regulatory|repeat|transcript	40
chr7	108614638	108614678	ENSG00000225647.2	gene|regulatory|repeat|transcript	40
chr7	136064960	136064999	ENSG00000230649.3	gene|regulatory|repeat|transcript	39
chr7	22861917	22861956	ENSG00000228649.11	gene|regulatory|repeat|transcript	39
chr7	50898842	50898881	ENSG00000228204.2	gene|regulatory|repeat|transcript	39
chr7	103155791	103155830	ENSG00000289956.1	gene|regulatory|repeat|transcript	39
chr7	49580815	49580854	ENSG00000286995.2	gene|regulatory|repeat|transcript	39
chr7	55574089	55574128	ENSG00000223475.1	gene|regulatory|repeat|transcript	39
chr7	29723689	29723728	ENSG00000227855.5|ENSG00000291213.1	gene|regulatory|repeat|transcript	39
chr7	106563021	106563060	ENSG00000243797.6	gene|regulatory|repeat|transcript	39
chr7	130913809	130913848	ENSG00000231721.8|ENSG00000233559.2	gene|regulatory|repeat|transcript	39
chr7	106561217	106561256	ENSG00000243797.6	gene|regulatory|repeat|transcript	39
chr7	130922992	130923031	ENSG00000231721.8|ENSG00000233559.2	gene|regulatory|repeat|transcript	39
chr7	128474264	128474303	ENSG00000273184.1	gene|regulatory|repeat|transcript	39
chr7	100000821	100000860	ENSG00000286923.3	gene|regulatory|repeat|transcript	39
chr7	3160128	3160167	ENSG00000217455.8	gene|regulatory|repeat|transcript	39
chr7	69245652	69245691	ENSG00000225718.2	gene|regulatory|repeat|transcript	39
chr7	137081994	137082033	ENSG00000234352.9	gene|regulatory|repeat|transcript	39
chr7	116599473	116599512	ENSG00000231210.3	gene|regulatory|repeat|transcript	39
chr7	35730720	35730759	ENSG00000227544.10	gene|regulatory|repeat|transcript	39
chr7	12901579	12901618	ENSG00000229618.3	gene|regulatory|repeat|transcript	39
chr7	68183752	68183791	ENSG00000226829.2	gene|regulatory|repeat|transcript	39
chr7	153382929	153382968	ENSG00000234722.5	gene|regulatory|repeat|transcript	39
chr7	115127617	115127656	ENSG00000233607.1	gene|regulatory|repeat|transcript	39
chr7	39736206	39736245	ENSG00000188185.13	gene|regulatory|repeat|transcript	39
chr7	87151658	87151697	ENSG00000224046.3	gene|regulatory|repeat|transcript	39
chr7	143279918	143279956	ENSG00000231840.2	gene|regulatory|repeat|transcript	38
chr7	95546940	95546978	ENSG00000231170.7	gene|regulatory|repeat|transcript	38
chr7	155364830	155364868	ENSG00000204960.7	gene|regulatory|repeat|transcript	38
chr7	74287135	74287173	ENSG00000287815.2	gene|regulatory|repeat|transcript	38
chr7	73006174	73006212	ENSG00000229018.5	gene|regulatory|repeat|transcript	38
chr7	154929153	154929191	ENSG00000214106.9	gene|regulatory|repeat|transcript	38
chr7	35730759	35730797	ENSG00000227544.10	gene|regulatory|repeat|transcript	38
chr7	8320192	8320230	ENSG00000229970.3|ENSG00000272328.1	gene|regulatory|repeat|transcript	38
chr7	7266389	7266427	ENSG00000230825.3	gene|regulatory|repeat|transcript	38
chr7	124034326	124034364	ENSG00000242593.8	gene|regulatory|repeat|transcript	38
chr7	119713581	119713619	ENSG00000225546.6	gene|regulatory|repeat|transcript	38
chr7	34438747	34438785	ENSG00000197085.11	gene|regulatory|repeat|transcript	38
chr7	69199849	69199887	ENSG00000225718.2	gene|regulatory|repeat|transcript	38
chr7	81639601	81639639	ENSG00000293394.1	gene|regulatory|repeat|transcript	38
chr7	69283425	69283463	ENSG00000225718.2	gene|regulatory|repeat|transcript	38
chr7	44038231	44038269	ENSG00000228903.8|ENSG00000285596.1|ENSG00000290758.1	gene|regulatory|repeat|transcript	38
chr7	17552719	17552757	ENSG00000236039.3	gene|regulatory|repeat|transcript	38
chr7	27364694	27364732	ENSG00000224322.2	gene|regulatory|repeat|transcript	38
chr7	112710151	112710189	ENSG00000223646.2	gene|regulatory|repeat|transcript	38
chr7	106598715	106598753	ENSG00000243797.6|ENSG00000267052.3	gene|regulatory|repeat|transcript	38
chr7	46753876	46753914	ENSG00000233539.5	gene|regulatory|repeat|transcript	38
chr7	430847	430885	ENSG00000286710.1	gene|regulatory|repeat|transcript	38
chr7	129775920	129775958	ENSG00000286380.3	gene|regulatory|repeat|transcript	38
chr7	135981058	135981096	ENSG00000289600.1	gene|regulatory|repeat|transcript	38
chr7	116273558	116273596	ENSG00000237813.4|ENSG00000243243.5	gene|regulatory|repeat|transcript	38
chr7	126411360	126411398	ENSG00000241921.1	gene|regulatory|repeat|transcript	38
chr7	99930697	99930735	ENSG00000237640.1	gene|regulatory|repeat|transcript	38
chr7	150060583	150060621	ENSG00000241449.6	gene|regulatory|repeat|transcript	38
chr7	130875603	130875640	ENSG00000231721.8|ENSG00000233559.2	gene|regulatory|repeat|transcript	37
chr7	36781305	36781342	ENSG00000235728.1	gene|regulatory|repeat|transcript	37
chr7	159015973	159016010	ENSG00000231419.6	gene|regulatory|repeat|transcript	37
chr7	110253502	110253539	ENSG00000226965.2	gene|regulatory|repeat|transcript	37
chr7	39746948	39746985	ENSG00000188185.13	gene|regulatory|repeat|transcript	37
chr7	41733332	41733369	ENSG00000224116.7	gene|regulatory|repeat|transcript	37
chr7	25624848	25624885	ENSG00000223561.8	gene|regulatory|repeat|transcript	37
chr7	106778977	106779014	ENSG00000228742.11	gene|regulatory|repeat|transcript	37
chr7	130007698	130007735	ENSG00000244036.3	gene|regulatory|repeat|transcript	37
chr7	45342557	45342594	ENSG00000286738.1	gene|regulatory|repeat|transcript	37
chr7	130924912	130924949	ENSG00000231721.8|ENSG00000233559.2	gene|regulatory|repeat|transcript	37
chr7	106471563	106471600	ENSG00000243797.6|ENSG00000286076.2	gene|regulatory|repeat|transcript	37
chr7	130911435	130911472	ENSG00000231721.8|ENSG00000233559.2	gene|regulatory|repeat|transcript	37
chr7	100344757	100344794	ENSG00000272752.6|ENSG00000290682.1	gene|regulatory|repeat|transcript	37
chr7	24795052	24795089	ENSG00000287093.1	gene|regulatory|repeat|transcript	37
chr7	100125606	100125643	ENSG00000242798.1	gene|regulatory|repeat|transcript	37
chr7	102715381	102715418	ENSG00000286830.1	gene|regulatory|repeat|transcript	37
chr7	130958566	130958603	ENSG00000231721.8	gene|regulatory|repeat|transcript	37
chr7	112982720	112982757	ENSG00000234520.8	gene|regulatory|repeat|transcript	37
chr7	69399253	69399290	ENSG00000225718.2	gene|regulatory|repeat|transcript	37
chr7	72954541	72954578	ENSG00000106133.19|ENSG00000290831.1	gene|regulatory|repeat|transcript	37
chr7	81676474	81676511	ENSG00000293394.1	gene|regulatory|repeat|transcript	37
chr7	69212064	69212101	ENSG00000225718.2	gene|regulatory|repeat|transcript	37
chr7	69205292	69205329	ENSG00000225718.2	gene|regulatory|repeat|transcript	37
chr7	145644034	145644071	ENSG00000230746.4	gene|regulatory|repeat|transcript	37
chr7	89474792	89474829	ENSG00000227863.3	gene|regulatory|repeat|transcript	37
chr7	119611440	119611477	ENSG00000225546.6	gene|regulatory|repeat|transcript	37
chr7	94394588	94394625	ENSG00000285090.1	gene|regulatory|repeat|transcript	37
chr7	143463513	143463550	ENSG00000229153.7	gene|regulatory|repeat|transcript	37
chr7	142842354	142842391	ENSG00000289938.1	gene|regulatory|repeat|transcript	37
chr7	13057831	13057868	ENSG00000229618.3	gene|regulatory|repeat|transcript	37
chr7	76829312	76829349	ENSG00000285666.1	gene|regulatory|repeat|transcript	37
chr7	1509249	1509286	ENSG00000231927.1	gene|regulatory|repeat|transcript	37
chr7	130895689	130895726	ENSG00000231721.8|ENSG00000233559.2	gene|regulatory|repeat|transcript	37
chr7	132688283	132688320	ENSG00000183470.9	gene|regulatory|repeat|transcript	37
chr7	100344646	100344683	ENSG00000272752.6|ENSG00000290682.1	gene|regulatory|repeat|transcript	37
chr7	113144182	113144219	ENSG00000225457.1	gene|regulatory|repeat|transcript	37
chr7	104922226	104922263	ENSG00000225329.3	gene|regulatory|repeat|transcript	37
chr7	131096348	131096385	ENSG00000231721.8	gene|regulatory|repeat|transcript	37
chr7	74287174	74287210	ENSG00000287815.2	gene|regulatory|repeat|transcript	36
chr7	122211203	122211239	ENSG00000234418.4	gene|regulatory|repeat|transcript	36
chr7	7002700	7002736	ENSG00000287860.3	gene|regulatory|repeat|transcript	36
chr7	91351653	91351689	ENSG00000243144.7	gene|regulatory|repeat|transcript	36
chr7	7257960	7257996	ENSG00000230825.3	gene|regulatory|repeat|transcript	36
chr7	124181199	124181235	ENSG00000242593.8	gene|regulatory|repeat|transcript	36
chr7	124083642	124083678	ENSG00000242593.8	gene|regulatory|repeat|transcript	36
chr7	92447267	92447303	ENSG00000293397.1	gene|regulatory|repeat|transcript	36
chr7	142384458	142384494	ENSG00000211714.3	gene|regulatory|repeat|transcript	36
chr7	13072350	13072386	ENSG00000229618.3	gene|regulatory|repeat|transcript	36
chr7	94325193	94325229	ENSG00000285090.1|ENSG00000285964.1	gene|regulatory|repeat|transcript	36
chr7	128215510	128215546	ENSG00000292309.1	gene|regulatory|repeat|transcript	36
chr7	131559	131595	ENSG00000287883.1	gene|regulatory|repeat|transcript	36
chr7	100264705	100264741	ENSG00000239521.12|ENSG00000291122.1	gene|regulatory|repeat|transcript	36
chr7	46321690	46321726	ENSG00000237760.1	gene|regulatory|repeat|transcript	36
chr7	131076093	131076129	ENSG00000231721.8	gene|regulatory|repeat|transcript	36
chr7	100271490	100271526	ENSG00000239521.12|ENSG00000291122.1	gene|regulatory|repeat|transcript	36
chr7	115221885	115221921	ENSG00000233607.1	gene|regulatory|repeat|transcript	36
chr7	132655936	132655972	ENSG00000183470.9	gene|regulatory|repeat|transcript	36
chr7	134974595	134974631	ENSG00000286458.1	gene|regulatory|repeat|transcript	36
chr7	135856352	135856388	ENSG00000224746.2	gene|regulatory|repeat|transcript	36
chr7	102671805	102671841	ENSG00000279168.3	gene|regulatory|repeat|transcript	36
chr7	47611725	47611761	ENSG00000236078.2	gene|regulatory|repeat|transcript	36
chr7	156611460	156611495	ENSG00000182648.15	gene|regulatory|repeat|transcript	35
chr7	137836	137871	ENSG00000242474.3	gene|regulatory|repeat|transcript	35
chr7	40973066	40973101	ENSG00000232458.1	gene|regulatory|repeat|transcript	35
chr7	525787	525822	ENSG00000223855.4	gene|regulatory|repeat|transcript	35
chr7	69403477	69403512	ENSG00000225718.2	gene|regulatory|repeat|transcript	35
chr7	150366875	150366910	ENSG00000240449.1	gene|regulatory|repeat|transcript	35
chr7	3092507	3092542	ENSG00000228334.3	gene|regulatory|repeat|transcript	35
chr7	81209339	81209374	ENSG00000289996.1	gene|regulatory|repeat|transcript	35
chr7	155453964	155453999	ENSG00000236544.1	gene|regulatory|repeat|transcript	35
chr7	156526798	156526833	ENSG00000182648.15	gene|regulatory|repeat|transcript	35
chr7	36036547	36036582	ENSG00000232930.2	gene|regulatory|repeat|transcript	35
chr7	19957711	19957746	ENSG00000243004.7	gene|regulatory|repeat|transcript	35
chr7	145648197	145648232	ENSG00000230746.4	gene|regulatory|repeat|transcript	35
chr7	34497122	34497157	ENSG00000197085.11	gene|regulatory|repeat|transcript	35
chr7	81517196	81517231	ENSG00000233491.9|ENSG00000293394.1	gene|regulatory|repeat|transcript	35
chr7	3087562	3087597	ENSG00000228334.3	gene|regulatory|repeat|transcript	35
chr7	143493888	143493923	ENSG00000229153.7	gene|regulatory|repeat|transcript	35
chr7	88523691	88523726	ENSG00000233420.2	gene|regulatory|repeat|transcript	35
chr7	144354226	144354261	ENSG00000244479.7|ENSG00000284644.1	gene|regulatory|repeat|transcript	35
chr7	143452045	143452080	ENSG00000229153.7	gene|regulatory|repeat|transcript	35
chr7	25672845	25672880	ENSG00000223561.8	gene|regulatory|repeat|transcript	35
chr7	130955137	130955172	ENSG00000231721.8	gene|regulatory|repeat|transcript	35
chr7	106778779	106778814	ENSG00000228742.11	gene|regulatory|repeat|transcript	35
chr7	136065677	136065712	ENSG00000230649.3	gene|regulatory|repeat|transcript	35
chr7	157502532	157502567	ENSG00000223872.2	gene|regulatory|repeat|transcript	35
chr7	130966367	130966402	ENSG00000231721.8	gene|regulatory|repeat|transcript	35
chr7	24779147	24779182	ENSG00000287093.1	gene|regulatory|repeat|transcript	35
chr7	36762943	36762978	ENSG00000229424.1	gene|regulatory|repeat|transcript	35
chr7	131106093	131106128	ENSG00000231721.8	gene|regulatory|repeat|transcript	35
chr7	132666374	132666409	ENSG00000183470.9	gene|regulatory|repeat|transcript	35
chr7	135982638	135982673	ENSG00000289600.1	gene|regulatory|repeat|transcript	35
chr7	119711345	119711379	ENSG00000225546.6	gene|regulatory|repeat|transcript	34
chr7	157490013	157490047	ENSG00000234210.1	gene|regulatory|repeat|transcript	34
chr7	80301640	80301674	ENSG00000234223.2	gene|regulatory|repeat|transcript	34
chr7	81647220	81647254	ENSG00000293394.1	gene|regulatory|repeat|transcript	34
chr7	69368885	69368919	ENSG00000225718.2	gene|regulatory|repeat|transcript	34
chr7	94393451	94393485	ENSG00000285090.1	gene|regulatory|repeat|transcript	34
chr7	136357376	136357410	ENSG00000232053.7	gene|regulatory|repeat|transcript	34
chr7	29613777	29613811	ENSG00000293330.1	gene|regulatory|repeat|transcript	34
chr7	55248184	55248218	ENSG00000280890.1	gene|regulatory|repeat|transcript	34
chr7	100326981	100327015	ENSG00000291178.1	gene|regulatory|repeat|transcript	34
chr7	100244621	100244655	ENSG00000239521.12|ENSG00000291122.1	gene|regulatory|repeat|transcript	34
chr7	16713283	16713317	ENSG00000235837.1	gene|regulatory|repeat|transcript	34
chr7	135797233	135797267	ENSG00000224746.2	gene|regulatory|repeat|transcript	34
chr7	45944068	45944102	ENSG00000237471.2	gene|regulatory|repeat|transcript	34
chr7	24373883	24373917	ENSG00000287523.1	gene|regulatory|repeat|transcript	34
chr7	130919610	130919644	ENSG00000231721.8|ENSG00000233559.2	gene|regulatory|repeat|transcript	34
chr7	106484085	106484119	ENSG00000243797.6|ENSG00000286076.2	gene|regulatory|repeat|transcript	34
chr7	23893603	23893637	ENSG00000227930.1	gene|regulatory|repeat|transcript	34
chr7	128217811	128217845	ENSG00000292309.1	gene|regulatory|repeat|transcript	34
chr7	44848674	44848708	ENSG00000234183.1	gene|regulatory|repeat|transcript	34
chr7	76914645	76914679	ENSG00000231183.4	gene|regulatory|repeat|transcript	34
chr7	130288	130321	ENSG00000287883.1	gene|regulatory|repeat|transcript	33
chr7	12928098	12928131	ENSG00000229618.3	gene|regulatory|repeat|transcript	33
chr7	39558417	39558450	ENSG00000227172.2	gene|regulatory|repeat|transcript	33
chr7	112668660	112668693	ENSG00000223646.2	gene|regulatory|repeat|transcript	33
chr7	13857960	13857993	ENSG00000224330.2	gene|regulatory|repeat|transcript	33
chr7	54333818	54333851	ENSG00000231427.6	gene|regulatory|repeat|transcript	33
chr7	25549769	25549802	ENSG00000227386.1	gene|regulatory|repeat|transcript	33
chr7	136276085	136276118	ENSG00000232053.7	gene|regulatory|repeat|transcript	33
chr7	11319846	11319879	ENSG00000230333.6	gene|regulatory|repeat|transcript	33
chr7	81638737	81638770	ENSG00000293394.1	gene|regulatory|repeat|transcript	33
chr7	12928065	12928098	ENSG00000229618.3	gene|regulatory|repeat|transcript	33
chr7	142843211	142843244	ENSG00000289938.1	gene|regulatory|repeat|transcript	33
chr7	19558876	19558909	ENSG00000223838.2	gene|regulatory|repeat|transcript	33
chr7	149570327	149570360	ENSG00000291118.1	gene|regulatory|repeat|transcript	33
chr7	150434471	150434504	ENSG00000242258.2	gene|regulatory|repeat|transcript	33
chr7	92477986	92478019	ENSG00000244055.2	gene|regulatory|repeat|transcript	33
chr7	92864183	92864216	ENSG00000237819.7	gene|regulatory|repeat|transcript	33
chr7	141731638	141731671	ENSG00000228775.8	gene|regulatory|repeat|transcript	33
chr7	7013404	7013437	ENSG00000287860.3	gene|regulatory|repeat|transcript	33
chr7	69251328	69251361	ENSG00000225718.2	gene|regulatory|repeat|transcript	33
chr7	130929915	130929948	ENSG00000231721.8|ENSG00000233559.2	gene|regulatory|repeat|transcript	33
chr7	112701329	112701362	ENSG00000223646.2	gene|regulatory|repeat|transcript	33
chr7	22865884	22865917	ENSG00000226329.2|ENSG00000228649.11	gene|regulatory|repeat|transcript	33
chr7	131011359	131011392	ENSG00000231721.8	gene|regulatory|repeat|transcript	33
chr7	131004394	131004427	ENSG00000231721.8	gene|regulatory|repeat|transcript	33
chr7	24255148	24255181	ENSG00000228944.1	gene|regulatory|repeat|transcript	33
chr7	66552830	66552863	ENSG00000291136.1	gene|regulatory|repeat|transcript	33
chr7	156523596	156523629	ENSG00000182648.15	gene|regulatory|repeat|transcript	33
chr7	34426350	34426383	ENSG00000197085.11	gene|regulatory|repeat|transcript	33
chr7	50212952	50212985	ENSG00000231681.2	gene|regulatory|repeat|transcript	33
chr7	20302976	20303009	ENSG00000226097.6	gene|regulatory|repeat|transcript	33
chr7	50957760	50957792	ENSG00000228204.2	gene|regulatory|repeat|transcript	32
chr7	3301143	3301175	ENSG00000236708.1	gene|regulatory|repeat|transcript	32
chr7	130959836	130959868	ENSG00000231721.8	gene|regulatory|repeat|transcript	32
chr7	66491616	66491648	ENSG00000179406.10	gene|regulatory|repeat|transcript	32
chr7	16718348	16718380	ENSG00000235837.1	gene|regulatory|repeat|transcript	32
chr7	13023752	13023784	ENSG00000229618.3	gene|regulatory|repeat|transcript	32
chr7	130835268	130835300	ENSG00000231721.8	gene|regulatory|repeat|transcript	32
chr7	19964254	19964286	ENSG00000243004.7	gene|regulatory|repeat|transcript	32
chr7	47036215	47036247	ENSG00000229192.6|ENSG00000232072.1	gene|regulatory|repeat|transcript	32
chr7	128194814	128194846	ENSG00000292309.1	gene|regulatory|repeat|transcript	32
chr7	5131660	5131692	ENSG00000291037.1	gene|regulatory|repeat|transcript	32
chr7	125425048	125425080	ENSG00000224897.9	gene|regulatory|repeat|transcript	32
chr7	99313254	99313286	ENSG00000284523.2	gene|regulatory|repeat|transcript	32
chr7	136034082	136034114	ENSG00000230649.3	gene|regulatory|repeat|transcript	32
chr7	144352882	144352914	ENSG00000244479.7|ENSG00000284644.1	gene|regulatory|repeat|transcript	32
chr7	77667489	77667521	ENSG00000214293.11	gene|regulatory|repeat|transcript	32
chr7	143492266	143492298	ENSG00000229153.7	gene|regulatory|repeat|transcript	32
chr7	124038049	124038081	ENSG00000242593.8	gene|regulatory|repeat|transcript	32
chr7	20299826	20299858	ENSG00000226097.6	gene|regulatory|repeat|transcript	32
chr7	51606186	51606218	ENSG00000285741.1	gene|regulatory|repeat|transcript	32
chr7	3158610	3158642	ENSG00000217455.8	gene|regulatory|repeat|transcript	32
chr7	92447149	92447181	ENSG00000293397.1	gene|regulatory|repeat|transcript	32
chr7	17552666	17552698	ENSG00000236039.3	gene|regulatory|repeat|transcript	32
chr7	3108455	3108487	ENSG00000228334.3	gene|regulatory|repeat|transcript	32
chr7	100126480	100126512	ENSG00000242798.1	gene|regulatory|repeat|transcript	32
chr7	116584752	116584784	ENSG00000231210.3	gene|regulatory|repeat|transcript	32
chr7	95609423	95609455	ENSG00000231170.7	gene|regulatory|repeat|transcript	32
chr7	155960897	155960929	ENSG00000204876.5	gene|regulatory|repeat|transcript	32
chr7	42982984	42983016	ENSG00000232006.9	gene|regulatory|repeat|transcript	32
chr7	136292005	136292036	ENSG00000232053.7	gene|regulatory|repeat|transcript	31
chr7	77687390	77687421	ENSG00000214293.11	gene|regulatory|repeat|transcript	31
chr7	34365029	34365060	ENSG00000197085.11	gene|regulatory|repeat|transcript	31
chr7	129774007	129774038	ENSG00000286380.3	gene|regulatory|repeat|transcript	31
chr7	80285772	80285803	ENSG00000234223.2	gene|regulatory|repeat|transcript	31
chr7	27373939	27373970	ENSG00000224322.2	gene|regulatory|repeat|transcript	31
chr7	128190590	128190621	ENSG00000292309.1	gene|regulatory|repeat|transcript	31
chr7	7555189	7555220	ENSG00000272894.5	gene|regulatory|repeat|transcript	31
chr7	50952263	50952294	ENSG00000228204.2	gene|regulatory|repeat|transcript	31
chr7	69218854	69218885	ENSG00000225718.2	gene|regulatory|repeat|transcript	31
chr7	130959691	130959722	ENSG00000231721.8	gene|regulatory|repeat|transcript	31
chr7	104918875	104918906	ENSG00000225329.3	gene|regulatory|repeat|transcript	31
chr7	49578014	49578045	ENSG00000286995.2	gene|regulatory|repeat|transcript	31
chr7	91358000	91358031	ENSG00000243144.7	gene|regulatory|repeat|transcript	31
chr7	68247458	68247489	ENSG00000226829.2	gene|regulatory|repeat|transcript	31
chr7	49580784	49580815	ENSG00000286995.2	gene|regulatory|repeat|transcript	31
chr7	35729396	35729427	ENSG00000227544.10	gene|regulatory|repeat|transcript	31
chr7	131035428	131035459	ENSG00000231721.8	gene|regulatory|repeat|transcript	31
chr7	73171739	73171770	ENSG00000293241.1	gene|regulatory|repeat|transcript	31
chr7	84536505	84536536	ENSG00000235139.2	gene|regulatory|repeat|transcript	31
chr7	39791314	39791345	ENSG00000188185.13	gene|regulatory|repeat|transcript	31
chr7	150434740	150434771	ENSG00000242258.2	gene|regulatory|repeat|transcript	31
chr7	50963311	50963342	ENSG00000228204.2	gene|regulatory|repeat|transcript	31
chr7	113491435	113491466	ENSG00000287592.1	gene|regulatory|repeat|transcript	31
chr7	44848999	44849030	ENSG00000234183.1	gene|regulatory|repeat|transcript	31
chr7	91444503	91444534	ENSG00000235450.1|ENSG00000243144.7	gene|regulatory|repeat|transcript	31
chr7	24231905	24231936	ENSG00000228944.1	gene|regulatory|repeat|transcript	31
chr7	34603758	34603788	ENSG00000197085.11	gene|regulatory|repeat|transcript	30
chr7	26471021	26471051	ENSG00000214870.11	gene|regulatory|repeat|transcript	30
chr7	79453793	79453823	ENSG00000234456.10	gene|regulatory|repeat|transcript	30
chr7	20026835	20026865	ENSG00000243004.7	gene|regulatory|repeat|transcript	30
chr7	29680029	29680059	ENSG00000227855.5|ENSG00000293330.1	gene|regulatory|repeat|transcript	30
chr7	130946547	130946577	ENSG00000231721.8	gene|regulatory|repeat|transcript	30
chr7	35730077	35730107	ENSG00000227544.10	gene|regulatory|repeat|transcript	30
chr7	80284756	80284786	ENSG00000234223.2	gene|regulatory|repeat|transcript	30
chr7	42964645	42964675	ENSG00000232006.9	gene|regulatory|repeat|transcript	30
chr7	106683248	106683278	ENSG00000243797.6	gene|regulatory|repeat|transcript	30
chr7	120185102	120185132	ENSG00000233417.2|ENSG00000233969.2	gene|regulatory|repeat|transcript	30
chr7	96980435	96980465	ENSG00000231764.11	gene|regulatory|repeat|transcript	30
chr7	77679638	77679668	ENSG00000214293.11	gene|regulatory|repeat|transcript	30
chr7	155449379	155449409	ENSG00000236544.1	gene|regulatory|repeat|transcript	30
chr7	155449412	155449442	ENSG00000236544.1	gene|regulatory|repeat|transcript	30
chr7	65751943	65751973	ENSG00000228409.9|ENSG00000290926.1|ENSG00000291124.1	gene|regulatory|repeat|transcript	30
chr7	130986175	130986205	ENSG00000231721.8	gene|regulatory|repeat|transcript	30
chr7	76599679	76599709	ENSG00000290873.1	gene|regulatory|repeat|transcript	30
chr7	29686102	29686132	ENSG00000227855.5|ENSG00000291213.1	gene|regulatory|repeat|transcript	30
chr7	143408872	143408902	ENSG00000229153.7	gene|regulatory|repeat|transcript	30
chr7	87332122	87332152	ENSG00000182165.20	gene|regulatory|repeat|transcript	30
chr7	3266527	3266557	ENSG00000236708.1	gene|regulatory|repeat|transcript	30
chr7	128192827	128192857	ENSG00000292309.1	gene|regulatory|repeat|transcript	30
chr7	130898119	130898149	ENSG00000231721.8|ENSG00000233559.2	gene|regulatory|repeat|transcript	30
chr7	131030745	131030775	ENSG00000231721.8	gene|regulatory|repeat|transcript	30
chr7	100513731	100513761	ENSG00000225807.2	gene|regulatory|repeat|transcript	30
chr7	73204918	73204948	ENSG00000233369.8|ENSG00000293241.1	gene|regulatory|repeat|transcript	30
chr7	125034193	125034223	ENSG00000186676.3|ENSG00000224897.9	gene|regulatory|repeat|transcript	30
chr7	12928338	12928368	ENSG00000229618.3	gene|regulatory|repeat|transcript	30
chr7	29612927	29612957	ENSG00000293330.1	gene|regulatory|repeat|transcript	30
chr7	13603981	13604011	ENSG00000229618.3	gene|regulatory|repeat|transcript	30
chr7	10076358	10076387	ENSG00000287409.1	gene|regulatory|repeat|transcript	29
chr7	28193588	28193617	ENSG00000234336.7	gene|regulatory|repeat|transcript	29
chr7	39562572	39562601	ENSG00000227172.2	gene|regulatory|repeat|transcript	29
chr7	94374722	94374751	ENSG00000285090.1	gene|regulatory|repeat|transcript	29
chr7	136066792	136066821	ENSG00000230649.3	gene|regulatory|repeat|transcript	29
chr7	92910501	92910530	ENSG00000237819.7	gene|regulatory|repeat|transcript	29
chr7	15750832	15750861	ENSG00000286376.1	gene|regulatory|repeat|transcript	29
chr7	121480991	121481020	ENSG00000289578.1	gene|regulatory|repeat|transcript	29
chr7	145666129	145666158	ENSG00000230746.4	gene|regulatory|repeat|transcript	29
chr7	48666028	48666057	ENSG00000228173.2	gene|regulatory|repeat|transcript	29
chr7	123817277	123817306	ENSG00000228211.2	gene|regulatory|repeat|transcript	29
chr7	102715901	102715930	ENSG00000286830.1	gene|regulatory|repeat|transcript	29
chr7	65038699	65038728	ENSG00000290860.1	gene|regulatory|repeat|transcript	29
chr7	48664113	48664142	ENSG00000228173.2	gene|regulatory|repeat|transcript	29
chr7	130886048	130886077	ENSG00000231721.8|ENSG00000233559.2	gene|regulatory|repeat|transcript	29
chr7	9961255	9961284	ENSG00000235431.2	gene|regulatory|repeat|transcript	29
chr7	3166131	3166160	ENSG00000217455.8	gene|regulatory|repeat|transcript	29
chr7	151412504	151412533	ENSG00000243836.7	gene|regulatory|repeat|transcript	29
chr7	124101281	124101310	ENSG00000242593.8	gene|regulatory|repeat|transcript	29
chr7	3301200	3301229	ENSG00000236708.1	gene|regulatory|repeat|transcript	29
chr7	142886574	142886603	ENSG00000224970.2	gene|regulatory|repeat|transcript	29
chr7	20020098	20020127	ENSG00000243004.7	gene|regulatory|repeat|transcript	29
chr7	124085529	124085558	ENSG00000242593.8	gene|regulatory|repeat|transcript	29
chr7	19957747	19957776	ENSG00000243004.7	gene|regulatory|repeat|transcript	29
chr7	10706914	10706943	ENSG00000236414.1|ENSG00000283117.1	gene|regulatory|repeat|transcript	29
chr7	29612205	29612234	ENSG00000293330.1	gene|regulatory|repeat|transcript	29
chr7	116284449	116284478	ENSG00000237813.4|ENSG00000237870.6|ENSG00000243243.5	gene|regulatory|repeat|transcript	29
chr7	155206515	155206544	ENSG00000287865.2	gene|regulatory|repeat|transcript	29
chr7	106562987	106563016	ENSG00000243797.6	gene|regulatory|repeat|transcript	29
chr7	7563039	7563068	ENSG00000272894.5	gene|regulatory|repeat|transcript	29
chr7	20085206	20085235	ENSG00000243004.7	gene|regulatory|repeat|transcript	29
chr7	91351757	91351785	ENSG00000243144.7	gene|regulatory|repeat|transcript	28
chr7	81669893	81669921	ENSG00000293394.1	gene|regulatory|repeat|transcript	28
chr7	132670084	132670112	ENSG00000183470.9	gene|regulatory|repeat|transcript	28
chr7	69255353	69255381	ENSG00000225718.2	gene|regulatory|repeat|transcript	28
chr7	26471988	26472016	ENSG00000214870.11	gene|regulatory|repeat|transcript	28
chr7	1571005	1571033	ENSG00000230487.9	gene|regulatory|repeat|transcript	28
chr7	4974647	4974675	ENSG00000196204.12	gene|regulatory|repeat|transcript	28
chr7	65251612	65251640	ENSG00000289108.1	gene|regulatory|repeat|transcript	28
chr7	80311929	80311957	ENSG00000234223.2	gene|regulatory|repeat|transcript	28
chr7	69255429	69255457	ENSG00000225718.2	gene|regulatory|repeat|transcript	28
chr7	68269740	68269768	ENSG00000226829.2	gene|regulatory|repeat|transcript	28
chr7	7275067	7275095	ENSG00000230825.3	gene|regulatory|repeat|transcript	28
chr7	66535616	66535644	ENSG00000234500.1|ENSG00000291136.1	gene|regulatory|repeat|transcript	28
chr7	55593896	55593924	ENSG00000231394.1	gene|regulatory|repeat|transcript	28
chr7	43033758	43033786	ENSG00000232006.9	gene|regulatory|repeat|transcript	28
chr7	106778702	106778730	ENSG00000228742.11	gene|regulatory|repeat|transcript	28
chr7	25549741	25549769	ENSG00000227386.1	gene|regulatory|repeat|transcript	28
chr7	12926988	12927016	ENSG00000229618.3	gene|regulatory|repeat|transcript	28
chr7	54333516	54333544	ENSG00000231427.6	gene|regulatory|repeat|transcript	28
chr7	65746071	65746099	ENSG00000290926.1	gene|regulatory|repeat|transcript	28
chr7	11235325	11235353	ENSG00000230333.6	gene|regulatory|repeat|transcript	28
chr7	493585	493613	ENSG00000234471.1	gene|regulatory|repeat|transcript	28
chr7	77421576	77421603	ENSG00000273341.2	gene|regulatory|repeat|transcript	27
chr7	12930647	12930674	ENSG00000229618.3	gene|regulatory|repeat|transcript	27
chr7	124930942	124930969	ENSG00000224897.9	gene|regulatory|repeat|transcript	27
chr7	129993330	129993357	ENSG00000244036.3	gene|regulatory|repeat|transcript	27
chr7	136065871	136065898	ENSG00000230649.3	gene|regulatory|repeat|transcript	27
chr7	156402636	156402663	ENSG00000182648.15	gene|regulatory|repeat|transcript	27
chr7	115660912	115660939	ENSG00000242072.1	gene|regulatory|repeat|transcript	27
chr7	81618532	81618559	ENSG00000293394.1	gene|regulatory|repeat|transcript	27
chr7	120185157	120185184	ENSG00000233417.2|ENSG00000233969.2	gene|regulatory|repeat|transcript	27
chr7	54360037	54360064	ENSG00000231427.6	gene|regulatory|repeat|transcript	27
chr7	94297573	94297600	ENSG00000285090.1	gene|regulatory|repeat|transcript	27
chr7	65751916	65751943	ENSG00000228409.9|ENSG00000290926.1|ENSG00000291124.1	gene|regulatory|repeat|transcript	27
chr7	128583893	128583920	ENSG00000242588.7|ENSG00000280828.1	gene|regulatory|repeat|transcript	27
chr7	108613695	108613722	ENSG00000225647.2	gene|regulatory|repeat|transcript	27
chr7	108614678	108614705	ENSG00000225647.2	gene|regulatory|repeat|transcript	27
chr7	128669170	128669197	ENSG00000241493.1	gene|regulatory|repeat|transcript	27
chr7	129769489	129769516	ENSG00000286380.3	gene|regulatory|repeat|transcript	27
chr7	44849031	44849058	ENSG00000234183.1	gene|regulatory|repeat|transcript	27
chr7	51647772	51647799	ENSG00000285741.1	gene|regulatory|repeat|transcript	27
chr7	152436748	152436775	ENSG00000293165.1	gene|regulatory|repeat|transcript	27
chr7	100271059	100271086	ENSG00000239521.12|ENSG00000291122.1	gene|regulatory|repeat|transcript	27
chr7	112624495	112624522	ENSG00000223646.2	gene|regulatory|repeat|transcript	27
chr7	24382161	24382188	ENSG00000287523.1	gene|regulatory|repeat|transcript	27
chr7	149601242	149601269	ENSG00000291118.1	gene|regulatory|repeat|transcript	27
chr7	143410433	143410460	ENSG00000229153.7	gene|regulatory|repeat|transcript	27
chr7	130893785	130893812	ENSG00000231721.8|ENSG00000233559.2	gene|regulatory|repeat|transcript	27
chr7	102427787	102427814	ENSG00000239480.1	gene|regulatory|repeat|transcript	27
chr7	106590790	106590817	ENSG00000243797.6|ENSG00000267052.3	gene|regulatory|repeat|transcript	27
chr7	150365735	150365762	ENSG00000240449.1	gene|regulatory|repeat|transcript	27
chr7	24794237	24794264	ENSG00000287093.1	gene|regulatory|repeat|transcript	27
chr7	66542642	66542669	ENSG00000234500.1|ENSG00000291136.1	gene|regulatory|repeat|transcript	27
chr7	17542935	17542962	ENSG00000236039.3	gene|regulatory|repeat|transcript	27
chr7	88258742	88258769	ENSG00000228113.7	gene|regulatory|repeat|transcript	27
chr7	20089179	20089206	ENSG00000243004.7	gene|regulatory|repeat|transcript	27
chr7	27191451	27191478	ENSG00000253508.1	gene|regulatory|repeat|transcript	27
chr7	125413139	125413166	ENSG00000224897.9	gene|regulatory|repeat|transcript	27
chr7	143429392	143429419	ENSG00000229153.7	gene|regulatory|repeat|transcript	27
chr7	29723929	29723956	ENSG00000227855.5|ENSG00000291213.1	gene|regulatory|repeat|transcript	27
chr7	47627955	47627982	ENSG00000236078.2	gene|regulatory|repeat|transcript	27
chr7	128467157	128467183	ENSG00000240758.2|ENSG00000272601.1|ENSG00000273184.1	gene|regulatory|repeat|transcript	26
chr7	20107886	20107912	ENSG00000243004.7|ENSG00000267055.1	gene|regulatory|repeat|transcript	26
chr7	130949907	130949933	ENSG00000231721.8	gene|regulatory|repeat|transcript	26
chr7	26452262	26452288	ENSG00000214870.11	gene|regulatory|repeat|transcript	26
chr7	24228748	24228774	ENSG00000228944.1	gene|regulatory|repeat|transcript	26
chr7	68275779	68275805	ENSG00000226829.2	gene|regulatory|repeat|transcript	26
chr7	22823855	22823881	ENSG00000286703.1	gene|regulatory|repeat|transcript	26
chr7	142843365	142843391	ENSG00000289938.1	gene|regulatory|repeat|transcript	26
chr7	66521173	66521199	ENSG00000234500.1	gene|regulatory|repeat|transcript	26
chr7	27361692	27361718	ENSG00000224322.2	gene|regulatory|repeat|transcript	26
chr7	106768434	106768460	ENSG00000243797.6	gene|regulatory|repeat|transcript	26
chr7	100344428	100344454	ENSG00000272752.6|ENSG00000290682.1	gene|regulatory|repeat|transcript	26
chr7	55248218	55248244	ENSG00000280890.1	gene|regulatory|repeat|transcript	26
chr7	136860110	136860136	ENSG00000234352.9	gene|regulatory|repeat|transcript	26
chr7	136709980	136710006	ENSG00000234352.9	gene|regulatory|repeat|transcript	26
chr7	92880230	92880256	ENSG00000237819.7	gene|regulatory|repeat|transcript	26
chr7	3165710	3165736	ENSG00000217455.8	gene|regulatory|repeat|transcript	26
chr7	112398482	112398508	ENSG00000226851.1	gene|regulatory|repeat|transcript	26
chr7	26232108	26232134	ENSG00000285860.1	gene|regulatory|repeat|transcript	26
chr7	110534548	110534574	ENSG00000226965.2	gene|regulatory|repeat|transcript	26
chr7	55706910	55706936	ENSG00000176826.16	gene|regulatory|repeat|transcript	26
chr7	12861845	12861871	ENSG00000229618.3	gene|regulatory|repeat|transcript	26
chr7	2615295	2615321	ENSG00000289352.2	gene|regulatory|repeat|transcript	26
chr7	155251664	155251690	ENSG00000290007.1	gene|regulatory|repeat|transcript	26
chr7	106783428	106783454	ENSG00000228742.11	gene|regulatory|repeat|transcript	26
chr7	1576813	1576839	ENSG00000230487.9	gene|regulatory|repeat|transcript	26
chr7	99268100	99268126	ENSG00000002079.15|ENSG00000284523.2|ENSG00000293408.1	gene|regulatory|repeat|transcript	26
chr7	42672621	42672647	ENSG00000238284.2	gene|regulatory|repeat|transcript	26
chr7	102431117	102431142	ENSG00000239480.1	gene|regulatory|repeat|transcript	25
chr7	6995678	6995703	ENSG00000287860.3	gene|regulatory|repeat|transcript	25
chr7	124460035	124460060	ENSG00000242593.8	gene|regulatory|repeat|transcript	25
chr7	128230794	128230819	ENSG00000289434.2	gene|regulatory|repeat|transcript	25
chr7	15736931	15736956	ENSG00000286376.1	gene|regulatory|repeat|transcript	25
chr7	80313764	80313789	ENSG00000232667.12	gene|regulatory|repeat|transcript	25
chr7	130922616	130922641	ENSG00000231721.8|ENSG00000233559.2	gene|regulatory|repeat|transcript	25
chr7	92447311	92447336	ENSG00000293397.1	gene|regulatory|repeat|transcript	25
chr7	131020800	131020825	ENSG00000231721.8	gene|regulatory|repeat|transcript	25
chr7	130892984	130893009	ENSG00000231721.8|ENSG00000233559.2	gene|regulatory|repeat|transcript	25
chr7	91383653	91383678	ENSG00000235450.1|ENSG00000243144.7	gene|regulatory|repeat|transcript	25
chr7	9622158	9622183	ENSG00000234710.3	gene|regulatory|repeat|transcript	25
chr7	46755209	46755234	ENSG00000233539.5	gene|regulatory|repeat|transcript	25
chr7	131068149	131068174	ENSG00000231721.8	gene|regulatory|repeat|transcript	25
chr7	68204521	68204546	ENSG00000226829.2	gene|regulatory|repeat|transcript	25
chr7	32738513	32738538	ENSG00000229358.3|ENSG00000293076.1	gene|regulatory|repeat|transcript	25
chr7	22856006	22856031	ENSG00000228649.11	gene|regulatory|repeat|transcript	25
chr7	143410709	143410734	ENSG00000229153.7	gene|regulatory|repeat|transcript	25
chr7	91324719	91324744	ENSG00000243144.7	gene|regulatory|repeat|transcript	25
chr7	143499552	143499577	ENSG00000229153.7	gene|regulatory|repeat|transcript	25
chr7	136065652	136065677	ENSG00000230649.3	gene|regulatory|repeat|transcript	25
chr7	88683086	88683111	ENSG00000233420.2	gene|regulatory|repeat|transcript	25
chr7	115653828	115653853	ENSG00000242072.1	gene|regulatory|repeat|transcript	25
chr7	24406237	24406262	ENSG00000287523.1	gene|regulatory|repeat|transcript	25
chr7	25408222	25408247	ENSG00000260951.2	gene|regulatory|repeat|transcript	25
chr7	81604694	81604719	ENSG00000233491.9|ENSG00000293394.1	gene|regulatory|repeat|transcript	25
chr7	150366354	150366379	ENSG00000240449.1	gene|regulatory|repeat|transcript	25
chr7	134422369	134422394	ENSG00000273297.4	gene|regulatory|repeat|transcript	25
chr7	28205640	28205665	ENSG00000234336.7	gene|regulatory|repeat|transcript	25
chr7	72830297	72830322	ENSG00000225648.8|ENSG00000291152.1	gene|regulatory|repeat|transcript	25
chr7	92444609	92444634	ENSG00000293397.1	gene|regulatory|repeat|transcript	25
chr7	80279176	80279201	ENSG00000234223.2	gene|regulatory|repeat|transcript	25
chr7	135991647	135991672	ENSG00000289600.1	gene|regulatory|repeat|transcript	25
chr7	156611630	156611655	ENSG00000182648.15	gene|regulatory|repeat|transcript	25
chr7	80334242	80334267	ENSG00000232667.12	gene|regulatory|repeat|transcript	25
chr7	120156202	120156226	ENSG00000233417.2	gene|regulatory|repeat|transcript	24
chr7	119711320	119711344	ENSG00000225546.6	gene|regulatory|repeat|transcript	24
chr7	24384889	24384913	ENSG00000287523.1	gene|regulatory|repeat|transcript	24
chr7	137151479	137151503	ENSG00000234352.9	gene|regulatory|repeat|transcript	24
chr7	129961347	129961371	ENSG00000244036.3	gene|regulatory|repeat|transcript	24
chr7	25496705	25496729	ENSG00000285960.1	gene|regulatory|repeat|transcript	24
chr7	94304706	94304730	ENSG00000285090.1	gene|regulatory|repeat|transcript	24
chr7	65233040	65233064	ENSG00000289108.1|ENSG00000290545.1	gene|regulatory|repeat|transcript	24
chr7	65251755	65251779	ENSG00000289108.1	gene|regulatory|repeat|transcript	24
chr7	38372625	38372649	ENSG00000281103.4	gene|regulatory|repeat|transcript	24
chr7	35727971	35727995	ENSG00000227544.10	gene|regulatory|repeat|transcript	24
chr7	80278856	80278880	ENSG00000234223.2	gene|regulatory|repeat|transcript	24
chr7	106737492	106737516	ENSG00000243797.6	gene|regulatory|repeat|transcript	24
chr7	81676440	81676464	ENSG00000293394.1	gene|regulatory|repeat|transcript	24
chr7	66460359	66460383	ENSG00000179406.10	gene|regulatory|repeat|transcript	24
chr7	81575053	81575077	ENSG00000233491.9|ENSG00000293394.1	gene|regulatory|repeat|transcript	24
chr7	91537418	91537442	ENSG00000235450.1	gene|regulatory|repeat|transcript	24
chr7	66163611	66163635	ENSG00000234185.2	gene|regulatory|repeat|transcript	24
chr7	115145503	115145527	ENSG00000233607.1	gene|regulatory|repeat|transcript	24
chr7	47032373	47032397	ENSG00000229192.6|ENSG00000232072.1	gene|regulatory|repeat|transcript	24
chr7	9101328	9101352	ENSG00000278254.4	gene|regulatory|repeat|transcript	24
chr7	130896554	130896578	ENSG00000231721.8|ENSG00000233559.2	gene|regulatory|repeat|transcript	24
chr7	13224902	13224926	ENSG00000229618.3	gene|regulatory|repeat|transcript	24
chr7	156625577	156625601	ENSG00000182648.15	gene|regulatory|repeat|transcript	24
chr7	32925703	32925727	ENSG00000205763.16|ENSG00000291146.1	gene|regulatory|repeat|transcript	24
chr7	39622331	39622355	ENSG00000287584.1	gene|regulatory|repeat|transcript	24
chr7	131026608	131026632	ENSG00000231721.8	gene|regulatory|repeat|transcript	24
chr7	149871404	149871428	ENSG00000204934.10	gene|regulatory|repeat|transcript	24
chr7	143469585	143469609	ENSG00000229153.7	gene|regulatory|repeat|transcript	24
chr7	46753018	46753042	ENSG00000233539.5	gene|regulatory|repeat|transcript	24
chr7	11315509	11315532	ENSG00000230333.6	gene|regulatory|repeat|transcript	23
chr7	66451842	66451865	ENSG00000179406.10|ENSG00000230189.7	gene|regulatory|repeat|transcript	23
chr7	65799168	65799191	ENSG00000224316.1	gene|regulatory|repeat|transcript	23
chr7	54811631	54811654	ENSG00000234707.5	gene|regulatory|repeat|transcript	23
chr7	45756875	45756898	ENSG00000214765.11|ENSG00000291207.1	gene|regulatory|repeat|transcript	23
chr7	34613016	34613039	ENSG00000197085.11	gene|regulatory|repeat|transcript	23
chr7	29991928	29991951	ENSG00000227014.6	gene|regulatory|repeat|transcript	23
chr7	5834063	5834086	ENSG00000235944.11|ENSG00000291099.1	gene|regulatory|repeat|transcript	23
chr7	100515363	100515386	ENSG00000225807.2	gene|regulatory|repeat|transcript	23
chr7	128210164	128210187	ENSG00000292309.1	gene|regulatory|repeat|transcript	23
chr7	45797328	45797351	ENSG00000291208.1	gene|regulatory|repeat|transcript	23
chr7	115145527	115145550	ENSG00000233607.1	gene|regulatory|repeat|transcript	23
chr7	125437784	125437807	ENSG00000224897.9	gene|regulatory|repeat|transcript	23
chr7	47617158	47617181	ENSG00000236078.2	gene|regulatory|repeat|transcript	23
chr7	13211664	13211687	ENSG00000229618.3	gene|regulatory|repeat|transcript	23
chr7	6992069	6992092	ENSG00000287860.3	gene|regulatory|repeat|transcript	23
chr7	77679298	77679321	ENSG00000214293.11	gene|regulatory|repeat|transcript	23
chr7	8284653	8284676	ENSG00000229970.3	gene|regulatory|repeat|transcript	23
chr7	115094899	115094922	ENSG00000225535.7|ENSG00000233607.1	gene|regulatory|repeat|transcript	23
chr7	46933575	46933598	ENSG00000232072.1	gene|regulatory|repeat|transcript	23
chr7	157488362	157488385	ENSG00000234210.1	gene|regulatory|repeat|transcript	23
chr7	134432177	134432200	ENSG00000273297.4	gene|regulatory|repeat|transcript	23
chr7	152743879	152743902	ENSG00000289146.2	gene|regulatory|repeat|transcript	23
chr7	136093036	136093059	ENSG00000232053.7	gene|regulatory|repeat|transcript	23
chr7	65750126	65750149	ENSG00000290926.1	gene|regulatory|repeat|transcript	23
chr7	54782500	54782523	ENSG00000234707.5	gene|regulatory|repeat|transcript	23
chr7	81684978	81685001	ENSG00000293394.1	gene|regulatory|repeat|transcript	23
chr7	137147389	137147412	ENSG00000234352.9	gene|regulatory|repeat|transcript	23
chr7	65762825	65762848	ENSG00000228409.9|ENSG00000290926.1|ENSG00000291124.1	gene|regulatory|repeat|transcript	23
chr7	116571234	116571256	ENSG00000231210.3	gene|regulatory|repeat|transcript	22
chr7	94352966	94352988	ENSG00000285090.1	gene|regulatory|repeat|transcript	22
chr7	94301677	94301699	ENSG00000285090.1	gene|regulatory|repeat|transcript	22
chr7	3142398	3142420	ENSG00000217455.8	gene|regulatory|repeat|transcript	22
chr7	100238194	100238216	ENSG00000239521.12|ENSG00000291122.1	gene|regulatory|repeat|transcript	22
chr7	65072073	65072095	ENSG00000234585.7|ENSG00000290860.1	gene|regulatory|repeat|transcript	22
chr7	25659874	25659896	ENSG00000223561.8	gene|regulatory|repeat|transcript	22
chr7	129780817	129780839	ENSG00000290319.1	gene|regulatory|repeat|transcript	22
chr7	130873223	130873245	ENSG00000231721.8|ENSG00000233559.2	gene|regulatory|repeat|transcript	22
chr7	9978998	9979020	ENSG00000235431.2	gene|regulatory|repeat|transcript	22
chr7	11343584	11343606	ENSG00000230333.6	gene|regulatory|repeat|transcript	22
chr7	115096272	115096294	ENSG00000225535.7|ENSG00000233607.1	gene|regulatory|repeat|transcript	22
chr7	106473000	106473022	ENSG00000243797.6|ENSG00000286076.2	gene|regulatory|repeat|transcript	22
chr7	25840513	25840535	ENSG00000290025.1	gene|regulatory|repeat|transcript	22
chr7	103153305	103153327	ENSG00000289956.1	gene|regulatory|repeat|transcript	22
chr7	21028585	21028607	ENSG00000285592.1	gene|regulatory|repeat|transcript	22
chr7	149599793	149599815	ENSG00000291118.1	gene|regulatory|repeat|transcript	22
chr7	69357467	69357489	ENSG00000225718.2	gene|regulatory|repeat|transcript	22
chr7	142801988	142802010	ENSG00000211772.11	gene|regulatory|repeat|transcript	22
chr7	106747683	106747705	ENSG00000243797.6	gene|regulatory|repeat|transcript	22
chr7	106825676	106825698	ENSG00000228742.11	gene|regulatory|repeat|transcript	22
chr7	91554920	91554942	ENSG00000235450.1	gene|regulatory|repeat|transcript	22
chr7	130010287	130010308	ENSG00000244036.3	gene|regulatory|repeat|transcript	21
chr7	122158162	122158183	ENSG00000234418.4	gene|regulatory|repeat|transcript	21
chr7	157490047	157490068	ENSG00000234210.1	gene|regulatory|repeat|transcript	21
chr7	116259804	116259825	ENSG00000237813.4|ENSG00000243243.5	gene|regulatory|repeat|transcript	21
chr7	130990808	130990829	ENSG00000231721.8	gene|regulatory|repeat|transcript	21
chr7	123997187	123997208	ENSG00000241345.1	gene|regulatory|repeat|transcript	21
chr7	106568700	106568721	ENSG00000243797.6	gene|regulatory|repeat|transcript	21
chr7	67339573	67339594	ENSG00000291153.1	gene|regulatory|repeat|transcript	21
chr7	91337637	91337658	ENSG00000243144.7	gene|regulatory|repeat|transcript	21
chr7	32941504	32941525	ENSG00000205763.16|ENSG00000291146.1	gene|regulatory|repeat|transcript	21
chr7	77112888	77112909	ENSG00000214439.7|ENSG00000259628.1|ENSG00000291121.1	gene|regulatory|repeat|transcript	21
chr7	68269802	68269823	ENSG00000226829.2	gene|regulatory|repeat|transcript	21
chr7	20329606	20329627	ENSG00000271133.7	gene|regulatory|repeat|transcript	21
chr7	130958875	130958896	ENSG00000231721.8	gene|regulatory|repeat|transcript	21
chr7	68192955	68192976	ENSG00000226829.2	gene|regulatory|repeat|transcript	21
chr7	130959970	130959991	ENSG00000231721.8	gene|regulatory|repeat|transcript	21
chr7	106397471	106397492	ENSG00000243797.6	gene|regulatory|repeat|transcript	21
chr7	20126078	20126099	ENSG00000243004.7|ENSG00000267055.1	gene|regulatory|repeat|transcript	21
chr7	149807424	149807445	ENSG00000197558.14	gene|regulatory|repeat|transcript	21
chr7	124451081	124451102	ENSG00000242593.8	gene|regulatory|repeat|transcript	21
chr7	19522827	19522848	ENSG00000223838.2	gene|regulatory|repeat|transcript	21
chr7	26252378	26252399	ENSG00000285860.1	gene|regulatory|repeat|transcript	21
chr7	9181780	9181801	ENSG00000278254.4	gene|regulatory|repeat|transcript	21
chr7	100264669	100264690	ENSG00000239521.12|ENSG00000291122.1	gene|regulatory|repeat|transcript	21
chr7	53735462	53735483	ENSG00000205628.5	gene|regulatory|repeat|transcript	21
chr7	150435157	150435178	ENSG00000242258.2	gene|regulatory|repeat|transcript	21
chr7	32648571	32648592	ENSG00000229358.3	gene|regulatory|repeat|transcript	21
chr7	45366491	45366512	ENSG00000286738.1	gene|regulatory|repeat|transcript	21
chr7	69374024	69374045	ENSG00000225718.2	gene|regulatory|repeat|transcript	21
chr7	17552698	17552719	ENSG00000236039.3	gene|regulatory|repeat|transcript	21
chr7	128227600	128227621	ENSG00000289434.2	gene|regulatory|repeat|transcript	21
chr7	110522894	110522915	ENSG00000226965.2	gene|regulatory|repeat|transcript	21
chr7	29563366	29563387	ENSG00000223813.5	gene|regulatory|repeat|transcript	21
chr7	155249204	155249225	ENSG00000290007.1	gene|regulatory|repeat|transcript	21
chr7	155961692	155961713	ENSG00000204876.5	gene|regulatory|repeat|transcript	21
chr7	13111307	13111328	ENSG00000229618.3	gene|regulatory|repeat|transcript	21
chr7	156490087	156490107	ENSG00000182648.15	gene|regulatory|repeat|transcript	20
chr7	50208453	50208473	ENSG00000231681.2	gene|regulatory|repeat|transcript	20
chr7	13740697	13740717	ENSG00000229618.3	gene|regulatory|repeat|transcript	20
chr7	106812036	106812056	ENSG00000228742.11	gene|regulatory|repeat|transcript	20
chr7	116584008	116584028	ENSG00000231210.3	gene|regulatory|repeat|transcript	20
chr7	128645490	128645510	ENSG00000242588.7	gene|regulatory|repeat|transcript	20
chr7	9713452	9713472	ENSG00000234710.3	gene|regulatory|repeat|transcript	20
chr7	17497652	17497672	ENSG00000236039.3	gene|regulatory|repeat|transcript	20
chr7	24789261	24789281	ENSG00000287093.1	gene|regulatory|repeat|transcript	20
chr7	54354734	54354754	ENSG00000231427.6	gene|regulatory|repeat|transcript	20
chr7	34357445	34357465	ENSG00000197085.11	gene|regulatory|repeat|transcript	20
chr7	149807215	149807235	ENSG00000197558.14	gene|regulatory|repeat|transcript	20
chr7	148487018	148487038	ENSG00000283504.1	gene|regulatory|repeat|transcript	20
chr7	148562244	148562264	ENSG00000283648.2	gene|regulatory|repeat|transcript	20
chr7	35118151	35118171	ENSG00000189212.15|ENSG00000287249.1|ENSG00000291133.1	gene|regulatory|repeat|transcript	20
chr7	113120758	113120778	ENSG00000225457.1	gene|regulatory|repeat|transcript	20
chr7	6725659	6725679	ENSG00000290835.1	gene|regulatory|repeat|transcript	20
chr7	119065	119085	ENSG00000287883.1	gene|regulatory|repeat|transcript	20
chr7	34260860	34260880	ENSG00000236212.2	gene|regulatory|repeat|transcript	20
chr7	156625907	156625927	ENSG00000182648.15	gene|regulatory|repeat|transcript	20
chr7	156610932	156610952	ENSG00000182648.15	gene|regulatory|repeat|transcript	20
chr7	110453212	110453232	ENSG00000226965.2	gene|regulatory|repeat|transcript	20
chr7	26490146	26490166	ENSG00000214870.11	gene|regulatory|repeat|transcript	20
chr7	22855726	22855746	ENSG00000228649.11	gene|regulatory|repeat|transcript	20
chr7	76599758	76599778	ENSG00000290873.1	gene|regulatory|repeat|transcript	20
chr7	6926265	6926285	ENSG00000226943.3	gene|regulatory|repeat|transcript	20
chr7	142843534	142843554	ENSG00000289938.1	gene|regulatory|repeat|transcript	20
chr7	36752676	36752696	ENSG00000229424.1	gene|regulatory|repeat|transcript	20
chr7	142845066	142845086	ENSG00000289938.1	gene|regulatory|repeat|transcript	20
chr7	119660011	119660031	ENSG00000225546.6	gene|regulatory|repeat|transcript	20
chr7	128614847	128614867	ENSG00000242588.7|ENSG00000280828.1	gene|regulatory|repeat|transcript	20
chr7	77695410	77695430	ENSG00000214293.11	gene|regulatory|repeat|transcript	20
chr7	132670226	132670246	ENSG00000183470.9	gene|regulatory|repeat|transcript	20
chr7	125088580	125088600	ENSG00000224897.9	gene|regulatory|repeat|transcript	20
chr7	34362948	34362968	ENSG00000197085.11	gene|regulatory|repeat|transcript	20
chr7	130926503	130926522	ENSG00000231721.8|ENSG00000233559.2	gene|regulatory|repeat|transcript	19
chr7	19404548	19404567	ENSG00000223838.2	gene|regulatory|repeat|transcript	19
chr7	20010204	20010223	ENSG00000243004.7	gene|regulatory|repeat|transcript	19
chr7	157501936	157501955	ENSG00000223872.2	gene|regulatory|repeat|transcript	19
chr7	77672689	77672708	ENSG00000214293.11	gene|regulatory|repeat|transcript	19
chr7	20112144	20112163	ENSG00000243004.7|ENSG00000267055.1	gene|regulatory|repeat|transcript	19
chr7	32662615	32662634	ENSG00000229358.3	gene|regulatory|repeat|transcript	19
chr7	113141060	113141079	ENSG00000225457.1	gene|regulatory|repeat|transcript	19
chr7	67360307	67360326	ENSG00000291153.1	gene|regulatory|repeat|transcript	19
chr7	67339430	67339449	ENSG00000291153.1	gene|regulatory|repeat|transcript	19
chr7	50982927	50982946	ENSG00000228204.2	gene|regulatory|repeat|transcript	19
chr7	100437389	100437408	ENSG00000240211.1	gene|regulatory|repeat|transcript	19
chr7	51328712	51328731	ENSG00000288798.2	gene|regulatory|repeat|transcript	19
chr7	100238483	100238502	ENSG00000239521.12|ENSG00000291122.1	gene|regulatory|repeat|transcript	19
chr7	132670112	132670131	ENSG00000183470.9	gene|regulatory|repeat|transcript	19
chr7	17489044	17489063	ENSG00000236039.3	gene|regulatory|repeat|transcript	19
chr7	51636839	51636858	ENSG00000285741.1	gene|regulatory|repeat|transcript	19
chr7	53735208	53735227	ENSG00000205628.5	gene|regulatory|repeat|transcript	19
chr7	130870978	130870997	ENSG00000231721.8|ENSG00000233559.2	gene|regulatory|repeat|transcript	19
chr7	45769876	45769895	ENSG00000291208.1	gene|regulatory|repeat|transcript	19
chr7	10237568	10237587	ENSG00000286639.2	gene|regulatory|repeat|transcript	19
chr7	76123183	76123202	ENSG00000224273.2	gene|regulatory|repeat|transcript	19
chr7	75415245	75415264	ENSG00000223705.12|ENSG00000291151.1	gene|regulatory|repeat|transcript	19
chr7	493806	493825	ENSG00000234471.1	gene|regulatory|repeat|transcript	19
chr7	25663418	25663437	ENSG00000223561.8	gene|regulatory|repeat|transcript	19
chr7	136133893	136133912	ENSG00000232053.7	gene|regulatory|repeat|transcript	19
chr7	65221055	65221074	ENSG00000289108.1|ENSG00000290545.1	gene|regulatory|repeat|transcript	19
chr7	106746204	106746222	ENSG00000243797.6	gene|regulatory|repeat|transcript	18
chr7	24367681	24367699	ENSG00000287523.1	gene|regulatory|repeat|transcript	18
chr7	46315925	46315943	ENSG00000237760.1	gene|regulatory|repeat|transcript	18
chr7	32616611	32616629	ENSG00000229358.3	gene|regulatory|repeat|transcript	18
chr7	46279278	46279296	ENSG00000229459.1	gene|regulatory|repeat|transcript	18
chr7	74288188	74288206	ENSG00000287815.2	gene|regulatory|repeat|transcript	18
chr7	13023642	13023660	ENSG00000229618.3	gene|regulatory|repeat|transcript	18
chr7	91352070	91352088	ENSG00000243144.7	gene|regulatory|repeat|transcript	18
chr7	148564224	148564242	ENSG00000283648.2	gene|regulatory|repeat|transcript	18
chr7	46908824	46908842	ENSG00000232072.1	gene|regulatory|repeat|transcript	18
chr7	106590772	106590790	ENSG00000243797.6|ENSG00000267052.3	gene|regulatory|repeat|transcript	18
chr7	150060565	150060583	ENSG00000241449.6	gene|regulatory|repeat|transcript	18
chr7	4974675	4974693	ENSG00000196204.12	gene|regulatory|repeat|transcript	18
chr7	96999861	96999879	ENSG00000231764.11	gene|regulatory|repeat|transcript	18
chr7	46932180	46932198	ENSG00000232072.1	gene|regulatory|repeat|transcript	18
chr7	73249290	73249308	ENSG00000214544.8|ENSG00000290839.1	gene|regulatory|repeat|transcript	18
chr7	121501929	121501947	ENSG00000289578.1	gene|regulatory|repeat|transcript	18
chr7	36028783	36028801	ENSG00000232930.2	gene|regulatory|repeat|transcript	18
chr7	92547952	92547970	ENSG00000278819.1	gene|regulatory|repeat|transcript	18
chr7	94022907	94022925	ENSG00000236453.5	gene|regulatory|repeat|transcript	18
chr7	36080897	36080915	ENSG00000205745.2	gene|regulatory|repeat|transcript	18
chr7	131039551	131039569	ENSG00000231721.8	gene|regulatory|repeat|transcript	18
chr7	11340184	11340202	ENSG00000230333.6	gene|regulatory|repeat|transcript	18
chr7	156516392	156516410	ENSG00000182648.15	gene|regulatory|repeat|transcript	18
chr7	100223140	100223158	ENSG00000239521.12|ENSG00000291122.1	gene|regulatory|repeat|transcript	18
chr7	66555074	66555092	ENSG00000229180.10|ENSG00000291136.1	gene|regulatory|repeat|transcript	18
chr7	88260979	88260997	ENSG00000228113.7	gene|regulatory|repeat|transcript	18
chr7	19491960	19491978	ENSG00000223838.2	gene|regulatory|repeat|transcript	18
chr7	131012120	131012138	ENSG00000231721.8	gene|regulatory|repeat|transcript	18
chr7	119713953	119713971	ENSG00000225546.6	gene|regulatory|repeat|transcript	18
chr7	100132689	100132707	ENSG00000235077.1	gene|regulatory|repeat|transcript	18
chr7	157498186	157498203	ENSG00000234210.1	gene|regulatory|repeat|transcript	17
chr7	13421057	13421074	ENSG00000229618.3	gene|regulatory|repeat|transcript	17
chr7	156610780	156610797	ENSG00000182648.15	gene|regulatory|repeat|transcript	17
chr7	137074279	137074296	ENSG00000234352.9	gene|regulatory|repeat|transcript	17
chr7	110508154	110508171	ENSG00000226965.2	gene|regulatory|repeat|transcript	17
chr7	46279296	46279313	ENSG00000229459.1	gene|regulatory|repeat|transcript	17
chr7	3143883	3143900	ENSG00000217455.8	gene|regulatory|repeat|transcript	17
chr7	34296698	34296715	ENSG00000236212.2	gene|regulatory|repeat|transcript	17
chr7	38374721	38374738	ENSG00000281103.4	gene|regulatory|repeat|transcript	17
chr7	64653840	64653857	ENSG00000287317.1	gene|regulatory|repeat|transcript	17
chr7	143190	143207	ENSG00000242474.3	gene|regulatory|repeat|transcript	17
chr7	112995550	112995567	ENSG00000234520.8	gene|regulatory|repeat|transcript	17
chr7	12949431	12949448	ENSG00000229618.3	gene|regulatory|repeat|transcript	17
chr7	5824529	5824546	ENSG00000235944.11|ENSG00000291099.1	gene|regulatory|repeat|transcript	17
chr7	136077225	136077242	ENSG00000230649.3	gene|regulatory|repeat|transcript	17
chr7	112679926	112679943	ENSG00000223646.2	gene|regulatory|repeat|transcript	17
chr7	119756428	119756445	ENSG00000225546.6	gene|regulatory|repeat|transcript	17
chr7	149581150	149581167	ENSG00000291118.1	gene|regulatory|repeat|transcript	17
chr7	66588299	66588316	ENSG00000291136.1	gene|regulatory|repeat|transcript	17
chr7	116591767	116591784	ENSG00000231210.3	gene|regulatory|repeat|transcript	17
chr7	88269936	88269953	ENSG00000228113.7	gene|regulatory|repeat|transcript	17
chr7	19118129	19118146	ENSG00000236536.2	gene|regulatory|repeat|transcript	17
chr7	131100657	131100674	ENSG00000231721.8	gene|regulatory|repeat|transcript	17
chr7	35354622	35354639	ENSG00000287651.1	gene|regulatory|repeat|transcript	17
chr7	19990048	19990065	ENSG00000243004.7	gene|regulatory|repeat|transcript	17
chr7	143408902	143408919	ENSG00000229153.7	gene|regulatory|repeat|transcript	17
chr7	99274669	99274685	ENSG00000002079.15|ENSG00000284523.2	gene|regulatory|repeat|transcript	16
chr7	157474702	157474718	ENSG00000234210.1	gene|regulatory|repeat|transcript	16
chr7	13153676	13153692	ENSG00000229618.3	gene|regulatory|repeat|transcript	16
chr7	13115131	13115147	ENSG00000229618.3	gene|regulatory|repeat|transcript	16
chr7	135982152	135982168	ENSG00000289600.1	gene|regulatory|repeat|transcript	16
chr7	130932837	130932853	ENSG00000231721.8	gene|regulatory|repeat|transcript	16
chr7	136174170	136174186	ENSG00000232053.7	gene|regulatory|repeat|transcript	16
chr7	106542909	106542925	ENSG00000243797.6	gene|regulatory|repeat|transcript	16
chr7	20301395	20301411	ENSG00000226097.6	gene|regulatory|repeat|transcript	16
chr7	130989738	130989754	ENSG00000231721.8	gene|regulatory|repeat|transcript	16
chr7	128178917	128178933	ENSG00000292309.1	gene|regulatory|repeat|transcript	16
chr7	68247571	68247587	ENSG00000226829.2	gene|regulatory|repeat|transcript	16
chr7	94339112	94339128	ENSG00000285090.1|ENSG00000285964.1	gene|regulatory|repeat|transcript	16
chr7	142887200	142887216	ENSG00000224970.2	gene|regulatory|repeat|transcript	16
chr7	55573864	55573880	ENSG00000223475.1	gene|regulatory|repeat|transcript	16
chr7	99325272	99325288	ENSG00000284523.2	gene|regulatory|repeat|transcript	16
chr7	142816125	142816141	ENSG00000289938.1	gene|regulatory|repeat|transcript	16
chr7	91434856	91434872	ENSG00000235450.1|ENSG00000243144.7	gene|regulatory|repeat|transcript	16
chr7	29605700	29605716	ENSG00000293330.1	gene|regulatory|repeat|transcript	16
chr7	66423990	66424006	ENSG00000179406.10	gene|regulatory|repeat|transcript	16
chr7	12805923	12805939	ENSG00000229618.3	gene|regulatory|repeat|transcript	16
chr7	16710736	16710752	ENSG00000235837.1	gene|regulatory|repeat|transcript	16
chr7	1509288	1509304	ENSG00000231927.1	gene|regulatory|repeat|transcript	16
chr7	77675217	77675233	ENSG00000214293.11	gene|regulatory|repeat|transcript	16
chr7	156526627	156526642	ENSG00000182648.15	gene|regulatory|repeat|transcript	15
chr7	94299019	94299034	ENSG00000285090.1	gene|regulatory|repeat|transcript	15
chr7	54725319	54725334	ENSG00000286404.1	gene|regulatory|repeat|transcript	15
chr7	65269990	65270005	ENSG00000282381.2	gene|regulatory|repeat|transcript	15
chr7	27392445	27392460	ENSG00000224322.2	gene|regulatory|repeat|transcript	15
chr7	100437125	100437140	ENSG00000240211.1	gene|regulatory|repeat|transcript	15
chr7	155365876	155365891	ENSG00000204960.7	gene|regulatory|repeat|transcript	15
chr7	148572108	148572123	ENSG00000283648.2	gene|regulatory|repeat|transcript	15
chr7	88597984	88597999	ENSG00000233420.2	gene|regulatory|repeat|transcript	15
chr7	126394683	126394698	ENSG00000241921.1	gene|regulatory|repeat|transcript	15
chr7	26481284	26481299	ENSG00000214870.11	gene|regulatory|repeat|transcript	15
chr7	25688625	25688640	ENSG00000223561.8	gene|regulatory|repeat|transcript	15
chr7	106737206	106737221	ENSG00000243797.6	gene|regulatory|repeat|transcript	15
chr7	26252057	26252072	ENSG00000285860.1	gene|regulatory|repeat|transcript	15
chr7	29675278	29675293	ENSG00000227855.5|ENSG00000293330.1	gene|regulatory|repeat|transcript	15
chr7	129776692	129776707	ENSG00000286380.3	gene|regulatory|repeat|transcript	15
chr7	380355	380370	ENSG00000249574.1	gene|regulatory|repeat|transcript	15
chr7	106585407	106585422	ENSG00000243797.6|ENSG00000267052.3	gene|regulatory|repeat|transcript	15
chr7	95554298	95554313	ENSG00000231170.7	gene|regulatory|repeat|transcript	15
chr7	106563283	106563298	ENSG00000243797.6	gene|regulatory|repeat|transcript	15
chr7	131070392	131070407	ENSG00000231721.8	gene|regulatory|repeat|transcript	15
chr7	92910530	92910544	ENSG00000237819.7	gene|regulatory|repeat|transcript	14
chr7	136687794	136687808	ENSG00000234352.9	gene|regulatory|repeat|transcript	14
chr7	46909160	46909174	ENSG00000232072.1	gene|regulatory|repeat|transcript	14
chr7	102427638	102427652	ENSG00000239480.1	gene|regulatory|repeat|transcript	14
chr7	130901345	130901359	ENSG00000231721.8|ENSG00000233559.2	gene|regulatory|repeat|transcript	14
chr7	43076348	43076362	ENSG00000232006.9	gene|regulatory|repeat|transcript	14
chr7	130930194	130930208	ENSG00000231721.8|ENSG00000233559.2	gene|regulatory|repeat|transcript	14
chr7	69374214	69374228	ENSG00000225718.2	gene|regulatory|repeat|transcript	14
chr7	92880256	92880270	ENSG00000237819.7	gene|regulatory|repeat|transcript	14
chr7	112407021	112407035	ENSG00000226851.1	gene|regulatory|repeat|transcript	14
chr7	112713906	112713920	ENSG00000223646.2	gene|regulatory|repeat|transcript	14
chr7	116577366	116577380	ENSG00000231210.3	gene|regulatory|repeat|transcript	14
chr7	116661786	116661800	ENSG00000231210.3	gene|regulatory|repeat|transcript	14
chr7	148480570	148480584	ENSG00000283504.1	gene|regulatory|repeat|transcript	14
chr7	104914247	104914261	ENSG00000225329.3	gene|regulatory|repeat|transcript	14
chr7	69373558	69373572	ENSG00000225718.2	gene|regulatory|repeat|transcript	14
chr7	102431103	102431117	ENSG00000239480.1	gene|regulatory|repeat|transcript	14
chr7	13307089	13307103	ENSG00000229618.3	gene|regulatory|repeat|transcript	14
chr7	12727787	12727801	ENSG00000229618.3	gene|regulatory|repeat|transcript	14
chr7	13857946	13857960	ENSG00000224330.2	gene|regulatory|repeat|transcript	14
chr7	143492252	143492266	ENSG00000229153.7	gene|regulatory|repeat|transcript	14
chr7	41771936	41771950	ENSG00000224116.7	gene|regulatory|repeat|transcript	14
chr7	129993311	129993325	ENSG00000244036.3	gene|regulatory|repeat|transcript	14
chr7	128861823	128861837	ENSG00000242902.1	gene|regulatory|repeat|transcript	14
chr7	121510953	121510966	ENSG00000289578.1	gene|regulatory|repeat|transcript	13
chr7	65796296	65796309	ENSG00000224316.1	gene|regulatory|repeat|transcript	13
chr7	1463027	1463040	ENSG00000225981.3	gene|regulatory|repeat|transcript	13
chr7	136406236	136406249	ENSG00000232053.7	gene|regulatory|repeat|transcript	13
chr7	103153182	103153195	ENSG00000289956.1	gene|regulatory|repeat|transcript	13
chr7	81665919	81665932	ENSG00000293394.1	gene|regulatory|repeat|transcript	13
chr7	35971810	35971823	ENSG00000226102.3	gene|regulatory|repeat|transcript	13
chr7	185265	185278	ENSG00000240093.1	gene|regulatory|repeat|transcript	13
chr7	112678664	112678677	ENSG00000223646.2	gene|regulatory|repeat|transcript	13
chr7	13336902	13336915	ENSG00000229618.3	gene|regulatory|repeat|transcript	13
chr7	5827799	5827812	ENSG00000235944.11|ENSG00000291099.1	gene|regulatory|repeat|transcript	13
chr7	72835062	72835075	ENSG00000225648.8|ENSG00000291152.1	gene|regulatory|repeat|transcript	13
chr7	26448496	26448509	ENSG00000214870.11	gene|regulatory|repeat|transcript	13
chr7	137110111	137110124	ENSG00000234352.9	gene|regulatory|repeat|transcript	13
chr7	130887033	130887046	ENSG00000231721.8|ENSG00000233559.2	gene|regulatory|repeat|transcript	13
chr7	29609702	29609715	ENSG00000293330.1	gene|regulatory|repeat|transcript	13
chr7	135798024	135798037	ENSG00000224746.2	gene|regulatory|repeat|transcript	13
chr7	81600664	81600677	ENSG00000233491.9|ENSG00000293394.1	gene|regulatory|repeat|transcript	13
chr7	144256060	144256073	ENSG00000244198.7|ENSG00000284644.1|ENSG00000290816.1	gene|regulatory|repeat|transcript	13
chr7	47621338	47621351	ENSG00000236078.2	gene|regulatory|repeat|transcript	13
chr7	76593058	76593071	ENSG00000290873.1	gene|regulatory|repeat|transcript	13
chr7	28236855	28236868	ENSG00000234336.7	gene|regulatory|repeat|transcript	13
chr7	106418473	106418486	ENSG00000243797.6	gene|regulatory|repeat|transcript	13
chr7	49580854	49580867	ENSG00000286995.2	gene|regulatory|repeat|transcript	13
chr7	50261632	50261645	ENSG00000231681.2	gene|regulatory|repeat|transcript	13
chr7	28984481	28984494	ENSG00000272568.6	gene|regulatory|repeat|transcript	13
chr7	46708330	46708343	ENSG00000233539.5	gene|regulatory|repeat|transcript	13
chr7	430834	430846	ENSG00000286710.1	gene|regulatory|repeat|transcript	12
chr7	76572326	76572338	ENSG00000290873.1	gene|regulatory|repeat|transcript	12
chr7	100516161	100516173	ENSG00000225807.2	gene|regulatory|repeat|transcript	12
chr7	130847605	130847617	ENSG00000231721.8	gene|regulatory|repeat|transcript	12
chr7	430885	430897	ENSG00000286710.1	gene|regulatory|repeat|transcript	12
chr7	94345127	94345139	ENSG00000285090.1|ENSG00000285964.1	gene|regulatory|repeat|transcript	12
chr7	3090692	3090704	ENSG00000228334.3	gene|regulatory|repeat|transcript	12
chr7	106420780	106420792	ENSG00000243797.6	gene|regulatory|repeat|transcript	12
chr7	5833927	5833939	ENSG00000235944.11|ENSG00000291099.1	gene|regulatory|repeat|transcript	12
chr7	7103692	7103704	ENSG00000287860.3	gene|regulatory|repeat|transcript	12
chr7	94345019	94345031	ENSG00000285090.1|ENSG00000285964.1	gene|regulatory|repeat|transcript	12
chr7	136037346	136037358	ENSG00000230649.3	gene|regulatory|repeat|transcript	12
chr7	124201960	124201972	ENSG00000242593.8	gene|regulatory|repeat|transcript	12
chr7	13526465	13526477	ENSG00000229618.3	gene|regulatory|repeat|transcript	12
chr7	131077192	131077204	ENSG00000231721.8	gene|regulatory|repeat|transcript	12
chr7	100335428	100335440	ENSG00000078319.13|ENSG00000291178.1	gene|regulatory|repeat|transcript	12
chr7	136361355	136361367	ENSG00000232053.7	gene|regulatory|repeat|transcript	12
chr7	77679627	77679638	ENSG00000214293.11	gene|regulatory|repeat|transcript	11
chr7	27192134	27192145	ENSG00000253508.1	gene|regulatory|repeat|transcript	11
chr7	106718983	106718994	ENSG00000243797.6	gene|regulatory|repeat|transcript	11
chr7	129784522	129784533	ENSG00000242078.1	gene|regulatory|repeat|transcript	11
chr7	103265976	103265987	ENSG00000170629.17|ENSG00000291139.1	gene|regulatory|repeat|transcript	11
chr7	120190601	120190612	ENSG00000233417.2	gene|regulatory|repeat|transcript	11
chr7	50957792	50957803	ENSG00000228204.2	gene|regulatory|repeat|transcript	11
chr7	130902573	130902584	ENSG00000231721.8|ENSG00000233559.2	gene|regulatory|repeat|transcript	11
chr7	35761881	35761892	ENSG00000228878.10	gene|regulatory|repeat|transcript	11
chr7	106551981	106551992	ENSG00000243797.6	gene|regulatory|repeat|transcript	11
chr7	124351981	124351992	ENSG00000242593.8	gene|regulatory|repeat|transcript	11
chr7	131051314	131051325	ENSG00000231721.8	gene|regulatory|repeat|transcript	11
chr7	102689908	102689919	ENSG00000233297.4	gene|regulatory|repeat|transcript	11
chr7	55699460	55699471	ENSG00000176826.16	gene|regulatory|repeat|transcript	11
chr7	100246857	100246868	ENSG00000239521.12|ENSG00000291122.1	gene|regulatory|repeat|transcript	11
chr7	88366	88377	ENSG00000232325.4	gene|regulatory|repeat|transcript	11
chr7	132696513	132696524	ENSG00000183470.9	gene|regulatory|repeat|transcript	11
chr7	94050292	94050303	ENSG00000236453.5	gene|regulatory|repeat|transcript	11
chr7	131939160	131939171	ENSG00000224865.8	gene|regulatory|repeat|transcript	11
chr7	131068984	131068995	ENSG00000231721.8	gene|regulatory|repeat|transcript	11
chr7	13684517	13684527	ENSG00000229618.3	gene|regulatory|repeat|transcript	10
chr7	55703125	55703135	ENSG00000176826.16	gene|regulatory|repeat|transcript	10
chr7	34385264	34385274	ENSG00000197085.11	gene|regulatory|repeat|transcript	10
chr7	99981044	99981054	ENSG00000214313.11|ENSG00000291148.1	gene|regulatory|repeat|transcript	10
chr7	69285279	69285289	ENSG00000225718.2	gene|regulatory|repeat|transcript	10
chr7	115221832	115221842	ENSG00000233607.1	gene|regulatory|repeat|transcript	10
chr7	100238675	100238685	ENSG00000239521.12|ENSG00000291122.1	gene|regulatory|repeat|transcript	10
chr7	25365644	25365654	ENSG00000260951.2	gene|regulatory|repeat|transcript	10
chr7	156429825	156429835	ENSG00000182648.15	gene|regulatory|repeat|transcript	10
chr7	40972770	40972780	ENSG00000232458.1	gene|regulatory|repeat|transcript	10
chr7	121475842	121475852	ENSG00000289578.1	gene|regulatory|repeat|transcript	10
chr7	128215294	128215304	ENSG00000292309.1	gene|regulatory|repeat|transcript	10
chr7	113122865	113122875	ENSG00000225457.1	gene|regulatory|repeat|transcript	10
chr7	47040271	47040281	ENSG00000229192.6|ENSG00000232072.1	gene|regulatory|repeat|transcript	10
chr7	88738566	88738576	ENSG00000233420.2	gene|regulatory|repeat|transcript	10
chr7	135981247	135981257	ENSG00000289600.1	gene|regulatory|repeat|transcript	10
chr7	9622183	9622193	ENSG00000234710.3	gene|regulatory|repeat|transcript	10
chr7	68317839	68317849	ENSG00000226829.2	gene|regulatory|repeat|transcript	10
chr7	69301921	69301931	ENSG00000225718.2	gene|regulatory|repeat|transcript	10
chr7	88683076	88683086	ENSG00000233420.2	gene|regulatory|repeat|transcript	10
chr7	91353638	91353648	ENSG00000243144.7	gene|regulatory|repeat|transcript	10
chr7	76572130	76572139	ENSG00000290873.1	gene|regulatory|repeat|transcript	9
chr7	125397471	125397480	ENSG00000224897.9	gene|regulatory|repeat|transcript	9
chr7	155360196	155360205	ENSG00000204960.7	gene|regulatory|repeat|transcript	9
chr7	15788510	15788519	ENSG00000286376.1	gene|regulatory|repeat|transcript	9
chr7	96999911	96999920	ENSG00000231764.11	gene|regulatory|repeat|transcript	9
chr7	32680560	32680569	ENSG00000229358.3	gene|regulatory|repeat|transcript	9
chr7	136359425	136359434	ENSG00000232053.7	gene|regulatory|repeat|transcript	9
chr7	76117337	76117346	ENSG00000224273.2	gene|regulatory|repeat|transcript	9
chr7	124992764	124992773	ENSG00000224897.9	gene|regulatory|repeat|transcript	9
chr7	12941537	12941546	ENSG00000229618.3	gene|regulatory|repeat|transcript	9
chr7	127650943	127650952	ENSG00000240790.3	gene|regulatory|repeat|transcript	9
chr7	89918312	89918321	ENSG00000227646.7	gene|regulatory|repeat|transcript	9
chr7	122199425	122199434	ENSG00000234418.4	gene|regulatory|repeat|transcript	9
chr7	99311855	99311864	ENSG00000284523.2	gene|regulatory|repeat|transcript	9
chr7	102430855	102430864	ENSG00000239480.1	gene|regulatory|repeat|transcript	9
chr7	13185185	13185194	ENSG00000229618.3	gene|regulatory|repeat|transcript	9
chr7	64300696	64300705	ENSG00000287699.1	gene|regulatory|repeat|transcript	9
chr7	131105560	131105569	ENSG00000231721.8	gene|regulatory|repeat|transcript	9
chr7	95547037	95547046	ENSG00000231170.7	gene|regulatory|repeat|transcript	9
chr7	135899026	135899035	ENSG00000224746.2	gene|regulatory|repeat|transcript	9
chr7	43993236	43993245	ENSG00000214783.9|ENSG00000273432.1	gene|regulatory|repeat|transcript	9
chr7	150875800	150875809	ENSG00000289052.1	gene|regulatory|repeat|transcript	9
chr7	130919879	130919888	ENSG00000231721.8|ENSG00000233559.2	gene|regulatory|repeat|transcript	9
chr7	106542927	106542936	ENSG00000243797.6	gene|regulatory|repeat|transcript	9
chr7	12922125	12922133	ENSG00000229618.3	gene|regulatory|repeat|transcript	8
chr7	15737259	15737267	ENSG00000286376.1	gene|regulatory|repeat|transcript	8
chr7	65270873	65270881	ENSG00000282381.2	gene|regulatory|repeat|transcript	8
chr7	100516932	100516940	ENSG00000225807.2	gene|regulatory|repeat|transcript	8
chr7	13139498	13139506	ENSG00000229618.3	gene|regulatory|repeat|transcript	8
chr7	16712782	16712790	ENSG00000235837.1	gene|regulatory|repeat|transcript	8
chr7	54785665	54785673	ENSG00000234707.5	gene|regulatory|repeat|transcript	8
chr7	119253	119261	ENSG00000287883.1	gene|regulatory|repeat|transcript	8
chr7	35988824	35988832	ENSG00000287893.1	gene|regulatory|repeat|transcript	8
chr7	97917286	97917294	ENSG00000284707.2	gene|regulatory|repeat|transcript	8
chr7	130823865	130823873	ENSG00000231721.8	gene|regulatory|repeat|transcript	8
chr7	135982176	135982184	ENSG00000289600.1	gene|regulatory|repeat|transcript	8
chr7	137130787	137130795	ENSG00000234352.9	gene|regulatory|repeat|transcript	8
chr7	131045950	131045958	ENSG00000231721.8	gene|regulatory|repeat|transcript	8
chr7	135899302	135899310	ENSG00000224746.2	gene|regulatory|repeat|transcript	8
chr7	106468930	106468938	ENSG00000243797.6|ENSG00000286076.2	gene|regulatory|repeat|transcript	8
chr7	10076438	10076446	ENSG00000287409.1	gene|regulatory|repeat|transcript	8
chr7	36472168	36472176	ENSG00000237400.1	gene|regulatory|repeat|transcript	8
chr7	84541818	84541826	ENSG00000235139.2	gene|regulatory|repeat|transcript	8
chr7	55698921	55698929	ENSG00000176826.16	gene|regulatory|repeat|transcript	8
chr7	27189804	27189812	ENSG00000253508.1	gene|regulatory|repeat|transcript	8
chr7	112701791	112701799	ENSG00000223646.2	gene|regulatory|repeat|transcript	8
chr7	50208660	50208668	ENSG00000231681.2	gene|regulatory|repeat|transcript	8
chr7	112750083	112750091	ENSG00000223646.2	gene|regulatory|repeat|transcript	8
chr7	7267442	7267450	ENSG00000230825.3	gene|regulatory|repeat|transcript	8
chr7	44786992	44787000	ENSG00000228596.1	gene|regulatory|repeat|transcript	8
chr7	25673162	25673170	ENSG00000223561.8	gene|regulatory|repeat|transcript	8
chr7	155208995	155209003	ENSG00000287865.2	gene|regulatory|repeat|transcript	8
chr7	107655312	107655320	ENSG00000233705.9	gene|regulatory|repeat|transcript	8
chr7	132688997	132689004	ENSG00000183470.9	gene|regulatory|repeat|transcript	7
chr7	1579848	1579855	ENSG00000230487.9	gene|regulatory|repeat|transcript	7
chr7	121485615	121485622	ENSG00000289578.1	gene|regulatory|repeat|transcript	7
chr7	47051915	47051922	ENSG00000229192.6	gene|regulatory|repeat|transcript	7
chr7	143435287	143435294	ENSG00000229153.7	gene|regulatory|repeat|transcript	7
chr7	136186780	136186787	ENSG00000232053.7	gene|regulatory|repeat|transcript	7
chr7	112752342	112752349	ENSG00000223646.2	gene|regulatory|repeat|transcript	7
chr7	63963421	63963428	ENSG00000284534.1	gene|regulatory|repeat|transcript	7
chr7	45769487	45769494	ENSG00000291208.1	gene|regulatory|repeat|transcript	7
chr7	36038105	36038112	ENSG00000232930.2	gene|regulatory|repeat|transcript	7
chr7	106424776	106424783	ENSG00000243797.6	gene|regulatory|repeat|transcript	7
chr7	24231599	24231606	ENSG00000228944.1	gene|regulatory|repeat|transcript	7
chr7	100271052	100271059	ENSG00000239521.12|ENSG00000291122.1	gene|regulatory|repeat|transcript	7
chr7	29620919	29620926	ENSG00000293330.1	gene|regulatory|repeat|transcript	7
chr7	131089282	131089289	ENSG00000231721.8	gene|regulatory|repeat|transcript	7
chr7	94004723	94004730	ENSG00000236861.6	gene|regulatory|repeat|transcript	7
chr7	157490068	157490075	ENSG00000234210.1	gene|regulatory|repeat|transcript	7
chr7	120184964	120184971	ENSG00000233417.2|ENSG00000233969.2	gene|regulatory|repeat|transcript	7
chr7	157488684	157488691	ENSG00000234210.1	gene|regulatory|repeat|transcript	7
chr7	80311981	80311988	ENSG00000234223.2	gene|regulatory|repeat|transcript	7
chr7	45756992	45756999	ENSG00000214765.11|ENSG00000291207.1	gene|regulatory|repeat|transcript	7
chr7	145645237	145645243	ENSG00000230746.4	gene|regulatory|repeat|transcript	6
chr7	28988899	28988905	ENSG00000272568.6	gene|regulatory|repeat|transcript	6
chr7	145624166	145624172	ENSG00000230746.4	gene|regulatory|repeat|transcript	6
chr7	80334236	80334242	ENSG00000232667.12	gene|regulatory|repeat|transcript	6
chr7	19557821	19557827	ENSG00000223838.2	gene|regulatory|repeat|transcript	6
chr7	36025508	36025514	ENSG00000232930.2|ENSG00000287893.1	gene|regulatory|repeat|transcript	6
chr7	125355962	125355968	ENSG00000224897.9	gene|regulatory|repeat|transcript	6
chr7	66535403	66535409	ENSG00000234500.1|ENSG00000291136.1	gene|regulatory|repeat|transcript	6
chr7	106765720	106765726	ENSG00000243797.6	gene|regulatory|repeat|transcript	6
chr7	149606369	149606375	ENSG00000291118.1	gene|regulatory|repeat|transcript	6
chr7	150341764	150341770	ENSG00000261305.2	gene|regulatory|repeat|transcript	6
chr7	106471443	106471449	ENSG00000243797.6|ENSG00000286076.2	gene|regulatory|repeat|transcript	6
chr7	5834349	5834355	ENSG00000235944.11|ENSG00000291099.1	gene|regulatory|repeat|transcript	6
chr7	8304378	8304384	ENSG00000229970.3|ENSG00000272328.1	gene|regulatory|repeat|transcript	6
chr7	128861650	128861656	ENSG00000242902.1	gene|regulatory|repeat|transcript	6
chr7	97971535	97971541	ENSG00000243554.1|ENSG00000284707.2	gene|regulatory|repeat|transcript	6
chr7	17679954	17679960	ENSG00000228675.1	gene|regulatory|repeat|transcript	6
chr7	65725821	65725827	ENSG00000290926.1	gene|regulatory|repeat|transcript	6
chr7	130063	130069	ENSG00000287883.1	gene|regulatory|repeat|transcript	6
chr7	157502800	157502806	ENSG00000223872.2	gene|regulatory|repeat|transcript	6
chr7	3150439	3150445	ENSG00000217455.8	gene|regulatory|repeat|transcript	6
chr7	156585568	156585574	ENSG00000182648.15	gene|regulatory|repeat|transcript	6
chr7	22872230	22872236	ENSG00000226329.2|ENSG00000228649.11	gene|regulatory|repeat|transcript	6
chr7	156621807	156621813	ENSG00000182648.15	gene|regulatory|repeat|transcript	6
chr7	7104334	7104339	ENSG00000287860.3	gene|regulatory|repeat|transcript	5
chr7	13532000	13532005	ENSG00000229618.3	gene|regulatory|repeat|transcript	5
chr7	3166445	3166450	ENSG00000217455.8	gene|regulatory|repeat|transcript	5
chr7	143485130	143485135	ENSG00000229153.7	gene|regulatory|repeat|transcript	5
chr7	130844927	130844932	ENSG00000231721.8	gene|regulatory|repeat|transcript	5
chr7	131101001	131101006	ENSG00000231721.8	gene|regulatory|repeat|transcript	5
chr7	66538952	66538957	ENSG00000234500.1|ENSG00000291136.1	gene|regulatory|repeat|transcript	5
chr7	65745695	65745700	ENSG00000290926.1	gene|regulatory|repeat|transcript	5
chr7	43071988	43071993	ENSG00000232006.9	gene|regulatory|repeat|transcript	5
chr7	25840681	25840686	ENSG00000290025.1	gene|regulatory|repeat|transcript	5
chr7	106718718	106718723	ENSG00000243797.6	gene|regulatory|repeat|transcript	5
chr7	130896685	130896690	ENSG00000231721.8|ENSG00000233559.2	gene|regulatory|repeat|transcript	5
chr7	150400351	150400356	ENSG00000284048.2	gene|regulatory|repeat|transcript	5
chr7	130888410	130888415	ENSG00000231721.8|ENSG00000233559.2	gene|regulatory|repeat|transcript	5
chr7	24779498	24779503	ENSG00000287093.1	gene|regulatory|repeat|transcript	5
chr7	135815777	135815782	ENSG00000224746.2	gene|regulatory|repeat|transcript	5
chr7	20034039	20034044	ENSG00000243004.7	gene|regulatory|repeat|transcript	5
chr7	136146822	136146827	ENSG00000232053.7	gene|regulatory|repeat|transcript	5
chr7	156526855	156526860	ENSG00000182648.15	gene|regulatory|repeat|transcript	5
chr7	130926548	130926553	ENSG00000231721.8|ENSG00000233559.2	gene|regulatory|repeat|transcript	5
chr7	41125551	41125556	ENSG00000224017.2	gene|regulatory|repeat|transcript	5
chr7	26609102	26609106	ENSG00000286507.1	gene|regulatory|repeat|transcript	4
chr7	28240106	28240110	ENSG00000234336.7	gene|regulatory|repeat|transcript	4
chr7	109597036	109597040	ENSG00000234273.1	gene|regulatory|repeat|transcript	4
chr7	94296996	94297000	ENSG00000285090.1	gene|regulatory|repeat|transcript	4
chr7	116661512	116661516	ENSG00000231210.3	gene|regulatory|repeat|transcript	4
chr7	125125058	125125062	ENSG00000224897.9	gene|regulatory|repeat|transcript	4
chr7	157495954	157495958	ENSG00000234210.1	gene|regulatory|repeat|transcript	4
chr7	112391086	112391090	ENSG00000226851.1	gene|regulatory|repeat|transcript	4
chr7	13057704	13057708	ENSG00000229618.3	gene|regulatory|repeat|transcript	4
chr7	76123585	76123589	ENSG00000224273.2	gene|regulatory|repeat|transcript	4
chr7	81499900	81499904	ENSG00000233491.9|ENSG00000293394.1	gene|regulatory|repeat|transcript	4
chr7	47076245	47076249	ENSG00000229192.6	gene|regulatory|repeat|transcript	4
chr7	76855928	76855932	ENSG00000285666.1	gene|regulatory|repeat|transcript	4
chr7	16710515	16710519	ENSG00000235837.1	gene|regulatory|repeat|transcript	4
chr7	137073078	137073082	ENSG00000234352.9	gene|regulatory|repeat|transcript	4
chr7	130822572	130822576	ENSG00000231721.8	gene|regulatory|repeat|transcript	4
chr7	56435776	56435780	ENSG00000291184.1	gene|regulatory|repeat|transcript	4
chr7	13675929	13675933	ENSG00000229618.3	gene|regulatory|repeat|transcript	4
chr7	69429852	69429856	ENSG00000225718.2	gene|regulatory|repeat|transcript	4
chr7	27373970	27373974	ENSG00000224322.2	gene|regulatory|repeat|transcript	4
chr7	130851615	130851619	ENSG00000231721.8	gene|regulatory|repeat|transcript	4
chr7	156545346	156545349	ENSG00000182648.15	gene|regulatory|repeat|transcript	3
chr7	121482452	121482455	ENSG00000289578.1	gene|regulatory|repeat|transcript	3
chr7	41758564	41758567	ENSG00000224116.7	gene|regulatory|repeat|transcript	3
chr7	80347052	80347055	ENSG00000232667.12	gene|regulatory|repeat|transcript	3
chr7	69188285	69188288	ENSG00000225718.2|ENSG00000236839.1	gene|regulatory|repeat|transcript	3
chr7	106380605	106380608	ENSG00000243797.6	gene|regulatory|repeat|transcript	3
chr7	128541117	128541120	ENSG00000242588.7|ENSG00000280828.1	gene|regulatory|repeat|transcript	3
chr7	130926707	130926710	ENSG00000231721.8|ENSG00000233559.2	gene|regulatory|repeat|transcript	3
chr7	143499230	143499233	ENSG00000229153.7	gene|regulatory|repeat|transcript	3
chr7	112752631	112752634	ENSG00000223646.2	gene|regulatory|repeat|transcript	3
chr7	119753616	119753619	ENSG00000225546.6	gene|regulatory|repeat|transcript	3
chr7	35173258	35173261	ENSG00000189212.15|ENSG00000291133.1	gene|regulatory|repeat|transcript	3
chr7	26404603	26404606	ENSG00000214870.11	gene|regulatory|repeat|transcript	3
chr7	19118163	19118166	ENSG00000236536.2	gene|regulatory|repeat|transcript	3
chr7	99296545	99296548	ENSG00000002079.15|ENSG00000284523.2	gene|regulatory|repeat|transcript	3
chr7	100510758	100510761	ENSG00000225807.2	gene|regulatory|repeat|transcript	3
chr7	65746579	65746582	ENSG00000290926.1	gene|regulatory|repeat|transcript	3
chr7	91503256	91503259	ENSG00000235450.1|ENSG00000243144.7	gene|regulatory|repeat|transcript	3
chr7	12815627	12815630	ENSG00000229618.3	gene|regulatory|repeat|transcript	3
chr7	11211368	11211371	ENSG00000230333.6	gene|regulatory|repeat|transcript	3
chr7	46281659	46281662	ENSG00000229459.1	gene|regulatory|repeat|transcript	3
chr7	125088915	125088918	ENSG00000224897.9	gene|regulatory|repeat|transcript	3
chr7	100000791	100000794	ENSG00000286923.3	gene|regulatory|repeat|transcript	3
chr7	34211678	34211680	ENSG00000236212.2	gene|regulatory|repeat|transcript	2
chr7	42973459	42973461	ENSG00000232006.9	gene|regulatory|repeat|transcript	2
chr7	77990677	77990679	ENSG00000232756.1	gene|regulatory|repeat|transcript	2
chr7	24786680	24786682	ENSG00000287093.1	gene|regulatory|repeat|transcript	2
chr7	76129710	76129712	ENSG00000224273.2	gene|regulatory|repeat|transcript	2
chr7	136292003	136292005	ENSG00000232053.7	gene|regulatory|repeat|transcript	2
chr7	134388428	134388430	ENSG00000273297.4	gene|regulatory|repeat|transcript	2
chr7	94064723	94064725	ENSG00000236453.5	gene|regulatory|repeat|transcript	2
chr7	121494516	121494518	ENSG00000289578.1	gene|regulatory|repeat|transcript	2
chr7	134404020	134404022	ENSG00000273297.4	gene|regulatory|repeat|transcript	2
chr7	107655093	107655095	ENSG00000233705.9	gene|regulatory|repeat|transcript	2
chr7	131026707	131026709	ENSG00000231721.8	gene|regulatory|repeat|transcript	2
chr7	8296408	8296410	ENSG00000229970.3	gene|regulatory|repeat|transcript	2
chr7	112750091	112750093	ENSG00000223646.2	gene|regulatory|repeat|transcript	2
chr7	103227648	103227650	ENSG00000170629.17|ENSG00000291139.1	gene|regulatory|repeat|transcript	2
chr7	20114505	20114507	ENSG00000243004.7|ENSG00000267055.1	gene|regulatory|repeat|transcript	2
chr7	69191624	69191626	ENSG00000225718.2	gene|regulatory|repeat|transcript	2
chr7	6995703	6995705	ENSG00000287860.3	gene|regulatory|repeat|transcript	2
chr7	155205189	155205191	ENSG00000287865.2	gene|regulatory|repeat|transcript	2
chr7	100516590	100516592	ENSG00000225807.2	gene|regulatory|repeat|transcript	2
chr7	10549232	10549234	ENSG00000283117.1	gene|regulatory|repeat|transcript	2
chr7	100437722	100437724	ENSG00000240211.1	gene|regulatory|repeat|transcript	2
chr7	26252692	26252693	ENSG00000285860.1	gene|regulatory|repeat|transcript	1
chr7	2619485	2619486	ENSG00000289352.2	gene|regulatory|repeat|transcript	1
chr7	47065408	47065409	ENSG00000229192.6	gene|regulatory|repeat|transcript	1
chr7	130911196	130911197	ENSG00000231721.8|ENSG00000233559.2	gene|regulatory|repeat|transcript	1
chr7	32658313	32658314	ENSG00000229358.3	gene|regulatory|repeat|transcript	1
chr7	130815381	130815382	ENSG00000231721.8	gene|regulatory|repeat|transcript	1
chr7	136115348	136115349	ENSG00000232053.7	gene|regulatory|repeat|transcript	1
chr7	106718811	106718812	ENSG00000243797.6	gene|regulatory|repeat|transcript	1
chr7	156397655	156397656	ENSG00000182648.15	gene|regulatory|repeat|transcript	1
chr7	24231904	24231905	ENSG00000228944.1	gene|regulatory|repeat|transcript	1
chr7	124462272	124462273	ENSG00000242593.8	gene|regulatory|repeat|transcript	1
chr7	151877457	151877458	ENSG00000239911.4	gene|regulatory|repeat|transcript	1
chr7	136261818	136261819	ENSG00000232053.7	gene|regulatory|repeat|transcript	1
chr7	25614523	25614524	ENSG00000223561.8	gene|regulatory|repeat|transcript	1
chr7	116632729	116632730	ENSG00000231210.3	gene|regulatory|repeat|transcript	1
chr7	124334150	124334151	ENSG00000242593.8	gene|regulatory|repeat|transcript	1
chr7	119711344	119711345	ENSG00000225546.6	gene|regulatory|repeat|transcript	1
chr7	131012739	131012740	ENSG00000231721.8	gene|regulatory|repeat|transcript	1
chr7	103153327	103153328	ENSG00000289956.1	gene|regulatory|repeat|transcript	1
chr7	91351562	91351563	ENSG00000243144.7	gene|regulatory|repeat|transcript	1
chr7	6953249	6953250	ENSG00000287860.3	gene|regulatory|repeat|transcript	1
chr7	64582032	64582033	ENSG00000286456.3	gene|regulatory|repeat|transcript	1
chr7	124459607	124459608	ENSG00000242593.8	gene|regulatory|repeat|transcript	1
chr7	94305838	94305839	ENSG00000285090.1	gene|regulatory|repeat|transcript	1
chr7	134685507	134685508	ENSG00000224375.1	gene|regulatory|repeat|transcript	1
chr7	153747983	153747984	ENSG00000287744.1	gene|regulatory|repeat|transcript	1
chr7	128861347	128861348	ENSG00000242902.1	gene|regulatory|repeat|transcript	1
chr7	41742451	41742452	ENSG00000224116.7	gene|regulatory|repeat|transcript	1
