chr	start	end	feature1	feature2	length
chr13	26022671	26023021	ENSG00000132932.19	UTR|exon|gene|regulatory|transcript	350
chr13	112956946	112957296	ENSG00000126217.22	UTR|exon|gene|regulatory|transcript	350
chr13	46751813	46752163	ENSG00000136141.15	UTR|exon|gene|regulatory|transcript	350
chr13	52414980	52415330	ENSG00000136100.14|ENSG00000136114.17	UTR|exon|gene|regulatory|transcript	350
chr13	26021502	26021852	ENSG00000132932.19	UTR|exon|gene|regulatory|transcript	350
chr13	95793080	95793430	ENSG00000102580.15	UTR|exon|gene|regulatory|transcript	350
chr13	110360005	110360355	ENSG00000134871.19	UTR|exon|gene|regulatory|transcript	350
chr13	113735737	113736087	ENSG00000185974.7	UTR|exon|gene|regulatory|transcript	350
chr13	113736263	113736613	ENSG00000185974.7	UTR|exon|gene|regulatory|transcript	350
chr13	35771933	35772282	ENSG00000133083.15	UTR|exon|gene|regulatory|transcript	349
chr13	23675082	23675431	ENSG00000127863.16	UTR|exon|gene|regulatory|transcript	349
chr13	111304243	111304592	ENSG00000102606.20	UTR|exon|gene|regulatory|transcript	349
chr13	110361393	110361742	ENSG00000134871.19	UTR|exon|gene|regulatory|transcript	349
chr13	113813699	113814048	ENSG00000184497.13	UTR|exon|gene|regulatory|transcript	349
chr13	76991392	76991741	ENSG00000102805.16	UTR|exon|gene|regulatory|transcript	349
chr13	26759922	26760270	ENSG00000132975.8	UTR|exon|gene|regulatory|transcript	348
chr13	20702481	20702829	ENSG00000172458.5|ENSG00000278291.1	UTR|exon|gene|regulatory|transcript	348
chr13	100530655	100531003	ENSG00000134864.11	UTR|exon|gene|regulatory|transcript	348
chr13	99894077	99894425	ENSG00000125246.16|ENSG00000286757.4	UTR|exon|gene|regulatory|transcript	348
chr13	110448269	110448617	ENSG00000134871.19	UTR|exon|gene|regulatory|transcript	348
chr13	113814405	113814752	ENSG00000184497.13	UTR|exon|gene|regulatory|transcript	347
chr13	46341015	46341362	ENSG00000102445.20	UTR|exon|gene|regulatory|transcript	347
chr13	110360508	110360855	ENSG00000134871.19	UTR|exon|gene|regulatory|transcript	347
chr13	30616904	30617251	ENSG00000189403.15	UTR|exon|gene|regulatory|transcript	347
chr13	35769842	35770189	ENSG00000133083.15	UTR|exon|gene|regulatory|transcript	347
chr13	29511988	29512335	ENSG00000139514.13	UTR|exon|gene|regulatory|transcript	347
chr13	49309095	49309442	ENSG00000102547.19	UTR|exon|gene|regulatory|transcript	347
chr13	99385983	99386330	ENSG00000134882.16	UTR|exon|gene|regulatory|transcript	347
chr13	98399796	98400142	ENSG00000152767.17	UTR|exon|gene|regulatory|transcript	346
chr13	67224218	67224564	ENSG00000184226.15	UTR|exon|gene|regulatory|transcript	346
chr13	113401704	113402050	ENSG00000153531.15	UTR|exon|gene|regulatory|transcript	346
chr13	80339035	80339381	ENSG00000136158.12	UTR|exon|gene|regulatory|transcript	346
chr13	110190962	110191308	ENSG00000187498.16	UTR|exon|gene|regulatory|transcript	346
chr13	23673416	23673761	ENSG00000127863.16	UTR|exon|gene|regulatory|transcript	345
chr13	76882447	76882792	ENSG00000178695.6	UTR|exon|gene|regulatory|transcript	345
chr13	20782144	20782489	ENSG00000132953.18	UTR|exon|gene|regulatory|transcript	345
chr13	99908134	99908479	ENSG00000125246.16|ENSG00000286757.4	UTR|exon|gene|regulatory|transcript	345
chr13	42239226	42239570	ENSG00000102780.17	UTR|exon|gene|regulatory|transcript	344
chr13	49532636	49532980	ENSG00000136144.12	UTR|exon|gene|regulatory|transcript	344
chr13	77896558	77896902	ENSG00000136160.17	UTR|exon|gene|regulatory|transcript	344
chr13	51761684	51762027	ENSG00000139668.9	UTR|exon|gene|regulatory|transcript	343
chr13	73687084	73687427	ENSG00000118922.19	UTR|exon|gene|regulatory|transcript	343
chr13	96090343	96090686	ENSG00000185352.10	UTR|exon|gene|regulatory|transcript	343
chr13	98445350	98445693	ENSG00000102572.15|ENSG00000152767.17	UTR|exon|gene|regulatory|transcript	343
chr13	46775698	46776041	ENSG00000139684.15	UTR|exon|gene|regulatory|transcript	343
chr13	59665749	59666091	ENSG00000139734.19	UTR|exon|gene|regulatory|transcript	342
chr13	30429302	30429643	ENSG00000236444.5	UTR|exon|gene|regulatory|transcript	341
chr13	99896329	99896670	ENSG00000125246.16|ENSG00000286757.4	UTR|exon|gene|regulatory|transcript	341
chr13	49292746	49293087	ENSG00000102543.14	UTR|exon|gene|regulatory|transcript	341
chr13	46127054	46127395	ENSG00000136167.15|ENSG00000235903.11	UTR|exon|gene|regulatory|transcript	341
chr13	99963770	99964110	ENSG00000139800.9	UTR|exon|gene|regulatory|transcript	340
chr13	29766427	29766767	ENSG00000122042.10	UTR|exon|gene|regulatory|transcript	340
chr13	27962342	27962682	ENSG00000165556.10	UTR|exon|gene|regulatory|transcript	340
chr13	98858238	98858578	ENSG00000088387.22	UTR|exon|gene|regulatory|transcript	340
chr13	67223021	67223360	ENSG00000184226.15	UTR|exon|gene|regulatory|transcript	339
chr13	98450514	98450853	ENSG00000102572.15|ENSG00000152767.17	UTR|exon|gene|regulatory|transcript	339
chr13	98454388	98454727	ENSG00000102572.15|ENSG00000152767.17	UTR|exon|gene|regulatory|transcript	339
chr13	99894492	99894831	ENSG00000125246.16|ENSG00000286757.4	UTR|exon|gene|regulatory|transcript	339
chr13	29503787	29504125	ENSG00000132938.22	UTR|exon|gene|regulatory|transcript	338
chr13	51816315	51816653	ENSG00000281106.4|ENSG00000285444.1	UTR|exon|gene|regulatory|transcript	338
chr13	27961710	27962048	ENSG00000165556.10	UTR|exon|gene|regulatory|transcript	338
chr13	75621177	75621515	ENSG00000136153.20|ENSG00000261105.6|ENSG00000261553.5	UTR|exon|gene|regulatory|transcript	338
chr13	29513942	29514279	ENSG00000139514.13	UTR|exon|gene|regulatory|transcript	337
chr13	26022011	26022348	ENSG00000132932.19	UTR|exon|gene|regulatory|transcript	337
chr13	20722039	20722376	ENSG00000172458.5	UTR|exon|gene|regulatory|transcript	337
chr13	113402413	113402749	ENSG00000153531.15	UTR|exon|gene|regulatory|transcript	336
chr13	98406984	98407320	ENSG00000152767.17	UTR|exon|gene|regulatory|transcript	336
chr13	113954004	113954340	ENSG00000283199.3	UTR|exon|gene|regulatory|transcript	336
chr13	44143221	44143556	ENSG00000139656.8|ENSG00000226519.4|ENSG00000227258.7	UTR|exon|gene|regulatory|transcript	335
chr13	30457995	30458330	ENSG00000189403.15	UTR|exon|gene|regulatory|transcript	335
chr13	36696615	36696948	ENSG00000180440.4	UTR|exon|gene|regulatory|transcript	333
chr13	94710450	94710783	ENSG00000125285.6|ENSG00000227640.5	UTR|exon|gene|regulatory|transcript	333
chr13	35848362	35848695	ENSG00000133083.15	UTR|exon|gene|regulatory|transcript	333
chr13	26020518	26020850	ENSG00000132932.19	UTR|exon|gene|regulatory|transcript	332
chr13	106489845	106490177	ENSG00000125266.8	UTR|exon|gene|regulatory|transcript	332
chr13	78599924	78600256	ENSG00000152192.8|ENSG00000234377.8	UTR|exon|gene|regulatory|transcript	332
chr13	46339100	46339431	ENSG00000102445.20	UTR|exon|gene|regulatory|transcript	331
chr13	51764768	51765098	ENSG00000139668.9|ENSG00000285444.1	UTR|exon|gene|regulatory|transcript	330
chr13	83879086	83879416	ENSG00000178235.8|ENSG00000285680.2	UTR|exon|gene|regulatory|transcript	330
chr13	49494644	49494973	ENSG00000136169.17	UTR|exon|gene|regulatory|transcript	329
chr13	113322908	113323236	ENSG00000185896.11	UTR|exon|gene|regulatory|transcript	328
chr13	98406625	98406953	ENSG00000152767.17	UTR|exon|gene|regulatory|transcript	328
chr13	98453209	98453535	ENSG00000102572.15|ENSG00000152767.17	UTR|exon|gene|regulatory|transcript	326
chr13	50912437	50912760	ENSG00000136104.21	UTR|exon|gene|regulatory|transcript	323
chr13	113400759	113401078	ENSG00000153531.15	UTR|exon|gene|regulatory|transcript	319
chr13	99377250	99377568	ENSG00000134882.16	UTR|exon|gene|regulatory|transcript	318
chr13	67216876	67217194	ENSG00000184226.15	UTR|exon|gene|regulatory|transcript	318
chr13	98404339	98404655	ENSG00000152767.17	UTR|exon|gene|regulatory|transcript	316
chr13	46831630	46831946	ENSG00000102468.11	UTR|exon|gene|regulatory|transcript	316
chr13	48488969	48489284	ENSG00000136161.13|ENSG00000139687.16	UTR|exon|gene|regulatory|transcript	315
chr13	113736972	113737287	ENSG00000185974.7	UTR|exon|gene|regulatory|transcript	315
chr13	112885798	112886113	ENSG00000068650.19	UTR|exon|gene|regulatory|transcript	315
chr13	112070045	112070360	ENSG00000182968.5|ENSG00000224243.2	UTR|exon|gene|regulatory|transcript	315
chr13	25165164	25165477	ENSG00000165566.13	UTR|exon|gene|regulatory|transcript	313
chr13	46752286	46752599	ENSG00000136141.15	UTR|exon|gene|regulatory|transcript	313
chr13	30459914	30460226	ENSG00000189403.15	UTR|exon|gene|regulatory|transcript	312
chr13	98402351	98402663	ENSG00000152767.17	UTR|exon|gene|regulatory|transcript	312
chr13	99964692	99965003	ENSG00000139800.9	UTR|exon|gene|regulatory|transcript	311
chr13	110236938	110237249	ENSG00000187498.16	UTR|exon|gene|regulatory|transcript	311
chr13	30457633	30457943	ENSG00000189403.15	UTR|exon|gene|regulatory|transcript	310
chr13	80336410	80336718	ENSG00000136158.12	UTR|exon|gene|regulatory|transcript	308
chr13	98396532	98396840	ENSG00000152767.17	UTR|exon|gene|regulatory|transcript	308
chr13	50521079	50521387	ENSG00000176124.15|ENSG00000186047.11	UTR|exon|gene|regulatory|transcript	308
chr13	51588137	51588444	ENSG00000139668.9	UTR|exon|gene|regulatory|transcript	307
chr13	37105357	37105664	ENSG00000180138.7	UTR|exon|gene|regulatory|transcript	307
chr13	99895416	99895723	ENSG00000125246.16|ENSG00000286757.4	UTR|exon|gene|regulatory|transcript	307
chr13	77004376	77004678	ENSG00000005812.11|ENSG00000102805.16|ENSG00000283208.2	UTR|exon|gene|regulatory|transcript	302
chr13	40940920	40941222	ENSG00000120690.16	UTR|exon|gene|regulatory|transcript	302
chr13	26024620	26024921	ENSG00000132932.19	UTR|exon|gene|regulatory|transcript	301
chr13	40556499	40556800	ENSG00000150907.10|ENSG00000288542.1	UTR|exon|gene|regulatory|transcript	301
chr13	45535391	45535690	ENSG00000136152.15|ENSG00000165837.12	UTR|exon|gene|regulatory|transcript	299
chr13	46126599	46126898	ENSG00000136167.15|ENSG00000235903.11	UTR|exon|gene|regulatory|transcript	299
chr13	51450595	51450893	ENSG00000102786.15	UTR|exon|gene|regulatory|transcript	298
chr13	49310302	49310599	ENSG00000102547.19	UTR|exon|gene|regulatory|transcript	297
chr13	48489309	48489605	ENSG00000136161.13|ENSG00000139687.16	UTR|exon|gene|regulatory|transcript	296
chr13	98451768	98452064	ENSG00000102572.15|ENSG00000152767.17	UTR|exon|gene|regulatory|transcript	296
chr13	109207636	109207932	ENSG00000041515.16	UTR|exon|gene|regulatory|transcript	296
chr13	98448377	98448672	ENSG00000102572.15|ENSG00000152767.17	UTR|exon|gene|regulatory|transcript	295
chr13	27924842	27925137	ENSG00000139515.6	UTR|exon|gene|regulatory|transcript	295
chr13	45335285	45335579	ENSG00000133112.17	UTR|exon|gene|regulatory|transcript	294
chr13	41061118	41061412	ENSG00000120690.16	UTR|exon|gene|regulatory|transcript	294
chr13	45781694	45781988	ENSG00000215475.5	UTR|exon|gene|regulatory|transcript	294
chr13	60398103	60398396	ENSG00000083544.16	UTR|exon|gene|regulatory|transcript	293
chr13	29513455	29513748	ENSG00000139514.13	UTR|exon|gene|regulatory|transcript	293
chr13	98244868	98245160	ENSG00000152767.17	UTR|exon|gene|regulatory|transcript	292
chr13	113401357	113401649	ENSG00000153531.15	UTR|exon|gene|regulatory|transcript	292
chr13	67218071	67218363	ENSG00000184226.15	UTR|exon|gene|regulatory|transcript	292
chr13	73689348	73689639	ENSG00000118922.19	UTR|exon|gene|regulatory|transcript	291
chr13	51339328	51339619	ENSG00000253309.7	UTR|exon|gene|regulatory|transcript	291
chr13	112069554	112069845	ENSG00000182968.5|ENSG00000224243.2	UTR|exon|gene|regulatory|transcript	291
chr13	41127737	41128028	ENSG00000165572.8	UTR|exon|gene|regulatory|transcript	291
chr13	26254254	26254543	ENSG00000132964.13	UTR|exon|gene|regulatory|transcript	289
chr13	50519973	50520262	ENSG00000176124.15|ENSG00000186047.11	UTR|exon|gene|regulatory|transcript	289
chr13	98857028	98857317	ENSG00000088387.22	UTR|exon|gene|regulatory|transcript	289
chr13	73076071	73076360	ENSG00000102554.14	UTR|exon|gene|regulatory|transcript	289
chr13	101115932	101116220	ENSG00000102452.18	UTR|exon|gene|regulatory|transcript	288
chr13	51588597	51588884	ENSG00000139668.9	UTR|exon|gene|regulatory|transcript	287
chr13	113421944	113422230	ENSG00000153531.15	UTR|exon|gene|regulatory|transcript	286
chr13	106535286	106535571	ENSG00000125266.8	UTR|exon|gene|regulatory|transcript	285
chr13	51815155	51815439	ENSG00000281106.4|ENSG00000285444.1	UTR|exon|gene|regulatory|transcript	284
chr13	51589831	51590115	ENSG00000139668.9	UTR|exon|gene|regulatory|transcript	284
chr13	98022206	98022489	ENSG00000065150.21	UTR|exon|gene|regulatory|transcript	283
chr13	87680345	87680627	ENSG00000165300.8	UTR|exon|gene|regulatory|transcript	282
chr13	98399011	98399291	ENSG00000152767.17	UTR|exon|gene|regulatory|transcript	280
chr13	26758488	26758768	ENSG00000132975.8	UTR|exon|gene|regulatory|transcript	280
chr13	49533637	49533917	ENSG00000136144.12	UTR|exon|gene|regulatory|transcript	280
chr13	25168193	25168473	ENSG00000165566.13	UTR|exon|gene|regulatory|transcript	280
chr13	113208192	113208471	ENSG00000126226.22|ENSG00000139842.15	UTR|exon|gene|regulatory|transcript	279
chr13	57631926	57632204	ENSG00000118946.12	UTR|exon|gene|regulatory|transcript	278
chr13	106534964	106535241	ENSG00000125266.8	UTR|exon|gene|regulatory|transcript	277
chr13	102645770	102646047	ENSG00000134900.13	UTR|exon|gene|regulatory|transcript	277
chr13	51364459	51364735	ENSG00000102786.15|ENSG00000253309.7	UTR|exon|gene|regulatory|transcript	276
chr13	46342632	46342908	ENSG00000102445.20	UTR|exon|gene|regulatory|transcript	276
chr13	67215935	67216210	ENSG00000184226.15	UTR|exon|gene|regulatory|transcript	275
chr13	29510688	29510962	ENSG00000139514.13	UTR|exon|gene|regulatory|transcript	274
chr13	30463887	30464160	ENSG00000189403.15	UTR|exon|gene|regulatory|transcript	273
chr13	112882573	112882846	ENSG00000068650.19	UTR|exon|gene|regulatory|transcript	273
chr13	26025237	26025509	ENSG00000132932.19	UTR|exon|gene|regulatory|transcript	272
chr13	99895094	99895366	ENSG00000125246.16|ENSG00000286757.4	UTR|exon|gene|regulatory|transcript	272
chr13	51590297	51590569	ENSG00000139668.9	UTR|exon|gene|regulatory|transcript	272
chr13	110149142	110149414	ENSG00000187498.16	UTR|exon|gene|regulatory|transcript	272
chr13	46126163	46126434	ENSG00000136167.15|ENSG00000235903.11	UTR|exon|gene|regulatory|transcript	271
chr13	33064795	33065065	ENSG00000133116.8	UTR|exon|gene|regulatory|transcript	270
chr13	76990960	76991229	ENSG00000102805.16	UTR|exon|gene|regulatory|transcript	269
chr13	27667029	27667298	ENSG00000186184.20	UTR|exon|gene|regulatory|transcript	269
chr13	30764106	30764375	ENSG00000132965.10	UTR|exon|gene|regulatory|transcript	269
chr13	29505616	29505884	ENSG00000132938.22	UTR|exon|gene|regulatory|transcript	268
chr13	80338732	80339000	ENSG00000136158.12	UTR|exon|gene|regulatory|transcript	268
chr13	87678372	87678640	ENSG00000165300.8	UTR|exon|gene|regulatory|transcript	268
chr13	27977781	27978049	ENSG00000183463.7	UTR|exon|gene|regulatory|transcript	268
chr13	51591121	51591387	ENSG00000139668.9	UTR|exon|gene|regulatory|transcript	266
chr13	83882003	83882268	ENSG00000178235.8|ENSG00000285680.2	UTR|exon|gene|regulatory|transcript	265
chr13	50911999	50912261	ENSG00000136104.21	UTR|exon|gene|regulatory|transcript	262
chr13	78600513	78600773	ENSG00000152192.8|ENSG00000234377.8	UTR|exon|gene|regulatory|transcript	260
chr13	112985117	112985377	ENSG00000126217.22	UTR|exon|gene|regulatory|transcript	260
chr13	77042835	77043094	ENSG00000005810.20|ENSG00000236051.7|ENSG00000283208.2	UTR|exon|gene|regulatory|transcript	259
chr13	45782360	45782619	ENSG00000215475.5	UTR|exon|gene|regulatory|transcript	259
chr13	36872657	36872915	ENSG00000120693.15	UTR|exon|gene|regulatory|transcript	258
chr13	42239680	42239938	ENSG00000102780.17	UTR|exon|gene|regulatory|transcript	258
chr13	99986222	99986479	ENSG00000043355.12	UTR|exon|gene|regulatory|transcript	257
chr13	67208614	67208870	ENSG00000184226.15	UTR|exon|gene|regulatory|transcript	256
chr13	21348783	21349038	ENSG00000180776.17|ENSG00000224429.10|ENSG00000291046.1	UTR|exon|gene|regulatory|transcript	255
chr13	27962749	27963003	ENSG00000165556.10	UTR|exon|gene|regulatory|transcript	254
chr13	39010804	39011058	ENSG00000120685.20	UTR|exon|gene|regulatory|transcript	254
chr13	110512454	110512708	ENSG00000134871.19	UTR|exon|gene|regulatory|transcript	254
chr13	96834703	96834957	ENSG00000185352.10	UTR|exon|gene|regulatory|transcript	254
chr13	46341397	46341651	ENSG00000102445.20	UTR|exon|gene|regulatory|transcript	254
chr13	95020422	95020675	ENSG00000125257.16	UTR|exon|gene|regulatory|transcript	253
chr13	87685411	87685663	ENSG00000165300.8	UTR|exon|gene|regulatory|transcript	252
chr13	113402071	113402323	ENSG00000153531.15	UTR|exon|gene|regulatory|transcript	252
chr13	76884183	76884433	ENSG00000178695.6	UTR|exon|gene|regulatory|transcript	250
chr13	35470966	35471215	ENSG00000172915.20	UTR|exon|gene|regulatory|transcript	249
chr13	61415158	61415407	ENSG00000197991.11|ENSG00000280165.2	UTR|exon|gene|regulatory|transcript	249
chr13	61410357	61410605	ENSG00000197991.11|ENSG00000280165.2	UTR|exon|gene|regulatory|transcript	248
chr13	51082510	51082757	ENSG00000226792.8	UTR|exon|gene|regulatory|transcript	247
chr13	52449997	52450244	ENSG00000136100.14	UTR|exon|gene|regulatory|transcript	247
chr13	20141280	20141526	ENSG00000121743.4	UTR|exon|gene|regulatory|transcript	246
chr13	21372576	21372822	ENSG00000180776.17	UTR|exon|gene|regulatory|transcript	246
chr13	97222077	97222323	ENSG00000139793.21	UTR|exon|gene|regulatory|transcript	246
chr13	20090372	20090617	ENSG00000121741.17	UTR|exon|gene|regulatory|transcript	245
chr13	99892197	99892442	ENSG00000125246.16|ENSG00000286757.4	UTR|exon|gene|regulatory|transcript	245
chr13	40558671	40558915	ENSG00000150907.10|ENSG00000288542.1	UTR|exon|gene|regulatory|transcript	244
chr13	102678461	102678705	ENSG00000134900.13	UTR|exon|gene|regulatory|transcript	244
chr13	39209860	39210104	ENSG00000183722.9|ENSG00000273507.7	UTR|exon|gene|regulatory|transcript	244
chr13	77016297	77016540	ENSG00000005812.11|ENSG00000102805.16|ENSG00000283208.2	UTR|exon|gene|regulatory|transcript	243
chr13	51444999	51445241	ENSG00000102786.15	UTR|exon|gene|regulatory|transcript	242
chr13	112883628	112883870	ENSG00000068650.19	UTR|exon|gene|regulatory|transcript	242
chr13	113457248	113457490	ENSG00000150401.15	UTR|exon|gene|regulatory|transcript	242
chr13	61410796	61411037	ENSG00000197991.11|ENSG00000280165.2	UTR|exon|gene|regulatory|transcript	241
chr13	97275806	97276047	ENSG00000139793.21	UTR|exon|gene|regulatory|transcript	241
chr13	94712154	94712393	ENSG00000125285.6|ENSG00000227640.5	UTR|exon|gene|regulatory|transcript	239
chr13	98398660	98398899	ENSG00000152767.17	UTR|exon|gene|regulatory|transcript	239
chr13	106490288	106490526	ENSG00000125266.8	UTR|exon|gene|regulatory|transcript	238
chr13	45394042	45394280	ENSG00000170919.16|ENSG00000174032.17	UTR|exon|gene|regulatory|transcript	238
chr13	41194331	41194569	ENSG00000120696.9|ENSG00000278390.7	UTR|exon|gene|regulatory|transcript	238
chr13	106491146	106491383	ENSG00000125266.8|ENSG00000284966.3	UTR|exon|gene|regulatory|transcript	237
chr13	111280734	111280970	ENSG00000102606.20	UTR|exon|gene|regulatory|transcript	236
chr13	51815511	51815747	ENSG00000281106.4|ENSG00000285444.1	UTR|exon|gene|regulatory|transcript	236
chr13	113400472	113400708	ENSG00000153531.15	UTR|exon|gene|regulatory|transcript	236
chr13	48412526	48412761	ENSG00000139679.16|ENSG00000139687.16	UTR|exon|gene|regulatory|transcript	235
chr13	51253195	51253430	ENSG00000150510.17	UTR|exon|gene|regulatory|transcript	235
chr13	61415494	61415729	ENSG00000197991.11|ENSG00000280165.2	UTR|exon|gene|regulatory|transcript	235
chr13	25287254	25287488	ENSG00000139505.13	UTR|exon|gene|regulatory|transcript	234
chr13	75481767	75482001	ENSG00000136111.14	UTR|exon|gene|regulatory|transcript	234
chr13	39037842	39038076	ENSG00000120685.20	UTR|exon|gene|regulatory|transcript	234
chr13	98450854	98451086	ENSG00000102572.15|ENSG00000152767.17	UTR|exon|gene|regulatory|transcript	232
chr13	61410022	61410253	ENSG00000197991.11|ENSG00000280165.2	UTR|exon|gene|regulatory|transcript	231
chr13	52032508	52032738	ENSG00000253710.5|ENSG00000253797.2	UTR|exon|gene|regulatory|transcript	230
chr13	35768651	35768880	ENSG00000133083.15	UTR|exon|gene|regulatory|transcript	229
chr13	98397283	98397512	ENSG00000152767.17	UTR|exon|gene|regulatory|transcript	229
chr13	112070611	112070838	ENSG00000182968.5|ENSG00000224243.2	UTR|exon|gene|regulatory|transcript	227
chr13	50016512	50016739	ENSG00000198553.9|ENSG00000204977.10|ENSG00000231607.15	UTR|exon|gene|regulatory|transcript	227
chr13	51762217	51762443	ENSG00000139668.9	UTR|exon|gene|regulatory|transcript	226
chr13	20703718	20703943	ENSG00000172458.5	UTR|exon|gene|regulatory|transcript	225
chr13	35850315	35850540	ENSG00000133083.15	UTR|exon|gene|regulatory|transcript	225
chr13	25169335	25169560	ENSG00000165566.13|ENSG00000238169.2	UTR|exon|gene|regulatory|transcript	225
chr13	31331151	31331375	ENSG00000187676.8	UTR|exon|gene|regulatory|transcript	224
chr13	52406247	52406470	ENSG00000136114.17	UTR|exon|gene|regulatory|transcript	223
chr13	113815191	113815414	ENSG00000184497.13	UTR|exon|gene|regulatory|transcript	223
chr13	113551724	113551946	ENSG00000150403.18	UTR|exon|gene|regulatory|transcript	222
chr13	106491925	106492147	ENSG00000125266.8|ENSG00000284966.3	UTR|exon|gene|regulatory|transcript	222
chr13	26019985	26020206	ENSG00000132932.19	UTR|exon|gene|regulatory|transcript	221
chr13	98451484	98451704	ENSG00000102572.15|ENSG00000152767.17	UTR|exon|gene|regulatory|transcript	220
chr13	35474586	35474806	ENSG00000172915.20|ENSG00000180660.9	UTR|exon|gene|regulatory|transcript	220
chr13	30459351	30459570	ENSG00000189403.15	UTR|exon|gene|regulatory|transcript	219
chr13	27273720	27273939	ENSG00000122035.7	UTR|exon|gene|regulatory|transcript	219
chr13	113534288	113534506	ENSG00000150403.18	UTR|exon|gene|regulatory|transcript	218
chr13	99895756	99895974	ENSG00000125246.16|ENSG00000286757.4	UTR|exon|gene|regulatory|transcript	218
chr13	99985988	99986206	ENSG00000043355.12	UTR|exon|gene|regulatory|transcript	218
chr13	29510037	29510255	ENSG00000139514.13	UTR|exon|gene|regulatory|transcript	218
chr13	32314331	32314548	ENSG00000189167.12	UTR|exon|gene|regulatory|transcript	217
chr13	112882355	112882572	ENSG00000068650.19	UTR|exon|gene|regulatory|transcript	217
chr13	51770783	51770999	ENSG00000102796.12|ENSG00000285444.1	UTR|exon|gene|regulatory|transcript	216
chr13	27961114	27961330	ENSG00000165556.10	UTR|exon|gene|regulatory|transcript	216
chr13	25166397	25166612	ENSG00000165566.13	UTR|exon|gene|regulatory|transcript	215
chr13	20426828	20427043	ENSG00000165475.15	UTR|exon|gene|regulatory|transcript	215
chr13	77002652	77002867	ENSG00000005812.11|ENSG00000102805.16|ENSG00000283208.2	UTR|exon|gene|regulatory|transcript	215
chr13	95643042	95643257	ENSG00000134874.18	UTR|exon|gene|regulatory|transcript	215
chr13	28301933	28302148	ENSG00000102755.13	UTR|exon|gene|regulatory|transcript	215
chr13	110361991	110362206	ENSG00000134871.19	UTR|exon|gene|regulatory|transcript	215
chr13	50843692	50843907	ENSG00000176124.15|ENSG00000186047.11	UTR|exon|gene|regulatory|transcript	215
chr13	41367438	41367652	ENSG00000172766.19	UTR|exon|gene|regulatory|transcript	214
chr13	76884646	76884860	ENSG00000178695.6	UTR|exon|gene|regulatory|transcript	214
chr13	51282452	51282666	ENSG00000150510.17	UTR|exon|gene|regulatory|transcript	214
chr13	29510990	29511204	ENSG00000139514.13	UTR|exon|gene|regulatory|transcript	214
chr13	94710996	94711210	ENSG00000125285.6|ENSG00000227640.5	UTR|exon|gene|regulatory|transcript	214
chr13	26758095	26758309	ENSG00000132975.8	UTR|exon|gene|regulatory|transcript	214
chr13	113816670	113816883	ENSG00000184497.13|ENSG00000233695.2	UTR|exon|gene|regulatory|transcript	213
chr13	20702252	20702465	ENSG00000172458.5|ENSG00000278291.1	UTR|exon|gene|regulatory|transcript	213
chr13	25249019	25249231	ENSG00000139505.13	UTR|exon|gene|regulatory|transcript	212
chr13	30459106	30459318	ENSG00000189403.15	UTR|exon|gene|regulatory|transcript	212
chr13	95642029	95642241	ENSG00000134874.18	UTR|exon|gene|regulatory|transcript	212
chr13	51764523	51764735	ENSG00000139668.9|ENSG00000285444.1	UTR|exon|gene|regulatory|transcript	212
chr13	100236939	100237151	ENSG00000175198.17	UTR|exon|gene|regulatory|transcript	212
chr13	87672614	87672825	ENSG00000165300.8|ENSG00000228824.8	UTR|exon|gene|regulatory|transcript	211
chr13	94710110	94710321	ENSG00000125285.6|ENSG00000227640.5	UTR|exon|gene|regulatory|transcript	211
chr13	30459591	30459802	ENSG00000189403.15	UTR|exon|gene|regulatory|transcript	211
chr13	98445886	98446097	ENSG00000102572.15|ENSG00000152767.17	UTR|exon|gene|regulatory|transcript	211
chr13	114222770	114222980	ENSG00000283361.3	UTR|exon|gene|regulatory|transcript	210
chr13	29849979	29850189	ENSG00000122042.10	UTR|exon|gene|regulatory|transcript	210
chr13	49209141	49209351	ENSG00000102531.16	UTR|exon|gene|regulatory|transcript	210
chr13	51768405	51768614	ENSG00000102796.12|ENSG00000285444.1	UTR|exon|gene|regulatory|transcript	209
chr13	21140304	21140513	ENSG00000150459.13	UTR|exon|gene|regulatory|transcript	209
chr13	23324758	23324967	ENSG00000102683.8|ENSG00000151835.17	UTR|exon|gene|regulatory|transcript	209
chr13	36431926	36432135	ENSG00000133101.10	UTR|exon|gene|regulatory|transcript	209
chr13	97953716	97953925	ENSG00000065150.21	UTR|exon|gene|regulatory|transcript	209
chr13	108218391	108218599	ENSG00000139826.6	UTR|exon|gene|regulatory|transcript	208
chr13	26051051	26051258	ENSG00000180730.5	UTR|exon|gene|regulatory|transcript	207
chr13	45781432	45781639	ENSG00000215475.5	UTR|exon|gene|regulatory|transcript	207
chr13	39048151	39048358	ENSG00000188811.14	UTR|exon|gene|regulatory|transcript	207
chr13	99258379	99258586	ENSG00000125245.14|ENSG00000134882.16	UTR|exon|gene|regulatory|transcript	207
chr13	73689081	73689287	ENSG00000118922.19	UTR|exon|gene|regulatory|transcript	206
chr13	31145562	31145768	ENSG00000120694.20	UTR|exon|gene|regulatory|transcript	206
chr13	29510281	29510487	ENSG00000139514.13	UTR|exon|gene|regulatory|transcript	206
chr13	26051686	26051892	ENSG00000180730.5	UTR|exon|gene|regulatory|transcript	206
chr13	109786168	109786374	ENSG00000185950.9|ENSG00000275741.1	UTR|exon|gene|regulatory|transcript	206
chr13	99498990	99499196	ENSG00000125304.10|ENSG00000280734.3	UTR|exon|gene|regulatory|transcript	206
chr13	25167630	25167836	ENSG00000165566.13	UTR|exon|gene|regulatory|transcript	206
chr13	23570643	23570848	ENSG00000127863.16	UTR|exon|gene|regulatory|transcript	205
chr13	46387252	46387457	ENSG00000102445.20	UTR|exon|gene|regulatory|transcript	205
chr13	26024403	26024608	ENSG00000132932.19	UTR|exon|gene|regulatory|transcript	205
chr13	93226963	93227167	ENSG00000183098.12|ENSG00000278177.1	UTR|exon|gene|regulatory|transcript	204
chr13	87684962	87685166	ENSG00000165300.8	UTR|exon|gene|regulatory|transcript	204
chr13	76884870	76885074	ENSG00000178695.6	UTR|exon|gene|regulatory|transcript	204
chr13	23675598	23675802	ENSG00000127863.16	UTR|exon|gene|regulatory|transcript	204
chr13	98451140	98451343	ENSG00000102572.15|ENSG00000152767.17	UTR|exon|gene|regulatory|transcript	203
chr13	43879354	43879557	ENSG00000151773.13|ENSG00000179630.11	UTR|exon|gene|regulatory|transcript	203
chr13	46437988	46438190	ENSG00000102445.20	UTR|exon|gene|regulatory|transcript	202
chr13	35476355	35476556	ENSG00000172915.20|ENSG00000180660.9	UTR|exon|gene|regulatory|transcript	201
chr13	33065371	33065572	ENSG00000133116.8	UTR|exon|gene|regulatory|transcript	201
chr13	60396585	60396786	ENSG00000083544.16	UTR|exon|gene|regulatory|transcript	201
chr13	25165561	25165762	ENSG00000165566.13	UTR|exon|gene|regulatory|transcript	201
chr13	41263282	41263483	ENSG00000120662.16	UTR|exon|gene|regulatory|transcript	201
chr13	67221714	67221915	ENSG00000184226.15	UTR|exon|gene|regulatory|transcript	201
chr13	113954524	113954725	ENSG00000283199.3	UTR|exon|gene|regulatory|transcript	201
chr13	30924449	30924649	ENSG00000102802.10|ENSG00000224743.7	UTR|exon|gene|regulatory|transcript	200
chr13	52159335	52159535	ENSG00000136098.18	UTR|exon|gene|regulatory|transcript	200
chr13	113422273	113422471	ENSG00000153531.15	UTR|exon|gene|regulatory|transcript	198
chr13	45782162	45782360	ENSG00000215475.5	UTR|exon|gene|regulatory|transcript	198
chr13	44432845	44433043	ENSG00000102804.16	UTR|exon|gene|regulatory|transcript	198
chr13	27792482	27792679	ENSG00000169840.5	UTR|exon|gene|regulatory|transcript	197
chr13	110638825	110639022	ENSG00000213995.12	UTR|exon|gene|regulatory|transcript	197
chr13	113816379	113816575	ENSG00000184497.13|ENSG00000233695.2	UTR|exon|gene|regulatory|transcript	196
chr13	75788837	75789032	ENSG00000136153.20|ENSG00000261553.5	UTR|exon|gene|regulatory|transcript	195
chr13	44433764	44433959	ENSG00000102804.16	UTR|exon|gene|regulatory|transcript	195
chr13	40812092	40812286	ENSG00000102743.16	UTR|exon|gene|regulatory|transcript	194
chr13	95020678	95020872	ENSG00000125257.16	UTR|exon|gene|regulatory|transcript	194
chr13	99964284	99964478	ENSG00000139800.9	UTR|exon|gene|regulatory|transcript	194
chr13	33348606	33348800	ENSG00000133121.21|ENSG00000285621.1	UTR|exon|gene|regulatory|transcript	194
chr13	98399590	98399784	ENSG00000152767.17	UTR|exon|gene|regulatory|transcript	194
chr13	114177695	114177888	ENSG00000283347.1|ENSG00000283361.3	UTR|exon|gene|regulatory|transcript	193
chr13	40942951	40943144	ENSG00000120690.16	UTR|exon|gene|regulatory|transcript	193
chr13	37000884	37001077	ENSG00000120699.14	UTR|exon|gene|regulatory|transcript	193
chr13	99894884	99895077	ENSG00000125246.16|ENSG00000286757.4	UTR|exon|gene|regulatory|transcript	193
chr13	46378452	46378645	ENSG00000102445.20	UTR|exon|gene|regulatory|transcript	193
chr13	46896861	46897053	ENSG00000102468.11	UTR|exon|gene|regulatory|transcript	192
chr13	51760119	51760311	ENSG00000139668.9	UTR|exon|gene|regulatory|transcript	192
chr13	46797223	46797414	ENSG00000139684.15	UTR|exon|gene|regulatory|transcript	191
chr13	26688395	26688586	ENSG00000132970.14|ENSG00000285935.1	UTR|exon|gene|regulatory|transcript	191
chr13	110892767	110892956	ENSG00000088448.14	UTR|exon|gene|regulatory|transcript	189
chr13	98405400	98405589	ENSG00000152767.17	UTR|exon|gene|regulatory|transcript	189
chr13	112069193	112069382	ENSG00000182968.5|ENSG00000224243.2	UTR|exon|gene|regulatory|transcript	189
chr13	85799231	85799419	ENSG00000184564.11	UTR|exon|gene|regulatory|transcript	188
chr13	112068977	112069164	ENSG00000182968.5|ENSG00000224243.2	UTR|exon|gene|regulatory|transcript	187
chr13	79405869	79406056	ENSG00000139746.16	UTR|exon|gene|regulatory|transcript	187
chr13	102798728	102798914	ENSG00000134901.14	UTR|exon|gene|regulatory|transcript	186
chr13	110713963	110714149	ENSG00000153487.13	UTR|exon|gene|regulatory|transcript	186
chr13	98402007	98402193	ENSG00000152767.17	UTR|exon|gene|regulatory|transcript	186
chr13	98143230	98143415	ENSG00000152767.17	UTR|exon|gene|regulatory|transcript	185
chr13	113815770	113815954	ENSG00000184497.13|ENSG00000233695.2	UTR|exon|gene|regulatory|transcript	184
chr13	77026826	77027010	ENSG00000005812.11|ENSG00000236051.7|ENSG00000283208.2	UTR|exon|gene|regulatory|transcript	184
chr13	20188716	20188900	ENSG00000165474.8	UTR|exon|gene|regulatory|transcript	184
chr13	51767278	51767462	ENSG00000139668.9|ENSG00000285444.1	UTR|exon|gene|regulatory|transcript	184
chr13	29503257	29503441	ENSG00000132938.22	UTR|exon|gene|regulatory|transcript	184
chr13	21177225	21177408	ENSG00000173141.5	UTR|exon|gene|regulatory|transcript	183
chr13	112069846	112070029	ENSG00000182968.5|ENSG00000224243.2	UTR|exon|gene|regulatory|transcript	183
chr13	113552031	113552214	ENSG00000150403.18	UTR|exon|gene|regulatory|transcript	183
chr13	69700981	69701163	ENSG00000150361.12	UTR|exon|gene|regulatory|transcript	182
chr13	113457614	113457796	ENSG00000150401.15	UTR|exon|gene|regulatory|transcript	182
chr13	33350413	33350594	ENSG00000133121.21	UTR|exon|gene|regulatory|transcript	181
chr13	51768785	51768966	ENSG00000102796.12|ENSG00000285444.1	UTR|exon|gene|regulatory|transcript	181
chr13	46896673	46896853	ENSG00000102468.11	UTR|exon|gene|regulatory|transcript	180
chr13	113143906	113144086	ENSG00000126218.12	UTR|exon|gene|regulatory|transcript	180
chr13	21671350	21671530	ENSG00000102678.7	UTR|exon|gene|regulatory|transcript	180
chr13	24306728	24306908	ENSG00000182957.16|ENSG00000273167.1	UTR|exon|gene|regulatory|transcript	180
chr13	36431596	36431776	ENSG00000133101.10	UTR|exon|gene|regulatory|transcript	180
chr13	94628977	94629157	ENSG00000152749.8	UTR|exon|gene|regulatory|transcript	180
chr13	21671547	21671726	ENSG00000102678.7	UTR|exon|gene|regulatory|transcript	179
chr13	25171912	25172091	ENSG00000165566.13|ENSG00000238169.2	UTR|exon|gene|regulatory|transcript	179
chr13	83878072	83878251	ENSG00000178235.8|ENSG00000285680.2	UTR|exon|gene|regulatory|transcript	179
chr13	44434294	44434473	ENSG00000102804.16	UTR|exon|gene|regulatory|transcript	179
chr13	57632228	57632407	ENSG00000118946.12	UTR|exon|gene|regulatory|transcript	179
chr13	28301349	28301528	ENSG00000102755.13	UTR|exon|gene|regulatory|transcript	179
chr13	95020100	95020279	ENSG00000125257.16	UTR|exon|gene|regulatory|transcript	179
chr13	112885564	112885743	ENSG00000068650.19	UTR|exon|gene|regulatory|transcript	179
chr13	112067148	112067326	ENSG00000182968.5|ENSG00000224243.2	UTR|exon|gene|regulatory|transcript	178
chr13	29767076	29767254	ENSG00000122042.10	UTR|exon|gene|regulatory|transcript	178
chr13	111114618	111114796	ENSG00000102606.20|ENSG00000235875.3	UTR|exon|gene|regulatory|transcript	178
chr13	39048887	39049065	ENSG00000188811.14	UTR|exon|gene|regulatory|transcript	178
chr13	26221513	26221691	ENSG00000127870.17	UTR|exon|gene|regulatory|transcript	178
chr13	112883346	112883524	ENSG00000068650.19	UTR|exon|gene|regulatory|transcript	178
chr13	21671735	21671912	ENSG00000102678.7	UTR|exon|gene|regulatory|transcript	177
chr13	74133971	74134148	ENSG00000118922.19	UTR|exon|gene|regulatory|transcript	177
chr13	113089890	113090067	ENSG00000126217.22	UTR|exon|gene|regulatory|transcript	177
chr13	78601229	78601406	ENSG00000152192.8|ENSG00000234377.8	UTR|exon|gene|regulatory|transcript	177
chr13	45335837	45336013	ENSG00000133112.17	UTR|exon|gene|regulatory|transcript	176
chr13	28494843	28495019	ENSG00000102755.13	UTR|exon|gene|regulatory|transcript	176
chr13	77919065	77919241	ENSG00000136160.17	UTR|exon|gene|regulatory|transcript	176
chr13	41132626	41132802	ENSG00000165572.8	UTR|exon|gene|regulatory|transcript	176
chr13	113402991	113403167	ENSG00000153531.15	UTR|exon|gene|regulatory|transcript	176
chr13	27961473	27961648	ENSG00000165556.10	UTR|exon|gene|regulatory|transcript	175
chr13	51816017	51816192	ENSG00000281106.4|ENSG00000285444.1	UTR|exon|gene|regulatory|transcript	175
chr13	42322693	42322868	ENSG00000023516.9	UTR|exon|gene|regulatory|transcript	175
chr13	113649199	113649373	ENSG00000186009.5	UTR|exon|gene|regulatory|transcript	174
chr13	112071176	112071350	ENSG00000182968.5|ENSG00000224243.2	UTR|exon|gene|regulatory|transcript	174
chr13	113401082	113401256	ENSG00000153531.15	UTR|exon|gene|regulatory|transcript	174
chr13	25165779	25165953	ENSG00000165566.13	UTR|exon|gene|regulatory|transcript	174
chr13	25167451	25167625	ENSG00000165566.13	UTR|exon|gene|regulatory|transcript	174
chr13	33105418	33105592	ENSG00000133121.21	UTR|exon|gene|regulatory|transcript	174
chr13	23674449	23674623	ENSG00000127863.16	UTR|exon|gene|regulatory|transcript	174
chr13	98405806	98405980	ENSG00000152767.17	UTR|exon|gene|regulatory|transcript	174
chr13	51761401	51761575	ENSG00000139668.9	UTR|exon|gene|regulatory|transcript	174
chr13	67229994	67230168	ENSG00000184226.15	UTR|exon|gene|regulatory|transcript	174
chr13	49997246	49997419	ENSG00000204977.10|ENSG00000231607.15	UTR|exon|gene|regulatory|transcript	173
chr13	110447033	110447206	ENSG00000134871.19	UTR|exon|gene|regulatory|transcript	173
chr13	51932877	51933049	ENSG00000123191.17	UTR|exon|gene|regulatory|transcript	172
chr13	20141749	20141921	ENSG00000121743.4	UTR|exon|gene|regulatory|transcript	172
chr13	33348973	33349145	ENSG00000133121.21|ENSG00000285621.1	UTR|exon|gene|regulatory|transcript	172
chr13	109756089	109756261	ENSG00000185950.9	UTR|exon|gene|regulatory|transcript	172
chr13	67223875	67224047	ENSG00000184226.15	UTR|exon|gene|regulatory|transcript	172
chr13	40982054	40982225	ENSG00000120690.16	UTR|exon|gene|regulatory|transcript	171
chr13	41060946	41061117	ENSG00000120690.16	UTR|exon|gene|regulatory|transcript	171
chr13	51453036	51453207	ENSG00000102786.15|ENSG00000236778.9	UTR|exon|gene|regulatory|transcript	171
chr13	108216699	108216870	ENSG00000174405.15	UTR|exon|gene|regulatory|transcript	171
chr13	113814059	113814230	ENSG00000184497.13	UTR|exon|gene|regulatory|transcript	171
chr13	108216926	108217097	ENSG00000174405.15	UTR|exon|gene|regulatory|transcript	171
chr13	24272887	24273057	ENSG00000182957.16|ENSG00000273167.1	UTR|exon|gene|regulatory|transcript	170
chr13	95644376	95644546	ENSG00000134874.18	UTR|exon|gene|regulatory|transcript	170
chr13	30617273	30617442	ENSG00000189403.15	UTR|exon|gene|regulatory|transcript	169
chr13	20717155	20717324	ENSG00000172458.5	UTR|exon|gene|regulatory|transcript	169
chr13	24303454	24303623	ENSG00000182957.16|ENSG00000273167.1	UTR|exon|gene|regulatory|transcript	169
chr13	98446205	98446374	ENSG00000102572.15|ENSG00000152767.17	UTR|exon|gene|regulatory|transcript	169
chr13	72781925	72782094	ENSG00000083520.15	UTR|exon|gene|regulatory|transcript	169
chr13	113736792	113736960	ENSG00000185974.7	UTR|exon|gene|regulatory|transcript	168
chr13	108215575	108215743	ENSG00000174405.15	UTR|exon|gene|regulatory|transcript	168
chr13	106492571	106492739	ENSG00000125266.8|ENSG00000284966.3	UTR|exon|gene|regulatory|transcript	168
chr13	80340683	80340851	ENSG00000136158.12	UTR|exon|gene|regulatory|transcript	168
chr13	70108059	70108227	ENSG00000150361.12|ENSG00000230223.8	UTR|exon|gene|regulatory|transcript	168
chr13	37059194	37059361	ENSG00000102710.21	UTR|exon|gene|regulatory|transcript	167
chr13	43879952	43880119	ENSG00000179630.11	UTR|exon|gene|regulatory|transcript	167
chr13	26051517	26051684	ENSG00000180730.5	UTR|exon|gene|regulatory|transcript	167
chr13	75636446	75636612	ENSG00000136153.20|ENSG00000261553.5	UTR|exon|gene|regulatory|transcript	166
chr13	28718579	28718745	ENSG00000139508.15	UTR|exon|gene|regulatory|transcript	166
chr13	20405903	20406069	ENSG00000165475.15	UTR|exon|gene|regulatory|transcript	166
chr13	20974703	20974869	ENSG00000150457.9	UTR|exon|gene|regulatory|transcript	166
chr13	102401678	102401843	ENSG00000102466.17	UTR|exon|gene|regulatory|transcript	165
chr13	25168803	25168968	ENSG00000165566.13	UTR|exon|gene|regulatory|transcript	165
chr13	21349132	21349297	ENSG00000180776.17|ENSG00000224429.10|ENSG00000291046.1	UTR|exon|gene|regulatory|transcript	165
chr13	30616670	30616835	ENSG00000189403.15	UTR|exon|gene|regulatory|transcript	165
chr13	87680713	87680878	ENSG00000165300.8	UTR|exon|gene|regulatory|transcript	165
chr13	112690037	112690202	ENSG00000068650.19	UTR|exon|gene|regulatory|transcript	165
chr13	21671072	21671236	ENSG00000102678.7	UTR|exon|gene|regulatory|transcript	164
chr13	110504272	110504436	ENSG00000134871.19|ENSG00000232814.2	UTR|exon|gene|regulatory|transcript	164
chr13	24680455	24680618	ENSG00000075673.12	UTR|exon|gene|regulatory|transcript	163
chr13	41061508	41061670	ENSG00000120688.9	UTR|exon|gene|regulatory|transcript	162
chr13	76998468	76998630	ENSG00000005812.11|ENSG00000102805.16|ENSG00000283208.2	UTR|exon|gene|regulatory|transcript	162
chr13	48412773	48412934	ENSG00000139679.16|ENSG00000139687.16	UTR|exon|gene|regulatory|transcript	161
chr13	46386521	46386682	ENSG00000102445.20	UTR|exon|gene|regulatory|transcript	161
chr13	36432568	36432729	ENSG00000133101.10	UTR|exon|gene|regulatory|transcript	161
chr13	112886258	112886419	ENSG00000068650.19	UTR|exon|gene|regulatory|transcript	161
chr13	51813472	51813633	ENSG00000231856.4|ENSG00000281106.4|ENSG00000285444.1	UTR|exon|gene|regulatory|transcript	161
chr13	113552903	113553064	ENSG00000150403.18	UTR|exon|gene|regulatory|transcript	161
chr13	51946283	51946444	ENSG00000123191.17	UTR|exon|gene|regulatory|transcript	161
chr13	25167857	25168017	ENSG00000165566.13	UTR|exon|gene|regulatory|transcript	160
chr13	97975655	97975815	ENSG00000065150.21	UTR|exon|gene|regulatory|transcript	160
chr13	28387868	28388028	ENSG00000102755.13	UTR|exon|gene|regulatory|transcript	160
chr13	77897105	77897265	ENSG00000136160.17	UTR|exon|gene|regulatory|transcript	160
chr13	77042653	77042813	ENSG00000005810.20|ENSG00000236051.7|ENSG00000283208.2	UTR|exon|gene|regulatory|transcript	160
chr13	50015283	50015443	ENSG00000198553.9|ENSG00000204977.10|ENSG00000231607.15	UTR|exon|gene|regulatory|transcript	160
chr13	51942385	51942545	ENSG00000123191.17	UTR|exon|gene|regulatory|transcript	160
chr13	51762056	51762216	ENSG00000139668.9	UTR|exon|gene|regulatory|transcript	160
chr13	23570411	23570571	ENSG00000127863.16	UTR|exon|gene|regulatory|transcript	160
chr13	113399884	113400044	ENSG00000153531.15	UTR|exon|gene|regulatory|transcript	160
chr13	113551562	113551721	ENSG00000150403.18	UTR|exon|gene|regulatory|transcript	159
chr13	29849803	29849961	ENSG00000122042.10	UTR|exon|gene|regulatory|transcript	158
chr13	113098388	113098546	ENSG00000126217.22	UTR|exon|gene|regulatory|transcript	158
chr13	113457796	113457954	ENSG00000150401.15	UTR|exon|gene|regulatory|transcript	158
chr13	39037518	39037676	ENSG00000120685.20	UTR|exon|gene|regulatory|transcript	158
chr13	42789479	42789636	ENSG00000179813.7	UTR|exon|gene|regulatory|transcript	157
chr13	30906295	30906452	ENSG00000102802.10|ENSG00000224743.7	UTR|exon|gene|regulatory|transcript	157
chr13	20703099	20703255	ENSG00000172458.5|ENSG00000278291.1	UTR|exon|gene|regulatory|transcript	156
chr13	99501315	99501471	ENSG00000125304.10	UTR|exon|gene|regulatory|transcript	156
chr13	87672009	87672165	ENSG00000165300.8|ENSG00000228824.8	UTR|exon|gene|regulatory|transcript	156
chr13	37002092	37002248	ENSG00000120699.14	UTR|exon|gene|regulatory|transcript	156
chr13	51814906	51815062	ENSG00000281106.4|ENSG00000285444.1	UTR|exon|gene|regulatory|transcript	156
chr13	75800683	75800839	ENSG00000136153.20|ENSG00000261553.5	UTR|exon|gene|regulatory|transcript	156
chr13	113001269	113001425	ENSG00000126217.22	UTR|exon|gene|regulatory|transcript	156
chr13	20192782	20192938	ENSG00000165474.8	UTR|exon|gene|regulatory|transcript	156
chr13	46387676	46387831	ENSG00000102445.20	UTR|exon|gene|regulatory|transcript	155
chr13	26020322	26020477	ENSG00000132932.19	UTR|exon|gene|regulatory|transcript	155
chr13	100589373	100589528	ENSG00000134864.11	UTR|exon|gene|regulatory|transcript	155
chr13	102627011	102627166	ENSG00000134900.13	UTR|exon|gene|regulatory|transcript	155
chr13	98396891	98397045	ENSG00000152767.17	UTR|exon|gene|regulatory|transcript	154
chr13	46345446	46345600	ENSG00000102445.20	UTR|exon|gene|regulatory|transcript	154
chr13	27548180	27548334	ENSG00000139517.9	UTR|exon|gene|regulatory|transcript	154
chr13	45336898	45337052	ENSG00000133112.17	UTR|exon|gene|regulatory|transcript	154
chr13	98406458	98406612	ENSG00000152767.17	UTR|exon|gene|regulatory|transcript	154
chr13	48265272	48265426	ENSG00000136156.15	UTR|exon|gene|regulatory|transcript	154
chr13	76991889	76992043	ENSG00000102805.16	UTR|exon|gene|regulatory|transcript	154
chr13	49293124	49293277	ENSG00000102543.14	UTR|exon|gene|regulatory|transcript	153
chr13	96090106	96090259	ENSG00000185352.10	UTR|exon|gene|regulatory|transcript	153
chr13	49308814	49308967	ENSG00000102547.19	UTR|exon|gene|regulatory|transcript	153
chr13	76884443	76884596	ENSG00000178695.6	UTR|exon|gene|regulatory|transcript	153
chr13	38884790	38884943	ENSG00000150893.11	UTR|exon|gene|regulatory|transcript	153
chr13	39039135	39039288	ENSG00000188811.14	UTR|exon|gene|regulatory|transcript	153
chr13	98450200	98450352	ENSG00000102572.15|ENSG00000152767.17	UTR|exon|gene|regulatory|transcript	152
chr13	26051355	26051507	ENSG00000180730.5	UTR|exon|gene|regulatory|transcript	152
chr13	60397942	60398094	ENSG00000083544.16	UTR|exon|gene|regulatory|transcript	152
chr13	50910273	50910425	ENSG00000136104.21|ENSG00000233672.9	UTR|exon|gene|regulatory|transcript	152
chr13	72727751	72727903	ENSG00000136122.18	UTR|exon|gene|regulatory|transcript	152
chr13	38687167	38687319	ENSG00000150893.11	UTR|exon|gene|regulatory|transcript	152
chr13	87685210	87685362	ENSG00000165300.8	UTR|exon|gene|regulatory|transcript	152
chr13	95083139	95083290	ENSG00000125257.16	UTR|exon|gene|regulatory|transcript	151
chr13	29513766	29513917	ENSG00000139514.13	UTR|exon|gene|regulatory|transcript	151
chr13	35471845	35471995	ENSG00000172915.20	UTR|exon|gene|regulatory|transcript	150
chr13	110359420	110359570	ENSG00000134871.19	UTR|exon|gene|regulatory|transcript	150
chr13	101452674	101452824	ENSG00000198542.15	UTR|exon|gene|regulatory|transcript	150
chr13	35478455	35478605	ENSG00000172915.20|ENSG00000180660.9	UTR|exon|gene|regulatory|transcript	150
chr13	91398763	91398913	ENSG00000179399.16	UTR|exon|gene|regulatory|transcript	150
chr13	102678817	102678966	ENSG00000134900.13	UTR|exon|gene|regulatory|transcript	149
chr13	25172139	25172288	ENSG00000165566.13|ENSG00000238169.2	UTR|exon|gene|regulatory|transcript	149
chr13	46775462	46775611	ENSG00000139684.15	UTR|exon|gene|regulatory|transcript	149
chr13	38884614	38884762	ENSG00000150893.11	UTR|exon|gene|regulatory|transcript	148
chr13	23324541	23324689	ENSG00000102683.8|ENSG00000151835.17	UTR|exon|gene|regulatory|transcript	148
chr13	112860442	112860589	ENSG00000068650.19	UTR|exon|gene|regulatory|transcript	147
chr13	93226806	93226952	ENSG00000183098.12|ENSG00000278177.1	UTR|exon|gene|regulatory|transcript	146
chr13	70107828	70107974	ENSG00000150361.12|ENSG00000230223.8	UTR|exon|gene|regulatory|transcript	146
chr13	28659399	28659545	ENSG00000132963.9	UTR|exon|gene|regulatory|transcript	146
chr13	112969213	112969359	ENSG00000126217.22	UTR|exon|gene|regulatory|transcript	146
chr13	110298754	110298899	ENSG00000187498.16	UTR|exon|gene|regulatory|transcript	145
chr13	49310128	49310273	ENSG00000102547.19	UTR|exon|gene|regulatory|transcript	145
chr13	48489751	48489896	ENSG00000136161.13|ENSG00000139687.16	UTR|exon|gene|regulatory|transcript	145
chr13	43484008	43484152	ENSG00000120658.14	UTR|exon|gene|regulatory|transcript	144
chr13	101715733	101715877	ENSG00000102466.17|ENSG00000198542.15	UTR|exon|gene|regulatory|transcript	144
chr13	46895336	46895480	ENSG00000102468.11	UTR|exon|gene|regulatory|transcript	144
chr13	51939050	51939193	ENSG00000123191.17	UTR|exon|gene|regulatory|transcript	143
chr13	99962963	99963105	ENSG00000139800.9	UTR|exon|gene|regulatory|transcript	142
chr13	36346636	36346777	ENSG00000120664.11|ENSG00000133104.14	UTR|exon|gene|regulatory|transcript	141
chr13	49533980	49534121	ENSG00000136144.12	UTR|exon|gene|regulatory|transcript	141
chr13	28820470	28820611	ENSG00000132938.22	UTR|exon|gene|regulatory|transcript	141
chr13	52011450	52011590	ENSG00000123191.17	UTR|exon|gene|regulatory|transcript	140
chr13	102402317	102402457	ENSG00000102466.17	UTR|exon|gene|regulatory|transcript	140
chr13	113490811	113490951	ENSG00000150401.15	UTR|exon|gene|regulatory|transcript	140
chr13	98021889	98022028	ENSG00000065150.21	UTR|exon|gene|regulatory|transcript	139
chr13	109206836	109206975	ENSG00000041515.16	UTR|exon|gene|regulatory|transcript	139
chr13	45398939	45399078	ENSG00000170919.16|ENSG00000174032.17	UTR|exon|gene|regulatory|transcript	139
chr13	44432678	44432817	ENSG00000102804.16	UTR|exon|gene|regulatory|transcript	139
chr13	96835756	96835894	ENSG00000185352.10	UTR|exon|gene|regulatory|transcript	138
chr13	48303774	48303912	ENSG00000139687.16	UTR|exon|gene|regulatory|transcript	138
chr13	106490595	106490733	ENSG00000125266.8	UTR|exon|gene|regulatory|transcript	138
chr13	113402799	113402936	ENSG00000153531.15	UTR|exon|gene|regulatory|transcript	137
chr13	114222633	114222770	ENSG00000283361.3	UTR|exon|gene|regulatory|transcript	137
chr13	40789467	40789603	ENSG00000102743.16	UTR|exon|gene|regulatory|transcript	136
chr13	36819221	36819357	ENSG00000133111.4	UTR|exon|gene|regulatory|transcript	136
chr13	113448998	113449134	ENSG00000153531.15	UTR|exon|gene|regulatory|transcript	136
chr13	40805120	40805255	ENSG00000102743.16	UTR|exon|gene|regulatory|transcript	135
chr13	39602882	39603017	ENSG00000183722.9	UTR|exon|gene|regulatory|transcript	135
chr13	30307416	30307551	ENSG00000102781.14	UTR|exon|gene|regulatory|transcript	135
chr13	45340902	45341037	ENSG00000133112.17|ENSG00000273149.1	UTR|exon|gene|regulatory|transcript	135
chr13	107170361	107170496	ENSG00000204442.4	UTR|exon|gene|regulatory|transcript	135
chr13	42789669	42789803	ENSG00000179813.7	UTR|exon|gene|regulatory|transcript	134
chr13	87671869	87672003	ENSG00000165300.8|ENSG00000228824.8	UTR|exon|gene|regulatory|transcript	134
chr13	110447750	110447884	ENSG00000134871.19	UTR|exon|gene|regulatory|transcript	134
chr13	45336313	45336447	ENSG00000133112.17|ENSG00000253051.1	UTR|exon|gene|regulatory|transcript	134
chr13	32031639	32031773	ENSG00000073910.23	UTR|exon|gene|regulatory|transcript	134
chr13	33205872	33206006	ENSG00000133121.21|ENSG00000236581.9	UTR|exon|gene|regulatory|transcript	134
chr13	71866769	71866902	ENSG00000276644.5	UTR|exon|gene|regulatory|transcript	133
chr13	32428178	32428311	ENSG00000139597.18|ENSG00000270008.1	UTR|exon|gene|regulatory|transcript	133
chr13	39603060	39603193	ENSG00000183722.9	UTR|exon|gene|regulatory|transcript	133
chr13	73054975	73055108	ENSG00000102554.14	UTR|exon|gene|regulatory|transcript	133
chr13	45200912	45201045	ENSG00000180332.7|ENSG00000188342.13	UTR|exon|gene|regulatory|transcript	133
chr13	99201279	99201411	ENSG00000134882.16	UTR|exon|gene|regulatory|transcript	132
chr13	36999931	37000063	ENSG00000120697.10|ENSG00000120699.14	UTR|exon|gene|regulatory|transcript	132
chr13	101916814	101916945	ENSG00000102466.17	UTR|exon|gene|regulatory|transcript	131
chr13	49997419	49997550	ENSG00000204977.10|ENSG00000231607.15	UTR|exon|gene|regulatory|transcript	131
chr13	36674019	36674150	ENSG00000180440.4	UTR|exon|gene|regulatory|transcript	131
chr13	113552214	113552344	ENSG00000150403.18	UTR|exon|gene|regulatory|transcript	130
chr13	77698750	77698880	ENSG00000139737.23	UTR|exon|gene|regulatory|transcript	130
chr13	110447207	110447337	ENSG00000134871.19	UTR|exon|gene|regulatory|transcript	130
chr13	52156862	52156991	ENSG00000136098.18	UTR|exon|gene|regulatory|transcript	129
chr13	30458746	30458875	ENSG00000189403.15	UTR|exon|gene|regulatory|transcript	129
chr13	51590781	51590910	ENSG00000139668.9	UTR|exon|gene|regulatory|transcript	129
chr13	79406093	79406221	ENSG00000139746.16	UTR|exon|gene|regulatory|transcript	128
chr13	110448049	110448177	ENSG00000134871.19	UTR|exon|gene|regulatory|transcript	128
chr13	46337874	46338002	ENSG00000102445.20	UTR|exon|gene|regulatory|transcript	128
chr13	44436730	44436858	ENSG00000102804.16	UTR|exon|gene|regulatory|transcript	128
chr13	23615866	23615994	ENSG00000127863.16	UTR|exon|gene|regulatory|transcript	128
chr13	80340856	80340983	ENSG00000136158.12	UTR|exon|gene|regulatory|transcript	127
chr13	107866991	107867118	ENSG00000204442.4	UTR|exon|gene|regulatory|transcript	127
chr13	39656149	39656275	ENSG00000133103.17	UTR|exon|gene|regulatory|transcript	126
chr13	114282131	114282257	ENSG00000169062.15	UTR|exon|gene|regulatory|transcript	126
chr13	46389784	46389910	ENSG00000102445.20	UTR|exon|gene|regulatory|transcript	126
chr13	91398921	91399046	ENSG00000179399.16	UTR|exon|gene|regulatory|transcript	125
chr13	60396456	60396581	ENSG00000083544.16	UTR|exon|gene|regulatory|transcript	125
chr13	44433322	44433447	ENSG00000102804.16	UTR|exon|gene|regulatory|transcript	125
chr13	25579822	25579947	ENSG00000132932.19	UTR|exon|gene|regulatory|transcript	125
chr13	113585427	113585552	ENSG00000198176.13	UTR|exon|gene|regulatory|transcript	125
chr13	102401854	102401979	ENSG00000102466.17	UTR|exon|gene|regulatory|transcript	125
chr13	21140130	21140255	ENSG00000150459.13	UTR|exon|gene|regulatory|transcript	125
chr13	48653728	48653852	ENSG00000152207.8	UTR|exon|gene|regulatory|transcript	124
chr13	27924701	27924825	ENSG00000139515.6	UTR|exon|gene|regulatory|transcript	124
chr13	83882269	83882393	ENSG00000178235.8|ENSG00000285680.2	UTR|exon|gene|regulatory|transcript	124
chr13	51814238	51814362	ENSG00000281106.4|ENSG00000285444.1	UTR|exon|gene|regulatory|transcript	124
chr13	103066249	103066373	ENSG00000125255.7	UTR|exon|gene|regulatory|transcript	124
chr13	99385394	99385517	ENSG00000134882.16	UTR|exon|gene|regulatory|transcript	123
chr13	28018466	28018589	ENSG00000122025.15	UTR|exon|gene|regulatory|transcript	123
chr13	34942269	34942392	ENSG00000172915.20	UTR|exon|gene|regulatory|transcript	123
chr13	35470795	35470918	ENSG00000172915.20	UTR|exon|gene|regulatory|transcript	123
chr13	25837162	25837285	ENSG00000132932.19	UTR|exon|gene|regulatory|transcript	123
chr13	111114918	111115041	ENSG00000102606.20|ENSG00000235875.3	UTR|exon|gene|regulatory|transcript	123
chr13	46212137	46212259	ENSG00000173988.14	UTR|exon|gene|regulatory|transcript	122
chr13	112588003	112588125	ENSG00000126216.15	UTR|exon|gene|regulatory|transcript	122
chr13	51765226	51765348	ENSG00000139668.9|ENSG00000285444.1	UTR|exon|gene|regulatory|transcript	122
chr13	51590640	51590762	ENSG00000139668.9	UTR|exon|gene|regulatory|transcript	122
chr13	49444683	49444805	ENSG00000136169.17	UTR|exon|gene|regulatory|transcript	122
chr13	21061464	21061586	ENSG00000150457.9	UTR|exon|gene|regulatory|transcript	122
chr13	49632695	49632817	ENSG00000152213.4	UTR|exon|gene|regulatory|transcript	122
chr13	106491583	106491705	ENSG00000125266.8|ENSG00000284966.3	UTR|exon|gene|regulatory|transcript	122
chr13	94712423	94712545	ENSG00000125285.6|ENSG00000227640.5	UTR|exon|gene|regulatory|transcript	122
chr13	44143737	44143858	ENSG00000139656.8|ENSG00000226519.4|ENSG00000227258.7	UTR|exon|gene|regulatory|transcript	121
chr13	25169153	25169274	ENSG00000165566.13|ENSG00000238169.2	UTR|exon|gene|regulatory|transcript	121
chr13	111184937	111185057	ENSG00000102606.20	UTR|exon|gene|regulatory|transcript	120
chr13	31162268	31162388	ENSG00000120694.20	UTR|exon|gene|regulatory|transcript	120
chr13	30617936	30618056	ENSG00000132952.12	UTR|exon|gene|regulatory|transcript	120
chr13	35593327	35593447	ENSG00000172915.20	UTR|exon|gene|regulatory|transcript	120
chr13	100674939	100675059	ENSG00000125247.16	UTR|exon|gene|regulatory|transcript	120
chr13	110561602	110561722	ENSG00000139832.5	UTR|exon|gene|regulatory|transcript	120
chr13	44432558	44432678	ENSG00000102804.16|ENSG00000280357.1	UTR|exon|gene|regulatory|transcript	120
chr13	113410855	113410975	ENSG00000153531.15	UTR|exon|gene|regulatory|transcript	120
chr13	48037605	48037725	ENSG00000136143.16	UTR|exon|gene|regulatory|transcript	120
chr13	113667266	113667386	ENSG00000185974.7	UTR|exon|gene|regulatory|transcript	120
chr13	30457026	30457145	ENSG00000189403.15	UTR|exon|gene|regulatory|transcript	119
chr13	111275531	111275650	ENSG00000102606.20	UTR|exon|gene|regulatory|transcript	119
chr13	50912875	50912994	ENSG00000136104.21	UTR|exon|gene|regulatory|transcript	119
chr13	106492147	106492266	ENSG00000125266.8|ENSG00000284966.3	UTR|exon|gene|regulatory|transcript	119
chr13	31162094	31162213	ENSG00000120694.20	UTR|exon|gene|regulatory|transcript	119
chr13	34942393	34942511	ENSG00000172915.20	UTR|exon|gene|regulatory|transcript	118
chr13	49496482	49496600	ENSG00000136147.18	UTR|exon|gene|regulatory|transcript	118
chr13	106568020	106568137	ENSG00000134884.15	UTR|exon|gene|regulatory|transcript	117
chr13	46211731	46211848	ENSG00000136167.15	UTR|exon|gene|regulatory|transcript	117
chr13	35855667	35855784	ENSG00000133083.15	UTR|exon|gene|regulatory|transcript	117
chr13	108218044	108218161	ENSG00000174405.15	UTR|exon|gene|regulatory|transcript	117
chr13	98881891	98882007	ENSG00000088387.22	UTR|exon|gene|regulatory|transcript	116
chr13	20567669	20567785	ENSG00000032742.18	UTR|exon|gene|regulatory|transcript	116
chr13	83877771	83877887	ENSG00000178235.8	UTR|exon|gene|regulatory|transcript	116
chr13	112067542	112067658	ENSG00000182968.5|ENSG00000224243.2	UTR|exon|gene|regulatory|transcript	116
chr13	25372071	25372186	ENSG00000132932.19	UTR|exon|gene|regulatory|transcript	115
chr13	49585443	49585558	ENSG00000136144.12	UTR|exon|gene|regulatory|transcript	115
chr13	30427875	30427990	ENSG00000236444.5	UTR|exon|gene|regulatory|transcript	115
chr13	110713407	110713522	ENSG00000134905.17|ENSG00000153487.13	UTR|exon|gene|regulatory|transcript	115
chr13	49401155	49401270	ENSG00000102547.19	UTR|exon|gene|regulatory|transcript	115
chr13	113814919	113815033	ENSG00000184497.13	UTR|exon|gene|regulatory|transcript	114
chr13	35471394	35471508	ENSG00000172915.20	UTR|exon|gene|regulatory|transcript	114
chr13	98829642	98829756	ENSG00000088387.22	UTR|exon|gene|regulatory|transcript	114
chr13	52848527	52848640	ENSG00000136099.13	UTR|exon|gene|regulatory|transcript	113
chr13	42574171	42574284	ENSG00000120659.16	UTR|exon|gene|regulatory|transcript	113
chr13	27960917	27961030	ENSG00000165556.10	UTR|exon|gene|regulatory|transcript	113
chr13	27425052	27425165	ENSG00000122034.17	UTR|exon|gene|regulatory|transcript	113
chr13	45120509	45120622	ENSG00000188342.13	UTR|exon|gene|regulatory|transcript	113
chr13	113098276	113098388	ENSG00000126217.22	UTR|exon|gene|regulatory|transcript	112
chr13	49308654	49308766	ENSG00000102547.19	UTR|exon|gene|regulatory|transcript	112
chr13	28025290	28025402	ENSG00000122025.15	UTR|exon|gene|regulatory|transcript	112
chr13	99501052	99501164	ENSG00000125304.10	UTR|exon|gene|regulatory|transcript	112
chr13	48415699	48415810	ENSG00000139679.16|ENSG00000139687.16	UTR|exon|gene|regulatory|transcript	111
chr13	48258125	48258236	ENSG00000136156.15	UTR|exon|gene|regulatory|transcript	111
chr13	52696788	52696899	ENSG00000165416.15	UTR|exon|gene|regulatory|transcript	111
chr13	28718859	28718970	ENSG00000139508.15	UTR|exon|gene|regulatory|transcript	111
chr13	48489896	48490007	ENSG00000136161.13|ENSG00000139687.16	UTR|exon|gene|regulatory|transcript	111
chr13	51866080	51866191	ENSG00000123171.8	UTR|exon|gene|regulatory|transcript	111
chr13	73059217	73059327	ENSG00000102554.14	UTR|exon|gene|regulatory|transcript	110
chr13	40555666	40555776	ENSG00000150907.10|ENSG00000288542.1	UTR|exon|gene|regulatory|transcript	110
chr13	37001406	37001516	ENSG00000120699.14	UTR|exon|gene|regulatory|transcript	110
chr13	20232193	20232303	ENSG00000121742.19	UTR|exon|gene|regulatory|transcript	110
chr13	110627438	110627547	ENSG00000213995.12	UTR|exon|gene|regulatory|transcript	109
chr13	57632437	57632546	ENSG00000118946.12	UTR|exon|gene|regulatory|transcript	109
chr13	35474949	35475058	ENSG00000172915.20|ENSG00000180660.9	UTR|exon|gene|regulatory|transcript	109
chr13	98794517	98794625	ENSG00000088387.22	UTR|exon|gene|regulatory|transcript	108
chr13	93227317	93227425	ENSG00000183098.12	UTR|exon|gene|regulatory|transcript	108
chr13	95247642	95247750	ENSG00000125257.16	UTR|exon|gene|regulatory|transcript	108
chr13	35476689	35476797	ENSG00000172915.20|ENSG00000180660.9	UTR|exon|gene|regulatory|transcript	108
chr13	60163820	60163928	ENSG00000139734.19	UTR|exon|gene|regulatory|transcript	108
chr13	50910608	50910716	ENSG00000136104.21|ENSG00000233672.9	UTR|exon|gene|regulatory|transcript	108
chr13	96994369	96994476	ENSG00000165621.9	UTR|exon|gene|regulatory|transcript	107
chr13	75760452	75760559	ENSG00000136153.20|ENSG00000261553.5	UTR|exon|gene|regulatory|transcript	107
chr13	100588624	100588731	ENSG00000134864.11	UTR|exon|gene|regulatory|transcript	107
chr13	67230338	67230445	ENSG00000184226.15	UTR|exon|gene|regulatory|transcript	107
chr13	75760931	75761038	ENSG00000136153.20|ENSG00000261553.5	UTR|exon|gene|regulatory|transcript	107
chr13	35472399	35472506	ENSG00000172915.20	UTR|exon|gene|regulatory|transcript	107
chr13	28820338	28820444	ENSG00000132938.22	UTR|exon|gene|regulatory|transcript	106
chr13	95207819	95207925	ENSG00000125257.16	UTR|exon|gene|regulatory|transcript	106
chr13	42214506	42214612	ENSG00000102780.17	UTR|exon|gene|regulatory|transcript	106
chr13	25171719	25171825	ENSG00000165566.13|ENSG00000238169.2	UTR|exon|gene|regulatory|transcript	106
chr13	26760578	26760684	ENSG00000132975.8	UTR|exon|gene|regulatory|transcript	106
chr13	37012191	37012297	ENSG00000102710.21|ENSG00000120699.14	UTR|exon|gene|regulatory|transcript	106
chr13	111185119	111185225	ENSG00000102606.20	UTR|exon|gene|regulatory|transcript	106
chr13	46339435	46339540	ENSG00000102445.20	UTR|exon|gene|regulatory|transcript	105
chr13	23979699	23979804	ENSG00000273167.1	UTR|exon|gene|regulatory|transcript	105
chr13	100533669	100533774	ENSG00000134864.11	UTR|exon|gene|regulatory|transcript	105
chr13	35471289	35471394	ENSG00000172915.20	UTR|exon|gene|regulatory|transcript	105
chr13	48000915	48001020	ENSG00000136143.16	UTR|exon|gene|regulatory|transcript	105
chr13	106491042	106491146	ENSG00000125266.8	UTR|exon|gene|regulatory|transcript	104
chr13	100154988	100155092	ENSG00000175198.17	UTR|exon|gene|regulatory|transcript	104
chr13	51222397	51222501	ENSG00000150510.17	UTR|exon|gene|regulatory|transcript	104
chr13	57631809	57631913	ENSG00000118946.12	UTR|exon|gene|regulatory|transcript	104
chr13	39038535	39038639	ENSG00000188811.14	UTR|exon|gene|regulatory|transcript	104
chr13	27621000	27621104	ENSG00000186184.20	UTR|exon|gene|regulatory|transcript	104
chr13	46553199	46553302	ENSG00000136141.15	UTR|exon|gene|regulatory|transcript	103
chr13	93227214	93227317	ENSG00000183098.12|ENSG00000278177.1	UTR|exon|gene|regulatory|transcript	103
chr13	20160949	20161052	ENSG00000121743.4	UTR|exon|gene|regulatory|transcript	103
chr13	100340156	100340259	ENSG00000175198.17|ENSG00000287330.1	UTR|exon|gene|regulatory|transcript	103
chr13	94712049	94712152	ENSG00000125285.6|ENSG00000227640.5	UTR|exon|gene|regulatory|transcript	103
chr13	25301646	25301748	ENSG00000139496.18	UTR|exon|gene|regulatory|transcript	102
chr13	102880039	102880141	ENSG00000250878.6	UTR|exon|gene|regulatory|transcript	102
chr13	46010232	46010334	ENSG00000123200.17	UTR|exon|gene|regulatory|transcript	102
chr13	20703342	20703444	ENSG00000172458.5|ENSG00000278291.1	UTR|exon|gene|regulatory|transcript	102
chr13	42048650	42048752	ENSG00000102780.17	UTR|exon|gene|regulatory|transcript	102
chr13	41457605	41457707	ENSG00000102760.13	UTR|exon|gene|regulatory|transcript	102
chr13	35672797	35672899	ENSG00000172915.20	UTR|exon|gene|regulatory|transcript	102
chr13	98142561	98142663	ENSG00000152767.17	UTR|exon|gene|regulatory|transcript	102
chr13	99256418	99256519	ENSG00000125245.14|ENSG00000134882.16	UTR|exon|gene|regulatory|transcript	101
chr13	75526235	75526336	ENSG00000188243.14	UTR|exon|gene|regulatory|transcript	101
chr13	49997565	49997666	ENSG00000204977.10|ENSG00000231607.15	UTR|exon|gene|regulatory|transcript	101
chr13	27427091	27427192	ENSG00000122034.17	UTR|exon|gene|regulatory|transcript	101
chr13	110900529	110900630	ENSG00000088448.14	UTR|exon|gene|regulatory|transcript	101
chr13	111153803	111153904	ENSG00000102606.20	UTR|exon|gene|regulatory|transcript	101
chr13	44576087	44576188	ENSG00000102804.16|ENSG00000278156.2	UTR|exon|gene|regulatory|transcript	101
chr13	27621336	27621437	ENSG00000186184.20	UTR|exon|gene|regulatory|transcript	101
chr13	49401394	49401495	ENSG00000102547.19	UTR|exon|gene|regulatory|transcript	101
chr13	25171619	25171719	ENSG00000165566.13|ENSG00000238169.2	UTR|exon|gene|regulatory|transcript	100
chr13	48533080	48533180	ENSG00000136161.13|ENSG00000139687.16|ENSG00000287599.1|ENSG00000289900.1	UTR|exon|gene|regulatory|transcript	100
chr13	46211947	46212047	ENSG00000173988.14	UTR|exon|gene|regulatory|transcript	100
chr13	75760831	75760931	ENSG00000136153.20|ENSG00000261553.5	UTR|exon|gene|regulatory|transcript	100
chr13	35476138	35476238	ENSG00000172915.20|ENSG00000180660.9	UTR|exon|gene|regulatory|transcript	100
chr13	52159236	52159335	ENSG00000136098.18	UTR|exon|gene|regulatory|transcript	99
chr13	97975890	97975989	ENSG00000065150.21	UTR|exon|gene|regulatory|transcript	99
chr13	45194655	45194754	ENSG00000180332.7|ENSG00000188342.13	UTR|exon|gene|regulatory|transcript	99
chr13	102366452	102366551	ENSG00000102466.17|ENSG00000243319.7	UTR|exon|gene|regulatory|transcript	99
chr13	75760559	75760658	ENSG00000136153.20|ENSG00000261553.5	UTR|exon|gene|regulatory|transcript	99
chr13	70108354	70108452	ENSG00000150361.12|ENSG00000230223.8	UTR|exon|gene|regulatory|transcript	98
chr13	96090706	96090804	ENSG00000185352.10	UTR|exon|gene|regulatory|transcript	98
chr13	28023349	28023447	ENSG00000122025.15	UTR|exon|gene|regulatory|transcript	98
chr13	51958400	51958498	ENSG00000123191.17	UTR|exon|gene|regulatory|transcript	98
chr13	111115309	111115407	ENSG00000102606.20|ENSG00000235875.3	UTR|exon|gene|regulatory|transcript	98
chr13	51934424	51934521	ENSG00000123191.17	UTR|exon|gene|regulatory|transcript	97
chr13	23180978	23181075	ENSG00000102683.8	UTR|exon|gene|regulatory|transcript	97
chr13	49997666	49997763	ENSG00000204977.10|ENSG00000231607.15	UTR|exon|gene|regulatory|transcript	97
chr13	71866937	71867034	ENSG00000276644.5	UTR|exon|gene|regulatory|transcript	97
chr13	49936340	49936437	ENSG00000123178.16	UTR|exon|gene|regulatory|transcript	97
chr13	39601216	39601312	ENSG00000183722.9	UTR|exon|gene|regulatory|transcript	96
chr13	95622342	95622438	ENSG00000134874.18	UTR|exon|gene|regulatory|transcript	96
chr13	24270744	24270840	ENSG00000182957.16|ENSG00000273167.1	UTR|exon|gene|regulatory|transcript	96
chr13	99499210	99499306	ENSG00000125304.10|ENSG00000280734.3	UTR|exon|gene|regulatory|transcript	96
chr13	44143641	44143737	ENSG00000139656.8|ENSG00000226519.4|ENSG00000227258.7	UTR|exon|gene|regulatory|transcript	96
chr13	113549538	113549633	ENSG00000150403.18	UTR|exon|gene|regulatory|transcript	95
chr13	26020206	26020301	ENSG00000132932.19	UTR|exon|gene|regulatory|transcript	95
chr13	74134309	74134404	ENSG00000118922.19	UTR|exon|gene|regulatory|transcript	95
chr13	48269789	48269884	ENSG00000136156.15	UTR|exon|gene|regulatory|transcript	95
chr13	23730252	23730347	ENSG00000027001.10|ENSG00000289332.2	UTR|exon|gene|regulatory|transcript	95
chr13	102800400	102800495	ENSG00000134897.14|ENSG00000270181.3	UTR|exon|gene|regulatory|transcript	95
chr13	98797394	98797489	ENSG00000088387.22	UTR|exon|gene|regulatory|transcript	95
chr13	51382028	51382123	ENSG00000102786.15	UTR|exon|gene|regulatory|transcript	95
chr13	46072089	46072184	ENSG00000080618.17|ENSG00000235903.11	UTR|exon|gene|regulatory|transcript	95
chr13	75537523	75537618	ENSG00000188243.14	UTR|exon|gene|regulatory|transcript	95
chr13	51769029	51769123	ENSG00000102796.12|ENSG00000285444.1	UTR|exon|gene|regulatory|transcript	94
chr13	23674120	23674214	ENSG00000127863.16	UTR|exon|gene|regulatory|transcript	94
chr13	114154690	114154784	ENSG00000283361.3	UTR|exon|gene|regulatory|transcript	94
chr13	45851659	45851753	ENSG00000215475.5	UTR|exon|gene|regulatory|transcript	94
chr13	60396844	60396938	ENSG00000083544.16	UTR|exon|gene|regulatory|transcript	94
chr13	24304862	24304956	ENSG00000182957.16|ENSG00000273167.1	UTR|exon|gene|regulatory|transcript	94
chr13	46336856	46336950	ENSG00000102445.20	UTR|exon|gene|regulatory|transcript	94
chr13	41961015	41961109	ENSG00000102763.18|ENSG00000278338.4	UTR|exon|gene|regulatory|transcript	94
chr13	113449183	113449277	ENSG00000153531.15	UTR|exon|gene|regulatory|transcript	94
chr13	32031299	32031392	ENSG00000073910.23|ENSG00000237637.1	UTR|exon|gene|regulatory|transcript	93
chr13	49497112	49497205	ENSG00000136147.18	UTR|exon|gene|regulatory|transcript	93
chr13	36131213	36131306	ENSG00000133083.15	UTR|exon|gene|regulatory|transcript	93
chr13	100491673	100491766	ENSG00000175198.17	UTR|exon|gene|regulatory|transcript	93
chr13	49628522	49628615	ENSG00000152213.4	UTR|exon|gene|regulatory|transcript	93
chr13	113585332	113585425	ENSG00000198176.13	UTR|exon|gene|regulatory|transcript	93
chr13	27270829	27270922	ENSG00000122035.7	UTR|exon|gene|regulatory|transcript	93
chr13	46376491	46376584	ENSG00000102445.20	UTR|exon|gene|regulatory|transcript	93
chr13	46052403	46052496	ENSG00000123200.17	UTR|exon|gene|regulatory|transcript	93
chr13	46338032	46338125	ENSG00000102445.20	UTR|exon|gene|regulatory|transcript	93
chr13	51764220	51764313	ENSG00000139668.9|ENSG00000285444.1	UTR|exon|gene|regulatory|transcript	93
chr13	29850221	29850314	ENSG00000122042.10	UTR|exon|gene|regulatory|transcript	93
chr13	27620757	27620849	ENSG00000186184.20	UTR|exon|gene|regulatory|transcript	92
chr13	41254528	41254620	ENSG00000120662.16	UTR|exon|gene|regulatory|transcript	92
chr13	51957515	51957607	ENSG00000123191.17	UTR|exon|gene|regulatory|transcript	92
chr13	46052496	46052588	ENSG00000123200.17|ENSG00000235903.11	UTR|exon|gene|regulatory|transcript	92
chr13	26012530	26012622	ENSG00000132932.19	UTR|exon|gene|regulatory|transcript	92
chr13	51768614	51768706	ENSG00000102796.12|ENSG00000285444.1	UTR|exon|gene|regulatory|transcript	92
chr13	100533562	100533653	ENSG00000134864.11	UTR|exon|gene|regulatory|transcript	91
chr13	98454900	98454991	ENSG00000102572.15|ENSG00000152767.17	UTR|exon|gene|regulatory|transcript	91
chr13	44577056	44577147	ENSG00000102804.16|ENSG00000278156.2	UTR|exon|gene|regulatory|transcript	91
chr13	20567165	20567256	ENSG00000032742.18	UTR|exon|gene|regulatory|transcript	91
chr13	113209972	113210063	ENSG00000139842.15	UTR|exon|gene|regulatory|transcript	91
chr13	35478673	35478764	ENSG00000172915.20|ENSG00000180660.9	UTR|exon|gene|regulatory|transcript	91
chr13	113863924	113864015	ENSG00000183087.15	UTR|exon|gene|regulatory|transcript	91
chr13	48976068	48976159	ENSG00000102531.16|ENSG00000275202.1	UTR|exon|gene|regulatory|transcript	91
chr13	99015961	99016052	ENSG00000088387.22	UTR|exon|gene|regulatory|transcript	91
chr13	46052595	46052685	ENSG00000123200.17|ENSG00000235903.11	UTR|exon|gene|regulatory|transcript	90
chr13	49444273	49444363	ENSG00000136169.17	UTR|exon|gene|regulatory|transcript	90
chr13	60397830	60397920	ENSG00000083544.16	UTR|exon|gene|regulatory|transcript	90
chr13	102793716	102793806	ENSG00000134901.14	UTR|exon|gene|regulatory|transcript	90
chr13	23579379	23579468	ENSG00000127863.16	UTR|exon|gene|regulatory|transcript	89
chr13	41019227	41019316	ENSG00000120690.16	UTR|exon|gene|regulatory|transcript	89
chr13	108269628	108269717	ENSG00000102524.12	UTR|exon|gene|regulatory|transcript	89
chr13	30457287	30457375	ENSG00000189403.15	UTR|exon|gene|regulatory|transcript	88
chr13	102799321	102799409	ENSG00000134897.14|ENSG00000270181.3	UTR|exon|gene|regulatory|transcript	88
chr13	111281021	111281109	ENSG00000102606.20	UTR|exon|gene|regulatory|transcript	88
chr13	32586454	32586542	ENSG00000083642.19	UTR|exon|gene|regulatory|transcript	88
chr13	47971452	47971540	ENSG00000136143.16	UTR|exon|gene|regulatory|transcript	88
chr13	107867217	107867304	ENSG00000204442.4	UTR|exon|gene|regulatory|transcript	87
chr13	40666212	40666299	ENSG00000150907.10	UTR|exon|gene|regulatory|transcript	87
chr13	48976780	48976867	ENSG00000102531.16|ENSG00000275202.1	UTR|exon|gene|regulatory|transcript	87
chr13	49110312	49110399	ENSG00000102531.16	UTR|exon|gene|regulatory|transcript	87
chr13	51454060	51454146	ENSG00000102786.15|ENSG00000236778.9	UTR|exon|gene|regulatory|transcript	86
chr13	51421248	51421334	ENSG00000102786.15	UTR|exon|gene|regulatory|transcript	86
chr13	98577021	98577107	ENSG00000102572.15	UTR|exon|gene|regulatory|transcript	86
chr13	24222843	24222929	ENSG00000182957.16|ENSG00000273167.1	UTR|exon|gene|regulatory|transcript	86
chr13	51452650	51452736	ENSG00000102786.15|ENSG00000236778.9	UTR|exon|gene|regulatory|transcript	86
chr13	99015654	99015740	ENSG00000088387.22	UTR|exon|gene|regulatory|transcript	86
chr13	107866596	107866682	ENSG00000204442.4	UTR|exon|gene|regulatory|transcript	86
chr13	108269717	108269803	ENSG00000102524.12	UTR|exon|gene|regulatory|transcript	86
chr13	31161659	31161745	ENSG00000120694.20	UTR|exon|gene|regulatory|transcript	86
chr13	113484056	113484142	ENSG00000150401.15	UTR|exon|gene|regulatory|transcript	86
chr13	106492793	106492878	ENSG00000125266.8|ENSG00000284966.3	UTR|exon|gene|regulatory|transcript	85
chr13	101916645	101916730	ENSG00000102466.17	UTR|exon|gene|regulatory|transcript	85
chr13	110644064	110644149	ENSG00000134905.17	UTR|exon|gene|regulatory|transcript	85
chr13	99294974	99295059	ENSG00000134882.16|ENSG00000169508.7	UTR|exon|gene|regulatory|transcript	85
chr13	51845065	51845150	ENSG00000281106.4|ENSG00000285444.1	UTR|exon|gene|regulatory|transcript	85
chr13	76886148	76886233	ENSG00000178695.6	UTR|exon|gene|regulatory|transcript	85
chr13	95644549	95644634	ENSG00000134874.18	UTR|exon|gene|regulatory|transcript	85
chr13	36222823	36222908	ENSG00000242715.8|ENSG00000250709.1	UTR|exon|gene|regulatory|transcript	85
chr13	32031554	32031639	ENSG00000073910.23|ENSG00000237637.1	UTR|exon|gene|regulatory|transcript	85
chr13	101258490	101258574	ENSG00000102452.18	UTR|exon|gene|regulatory|transcript	84
chr13	52739728	52739812	ENSG00000136110.13	UTR|exon|gene|regulatory|transcript	84
chr13	49996728	49996812	ENSG00000204977.10|ENSG00000231607.15	UTR|exon|gene|regulatory|transcript	84
chr13	30306856	30306939	ENSG00000102781.14	UTR|exon|gene|regulatory|transcript	83
chr13	111209871	111209954	ENSG00000102606.20	UTR|exon|gene|regulatory|transcript	83
chr13	102800571	102800654	ENSG00000134897.14|ENSG00000270181.3	UTR|exon|gene|regulatory|transcript	83
chr13	23310853	23310936	ENSG00000102683.8|ENSG00000151835.17	UTR|exon|gene|regulatory|transcript	83
chr13	26557705	26557788	ENSG00000132970.14	UTR|exon|gene|regulatory|transcript	83
chr13	19959874	19959957	ENSG00000121741.17	UTR|exon|gene|regulatory|transcript	83
chr13	106567919	106568002	ENSG00000134884.15	UTR|exon|gene|regulatory|transcript	83
chr13	20231409	20231492	ENSG00000121742.19	UTR|exon|gene|regulatory|transcript	83
chr13	28718495	28718578	ENSG00000139508.15	UTR|exon|gene|regulatory|transcript	83
chr13	99084093	99084176	ENSG00000088387.22	UTR|exon|gene|regulatory|transcript	83
chr13	21372822	21372904	ENSG00000180776.17	UTR|exon|gene|regulatory|transcript	82
chr13	26222179	26222261	ENSG00000127870.17|ENSG00000277368.2	UTR|exon|gene|regulatory|transcript	82
chr13	102799234	102799316	ENSG00000134897.14|ENSG00000270181.3	UTR|exon|gene|regulatory|transcript	82
chr13	52652838	52652920	ENSG00000165416.15	UTR|exon|gene|regulatory|transcript	82
chr13	51934521	51934603	ENSG00000123191.17	UTR|exon|gene|regulatory|transcript	82
chr13	24304755	24304837	ENSG00000182957.16|ENSG00000273167.1	UTR|exon|gene|regulatory|transcript	82
chr13	61415767	61415849	ENSG00000197991.11|ENSG00000280165.2	UTR|exon|gene|regulatory|transcript	82
chr13	29595415	29595497	ENSG00000139514.13	UTR|exon|gene|regulatory|transcript	82
chr13	98448153	98448235	ENSG00000102572.15|ENSG00000152767.17	UTR|exon|gene|regulatory|transcript	82
chr13	23375362	23375444	ENSG00000151835.17	UTR|exon|gene|regulatory|transcript	82
chr13	114222518	114222600	ENSG00000283361.3	UTR|exon|gene|regulatory|transcript	82
chr13	114132542	114132623	ENSG00000185989.11	UTR|exon|gene|regulatory|transcript	81
chr13	98977909	98977990	ENSG00000088387.22	UTR|exon|gene|regulatory|transcript	81
chr13	36346313	36346394	ENSG00000133104.14	UTR|exon|gene|regulatory|transcript	81
chr13	96053401	96053482	ENSG00000102595.22	UTR|exon|gene|regulatory|transcript	81
chr13	52456007	52456088	ENSG00000136108.15	UTR|exon|gene|regulatory|transcript	81
chr13	99294538	99294619	ENSG00000134882.16|ENSG00000169508.7	UTR|exon|gene|regulatory|transcript	81
chr13	51760576	51760657	ENSG00000139668.9	UTR|exon|gene|regulatory|transcript	81
chr13	29850498	29850578	ENSG00000122042.10	UTR|exon|gene|regulatory|transcript	80
chr13	33818068	33818148	ENSG00000133119.13	UTR|exon|gene|regulatory|transcript	80
chr13	99200773	99200853	ENSG00000134882.16	UTR|exon|gene|regulatory|transcript	80
chr13	24160747	24160827	ENSG00000182957.16|ENSG00000273167.1	UTR|exon|gene|regulatory|transcript	80
chr13	51960242	51960322	ENSG00000123191.17	UTR|exon|gene|regulatory|transcript	80
chr13	52739272	52739352	ENSG00000136110.13	UTR|exon|gene|regulatory|transcript	80
chr13	112071626	112071706	ENSG00000182968.5|ENSG00000224243.2	UTR|exon|gene|regulatory|transcript	80
chr13	77918719	77918799	ENSG00000136160.17	UTR|exon|gene|regulatory|transcript	80
chr13	77919688	77919768	ENSG00000136160.17|ENSG00000234377.8	UTR|exon|gene|regulatory|transcript	80
chr13	95115921	95116001	ENSG00000125257.16	UTR|exon|gene|regulatory|transcript	80
chr13	39038310	39038390	ENSG00000188811.14	UTR|exon|gene|regulatory|transcript	80
chr13	113973997	113974076	ENSG00000283199.3	UTR|exon|gene|regulatory|transcript	79
chr13	110237312	110237391	ENSG00000187498.16	UTR|exon|gene|regulatory|transcript	79
chr13	110473486	110473565	ENSG00000134871.19	UTR|exon|gene|regulatory|transcript	79
chr13	102845946	102846025	ENSG00000134899.24|ENSG00000270181.3	UTR|exon|gene|regulatory|transcript	79
chr13	49444604	49444683	ENSG00000136169.17	UTR|exon|gene|regulatory|transcript	79
chr13	52455477	52455556	ENSG00000136108.15	UTR|exon|gene|regulatory|transcript	79
chr13	51454185	51454264	ENSG00000102786.15|ENSG00000236778.9	UTR|exon|gene|regulatory|transcript	79
chr13	46389963	46390042	ENSG00000102445.20	UTR|exon|gene|regulatory|transcript	79
chr13	100089014	100089092	ENSG00000175198.17	UTR|exon|gene|regulatory|transcript	78
chr13	76992494	76992572	ENSG00000102805.16|ENSG00000283208.2	UTR|exon|gene|regulatory|transcript	78
chr13	20222057	20222135	ENSG00000121742.19	UTR|exon|gene|regulatory|transcript	78
chr13	99015780	99015858	ENSG00000088387.22	UTR|exon|gene|regulatory|transcript	78
chr13	23889320	23889398	ENSG00000027001.10|ENSG00000205861.13	UTR|exon|gene|regulatory|transcript	78
chr13	30422600	30422677	ENSG00000236444.5	UTR|exon|gene|regulatory|transcript	77
chr13	87671640	87671717	ENSG00000165300.8|ENSG00000228824.8	UTR|exon|gene|regulatory|transcript	77
chr13	102801690	102801767	ENSG00000134897.14|ENSG00000270181.3	UTR|exon|gene|regulatory|transcript	77
chr13	99981987	99982064	ENSG00000043355.12	UTR|exon|gene|regulatory|transcript	77
chr13	99896086	99896163	ENSG00000125246.16|ENSG00000286757.4	UTR|exon|gene|regulatory|transcript	77
chr13	49265926	49266003	ENSG00000102543.14	UTR|exon|gene|regulatory|transcript	77
chr13	50913055	50913131	ENSG00000136104.21	UTR|exon|gene|regulatory|transcript	76
chr13	37598768	37598844	ENSG00000133110.15	UTR|exon|gene|regulatory|transcript	76
chr13	75537844	75537920	ENSG00000188243.14	UTR|exon|gene|regulatory|transcript	76
chr13	99201059	99201135	ENSG00000134882.16	UTR|exon|gene|regulatory|transcript	76
chr13	32315507	32315582	ENSG00000139618.18	UTR|exon|gene|regulatory|transcript	75
chr13	26221255	26221330	ENSG00000127870.17	UTR|exon|gene|regulatory|transcript	75
chr13	25371973	25372048	ENSG00000132932.19	UTR|exon|gene|regulatory|transcript	75
chr13	41128558	41128633	ENSG00000165572.8	UTR|exon|gene|regulatory|transcript	75
chr13	99258304	99258379	ENSG00000125245.14|ENSG00000134882.16	UTR|exon|gene|regulatory|transcript	75
chr13	100533286	100533361	ENSG00000134864.11	UTR|exon|gene|regulatory|transcript	75
chr13	27969240	27969315	ENSG00000165556.10	UTR|exon|gene|regulatory|transcript	75
chr13	107867421	107867496	ENSG00000204442.4	UTR|exon|gene|regulatory|transcript	75
chr13	102773681	102773755	ENSG00000151287.17	UTR|exon|gene|regulatory|transcript	74
chr13	98752598	98752672	ENSG00000088386.17	UTR|exon|gene|regulatory|transcript	74
chr13	113208524	113208598	ENSG00000126226.22|ENSG00000139842.15	UTR|exon|gene|regulatory|transcript	74
chr13	40558938	40559012	ENSG00000150907.10|ENSG00000288542.1	UTR|exon|gene|regulatory|transcript	74
chr13	85806609	85806683	ENSG00000184564.11	UTR|exon|gene|regulatory|transcript	74
chr13	45418299	45418373	ENSG00000174032.17|ENSG00000251015.1	UTR|exon|gene|regulatory|transcript	74
chr13	48413037	48413111	ENSG00000139679.16|ENSG00000139687.16	UTR|exon|gene|regulatory|transcript	74
chr13	101452592	101452666	ENSG00000198542.15	UTR|exon|gene|regulatory|transcript	74
chr13	24512705	24512778	ENSG00000102699.6|ENSG00000205822.11	UTR|exon|gene|regulatory|transcript	73
chr13	43879557	43879630	ENSG00000151773.13|ENSG00000179630.11	UTR|exon|gene|regulatory|transcript	73
chr13	51364735	51364808	ENSG00000102786.15	UTR|exon|gene|regulatory|transcript	73
chr13	110307283	110307356	ENSG00000134871.19	UTR|exon|gene|regulatory|transcript	73
chr13	75760665	75760738	ENSG00000136153.20|ENSG00000261553.5	UTR|exon|gene|regulatory|transcript	73
chr13	77919615	77919688	ENSG00000136160.17	UTR|exon|gene|regulatory|transcript	73
chr13	26758309	26758382	ENSG00000132975.8	UTR|exon|gene|regulatory|transcript	73
chr13	85798913	85798986	ENSG00000184564.11	UTR|exon|gene|regulatory|transcript	73
chr13	77001774	77001847	ENSG00000005812.11|ENSG00000102805.16|ENSG00000283208.2	UTR|exon|gene|regulatory|transcript	73
chr13	51452791	51452863	ENSG00000102786.15|ENSG00000236778.9	UTR|exon|gene|regulatory|transcript	72
chr13	30458674	30458746	ENSG00000189403.15	UTR|exon|gene|regulatory|transcript	72
chr13	110361782	110361854	ENSG00000134871.19	UTR|exon|gene|regulatory|transcript	72
chr13	49310056	49310128	ENSG00000102547.19	UTR|exon|gene|regulatory|transcript	72
chr13	52061818	52061890	ENSG00000197168.14|ENSG00000253710.5	UTR|exon|gene|regulatory|transcript	72
chr13	45341212	45341284	ENSG00000133112.17	UTR|exon|gene|regulatory|transcript	72
chr13	44143149	44143221	ENSG00000139656.8|ENSG00000226519.4|ENSG00000227258.7	UTR|exon|gene|regulatory|transcript	72
chr13	19181752	19181824	ENSG00000198033.13	UTR|exon|gene|regulatory|transcript	72
chr13	110210042	110210113	ENSG00000187498.16	UTR|exon|gene|regulatory|transcript	71
chr13	37059558	37059629	ENSG00000102710.21	UTR|exon|gene|regulatory|transcript	71
chr13	110892956	110893027	ENSG00000088448.14	UTR|exon|gene|regulatory|transcript	71
chr13	27919999	27920070	ENSG00000139515.6	UTR|exon|gene|regulatory|transcript	71
chr13	24160861	24160932	ENSG00000182957.16|ENSG00000273167.1	UTR|exon|gene|regulatory|transcript	71
chr13	52703523	52703594	ENSG00000136110.13	UTR|exon|gene|regulatory|transcript	71
chr13	51451496	51451567	ENSG00000102786.15	UTR|exon|gene|regulatory|transcript	71
chr13	37059361	37059432	ENSG00000102710.21	UTR|exon|gene|regulatory|transcript	71
chr13	45702319	45702390	ENSG00000174015.10	UTR|exon|gene|regulatory|transcript	71
chr13	30465843	30465914	ENSG00000189403.15	UTR|exon|gene|regulatory|transcript	71
chr13	75366944	75367015	ENSG00000136111.14	UTR|exon|gene|regulatory|transcript	71
chr13	31739541	31739612	ENSG00000133105.8	UTR|exon|gene|regulatory|transcript	71
chr13	72782153	72782224	ENSG00000083535.16	UTR|exon|gene|regulatory|transcript	71
chr13	100515496	100515567	ENSG00000175198.17	UTR|exon|gene|regulatory|transcript	71
chr13	49632569	49632639	ENSG00000152213.4	UTR|exon|gene|regulatory|transcript	70
chr13	98881557	98881627	ENSG00000088387.22	UTR|exon|gene|regulatory|transcript	70
chr13	51453522	51453592	ENSG00000102786.15|ENSG00000236778.9	UTR|exon|gene|regulatory|transcript	70
chr13	108629610	108629680	ENSG00000041515.16	UTR|exon|gene|regulatory|transcript	70
chr13	83877890	83877960	ENSG00000178235.8|ENSG00000285680.2	UTR|exon|gene|regulatory|transcript	70
chr13	113399610	113399680	ENSG00000153531.15	UTR|exon|gene|regulatory|transcript	70
chr13	27621778	27621848	ENSG00000186184.20	UTR|exon|gene|regulatory|transcript	70
chr13	21176477	21176547	ENSG00000165480.16	UTR|exon|gene|regulatory|transcript	70
chr13	50909921	50909991	ENSG00000136104.21|ENSG00000233672.9	UTR|exon|gene|regulatory|transcript	70
chr13	99501180	99501250	ENSG00000125304.10	UTR|exon|gene|regulatory|transcript	70
chr13	113634533	113634602	ENSG00000198176.13	UTR|exon|gene|regulatory|transcript	69
chr13	110714981	110715050	ENSG00000153487.13	UTR|exon|gene|regulatory|transcript	69
chr13	20702868	20702937	ENSG00000172458.5|ENSG00000278291.1	UTR|exon|gene|regulatory|transcript	69
chr13	48975911	48975980	ENSG00000102531.16|ENSG00000275202.1	UTR|exon|gene|regulatory|transcript	69
chr13	41311294	41311363	ENSG00000172766.19	UTR|exon|gene|regulatory|transcript	69
chr13	19959957	19960026	ENSG00000121741.17	UTR|exon|gene|regulatory|transcript	69
chr13	40793157	40793226	ENSG00000102743.16	UTR|exon|gene|regulatory|transcript	69
chr13	30464178	30464247	ENSG00000189403.15	UTR|exon|gene|regulatory|transcript	69
chr13	97222354	97222423	ENSG00000139793.21	UTR|exon|gene|regulatory|transcript	69
chr13	98435985	98436054	ENSG00000152767.17	UTR|exon|gene|regulatory|transcript	69
chr13	113001823	113001892	ENSG00000126217.22	UTR|exon|gene|regulatory|transcript	69
chr13	102800503	102800571	ENSG00000134897.14|ENSG00000270181.3	UTR|exon|gene|regulatory|transcript	68
chr13	52127594	52127662	ENSG00000197168.14	UTR|exon|gene|regulatory|transcript	68
chr13	102801547	102801615	ENSG00000134897.14|ENSG00000270181.3	UTR|exon|gene|regulatory|transcript	68
chr13	38687076	38687144	ENSG00000150893.11	UTR|exon|gene|regulatory|transcript	68
chr13	98824436	98824504	ENSG00000088387.22	UTR|exon|gene|regulatory|transcript	68
chr13	78603484	78603552	ENSG00000152192.8|ENSG00000234377.8	UTR|exon|gene|regulatory|transcript	68
chr13	51970526	51970594	ENSG00000123191.17	UTR|exon|gene|regulatory|transcript	68
chr13	51813706	51813774	ENSG00000231856.4|ENSG00000281106.4|ENSG00000285444.1	UTR|exon|gene|regulatory|transcript	68
chr13	80339591	80339659	ENSG00000136158.12	UTR|exon|gene|regulatory|transcript	68
chr13	113098548	113098616	ENSG00000126217.22	UTR|exon|gene|regulatory|transcript	68
chr13	72781288	72781356	ENSG00000083520.15	UTR|exon|gene|regulatory|transcript	68
chr13	76992384	76992452	ENSG00000102805.16|ENSG00000283208.2	UTR|exon|gene|regulatory|transcript	68
chr13	36131306	36131373	ENSG00000133083.15	UTR|exon|gene|regulatory|transcript	67
chr13	50909812	50909879	ENSG00000136104.21|ENSG00000233672.9	UTR|exon|gene|regulatory|transcript	67
chr13	113820551	113820618	ENSG00000183087.15|ENSG00000233695.2	UTR|exon|gene|regulatory|transcript	67
chr13	113554487	113554554	ENSG00000150403.18	UTR|exon|gene|regulatory|transcript	67
chr13	51767211	51767278	ENSG00000139668.9|ENSG00000285444.1	UTR|exon|gene|regulatory|transcript	67
chr13	83881560	83881627	ENSG00000178235.8|ENSG00000285680.2	UTR|exon|gene|regulatory|transcript	67
chr13	108269828	108269895	ENSG00000102524.12	UTR|exon|gene|regulatory|transcript	67
chr13	46182110	46182177	ENSG00000136167.15	UTR|exon|gene|regulatory|transcript	67
chr13	77535758	77535824	ENSG00000136155.17	UTR|exon|gene|regulatory|transcript	66
chr13	80341060	80341126	ENSG00000136158.12	UTR|exon|gene|regulatory|transcript	66
chr13	57631743	57631809	ENSG00000118946.12	UTR|exon|gene|regulatory|transcript	66
chr13	31200018	31200084	ENSG00000187676.8	UTR|exon|gene|regulatory|transcript	66
chr13	28100510	28100576	ENSG00000122025.15	UTR|exon|gene|regulatory|transcript	66
chr13	32316071	32316137	ENSG00000139618.18	UTR|exon|gene|regulatory|transcript	66
chr13	113178107	113178173	ENSG00000126226.22	UTR|exon|gene|regulatory|transcript	66
chr13	77326803	77326869	ENSG00000005810.20	UTR|exon|gene|regulatory|transcript	66
chr13	76886339	76886405	ENSG00000178695.6	UTR|exon|gene|regulatory|transcript	66
chr13	29428708	29428773	ENSG00000132938.22	UTR|exon|gene|regulatory|transcript	65
chr13	98977990	98978055	ENSG00000088387.22	UTR|exon|gene|regulatory|transcript	65
chr13	110190740	110190805	ENSG00000187498.16	UTR|exon|gene|regulatory|transcript	65
chr13	20141563	20141628	ENSG00000121743.4	UTR|exon|gene|regulatory|transcript	65
chr13	19633658	19633723	ENSG00000196199.14	UTR|exon|gene|regulatory|transcript	65
chr13	78601081	78601146	ENSG00000152192.8|ENSG00000234377.8	UTR|exon|gene|regulatory|transcript	65
chr13	29849719	29849784	ENSG00000122042.10	UTR|exon|gene|regulatory|transcript	65
chr13	99501250	99501315	ENSG00000125304.10	UTR|exon|gene|regulatory|transcript	65
chr13	87678265	87678329	ENSG00000165300.8	UTR|exon|gene|regulatory|transcript	64
chr13	44160855	44160919	ENSG00000139656.8|ENSG00000227258.7	UTR|exon|gene|regulatory|transcript	64
chr13	32432890	32432954	ENSG00000244754.9|ENSG00000270008.1	UTR|exon|gene|regulatory|transcript	64
chr13	113208771	113208835	ENSG00000139842.15	UTR|exon|gene|regulatory|transcript	64
chr13	101416371	101416435	ENSG00000102452.18	UTR|exon|gene|regulatory|transcript	64
chr13	98576786	98576850	ENSG00000102572.15	UTR|exon|gene|regulatory|transcript	64
chr13	111241219	111241282	ENSG00000102606.20	UTR|exon|gene|regulatory|transcript	63
chr13	43786845	43786908	ENSG00000120658.14|ENSG00000287029.1	UTR|exon|gene|regulatory|transcript	63
chr13	77918624	77918687	ENSG00000136160.17	UTR|exon|gene|regulatory|transcript	63
chr13	112873572	112873635	ENSG00000068650.19	UTR|exon|gene|regulatory|transcript	63
chr13	36297751	36297814	ENSG00000242715.8|ENSG00000250709.1	UTR|exon|gene|regulatory|transcript	63
chr13	74134213	74134276	ENSG00000118922.19	UTR|exon|gene|regulatory|transcript	63
chr13	30464247	30464310	ENSG00000189403.15	UTR|exon|gene|regulatory|transcript	63
chr13	46350279	46350342	ENSG00000102445.20	UTR|exon|gene|regulatory|transcript	63
chr13	48694736	48694799	ENSG00000152207.8	UTR|exon|gene|regulatory|transcript	63
chr13	102846048	102846111	ENSG00000134899.24|ENSG00000270181.3	UTR|exon|gene|regulatory|transcript	63
chr13	27969113	27969176	ENSG00000165556.10	UTR|exon|gene|regulatory|transcript	63
chr13	100674816	100674879	ENSG00000125247.16	UTR|exon|gene|regulatory|transcript	63
chr13	49995887	49995950	ENSG00000204977.10|ENSG00000231607.15	UTR|exon|gene|regulatory|transcript	63
chr13	25543340	25543402	ENSG00000132932.19	UTR|exon|gene|regulatory|transcript	62
chr13	83882393	83882455	ENSG00000178235.8|ENSG00000285680.2	UTR|exon|gene|regulatory|transcript	62
chr13	41568134	41568196	ENSG00000102763.18|ENSG00000288598.2	UTR|exon|gene|regulatory|transcript	62
chr13	49401525	49401587	ENSG00000102547.19	UTR|exon|gene|regulatory|transcript	62
chr13	20221995	20222057	ENSG00000121742.19	UTR|exon|gene|regulatory|transcript	62
chr13	20773856	20773918	ENSG00000150456.11	UTR|exon|gene|regulatory|transcript	62
chr13	27424675	27424737	ENSG00000122034.17	UTR|exon|gene|regulatory|transcript	62
chr13	52449930	52449992	ENSG00000136100.14	UTR|exon|gene|regulatory|transcript	62
chr13	48976672	48976734	ENSG00000102531.16|ENSG00000275202.1	UTR|exon|gene|regulatory|transcript	62
chr13	37000822	37000884	ENSG00000120699.14	UTR|exon|gene|regulatory|transcript	62
chr13	110677033	110677095	ENSG00000134905.17	UTR|exon|gene|regulatory|transcript	62
chr13	27171639	27171701	ENSG00000152484.14	UTR|exon|gene|regulatory|transcript	62
chr13	35471995	35472057	ENSG00000172915.20	UTR|exon|gene|regulatory|transcript	62
chr13	46378645	46378707	ENSG00000102445.20	UTR|exon|gene|regulatory|transcript	62
chr13	98453535	98453597	ENSG00000102572.15|ENSG00000152767.17	UTR|exon|gene|regulatory|transcript	62
chr13	39655661	39655723	ENSG00000133103.17	UTR|exon|gene|regulatory|transcript	62
chr13	94601856	94601918	ENSG00000152749.8	UTR|exon|gene|regulatory|transcript	62
chr13	113864015	113864076	ENSG00000183087.15	UTR|exon|gene|regulatory|transcript	61
chr13	77743104	77743165	ENSG00000139737.23	UTR|exon|gene|regulatory|transcript	61
chr13	43879630	43879691	ENSG00000151773.13|ENSG00000179630.11	UTR|exon|gene|regulatory|transcript	61
chr13	49247976	49248037	ENSG00000102543.14	UTR|exon|gene|regulatory|transcript	61
chr13	102769907	102769968	ENSG00000151287.17	UTR|exon|gene|regulatory|transcript	61
chr13	49533917	49533978	ENSG00000136144.12	UTR|exon|gene|regulatory|transcript	61
chr13	26051904	26051965	ENSG00000180730.5	UTR|exon|gene|regulatory|transcript	61
chr13	110305811	110305872	ENSG00000134871.19|ENSG00000187498.16	UTR|exon|gene|regulatory|transcript	61
chr13	76992597	76992658	ENSG00000005812.11|ENSG00000102805.16|ENSG00000283208.2	UTR|exon|gene|regulatory|transcript	61
chr13	98389540	98389601	ENSG00000152767.17	UTR|exon|gene|regulatory|transcript	61
chr13	34942751	34942812	ENSG00000172915.20	UTR|exon|gene|regulatory|transcript	61
chr13	50912994	50913055	ENSG00000136104.21	UTR|exon|gene|regulatory|transcript	61
chr13	113585272	113585332	ENSG00000198176.13	UTR|exon|gene|regulatory|transcript	60
chr13	99307339	99307399	ENSG00000134882.16|ENSG00000169508.7	UTR|exon|gene|regulatory|transcript	60
chr13	87671450	87671510	ENSG00000165300.8|ENSG00000228824.8	UTR|exon|gene|regulatory|transcript	60
chr13	21176657	21176717	ENSG00000173141.5	UTR|exon|gene|regulatory|transcript	60
chr13	27253704	27253764	ENSG00000122026.11	UTR|exon|gene|regulatory|transcript	60
chr13	38350055	38350114	ENSG00000120686.12|ENSG00000223685.8	UTR|exon|gene|regulatory|transcript	59
chr13	38980076	38980135	ENSG00000133115.12	UTR|exon|gene|regulatory|transcript	59
chr13	75804229	75804288	ENSG00000136153.20|ENSG00000261553.5	UTR|exon|gene|regulatory|transcript	59
chr13	44434566	44434625	ENSG00000102804.16	UTR|exon|gene|regulatory|transcript	59
chr13	19782857	19782916	ENSG00000121390.19	UTR|exon|gene|regulatory|transcript	59
chr13	51932704	51932763	ENSG00000123191.17	UTR|exon|gene|regulatory|transcript	59
chr13	27432745	27432804	ENSG00000122034.17	UTR|exon|gene|regulatory|transcript	59
chr13	99385335	99385394	ENSG00000134882.16	UTR|exon|gene|regulatory|transcript	59
chr13	113208133	113208192	ENSG00000126226.22	UTR|exon|gene|regulatory|transcript	59
chr13	35476560	35476619	ENSG00000172915.20|ENSG00000180660.9	UTR|exon|gene|regulatory|transcript	59
chr13	41132511	41132570	ENSG00000165572.8	UTR|exon|gene|regulatory|transcript	59
chr13	44373881	44373939	ENSG00000151778.11	UTR|exon|gene|regulatory|transcript	58
chr13	44373823	44373881	ENSG00000151778.11	UTR|exon|gene|regulatory|transcript	58
chr13	30306939	30306997	ENSG00000102781.14	UTR|exon|gene|regulatory|transcript	58
chr13	96053335	96053393	ENSG00000102595.22	UTR|exon|gene|regulatory|transcript	58
chr13	19863554	19863612	ENSG00000132950.19	UTR|exon|gene|regulatory|transcript	58
chr13	72757026	72757084	ENSG00000083520.15	UTR|exon|gene|regulatory|transcript	58
chr13	111153904	111153962	ENSG00000102606.20	UTR|exon|gene|regulatory|transcript	58
chr13	24680619	24680677	ENSG00000075673.12	UTR|exon|gene|regulatory|transcript	58
chr13	23673957	23674015	ENSG00000127863.16	UTR|exon|gene|regulatory|transcript	58
chr13	25096139	25096197	ENSG00000151846.9|ENSG00000289006.1	UTR|exon|gene|regulatory|transcript	58
chr13	102799463	102799521	ENSG00000134897.14|ENSG00000270181.3	UTR|exon|gene|regulatory|transcript	58
chr13	25168968	25169026	ENSG00000165566.13|ENSG00000238169.2	UTR|exon|gene|regulatory|transcript	58
chr13	42040068	42040126	ENSG00000102780.17	UTR|exon|gene|regulatory|transcript	58
chr13	45338418	45338476	ENSG00000133112.17	UTR|exon|gene|regulatory|transcript	58
chr13	49997073	49997131	ENSG00000204977.10|ENSG00000231607.15	UTR|exon|gene|regulatory|transcript	58
chr13	19782945	19783002	ENSG00000121390.19	UTR|exon|gene|regulatory|transcript	57
chr13	49497055	49497112	ENSG00000136147.18	UTR|exon|gene|regulatory|transcript	57
chr13	25828117	25828174	ENSG00000132932.19	UTR|exon|gene|regulatory|transcript	57
chr13	33186022	33186079	ENSG00000133121.21|ENSG00000236581.9	UTR|exon|gene|regulatory|transcript	57
chr13	46168462	46168519	ENSG00000136167.15	UTR|exon|gene|regulatory|transcript	57
chr13	21177630	21177687	ENSG00000173141.5	UTR|exon|gene|regulatory|transcript	57
chr13	95606002	95606059	ENSG00000134874.18	UTR|exon|gene|regulatory|transcript	57
chr13	23375543	23375600	ENSG00000151835.17	UTR|exon|gene|regulatory|transcript	57
chr13	45336447	45336504	ENSG00000133112.17	UTR|exon|gene|regulatory|transcript	57
chr13	83877983	83878040	ENSG00000178235.8|ENSG00000285680.2	UTR|exon|gene|regulatory|transcript	57
chr13	48411331	48411388	ENSG00000139679.16|ENSG00000139687.16	UTR|exon|gene|regulatory|transcript	57
chr13	48976615	48976672	ENSG00000102531.16|ENSG00000275202.1	UTR|exon|gene|regulatory|transcript	57
chr13	46211292	46211348	ENSG00000136167.15	UTR|exon|gene|regulatory|transcript	56
chr13	30617541	30617597	ENSG00000189403.15	UTR|exon|gene|regulatory|transcript	56
chr13	99897078	99897134	ENSG00000125246.16|ENSG00000286757.4	UTR|exon|gene|regulatory|transcript	56
chr13	101416312	101416368	ENSG00000102452.18	UTR|exon|gene|regulatory|transcript	56
chr13	27450508	27450564	ENSG00000122033.15|ENSG00000289827.1	UTR|exon|gene|regulatory|transcript	56
chr13	46337659	46337715	ENSG00000102445.20	UTR|exon|gene|regulatory|transcript	56
chr13	113095122	113095178	ENSG00000126217.22	UTR|exon|gene|regulatory|transcript	56
chr13	46680033	46680089	ENSG00000136141.15	UTR|exon|gene|regulatory|transcript	56
chr13	99258248	99258304	ENSG00000125245.14|ENSG00000134882.16	UTR|exon|gene|regulatory|transcript	56
chr13	99896211	99896267	ENSG00000125246.16|ENSG00000286757.4	UTR|exon|gene|regulatory|transcript	56
chr13	27621280	27621336	ENSG00000186184.20	UTR|exon|gene|regulatory|transcript	56
chr13	28138544	28138600	ENSG00000152520.14	UTR|exon|gene|regulatory|transcript	56
chr13	108215743	108215799	ENSG00000174405.15	UTR|exon|gene|regulatory|transcript	56
chr13	49401339	49401394	ENSG00000102547.19	UTR|exon|gene|regulatory|transcript	55
chr13	75482114	75482169	ENSG00000136111.14	UTR|exon|gene|regulatory|transcript	55
chr13	110298604	110298659	ENSG00000187498.16	UTR|exon|gene|regulatory|transcript	55
chr13	41060837	41060892	ENSG00000120690.16	UTR|exon|gene|regulatory|transcript	55
chr13	31945825	31945880	ENSG00000073910.23	UTR|exon|gene|regulatory|transcript	55
chr13	44373702	44373757	ENSG00000151778.11	UTR|exon|gene|regulatory|transcript	55
chr13	98142672	98142727	ENSG00000152767.17	UTR|exon|gene|regulatory|transcript	55
chr13	59666528	59666583	ENSG00000139734.19	UTR|exon|gene|regulatory|transcript	55
chr13	40771136	40771190	ENSG00000102738.8	UTR|exon|gene|regulatory|transcript	54
chr13	31803335	31803389	ENSG00000133105.8|ENSG00000289381.1	UTR|exon|gene|regulatory|transcript	54
chr13	106492739	106492793	ENSG00000125266.8|ENSG00000284966.3	UTR|exon|gene|regulatory|transcript	54
chr13	97975836	97975890	ENSG00000065150.21	UTR|exon|gene|regulatory|transcript	54
chr13	46053559	46053613	ENSG00000080618.17|ENSG00000235903.11	UTR|exon|gene|regulatory|transcript	54
chr13	102678391	102678445	ENSG00000134900.13	UTR|exon|gene|regulatory|transcript	54
chr13	112894377	112894431	ENSG00000126217.22	UTR|exon|gene|regulatory|transcript	54
chr13	20567785	20567839	ENSG00000032742.18	UTR|exon|gene|regulatory|transcript	54
chr13	99905351	99905405	ENSG00000125246.16|ENSG00000286757.4	UTR|exon|gene|regulatory|transcript	54
chr13	44022474	44022528	ENSG00000233725.7|ENSG00000281883.1	UTR|exon|gene|regulatory|transcript	54
chr13	37001894	37001947	ENSG00000120699.14	UTR|exon|gene|regulatory|transcript	53
chr13	102401979	102402032	ENSG00000102466.17	UTR|exon|gene|regulatory|transcript	53
chr13	27978052	27978105	ENSG00000183463.7	UTR|exon|gene|regulatory|transcript	53
chr13	48533027	48533080	ENSG00000136161.13|ENSG00000139687.16|ENSG00000287599.1|ENSG00000289900.1	UTR|exon|gene|regulatory|transcript	53
chr13	96994297	96994350	ENSG00000165621.9	UTR|exon|gene|regulatory|transcript	53
chr13	99892442	99892495	ENSG00000125246.16|ENSG00000286757.4	UTR|exon|gene|regulatory|transcript	53
chr13	83881507	83881560	ENSG00000178235.8|ENSG00000285680.2	UTR|exon|gene|regulatory|transcript	53
chr13	25301571	25301624	ENSG00000139496.18	UTR|exon|gene|regulatory|transcript	53
chr13	26222261	26222314	ENSG00000127870.17|ENSG00000277368.2	UTR|exon|gene|regulatory|transcript	53
chr13	110914934	110914986	ENSG00000088448.14	UTR|exon|gene|regulatory|transcript	52
chr13	26760734	26760786	ENSG00000132975.8	UTR|exon|gene|regulatory|transcript	52
chr13	49936288	49936340	ENSG00000123178.16	UTR|exon|gene|regulatory|transcript	52
chr13	32538833	32538885	ENSG00000244754.9	UTR|exon|gene|regulatory|transcript	52
chr13	111203059	111203111	ENSG00000102606.20	UTR|exon|gene|regulatory|transcript	52
chr13	112588153	112588205	ENSG00000126216.15	UTR|exon|gene|regulatory|transcript	52
chr13	35850667	35850719	ENSG00000133083.15	UTR|exon|gene|regulatory|transcript	52
chr13	44989563	44989614	ENSG00000133114.18|ENSG00000223732.2	UTR|exon|gene|regulatory|transcript	51
chr13	96835553	96835604	ENSG00000185352.10	UTR|exon|gene|regulatory|transcript	51
chr13	24922810	24922861	ENSG00000151849.16	UTR|exon|gene|regulatory|transcript	51
chr13	98959402	98959453	ENSG00000088387.22	UTR|exon|gene|regulatory|transcript	51
chr13	111153737	111153788	ENSG00000102606.20	UTR|exon|gene|regulatory|transcript	51
chr13	44474250	44474301	ENSG00000102804.16	UTR|exon|gene|regulatory|transcript	51
chr13	87671562	87671613	ENSG00000165300.8|ENSG00000228824.8	UTR|exon|gene|regulatory|transcript	51
chr13	27620374	27620425	ENSG00000139517.9	UTR|exon|gene|regulatory|transcript	51
chr13	113453437	113453488	ENSG00000153531.15	UTR|exon|gene|regulatory|transcript	51
chr13	80337705	80337756	ENSG00000136158.12	UTR|exon|gene|regulatory|transcript	51
chr13	45395896	45395947	ENSG00000170919.16|ENSG00000174032.17	UTR|exon|gene|regulatory|transcript	51
chr13	108218250	108218301	ENSG00000174405.15	UTR|exon|gene|regulatory|transcript	51
chr13	27623250	27623301	ENSG00000186184.20	UTR|exon|gene|regulatory|transcript	51
chr13	34942588	34942639	ENSG00000172915.20	UTR|exon|gene|regulatory|transcript	51
chr13	29503206	29503257	ENSG00000132938.22	UTR|exon|gene|regulatory|transcript	51
chr13	110713535	110713586	ENSG00000134905.17|ENSG00000153487.13	UTR|exon|gene|regulatory|transcript	51
chr13	97221509	97221559	ENSG00000139793.21	UTR|exon|gene|regulatory|transcript	50
chr13	48976867	48976917	ENSG00000102531.16	UTR|exon|gene|regulatory|transcript	50
chr13	112979311	112979361	ENSG00000126217.22	UTR|exon|gene|regulatory|transcript	50
chr13	113551336	113551386	ENSG00000150403.18	UTR|exon|gene|regulatory|transcript	50
chr13	51452600	51452650	ENSG00000102786.15|ENSG00000236778.9	UTR|exon|gene|regulatory|transcript	50
chr13	50015443	50015493	ENSG00000198553.9|ENSG00000204977.10|ENSG00000231607.15	UTR|exon|gene|regulatory|transcript	50
chr13	42992180	42992230	ENSG00000133106.15	UTR|exon|gene|regulatory|transcript	50
chr13	108214757	108214807	ENSG00000174405.15	UTR|exon|gene|regulatory|transcript	50
chr13	49792613	49792663	ENSG00000102753.10	UTR|exon|gene|regulatory|transcript	50
chr13	77697686	77697736	ENSG00000139737.23	UTR|exon|gene|regulatory|transcript	50
chr13	25860206	25860256	ENSG00000132932.19	UTR|exon|gene|regulatory|transcript	50
chr13	49401270	49401320	ENSG00000102547.19	UTR|exon|gene|regulatory|transcript	50
chr13	79481154	79481203	ENSG00000102471.16|ENSG00000232132.1	UTR|exon|gene|regulatory|transcript	49
chr13	75804177	75804226	ENSG00000136153.20|ENSG00000261553.5	UTR|exon|gene|regulatory|transcript	49
chr13	46052697	46052746	ENSG00000123200.17|ENSG00000235903.11	UTR|exon|gene|regulatory|transcript	49
chr13	32315314	32315363	ENSG00000139618.18|ENSG00000189167.12	UTR|exon|gene|regulatory|transcript	49
chr13	43919384	43919433	ENSG00000233725.7|ENSG00000281883.1	UTR|exon|gene|regulatory|transcript	49
chr13	99501471	99501520	ENSG00000125304.10	UTR|exon|gene|regulatory|transcript	49
chr13	60396938	60396987	ENSG00000083544.16	UTR|exon|gene|regulatory|transcript	49
chr13	51771862	51771911	ENSG00000102796.12|ENSG00000285444.1	UTR|exon|gene|regulatory|transcript	49
chr13	70107779	70107828	ENSG00000150361.12|ENSG00000230223.8	UTR|exon|gene|regulatory|transcript	49
chr13	37059479	37059528	ENSG00000102710.21	UTR|exon|gene|regulatory|transcript	49
chr13	36346581	36346630	ENSG00000120664.11|ENSG00000133104.14	UTR|exon|gene|regulatory|transcript	49
chr13	60163766	60163815	ENSG00000139734.19	UTR|exon|gene|regulatory|transcript	49
chr13	37869723	37869772	ENSG00000133107.15	UTR|exon|gene|regulatory|transcript	49
chr13	110307083	110307131	ENSG00000134871.19|ENSG00000187498.16	UTR|exon|gene|regulatory|transcript	48
chr13	26222002	26222050	ENSG00000127870.17|ENSG00000277368.2	UTR|exon|gene|regulatory|transcript	48
chr13	44437206	44437254	ENSG00000102804.16|ENSG00000293354.1	UTR|exon|gene|regulatory|transcript	48
chr13	77743056	77743104	ENSG00000139737.23	UTR|exon|gene|regulatory|transcript	48
chr13	23375221	23375269	ENSG00000151835.17	UTR|exon|gene|regulatory|transcript	48
chr13	76948510	76948558	ENSG00000102794.11	UTR|exon|gene|regulatory|transcript	48
chr13	29595640	29595688	ENSG00000139514.13	UTR|exon|gene|regulatory|transcript	48
chr13	98450151	98450198	ENSG00000102572.15|ENSG00000152767.17	UTR|exon|gene|regulatory|transcript	47
chr13	73075886	73075933	ENSG00000102554.14	UTR|exon|gene|regulatory|transcript	47
chr13	102798993	102799040	ENSG00000134901.14	UTR|exon|gene|regulatory|transcript	47
chr13	109786536	109786583	ENSG00000185950.9|ENSG00000275741.1	UTR|exon|gene|regulatory|transcript	47
chr13	95301363	95301410	ENSG00000125257.16	UTR|exon|gene|regulatory|transcript	47
chr13	30932655	30932702	ENSG00000175664.10|ENSG00000224743.7	UTR|exon|gene|regulatory|transcript	47
chr13	28495081	28495128	ENSG00000102755.13	UTR|exon|gene|regulatory|transcript	47
chr13	43879903	43879950	ENSG00000179630.11	UTR|exon|gene|regulatory|transcript	47
chr13	106491705	106491752	ENSG00000125266.8|ENSG00000284966.3	UTR|exon|gene|regulatory|transcript	47
chr13	112068834	112068880	ENSG00000182968.5|ENSG00000224243.2	UTR|exon|gene|regulatory|transcript	46
chr13	44143595	44143641	ENSG00000139656.8|ENSG00000226519.4|ENSG00000227258.7	UTR|exon|gene|regulatory|transcript	46
chr13	113297238	113297284	ENSG00000185896.11	UTR|exon|gene|regulatory|transcript	46
chr13	48976022	48976068	ENSG00000102531.16|ENSG00000275202.1	UTR|exon|gene|regulatory|transcript	46
chr13	110712927	110712973	ENSG00000134905.17|ENSG00000153487.13	UTR|exon|gene|regulatory|transcript	46
chr13	24273091	24273137	ENSG00000182957.16|ENSG00000273167.1	UTR|exon|gene|regulatory|transcript	46
chr13	99971721	99971767	ENSG00000139800.9	UTR|exon|gene|regulatory|transcript	46
chr13	76998742	76998788	ENSG00000005812.11|ENSG00000102805.16|ENSG00000283208.2	UTR|exon|gene|regulatory|transcript	46
chr13	50843646	50843692	ENSG00000176124.15|ENSG00000186047.11	UTR|exon|gene|regulatory|transcript	46
chr13	20703259	20703305	ENSG00000172458.5|ENSG00000278291.1	UTR|exon|gene|regulatory|transcript	46
chr13	87671370	87671416	ENSG00000165300.8|ENSG00000228824.8	UTR|exon|gene|regulatory|transcript	46
chr13	23375118	23375164	ENSG00000151835.17	UTR|exon|gene|regulatory|transcript	46
chr13	35672579	35672624	ENSG00000172915.20	UTR|exon|gene|regulatory|transcript	45
chr13	95246974	95247019	ENSG00000125257.16	UTR|exon|gene|regulatory|transcript	45
chr13	20160889	20160934	ENSG00000121743.4	UTR|exon|gene|regulatory|transcript	45
chr13	35471215	35471260	ENSG00000172915.20	UTR|exon|gene|regulatory|transcript	45
chr13	94634339	94634384	ENSG00000152749.8	UTR|exon|gene|regulatory|transcript	45
chr13	28659829	28659874	ENSG00000132963.9	UTR|exon|gene|regulatory|transcript	45
chr13	30422492	30422537	ENSG00000236444.5	UTR|exon|gene|regulatory|transcript	45
chr13	110307859	110307903	ENSG00000134871.19	UTR|exon|gene|regulatory|transcript	44
chr13	108214674	108214718	ENSG00000174405.15	UTR|exon|gene|regulatory|transcript	44
chr13	36999591	36999635	ENSG00000120697.10|ENSG00000120699.14	UTR|exon|gene|regulatory|transcript	44
chr13	46385254	46385298	ENSG00000102445.20	UTR|exon|gene|regulatory|transcript	44
chr13	41216368	41216412	ENSG00000120662.16|ENSG00000278390.7	UTR|exon|gene|regulatory|transcript	44
chr13	110697917	110697961	ENSG00000134905.17	UTR|exon|gene|regulatory|transcript	44
chr13	99985682	99985726	ENSG00000043355.12	UTR|exon|gene|regulatory|transcript	44
chr13	80340621	80340665	ENSG00000136158.12	UTR|exon|gene|regulatory|transcript	44
chr13	77898147	77898191	ENSG00000136160.17	UTR|exon|gene|regulatory|transcript	44
chr13	42788882	42788926	ENSG00000179813.7	UTR|exon|gene|regulatory|transcript	44
chr13	98577107	98577151	ENSG00000102572.15	UTR|exon|gene|regulatory|transcript	44
chr13	49444813	49444857	ENSG00000136169.17	UTR|exon|gene|regulatory|transcript	44
chr13	106535619	106535662	ENSG00000125266.8	UTR|exon|gene|regulatory|transcript	43
chr13	50949462	50949505	ENSG00000136104.21	UTR|exon|gene|regulatory|transcript	43
chr13	51451421	51451464	ENSG00000102786.15	UTR|exon|gene|regulatory|transcript	43
chr13	52406030	52406073	ENSG00000136114.17	UTR|exon|gene|regulatory|transcript	43
chr13	51763793	51763836	ENSG00000139668.9	UTR|exon|gene|regulatory|transcript	43
chr13	44397312	44397355	ENSG00000151778.11	UTR|exon|gene|regulatory|transcript	43
chr13	42788790	42788833	ENSG00000179813.7	UTR|exon|gene|regulatory|transcript	43
chr13	102799420	102799463	ENSG00000134897.14|ENSG00000270181.3	UTR|exon|gene|regulatory|transcript	43
chr13	102799139	102799182	ENSG00000134897.14|ENSG00000270181.3	UTR|exon|gene|regulatory|transcript	43
chr13	71867161	71867204	ENSG00000276644.5	UTR|exon|gene|regulatory|transcript	43
chr13	44576270	44576313	ENSG00000102804.16|ENSG00000278156.2	UTR|exon|gene|regulatory|transcript	43
chr13	25468924	25468966	ENSG00000132932.19	UTR|exon|gene|regulatory|transcript	42
chr13	32315584	32315626	ENSG00000139618.18	UTR|exon|gene|regulatory|transcript	42
chr13	77698881	77698923	ENSG00000139737.23	UTR|exon|gene|regulatory|transcript	42
chr13	40982857	40982899	ENSG00000120690.16	UTR|exon|gene|regulatory|transcript	42
chr13	70107699	70107741	ENSG00000150361.12|ENSG00000230223.8	UTR|exon|gene|regulatory|transcript	42
chr13	111153646	111153688	ENSG00000102606.20	UTR|exon|gene|regulatory|transcript	42
chr13	52406130	52406172	ENSG00000136114.17	UTR|exon|gene|regulatory|transcript	42
chr13	23570369	23570411	ENSG00000127863.16	UTR|exon|gene|regulatory|transcript	42
chr13	111114876	111114918	ENSG00000102606.20|ENSG00000235875.3	UTR|exon|gene|regulatory|transcript	42
chr13	51587484	51587526	ENSG00000139668.9	UTR|exon|gene|regulatory|transcript	42
chr13	96994651	96994693	ENSG00000165621.9	UTR|exon|gene|regulatory|transcript	42
chr13	98143184	98143226	ENSG00000152767.17	UTR|exon|gene|regulatory|transcript	42
chr13	114235019	114235060	ENSG00000130177.16	UTR|exon|gene|regulatory|transcript	41
chr13	77743015	77743056	ENSG00000139737.23	UTR|exon|gene|regulatory|transcript	41
chr13	33285666	33285707	ENSG00000133121.21	UTR|exon|gene|regulatory|transcript	41
chr13	95234609	95234650	ENSG00000125257.16	UTR|exon|gene|regulatory|transcript	41
chr13	45336831	45336872	ENSG00000133112.17	UTR|exon|gene|regulatory|transcript	41
chr13	43023585	43023626	ENSG00000120675.6	UTR|exon|gene|regulatory|transcript	41
chr13	46679835	46679876	ENSG00000136141.15	UTR|exon|gene|regulatory|transcript	41
chr13	35471519	35471560	ENSG00000172915.20	UTR|exon|gene|regulatory|transcript	41
chr13	24680410	24680451	ENSG00000075673.12	UTR|exon|gene|regulatory|transcript	41
chr13	31161864	31161904	ENSG00000120694.20	UTR|exon|gene|regulatory|transcript	40
chr13	77741159	77741199	ENSG00000139737.23	UTR|exon|gene|regulatory|transcript	40
chr13	51421334	51421374	ENSG00000102786.15	UTR|exon|gene|regulatory|transcript	40
chr13	30465110	30465150	ENSG00000189403.15	UTR|exon|gene|regulatory|transcript	40
chr13	74133889	74133929	ENSG00000118922.19	UTR|exon|gene|regulatory|transcript	40
chr13	40982242	40982282	ENSG00000120690.16	UTR|exon|gene|regulatory|transcript	40
chr13	29850403	29850443	ENSG00000122042.10	UTR|exon|gene|regulatory|transcript	40
chr13	113001713	113001753	ENSG00000126217.22	UTR|exon|gene|regulatory|transcript	40
chr13	102770758	102770798	ENSG00000151287.17	UTR|exon|gene|regulatory|transcript	40
chr13	98022503	98022543	ENSG00000065150.21	UTR|exon|gene|regulatory|transcript	40
chr13	98022028	98022068	ENSG00000065150.21	UTR|exon|gene|regulatory|transcript	40
chr13	100604953	100604993	ENSG00000125247.16	UTR|exon|gene|regulatory|transcript	40
chr13	48412423	48412463	ENSG00000139679.16|ENSG00000139687.16	UTR|exon|gene|regulatory|transcript	40
chr13	45464938	45464978	ENSG00000136152.15	UTR|exon|gene|regulatory|transcript	40
chr13	45615684	45615724	ENSG00000165837.12	UTR|exon|gene|regulatory|transcript	40
chr13	99086585	99086625	ENSG00000088387.22	UTR|exon|gene|regulatory|transcript	40
chr13	99015740	99015780	ENSG00000088387.22	UTR|exon|gene|regulatory|transcript	40
chr13	36301679	36301719	ENSG00000133104.14	UTR|exon|gene|regulatory|transcript	40
chr13	108215483	108215523	ENSG00000174405.15	UTR|exon|gene|regulatory|transcript	40
chr13	114234933	114234972	ENSG00000130177.16	UTR|exon|gene|regulatory|transcript	39
chr13	21140513	21140552	ENSG00000150459.13	UTR|exon|gene|regulatory|transcript	39
chr13	52129028	52129067	ENSG00000197168.14|ENSG00000273523.1	UTR|exon|gene|regulatory|transcript	39
chr13	83881964	83882003	ENSG00000178235.8|ENSG00000285680.2	UTR|exon|gene|regulatory|transcript	39
chr13	46142800	46142839	ENSG00000136167.15|ENSG00000235903.11	UTR|exon|gene|regulatory|transcript	39
chr13	110643916	110643955	ENSG00000134905.17	UTR|exon|gene|regulatory|transcript	39
chr13	99981851	99981890	ENSG00000043355.12	UTR|exon|gene|regulatory|transcript	39
chr13	23979809	23979848	ENSG00000182957.16|ENSG00000228741.2|ENSG00000273167.1	UTR|exon|gene|regulatory|transcript	39
chr13	45418380	45418419	ENSG00000174032.17|ENSG00000251015.1	UTR|exon|gene|regulatory|transcript	39
chr13	102800361	102800400	ENSG00000134897.14|ENSG00000270181.3	UTR|exon|gene|regulatory|transcript	39
chr13	76884092	76884131	ENSG00000178695.6	UTR|exon|gene|regulatory|transcript	39
chr13	32031515	32031554	ENSG00000073910.23|ENSG00000237637.1	UTR|exon|gene|regulatory|transcript	39
chr13	39601312	39601351	ENSG00000183722.9	UTR|exon|gene|regulatory|transcript	39
chr13	49444015	49444053	ENSG00000102547.19	UTR|exon|gene|regulatory|transcript	38
chr13	37636864	37636902	ENSG00000133107.15	UTR|exon|gene|regulatory|transcript	38
chr13	97976631	97976669	ENSG00000065150.21	UTR|exon|gene|regulatory|transcript	38
chr13	29849538	29849576	ENSG00000122042.10	UTR|exon|gene|regulatory|transcript	38
chr13	20773920	20773958	ENSG00000150456.11	UTR|exon|gene|regulatory|transcript	38
chr13	23433645	23433683	ENSG00000151835.17	UTR|exon|gene|regulatory|transcript	38
chr13	102845866	102845904	ENSG00000134899.24|ENSG00000270181.3	UTR|exon|gene|regulatory|transcript	38
chr13	113667218	113667256	ENSG00000185974.7	UTR|exon|gene|regulatory|transcript	38
chr13	23433702	23433740	ENSG00000151835.17	UTR|exon|gene|regulatory|transcript	38
chr13	99201184	99201222	ENSG00000134882.16	UTR|exon|gene|regulatory|transcript	38
chr13	48037904	48037942	ENSG00000136143.16|ENSG00000136159.4	UTR|exon|gene|regulatory|transcript	38
chr13	21459265	21459303	ENSG00000180776.17	UTR|exon|gene|regulatory|transcript	38
chr13	44576208	44576246	ENSG00000102804.16|ENSG00000278156.2	UTR|exon|gene|regulatory|transcript	38
chr13	30307356	30307394	ENSG00000102781.14	UTR|exon|gene|regulatory|transcript	38
chr13	50910012	50910050	ENSG00000136104.21|ENSG00000233672.9	UTR|exon|gene|regulatory|transcript	38
chr13	39038390	39038428	ENSG00000188811.14	UTR|exon|gene|regulatory|transcript	38
chr13	25468840	25468878	ENSG00000132932.19	UTR|exon|gene|regulatory|transcript	38
chr13	110191587	110191625	ENSG00000187498.16	UTR|exon|gene|regulatory|transcript	38
chr13	100235841	100235878	ENSG00000175198.17	UTR|exon|gene|regulatory|transcript	37
chr13	44437254	44437291	ENSG00000102804.16|ENSG00000293354.1	UTR|exon|gene|regulatory|transcript	37
chr13	77027085	77027122	ENSG00000005812.11|ENSG00000236051.7|ENSG00000283208.2	UTR|exon|gene|regulatory|transcript	37
chr13	19863612	19863649	ENSG00000132950.19	UTR|exon|gene|regulatory|transcript	37
chr13	77027122	77027159	ENSG00000005812.11|ENSG00000236051.7|ENSG00000283208.2	UTR|exon|gene|regulatory|transcript	37
chr13	31846712	31846749	ENSG00000073910.23	UTR|exon|gene|regulatory|transcript	37
chr13	113044687	113044724	ENSG00000126217.22	UTR|exon|gene|regulatory|transcript	37
chr13	25543303	25543340	ENSG00000132932.19	UTR|exon|gene|regulatory|transcript	37
chr13	113208715	113208752	ENSG00000139842.15	UTR|exon|gene|regulatory|transcript	37
chr13	37002272	37002309	ENSG00000120699.14	UTR|exon|gene|regulatory|transcript	37
chr13	113553401	113553438	ENSG00000150403.18	UTR|exon|gene|regulatory|transcript	37
chr13	112968499	112968536	ENSG00000126217.22|ENSG00000235280.2	UTR|exon|gene|regulatory|transcript	37
chr13	114234896	114234933	ENSG00000130177.16	UTR|exon|gene|regulatory|transcript	37
chr13	27621904	27621941	ENSG00000186184.20	UTR|exon|gene|regulatory|transcript	37
chr13	113815142	113815179	ENSG00000184497.13	UTR|exon|gene|regulatory|transcript	37
chr13	48232611	48232647	ENSG00000136156.15	UTR|exon|gene|regulatory|transcript	36
chr13	27621104	27621140	ENSG00000186184.20	UTR|exon|gene|regulatory|transcript	36
chr13	52455971	52456007	ENSG00000136108.15	UTR|exon|gene|regulatory|transcript	36
chr13	28659883	28659919	ENSG00000132963.9	UTR|exon|gene|regulatory|transcript	36
chr13	60397219	60397255	ENSG00000083544.16	UTR|exon|gene|regulatory|transcript	36
chr13	113403341	113403377	ENSG00000153531.15	UTR|exon|gene|regulatory|transcript	36
chr13	77326988	77327024	ENSG00000005810.20	UTR|exon|gene|regulatory|transcript	36
chr13	19958735	19958771	ENSG00000121741.17	UTR|exon|gene|regulatory|transcript	36
chr13	50910522	50910558	ENSG00000136104.21|ENSG00000233672.9	UTR|exon|gene|regulatory|transcript	36
chr13	77027159	77027195	ENSG00000005812.11|ENSG00000236051.7|ENSG00000283208.2	UTR|exon|gene|regulatory|transcript	36
chr13	45341086	45341122	ENSG00000133112.17|ENSG00000273149.1	UTR|exon|gene|regulatory|transcript	36
chr13	37059650	37059686	ENSG00000102710.21	UTR|exon|gene|regulatory|transcript	36
chr13	39037242	39037278	ENSG00000120685.20	UTR|exon|gene|regulatory|transcript	36
chr13	41568099	41568134	ENSG00000102763.18|ENSG00000288598.2	UTR|exon|gene|regulatory|transcript	35
chr13	44989436	44989471	ENSG00000083635.8|ENSG00000223732.2	UTR|exon|gene|regulatory|transcript	35
chr13	36346394	36346429	ENSG00000133104.14	UTR|exon|gene|regulatory|transcript	35
chr13	102798941	102798976	ENSG00000134901.14	UTR|exon|gene|regulatory|transcript	35
chr13	77741218	77741253	ENSG00000139737.23	UTR|exon|gene|regulatory|transcript	35
chr13	51970491	51970526	ENSG00000123191.17	UTR|exon|gene|regulatory|transcript	35
chr13	77535723	77535758	ENSG00000136155.17	UTR|exon|gene|regulatory|transcript	35
chr13	61415849	61415884	ENSG00000197991.11	UTR|exon|gene|regulatory|transcript	35
chr13	110713699	110713734	ENSG00000153487.13	UTR|exon|gene|regulatory|transcript	35
chr13	75636622	75636657	ENSG00000136153.20|ENSG00000261553.5	UTR|exon|gene|regulatory|transcript	35
chr13	25169568	25169603	ENSG00000165566.13|ENSG00000238169.2	UTR|exon|gene|regulatory|transcript	35
chr13	44989619	44989654	ENSG00000133114.18|ENSG00000223732.2	UTR|exon|gene|regulatory|transcript	35
chr13	78659120	78659155	ENSG00000152193.8	UTR|exon|gene|regulatory|transcript	35
chr13	25317797	25317832	ENSG00000139496.18	UTR|exon|gene|regulatory|transcript	35
chr13	70108452	70108487	ENSG00000150361.12|ENSG00000230223.8	UTR|exon|gene|regulatory|transcript	35
chr13	72782314	72782349	ENSG00000083535.16	UTR|exon|gene|regulatory|transcript	35
chr13	77919031	77919065	ENSG00000136160.17	UTR|exon|gene|regulatory|transcript	34
chr13	20413281	20413315	ENSG00000165475.15	UTR|exon|gene|regulatory|transcript	34
chr13	32428144	32428178	ENSG00000139597.18|ENSG00000270008.1	UTR|exon|gene|regulatory|transcript	34
chr13	49496448	49496482	ENSG00000136147.18	UTR|exon|gene|regulatory|transcript	34
chr13	40666530	40666564	ENSG00000150907.10	UTR|exon|gene|regulatory|transcript	34
chr13	51804123	51804157	ENSG00000102796.12|ENSG00000231856.4|ENSG00000285444.1	UTR|exon|gene|regulatory|transcript	34
chr13	52011590	52011624	ENSG00000123191.17	UTR|exon|gene|regulatory|transcript	34
chr13	30306822	30306856	ENSG00000102781.14	UTR|exon|gene|regulatory|transcript	34
chr13	87671416	87671450	ENSG00000165300.8|ENSG00000228824.8	UTR|exon|gene|regulatory|transcript	34
chr13	100675059	100675093	ENSG00000125247.16|ENSG00000289594.1	UTR|exon|gene|regulatory|transcript	34
chr13	111115235	111115269	ENSG00000102606.20|ENSG00000235875.3	UTR|exon|gene|regulatory|transcript	34
chr13	79406221	79406255	ENSG00000139746.16	UTR|exon|gene|regulatory|transcript	34
chr13	112886113	112886147	ENSG00000068650.19	UTR|exon|gene|regulatory|transcript	34
chr13	99501018	99501052	ENSG00000125304.10|ENSG00000203441.2	UTR|exon|gene|regulatory|transcript	34
chr13	31846803	31846837	ENSG00000073910.23	UTR|exon|gene|regulatory|transcript	34
chr13	41311453	41311486	ENSG00000172766.19	UTR|exon|gene|regulatory|transcript	33
chr13	44474217	44474250	ENSG00000102804.16	UTR|exon|gene|regulatory|transcript	33
chr13	50909879	50909912	ENSG00000136104.21|ENSG00000233672.9	UTR|exon|gene|regulatory|transcript	33
chr13	49996502	49996535	ENSG00000204977.10|ENSG00000231607.15	UTR|exon|gene|regulatory|transcript	33
chr13	110242701	110242734	ENSG00000187498.16	UTR|exon|gene|regulatory|transcript	33
chr13	75760366	75760399	ENSG00000136153.20|ENSG00000261553.5	UTR|exon|gene|regulatory|transcript	33
chr13	26254128	26254161	ENSG00000132964.13	UTR|exon|gene|regulatory|transcript	33
chr13	110615889	110615922	ENSG00000213995.12|ENSG00000275880.1	UTR|exon|gene|regulatory|transcript	33
chr13	61410724	61410757	ENSG00000197991.11|ENSG00000280165.2	UTR|exon|gene|regulatory|transcript	33
chr13	45341122	45341155	ENSG00000133112.17|ENSG00000273149.1	UTR|exon|gene|regulatory|transcript	33
chr13	111205288	111205321	ENSG00000102606.20	UTR|exon|gene|regulatory|transcript	33
chr13	27963081	27963114	ENSG00000165556.10	UTR|exon|gene|regulatory|transcript	33
chr13	99200853	99200886	ENSG00000134882.16	UTR|exon|gene|regulatory|transcript	33
chr13	113208835	113208868	ENSG00000139842.15	UTR|exon|gene|regulatory|transcript	33
chr13	75364600	75364633	ENSG00000136111.14	UTR|exon|gene|regulatory|transcript	33
chr13	35474917	35474949	ENSG00000172915.20|ENSG00000180660.9	UTR|exon|gene|regulatory|transcript	32
chr13	113495549	113495581	ENSG00000150403.18	UTR|exon|gene|regulatory|transcript	32
chr13	77918799	77918831	ENSG00000136160.17	UTR|exon|gene|regulatory|transcript	32
chr13	36214556	36214588	ENSG00000120669.16|ENSG00000250709.1	UTR|exon|gene|regulatory|transcript	32
chr13	113549653	113549685	ENSG00000150403.18	UTR|exon|gene|regulatory|transcript	32
chr13	43786651	43786683	ENSG00000120658.14	UTR|exon|gene|regulatory|transcript	32
chr13	110915037	110915069	ENSG00000088448.14	UTR|exon|gene|regulatory|transcript	32
chr13	114304917	114304949	ENSG00000169062.15	UTR|exon|gene|regulatory|transcript	32
chr13	20721954	20721986	ENSG00000172458.5	UTR|exon|gene|regulatory|transcript	32
chr13	77535673	77535705	ENSG00000136155.17	UTR|exon|gene|regulatory|transcript	32
chr13	110307356	110307388	ENSG00000134871.19	UTR|exon|gene|regulatory|transcript	32
chr13	24764168	24764200	ENSG00000132972.19	UTR|exon|gene|regulatory|transcript	32
chr13	113105806	113105838	ENSG00000057593.14	UTR|exon|gene|regulatory|transcript	32
chr13	110447516	110447548	ENSG00000134871.19	UTR|exon|gene|regulatory|transcript	32
chr13	36920117	36920149	ENSG00000120693.15	UTR|exon|gene|regulatory|transcript	32
chr13	75482082	75482114	ENSG00000136111.14	UTR|exon|gene|regulatory|transcript	32
chr13	25301523	25301555	ENSG00000139496.18	UTR|exon|gene|regulatory|transcript	32
chr13	60013178	60013209	ENSG00000139734.19|ENSG00000227528.6	UTR|exon|gene|regulatory|transcript	31
chr13	113001753	113001784	ENSG00000126217.22	UTR|exon|gene|regulatory|transcript	31
chr13	100674743	100674774	ENSG00000125247.16	UTR|exon|gene|regulatory|transcript	31
chr13	110915006	110915037	ENSG00000088448.14	UTR|exon|gene|regulatory|transcript	31
chr13	44434535	44434566	ENSG00000102804.16	UTR|exon|gene|regulatory|transcript	31
chr13	110615559	110615590	ENSG00000213995.12|ENSG00000275880.1	UTR|exon|gene|regulatory|transcript	31
chr13	44437175	44437206	ENSG00000102804.16|ENSG00000293354.1	UTR|exon|gene|regulatory|transcript	31
chr13	46340377	46340408	ENSG00000102445.20	UTR|exon|gene|regulatory|transcript	31
chr13	52011411	52011442	ENSG00000123191.17	UTR|exon|gene|regulatory|transcript	31
chr13	51934603	51934634	ENSG00000123191.17	UTR|exon|gene|regulatory|transcript	31
chr13	37636811	37636842	ENSG00000133107.15	UTR|exon|gene|regulatory|transcript	31
chr13	113584752	113584783	ENSG00000198176.13	UTR|exon|gene|regulatory|transcript	31
chr13	106492878	106492909	ENSG00000125266.8|ENSG00000284966.3	UTR|exon|gene|regulatory|transcript	31
chr13	20525826	20525857	ENSG00000165475.15	UTR|exon|gene|regulatory|transcript	31
chr13	35672641	35672671	ENSG00000172915.20	UTR|exon|gene|regulatory|transcript	30
chr13	113759239	113759269	ENSG00000184497.13	UTR|exon|gene|regulatory|transcript	30
chr13	113658168	113658198	ENSG00000186009.5	UTR|exon|gene|regulatory|transcript	30
chr13	108596151	108596181	ENSG00000041515.16	UTR|exon|gene|regulatory|transcript	30
chr13	91398620	91398650	ENSG00000179399.16	UTR|exon|gene|regulatory|transcript	30
chr13	37869772	37869802	ENSG00000133107.15	UTR|exon|gene|regulatory|transcript	30
chr13	75549790	75549820	ENSG00000118939.19|ENSG00000261553.5	UTR|exon|gene|regulatory|transcript	30
chr13	33818148	33818178	ENSG00000133119.13	UTR|exon|gene|regulatory|transcript	30
chr13	102845904	102845934	ENSG00000134899.24|ENSG00000270181.3	UTR|exon|gene|regulatory|transcript	30
chr13	49247946	49247976	ENSG00000102543.14	UTR|exon|gene|regulatory|transcript	30
chr13	27171701	27171731	ENSG00000152484.14	UTR|exon|gene|regulatory|transcript	30
chr13	27622844	27622874	ENSG00000186184.20	UTR|exon|gene|regulatory|transcript	30
chr13	35672690	35672720	ENSG00000172915.20	UTR|exon|gene|regulatory|transcript	30
chr13	43786908	43786938	ENSG00000120658.14|ENSG00000287029.1	UTR|exon|gene|regulatory|transcript	30
chr13	108218301	108218331	ENSG00000174405.15	UTR|exon|gene|regulatory|transcript	30
chr13	36214526	36214556	ENSG00000120669.16|ENSG00000250709.1	UTR|exon|gene|regulatory|transcript	30
chr13	42320431	42320461	ENSG00000023516.9	UTR|exon|gene|regulatory|transcript	30
chr13	36346283	36346313	ENSG00000133104.14	UTR|exon|gene|regulatory|transcript	30
chr13	49401495	49401525	ENSG00000102547.19	UTR|exon|gene|regulatory|transcript	30
chr13	114222600	114222629	ENSG00000283361.3	UTR|exon|gene|regulatory|transcript	29
chr13	26221781	26221810	ENSG00000127870.17	UTR|exon|gene|regulatory|transcript	29
chr13	23375514	23375543	ENSG00000151835.17	UTR|exon|gene|regulatory|transcript	29
chr13	112068917	112068946	ENSG00000182968.5|ENSG00000224243.2	UTR|exon|gene|regulatory|transcript	29
chr13	112546481	112546510	ENSG00000126216.15	UTR|exon|gene|regulatory|transcript	29
chr13	46797104	46797133	ENSG00000139684.15	UTR|exon|gene|regulatory|transcript	29
chr13	48233218	48233247	ENSG00000136156.15	UTR|exon|gene|regulatory|transcript	29
chr13	111153962	111153991	ENSG00000102606.20	UTR|exon|gene|regulatory|transcript	29
chr13	33285707	33285736	ENSG00000133121.21	UTR|exon|gene|regulatory|transcript	29
chr13	40666612	40666641	ENSG00000150907.10	UTR|exon|gene|regulatory|transcript	29
chr13	46387457	46387486	ENSG00000102445.20	UTR|exon|gene|regulatory|transcript	29
chr13	29428679	29428708	ENSG00000132938.22	UTR|exon|gene|regulatory|transcript	29
chr13	42969093	42969122	ENSG00000133106.15	UTR|exon|gene|regulatory|transcript	29
chr13	70107741	70107770	ENSG00000150361.12|ENSG00000230223.8	UTR|exon|gene|regulatory|transcript	29
chr13	32315116	32315145	ENSG00000139618.18|ENSG00000189167.12	UTR|exon|gene|regulatory|transcript	29
chr13	35472507	35472536	ENSG00000172915.20	UTR|exon|gene|regulatory|transcript	29
chr13	46437959	46437988	ENSG00000102445.20|ENSG00000241353.3	UTR|exon|gene|regulatory|transcript	29
chr13	52455438	52455466	ENSG00000136108.15	UTR|exon|gene|regulatory|transcript	28
chr13	46797133	46797161	ENSG00000139684.15	UTR|exon|gene|regulatory|transcript	28
chr13	112690328	112690356	ENSG00000068650.19	UTR|exon|gene|regulatory|transcript	28
chr13	52450594	52450622	ENSG00000136100.14	UTR|exon|gene|regulatory|transcript	28
chr13	100533774	100533802	ENSG00000134864.11	UTR|exon|gene|regulatory|transcript	28
chr13	51771210	51771238	ENSG00000102796.12|ENSG00000285444.1	UTR|exon|gene|regulatory|transcript	28
chr13	24922861	24922889	ENSG00000151849.16	UTR|exon|gene|regulatory|transcript	28
chr13	101399126	101399154	ENSG00000102452.18	UTR|exon|gene|regulatory|transcript	28
chr13	46553171	46553199	ENSG00000136141.15	UTR|exon|gene|regulatory|transcript	28
chr13	70108326	70108354	ENSG00000150361.12|ENSG00000230223.8	UTR|exon|gene|regulatory|transcript	28
chr13	41263510	41263538	ENSG00000120662.16	UTR|exon|gene|regulatory|transcript	28
chr13	91398731	91398759	ENSG00000179399.16	UTR|exon|gene|regulatory|transcript	28
chr13	20231381	20231409	ENSG00000121742.19	UTR|exon|gene|regulatory|transcript	28
chr13	44433170	44433197	ENSG00000102804.16	UTR|exon|gene|regulatory|transcript	27
chr13	46182177	46182204	ENSG00000136167.15	UTR|exon|gene|regulatory|transcript	27
chr13	61415740	61415767	ENSG00000197991.11|ENSG00000280165.2	UTR|exon|gene|regulatory|transcript	27
chr13	97222504	97222531	ENSG00000139793.21	UTR|exon|gene|regulatory|transcript	27
chr13	73059004	73059031	ENSG00000102554.14	UTR|exon|gene|regulatory|transcript	27
chr13	44161144	44161171	ENSG00000139656.8|ENSG00000227258.7	UTR|exon|gene|regulatory|transcript	27
chr13	43908683	43908710	ENSG00000233725.7|ENSG00000281883.1	UTR|exon|gene|regulatory|transcript	27
chr13	72727602	72727629	ENSG00000204899.6	UTR|exon|gene|regulatory|transcript	27
chr13	108215159	108215186	ENSG00000174405.15	UTR|exon|gene|regulatory|transcript	27
chr13	48095104	48095131	ENSG00000136146.15	UTR|exon|gene|regulatory|transcript	27
chr13	36302554	36302581	ENSG00000133104.14	UTR|exon|gene|regulatory|transcript	27
chr13	27251596	27251623	ENSG00000122026.11	UTR|exon|gene|regulatory|transcript	27
chr13	28659064	28659091	ENSG00000132963.9|ENSG00000289569.1	UTR|exon|gene|regulatory|transcript	27
chr13	24922783	24922810	ENSG00000151849.16	UTR|exon|gene|regulatory|transcript	27
chr13	20232096	20232123	ENSG00000121742.19	UTR|exon|gene|regulatory|transcript	27
chr13	102773759	102773786	ENSG00000151287.17	UTR|exon|gene|regulatory|transcript	27
chr13	113044661	113044687	ENSG00000126217.22	UTR|exon|gene|regulatory|transcript	26
chr13	87678681	87678707	ENSG00000165300.8	UTR|exon|gene|regulatory|transcript	26
chr13	30307000	30307026	ENSG00000102781.14	UTR|exon|gene|regulatory|transcript	26
chr13	44989537	44989563	ENSG00000133114.18|ENSG00000223732.2	UTR|exon|gene|regulatory|transcript	26
chr13	76992826	76992852	ENSG00000005812.11|ENSG00000102805.16|ENSG00000283208.2	UTR|exon|gene|regulatory|transcript	26
chr13	101144870	101144896	ENSG00000102452.18	UTR|exon|gene|regulatory|transcript	26
chr13	43880959	43880985	ENSG00000179630.11	UTR|exon|gene|regulatory|transcript	26
chr13	48095078	48095104	ENSG00000136146.15	UTR|exon|gene|regulatory|transcript	26
chr13	48037942	48037968	ENSG00000136143.16|ENSG00000136159.4	UTR|exon|gene|regulatory|transcript	26
chr13	110307131	110307157	ENSG00000134871.19|ENSG00000187498.16	UTR|exon|gene|regulatory|transcript	26
chr13	102845840	102845866	ENSG00000134899.24|ENSG00000270181.3	UTR|exon|gene|regulatory|transcript	26
chr13	45395947	45395973	ENSG00000170919.16|ENSG00000174032.17	UTR|exon|gene|regulatory|transcript	26
chr13	45336872	45336898	ENSG00000133112.17	UTR|exon|gene|regulatory|transcript	26
chr13	26254103	26254128	ENSG00000132964.13	UTR|exon|gene|regulatory|transcript	25
chr13	19782917	19782942	ENSG00000121390.19	UTR|exon|gene|regulatory|transcript	25
chr13	45341158	45341183	ENSG00000133112.17|ENSG00000273149.1	UTR|exon|gene|regulatory|transcript	25
chr13	21459303	21459328	ENSG00000180776.17	UTR|exon|gene|regulatory|transcript	25
chr13	31945925	31945950	ENSG00000073910.23	UTR|exon|gene|regulatory|transcript	25
chr13	26401599	26401624	ENSG00000132964.13	UTR|exon|gene|regulatory|transcript	25
chr13	102773786	102773811	ENSG00000151287.17	UTR|exon|gene|regulatory|transcript	25
chr13	108218161	108218186	ENSG00000174405.15	UTR|exon|gene|regulatory|transcript	25
chr13	48232673	48232698	ENSG00000136156.15	UTR|exon|gene|regulatory|transcript	25
chr13	113210063	113210088	ENSG00000139842.15	UTR|exon|gene|regulatory|transcript	25
chr13	107866929	107866954	ENSG00000204442.4	UTR|exon|gene|regulatory|transcript	25
chr13	35472374	35472399	ENSG00000172915.20	UTR|exon|gene|regulatory|transcript	25
chr13	35471264	35471289	ENSG00000172915.20	UTR|exon|gene|regulatory|transcript	25
chr13	108215323	108215348	ENSG00000174405.15	UTR|exon|gene|regulatory|transcript	25
chr13	114281602	114281627	ENSG00000169062.15	UTR|exon|gene|regulatory|transcript	25
chr13	32538752	32538777	ENSG00000244754.9	UTR|exon|gene|regulatory|transcript	25
chr13	20232340	20232365	ENSG00000121742.19	UTR|exon|gene|regulatory|transcript	25
chr13	99981925	99981950	ENSG00000043355.12	UTR|exon|gene|regulatory|transcript	25
chr13	60397285	60397310	ENSG00000083544.16	UTR|exon|gene|regulatory|transcript	25
chr13	99986740	99986765	ENSG00000043355.12	UTR|exon|gene|regulatory|transcript	25
chr13	110643955	110643980	ENSG00000134905.17	UTR|exon|gene|regulatory|transcript	25
chr13	111153688	111153713	ENSG00000102606.20	UTR|exon|gene|regulatory|transcript	25
chr13	52011366	52011391	ENSG00000123191.17	UTR|exon|gene|regulatory|transcript	25
chr13	35855642	35855667	ENSG00000133083.15	UTR|exon|gene|regulatory|transcript	25
chr13	100533537	100533562	ENSG00000134864.11	UTR|exon|gene|regulatory|transcript	25
chr13	72781900	72781925	ENSG00000083520.15	UTR|exon|gene|regulatory|transcript	25
chr13	98143097	98143121	ENSG00000152767.17	UTR|exon|gene|regulatory|transcript	24
chr13	48303750	48303774	ENSG00000139687.16	UTR|exon|gene|regulatory|transcript	24
chr13	28717998	28718022	ENSG00000139508.15	UTR|exon|gene|regulatory|transcript	24
chr13	27424637	27424661	ENSG00000122034.17	UTR|exon|gene|regulatory|transcript	24
chr13	37598726	37598750	ENSG00000133110.15	UTR|exon|gene|regulatory|transcript	24
chr13	113208669	113208693	ENSG00000126226.22|ENSG00000139842.15	UTR|exon|gene|regulatory|transcript	24
chr13	39655626	39655650	ENSG00000133103.17	UTR|exon|gene|regulatory|transcript	24
chr13	95301451	95301475	ENSG00000125257.16	UTR|exon|gene|regulatory|transcript	24
chr13	113178173	113178197	ENSG00000126226.22	UTR|exon|gene|regulatory|transcript	24
chr13	44576246	44576270	ENSG00000102804.16|ENSG00000278156.2	UTR|exon|gene|regulatory|transcript	24
chr13	110713252	110713276	ENSG00000134905.17|ENSG00000153487.13	UTR|exon|gene|regulatory|transcript	24
chr13	53028812	53028836	ENSG00000102837.7	UTR|exon|gene|regulatory|transcript	24
chr13	41061416	41061440	ENSG00000120690.16	UTR|exon|gene|regulatory|transcript	24
chr13	52406172	52406196	ENSG00000136114.17	UTR|exon|gene|regulatory|transcript	24
chr13	36879851	36879875	ENSG00000120693.15	UTR|exon|gene|regulatory|transcript	24
chr13	77327070	77327094	ENSG00000005810.20	UTR|exon|gene|regulatory|transcript	24
chr13	50910249	50910273	ENSG00000136104.21|ENSG00000233672.9	UTR|exon|gene|regulatory|transcript	24
chr13	26221810	26221834	ENSG00000127870.17	UTR|exon|gene|regulatory|transcript	24
chr13	32060863	32060887	ENSG00000073910.23	UTR|exon|gene|regulatory|transcript	24
chr13	37002248	37002272	ENSG00000120699.14	UTR|exon|gene|regulatory|transcript	24
chr13	39603193	39603216	ENSG00000183722.9	UTR|exon|gene|regulatory|transcript	23
chr13	103066394	103066417	ENSG00000125255.7	UTR|exon|gene|regulatory|transcript	23
chr13	31161904	31161927	ENSG00000120694.20	UTR|exon|gene|regulatory|transcript	23
chr13	67229779	67229802	ENSG00000184226.15	UTR|exon|gene|regulatory|transcript	23
chr13	28659103	28659126	ENSG00000132963.9	UTR|exon|gene|regulatory|transcript	23
chr13	110643980	110644003	ENSG00000134905.17	UTR|exon|gene|regulatory|transcript	23
chr13	30713477	30713500	ENSG00000132965.10	UTR|exon|gene|regulatory|transcript	23
chr13	30906270	30906293	ENSG00000102802.10|ENSG00000224743.7	UTR|exon|gene|regulatory|transcript	23
chr13	102800712	102800735	ENSG00000134897.14|ENSG00000270181.3	UTR|exon|gene|regulatory|transcript	23
chr13	20729056	20729079	ENSG00000150456.11	UTR|exon|gene|regulatory|transcript	23
chr13	95301410	95301433	ENSG00000125257.16	UTR|exon|gene|regulatory|transcript	23
chr13	51452992	51453015	ENSG00000102786.15|ENSG00000236778.9	UTR|exon|gene|regulatory|transcript	23
chr13	52159560	52159583	ENSG00000136098.18	UTR|exon|gene|regulatory|transcript	23
chr13	113551539	113551562	ENSG00000150403.18	UTR|exon|gene|regulatory|transcript	23
chr13	52136232	52136255	ENSG00000136098.18	UTR|exon|gene|regulatory|transcript	23
chr13	23433614	23433637	ENSG00000151835.17	UTR|exon|gene|regulatory|transcript	23
chr13	49691463	49691486	ENSG00000123179.14	UTR|exon|gene|regulatory|transcript	23
chr13	46897053	46897076	ENSG00000102468.11	UTR|exon|gene|regulatory|transcript	23
chr13	28659148	28659171	ENSG00000132963.9	UTR|exon|gene|regulatory|transcript	23
chr13	48521939	48521962	ENSG00000136161.13|ENSG00000139687.16	UTR|exon|gene|regulatory|transcript	23
chr13	32031773	32031795	ENSG00000073910.23	UTR|exon|gene|regulatory|transcript	22
chr13	30465914	30465936	ENSG00000189403.15	UTR|exon|gene|regulatory|transcript	22
chr13	101116443	101116465	ENSG00000102452.18	UTR|exon|gene|regulatory|transcript	22
chr13	46387151	46387173	ENSG00000102445.20	UTR|exon|gene|regulatory|transcript	22
chr13	51452769	51452791	ENSG00000102786.15|ENSG00000236778.9	UTR|exon|gene|regulatory|transcript	22
chr13	95677157	95677179	ENSG00000102580.15	UTR|exon|gene|regulatory|transcript	22
chr13	113208693	113208715	ENSG00000126226.22|ENSG00000139842.15	UTR|exon|gene|regulatory|transcript	22
chr13	37636842	37636864	ENSG00000133107.15	UTR|exon|gene|regulatory|transcript	22
chr13	61415472	61415494	ENSG00000197991.11|ENSG00000280165.2	UTR|exon|gene|regulatory|transcript	22
chr13	50909790	50909812	ENSG00000136104.21|ENSG00000233672.9	UTR|exon|gene|regulatory|transcript	22
chr13	97222332	97222354	ENSG00000139793.21	UTR|exon|gene|regulatory|transcript	22
chr13	72781832	72781854	ENSG00000083520.15	UTR|exon|gene|regulatory|transcript	22
chr13	41263547	41263569	ENSG00000120662.16	UTR|exon|gene|regulatory|transcript	22
chr13	36920216	36920238	ENSG00000120693.15	UTR|exon|gene|regulatory|transcript	22
chr13	52127482	52127504	ENSG00000197168.14	UTR|exon|gene|regulatory|transcript	22
chr13	25287488	25287510	ENSG00000139505.13	UTR|exon|gene|regulatory|transcript	22
chr13	32538637	32538658	ENSG00000244754.9	UTR|exon|gene|regulatory|transcript	21
chr13	32432869	32432890	ENSG00000244754.9|ENSG00000270008.1	UTR|exon|gene|regulatory|transcript	21
chr13	20232319	20232340	ENSG00000121742.19	UTR|exon|gene|regulatory|transcript	21
chr13	41470485	41470506	ENSG00000102760.13	UTR|exon|gene|regulatory|transcript	21
chr13	40789642	40789663	ENSG00000102743.16	UTR|exon|gene|regulatory|transcript	21
chr13	72781879	72781900	ENSG00000083520.15	UTR|exon|gene|regulatory|transcript	21
chr13	100089099	100089120	ENSG00000175198.17	UTR|exon|gene|regulatory|transcript	21
chr13	100588740	100588761	ENSG00000134864.11	UTR|exon|gene|regulatory|transcript	21
chr13	46182204	46182225	ENSG00000136167.15	UTR|exon|gene|regulatory|transcript	21
chr13	51453015	51453036	ENSG00000102786.15|ENSG00000236778.9	UTR|exon|gene|regulatory|transcript	21
chr13	51222376	51222397	ENSG00000150510.17	UTR|exon|gene|regulatory|transcript	21
chr13	37869702	37869723	ENSG00000133107.15	UTR|exon|gene|regulatory|transcript	21
chr13	102798920	102798941	ENSG00000134901.14	UTR|exon|gene|regulatory|transcript	21
chr13	51452971	51452992	ENSG00000102786.15|ENSG00000236778.9	UTR|exon|gene|regulatory|transcript	21
chr13	75537805	75537826	ENSG00000188243.14	UTR|exon|gene|regulatory|transcript	21
chr13	48037725	48037746	ENSG00000136143.16|ENSG00000136159.4	UTR|exon|gene|regulatory|transcript	21
chr13	36433035	36433056	ENSG00000133101.10	UTR|exon|gene|regulatory|transcript	21
chr13	100674774	100674795	ENSG00000125247.16	UTR|exon|gene|regulatory|transcript	21
chr13	36431519	36431540	ENSG00000133101.10	UTR|exon|gene|regulatory|transcript	21
chr13	111115505	111115526	ENSG00000102606.20|ENSG00000235875.3	UTR|exon|gene|regulatory|transcript	21
chr13	36346777	36346797	ENSG00000120664.11|ENSG00000133104.14	UTR|exon|gene|regulatory|transcript	20
chr13	110634575	110634595	ENSG00000213995.12	UTR|exon|gene|regulatory|transcript	20
chr13	110523065	110523085	ENSG00000139832.5	UTR|exon|gene|regulatory|transcript	20
chr13	36674164	36674184	ENSG00000180440.4	UTR|exon|gene|regulatory|transcript	20
chr13	23288688	23288708	ENSG00000102683.8|ENSG00000151835.17	UTR|exon|gene|regulatory|transcript	20
chr13	97953693	97953713	ENSG00000065150.21	UTR|exon|gene|regulatory|transcript	20
chr13	28659595	28659615	ENSG00000132963.9	UTR|exon|gene|regulatory|transcript	20
chr13	108596181	108596201	ENSG00000041515.16	UTR|exon|gene|regulatory|transcript	20
chr13	25171892	25171912	ENSG00000165566.13|ENSG00000238169.2	UTR|exon|gene|regulatory|transcript	20
chr13	98978064	98978084	ENSG00000088387.22	UTR|exon|gene|regulatory|transcript	20
chr13	51932683	51932703	ENSG00000123191.17	UTR|exon|gene|regulatory|transcript	20
chr13	23579359	23579379	ENSG00000127863.16	UTR|exon|gene|regulatory|transcript	20
chr13	46071967	46071987	ENSG00000080618.17|ENSG00000235903.11	UTR|exon|gene|regulatory|transcript	20
chr13	26025831	26025851	ENSG00000132932.19	UTR|exon|gene|regulatory|transcript	20
chr13	95609456	95609476	ENSG00000134874.18	UTR|exon|gene|regulatory|transcript	20
chr13	27251830	27251850	ENSG00000122026.11	UTR|exon|gene|regulatory|transcript	20
chr13	44373664	44373684	ENSG00000151778.11	UTR|exon|gene|regulatory|transcript	20
chr13	26557682	26557702	ENSG00000132970.14	UTR|exon|gene|regulatory|transcript	20
chr13	102799182	102799202	ENSG00000134897.14|ENSG00000270181.3	UTR|exon|gene|regulatory|transcript	20
chr13	37000741	37000761	ENSG00000120697.10|ENSG00000120699.14	UTR|exon|gene|regulatory|transcript	20
chr13	35672559	35672579	ENSG00000172915.20	UTR|exon|gene|regulatory|transcript	20
chr13	45336294	45336313	ENSG00000133112.17	UTR|exon|gene|regulatory|transcript	19
chr13	110561519	110561538	ENSG00000139832.5	UTR|exon|gene|regulatory|transcript	19
chr13	27424618	27424637	ENSG00000122034.17	UTR|exon|gene|regulatory|transcript	19
chr13	110706097	110706116	ENSG00000134905.17	UTR|exon|gene|regulatory|transcript	19
chr13	77741199	77741218	ENSG00000139737.23	UTR|exon|gene|regulatory|transcript	19
chr13	49691438	49691457	ENSG00000123179.14	UTR|exon|gene|regulatory|transcript	19
chr13	99086481	99086500	ENSG00000088387.22	UTR|exon|gene|regulatory|transcript	19
chr13	96994350	96994369	ENSG00000165621.9	UTR|exon|gene|regulatory|transcript	19
chr13	33285736	33285755	ENSG00000133121.21	UTR|exon|gene|regulatory|transcript	19
chr13	95677138	95677157	ENSG00000102580.15	UTR|exon|gene|regulatory|transcript	19
chr13	46387233	46387252	ENSG00000102445.20	UTR|exon|gene|regulatory|transcript	19
chr13	113001784	113001803	ENSG00000126217.22	UTR|exon|gene|regulatory|transcript	19
chr13	108218349	108218368	ENSG00000174405.15	UTR|exon|gene|regulatory|transcript	19
chr13	102799118	102799137	ENSG00000134897.14|ENSG00000270181.3	UTR|exon|gene|regulatory|transcript	19
chr13	28659129	28659148	ENSG00000132963.9	UTR|exon|gene|regulatory|transcript	19
chr13	76992058	76992077	ENSG00000102805.16	UTR|exon|gene|regulatory|transcript	19
chr13	37059432	37059451	ENSG00000102710.21	UTR|exon|gene|regulatory|transcript	19
chr13	21176347	21176366	ENSG00000165480.16	UTR|exon|gene|regulatory|transcript	19
chr13	20567137	20567156	ENSG00000032742.18	UTR|exon|gene|regulatory|transcript	19
chr13	114314547	114314566	ENSG00000198824.8	UTR|exon|gene|regulatory|transcript	19
chr13	114304949	114304968	ENSG00000169062.15	UTR|exon|gene|regulatory|transcript	19
chr13	46105009	46105028	ENSG00000080618.17|ENSG00000235903.11	UTR|exon|gene|regulatory|transcript	19
chr13	75760433	75760452	ENSG00000136153.20|ENSG00000261553.5	UTR|exon|gene|regulatory|transcript	19
chr13	20221976	20221995	ENSG00000121742.19	UTR|exon|gene|regulatory|transcript	19
chr13	83882455	83882474	ENSG00000178235.8|ENSG00000285680.2	UTR|exon|gene|regulatory|transcript	19
chr13	48489659	48489677	ENSG00000136161.13|ENSG00000139687.16	UTR|exon|gene|regulatory|transcript	18
chr13	27793948	27793966	ENSG00000169840.5	UTR|exon|gene|regulatory|transcript	18
chr13	49146751	49146769	ENSG00000102531.16	UTR|exon|gene|regulatory|transcript	18
chr13	60396987	60397005	ENSG00000083544.16	UTR|exon|gene|regulatory|transcript	18
chr13	48653710	48653728	ENSG00000152207.8	UTR|exon|gene|regulatory|transcript	18
chr13	114314502	114314520	ENSG00000198824.8	UTR|exon|gene|regulatory|transcript	18
chr13	46679894	46679912	ENSG00000136141.15	UTR|exon|gene|regulatory|transcript	18
chr13	113001892	113001910	ENSG00000126217.22	UTR|exon|gene|regulatory|transcript	18
chr13	108215536	108215554	ENSG00000174405.15	UTR|exon|gene|regulatory|transcript	18
chr13	75760402	75760420	ENSG00000136153.20|ENSG00000261553.5	UTR|exon|gene|regulatory|transcript	18
chr13	26219649	26219667	ENSG00000127870.17	UTR|exon|gene|regulatory|transcript	18
chr13	113122837	113122855	ENSG00000126218.12	UTR|exon|gene|regulatory|transcript	18
chr13	32278530	32278548	ENSG00000073910.23	UTR|exon|gene|regulatory|transcript	18
chr13	27251560	27251578	ENSG00000122026.11	UTR|exon|gene|regulatory|transcript	18
chr13	102801672	102801690	ENSG00000134897.14|ENSG00000270181.3	UTR|exon|gene|regulatory|transcript	18
chr13	87671771	87671789	ENSG00000165300.8|ENSG00000228824.8	UTR|exon|gene|regulatory|transcript	18
chr13	32586550	32586568	ENSG00000083642.19	UTR|exon|gene|regulatory|transcript	18
chr13	77535705	77535723	ENSG00000136155.17	UTR|exon|gene|regulatory|transcript	18
chr13	77699057	77699075	ENSG00000139737.23	UTR|exon|gene|regulatory|transcript	18
chr13	77002350	77002368	ENSG00000005812.11|ENSG00000102805.16|ENSG00000283208.2	UTR|exon|gene|regulatory|transcript	18
chr13	99296145	99296163	ENSG00000134882.16|ENSG00000169508.7	UTR|exon|gene|regulatory|transcript	18
chr13	49495983	49496001	ENSG00000136147.18	UTR|exon|gene|regulatory|transcript	18
chr13	30307026	30307044	ENSG00000102781.14	UTR|exon|gene|regulatory|transcript	18
chr13	101416474	101416492	ENSG00000102452.18	UTR|exon|gene|regulatory|transcript	18
chr13	112588135	112588153	ENSG00000126216.15	UTR|exon|gene|regulatory|transcript	18
chr13	52011391	52011409	ENSG00000123191.17	UTR|exon|gene|regulatory|transcript	18
chr13	30307330	30307348	ENSG00000102781.14	UTR|exon|gene|regulatory|transcript	18
chr13	23375491	23375509	ENSG00000151835.17	UTR|exon|gene|regulatory|transcript	18
chr13	29428626	29428644	ENSG00000132938.22	UTR|exon|gene|regulatory|transcript	18
chr13	20703058	20703075	ENSG00000172458.5|ENSG00000278291.1	UTR|exon|gene|regulatory|transcript	17
chr13	113364131	113364148	ENSG00000139835.14	UTR|exon|gene|regulatory|transcript	17
chr13	95209433	95209450	ENSG00000125257.16	UTR|exon|gene|regulatory|transcript	17
chr13	113122818	113122835	ENSG00000126218.12	UTR|exon|gene|regulatory|transcript	17
chr13	50910052	50910069	ENSG00000136104.21|ENSG00000233672.9	UTR|exon|gene|regulatory|transcript	17
chr13	30617919	30617936	ENSG00000132952.12	UTR|exon|gene|regulatory|transcript	17
chr13	96835635	96835652	ENSG00000185352.10	UTR|exon|gene|regulatory|transcript	17
chr13	25564014	25564031	ENSG00000132932.19	UTR|exon|gene|regulatory|transcript	17
chr13	45341069	45341086	ENSG00000133112.17|ENSG00000273149.1	UTR|exon|gene|regulatory|transcript	17
chr13	110307266	110307283	ENSG00000134871.19	UTR|exon|gene|regulatory|transcript	17
chr13	19783002	19783019	ENSG00000121390.19	UTR|exon|gene|regulatory|transcript	17
chr13	40982225	40982242	ENSG00000120690.16	UTR|exon|gene|regulatory|transcript	17
chr13	49495952	49495969	ENSG00000136147.18	UTR|exon|gene|regulatory|transcript	17
chr13	99200891	99200908	ENSG00000134882.16	UTR|exon|gene|regulatory|transcript	17
chr13	21604148	21604165	ENSG00000165487.14	UTR|exon|gene|regulatory|transcript	17
chr13	77697896	77697913	ENSG00000139737.23	UTR|exon|gene|regulatory|transcript	17
chr13	49997041	49997058	ENSG00000204977.10|ENSG00000231607.15	UTR|exon|gene|regulatory|transcript	17
chr13	19958782	19958799	ENSG00000121741.17	UTR|exon|gene|regulatory|transcript	17
chr13	109786484	109786501	ENSG00000185950.9|ENSG00000275741.1	UTR|exon|gene|regulatory|transcript	17
chr13	97953657	97953674	ENSG00000065150.21	UTR|exon|gene|regulatory|transcript	17
chr13	35672624	35672641	ENSG00000172915.20	UTR|exon|gene|regulatory|transcript	17
chr13	24270840	24270857	ENSG00000182957.16|ENSG00000273167.1	UTR|exon|gene|regulatory|transcript	17
chr13	60398580	60398597	ENSG00000083544.16	UTR|exon|gene|regulatory|transcript	17
chr13	28495128	28495145	ENSG00000102755.13	UTR|exon|gene|regulatory|transcript	17
chr13	110706116	110706133	ENSG00000134905.17	UTR|exon|gene|regulatory|transcript	17
chr13	87672192	87672209	ENSG00000165300.8|ENSG00000228824.8	UTR|exon|gene|regulatory|transcript	17
chr13	51222353	51222370	ENSG00000150510.17	UTR|exon|gene|regulatory|transcript	17
chr13	20231217	20231233	ENSG00000121742.19	UTR|exon|gene|regulatory|transcript	16
chr13	45341183	45341199	ENSG00000133112.17	UTR|exon|gene|regulatory|transcript	16
chr13	76992581	76992597	ENSG00000102805.16|ENSG00000283208.2	UTR|exon|gene|regulatory|transcript	16
chr13	25307805	25307821	ENSG00000139496.18	UTR|exon|gene|regulatory|transcript	16
chr13	96090846	96090862	ENSG00000185352.10	UTR|exon|gene|regulatory|transcript	16
chr13	50910578	50910594	ENSG00000136104.21|ENSG00000233672.9	UTR|exon|gene|regulatory|transcript	16
chr13	30906499	30906515	ENSG00000102802.10|ENSG00000224743.7	UTR|exon|gene|regulatory|transcript	16
chr13	106490830	106490846	ENSG00000125266.8	UTR|exon|gene|regulatory|transcript	16
chr13	31739525	31739541	ENSG00000133105.8	UTR|exon|gene|regulatory|transcript	16
chr13	94596136	94596152	ENSG00000088451.11	UTR|exon|gene|regulatory|transcript	16
chr13	113105790	113105806	ENSG00000057593.14	UTR|exon|gene|regulatory|transcript	16
chr13	95644690	95644706	ENSG00000134874.18	UTR|exon|gene|regulatory|transcript	16
chr13	102402032	102402048	ENSG00000102466.17	UTR|exon|gene|regulatory|transcript	16
chr13	50910562	50910578	ENSG00000136104.21|ENSG00000233672.9	UTR|exon|gene|regulatory|transcript	16
chr13	49628506	49628522	ENSG00000152213.4	UTR|exon|gene|regulatory|transcript	16
chr13	100533653	100533669	ENSG00000134864.11	UTR|exon|gene|regulatory|transcript	16
chr13	98143415	98143431	ENSG00000152767.17	UTR|exon|gene|regulatory|transcript	16
chr13	111153721	111153737	ENSG00000102606.20	UTR|exon|gene|regulatory|transcript	16
chr13	48976161	48976177	ENSG00000102531.16|ENSG00000275202.1	UTR|exon|gene|regulatory|transcript	16
chr13	51845159	51845175	ENSG00000281106.4	UTR|exon|gene|regulatory|transcript	16
chr13	25301555	25301571	ENSG00000139496.18	UTR|exon|gene|regulatory|transcript	16
chr13	24680727	24680743	ENSG00000075673.12	UTR|exon|gene|regulatory|transcript	16
chr13	20525803	20525819	ENSG00000165475.15	UTR|exon|gene|regulatory|transcript	16
chr13	98879953	98879969	ENSG00000088387.22	UTR|exon|gene|regulatory|transcript	16
chr13	28100576	28100592	ENSG00000122025.15	UTR|exon|gene|regulatory|transcript	16
chr13	75537826	75537841	ENSG00000188243.14	UTR|exon|gene|regulatory|transcript	15
chr13	79481929	79481944	ENSG00000102471.16	UTR|exon|gene|regulatory|transcript	15
chr13	77027070	77027085	ENSG00000005812.11|ENSG00000236051.7|ENSG00000283208.2	UTR|exon|gene|regulatory|transcript	15
chr13	76992043	76992058	ENSG00000102805.16	UTR|exon|gene|regulatory|transcript	15
chr13	45615724	45615739	ENSG00000165837.12	UTR|exon|gene|regulatory|transcript	15
chr13	113122798	113122813	ENSG00000126218.12	UTR|exon|gene|regulatory|transcript	15
chr13	60013163	60013178	ENSG00000139734.19|ENSG00000227528.6	UTR|exon|gene|regulatory|transcript	15
chr13	35855627	35855642	ENSG00000133083.15	UTR|exon|gene|regulatory|transcript	15
chr13	101416493	101416508	ENSG00000102452.18	UTR|exon|gene|regulatory|transcript	15
chr13	35476674	35476689	ENSG00000172915.20|ENSG00000180660.9	UTR|exon|gene|regulatory|transcript	15
chr13	25372056	25372071	ENSG00000132932.19	UTR|exon|gene|regulatory|transcript	15
chr13	26759827	26759842	ENSG00000132975.8	UTR|exon|gene|regulatory|transcript	15
chr13	23433686	23433701	ENSG00000151835.17	UTR|exon|gene|regulatory|transcript	15
chr13	49997058	49997073	ENSG00000204977.10|ENSG00000231607.15	UTR|exon|gene|regulatory|transcript	15
chr13	42992165	42992180	ENSG00000133106.15	UTR|exon|gene|regulatory|transcript	15
chr13	27620742	27620757	ENSG00000186184.20	UTR|exon|gene|regulatory|transcript	15
chr13	99501591	99501606	ENSG00000125304.10	UTR|exon|gene|regulatory|transcript	15
chr13	27432730	27432745	ENSG00000122034.17	UTR|exon|gene|regulatory|transcript	15
chr13	99200939	99200954	ENSG00000134882.16	UTR|exon|gene|regulatory|transcript	15
chr13	110615647	110615662	ENSG00000213995.12|ENSG00000275880.1	UTR|exon|gene|regulatory|transcript	15
chr13	45333762	45333777	ENSG00000133112.17	UTR|exon|gene|regulatory|transcript	15
chr13	113759225	113759239	ENSG00000184497.13	UTR|exon|gene|regulatory|transcript	14
chr13	49495969	49495983	ENSG00000136147.18	UTR|exon|gene|regulatory|transcript	14
chr13	79405774	79405788	ENSG00000139746.16	UTR|exon|gene|regulatory|transcript	14
chr13	79405788	79405802	ENSG00000139746.16	UTR|exon|gene|regulatory|transcript	14
chr13	29536188	29536202	ENSG00000139514.13	UTR|exon|gene|regulatory|transcript	14
chr13	98022489	98022503	ENSG00000065150.21	UTR|exon|gene|regulatory|transcript	14
chr13	37000727	37000741	ENSG00000120697.10|ENSG00000120699.14	UTR|exon|gene|regulatory|transcript	14
chr13	36432494	36432508	ENSG00000133101.10	UTR|exon|gene|regulatory|transcript	14
chr13	27424661	27424675	ENSG00000122034.17	UTR|exon|gene|regulatory|transcript	14
chr13	44576316	44576330	ENSG00000102804.16|ENSG00000278156.2	UTR|exon|gene|regulatory|transcript	14
chr13	102846111	102846125	ENSG00000134899.24|ENSG00000270181.3	UTR|exon|gene|regulatory|transcript	14
chr13	32538778	32538792	ENSG00000244754.9	UTR|exon|gene|regulatory|transcript	14
chr13	72782139	72782153	ENSG00000083535.16	UTR|exon|gene|regulatory|transcript	14
chr13	50910594	50910608	ENSG00000136104.21|ENSG00000233672.9	UTR|exon|gene|regulatory|transcript	14
chr13	46387486	46387500	ENSG00000102445.20	UTR|exon|gene|regulatory|transcript	14
chr13	30924435	30924449	ENSG00000102802.10|ENSG00000224743.7	UTR|exon|gene|regulatory|transcript	14
chr13	95552739	95552753	ENSG00000134873.10	UTR|exon|gene|regulatory|transcript	14
chr13	51804109	51804123	ENSG00000102796.12|ENSG00000231856.4|ENSG00000285444.1	UTR|exon|gene|regulatory|transcript	14
chr13	51454149	51454163	ENSG00000102786.15|ENSG00000236778.9	UTR|exon|gene|regulatory|transcript	14
chr13	113208652	113208666	ENSG00000126226.22|ENSG00000139842.15	UTR|exon|gene|regulatory|transcript	14
chr13	41457549	41457563	ENSG00000102760.13	UTR|exon|gene|regulatory|transcript	14
chr13	52159583	52159597	ENSG00000136098.18	UTR|exon|gene|regulatory|transcript	14
chr13	49691424	49691438	ENSG00000123179.14	UTR|exon|gene|regulatory|transcript	14
chr13	113820850	113820863	ENSG00000183087.15|ENSG00000233695.2	UTR|exon|gene|regulatory|transcript	13
chr13	25860803	25860816	ENSG00000132932.19	UTR|exon|gene|regulatory|transcript	13
chr13	114314489	114314502	ENSG00000198824.8	UTR|exon|gene|regulatory|transcript	13
chr13	20231492	20231505	ENSG00000121742.19	UTR|exon|gene|regulatory|transcript	13
chr13	113552018	113552031	ENSG00000150403.18	UTR|exon|gene|regulatory|transcript	13
chr13	77743165	77743178	ENSG00000139737.23	UTR|exon|gene|regulatory|transcript	13
chr13	77919006	77919019	ENSG00000136160.17	UTR|exon|gene|regulatory|transcript	13
chr13	102846035	102846048	ENSG00000134899.24|ENSG00000270181.3	UTR|exon|gene|regulatory|transcript	13
chr13	102846253	102846266	ENSG00000134899.24|ENSG00000270181.3	UTR|exon|gene|regulatory|transcript	13
chr13	44576074	44576087	ENSG00000102804.16|ENSG00000278156.2	UTR|exon|gene|regulatory|transcript	13
chr13	51454172	51454185	ENSG00000102786.15|ENSG00000236778.9	UTR|exon|gene|regulatory|transcript	13
chr13	102798715	102798728	ENSG00000134901.14	UTR|exon|gene|regulatory|transcript	13
chr13	97953927	97953940	ENSG00000065150.21	UTR|exon|gene|regulatory|transcript	13
chr13	48233205	48233218	ENSG00000136156.15	UTR|exon|gene|regulatory|transcript	13
chr13	35672671	35672684	ENSG00000172915.20	UTR|exon|gene|regulatory|transcript	13
chr13	41311281	41311294	ENSG00000172766.19	UTR|exon|gene|regulatory|transcript	13
chr13	41311266	41311279	ENSG00000172766.19	UTR|exon|gene|regulatory|transcript	13
chr13	110713522	110713535	ENSG00000134905.17|ENSG00000153487.13	UTR|exon|gene|regulatory|transcript	13
chr13	87671613	87671626	ENSG00000165300.8|ENSG00000228824.8	UTR|exon|gene|regulatory|transcript	13
chr13	31161582	31161595	ENSG00000120694.20	UTR|exon|gene|regulatory|transcript	13
chr13	113158647	113158660	ENSG00000126231.15	UTR|exon|gene|regulatory|transcript	13
chr13	46052746	46052759	ENSG00000123200.17|ENSG00000235903.11	UTR|exon|gene|regulatory|transcript	13
chr13	39038076	39038089	ENSG00000120685.20	UTR|exon|gene|regulatory|transcript	13
chr13	30465072	30465085	ENSG00000189403.15	UTR|exon|gene|regulatory|transcript	13
chr13	30932702	30932715	ENSG00000175664.10|ENSG00000224743.7	UTR|exon|gene|regulatory|transcript	13
chr13	42048761	42048773	ENSG00000102780.17	UTR|exon|gene|regulatory|transcript	12
chr13	27621140	27621152	ENSG00000186184.20	UTR|exon|gene|regulatory|transcript	12
chr13	49401587	49401599	ENSG00000102547.19	UTR|exon|gene|regulatory|transcript	12
chr13	113636688	113636700	ENSG00000198176.13	UTR|exon|gene|regulatory|transcript	12
chr13	108215523	108215535	ENSG00000174405.15	UTR|exon|gene|regulatory|transcript	12
chr13	108214718	108214730	ENSG00000174405.15	UTR|exon|gene|regulatory|transcript	12
chr13	102597020	102597032	ENSG00000134900.13	UTR|exon|gene|regulatory|transcript	12
chr13	113209615	113209627	ENSG00000139842.15	UTR|exon|gene|regulatory|transcript	12
chr13	37000793	37000805	ENSG00000120699.14	UTR|exon|gene|regulatory|transcript	12
chr13	48533180	48533192	ENSG00000136161.13|ENSG00000139687.16|ENSG00000287599.1|ENSG00000289900.1	UTR|exon|gene|regulatory|transcript	12
chr13	110641418	110641430	ENSG00000134905.17	UTR|exon|gene|regulatory|transcript	12
chr13	48976768	48976780	ENSG00000102531.16|ENSG00000275202.1	UTR|exon|gene|regulatory|transcript	12
chr13	31150946	31150958	ENSG00000120694.20	UTR|exon|gene|regulatory|transcript	12
chr13	46052685	46052697	ENSG00000123200.17|ENSG00000235903.11	UTR|exon|gene|regulatory|transcript	12
chr13	48001279	48001291	ENSG00000136143.16	UTR|exon|gene|regulatory|transcript	12
chr13	29850605	29850617	ENSG00000122042.10	UTR|exon|gene|regulatory|transcript	12
chr13	23433740	23433752	ENSG00000151835.17	UTR|exon|gene|regulatory|transcript	12
chr13	28659091	28659103	ENSG00000132963.9	UTR|exon|gene|regulatory|transcript	12
chr13	110448666	110448678	ENSG00000134871.19	UTR|exon|gene|regulatory|transcript	12
chr13	110508296	110508308	ENSG00000134871.19	UTR|exon|gene|regulatory|transcript	12
chr13	48001293	48001305	ENSG00000136143.16	UTR|exon|gene|regulatory|transcript	12
chr13	114314530	114314542	ENSG00000198824.8	UTR|exon|gene|regulatory|transcript	12
chr13	27253764	27253776	ENSG00000122026.11	UTR|exon|gene|regulatory|transcript	12
chr13	46211927	46211939	ENSG00000173988.14	UTR|exon|gene|regulatory|transcript	12
chr13	102393757	102393769	ENSG00000102466.17|ENSG00000243319.7	UTR|exon|gene|regulatory|transcript	12
chr13	101489951	101489963	ENSG00000198542.15	UTR|exon|gene|regulatory|transcript	12
chr13	102596990	102597002	ENSG00000134900.13	UTR|exon|gene|regulatory|transcript	12
chr13	30465795	30465807	ENSG00000189403.15	UTR|exon|gene|regulatory|transcript	12
chr13	101416462	101416474	ENSG00000102452.18	UTR|exon|gene|regulatory|transcript	12
chr13	19958771	19958782	ENSG00000121741.17	UTR|exon|gene|regulatory|transcript	11
chr13	21604170	21604181	ENSG00000165487.14	UTR|exon|gene|regulatory|transcript	11
chr13	97953682	97953693	ENSG00000065150.21	UTR|exon|gene|regulatory|transcript	11
chr13	99971603	99971614	ENSG00000139800.9	UTR|exon|gene|regulatory|transcript	11
chr13	49247924	49247935	ENSG00000102543.14	UTR|exon|gene|regulatory|transcript	11
chr13	110644053	110644064	ENSG00000134905.17	UTR|exon|gene|regulatory|transcript	11
chr13	39655650	39655661	ENSG00000133103.17	UTR|exon|gene|regulatory|transcript	11
chr13	97366458	97366469	ENSG00000139793.21	UTR|exon|gene|regulatory|transcript	11
chr13	102798982	102798993	ENSG00000134901.14	UTR|exon|gene|regulatory|transcript	11
chr13	87671629	87671640	ENSG00000165300.8|ENSG00000228824.8	UTR|exon|gene|regulatory|transcript	11
chr13	52455466	52455477	ENSG00000136108.15	UTR|exon|gene|regulatory|transcript	11
chr13	45337052	45337063	ENSG00000133112.17	UTR|exon|gene|regulatory|transcript	11
chr13	49444053	49444064	ENSG00000102547.19	UTR|exon|gene|regulatory|transcript	11
chr13	41130475	41130486	ENSG00000165572.8	UTR|exon|gene|regulatory|transcript	11
chr13	41961109	41961120	ENSG00000102763.18|ENSG00000278338.4	UTR|exon|gene|regulatory|transcript	11
chr13	98448317	98448328	ENSG00000102572.15|ENSG00000152767.17	UTR|exon|gene|regulatory|transcript	11
chr13	97976464	97976475	ENSG00000065150.21	UTR|exon|gene|regulatory|transcript	11
chr13	35476663	35476674	ENSG00000172915.20|ENSG00000180660.9	UTR|exon|gene|regulatory|transcript	11
chr13	35476797	35476808	ENSG00000172915.20|ENSG00000180660.9	UTR|exon|gene|regulatory|transcript	11
chr13	101399154	101399165	ENSG00000102452.18	UTR|exon|gene|regulatory|transcript	11
chr13	27251585	27251596	ENSG00000122026.11	UTR|exon|gene|regulatory|transcript	11
chr13	112690405	112690416	ENSG00000068650.19	UTR|exon|gene|regulatory|transcript	11
chr13	87671510	87671521	ENSG00000165300.8|ENSG00000228824.8	UTR|exon|gene|regulatory|transcript	11
chr13	102678445	102678456	ENSG00000134900.13	UTR|exon|gene|regulatory|transcript	11
chr13	95301433	95301444	ENSG00000125257.16	UTR|exon|gene|regulatory|transcript	11
chr13	102597009	102597020	ENSG00000134900.13	UTR|exon|gene|regulatory|transcript	11
chr13	32538802	32538813	ENSG00000244754.9	UTR|exon|gene|regulatory|transcript	11
chr13	20232303	20232313	ENSG00000121742.19	UTR|exon|gene|regulatory|transcript	10
chr13	114234886	114234896	ENSG00000130177.16	UTR|exon|gene|regulatory|transcript	10
chr13	33016422	33016432	ENSG00000133116.8	UTR|exon|gene|regulatory|transcript	10
chr13	110615544	110615554	ENSG00000213995.12|ENSG00000275880.1	UTR|exon|gene|regulatory|transcript	10
chr13	114314520	114314530	ENSG00000198824.8	UTR|exon|gene|regulatory|transcript	10
chr13	102845830	102845840	ENSG00000134899.24|ENSG00000270181.3	UTR|exon|gene|regulatory|transcript	10
chr13	102800351	102800361	ENSG00000134897.14|ENSG00000270181.3	UTR|exon|gene|regulatory|transcript	10
chr13	37059548	37059558	ENSG00000102710.21	UTR|exon|gene|regulatory|transcript	10
chr13	37059639	37059649	ENSG00000102710.21	UTR|exon|gene|regulatory|transcript	10
chr13	37059629	37059639	ENSG00000102710.21	UTR|exon|gene|regulatory|transcript	10
chr13	52455428	52455438	ENSG00000136108.15	UTR|exon|gene|regulatory|transcript	10
chr13	50909780	50909790	ENSG00000136104.21|ENSG00000233672.9	UTR|exon|gene|regulatory|transcript	10
chr13	23375478	23375488	ENSG00000151835.17	UTR|exon|gene|regulatory|transcript	10
chr13	101416437	101416447	ENSG00000102452.18	UTR|exon|gene|regulatory|transcript	10
chr13	100532591	100532601	ENSG00000134864.11	UTR|exon|gene|regulatory|transcript	10
chr13	46387133	46387143	ENSG00000102445.20	UTR|exon|gene|regulatory|transcript	10
chr13	112588125	112588135	ENSG00000126216.15	UTR|exon|gene|regulatory|transcript	10
chr13	43879691	43879701	ENSG00000151773.13|ENSG00000179630.11	UTR|exon|gene|regulatory|transcript	10
chr13	52159550	52159560	ENSG00000136098.18	UTR|exon|gene|regulatory|transcript	10
chr13	36297814	36297824	ENSG00000242715.8|ENSG00000250709.1	UTR|exon|gene|regulatory|transcript	10
chr13	108218339	108218349	ENSG00000174405.15	UTR|exon|gene|regulatory|transcript	10
chr13	30461672	30461682	ENSG00000189403.15	UTR|exon|gene|regulatory|transcript	10
chr13	102798670	102798680	ENSG00000134901.14	UTR|exon|gene|regulatory|transcript	10
chr13	32402931	32402941	ENSG00000139597.18	UTR|exon|gene|regulatory|transcript	10
chr13	20221961	20221970	ENSG00000121742.19	UTR|exon|gene|regulatory|transcript	9
chr13	45333470	45333479	ENSG00000133112.17	UTR|exon|gene|regulatory|transcript	9
chr13	79311823	79311832	ENSG00000139746.16	UTR|exon|gene|regulatory|transcript	9
chr13	20525794	20525803	ENSG00000165475.15	UTR|exon|gene|regulatory|transcript	9
chr13	41263538	41263547	ENSG00000120662.16	UTR|exon|gene|regulatory|transcript	9
chr13	110307257	110307266	ENSG00000134871.19	UTR|exon|gene|regulatory|transcript	9
chr13	28659874	28659883	ENSG00000132963.9	UTR|exon|gene|regulatory|transcript	9
chr13	36302331	36302340	ENSG00000133104.14	UTR|exon|gene|regulatory|transcript	9
chr13	51845150	51845159	ENSG00000281106.4|ENSG00000285444.1	UTR|exon|gene|regulatory|transcript	9
chr13	98797114	98797123	ENSG00000088387.22	UTR|exon|gene|regulatory|transcript	9
chr13	27620520	27620529	ENSG00000139517.9	UTR|exon|gene|regulatory|transcript	9
chr13	111115167	111115176	ENSG00000102606.20|ENSG00000235875.3	UTR|exon|gene|regulatory|transcript	9
chr13	108215554	108215563	ENSG00000174405.15	UTR|exon|gene|regulatory|transcript	9
chr13	108217817	108217826	ENSG00000174405.15	UTR|exon|gene|regulatory|transcript	9
chr13	97222323	97222332	ENSG00000139793.21	UTR|exon|gene|regulatory|transcript	9
chr13	42048752	42048761	ENSG00000102780.17	UTR|exon|gene|regulatory|transcript	9
chr13	101416447	101416456	ENSG00000102452.18	UTR|exon|gene|regulatory|transcript	9
chr13	49997027	49997036	ENSG00000204977.10|ENSG00000231607.15	UTR|exon|gene|regulatory|transcript	9
chr13	72727903	72727912	ENSG00000136122.18	UTR|exon|gene|regulatory|transcript	9
chr13	70107770	70107779	ENSG00000150361.12|ENSG00000230223.8	UTR|exon|gene|regulatory|transcript	9
chr13	75760420	75760429	ENSG00000136153.20|ENSG00000261553.5	UTR|exon|gene|regulatory|transcript	9
chr13	35472215	35472224	ENSG00000172915.20	UTR|exon|gene|regulatory|transcript	9
chr13	46387221	46387230	ENSG00000102445.20	UTR|exon|gene|regulatory|transcript	9
chr13	113208641	113208650	ENSG00000126226.22|ENSG00000139842.15	UTR|exon|gene|regulatory|transcript	9
chr13	51584678	51584687	ENSG00000139668.9	UTR|exon|gene|regulatory|transcript	9
chr13	102799109	102799118	ENSG00000270181.3	UTR|exon|gene|regulatory|transcript	9
chr13	44989528	44989537	ENSG00000133114.18|ENSG00000223732.2	UTR|exon|gene|regulatory|transcript	9
chr13	20567156	20567165	ENSG00000032742.18	UTR|exon|gene|regulatory|transcript	9
chr13	20525865	20525873	ENSG00000165475.15	UTR|exon|gene|regulatory|transcript	8
chr13	38349850	38349858	ENSG00000120686.12|ENSG00000223685.8	UTR|exon|gene|regulatory|transcript	8
chr13	20525857	20525865	ENSG00000165475.15	UTR|exon|gene|regulatory|transcript	8
chr13	20902738	20902746	ENSG00000132953.18	UTR|exon|gene|regulatory|transcript	8
chr13	45418447	45418455	ENSG00000174032.17|ENSG00000251015.1	UTR|exon|gene|regulatory|transcript	8
chr13	26221834	26221842	ENSG00000127870.17	UTR|exon|gene|regulatory|transcript	8
chr13	37598750	37598758	ENSG00000133110.15	UTR|exon|gene|regulatory|transcript	8
chr13	101452666	101452674	ENSG00000198542.15	UTR|exon|gene|regulatory|transcript	8
chr13	30735542	30735550	ENSG00000132965.10	UTR|exon|gene|regulatory|transcript	8
chr13	76886302	76886310	ENSG00000178695.6	UTR|exon|gene|regulatory|transcript	8
chr13	46387143	46387151	ENSG00000102445.20	UTR|exon|gene|regulatory|transcript	8
chr13	44374017	44374025	ENSG00000151778.11	UTR|exon|gene|regulatory|transcript	8
chr13	52159542	52159550	ENSG00000136098.18	UTR|exon|gene|regulatory|transcript	8
chr13	36432158	36432166	ENSG00000133101.10	UTR|exon|gene|regulatory|transcript	8
chr13	52011442	52011450	ENSG00000123191.17	UTR|exon|gene|regulatory|transcript	8
chr13	27977716	27977724	ENSG00000183463.7	UTR|exon|gene|regulatory|transcript	8
chr13	99499306	99499314	ENSG00000125304.10	UTR|exon|gene|regulatory|transcript	8
chr13	25372048	25372056	ENSG00000132932.19	UTR|exon|gene|regulatory|transcript	8
chr13	52456171	52456179	ENSG00000136108.15	UTR|exon|gene|regulatory|transcript	8
chr13	36999312	36999320	ENSG00000120697.10|ENSG00000120699.14	UTR|exon|gene|regulatory|transcript	8
chr13	36999324	36999332	ENSG00000120697.10|ENSG00000120699.14	UTR|exon|gene|regulatory|transcript	8
chr13	108215567	108215575	ENSG00000174405.15	UTR|exon|gene|regulatory|transcript	8
chr13	108218331	108218339	ENSG00000174405.15	UTR|exon|gene|regulatory|transcript	8
chr13	36297824	36297832	ENSG00000242715.8|ENSG00000250709.1	UTR|exon|gene|regulatory|transcript	8
chr13	110677095	110677103	ENSG00000134905.17	UTR|exon|gene|regulatory|transcript	8
chr13	50909991	50909999	ENSG00000136104.21|ENSG00000233672.9	UTR|exon|gene|regulatory|transcript	8
chr13	52739812	52739820	ENSG00000136110.13	UTR|exon|gene|regulatory|transcript	8
chr13	28659821	28659829	ENSG00000132963.9	UTR|exon|gene|regulatory|transcript	8
chr13	111153713	111153721	ENSG00000102606.20	UTR|exon|gene|regulatory|transcript	8
chr13	71867087	71867095	ENSG00000276644.5	UTR|exon|gene|regulatory|transcript	8
chr13	97953674	97953682	ENSG00000065150.21	UTR|exon|gene|regulatory|transcript	8
chr13	102800654	102800662	ENSG00000134897.14|ENSG00000270181.3	UTR|exon|gene|regulatory|transcript	8
chr13	51587588	51587596	ENSG00000139668.9	UTR|exon|gene|regulatory|transcript	8
chr13	33016432	33016440	ENSG00000133116.8	UTR|exon|gene|regulatory|transcript	8
chr13	25301636	25301644	ENSG00000139496.18	UTR|exon|gene|regulatory|transcript	8
chr13	77898191	77898199	ENSG00000136160.17	UTR|exon|gene|regulatory|transcript	8
chr13	100089092	100089099	ENSG00000175198.17	UTR|exon|gene|regulatory|transcript	7
chr13	49936483	49936490	ENSG00000123178.16	UTR|exon|gene|regulatory|transcript	7
chr13	49997136	49997143	ENSG00000204977.10|ENSG00000231607.15	UTR|exon|gene|regulatory|transcript	7
chr13	110715436	110715443	ENSG00000153487.13	UTR|exon|gene|regulatory|transcript	7
chr13	52012390	52012397	ENSG00000253710.5	UTR|exon|gene|regulatory|transcript	7
chr13	45120648	45120655	ENSG00000188342.13	UTR|exon|gene|regulatory|transcript	7
chr13	96053393	96053400	ENSG00000102595.22	UTR|exon|gene|regulatory|transcript	7
chr13	50910069	50910076	ENSG00000136104.21|ENSG00000233672.9	UTR|exon|gene|regulatory|transcript	7
chr13	51451567	51451574	ENSG00000102786.15	UTR|exon|gene|regulatory|transcript	7
chr13	102678786	102678793	ENSG00000134900.13	UTR|exon|gene|regulatory|transcript	7
chr13	72782132	72782139	ENSG00000083535.16	UTR|exon|gene|regulatory|transcript	7
chr13	37598761	37598768	ENSG00000133110.15	UTR|exon|gene|regulatory|transcript	7
chr13	113208634	113208641	ENSG00000126226.22|ENSG00000139842.15	UTR|exon|gene|regulatory|transcript	7
chr13	32538826	32538833	ENSG00000244754.9	UTR|exon|gene|regulatory|transcript	7
chr13	25169116	25169123	ENSG00000165566.13|ENSG00000238169.2	UTR|exon|gene|regulatory|transcript	7
chr13	52012403	52012410	ENSG00000253710.5	UTR|exon|gene|regulatory|transcript	7
chr13	28659177	28659184	ENSG00000132963.9	UTR|exon|gene|regulatory|transcript	7
chr13	107867388	107867395	ENSG00000204442.4	UTR|exon|gene|regulatory|transcript	7
chr13	36999305	36999312	ENSG00000120697.10|ENSG00000120699.14	UTR|exon|gene|regulatory|transcript	7
chr13	35672721	35672728	ENSG00000172915.20	UTR|exon|gene|regulatory|transcript	7
chr13	41263569	41263576	ENSG00000120662.16	UTR|exon|gene|regulatory|transcript	7
chr13	110307521	110307528	ENSG00000134871.19	UTR|exon|gene|regulatory|transcript	7
chr13	113816989	113816995	ENSG00000184497.13|ENSG00000233695.2	UTR|exon|gene|regulatory|transcript	6
chr13	114281627	114281633	ENSG00000169062.15	UTR|exon|gene|regulatory|transcript	6
chr13	102798976	102798982	ENSG00000134901.14	UTR|exon|gene|regulatory|transcript	6
chr13	46045507	46045513	ENSG00000123200.17	UTR|exon|gene|regulatory|transcript	6
chr13	32538819	32538825	ENSG00000244754.9	UTR|exon|gene|regulatory|transcript	6
chr13	95643257	95643263	ENSG00000134874.18	UTR|exon|gene|regulatory|transcript	6
chr13	106492266	106492272	ENSG00000125266.8|ENSG00000284966.3	UTR|exon|gene|regulatory|transcript	6
chr13	76992080	76992086	ENSG00000102805.16|ENSG00000283208.2	UTR|exon|gene|regulatory|transcript	6
chr13	33350624	33350630	ENSG00000133121.21	UTR|exon|gene|regulatory|transcript	6
chr13	51222370	51222376	ENSG00000150510.17	UTR|exon|gene|regulatory|transcript	6
chr13	49247940	49247946	ENSG00000102543.14	UTR|exon|gene|regulatory|transcript	6
chr13	52450622	52450628	ENSG00000136100.14	UTR|exon|gene|regulatory|transcript	6
chr13	52450628	52450634	ENSG00000136100.14	UTR|exon|gene|regulatory|transcript	6
chr13	72781854	72781860	ENSG00000083520.15	UTR|exon|gene|regulatory|transcript	6
chr13	101452827	101452833	ENSG00000198542.15	UTR|exon|gene|regulatory|transcript	6
chr13	70108487	70108493	ENSG00000150361.12|ENSG00000230223.8	UTR|exon|gene|regulatory|transcript	6
chr13	28659171	28659177	ENSG00000132963.9	UTR|exon|gene|regulatory|transcript	6
chr13	43879283	43879289	ENSG00000151773.13|ENSG00000179630.11	UTR|exon|gene|regulatory|transcript	6
chr13	24160741	24160747	ENSG00000182957.16|ENSG00000273167.1	UTR|exon|gene|regulatory|transcript	6
chr13	111115303	111115309	ENSG00000102606.20|ENSG00000235875.3	UTR|exon|gene|regulatory|transcript	6
chr13	98978055	98978061	ENSG00000088387.22	UTR|exon|gene|regulatory|transcript	6
chr13	52012412	52012418	ENSG00000253710.5	UTR|exon|gene|regulatory|transcript	6
chr13	52129067	52129073	ENSG00000197168.14|ENSG00000273523.1	UTR|exon|gene|regulatory|transcript	6
chr13	27963003	27963009	ENSG00000165556.10	UTR|exon|gene|regulatory|transcript	6
chr13	50910006	50910012	ENSG00000136104.21|ENSG00000233672.9	UTR|exon|gene|regulatory|transcript	6
chr13	52012397	52012403	ENSG00000253710.5	UTR|exon|gene|regulatory|transcript	6
chr13	49996812	49996818	ENSG00000204977.10|ENSG00000231607.15	UTR|exon|gene|regulatory|transcript	6
chr13	101416456	101416462	ENSG00000102452.18	UTR|exon|gene|regulatory|transcript	6
chr13	49496442	49496448	ENSG00000136147.18	UTR|exon|gene|regulatory|transcript	6
chr13	25301624	25301630	ENSG00000139496.18	UTR|exon|gene|regulatory|transcript	6
chr13	26759842	26759848	ENSG00000132975.8	UTR|exon|gene|regulatory|transcript	6
chr13	49691457	49691463	ENSG00000123179.14	UTR|exon|gene|regulatory|transcript	6
chr13	110305937	110305943	ENSG00000134871.19|ENSG00000187498.16	UTR|exon|gene|regulatory|transcript	6
chr13	51932673	51932679	ENSG00000123191.17	UTR|exon|gene|regulatory|transcript	6
chr13	20232313	20232319	ENSG00000121742.19	UTR|exon|gene|regulatory|transcript	6
chr13	102846025	102846031	ENSG00000134899.24|ENSG00000270181.3	UTR|exon|gene|regulatory|transcript	6
chr13	20525819	20525825	ENSG00000165475.15	UTR|exon|gene|regulatory|transcript	6
chr13	32428082	32428087	ENSG00000139597.18|ENSG00000270008.1	UTR|exon|gene|regulatory|transcript	5
chr13	45418373	45418378	ENSG00000174032.17|ENSG00000251015.1	UTR|exon|gene|regulatory|transcript	5
chr13	49997131	49997136	ENSG00000204977.10|ENSG00000231607.15	UTR|exon|gene|regulatory|transcript	5
chr13	110615554	110615559	ENSG00000213995.12|ENSG00000275880.1	UTR|exon|gene|regulatory|transcript	5
chr13	49997036	49997041	ENSG00000204977.10|ENSG00000231607.15	UTR|exon|gene|regulatory|transcript	5
chr13	25372207	25372212	ENSG00000132932.19	UTR|exon|gene|regulatory|transcript	5
chr13	36999300	36999305	ENSG00000120697.10|ENSG00000120699.14	UTR|exon|gene|regulatory|transcript	5
chr13	52157480	52157485	ENSG00000136098.18	UTR|exon|gene|regulatory|transcript	5
chr13	27621941	27621946	ENSG00000186184.20	UTR|exon|gene|regulatory|transcript	5
chr13	51932668	51932673	ENSG00000123191.17	UTR|exon|gene|regulatory|transcript	5
chr13	52129073	52129078	ENSG00000197168.14|ENSG00000273523.1	UTR|exon|gene|regulatory|transcript	5
chr13	98857351	98857356	ENSG00000088387.22	UTR|exon|gene|regulatory|transcript	5
chr13	110915001	110915006	ENSG00000088448.14	UTR|exon|gene|regulatory|transcript	5
chr13	102597004	102597009	ENSG00000134900.13	UTR|exon|gene|regulatory|transcript	5
chr13	43874841	43874846	ENSG00000151773.13	UTR|exon|gene|regulatory|transcript	5
chr13	102596985	102596990	ENSG00000134900.13	UTR|exon|gene|regulatory|transcript	5
chr13	23979804	23979809	ENSG00000182957.16|ENSG00000273167.1	UTR|exon|gene|regulatory|transcript	5
chr13	42992230	42992235	ENSG00000133106.15	UTR|exon|gene|regulatory|transcript	5
chr13	98452110	98452115	ENSG00000102572.15|ENSG00000152767.17	UTR|exon|gene|regulatory|transcript	5
chr13	49247935	49247940	ENSG00000102543.14	UTR|exon|gene|regulatory|transcript	5
chr13	49308649	49308654	ENSG00000102547.19	UTR|exon|gene|regulatory|transcript	5
chr13	28138652	28138657	ENSG00000152520.14	UTR|exon|gene|regulatory|transcript	5
chr13	99200886	99200891	ENSG00000134882.16	UTR|exon|gene|regulatory|transcript	5
chr13	110715431	110715436	ENSG00000153487.13	UTR|exon|gene|regulatory|transcript	5
chr13	60397005	60397010	ENSG00000083544.16	UTR|exon|gene|regulatory|transcript	5
chr13	100674795	100674800	ENSG00000125247.16	UTR|exon|gene|regulatory|transcript	5
chr13	33350619	33350624	ENSG00000133121.21	UTR|exon|gene|regulatory|transcript	5
chr13	113122813	113122818	ENSG00000126218.12	UTR|exon|gene|regulatory|transcript	5
chr13	21176911	21176916	ENSG00000173141.5	UTR|exon|gene|regulatory|transcript	5
chr13	44989614	44989619	ENSG00000133114.18|ENSG00000223732.2	UTR|exon|gene|regulatory|transcript	5
chr13	46105028	46105033	ENSG00000080618.17|ENSG00000235903.11	UTR|exon|gene|regulatory|transcript	5
chr13	26221691	26221696	ENSG00000127870.17	UTR|exon|gene|regulatory|transcript	5
chr13	102678456	102678461	ENSG00000134900.13	UTR|exon|gene|regulatory|transcript	5
chr13	95301446	95301451	ENSG00000125257.16	UTR|exon|gene|regulatory|transcript	5
chr13	32586542	32586547	ENSG00000083642.19	UTR|exon|gene|regulatory|transcript	5
chr13	113506057	113506062	ENSG00000150403.18	UTR|exon|gene|regulatory|transcript	5
chr13	20221970	20221975	ENSG00000121742.19	UTR|exon|gene|regulatory|transcript	5
chr13	113421939	113421944	ENSG00000153531.15	UTR|exon|gene|regulatory|transcript	5
chr13	32586568	32586573	ENSG00000083642.19	UTR|exon|gene|regulatory|transcript	5
chr13	76992090	76992095	ENSG00000102805.16|ENSG00000283208.2	UTR|exon|gene|regulatory|transcript	5
chr13	51454167	51454172	ENSG00000102786.15|ENSG00000236778.9	UTR|exon|gene|regulatory|transcript	5
chr13	102799316	102799321	ENSG00000134897.14|ENSG00000270181.3	UTR|exon|gene|regulatory|transcript	5
chr13	21604165	21604170	ENSG00000165487.14	UTR|exon|gene|regulatory|transcript	5
chr13	75760660	75760665	ENSG00000136153.20|ENSG00000261553.5	UTR|exon|gene|regulatory|transcript	5
chr13	46211942	46211947	ENSG00000173988.14	UTR|exon|gene|regulatory|transcript	5
chr13	44143556	44143561	ENSG00000139656.8|ENSG00000226519.4|ENSG00000227258.7	UTR|exon|gene|regulatory|transcript	5
chr13	48001273	48001278	ENSG00000136143.16	UTR|exon|gene|regulatory|transcript	5
chr13	30422487	30422492	ENSG00000236444.5	UTR|exon|gene|regulatory|transcript	5
chr13	51804157	51804162	ENSG00000102796.12|ENSG00000231856.4|ENSG00000285444.1	UTR|exon|gene|regulatory|transcript	5
chr13	23375509	23375514	ENSG00000151835.17	UTR|exon|gene|regulatory|transcript	5
chr13	36999332	36999336	ENSG00000120697.10|ENSG00000120699.14	UTR|exon|gene|regulatory|transcript	4
chr13	32538795	32538799	ENSG00000244754.9	UTR|exon|gene|regulatory|transcript	4
chr13	51932679	51932683	ENSG00000123191.17	UTR|exon|gene|regulatory|transcript	4
chr13	99606668	99606672	ENSG00000125246.16	UTR|exon|gene|regulatory|transcript	4
chr13	36999320	36999324	ENSG00000120697.10|ENSG00000120699.14	UTR|exon|gene|regulatory|transcript	4
chr13	50909999	50910003	ENSG00000136104.21|ENSG00000233672.9	UTR|exon|gene|regulatory|transcript	4
chr13	60397348	60397352	ENSG00000083544.16	UTR|exon|gene|regulatory|transcript	4
chr13	36999336	36999340	ENSG00000120697.10|ENSG00000120699.14	UTR|exon|gene|regulatory|transcript	4
chr13	108215563	108215567	ENSG00000174405.15	UTR|exon|gene|regulatory|transcript	4
chr13	102597034	102597038	ENSG00000134900.13	UTR|exon|gene|regulatory|transcript	4
chr13	27251578	27251582	ENSG00000122026.11	UTR|exon|gene|regulatory|transcript	4
chr13	35476808	35476812	ENSG00000172915.20|ENSG00000180660.9	UTR|exon|gene|regulatory|transcript	4
chr13	97434466	97434470	ENSG00000125249.7	UTR|exon|gene|regulatory|transcript	4
chr13	48001269	48001273	ENSG00000136143.16	UTR|exon|gene|regulatory|transcript	4
chr13	46349285	46349289	ENSG00000102445.20	UTR|exon|gene|regulatory|transcript	4
chr13	112902198	112902202	ENSG00000126217.22	UTR|exon|gene|regulatory|transcript	4
chr13	42992235	42992239	ENSG00000133106.15	UTR|exon|gene|regulatory|transcript	4
chr13	35672728	35672732	ENSG00000172915.20	UTR|exon|gene|regulatory|transcript	4
chr13	98143093	98143097	ENSG00000152767.17	UTR|exon|gene|regulatory|transcript	4
chr13	48975980	48975984	ENSG00000102531.16|ENSG00000275202.1	UTR|exon|gene|regulatory|transcript	4
chr13	35672686	35672690	ENSG00000172915.20	UTR|exon|gene|regulatory|transcript	4
chr13	48303746	48303750	ENSG00000139687.16	UTR|exon|gene|regulatory|transcript	4
chr13	98176092	98176096	ENSG00000139797.8|ENSG00000152767.17	UTR|exon|gene|regulatory|transcript	4
chr13	36297832	36297836	ENSG00000242715.8|ENSG00000250709.1	UTR|exon|gene|regulatory|transcript	4
chr13	25301632	25301636	ENSG00000139496.18	UTR|exon|gene|regulatory|transcript	4
chr13	25096135	25096139	ENSG00000151846.9	UTR|exon|gene|regulatory|transcript	4
chr13	112902194	112902198	ENSG00000126217.22	UTR|exon|gene|regulatory|transcript	4
chr13	75760429	75760433	ENSG00000136153.20|ENSG00000261553.5	UTR|exon|gene|regulatory|transcript	4
chr13	102773755	102773759	ENSG00000151287.17	UTR|exon|gene|regulatory|transcript	4
chr13	32538815	32538819	ENSG00000244754.9	UTR|exon|gene|regulatory|transcript	4
chr13	114132489	114132493	ENSG00000185989.11	UTR|exon|gene|regulatory|transcript	4
chr13	45341037	45341041	ENSG00000133112.17|ENSG00000273149.1	UTR|exon|gene|regulatory|transcript	4
chr13	51454163	51454167	ENSG00000102786.15|ENSG00000236778.9	UTR|exon|gene|regulatory|transcript	4
chr13	30464160	30464164	ENSG00000189403.15	UTR|exon|gene|regulatory|transcript	4
chr13	21372572	21372576	ENSG00000180776.17	UTR|exon|gene|regulatory|transcript	4
chr13	75804173	75804177	ENSG00000136153.20|ENSG00000261553.5	UTR|exon|gene|regulatory|transcript	4
chr13	113364126	113364130	ENSG00000139835.14	UTR|exon|gene|regulatory|transcript	4
chr13	32586547	32586550	ENSG00000083642.19	UTR|exon|gene|regulatory|transcript	3
chr13	51454146	51454149	ENSG00000102786.15|ENSG00000236778.9	UTR|exon|gene|regulatory|transcript	3
chr13	37598758	37598761	ENSG00000133110.15	UTR|exon|gene|regulatory|transcript	3
chr13	28659818	28659821	ENSG00000132963.9	UTR|exon|gene|regulatory|transcript	3
chr13	112690325	112690328	ENSG00000068650.19	UTR|exon|gene|regulatory|transcript	3
chr13	48233202	48233205	ENSG00000136156.15	UTR|exon|gene|regulatory|transcript	3
chr13	35672733	35672736	ENSG00000172915.20	UTR|exon|gene|regulatory|transcript	3
chr13	48303743	48303746	ENSG00000139687.16	UTR|exon|gene|regulatory|transcript	3
chr13	50910003	50910006	ENSG00000136104.21|ENSG00000233672.9	UTR|exon|gene|regulatory|transcript	3
chr13	24680407	24680410	ENSG00000075673.12	UTR|exon|gene|regulatory|transcript	3
chr13	98978061	98978064	ENSG00000088387.22	UTR|exon|gene|regulatory|transcript	3
chr13	28659126	28659129	ENSG00000132963.9	UTR|exon|gene|regulatory|transcript	3
chr13	36297837	36297840	ENSG00000242715.8|ENSG00000250709.1	UTR|exon|gene|regulatory|transcript	3
chr13	99254873	99254876	ENSG00000125245.14|ENSG00000134882.16	UTR|exon|gene|regulatory|transcript	3
chr13	39655723	39655726	ENSG00000133103.17	UTR|exon|gene|regulatory|transcript	3
chr13	41311525	41311528	ENSG00000172766.19	UTR|exon|gene|regulatory|transcript	3
chr13	75537841	75537844	ENSG00000188243.14	UTR|exon|gene|regulatory|transcript	3
chr13	50910558	50910561	ENSG00000136104.21|ENSG00000233672.9	UTR|exon|gene|regulatory|transcript	3
chr13	46387230	46387233	ENSG00000102445.20	UTR|exon|gene|regulatory|transcript	3
chr13	76992077	76992080	ENSG00000102805.16|ENSG00000283208.2	UTR|exon|gene|regulatory|transcript	3
chr13	26557702	26557705	ENSG00000132970.14	UTR|exon|gene|regulatory|transcript	3
chr13	101416368	101416371	ENSG00000102452.18	UTR|exon|gene|regulatory|transcript	3
chr13	36433032	36433035	ENSG00000133101.10	UTR|exon|gene|regulatory|transcript	3
chr13	101116440	101116443	ENSG00000102452.18	UTR|exon|gene|regulatory|transcript	3
chr13	52652835	52652838	ENSG00000165416.15	UTR|exon|gene|regulatory|transcript	3
chr13	101399165	101399168	ENSG00000102452.18	UTR|exon|gene|regulatory|transcript	3
chr13	24764200	24764203	ENSG00000132972.19	UTR|exon|gene|regulatory|transcript	3
chr13	102846032	102846035	ENSG00000134899.24|ENSG00000270181.3	UTR|exon|gene|regulatory|transcript	3
chr13	25468837	25468840	ENSG00000132932.19	UTR|exon|gene|regulatory|transcript	3
chr13	32538749	32538752	ENSG00000244754.9	UTR|exon|gene|regulatory|transcript	3
chr13	32538799	32538802	ENSG00000244754.9	UTR|exon|gene|regulatory|transcript	3
chr13	32538792	32538795	ENSG00000244754.9	UTR|exon|gene|regulatory|transcript	3
chr13	77326775	77326778	ENSG00000005810.20	UTR|exon|gene|regulatory|transcript	3
chr13	83877887	83877890	ENSG00000178235.8|ENSG00000285680.2	UTR|exon|gene|regulatory|transcript	3
chr13	32538746	32538749	ENSG00000244754.9	UTR|exon|gene|regulatory|transcript	3
chr13	19782942	19782945	ENSG00000121390.19	UTR|exon|gene|regulatory|transcript	3
chr13	114314544	114314547	ENSG00000198824.8	UTR|exon|gene|regulatory|transcript	3
chr13	113820548	113820551	ENSG00000183087.15|ENSG00000233695.2	UTR|exon|gene|regulatory|transcript	3
chr13	45341209	45341212	ENSG00000133112.17	UTR|exon|gene|regulatory|transcript	3
chr13	87671626	87671629	ENSG00000165300.8|ENSG00000228824.8	UTR|exon|gene|regulatory|transcript	3
chr13	45341155	45341158	ENSG00000133112.17|ENSG00000273149.1	UTR|exon|gene|regulatory|transcript	3
chr13	32315504	32315507	ENSG00000139618.18	UTR|exon|gene|regulatory|transcript	3
chr13	32586451	32586454	ENSG00000083642.19	UTR|exon|gene|regulatory|transcript	3
chr13	21176548	21176551	ENSG00000165480.16	UTR|exon|gene|regulatory|transcript	3
chr13	113208666	113208669	ENSG00000126226.22|ENSG00000139842.15	UTR|exon|gene|regulatory|transcript	3
chr13	75804226	75804229	ENSG00000136153.20|ENSG00000261553.5	UTR|exon|gene|regulatory|transcript	3
chr13	20773958	20773961	ENSG00000150456.11	UTR|exon|gene|regulatory|transcript	3
chr13	33349145	33349148	ENSG00000133121.21|ENSG00000285621.1	UTR|exon|gene|regulatory|transcript	3
chr13	23433683	23433686	ENSG00000151835.17	UTR|exon|gene|regulatory|transcript	3
chr13	27251582	27251585	ENSG00000122026.11	UTR|exon|gene|regulatory|transcript	3
chr13	27251557	27251560	ENSG00000122026.11	UTR|exon|gene|regulatory|transcript	3
chr13	72782224	72782227	ENSG00000083535.16	UTR|exon|gene|regulatory|transcript	3
chr13	23375488	23375491	ENSG00000151835.17	UTR|exon|gene|regulatory|transcript	3
chr13	113105787	113105790	ENSG00000057593.14	UTR|exon|gene|regulatory|transcript	3
chr13	113105838	113105841	ENSG00000057593.14	UTR|exon|gene|regulatory|transcript	3
chr13	34942550	34942553	ENSG00000172915.20	UTR|exon|gene|regulatory|transcript	3
chr13	46045513	46045516	ENSG00000123200.17	UTR|exon|gene|regulatory|transcript	3
chr13	51586076	51586079	ENSG00000139668.9	UTR|exon|gene|regulatory|transcript	3
chr13	46211939	46211942	ENSG00000173988.14	UTR|exon|gene|regulatory|transcript	3
chr13	97953713	97953716	ENSG00000065150.21	UTR|exon|gene|regulatory|transcript	3
chr13	72727748	72727751	ENSG00000136122.18	UTR|exon|gene|regulatory|transcript	3
chr13	48001291	48001293	ENSG00000136143.16	UTR|exon|gene|regulatory|transcript	2
chr13	30465936	30465938	ENSG00000189403.15	UTR|exon|gene|regulatory|transcript	2
chr13	97953925	97953927	ENSG00000065150.21	UTR|exon|gene|regulatory|transcript	2
chr13	21372570	21372572	ENSG00000180776.17	UTR|exon|gene|regulatory|transcript	2
chr13	95301444	95301446	ENSG00000125257.16	UTR|exon|gene|regulatory|transcript	2
chr13	113208650	113208652	ENSG00000126226.22|ENSG00000139842.15	UTR|exon|gene|regulatory|transcript	2
chr13	25301644	25301646	ENSG00000139496.18	UTR|exon|gene|regulatory|transcript	2
chr13	25301630	25301632	ENSG00000139496.18	UTR|exon|gene|regulatory|transcript	2
chr13	52012410	52012412	ENSG00000253710.5	UTR|exon|gene|regulatory|transcript	2
chr13	101416435	101416437	ENSG00000102452.18	UTR|exon|gene|regulatory|transcript	2
chr13	50909777	50909779	ENSG00000136104.21|ENSG00000233672.9	UTR|exon|gene|regulatory|transcript	2
chr13	50016071	50016073	ENSG00000198553.9|ENSG00000204977.10|ENSG00000231607.15	UTR|exon|gene|regulatory|transcript	2
chr13	52011409	52011411	ENSG00000123191.17	UTR|exon|gene|regulatory|transcript	2
chr13	27621902	27621904	ENSG00000186184.20	UTR|exon|gene|regulatory|transcript	2
chr13	83877981	83877983	ENSG00000178235.8|ENSG00000285680.2	UTR|exon|gene|regulatory|transcript	2
chr13	114314487	114314489	ENSG00000198824.8	UTR|exon|gene|regulatory|transcript	2
chr13	45337063	45337065	ENSG00000133112.17	UTR|exon|gene|regulatory|transcript	2
chr13	113585425	113585427	ENSG00000198176.13	UTR|exon|gene|regulatory|transcript	2
chr13	20232189	20232191	ENSG00000121742.19	UTR|exon|gene|regulatory|transcript	2
chr13	45418378	45418380	ENSG00000174032.17|ENSG00000251015.1	UTR|exon|gene|regulatory|transcript	2
chr13	113554588	113554590	ENSG00000150403.18	UTR|exon|gene|regulatory|transcript	2
chr13	114281600	114281602	ENSG00000169062.15	UTR|exon|gene|regulatory|transcript	2
chr13	51845175	51845177	ENSG00000281106.4	UTR|exon|gene|regulatory|transcript	2
chr13	36999340	36999342	ENSG00000120697.10|ENSG00000120699.14	UTR|exon|gene|regulatory|transcript	2
chr13	36346281	36346283	ENSG00000133104.14	UTR|exon|gene|regulatory|transcript	2
chr13	110641416	110641418	ENSG00000134905.17	UTR|exon|gene|regulatory|transcript	2
chr13	40666506	40666508	ENSG00000150907.10	UTR|exon|gene|regulatory|transcript	2
chr13	36297840	36297842	ENSG00000250709.1	UTR|exon|gene|regulatory|transcript	2
chr13	110705795	110705797	ENSG00000134905.17	UTR|exon|gene|regulatory|transcript	2
chr13	41311279	41311281	ENSG00000172766.19	UTR|exon|gene|regulatory|transcript	2
chr13	36297749	36297751	ENSG00000242715.8|ENSG00000250709.1	UTR|exon|gene|regulatory|transcript	2
chr13	48488967	48488969	ENSG00000136161.13|ENSG00000139687.16	UTR|exon|gene|regulatory|transcript	2
chr13	23674353	23674355	ENSG00000127863.16	UTR|exon|gene|regulatory|transcript	2
chr13	102597002	102597004	ENSG00000134900.13	UTR|exon|gene|regulatory|transcript	2
chr13	35672684	35672686	ENSG00000172915.20	UTR|exon|gene|regulatory|transcript	2
chr13	48413111	48413113	ENSG00000139679.16|ENSG00000139687.16	UTR|exon|gene|regulatory|transcript	2
chr13	23889398	23889400	ENSG00000027001.10|ENSG00000205861.13	UTR|exon|gene|regulatory|transcript	2
chr13	42992239	42992241	ENSG00000133106.15	UTR|exon|gene|regulatory|transcript	2
chr13	114314542	114314544	ENSG00000198824.8	UTR|exon|gene|regulatory|transcript	2
chr13	51584454	51584456	ENSG00000139668.9	UTR|exon|gene|regulatory|transcript	2
chr13	76992086	76992088	ENSG00000102805.16|ENSG00000283208.2	UTR|exon|gene|regulatory|transcript	2
chr13	102799137	102799139	ENSG00000134897.14|ENSG00000270181.3	UTR|exon|gene|regulatory|transcript	2
chr13	32538813	32538815	ENSG00000244754.9	UTR|exon|gene|regulatory|transcript	2
chr13	76992088	76992090	ENSG00000102805.16|ENSG00000283208.2	UTR|exon|gene|regulatory|transcript	2
chr13	32315582	32315584	ENSG00000139618.18	UTR|exon|gene|regulatory|transcript	2
chr13	98450198	98450200	ENSG00000102572.15|ENSG00000152767.17	UTR|exon|gene|regulatory|transcript	2
chr13	26221701	26221703	ENSG00000127870.17	UTR|exon|gene|regulatory|transcript	2
chr13	75760658	75760660	ENSG00000136153.20|ENSG00000261553.5	UTR|exon|gene|regulatory|transcript	2
chr13	102798914	102798916	ENSG00000134901.14	UTR|exon|gene|regulatory|transcript	2
chr13	113122835	113122837	ENSG00000126218.12	UTR|exon|gene|regulatory|transcript	2
chr13	76992095	76992097	ENSG00000102805.16|ENSG00000283208.2	UTR|exon|gene|regulatory|transcript	2
chr13	113098546	113098548	ENSG00000126217.22	UTR|exon|gene|regulatory|transcript	2
chr13	37059686	37059688	ENSG00000102710.21	UTR|exon|gene|regulatory|transcript	2
chr13	50910050	50910052	ENSG00000136104.21|ENSG00000233672.9	UTR|exon|gene|regulatory|transcript	2
chr13	72782094	72782096	ENSG00000083520.15	UTR|exon|gene|regulatory|transcript	2
chr13	102597032	102597034	ENSG00000134900.13	UTR|exon|gene|regulatory|transcript	2
chr13	29595557	29595559	ENSG00000139514.13	UTR|exon|gene|regulatory|transcript	2
chr13	98142775	98142777	ENSG00000152767.17	UTR|exon|gene|regulatory|transcript	2
chr13	19782757	19782758	ENSG00000121390.19	UTR|exon|gene|regulatory|transcript	1
chr13	32432954	32432955	ENSG00000244754.9	UTR|exon|gene|regulatory|transcript	1
chr13	20525825	20525826	ENSG00000165475.15	UTR|exon|gene|regulatory|transcript	1
chr13	41263576	41263577	ENSG00000120662.16	UTR|exon|gene|regulatory|transcript	1
chr13	114235060	114235061	ENSG00000130177.16	UTR|exon|gene|regulatory|transcript	1
chr13	102846031	102846032	ENSG00000134899.24|ENSG00000270181.3	UTR|exon|gene|regulatory|transcript	1
chr13	32538777	32538778	ENSG00000244754.9	UTR|exon|gene|regulatory|transcript	1
chr13	20221975	20221976	ENSG00000121742.19	UTR|exon|gene|regulatory|transcript	1
chr13	36920186	36920187	ENSG00000120693.15	UTR|exon|gene|regulatory|transcript	1
chr13	50909779	50909780	ENSG00000136104.21|ENSG00000233672.9	UTR|exon|gene|regulatory|transcript	1
chr13	51932703	51932704	ENSG00000123191.17	UTR|exon|gene|regulatory|transcript	1
chr13	101416492	101416493	ENSG00000102452.18	UTR|exon|gene|regulatory|transcript	1
chr13	35672732	35672733	ENSG00000172915.20	UTR|exon|gene|regulatory|transcript	1
chr13	35672720	35672721	ENSG00000172915.20	UTR|exon|gene|regulatory|transcript	1
chr13	36297748	36297749	ENSG00000242715.8|ENSG00000250709.1	UTR|exon|gene|regulatory|transcript	1
chr13	50909912	50909913	ENSG00000136104.21|ENSG00000233672.9	UTR|exon|gene|regulatory|transcript	1
chr13	36297836	36297837	ENSG00000242715.8|ENSG00000250709.1	UTR|exon|gene|regulatory|transcript	1
chr13	52848640	52848641	ENSG00000136099.13	UTR|exon|gene|regulatory|transcript	1
chr13	110615590	110615591	ENSG00000213995.12|ENSG00000275880.1	UTR|exon|gene|regulatory|transcript	1
chr13	96053400	96053401	ENSG00000102595.22	UTR|exon|gene|regulatory|transcript	1
chr13	108215535	108215536	ENSG00000174405.15	UTR|exon|gene|regulatory|transcript	1
chr13	23433701	23433702	ENSG00000151835.17	UTR|exon|gene|regulatory|transcript	1
chr13	51804162	51804163	ENSG00000102796.12|ENSG00000231856.4|ENSG00000285444.1	UTR|exon|gene|regulatory|transcript	1
chr13	50910561	50910562	ENSG00000136104.21|ENSG00000233672.9	UTR|exon|gene|regulatory|transcript	1
chr13	23411739	23411740	ENSG00000151835.17	UTR|exon|gene|regulatory|transcript	1
chr13	46387831	46387832	ENSG00000102445.20	UTR|exon|gene|regulatory|transcript	1
chr13	35672736	35672737	ENSG00000172915.20	UTR|exon|gene|regulatory|transcript	1
chr13	48001278	48001279	ENSG00000136143.16	UTR|exon|gene|regulatory|transcript	1
chr13	106490798	106490799	ENSG00000125266.8	UTR|exon|gene|regulatory|transcript	1
chr13	95644689	95644690	ENSG00000134874.18	UTR|exon|gene|regulatory|transcript	1
chr13	102679878	102679879	ENSG00000134900.13	UTR|exon|gene|regulatory|transcript	1
chr13	37059649	37059650	ENSG00000102710.21	UTR|exon|gene|regulatory|transcript	1
chr13	21176547	21176548	ENSG00000165480.16	UTR|exon|gene|regulatory|transcript	1
chr13	113209614	113209615	ENSG00000139842.15	UTR|exon|gene|regulatory|transcript	1
chr13	76992097	76992098	ENSG00000102805.16|ENSG00000283208.2	UTR|exon|gene|regulatory|transcript	1
chr13	21176551	21176552	ENSG00000165480.16	UTR|exon|gene|regulatory|transcript	1
chr13	32538825	32538826	ENSG00000244754.9	UTR|exon|gene|regulatory|transcript	1
chr13	113364130	113364131	ENSG00000139835.14	UTR|exon|gene|regulatory|transcript	1
chr13	38687343	38687344	ENSG00000150893.11	UTR|exon|gene|regulatory|transcript	1
chr13	77698880	77698881	ENSG00000139737.23	UTR|exon|gene|regulatory|transcript	1
chr13	85798986	85798987	ENSG00000184564.11	UTR|exon|gene|regulatory|transcript	1
chr13	45340810	45340811	ENSG00000133112.17|ENSG00000273149.1	UTR|exon|gene|regulatory|transcript	1
chr13	20703717	20703718	ENSG00000172458.5|ENSG00000278291.1	UTR|exon|gene|regulatory|transcript	1
chr13	19782916	19782917	ENSG00000121390.19	UTR|exon|gene|regulatory|transcript	1
