chr	start	end	feature1	feature2	length
chr18	63126431	63126781	ENSG00000171791.14	UTR|exon|gene|regulatory|transcript	350
chr18	9400233	9400583	ENSG00000128791.12	UTR|exon|gene|regulatory|transcript	350
chr18	2914159	2914508	ENSG00000101577.11|ENSG00000132205.11	UTR|exon|gene|regulatory|transcript	349
chr18	76359935	76360284	ENSG00000101493.11	UTR|exon|gene|regulatory|transcript	349
chr18	33851657	33852006	ENSG00000101746.16	UTR|exon|gene|regulatory|transcript	349
chr18	59276101	59276450	ENSG00000166569.8	UTR|exon|gene|regulatory|transcript	349
chr18	48861298	48861647	ENSG00000134030.14	UTR|exon|gene|regulatory|transcript	349
chr18	10477463	10477812	ENSG00000154856.13	UTR|exon|gene|regulatory|transcript	349
chr18	26854478	26854826	ENSG00000171885.18|ENSG00000260372.7	UTR|exon|gene|regulatory|transcript	348
chr18	77272113	77272461	ENSG00000166573.6	UTR|exon|gene|regulatory|transcript	348
chr18	37222636	37222984	ENSG00000150477.15	UTR|exon|gene|regulatory|transcript	348
chr18	76983274	76983621	ENSG00000197971.16|ENSG00000266844.1	UTR|exon|gene|regulatory|transcript	347
chr18	13613702	13614049	ENSG00000168675.19	UTR|exon|gene|regulatory|transcript	347
chr18	48137014	48137361	ENSG00000184828.10	UTR|exon|gene|regulatory|transcript	347
chr18	36176802	36177149	ENSG00000134759.14	UTR|exon|gene|regulatory|transcript	347
chr18	77013958	77014305	ENSG00000197971.16	UTR|exon|gene|regulatory|transcript	347
chr18	12449130	12449476	ENSG00000134278.16	UTR|exon|gene|regulatory|transcript	346
chr18	2918169	2918515	ENSG00000101577.11	UTR|exon|gene|regulatory|transcript	346
chr18	10476450	10476796	ENSG00000154856.13	UTR|exon|gene|regulatory|transcript	346
chr18	2917336	2917681	ENSG00000101577.11	UTR|exon|gene|regulatory|transcript	345
chr18	47827491	47827836	ENSG00000175387.16	UTR|exon|gene|regulatory|repeat|transcript	345
chr18	62388880	62389225	ENSG00000141655.18	UTR|exon|gene|regulatory|transcript	345
chr18	63317128	63317473	ENSG00000171791.14	UTR|exon|gene|regulatory|transcript	345
chr18	42086367	42086711	ENSG00000078142.14	UTR|exon|gene|regulatory|repeat|transcript	344
chr18	23258729	23259073	ENSG00000134490.14|ENSG00000134508.13|ENSG00000266495.1	UTR|exon|gene|regulatory|transcript	344
chr18	78979851	78980195	ENSG00000256463.10	UTR|exon|gene|regulatory|transcript	344
chr18	57545345	57545689	ENSG00000066926.13	UTR|exon|gene|regulatory|transcript	344
chr18	59268086	59268430	ENSG00000134438.10	UTR|exon|gene|regulatory|transcript	344
chr18	50797169	50797512	ENSG00000134042.14	UTR|exon|gene|regulatory|repeat|transcript	343
chr18	46678100	46678442	ENSG00000101638.14	UTR|exon|gene|regulatory|transcript	342
chr18	35711265	35711607	ENSG00000141429.14	UTR|exon|gene|regulatory|transcript	342
chr18	34867559	34867901	ENSG00000134769.23	UTR|exon|gene|regulatory|transcript	342
chr18	50933701	50934042	ENSG00000082212.13	UTR|exon|gene|regulatory|repeat|transcript	341
chr18	48859886	48860227	ENSG00000134030.14	UTR|exon|gene|regulatory|transcript	341
chr18	62387302	62387643	ENSG00000141655.18	UTR|exon|gene|regulatory|transcript	341
chr18	74251650	74251991	ENSG00000166347.19	UTR|exon|gene|regulatory|transcript	341
chr18	26908923	26909263	ENSG00000154080.14|ENSG00000260372.7	UTR|exon|gene|regulatory|transcript	340
chr18	47815916	47816256	ENSG00000175387.16	UTR|exon|gene|regulatory|transcript	340
chr18	58400511	58400850	ENSG00000049759.20	UTR|exon|gene|regulatory|transcript	339
chr18	13612279	13612618	ENSG00000168675.19	UTR|exon|gene|regulatory|transcript	339
chr18	10739181	10739518	ENSG00000154864.14	UTR|exon|gene|regulatory|transcript	337
chr18	77271064	77271401	ENSG00000166573.6	UTR|exon|gene|regulatory|transcript	337
chr18	58398925	58399262	ENSG00000049759.20|ENSG00000267396.2	UTR|exon|gene|regulatory|transcript	337
chr18	57362711	57363047	ENSG00000177511.6	UTR|exon|gene|regulatory|transcript	336
chr18	11853107	11853443	ENSG00000141404.17|ENSG00000255112.3	UTR|exon|gene|regulatory|transcript	336
chr18	5144761	5145095	ENSG00000231824.4	UTR|exon|gene|regulatory|transcript	334
chr18	45066919	45067252	ENSG00000152217.20	UTR|exon|gene|regulatory|transcript	333
chr18	23259792	23260125	ENSG00000134490.14|ENSG00000134508.13|ENSG00000266495.1	UTR|exon|gene|regulatory|transcript	333
chr18	35335867	35336199	ENSG00000172466.16	UTR|exon|gene|regulatory|transcript	332
chr18	47818071	47818402	ENSG00000175387.16	UTR|exon|gene|regulatory|repeat|transcript	331
chr18	63315277	63315607	ENSG00000171791.14	UTR|exon|gene|regulatory|transcript	330
chr18	30992284	30992614	ENSG00000134762.17	UTR|exon|gene|regulatory|transcript	330
chr18	35241267	35241596	ENSG00000186812.13	UTR|exon|gene|regulatory|transcript	329
chr18	23258325	23258653	ENSG00000134490.14|ENSG00000134508.13|ENSG00000266495.1	UTR|exon|gene|regulatory|transcript	328
chr18	6030918	6031246	ENSG00000154655.16|ENSG00000266846.2	UTR|exon|gene|regulatory|transcript	328
chr18	48028753	48029081	ENSG00000184828.10	UTR|exon|gene|regulatory|transcript	328
chr18	319712	320040	ENSG00000158270.12	UTR|exon|gene|regulatory|transcript	328
chr18	77015204	77015532	ENSG00000197971.16	UTR|exon|gene|regulatory|transcript	328
chr18	62576845	62577171	ENSG00000141664.10	UTR|exon|gene|regulatory|transcript	326
chr18	3497722	3498047	ENSG00000170579.19	UTR|exon|gene|regulatory|transcript	325
chr18	3498404	3498728	ENSG00000170579.19	UTR|exon|gene|regulatory|transcript	324
chr18	77015829	77016153	ENSG00000197971.16	UTR|exon|gene|regulatory|transcript	324
chr18	46265740	46266062	ENSG00000152242.11	UTR|exon|gene|regulatory|transcript	322
chr18	77271705	77272026	ENSG00000166573.6	UTR|exon|gene|regulatory|transcript	321
chr18	46265213	46265534	ENSG00000152242.11	UTR|exon|gene|regulatory|transcript	321
chr18	54154245	54154566	ENSG00000134046.12	UTR|exon|gene|regulatory|transcript	321
chr18	48027670	48027990	ENSG00000184828.10	UTR|exon|gene|regulatory|transcript	320
chr18	910454	910774	ENSG00000141433.13	UTR|exon|gene|regulatory|transcript	320
chr18	50663610	50663930	ENSG00000141639.12	UTR|exon|gene|regulatory|transcript	320
chr18	75199519	75199838	ENSG00000180011.7	UTR|exon|gene|regulatory|transcript	319
chr18	11883151	11883470	ENSG00000141404.17|ENSG00000154889.17	UTR|exon|gene|regulatory|transcript	319
chr18	46676479	46676797	ENSG00000101638.14	UTR|exon|gene|regulatory|transcript	318
chr18	77016194	77016512	ENSG00000197971.16	UTR|exon|gene|regulatory|transcript	318
chr18	36175432	36175749	ENSG00000134759.14	UTR|exon|gene|regulatory|transcript	317
chr18	57027345	57027662	ENSG00000091157.15	UTR|exon|gene|regulatory|transcript	317
chr18	59267685	59268001	ENSG00000134438.10	UTR|exon|gene|regulatory|transcript	316
chr18	36180000	36180315	ENSG00000134759.14|ENSG00000260552.3	UTR|exon|gene|regulatory|repeat|transcript	315
chr18	46668774	46669089	ENSG00000101638.14	UTR|exon|gene|regulatory|transcript	315
chr18	46667855	46668170	ENSG00000101638.14	UTR|exon|gene|regulatory|transcript	315
chr18	24271898	24272212	ENSG00000141447.19	UTR|exon|gene|regulatory|transcript	314
chr18	46335573	46335887	ENSG00000141622.14	UTR|exon|gene|regulatory|transcript	314
chr18	45063698	45064012	ENSG00000152217.20	UTR|exon|gene|regulatory|transcript	314
chr18	49591321	49591634	ENSG00000101670.12	UTR|exon|gene|regulatory|transcript	313
chr18	46337332	46337645	ENSG00000141622.14	UTR|exon|gene|regulatory|transcript	313
chr18	911056	911368	ENSG00000141433.13	UTR|exon|gene|regulatory|transcript	312
chr18	51082302	51082614	ENSG00000141646.16	UTR|exon|gene|regulatory|transcript	312
chr18	76980777	76981089	ENSG00000197971.16|ENSG00000266844.1	UTR|exon|gene|regulatory|transcript	312
chr18	10477150	10477462	ENSG00000154856.13	UTR|exon|gene|regulatory|transcript	312
chr18	3456739	3457050	ENSG00000177426.22	UTR|exon|gene|regulatory|transcript	311
chr18	63314075	63314385	ENSG00000171791.14	UTR|exon|gene|regulatory|transcript	310
chr18	77012922	77013230	ENSG00000197971.16	UTR|exon|gene|regulatory|transcript	308
chr18	62586206	62586514	ENSG00000141664.10	UTR|exon|gene|regulatory|transcript	308
chr18	45983557	45983864	ENSG00000152229.18	UTR|exon|gene|regulatory|transcript	307
chr18	59269168	59269475	ENSG00000134438.10	CDS|UTR|exon|gene|regulatory|transcript	307
chr18	76361268	76361574	ENSG00000101493.11	UTR|exon|gene|regulatory|transcript	306
chr18	3452078	3452382	ENSG00000177426.22	UTR|exon|gene|regulatory|transcript	304
chr18	47108377	47108681	ENSG00000167220.12|ENSG00000267228.7	UTR|exon|gene|regulatory|transcript	304
chr18	58401235	58401539	ENSG00000049759.20	UTR|exon|gene|regulatory|transcript	304
chr18	35334797	35335098	ENSG00000172466.16	UTR|exon|gene|regulatory|transcript	301
chr18	51195607	51195908	ENSG00000176624.12	UTR|exon|gene|regulatory|transcript	301
chr18	3458432	3458732	ENSG00000177426.22	UTR|exon|gene|regulatory|transcript	300
chr18	76972232	76972531	ENSG00000130856.18	UTR|exon|gene|regulatory|transcript	299
chr18	21629479	21629777	ENSG00000167088.11	UTR|exon|gene|regulatory|repeat|transcript	298
chr18	74905315	74905612	ENSG00000215421.10	UTR|exon|gene|regulatory|transcript	297
chr18	49560698	49560994	ENSG00000101670.12	UTR|exon|gene|regulatory|transcript	296
chr18	36177370	36177666	ENSG00000134759.14	UTR|exon|gene|regulatory|repeat|transcript	296
chr18	9103103	9103399	ENSG00000178127.13|ENSG00000265257.5	UTR|exon|gene|regulatory|transcript	296
chr18	26911904	26912199	ENSG00000154080.14|ENSG00000260372.7	UTR|exon|gene|regulatory|transcript	295
chr18	11149074	11149369	ENSG00000154864.14	UTR|exon|gene|regulatory|transcript	295
chr18	21740911	21741206	ENSG00000101752.13	UTR|exon|gene|regulatory|transcript	295
chr18	13614869	13615164	ENSG00000168675.19	UTR|exon|gene|regulatory|transcript	295
chr18	9547414	9547708	ENSG00000154845.16	UTR|exon|gene|regulatory|transcript	294
chr18	47815577	47815870	ENSG00000175387.16	UTR|exon|gene|regulatory|transcript	293
chr18	58753202	58753495	ENSG00000172175.16|ENSG00000267705.1	UTR|exon|gene|regulatory|repeat|transcript	293
chr18	3458988	3459281	ENSG00000177426.22	UTR|exon|gene|regulatory|transcript	293
chr18	26916870	26917162	ENSG00000154080.14|ENSG00000260372.7	CDS|UTR|exon|gene|regulatory|transcript	292
chr18	45750337	45750628	ENSG00000141469.18	UTR|exon|gene|regulatory|transcript	291
chr18	36176240	36176530	ENSG00000134759.14	UTR|exon|gene|regulatory|transcript	290
chr18	76971212	76971502	ENSG00000130856.18	UTR|exon|gene|regulatory|transcript	290
chr18	21111020	21111310	ENSG00000067900.9	UTR|exon|gene|regulatory|transcript	290
chr18	7567026	7567315	ENSG00000173482.17	UTR|exon|gene|regulatory|transcript	289
chr18	53531858	53532146	ENSG00000187323.13|ENSG00000260433.3	UTR|exon|gene|regulatory|transcript	288
chr18	11852784	11853071	ENSG00000141404.17|ENSG00000255112.3	UTR|exon|gene|regulatory|transcript	287
chr18	2914815	2915101	ENSG00000101577.11|ENSG00000132205.11	UTR|exon|gene|regulatory|transcript	286
chr18	34888232	34888518	ENSG00000134769.23	UTR|exon|gene|regulatory|transcript	286
chr18	50663259	50663545	ENSG00000141639.12	UTR|exon|gene|regulatory|transcript	286
chr18	32072390	32072675	ENSG00000101695.9|ENSG00000263917.1	UTR|exon|gene|regulatory|transcript	285
chr18	76982907	76983191	ENSG00000197971.16|ENSG00000266844.1	UTR|exon|gene|regulatory|transcript	284
chr18	10552291	10552575	ENSG00000134265.13	UTR|exon|gene|regulatory|transcript	284
chr18	62584837	62585120	ENSG00000141664.10	UTR|exon|gene|regulatory|transcript	283
chr18	7567531	7567813	ENSG00000173482.17	UTR|exon|gene|regulatory|transcript	282
chr18	63314442	63314724	ENSG00000171791.14	UTR|exon|gene|regulatory|transcript	282
chr18	723741	724023	ENSG00000176105.14	UTR|exon|gene|regulatory|transcript	282
chr18	49041973	49042254	ENSG00000141627.14|ENSG00000264269.1	UTR|exon|gene|regulatory|transcript	281
chr18	13611463	13611743	ENSG00000168675.19	UTR|exon|gene|regulatory|transcript	280
chr18	47825643	47825922	ENSG00000175387.16	UTR|exon|gene|regulatory|transcript	279
chr18	76981711	76981989	ENSG00000197971.16|ENSG00000266844.1	UTR|exon|gene|regulatory|transcript	278
chr18	56599561	56599839	ENSG00000091164.13	UTR|exon|gene|regulatory|repeat|transcript	278
chr18	80139114	80139392	ENSG00000101544.9	UTR|exon|gene|regulatory|transcript	278
chr18	45851514	45851790	ENSG00000152223.16	UTR|exon|gene|regulatory|transcript	276
chr18	26852150	26852424	ENSG00000171885.18|ENSG00000260372.7	UTR|exon|gene|regulatory|transcript	274
chr18	63315943	63316215	ENSG00000171791.14	UTR|exon|gene|regulatory|transcript	272
chr18	74251332	74251603	ENSG00000166347.19	UTR|exon|gene|regulatory|repeat|transcript	271
chr18	10488098	10488369	ENSG00000154856.13	UTR|exon|gene|regulatory|transcript	271
chr18	78997322	78997592	ENSG00000256463.10	UTR|exon|gene|regulatory|transcript	270
chr18	23522597	23522865	ENSG00000141452.11|ENSG00000141458.13	UTR|exon|gene|regulatory|transcript	268
chr18	59904038	59904305	ENSG00000141682.12	UTR|exon|gene|regulatory|transcript	267
chr18	78998702	78998969	ENSG00000256463.10	UTR|exon|gene|regulatory|transcript	267
chr18	3411926	3412192	ENSG00000177426.22	UTR|exon|gene|regulatory|transcript	266
chr18	33750760	33751024	ENSG00000141431.14	UTR|exon|gene|regulatory|transcript	264
chr18	11885343	11885607	ENSG00000141404.17|ENSG00000154889.17	UTR|exon|gene|regulatory|transcript	264
chr18	9861222	9861485	ENSG00000168461.13	UTR|exon|gene|regulatory|transcript	263
chr18	74523171	74523434	ENSG00000133313.15	UTR|exon|gene|regulatory|transcript	263
chr18	74898063	74898326	ENSG00000215421.10	UTR|exon|gene|regulatory|transcript	263
chr18	75200986	75201249	ENSG00000180011.7	UTR|exon|gene|regulatory|transcript	263
chr18	80157792	80158054	ENSG00000178184.16|ENSG00000267270.8	UTR|exon|gene|regulatory|transcript	262
chr18	79902684	79902945	ENSG00000122490.19	UTR|exon|gene|regulatory|transcript	261
chr18	12947365	12947626	ENSG00000085415.16	UTR|exon|gene|regulatory|transcript	261
chr18	21632472	21632732	ENSG00000167088.11	UTR|exon|gene|regulatory|transcript	260
chr18	75211437	75211696	ENSG00000179981.11	UTR|exon|gene|regulatory|transcript	259
chr18	62577216	62577474	ENSG00000141664.10	UTR|exon|gene|regulatory|transcript	258
chr18	36178005	36178263	ENSG00000134759.14	UTR|exon|gene|regulatory|transcript	258
chr18	47844911	47845169	ENSG00000175387.16	UTR|exon|gene|regulatory|transcript	258
chr18	59268672	59268930	ENSG00000134438.10	UTR|exon|gene|regulatory|transcript	258
chr18	911440	911697	ENSG00000141433.13	UTR|exon|gene|regulatory|transcript	257
chr18	55401242	55401499	ENSG00000196628.20	UTR|exon|gene|regulatory|transcript	257
chr18	598134	598390	ENSG00000079101.18	UTR|exon|gene|regulatory|transcript	256
chr18	49597687	49597943	ENSG00000101670.12	UTR|exon|gene|regulatory|transcript	256
chr18	80158153	80158408	ENSG00000178184.16|ENSG00000267270.8	UTR|exon|gene|regulatory|transcript	255
chr18	76980522	76980776	ENSG00000197971.16|ENSG00000266844.1	UTR|exon|gene|regulatory|transcript	254
chr18	54902272	54902526	ENSG00000166510.14	UTR|exon|gene|regulatory|transcript	254
chr18	74315838	74316091	ENSG00000206043.7	UTR|exon|gene|regulatory|transcript	253
chr18	69843127	69843379	ENSG00000150637.9|ENSG00000206052.11	UTR|exon|gene|regulatory|transcript	252
chr18	51082959	51083211	ENSG00000141646.16	UTR|exon|gene|regulatory|transcript	252
chr18	13651979	13652231	ENSG00000168675.19	UTR|exon|gene|regulatory|transcript	252
chr18	5543997	5544247	ENSG00000082397.18	UTR|exon|gene|regulatory|transcript	250
chr18	77013705	77013953	ENSG00000197971.16	UTR|exon|gene|regulatory|transcript	248
chr18	79254856	79255104	ENSG00000166377.21	UTR|exon|gene|regulatory|repeat|transcript	248
chr18	23259187	23259434	ENSG00000134490.14|ENSG00000134508.13|ENSG00000266495.1	UTR|exon|gene|regulatory|transcript	247
chr18	5400595	5400842	ENSG00000082397.18	UTR|exon|gene|regulatory|transcript	247
chr18	9476968	9477215	ENSG00000017797.13	UTR|exon|gene|regulatory|repeat|transcript	247
chr18	77014636	77014882	ENSG00000197971.16	UTR|exon|gene|regulatory|transcript	246
chr18	46462417	46462663	ENSG00000141622.14	UTR|exon|gene|regulatory|transcript	246
chr18	11882704	11882949	ENSG00000141404.17|ENSG00000154889.17	UTR|exon|gene|regulatory|transcript	245
chr18	69846308	69846553	ENSG00000150637.9|ENSG00000206052.11	UTR|exon|gene|regulatory|transcript	245
chr18	50270344	50270588	ENSG00000141644.19	UTR|exon|gene|regulatory|transcript	244
chr18	35127290	35127532	ENSG00000166974.13	UTR|exon|gene|regulatory|transcript	242
chr18	47817599	47817840	ENSG00000175387.16	UTR|exon|gene|regulatory|repeat|transcript	241
chr18	45850092	45850332	ENSG00000152223.16	UTR|exon|gene|regulatory|transcript	240
chr18	13664731	13664971	ENSG00000177150.13	UTR|exon|gene|regulatory|transcript	240
chr18	57621836	57622076	ENSG00000134440.12	UTR|exon|gene|regulatory|transcript	240
chr18	80049314	80049553	ENSG00000101546.13|ENSG00000261126.7|ENSG00000267127.7	UTR|exon|gene|regulatory|transcript	239
chr18	45066266	45066505	ENSG00000152217.20	UTR|exon|gene|regulatory|transcript	239
chr18	69841525	69841764	ENSG00000150637.9|ENSG00000206052.11	UTR|exon|gene|regulatory|transcript	239
chr18	77016520	77016759	ENSG00000197971.16	UTR|exon|gene|regulatory|transcript	239
chr18	48027360	48027599	ENSG00000184828.10	UTR|exon|gene|regulatory|transcript	239
chr18	49479529	49479768	ENSG00000177576.12	UTR|exon|gene|regulatory|repeat|transcript	239
chr18	54269677	54269914	ENSG00000101751.11|ENSG00000277324.1	UTR|exon|gene|regulatory|transcript	237
chr18	67509735	67509972	ENSG00000171451.15|ENSG00000263424.1	UTR|exon|gene|regulatory|transcript	237
chr18	49591922	49592157	ENSG00000101670.12	UTR|exon|gene|regulatory|transcript	235
chr18	59156340	59156575	ENSG00000166562.9	UTR|exon|gene|regulatory|repeat|transcript	235
chr18	46916846	46917079	ENSG00000078043.16	UTR|exon|gene|regulatory|transcript	233
chr18	62980004	62980237	ENSG00000081913.14	UTR|exon|gene|regulatory|transcript	233
chr18	79972967	79973199	ENSG00000141759.15	UTR|exon|gene|regulatory|repeat|transcript	232
chr18	11857554	11857785	ENSG00000141404.17	UTR|exon|gene|regulatory|transcript	231
chr18	2914510	2914741	ENSG00000101577.11|ENSG00000132205.11	UTR|exon|gene|regulatory|transcript	231
chr18	12008360	12008591	ENSG00000141401.12	UTR|exon|gene|regulatory|transcript	231
chr18	36025136	36025366	ENSG00000141425.18	UTR|exon|gene|regulatory|repeat|transcript	230
chr18	46080247	46080477	ENSG00000152234.16	UTR|exon|gene|regulatory|transcript	230
chr18	63127981	63128211	ENSG00000171791.14	UTR|exon|gene|regulatory|transcript	230
chr18	74252478	74252707	ENSG00000166347.19	UTR|exon|gene|regulatory|transcript	229
chr18	9536793	9537021	ENSG00000017797.13	UTR|exon|gene|regulatory|transcript	228
chr18	75200158	75200386	ENSG00000180011.7	UTR|exon|gene|regulatory|transcript	228
chr18	6031498	6031726	ENSG00000154655.16|ENSG00000266846.2	UTR|exon|gene|regulatory|repeat|transcript	228
chr18	35247438	35247666	ENSG00000186812.13	UTR|exon|gene|regulatory|transcript	228
chr18	48539529	48539756	ENSG00000134030.14	UTR|exon|gene|regulatory|transcript	227
chr18	53531502	53531728	ENSG00000187323.13|ENSG00000260433.3	UTR|exon|gene|regulatory|transcript	226
chr18	34223978	34224204	ENSG00000101746.16|ENSG00000267746.1	UTR|exon|gene|regulatory|transcript	226
chr18	2571246	2571471	ENSG00000101574.15	UTR|exon|gene|regulatory|transcript	225
chr18	46336707	46336930	ENSG00000141622.14	UTR|exon|gene|regulatory|transcript	223
chr18	56638703	56638926	ENSG00000091164.13	UTR|exon|gene|regulatory|transcript	223
chr18	77249935	77250157	ENSG00000166573.6	UTR|exon|gene|regulatory|transcript	222
chr18	57648490	57648712	ENSG00000081923.15|ENSG00000267040.8|ENSG00000267787.7	CDS|UTR|exon|gene|regulatory|transcript	222
chr18	52340303	52340525	ENSG00000187323.13	UTR|exon|gene|regulatory|transcript	222
chr18	45910520	45910742	ENSG00000152223.16	UTR|exon|gene|regulatory|transcript	222
chr18	69845659	69845880	ENSG00000150637.9|ENSG00000206052.11	UTR|exon|gene|regulatory|transcript	221
chr18	79486409	79486630	ENSG00000131196.18	CDS|UTR|exon|gene|regulatory|transcript	221
chr18	47826454	47826674	ENSG00000175387.16	UTR|exon|gene|regulatory|transcript	220
chr18	58862947	58863166	ENSG00000074657.14	UTR|exon|gene|regulatory|transcript	219
chr18	48920656	48920875	ENSG00000101665.10	UTR|exon|gene|regulatory|transcript	219
chr18	3451775	3451994	ENSG00000177426.22	UTR|exon|gene|regulatory|transcript	219
chr18	48920392	48920611	ENSG00000101665.10	UTR|exon|gene|regulatory|transcript	219
chr18	51194037	51194254	ENSG00000176624.12	UTR|exon|gene|regulatory|transcript	217
chr18	32470508	32470725	ENSG00000141441.16|ENSG00000285095.2	UTR|exon|gene|regulatory|transcript	217
chr18	11853562	11853778	ENSG00000141404.17|ENSG00000255112.3	UTR|exon|gene|regulatory|transcript	216
chr18	51193648	51193863	ENSG00000176624.12	UTR|exon|gene|regulatory|transcript	215
chr18	63317583	63317798	ENSG00000171791.14	UTR|exon|gene|regulatory|transcript	215
chr18	21111319	21111534	ENSG00000067900.9	UTR|exon|gene|regulatory|transcript	215
chr18	58045224	58045438	ENSG00000049759.20	UTR|exon|gene|regulatory|transcript	214
chr18	13614171	13614384	ENSG00000168675.19	UTR|exon|gene|regulatory|repeat|transcript	213
chr18	63319496	63319709	ENSG00000171791.14	UTR|exon|gene|regulatory|transcript	213
chr18	74252051	74252262	ENSG00000166347.19	UTR|exon|gene|regulatory|transcript	211
chr18	48859559	48859770	ENSG00000134030.14	UTR|exon|gene|regulatory|transcript	211
chr18	12277270	12277481	ENSG00000176194.18	UTR|exon|gene|regulatory|transcript	211
chr18	31102210	31102421	ENSG00000134755.18|ENSG00000265888.4	UTR|exon|gene|regulatory|transcript	211
chr18	51194805	51195016	ENSG00000176624.12	UTR|exon|gene|regulatory|transcript	211
chr18	46264214	46264425	ENSG00000152242.11	UTR|exon|gene|regulatory|transcript	211
chr18	13611818	13612028	ENSG00000168675.19	UTR|exon|gene|regulatory|transcript	210
chr18	47826056	47826265	ENSG00000175387.16	UTR|exon|gene|regulatory|transcript	209
chr18	7955206	7955414	ENSG00000173482.17	UTR|exon|gene|regulatory|transcript	208
chr18	26192411	26192619	ENSG00000154611.15	UTR|exon|gene|regulatory|transcript	208
chr18	46677686	46677893	ENSG00000101638.14	UTR|exon|gene|regulatory|transcript	207
chr18	724070	724277	ENSG00000176105.14	UTR|exon|gene|regulatory|transcript	207
chr18	80157574	80157781	ENSG00000178184.16|ENSG00000267270.8	UTR|exon|gene|regulatory|transcript	207
chr18	57803109	57803315	ENSG00000081923.15	UTR|exon|gene|regulatory|transcript	206
chr18	3459313	3459518	ENSG00000177426.22	UTR|exon|gene|regulatory|transcript	205
chr18	47107627	47107832	ENSG00000167220.12|ENSG00000267724.1	UTR|exon|gene|regulatory|transcript	205
chr18	48860711	48860916	ENSG00000134030.14	UTR|exon|gene|regulatory|transcript	205
chr18	48540118	48540323	ENSG00000134030.14	UTR|exon|gene|regulatory|transcript	205
chr18	33749991	33750196	ENSG00000141431.14	UTR|exon|gene|regulatory|transcript	205
chr18	31064277	31064482	ENSG00000134755.18	UTR|exon|gene|regulatory|transcript	205
chr18	54894193	54894397	ENSG00000041353.10|ENSG00000267112.1	UTR|exon|gene|regulatory|transcript	204
chr18	34223581	34223785	ENSG00000101746.16|ENSG00000267746.1	UTR|exon|gene|regulatory|transcript	204
chr18	35267475	35267679	ENSG00000186814.15	UTR|exon|gene|regulatory|transcript	204
chr18	26549231	26549435	ENSG00000134504.14	UTR|exon|gene|regulatory|transcript	204
chr18	63316767	63316970	ENSG00000171791.14	UTR|exon|gene|regulatory|transcript	203
chr18	6415000	6415203	ENSG00000154655.16	UTR|exon|gene|regulatory|transcript	203
chr18	70329175	70329378	ENSG00000170677.6	UTR|exon|gene|regulatory|transcript	203
chr18	57149620	57149823	ENSG00000228075.5	UTR|exon|gene|regulatory|transcript	203
chr18	59903560	59903763	ENSG00000141682.12	UTR|exon|gene|regulatory|transcript	203
chr18	72867373	72867575	ENSG00000166342.19	UTR|exon|gene|regulatory|transcript	202
chr18	63366404	63366606	ENSG00000119537.18	UTR|exon|gene|regulatory|transcript	202
chr18	23955978	23956179	ENSG00000053747.17	UTR|exon|gene|regulatory|transcript	201
chr18	36179522	36179723	ENSG00000134759.14	UTR|exon|gene|regulatory|transcript	201
chr18	53531273	53531474	ENSG00000187323.13|ENSG00000260433.3	UTR|exon|gene|regulatory|transcript	201
chr18	76982370	76982571	ENSG00000197971.16|ENSG00000266844.1	UTR|exon|gene|regulatory|transcript	201
chr18	2917754	2917955	ENSG00000101577.11	UTR|exon|gene|regulatory|transcript	201
chr18	76981091	76981292	ENSG00000197971.16|ENSG00000266844.1	UTR|exon|gene|regulatory|transcript	201
chr18	45985004	45985204	ENSG00000152229.18	UTR|exon|gene|regulatory|transcript	200
chr18	79971646	79971846	ENSG00000141759.15	UTR|exon|gene|regulatory|repeat|transcript	200
chr18	79529083	79529283	ENSG00000131196.18	UTR|exon|gene|regulatory|transcript	200
chr18	35247969	35248169	ENSG00000186812.13	UTR|exon|gene|regulatory|transcript	200
chr18	3066952	3067151	ENSG00000101605.14	UTR|exon|gene|regulatory|transcript	199
chr18	55585524	55585723	ENSG00000196628.20	UTR|exon|gene|regulatory|transcript	199
chr18	63316566	63316765	ENSG00000171791.14	UTR|exon|gene|regulatory|transcript	199
chr18	48408357	48408556	ENSG00000184828.10	UTR|exon|gene|regulatory|transcript	199
chr18	65750813	65751011	ENSG00000081138.14	UTR|exon|gene|regulatory|transcript	198
chr18	24014447	24014645	ENSG00000168234.13|ENSG00000264745.1	UTR|exon|gene|regulatory|transcript	198
chr18	76979355	76979553	ENSG00000197971.16|ENSG00000266844.1	UTR|exon|gene|regulatory|transcript	198
chr18	59273861	59274059	ENSG00000134438.10	UTR|exon|gene|regulatory|transcript	198
chr18	61333629	61333827	ENSG00000101542.10	UTR|exon|gene|regulatory|transcript	198
chr18	48950582	48950779	ENSG00000101665.10	UTR|exon|gene|regulatory|transcript	197
chr18	45837643	45837840	ENSG00000152223.16|ENSG00000197046.12	CDS|UTR|exon|gene|regulatory|transcript	197
chr18	76358412	76358608	ENSG00000101493.11	UTR|exon|gene|regulatory|transcript	196
chr18	35246908	35247104	ENSG00000186812.13	UTR|exon|gene|regulatory|repeat|transcript	196
chr18	67514608	67514804	ENSG00000171451.15	UTR|exon|gene|regulatory|transcript	196
chr18	905180	905376	ENSG00000141433.13|ENSG00000265179.9|ENSG00000265671.1	UTR|exon|gene|regulatory|transcript	196
chr18	72866809	72867005	ENSG00000166342.19	UTR|exon|gene|regulatory|transcript	196
chr18	49590752	49590947	ENSG00000101670.12	UTR|exon|gene|regulatory|transcript	195
chr18	49812749	49812944	ENSG00000167315.18|ENSG00000266997.2	UTR|exon|gene|regulatory|transcript	195
chr18	55589296	55589491	ENSG00000196628.20	UTR|exon|gene|regulatory|transcript	195
chr18	9862059	9862253	ENSG00000168461.13	UTR|exon|gene|regulatory|transcript	194
chr18	48862878	48863071	ENSG00000134030.14	UTR|exon|gene|regulatory|transcript	193
chr18	2655725	2655918	ENSG00000101596.17	UTR|exon|gene|regulatory|transcript	193
chr18	28097062	28097254	ENSG00000170558.10	UTR|exon|gene|regulatory|transcript	192
chr18	33852844	33853035	ENSG00000101746.16	CDS|UTR|exon|gene|regulatory|transcript	191
chr18	31065392	31065583	ENSG00000134755.18	UTR|exon|gene|regulatory|repeat|transcript	191
chr18	79468221	79468412	ENSG00000131196.18	UTR|exon|gene|regulatory|transcript	191
chr18	13615557	13615748	ENSG00000168675.19	UTR|exon|gene|regulatory|transcript	191
chr18	9254917	9255107	ENSG00000101745.17	CDS|UTR|exon|gene|regulatory|transcript	190
chr18	74521154	74521344	ENSG00000133313.15	UTR|exon|gene|regulatory|transcript	190
chr18	65762646	65762835	ENSG00000081138.14	UTR|exon|gene|regulatory|transcript	189
chr18	3011758	3011947	ENSG00000101577.11	UTR|exon|gene|regulatory|transcript	189
chr18	3459608	3459796	ENSG00000177426.22	UTR|exon|gene|regulatory|transcript	188
chr18	63319769	63319957	ENSG00000171791.14	UTR|exon|gene|regulatory|transcript	188
chr18	67515020	67515207	ENSG00000171451.15	UTR|exon|gene|regulatory|transcript	187
chr18	47834861	47835048	ENSG00000175387.16	UTR|exon|gene|regulatory|transcript	187
chr18	50986759	50986946	ENSG00000141642.9|ENSG00000267699.2	CDS|UTR|exon|gene|regulatory|transcript	187
chr18	43267891	43268077	ENSG00000132872.12	UTR|exon|gene|regulatory|transcript	186
chr18	50269370	50269556	ENSG00000141644.19	UTR|exon|gene|regulatory|repeat|transcript	186
chr18	54151938	54152123	ENSG00000134046.12	UTR|exon|gene|regulatory|repeat|transcript	185
chr18	46672429	46672614	ENSG00000101638.14	UTR|exon|gene|regulatory|transcript	185
chr18	67516360	67516545	ENSG00000171451.15	UTR|exon|gene|regulatory|transcript	185
chr18	47817182	47817366	ENSG00000175387.16	UTR|exon|gene|regulatory|repeat|transcript	184
chr18	12421355	12421539	ENSG00000141391.14	UTR|exon|gene|regulatory|transcript	184
chr18	13612895	13613079	ENSG00000168675.19	UTR|exon|gene|regulatory|transcript	184
chr18	69845986	69846169	ENSG00000150637.9|ENSG00000206052.11	UTR|exon|gene|regulatory|transcript	183
chr18	51082694	51082877	ENSG00000141646.16	UTR|exon|gene|regulatory|repeat|transcript	183
chr18	3262955	3263138	ENSG00000118680.14	UTR|exon|gene|regulatory|transcript	183
chr18	78998462	78998644	ENSG00000256463.10	UTR|exon|gene|regulatory|transcript	182
chr18	34978243	34978425	ENSG00000166974.13	UTR|exon|gene|regulatory|transcript	182
chr18	37160199	37160381	ENSG00000150477.15	UTR|exon|gene|regulatory|transcript	182
chr18	48861010	48861192	ENSG00000134030.14	UTR|exon|gene|regulatory|transcript	182
chr18	77013263	77013444	ENSG00000197971.16	UTR|exon|gene|regulatory|transcript	181
chr18	74521422	74521603	ENSG00000133313.15	UTR|exon|gene|regulatory|repeat|transcript	181
chr18	79361811	79361992	ENSG00000166377.21	UTR|exon|gene|regulatory|transcript	181
chr18	46097990	46098171	ENSG00000152234.16	CDS|UTR|exon|gene|regulatory|transcript	181
chr18	21600704	21600884	ENSG00000141446.11	UTR|exon|gene|regulatory|transcript	180
chr18	47821426	47821606	ENSG00000175387.16	UTR|exon|gene|regulatory|repeat|transcript	180
chr18	76955984	76956164	ENSG00000130856.18	UTR|exon|gene|regulatory|transcript	180
chr18	9137693	9137873	ENSG00000101745.17|ENSG00000265257.5	UTR|exon|gene|regulatory|transcript	180
chr18	46334865	46335045	ENSG00000141622.14	UTR|exon|gene|regulatory|transcript	180
chr18	37243928	37244107	ENSG00000101489.20|ENSG00000267707.2	UTR|exon|gene|regulatory|transcript	179
chr18	34222110	34222289	ENSG00000101746.16	UTR|exon|gene|regulatory|transcript	179
chr18	69853274	69853453	ENSG00000150637.9	UTR|exon|gene|regulatory|transcript	179
chr18	51195078	51195257	ENSG00000176624.12	UTR|exon|gene|regulatory|transcript	179
chr18	54164522	54164700	ENSG00000134046.12	UTR|exon|gene|regulatory|transcript	178
chr18	57545036	57545214	ENSG00000066926.13	UTR|exon|gene|regulatory|transcript	178
chr18	44700795	44700973	ENSG00000152217.20	UTR|exon|gene|regulatory|transcript	178
chr18	13614665	13614842	ENSG00000168675.19	UTR|exon|gene|regulatory|transcript	177
chr18	76960678	76960855	ENSG00000130856.18	UTR|exon|gene|regulatory|transcript	177
chr18	77014344	77014521	ENSG00000197971.16	UTR|exon|gene|regulatory|transcript	177
chr18	36794311	36794488	ENSG00000134779.15	UTR|exon|gene|regulatory|transcript	177
chr18	75198168	75198345	ENSG00000180011.7	UTR|exon|gene|regulatory|transcript	177
chr18	34224260	34224437	ENSG00000101746.16|ENSG00000267746.1	UTR|exon|gene|regulatory|transcript	177
chr18	13613296	13613472	ENSG00000168675.19	UTR|exon|gene|regulatory|transcript	176
chr18	51030370	51030545	ENSG00000141646.16|ENSG00000267699.2	UTR|exon|gene|regulatory|transcript	175
chr18	36786645	36786820	ENSG00000134779.15	UTR|exon|gene|regulatory|repeat|transcript	175
chr18	36109285	36109460	ENSG00000141424.13	UTR|exon|gene|regulatory|transcript	175
chr18	63317811	63317985	ENSG00000171791.14	UTR|exon|gene|regulatory|transcript	174
chr18	11751508	11751682	ENSG00000141404.17	UTR|exon|gene|regulatory|transcript	174
chr18	61813044	61813217	ENSG00000176641.11	UTR|exon|gene|regulatory|transcript	173
chr18	62979431	62979604	ENSG00000081913.14	UTR|exon|gene|regulatory|transcript	173
chr18	62389839	62390011	ENSG00000141655.18	UTR|exon|gene|regulatory|repeat|transcript	172
chr18	47154094	47154266	ENSG00000134049.6|ENSG00000267228.7	UTR|exon|gene|regulatory|transcript	172
chr18	31101971	31102143	ENSG00000134755.18|ENSG00000265888.4	UTR|exon|gene|regulatory|transcript	172
chr18	75210983	75211154	ENSG00000179981.11	UTR|exon|gene|regulatory|transcript	171
chr18	76980063	76980234	ENSG00000197971.16|ENSG00000266844.1	UTR|exon|gene|regulatory|transcript	171
chr18	69956754	69956924	ENSG00000150637.9	UTR|exon|gene|regulatory|transcript	170
chr18	23258139	23258309	ENSG00000134490.14|ENSG00000134508.13|ENSG00000266495.1	UTR|exon|gene|regulatory|transcript	170
chr18	33742887	33743055	ENSG00000141431.14	CDS|UTR|exon|gene|regulatory|transcript	168
chr18	32070470	32070638	ENSG00000101695.9|ENSG00000263917.1	UTR|exon|gene|regulatory|repeat|transcript	168
chr18	54357543	54357711	ENSG00000174448.9	UTR|exon|gene|regulatory|transcript	168
chr18	57352556	57352724	ENSG00000177511.6	UTR|exon|gene|regulatory|transcript	168
chr18	13612071	13612239	ENSG00000168675.19	UTR|exon|gene|regulatory|transcript	168
chr18	58754059	58754226	ENSG00000172175.16	UTR|exon|gene|regulatory|repeat|transcript	167
chr18	50194980	50195147	ENSG00000167306.21	UTR|exon|gene|regulatory|transcript	167
chr18	34818163	34818330	ENSG00000134769.23	UTR|exon|gene|regulatory|transcript	167
chr18	55401872	55402039	ENSG00000196628.20	UTR|exon|gene|regulatory|transcript	167
chr18	79924886	79925053	ENSG00000122490.19	UTR|exon|gene|regulatory|transcript	167
chr18	21363592	21363759	ENSG00000141449.16	UTR|exon|gene|regulatory|transcript	167
chr18	57435550	57435716	ENSG00000119547.6	UTR|exon|gene|regulatory|transcript	166
chr18	68677027	68677193	ENSG00000166479.10	CDS|UTR|exon|gene|regulatory|transcript	166
chr18	12657876	12658042	ENSG00000134278.16	UTR|exon|gene|regulatory|transcript	166
chr18	46335916	46336082	ENSG00000141622.14	UTR|exon|gene|regulatory|transcript	166
chr18	214183	214349	ENSG00000101557.15	UTR|exon|gene|regulatory|transcript	166
chr18	22798322	22798487	ENSG00000101773.19|ENSG00000265943.1|ENSG00000266850.1	UTR|exon|gene|regulatory|transcript	165
chr18	55588276	55588441	ENSG00000196628.20	UTR|exon|gene|regulatory|transcript	165
chr18	11852417	11852582	ENSG00000141404.17|ENSG00000255112.3|ENSG00000267165.1	UTR|exon|gene|regulatory|transcript	165
chr18	77250249	77250414	ENSG00000166573.6	UTR|exon|gene|regulatory|transcript	165
chr18	45851277	45851442	ENSG00000152223.16	UTR|exon|gene|regulatory|transcript	165
chr18	214018	214183	ENSG00000101557.15	UTR|exon|gene|regulatory|repeat|transcript	165
chr18	5955734	5955899	ENSG00000154655.16|ENSG00000264449.6|ENSG00000266846.2	UTR|exon|gene|regulatory|transcript	165
chr18	76981484	76981649	ENSG00000197971.16|ENSG00000266844.1	UTR|exon|gene|regulatory|transcript	165
chr18	5895316	5895480	ENSG00000206432.4|ENSG00000264449.6	UTR|exon|gene|regulatory|transcript	164
chr18	62525001	62525165	ENSG00000141664.10	UTR|exon|gene|regulatory|transcript	164
chr18	13763947	13764111	ENSG00000101654.18	UTR|exon|gene|regulatory|transcript	164
chr18	77017422	77017586	ENSG00000197971.16	UTR|exon|gene|regulatory|transcript	164
chr18	46676887	46677051	ENSG00000101638.14	UTR|exon|gene|regulatory|repeat|transcript	164
chr18	158857	159021	ENSG00000101557.15	UTR|exon|gene|regulatory|transcript	164
chr18	69401037	69401201	ENSG00000206052.11	UTR|exon|gene|regulatory|transcript	164
chr18	32091901	32092064	ENSG00000134758.14|ENSG00000263917.1|ENSG00000265008.1	UTR|exon|gene|regulatory|transcript	163
chr18	47826732	47826895	ENSG00000175387.16	UTR|exon|gene|regulatory|transcript	163
chr18	31830757	31830920	ENSG00000153339.15	CDS|UTR|exon|gene|regulatory|transcript	163
chr18	59275761	59275924	ENSG00000166569.8	UTR|exon|gene|regulatory|transcript	163
chr18	46461786	46461949	ENSG00000141622.14	UTR|exon|gene|regulatory|transcript	163
chr18	74522800	74522962	ENSG00000133313.15	UTR|exon|gene|regulatory|transcript	162
chr18	45852304	45852466	ENSG00000152223.16	UTR|exon|gene|regulatory|transcript	162
chr18	76981322	76981484	ENSG00000197971.16|ENSG00000266844.1	UTR|exon|gene|regulatory|transcript	162
chr18	48950787	48950949	ENSG00000101665.10	UTR|exon|gene|regulatory|transcript	162
chr18	6774001	6774163	ENSG00000088756.13	UTR|exon|gene|regulatory|transcript	162
chr18	49460397	49460558	ENSG00000141627.14	UTR|exon|gene|regulatory|transcript	161
chr18	51195920	51196081	ENSG00000176624.12	UTR|exon|gene|regulatory|transcript	161
chr18	62539513	62539674	ENSG00000141664.10	UTR|exon|gene|regulatory|transcript	161
chr18	63319173	63319334	ENSG00000171791.14	UTR|exon|gene|regulatory|transcript	161
chr18	3499024	3499184	ENSG00000170579.19	UTR|exon|gene|regulatory|transcript	160
chr18	3262452	3262612	ENSG00000118680.14	UTR|exon|gene|regulatory|transcript	160
chr18	51196094	51196254	ENSG00000176624.12	UTR|exon|gene|regulatory|transcript	160
chr18	23528319	23528479	ENSG00000141452.11|ENSG00000141458.13	UTR|exon|gene|regulatory|transcript	160
chr18	9861852	9862012	ENSG00000168461.13	UTR|exon|gene|regulatory|transcript	160
chr18	12947170	12947330	ENSG00000085415.16	UTR|exon|gene|regulatory|transcript	160
chr18	31065112	31065272	ENSG00000134755.18	UTR|exon|gene|regulatory|transcript	160
chr18	26226640	26226799	ENSG00000141384.13	UTR|exon|gene|regulatory|transcript	159
chr18	31625325	31625484	ENSG00000118276.12	UTR|exon|gene|regulatory|transcript	159
chr18	812387	812546	ENSG00000176105.14|ENSG00000273355.2	UTR|exon|gene|regulatory|transcript	159
chr18	24020040	24020198	ENSG00000168234.13	UTR|exon|gene|regulatory|transcript	158
chr18	47930984	47931141	ENSG00000175387.16	UTR|exon|gene|regulatory|transcript	157
chr18	34224486	34224643	ENSG00000101746.16|ENSG00000267746.1	UTR|exon|gene|regulatory|transcript	157
chr18	62523126	62523283	ENSG00000141664.10	UTR|exon|gene|regulatory|transcript	157
chr18	54902809	54902966	ENSG00000166510.14	UTR|exon|gene|regulatory|repeat|transcript	157
chr18	63961582	63961738	ENSG00000221887.6	UTR|exon|gene|regulatory|repeat|transcript	156
chr18	35247196	35247352	ENSG00000186812.13	UTR|exon|gene|regulatory|transcript	156
chr18	63301661	63301817	ENSG00000171791.14	UTR|exon|gene|regulatory|transcript	156
chr18	75210796	75210952	ENSG00000179981.11	UTR|exon|gene|regulatory|transcript	156
chr18	9103615	9103771	ENSG00000178127.13|ENSG00000265257.5	UTR|exon|gene|regulatory|repeat|transcript	156
chr18	46336956	46337112	ENSG00000141622.14	UTR|exon|gene|regulatory|transcript	156
chr18	3456015	3456170	ENSG00000177426.22	UTR|exon|gene|regulatory|transcript	155
chr18	72867826	72867981	ENSG00000166342.19	UTR|exon|gene|regulatory|transcript	155
chr18	12686274	12686429	ENSG00000101624.11|ENSG00000128789.22	UTR|exon|gene|regulatory|transcript	155
chr18	31162628	31162783	ENSG00000134765.10|ENSG00000265888.4	UTR|exon|gene|regulatory|transcript	155
chr18	76824202	76824357	ENSG00000130856.18	UTR|exon|gene|regulatory|repeat|transcript	155
chr18	8707410	8707565	ENSG00000168502.18|ENSG00000265962.2	UTR|exon|gene|regulatory|transcript	155
chr18	49479896	49480050	ENSG00000177576.12	UTR|exon|gene|regulatory|transcript	154
chr18	51044897	51045051	ENSG00000141646.16|ENSG00000267699.2	UTR|exon|gene|regulatory|transcript	154
chr18	74290887	74291041	ENSG00000166347.19	UTR|exon|gene|regulatory|transcript	154
chr18	74499706	74499860	ENSG00000133313.15	UTR|exon|gene|regulatory|transcript	154
chr18	5955291	5955445	ENSG00000154655.16|ENSG00000264449.6|ENSG00000266846.2	UTR|exon|gene|regulatory|transcript	154
chr18	26090747	26090901	ENSG00000141380.14	UTR|exon|gene|regulatory|transcript	154
chr18	50194793	50194947	ENSG00000167306.21	UTR|exon|gene|regulatory|transcript	154
chr18	62524753	62524907	ENSG00000141664.10	UTR|exon|gene|regulatory|transcript	154
chr18	63126192	63126345	ENSG00000171791.14	UTR|exon|gene|regulatory|transcript	153
chr18	46460171	46460324	ENSG00000141622.14	UTR|exon|gene|regulatory|transcript	153
chr18	45727107	45727260	ENSG00000141469.18|ENSG00000288545.1	UTR|exon|gene|regulatory|transcript	153
chr18	67510113	67510266	ENSG00000171451.15|ENSG00000263424.1	UTR|exon|gene|regulatory|transcript	153
chr18	47833653	47833806	ENSG00000175387.16	UTR|exon|gene|regulatory|transcript	153
chr18	9536512	9536665	ENSG00000017797.13	UTR|exon|gene|regulatory|transcript	153
chr18	51195441	51195594	ENSG00000176624.12	UTR|exon|gene|regulatory|transcript	153
chr18	9103462	9103615	ENSG00000178127.13|ENSG00000265257.5	UTR|exon|gene|regulatory|transcript	153
chr18	58865057	58865210	ENSG00000074657.14	UTR|exon|gene|regulatory|transcript	153
chr18	48860276	48860429	ENSG00000134030.14	UTR|exon|gene|regulatory|transcript	153
chr18	79528890	79529042	ENSG00000131196.18	UTR|exon|gene|regulatory|transcript	152
chr18	63970248	63970400	ENSG00000166401.15|ENSG00000221887.6	UTR|exon|gene|regulatory|transcript	152
chr18	670539	670691	ENSG00000132199.20|ENSG00000176890.16	UTR|exon|gene|regulatory|transcript	152
chr18	48862726	48862878	ENSG00000134030.14	UTR|exon|gene|regulatory|transcript	152
chr18	69859133	69859285	ENSG00000150637.9	UTR|exon|gene|regulatory|transcript	152
chr18	60372349	60372500	ENSG00000166603.5|ENSG00000285681.2	UTR|exon|gene|regulatory|transcript	151
chr18	48072459	48072610	ENSG00000184828.10	UTR|exon|gene|regulatory|transcript	151
chr18	23528617	23528768	ENSG00000141452.11|ENSG00000141458.13	UTR|exon|gene|regulatory|transcript	151
chr18	51196260	51196411	ENSG00000176624.12	UTR|exon|gene|regulatory|transcript	151
chr18	9612537	9612688	ENSG00000154845.16	UTR|exon|gene|regulatory|transcript	151
chr18	55321835	55321986	ENSG00000196628.20	UTR|exon|gene|regulatory|transcript	151
chr18	62584445	62584595	ENSG00000141664.10	UTR|exon|gene|regulatory|transcript	150
chr18	70047997	70048147	ENSG00000176225.15	UTR|exon|gene|regulatory|transcript	150
chr18	47826895	47827045	ENSG00000175387.16	UTR|exon|gene|regulatory|repeat|transcript	150
chr18	62187355	62187505	ENSG00000134444.15	UTR|exon|gene|regulatory|transcript	150
chr18	74508989	74509138	ENSG00000133313.15	UTR|exon|gene|regulatory|transcript	149
chr18	63400047	63400196	ENSG00000119541.10	UTR|exon|gene|regulatory|transcript	149
chr18	45880074	45880223	ENSG00000152223.16	UTR|exon|gene|regulatory|transcript	149
chr18	51192909	51193058	ENSG00000176624.12	UTR|exon|gene|regulatory|transcript	149
chr18	12366964	12367112	ENSG00000141385.12	CDS|UTR|exon|gene|regulatory|transcript	148
chr18	58047362	58047510	ENSG00000049759.20	UTR|exon|gene|regulatory|transcript	148
chr18	51077419	51077567	ENSG00000141646.16	UTR|exon|gene|regulatory|transcript	148
chr18	34023491	34023639	ENSG00000101746.16	UTR|exon|gene|regulatory|transcript	148
chr18	61554695	61554843	ENSG00000101542.10	UTR|exon|gene|regulatory|transcript	148
chr18	31760732	31760880	ENSG00000141437.10	UTR|exon|gene|regulatory|transcript	148
chr18	670691	670839	ENSG00000132199.20|ENSG00000176890.16	CDS|UTR|exon|gene|regulatory|transcript	148
chr18	36067253	36067401	ENSG00000141425.18	CDS|UTR|exon|gene|regulatory|transcript	148
chr18	28159148	28159295	ENSG00000170558.10	UTR|exon|gene|regulatory|repeat|transcript	147
chr18	23257747	23257894	ENSG00000134490.14|ENSG00000134508.13|ENSG00000266495.1	UTR|exon|gene|regulatory|transcript	147
chr18	53535296	53535443	ENSG00000187323.13|ENSG00000260433.3	UTR|exon|gene|regulatory|transcript	147
chr18	47206746	47206892	ENSG00000215474.8	UTR|exon|gene|regulatory|transcript	146
chr18	54151605	54151751	ENSG00000134046.12	UTR|exon|gene|regulatory|transcript	146
chr18	56651128	56651274	ENSG00000091164.13	UTR|exon|gene|regulatory|transcript	146
chr18	23992892	23993038	ENSG00000168234.13	UTR|exon|gene|regulatory|transcript	146
chr18	63319027	63319173	ENSG00000171791.14	UTR|exon|gene|regulatory|transcript	146
chr18	21525966	21526112	ENSG00000141449.16	UTR|exon|gene|regulatory|transcript	146
chr18	23135616	23135762	ENSG00000134508.13	UTR|exon|gene|regulatory|transcript	146
chr18	45916437	45916582	ENSG00000152223.16	UTR|exon|gene|regulatory|transcript	145
chr18	54828555	54828700	ENSG00000041353.10	UTR|exon|gene|regulatory|transcript	145
chr18	60372630	60372775	ENSG00000166603.5|ENSG00000285681.2	UTR|exon|gene|regulatory|transcript	145
chr18	45683207	45683351	ENSG00000132874.15|ENSG00000288545.1	UTR|exon|gene|regulatory|repeat|transcript	144
chr18	31065583	31065727	ENSG00000134755.18	UTR|exon|gene|regulatory|transcript	144
chr18	46336484	46336628	ENSG00000141622.14	UTR|exon|gene|regulatory|transcript	144
chr18	3066808	3066952	ENSG00000101605.14	UTR|exon|gene|regulatory|transcript	144
chr18	9475008	9475152	ENSG00000017797.13	UTR|exon|gene|regulatory|transcript	144
chr18	13218786	13218930	ENSG00000168675.19	UTR|exon|gene|regulatory|transcript	144
chr18	8806892	8807036	ENSG00000168502.18	UTR|exon|gene|regulatory|transcript	144
chr18	9757962	9758106	ENSG00000168461.13	UTR|exon|gene|regulatory|repeat|transcript	144
chr18	58054470	58054613	ENSG00000049759.20	UTR|exon|gene|regulatory|repeat|transcript	143
chr18	45889797	45889940	ENSG00000152223.16	UTR|exon|gene|regulatory|transcript	143
chr18	47818486	47818629	ENSG00000175387.16	UTR|exon|gene|regulatory|repeat|transcript	143
chr18	77017118	77017261	ENSG00000197971.16	CDS|UTR|exon|gene|regulatory|transcript	143
chr18	55302484	55302626	ENSG00000196628.20	UTR|exon|gene|regulatory|transcript	142
chr18	5630376	5630518	ENSG00000082397.18	UTR|exon|gene|regulatory|transcript	142
chr18	67515350	67515492	ENSG00000171451.15	UTR|exon|gene|regulatory|transcript	142
chr18	31857542	31857684	ENSG00000153339.15	CDS|UTR|exon|gene|regulatory|transcript	142
chr18	26854100	26854241	ENSG00000171885.18|ENSG00000260372.7	UTR|exon|gene|regulatory|transcript	141
chr18	55232530	55232671	ENSG00000196628.20	UTR|exon|gene|regulatory|transcript	141
chr18	49596517	49596658	ENSG00000101670.12	UTR|exon|gene|regulatory|repeat|transcript	141
chr18	79253400	79253541	ENSG00000166377.21	CDS|UTR|exon|gene|regulatory|transcript	141
chr18	46433189	46433329	ENSG00000141622.14	CDS|UTR|exon|gene|regulatory|transcript	140
chr18	47107488	47107627	ENSG00000167220.12|ENSG00000267724.1	UTR|exon|gene|regulatory|transcript	139
chr18	23689452	23689591	ENSG00000053747.17	UTR|exon|gene|regulatory|transcript	139
chr18	500563	500701	ENSG00000158270.12	UTR|exon|gene|regulatory|transcript	138
chr18	9476148	9476286	ENSG00000017797.13	UTR|exon|gene|regulatory|transcript	138
chr18	58400093	58400231	ENSG00000049759.20	UTR|exon|gene|regulatory|transcript	138
chr18	23257226	23257364	ENSG00000134490.14|ENSG00000134508.13|ENSG00000266495.1	CDS|UTR|exon|gene|regulatory|transcript	138
chr18	46174192	46174330	ENSG00000152242.11	UTR|exon|gene|regulatory|transcript	138
chr18	75211699	75211837	ENSG00000179981.11	UTR|exon|gene|regulatory|transcript	138
chr18	3456215	3456353	ENSG00000177426.22	UTR|exon|gene|regulatory|transcript	138
chr18	46462170	46462307	ENSG00000141622.14	UTR|exon|gene|regulatory|transcript	137
chr18	45842224	45842361	ENSG00000152223.16|ENSG00000197046.12	UTR|exon|gene|regulatory|transcript	137
chr18	36544550	36544687	ENSG00000134775.16	UTR|exon|gene|regulatory|transcript	137
chr18	75211243	75211380	ENSG00000179981.11	UTR|exon|gene|regulatory|transcript	137
chr18	51083603	51083739	ENSG00000141646.16	UTR|exon|gene|regulatory|repeat|transcript	136
chr18	49811395	49811531	ENSG00000167315.18|ENSG00000266997.2	UTR|exon|gene|regulatory|transcript	136
chr18	58044230	58044366	ENSG00000049759.20	UTR|exon|gene|regulatory|transcript	136
chr18	50287703	50287839	ENSG00000154832.16	UTR|exon|gene|regulatory|transcript	136
chr18	33578268	33578404	ENSG00000141431.14	UTR|exon|gene|regulatory|repeat|transcript	136
chr18	59275599	59275735	ENSG00000166569.8	UTR|exon|gene|regulatory|transcript	136
chr18	62045512	62045648	ENSG00000197563.11	UTR|exon|gene|regulatory|transcript	136
chr18	25351012	25351148	ENSG00000198795.11	UTR|exon|gene|regulatory|repeat|transcript	136
chr18	26912418	26912554	ENSG00000154080.14|ENSG00000260372.7	UTR|exon|gene|regulatory|transcript	136
chr18	11149433	11149569	ENSG00000154864.14	UTR|exon|gene|regulatory|transcript	136
chr18	58934443	58934578	ENSG00000074657.14	CDS|UTR|exon|gene|regulatory|transcript	135
chr18	45984869	45985004	ENSG00000152229.18	UTR|exon|gene|regulatory|repeat|transcript	135
chr18	8069825	8069959	ENSG00000173482.17	UTR|exon|gene|regulatory|transcript	134
chr18	33578973	33579107	ENSG00000141431.14	UTR|exon|gene|regulatory|transcript	134
chr18	79377246	79377380	ENSG00000166377.21	CDS|UTR|exon|gene|regulatory|transcript	134
chr18	62525362	62525495	ENSG00000141664.10	UTR|exon|gene|regulatory|transcript	133
chr18	21111680	21111813	ENSG00000067900.9	UTR|exon|gene|regulatory|transcript	133
chr18	46335082	46335215	ENSG00000141622.14	UTR|exon|gene|regulatory|transcript	133
chr18	79986601	79986734	ENSG00000141759.15	UTR|exon|gene|regulatory|transcript	133
chr18	57148993	57149126	ENSG00000228075.5	UTR|exon|gene|regulatory|repeat|transcript	133
chr18	75205192	75205325	ENSG00000180011.7	UTR|exon|gene|regulatory|transcript	133
chr18	63128627	63128759	ENSG00000171791.14	CDS|UTR|exon|gene|regulatory|transcript	132
chr18	69400887	69401019	ENSG00000206052.11	UTR|exon|gene|regulatory|transcript	132
chr18	5396200	5396332	ENSG00000082397.18	UTR|exon|gene|regulatory|transcript	132
chr18	35345350	35345482	ENSG00000172466.16	UTR|exon|gene|regulatory|repeat|transcript	132
chr18	58255509	58255640	ENSG00000049759.20	UTR|exon|gene|regulatory|transcript	131
chr18	51029613	51029744	ENSG00000141646.16|ENSG00000267699.2|ENSG00000289868.1	UTR|exon|gene|regulatory|transcript	131
chr18	54902678	54902809	ENSG00000166510.14	UTR|exon|gene|regulatory|transcript	131
chr18	58672206	58672336	ENSG00000172175.16	UTR|exon|gene|regulatory|transcript	130
chr18	23526636	23526765	ENSG00000141452.11|ENSG00000141458.13	UTR|exon|gene|regulatory|transcript	129
chr18	12702888	12703017	ENSG00000128789.22	UTR|exon|gene|regulatory|transcript	129
chr18	47826325	47826454	ENSG00000175387.16	UTR|exon|gene|regulatory|repeat|transcript	129
chr18	48027147	48027276	ENSG00000184828.10	UTR|exon|gene|regulatory|transcript	129
chr18	62523295	62523424	ENSG00000141664.10	UTR|exon|gene|regulatory|transcript	129
chr18	65750251	65750380	ENSG00000081138.14	UTR|exon|gene|regulatory|transcript	129
chr18	909670	909798	ENSG00000141433.13	UTR|exon|gene|regulatory|transcript	128
chr18	46676292	46676420	ENSG00000101638.14	UTR|exon|gene|regulatory|repeat|transcript	128
chr18	70166061	70166188	ENSG00000176225.15	UTR|exon|gene|regulatory|transcript	127
chr18	57580072	57580199	ENSG00000066926.13	CDS|UTR|exon|gene|regulatory|transcript	127
chr18	54959335	54959461	ENSG00000166510.14	UTR|exon|gene|regulatory|transcript	126
chr18	3498740	3498866	ENSG00000170579.19	UTR|exon|gene|regulatory|transcript	126
chr18	77131538	77131664	ENSG00000197971.16	UTR|exon|gene|regulatory|transcript	126
chr18	13824148	13824274	ENSG00000176136.6	UTR|exon|gene|regulatory|transcript	126
chr18	7754972	7755098	ENSG00000173482.17	UTR|exon|gene|regulatory|transcript	126
chr18	49477261	49477387	ENSG00000177576.12	UTR|exon|gene|regulatory|repeat|transcript	126
chr18	50796441	50796567	ENSG00000134042.14	UTR|exon|gene|regulatory|transcript	126
chr18	11148808	11148933	ENSG00000154864.14	UTR|exon|gene|regulatory|transcript	125
chr18	79433578	79433703	ENSG00000131196.18	CDS|UTR|exon|gene|regulatory|transcript	125
chr18	47930855	47930980	ENSG00000175387.16	UTR|exon|gene|regulatory|transcript	125
chr18	61334272	61334397	ENSG00000101542.10	UTR|exon|gene|regulatory|transcript	125
chr18	13001457	13001582	ENSG00000101639.19	UTR|exon|gene|regulatory|transcript	125
chr18	33743087	33743212	ENSG00000141431.14	CDS|UTR|exon|gene|regulatory|transcript	125
chr18	23530386	23530510	ENSG00000141452.11|ENSG00000141458.13	UTR|exon|gene|regulatory|transcript	124
chr18	3449412	3449536	ENSG00000177426.22	UTR|exon|gene|regulatory|transcript	124
chr18	2847005	2847129	ENSG00000132205.11|ENSG00000289061.1	UTR|exon|gene|regulatory|transcript	124
chr18	9570466	9570589	ENSG00000154845.16	UTR|exon|gene|regulatory|transcript	123
chr18	9559418	9559541	ENSG00000154845.16	UTR|exon|gene|regulatory|transcript	123
chr18	61892794	61892917	ENSG00000176641.11	UTR|exon|gene|regulatory|transcript	123
chr18	44680188	44680311	ENSG00000152217.20	UTR|exon|gene|regulatory|transcript	123
chr18	2885295	2885418	ENSG00000101577.11|ENSG00000132205.11	UTR|exon|gene|regulatory|transcript	123
chr18	76968214	76968336	ENSG00000130856.18	CDS|UTR|exon|gene|regulatory|transcript	122
chr18	11689263	11689385	ENSG00000141404.17	UTR|exon|gene|regulatory|transcript	122
chr18	10525904	10526026	ENSG00000134265.13	UTR|exon|gene|regulatory|transcript	122
chr18	46756810	46756932	ENSG00000101638.14|ENSG00000270112.5	UTR|exon|gene|regulatory|transcript	122
chr18	5296073	5296195	ENSG00000198081.11	UTR|exon|gene|regulatory|transcript	122
chr18	35468462	35468583	ENSG00000153391.16|ENSG00000267140.1	UTR|exon|gene|regulatory|transcript	121
chr18	5895029	5895150	ENSG00000206432.4|ENSG00000264449.6	UTR|exon|gene|regulatory|transcript	121
chr18	12028841	12028962	ENSG00000141401.12	UTR|exon|gene|regulatory|transcript	121
chr18	58864408	58864529	ENSG00000074657.14	UTR|exon|gene|regulatory|transcript	121
chr18	31548849	31548969	ENSG00000046604.14|ENSG00000264859.6	UTR|exon|gene|regulatory|transcript	120
chr18	63320008	63320128	ENSG00000171791.14	UTR|exon|gene|regulatory|transcript	120
chr18	24271719	24271839	ENSG00000141447.19	UTR|exon|gene|regulatory|transcript	120
chr18	36786824	36786943	ENSG00000134779.15	CDS|UTR|exon|gene|regulatory|transcript	119
chr18	2968031	2968150	ENSG00000101577.11|ENSG00000266397.1	UTR|exon|gene|regulatory|repeat|transcript	119
chr18	11752212	11752331	ENSG00000141404.17	UTR|exon|gene|regulatory|transcript	119
chr18	76983753	76983871	ENSG00000197971.16|ENSG00000266844.1	UTR|exon|gene|regulatory|transcript	118
chr18	50267398	50267516	ENSG00000141644.19	UTR|exon|gene|regulatory|transcript	118
chr18	79396227	79396345	ENSG00000131196.18	CDS|UTR|exon|gene|regulatory|transcript	118
chr18	55585972	55586090	ENSG00000196628.20	UTR|exon|gene|regulatory|transcript	118
chr18	76982196	76982314	ENSG00000197971.16|ENSG00000266844.1	UTR|exon|gene|regulatory|transcript	118
chr18	55403764	55403882	ENSG00000196628.20	UTR|exon|gene|regulatory|transcript	118
chr18	79395943	79396061	ENSG00000131196.18	UTR|exon|gene|regulatory|transcript	118
chr18	61333429	61333546	ENSG00000101542.10	UTR|exon|gene|regulatory|transcript	117
chr18	47251543	47251660	ENSG00000215474.8	UTR|exon|gene|regulatory|transcript	117
chr18	23258022	23258139	ENSG00000134490.14|ENSG00000134508.13|ENSG00000266495.1	UTR|exon|gene|regulatory|transcript	117
chr18	23260354	23260470	ENSG00000134490.14|ENSG00000134508.13	UTR|exon|gene|regulatory|transcript	116
chr18	63979807	63979923	ENSG00000166401.15|ENSG00000221887.6	CDS|UTR|exon|gene|regulatory|transcript	116
chr18	3458007	3458123	ENSG00000177426.22	UTR|exon|gene|regulatory|transcript	116
chr18	25089464	25089580	ENSG00000198795.11	UTR|exon|gene|regulatory|transcript	116
chr18	46334481	46334597	ENSG00000141622.14	UTR|exon|gene|regulatory|transcript	116
chr18	5630547	5630663	ENSG00000082397.18	UTR|exon|gene|regulatory|transcript	116
chr18	27142922	27143038	ENSG00000154080.14|ENSG00000260372.7	UTR|exon|gene|regulatory|transcript	116
chr18	32092119	32092235	ENSG00000134758.14|ENSG00000263917.1	UTR|exon|gene|regulatory|transcript	116
chr18	49802737	49802853	ENSG00000167315.18|ENSG00000266997.2	CDS|UTR|exon|gene|regulatory|transcript	116
chr18	10487699	10487814	ENSG00000154856.13	CDS|UTR|exon|gene|regulatory|transcript	115
chr18	62388627	62388742	ENSG00000141655.18	UTR|exon|gene|regulatory|repeat|transcript	115
chr18	31447740	31447854	ENSG00000134757.5	UTR|exon|gene|regulatory|transcript	114
chr18	58399882	58399996	ENSG00000049759.20|ENSG00000267396.2	UTR|exon|gene|regulatory|transcript	114
chr18	75202180	75202294	ENSG00000180011.7	CDS|UTR|exon|gene|regulatory|transcript	114
chr18	43277376	43277490	ENSG00000132872.12	UTR|exon|gene|regulatory|transcript	114
chr18	76979626	76979740	ENSG00000197971.16|ENSG00000266844.1	UTR|exon|gene|regulatory|transcript	114
chr18	25351501	25351615	ENSG00000198795.11	UTR|exon|gene|regulatory|transcript	114
chr18	5489047	5489161	ENSG00000082397.18	CDS|UTR|exon|gene|regulatory|transcript	114
chr18	319390	319504	ENSG00000158270.12	UTR|exon|gene|regulatory|transcript	114
chr18	2728483	2728596	ENSG00000101596.17|ENSG00000266049.1	UTR|exon|gene|regulatory|transcript	113
chr18	23529179	23529292	ENSG00000141452.11|ENSG00000141458.13	UTR|exon|gene|regulatory|transcript	113
chr18	21740791	21740904	ENSG00000101752.13	UTR|exon|gene|regulatory|transcript	113
chr18	76979085	76979197	ENSG00000197971.16|ENSG00000266844.1	UTR|exon|gene|regulatory|transcript	112
chr18	58896440	58896552	ENSG00000074657.14	UTR|exon|gene|regulatory|transcript	112
chr18	21452321	21452433	ENSG00000141449.16	UTR|exon|gene|regulatory|transcript	112
chr18	24397654	24397766	ENSG00000141447.19	UTR|exon|gene|regulatory|transcript	112
chr18	11148933	11149045	ENSG00000154864.14	UTR|exon|gene|regulatory|transcript	112
chr18	77017666	77017778	ENSG00000197971.16	UTR|exon|gene|regulatory|transcript	112
chr18	59269006	59269117	ENSG00000134438.10	CDS|UTR|exon|gene|regulatory|transcript	111
chr18	56651360	56651471	ENSG00000091157.15|ENSG00000091164.13	UTR|exon|gene|regulatory|transcript	111
chr18	23260243	23260354	ENSG00000134490.14|ENSG00000134508.13|ENSG00000266495.1	UTR|exon|gene|regulatory|transcript	111
chr18	45915510	45915621	ENSG00000152223.16	UTR|exon|gene|regulatory|transcript	111
chr18	53535185	53535296	ENSG00000187323.13|ENSG00000260433.3	UTR|exon|gene|regulatory|transcript	111
chr18	62186843	62186954	ENSG00000197563.11	UTR|exon|gene|regulatory|transcript	111
chr18	3449656	3449766	ENSG00000177426.22	UTR|exon|gene|regulatory|transcript	110
chr18	9136965	9137075	ENSG00000101745.17|ENSG00000265257.5	UTR|exon|gene|regulatory|transcript	110
chr18	51030099	51030208	ENSG00000141646.16|ENSG00000267699.2	UTR|exon|gene|regulatory|transcript	109
chr18	13614384	13614493	ENSG00000168675.19	UTR|exon|gene|regulatory|transcript	109
chr18	32772914	32773023	ENSG00000197705.10|ENSG00000228835.1	UTR|exon|gene|regulatory|transcript	109
chr18	57149200	57149309	ENSG00000228075.5	UTR|exon|gene|regulatory|repeat|transcript	109
chr18	50560650	50560759	ENSG00000141639.12	UTR|exon|gene|regulatory|transcript	109
chr18	55228846	55228955	ENSG00000196628.20	CDS|UTR|exon|gene|regulatory|transcript	109
chr18	47930251	47930360	ENSG00000175387.16	UTR|exon|gene|regulatory|transcript	109
chr18	3450380	3450489	ENSG00000177426.22	UTR|exon|gene|regulatory|transcript	109
chr18	80109725	80109833	ENSG00000101544.9	UTR|exon|gene|regulatory|transcript	108
chr18	57622105	57622213	ENSG00000134440.12	UTR|exon|gene|regulatory|transcript	108
chr18	49481957	49482065	ENSG00000177576.12|ENSG00000215472.10	UTR|exon|gene|regulatory|transcript	108
chr18	46458628	46458736	ENSG00000141622.14	UTR|exon|gene|regulatory|transcript	108
chr18	42743226	42743334	ENSG00000152214.14	UTR|exon|gene|regulatory|transcript	108
chr18	74495815	74495923	ENSG00000133313.15	UTR|exon|gene|regulatory|transcript	108
chr18	74522692	74522800	ENSG00000133313.15	UTR|exon|gene|regulatory|repeat|transcript	108
chr18	55401093	55401201	ENSG00000196628.20	UTR|exon|gene|regulatory|transcript	108
chr18	57435373	57435480	ENSG00000119547.6	UTR|exon|gene|regulatory|transcript	107
chr18	59903870	59903977	ENSG00000141682.12	UTR|exon|gene|regulatory|transcript	107
chr18	77132656	77132763	ENSG00000197971.16	UTR|exon|gene|regulatory|transcript	107
chr18	597022	597129	ENSG00000079101.18	UTR|exon|gene|regulatory|transcript	107
chr18	34866873	34866980	ENSG00000134769.23	UTR|exon|gene|regulatory|transcript	107
chr18	22171000	22171107	ENSG00000141448.11	UTR|exon|gene|regulatory|transcript	107
chr18	3455151	3455258	ENSG00000177426.22	UTR|exon|gene|regulatory|transcript	107
chr18	36297716	36297822	ENSG00000134775.16	UTR|exon|gene|regulatory|transcript	106
chr18	34888014	34888120	ENSG00000134769.23	UTR|exon|gene|regulatory|transcript	106
chr18	63315127	63315233	ENSG00000171791.14	UTR|exon|gene|regulatory|repeat|transcript	106
chr18	3458123	3458229	ENSG00000177426.22	UTR|exon|gene|regulatory|transcript	106
chr18	22200976	22201082	ENSG00000141448.11|ENSG00000266283.1	UTR|exon|gene|regulatory|transcript	106
chr18	75289837	75289943	ENSG00000179981.11	UTR|exon|gene|regulatory|transcript	106
chr18	58196871	58196977	ENSG00000049759.20	UTR|exon|gene|regulatory|transcript	106
chr18	48539414	48539520	ENSG00000134030.14	UTR|exon|gene|regulatory|transcript	106
chr18	3262132	3262237	ENSG00000118680.14	UTR|exon|gene|regulatory|transcript	105
chr18	59318544	59318649	ENSG00000166569.8	UTR|exon|gene|regulatory|transcript	105
chr18	63586988	63587093	ENSG00000197641.12	UTR|exon|gene|regulatory|transcript	105
chr18	50375060	50375165	ENSG00000154839.10	UTR|exon|gene|regulatory|transcript	105
chr18	22417811	22417915	ENSG00000212710.5	UTR|exon|gene|regulatory|transcript	104
chr18	76978861	76978965	ENSG00000197971.16|ENSG00000266844.1	UTR|exon|gene|regulatory|transcript	104
chr18	55321374	55321478	ENSG00000196628.20	UTR|exon|gene|regulatory|transcript	104
chr18	45750016	45750120	ENSG00000141469.18	UTR|exon|gene|regulatory|transcript	104
chr18	45212994	45213098	ENSG00000132874.15	UTR|exon|gene|regulatory|transcript	104
chr18	48862355	48862459	ENSG00000134030.14	UTR|exon|gene|regulatory|transcript	104
chr18	21682899	21683002	ENSG00000158201.10	UTR|exon|gene|regulatory|transcript	103
chr18	69846205	69846308	ENSG00000150637.9|ENSG00000206052.11	UTR|exon|gene|regulatory|repeat|transcript	103
chr18	14101004	14101107	ENSG00000175322.12	UTR|exon|gene|regulatory|repeat|transcript	103
chr18	8088748	8088851	ENSG00000173482.17	UTR|exon|gene|regulatory|transcript	103
chr18	48165331	48165434	ENSG00000184828.10|ENSG00000286583.1	UTR|exon|gene|regulatory|transcript	103
chr18	55228259	55228361	ENSG00000196628.20	CDS|UTR|exon|gene|regulatory|transcript	102
chr18	6729719	6729821	ENSG00000088756.13|ENSG00000266441.1	UTR|exon|gene|regulatory|transcript	102
chr18	68798079	68798181	ENSG00000150636.17	UTR|exon|gene|regulatory|transcript	102
chr18	34224643	34224745	ENSG00000101746.16|ENSG00000267746.1	UTR|exon|gene|regulatory|transcript	102
chr18	50560141	50560243	ENSG00000141639.12	UTR|exon|gene|regulatory|transcript	102
chr18	23257894	23257996	ENSG00000134490.14|ENSG00000134508.13|ENSG00000266495.1	UTR|exon|gene|regulatory|transcript	102
chr18	11752331	11752433	ENSG00000141404.17	UTR|exon|gene|regulatory|transcript	102
chr18	69947532	69947634	ENSG00000150637.9	UTR|exon|gene|regulatory|transcript	102
chr18	23528768	23528870	ENSG00000141452.11|ENSG00000141458.13	UTR|exon|gene|regulatory|repeat|transcript	102
chr18	3067159	3067261	ENSG00000101605.14	UTR|exon|gene|regulatory|transcript	102
chr18	65751011	65751112	ENSG00000081138.14	UTR|exon|gene|regulatory|transcript	101
chr18	5543319	5543420	ENSG00000082397.18	UTR|exon|gene|regulatory|repeat|transcript	101
chr18	49561359	49561460	ENSG00000101670.12	UTR|exon|gene|regulatory|repeat|transcript	101
chr18	11852111	11852212	ENSG00000141404.17|ENSG00000255112.3|ENSG00000267165.1	UTR|exon|gene|regulatory|transcript	101
chr18	33441000	33441101	ENSG00000166960.17	UTR|exon|gene|regulatory|transcript	101
chr18	11752084	11752185	ENSG00000141404.17	UTR|exon|gene|regulatory|transcript	101
chr18	34820596	34820697	ENSG00000134769.23	UTR|exon|gene|regulatory|transcript	101
chr18	26226485	26226586	ENSG00000141384.13	UTR|exon|gene|regulatory|transcript	101
chr18	62523024	62523125	ENSG00000141664.10	UTR|exon|gene|regulatory|transcript	101
chr18	34223471	34223572	ENSG00000101746.16|ENSG00000267746.1	UTR|exon|gene|regulatory|transcript	101
chr18	63318712	63318812	ENSG00000171791.14	UTR|exon|gene|regulatory|transcript	100
chr18	63604018	63604118	ENSG00000197641.12	UTR|exon|gene|regulatory|repeat|transcript	100
chr18	35703508	35703608	ENSG00000141429.14	UTR|exon|gene|regulatory|transcript	100
chr18	45683107	45683207	ENSG00000132874.15|ENSG00000288545.1	UTR|exon|gene|regulatory|transcript	100
chr18	12702785	12702885	ENSG00000128789.22	UTR|exon|gene|regulatory|transcript	100
chr18	35487663	35487763	ENSG00000153391.16|ENSG00000267140.1	UTR|exon|gene|regulatory|repeat|transcript	100
chr18	49849746	49849846	ENSG00000167306.21|ENSG00000267322.4	UTR|exon|gene|regulatory|transcript	100
chr18	56651674	56651774	ENSG00000091157.15	UTR|exon|gene|regulatory|transcript	100
chr18	76495143	76495242	ENSG00000101493.11	UTR|exon|gene|regulatory|transcript	99
chr18	9102863	9102962	ENSG00000178127.13|ENSG00000265257.5	UTR|exon|gene|regulatory|transcript	99
chr18	22933979	22934078	ENSG00000101773.19	UTR|exon|gene|regulatory|transcript	99
chr18	76490680	76490779	ENSG00000101493.11	UTR|exon|gene|regulatory|transcript	99
chr18	70166932	70167031	ENSG00000176225.15	UTR|exon|gene|regulatory|transcript	99
chr18	3247480	3247579	ENSG00000101608.13	UTR|exon|gene|regulatory|transcript	99
chr18	79950926	79951025	ENSG00000122490.19	UTR|exon|gene|regulatory|transcript	99
chr18	49482175	49482274	ENSG00000177576.12|ENSG00000215472.10	UTR|exon|gene|regulatory|transcript	99
chr18	13266695	13266794	ENSG00000168675.19	UTR|exon|gene|regulatory|transcript	99
chr18	80048587	80048686	ENSG00000101546.13|ENSG00000261126.7|ENSG00000267127.7	UTR|exon|gene|regulatory|transcript	99
chr18	21242258	21242357	ENSG00000141449.16	UTR|exon|gene|regulatory|transcript	99
chr18	3448498	3448597	ENSG00000177426.22	UTR|exon|gene|regulatory|transcript	99
chr18	46174085	46174183	ENSG00000152242.11	UTR|exon|gene|regulatory|transcript	98
chr18	13443764	13443862	ENSG00000168675.19	UTR|exon|gene|regulatory|repeat|transcript	98
chr18	31625484	31625582	ENSG00000118276.12	UTR|exon|gene|regulatory|transcript	98
chr18	49486432	49486530	ENSG00000177576.12|ENSG00000215472.10	UTR|exon|gene|regulatory|transcript	98
chr18	50986651	50986749	ENSG00000141642.9|ENSG00000267699.2	CDS|UTR|exon|gene|regulatory|transcript	98
chr18	51028527	51028625	ENSG00000141646.16|ENSG00000267699.2|ENSG00000289868.1	UTR|exon|gene|regulatory|repeat|transcript	98
chr18	53402796	53402893	ENSG00000187323.13	UTR|exon|gene|regulatory|transcript	97
chr18	58399996	58400093	ENSG00000049759.20|ENSG00000267396.2	UTR|exon|gene|regulatory|transcript	97
chr18	58390645	58390742	ENSG00000049759.20	UTR|exon|gene|regulatory|transcript	97
chr18	76979197	76979294	ENSG00000197971.16|ENSG00000266844.1	UTR|exon|gene|regulatory|transcript	97
chr18	48862258	48862355	ENSG00000134030.14	UTR|exon|gene|regulatory|transcript	97
chr18	49591825	49591922	ENSG00000101670.12	UTR|exon|gene|regulatory|repeat|transcript	97
chr18	12307668	12307765	ENSG00000176014.13	UTR|exon|gene|regulatory|transcript	97
chr18	50281574	50281671	ENSG00000141644.19	UTR|exon|gene|regulatory|transcript	97
chr18	26546902	26546999	ENSG00000134504.14	CDS|UTR|exon|gene|regulatory|transcript	97
chr18	31853848	31853945	ENSG00000153339.15	UTR|exon|gene|regulatory|transcript	97
chr18	50796591	50796687	ENSG00000134042.14	UTR|exon|gene|regulatory|transcript	96
chr18	45726724	45726820	ENSG00000141469.18|ENSG00000288545.1	UTR|exon|gene|regulatory|transcript	96
chr18	69858962	69859058	ENSG00000150637.9	UTR|exon|gene|regulatory|transcript	96
chr18	904941	905037	ENSG00000141433.13|ENSG00000265179.9|ENSG00000265671.1	UTR|exon|gene|regulatory|transcript	96
chr18	22200880	22200976	ENSG00000141448.11|ENSG00000266283.1	UTR|exon|gene|regulatory|transcript	96
chr18	58044451	58044547	ENSG00000049759.20	UTR|exon|gene|regulatory|transcript	96
chr18	46917788	46917883	ENSG00000078043.16|ENSG00000167216.19	UTR|exon|gene|regulatory|transcript	95
chr18	46264565	46264660	ENSG00000152242.11	UTR|exon|gene|regulatory|repeat|transcript	95
chr18	36067435	36067530	ENSG00000141425.18	UTR|exon|gene|regulatory|transcript	95
chr18	36602673	36602768	ENSG00000134775.16	UTR|exon|gene|regulatory|transcript	95
chr18	9570208	9570303	ENSG00000154845.16	UTR|exon|gene|regulatory|transcript	95
chr18	47100261	47100356	ENSG00000167216.19	UTR|exon|gene|regulatory|transcript	95
chr18	56962434	56962529	ENSG00000091157.15	CDS|UTR|exon|gene|regulatory|transcript	95
chr18	62584595	62584690	ENSG00000141664.10	UTR|exon|gene|regulatory|transcript	95
chr18	14101107	14101202	ENSG00000175322.12	UTR|exon|gene|regulatory|transcript	95
chr18	11981036	11981130	ENSG00000141401.12	UTR|exon|gene|regulatory|transcript	94
chr18	59220171	59220265	ENSG00000134443.10	UTR|exon|gene|regulatory|transcript	94
chr18	63775417	63775511	ENSG00000166396.13	UTR|exon|gene|regulatory|transcript	94
chr18	67510744	67510838	ENSG00000171451.15|ENSG00000263424.1	UTR|exon|gene|regulatory|transcript	94
chr18	21703583	21703677	ENSG00000158201.10	CDS|UTR|exon|gene|regulatory|transcript	94
chr18	35581739	35581833	ENSG00000141429.14	UTR|exon|gene|regulatory|transcript	94
chr18	58864893	58864986	ENSG00000074657.14	UTR|exon|gene|regulatory|transcript	93
chr18	6031726	6031819	ENSG00000154655.16|ENSG00000266846.2	UTR|exon|gene|regulatory|transcript	93
chr18	55401000	55401093	ENSG00000196628.20	UTR|exon|gene|regulatory|transcript	93
chr18	80247421	80247514	ENSG00000178184.16	UTR|exon|gene|regulatory|transcript	93
chr18	62526888	62526981	ENSG00000141664.10	UTR|exon|gene|regulatory|transcript	93
chr18	58054226	58054319	ENSG00000049759.20	CDS|UTR|exon|gene|regulatory|transcript	93
chr18	58149336	58149429	ENSG00000049759.20	UTR|exon|gene|regulatory|transcript	93
chr18	9396453	9396546	ENSG00000128791.12	CDS|UTR|exon|gene|regulatory|transcript	93
chr18	50730186	50730279	ENSG00000141639.12	UTR|exon|gene|regulatory|repeat|transcript	93
chr18	46756938	46757031	ENSG00000101638.14|ENSG00000270112.5	UTR|exon|gene|regulatory|transcript	93
chr18	44680928	44681021	ENSG00000152217.20	UTR|exon|gene|regulatory|transcript	93
chr18	79964642	79964735	ENSG00000226742.4	UTR|exon|gene|regulatory|transcript	93
chr18	62389747	62389839	ENSG00000141655.18	UTR|exon|gene|regulatory|transcript	92
chr18	58367775	58367867	ENSG00000049759.20	UTR|exon|gene|regulatory|transcript	92
chr18	62105542	62105634	ENSG00000197563.11	UTR|exon|gene|regulatory|transcript	92
chr18	34978425	34978517	ENSG00000166974.13	UTR|exon|gene|regulatory|transcript	92
chr18	36828871	36828963	ENSG00000134779.15	UTR|exon|gene|regulatory|transcript	92
chr18	24460636	24460728	ENSG00000134489.7	UTR|exon|gene|regulatory|transcript	92
chr18	26090652	26090744	ENSG00000141380.14	UTR|exon|gene|regulatory|transcript	92
chr18	68676935	68677027	ENSG00000166479.10	CDS|UTR|exon|gene|regulatory|transcript	92
chr18	24113510	24113602	ENSG00000168234.13	UTR|exon|gene|regulatory|transcript	92
chr18	6778945	6779036	ENSG00000088756.13	UTR|exon|gene|regulatory|repeat|transcript	91
chr18	70059943	70060034	ENSG00000176225.15	CDS|UTR|exon|gene|regulatory|transcript	91
chr18	34223380	34223471	ENSG00000101746.16|ENSG00000267746.1	UTR|exon|gene|regulatory|transcript	91
chr18	12859163	12859254	ENSG00000175354.20	UTR|exon|gene|regulatory|transcript	91
chr18	48409292	48409383	ENSG00000184828.10	UTR|exon|gene|regulatory|transcript	91
chr18	45850332	45850423	ENSG00000152223.16	UTR|exon|gene|regulatory|repeat|transcript	91
chr18	49479438	49479529	ENSG00000177576.12	UTR|exon|gene|regulatory|transcript	91
chr18	50266404	50266495	ENSG00000172361.6	UTR|exon|gene|regulatory|transcript	91
chr18	9570375	9570466	ENSG00000154845.16	UTR|exon|gene|regulatory|transcript	91
chr18	11854350	11854441	ENSG00000141404.17|ENSG00000255112.3	UTR|exon|gene|regulatory|transcript	91
chr18	13615467	13615557	ENSG00000168675.19	UTR|exon|gene|regulatory|repeat|transcript	90
chr18	13613168	13613258	ENSG00000168675.19	UTR|exon|gene|regulatory|transcript	90
chr18	9561982	9562072	ENSG00000154845.16	UTR|exon|gene|regulatory|transcript	90
chr18	28045506	28045596	ENSG00000170558.10	UTR|exon|gene|regulatory|repeat|transcript	90
chr18	46264470	46264560	ENSG00000152242.11	UTR|exon|gene|regulatory|transcript	90
chr18	21663849	21663939	ENSG00000158201.10	UTR|exon|gene|regulatory|transcript	90
chr18	3411607	3411697	ENSG00000177426.22	UTR|exon|gene|regulatory|transcript	90
chr18	59903060	59903150	ENSG00000141682.12	UTR|exon|gene|regulatory|transcript	90
chr18	22933348	22933438	ENSG00000101773.19|ENSG00000265943.1|ENSG00000284331.1	UTR|exon|gene|regulatory|transcript	90
chr18	13217685	13217774	ENSG00000168675.19	UTR|exon|gene|regulatory|transcript	89
chr18	46458736	46458825	ENSG00000141622.14	UTR|exon|gene|regulatory|repeat|transcript	89
chr18	50282595	50282684	ENSG00000154832.16	CDS|UTR|exon|gene|regulatory|transcript	89
chr18	50819924	50820013	ENSG00000134042.14	UTR|exon|gene|regulatory|transcript	89
chr18	36129251	36129340	ENSG00000141424.13|ENSG00000288917.1	UTR|exon|gene|regulatory|transcript	89
chr18	32265409	32265498	ENSG00000141441.16	UTR|exon|gene|regulatory|transcript	89
chr18	26133876	26133965	ENSG00000154611.15	UTR|exon|gene|regulatory|transcript	89
chr18	21663760	21663849	ENSG00000158201.10	UTR|exon|gene|regulatory|transcript	89
chr18	21741208	21741297	ENSG00000101752.13	UTR|exon|gene|regulatory|transcript	89
chr18	7926594	7926683	ENSG00000173482.17	UTR|exon|gene|regulatory|transcript	89
chr18	21664141	21664230	ENSG00000158201.10	CDS|UTR|exon|gene|regulatory|transcript	89
chr18	5400506	5400595	ENSG00000082397.18	CDS|UTR|exon|gene|regulatory|transcript	89
chr18	60371261	60371350	ENSG00000166603.5|ENSG00000285681.2	UTR|exon|gene|regulatory|transcript	89
chr18	22933880	22933968	ENSG00000101773.19	UTR|exon|gene|regulatory|transcript	88
chr18	54357974	54358062	ENSG00000166845.15	UTR|exon|gene|regulatory|transcript	88
chr18	46917507	46917595	ENSG00000078043.16|ENSG00000167216.19	UTR|exon|gene|regulatory|transcript	88
chr18	11905737	11905825	ENSG00000154889.17	UTR|exon|gene|regulatory|transcript	88
chr18	45683351	45683439	ENSG00000132874.15|ENSG00000288545.1	UTR|exon|gene|regulatory|transcript	88
chr18	48165130	48165218	ENSG00000184828.10|ENSG00000286583.1	UTR|exon|gene|regulatory|repeat|transcript	88
chr18	49460714	49460802	ENSG00000141627.14	UTR|exon|gene|regulatory|transcript	88
chr18	3255918	3256005	ENSG00000101608.13|ENSG00000264235.6	UTR|exon|gene|regulatory|transcript	87
chr18	55322135	55322222	ENSG00000196628.20	UTR|exon|gene|regulatory|transcript	87
chr18	79373940	79374027	ENSG00000166377.21	CDS|UTR|exon|gene|regulatory|transcript	87
chr18	46829733	46829820	ENSG00000078043.16	UTR|exon|gene|regulatory|transcript	87
chr18	33578519	33578606	ENSG00000141431.14	UTR|exon|gene|regulatory|transcript	87
chr18	35247104	35247191	ENSG00000186812.13	UTR|exon|gene|regulatory|transcript	87
chr18	31685749	31685836	ENSG00000118276.12|ENSG00000259985.1	UTR|exon|gene|regulatory|transcript	87
chr18	67510883	67510969	ENSG00000171451.15|ENSG00000263424.1	UTR|exon|gene|regulatory|transcript	86
chr18	49813823	49813909	ENSG00000167315.18|ENSG00000266997.2	UTR|exon|gene|regulatory|transcript	86
chr18	26549728	26549814	ENSG00000134504.14	UTR|exon|gene|regulatory|transcript	86
chr18	49482065	49482151	ENSG00000177576.12|ENSG00000215472.10	UTR|exon|gene|regulatory|transcript	86
chr18	32672672	32672758	ENSG00000197705.10|ENSG00000285095.2	UTR|exon|gene|regulatory|transcript	86
chr18	35487575	35487661	ENSG00000153391.16|ENSG00000267140.1	UTR|exon|gene|regulatory|repeat|transcript	86
chr18	69947446	69947532	ENSG00000150637.9	UTR|exon|gene|regulatory|transcript	86
chr18	13644814	13644900	ENSG00000168675.19|ENSG00000266954.1	UTR|exon|gene|regulatory|transcript	86
chr18	4005115	4005201	ENSG00000170579.19|ENSG00000263878.2	UTR|exon|gene|regulatory|transcript	86
chr18	55403534	55403620	ENSG00000196628.20	UTR|exon|gene|regulatory|transcript	86
chr18	13764111	13764196	ENSG00000101654.18	UTR|exon|gene|regulatory|transcript	85
chr18	59900035	59900120	ENSG00000141682.12	UTR|exon|gene|regulatory|transcript	85
chr18	24019923	24020008	ENSG00000168234.13	UTR|exon|gene|regulatory|transcript	85
chr18	34593453	34593538	ENSG00000134769.23	UTR|exon|gene|regulatory|transcript	85
chr18	12030783	12030868	ENSG00000141401.12	UTR|exon|gene|regulatory|transcript	85
chr18	50730101	50730186	ENSG00000141639.12	UTR|exon|gene|regulatory|transcript	85
chr18	49561483	49561568	ENSG00000101670.12	UTR|exon|gene|regulatory|transcript	85
chr18	35480466	35480551	ENSG00000153391.16|ENSG00000267140.1	CDS|UTR|exon|gene|regulatory|transcript	85
chr18	46458543	46458628	ENSG00000141622.14	UTR|exon|gene|regulatory|repeat|transcript	85
chr18	46173552	46173637	ENSG00000152242.11	UTR|exon|gene|regulatory|transcript	85
chr18	10454896	10454981	ENSG00000154856.13	UTR|exon|gene|regulatory|transcript	85
chr18	70296598	70296683	ENSG00000170677.6	UTR|exon|gene|regulatory|repeat|transcript	85
chr18	6414707	6414791	ENSG00000154655.16	UTR|exon|gene|regulatory|transcript	84
chr18	28177862	28177946	ENSG00000170558.10	UTR|exon|gene|regulatory|transcript	84
chr18	34729462	34729546	ENSG00000134769.23	UTR|exon|gene|regulatory|transcript	84
chr18	34593083	34593167	ENSG00000134769.23	UTR|exon|gene|regulatory|transcript	84
chr18	67516545	67516629	ENSG00000171451.15|ENSG00000265533.1	UTR|exon|gene|regulatory|transcript	84
chr18	5540472	5540556	ENSG00000082397.18	UTR|exon|gene|regulatory|transcript	84
chr18	46677893	46677976	ENSG00000101638.14	UTR|exon|gene|regulatory|repeat|transcript	83
chr18	63889898	63889981	ENSG00000197632.9	UTR|exon|gene|regulatory|repeat|transcript	83
chr18	62390011	62390094	ENSG00000141655.18	UTR|exon|gene|regulatory|transcript	83
chr18	5518524	5518607	ENSG00000082397.18	UTR|exon|gene|regulatory|repeat|transcript	83
chr18	58054613	58054696	ENSG00000049759.20	UTR|exon|gene|regulatory|transcript	83
chr18	69947774	69947857	ENSG00000150637.9	UTR|exon|gene|regulatory|repeat|transcript	83
chr18	26057611	26057694	ENSG00000141380.14	UTR|exon|gene|regulatory|transcript	83
chr18	23528884	23528967	ENSG00000141452.11|ENSG00000141458.13	UTR|exon|gene|regulatory|repeat|transcript	83
chr18	24341546	24341629	ENSG00000141447.19	CDS|UTR|exon|gene|regulatory|transcript	83
chr18	46917705	46917788	ENSG00000078043.16|ENSG00000167216.19	UTR|exon|gene|regulatory|transcript	83
chr18	50287425	50287508	ENSG00000154832.16	UTR|exon|gene|regulatory|transcript	83
chr18	50281684	50281767	ENSG00000141644.19	UTR|exon|gene|regulatory|transcript	83
chr18	34048511	34048594	ENSG00000101746.16	UTR|exon|gene|regulatory|transcript	83
chr18	65750652	65750734	ENSG00000081138.14	UTR|exon|gene|regulatory|transcript	82
chr18	55403911	55403993	ENSG00000196628.20	UTR|exon|gene|regulatory|transcript	82
chr18	6868149	6868231	ENSG00000088756.13	UTR|exon|gene|regulatory|transcript	82
chr18	35127117	35127199	ENSG00000166974.13	UTR|exon|gene|regulatory|transcript	82
chr18	24397572	24397654	ENSG00000141447.19	UTR|exon|gene|regulatory|transcript	82
chr18	47150377	47150459	ENSG00000167220.12|ENSG00000267228.7	UTR|exon|gene|regulatory|transcript	82
chr18	46730244	46730326	ENSG00000101638.14	UTR|exon|gene|regulatory|repeat|transcript	82
chr18	63477210	63477292	ENSG00000206075.14	UTR|exon|gene|regulatory|transcript	82
chr18	58865303	58865385	ENSG00000074657.14	UTR|exon|gene|regulatory|transcript	82
chr18	10487814	10487896	ENSG00000154856.13	CDS|UTR|exon|gene|regulatory|transcript	82
chr18	11689481	11689563	ENSG00000141404.17	UTR|exon|gene|regulatory|transcript	82
chr18	79255104	79255186	ENSG00000166377.21	UTR|exon|gene|regulatory|transcript	82
chr18	158453	158535	ENSG00000101557.15	UTR|exon|gene|regulatory|transcript	82
chr18	3411845	3411926	ENSG00000177426.22	UTR|exon|gene|regulatory|transcript	81
chr18	63907959	63908040	ENSG00000242550.7|ENSG00000289724.1	CDS|UTR|exon|gene|regulatory|transcript	81
chr18	21612330	21612411	ENSG00000167088.11	UTR|exon|gene|regulatory|transcript	81
chr18	22934183	22934264	ENSG00000101773.19	UTR|exon|gene|regulatory|transcript	81
chr18	58054389	58054470	ENSG00000049759.20	UTR|exon|gene|regulatory|transcript	81
chr18	22934078	22934159	ENSG00000101773.19	UTR|exon|gene|regulatory|transcript	81
chr18	23257432	23257513	ENSG00000134490.14|ENSG00000134508.13|ENSG00000266495.1	UTR|exon|gene|regulatory|transcript	81
chr18	11857473	11857554	ENSG00000141404.17|ENSG00000272703.1	UTR|exon|gene|regulatory|transcript	81
chr18	35468381	35468462	ENSG00000153391.16|ENSG00000267140.1	UTR|exon|gene|regulatory|transcript	81
chr18	35479330	35479411	ENSG00000153391.16|ENSG00000267140.1	CDS|UTR|exon|gene|regulatory|transcript	81
chr18	23586358	23586438	ENSG00000141458.13	UTR|exon|gene|regulatory|transcript	80
chr18	21663677	21663757	ENSG00000158201.10	CDS|UTR|exon|gene|regulatory|transcript	80
chr18	598390	598470	ENSG00000079101.18	UTR|exon|gene|regulatory|transcript	80
chr18	683250	683330	ENSG00000132199.20	UTR|exon|gene|regulatory|transcript	80
chr18	31064197	31064277	ENSG00000134755.18	UTR|exon|gene|regulatory|repeat|transcript	80
chr18	34858284	34858364	ENSG00000134769.23	UTR|exon|gene|regulatory|transcript	80
chr18	46334032	46334112	ENSG00000141622.14	UTR|exon|gene|regulatory|transcript	80
chr18	51197378	51197458	ENSG00000176624.12	UTR|exon|gene|regulatory|transcript	80
chr18	13103508	13103588	ENSG00000101639.19	UTR|exon|gene|regulatory|transcript	80
chr18	58195519	58195598	ENSG00000049759.20|ENSG00000267743.5	UTR|exon|gene|regulatory|transcript	79
chr18	54357712	54357791	ENSG00000174448.9	UTR|exon|gene|regulatory|transcript	79
chr18	49487127	49487206	ENSG00000177576.12|ENSG00000215472.10	UTR|exon|gene|regulatory|transcript	79
chr18	13915629	13915707	ENSG00000185231.5	UTR|exon|gene|regulatory|transcript	78
chr18	5197179	5197257	ENSG00000231824.4|ENSG00000285575.1	UTR|exon|gene|regulatory|transcript	78
chr18	21703747	21703825	ENSG00000158201.10	UTR|exon|gene|regulatory|transcript	78
chr18	31684426	31684504	ENSG00000118276.12	UTR|exon|gene|regulatory|transcript	78
chr18	76988011	76988089	ENSG00000197971.16	UTR|exon|gene|regulatory|transcript	78
chr18	45724195	45724273	ENSG00000141469.18|ENSG00000288545.1	UTR|exon|gene|regulatory|transcript	78
chr18	23155824	23155902	ENSG00000134508.13	UTR|exon|gene|regulatory|transcript	78
chr18	62045434	62045512	ENSG00000197563.11	UTR|exon|gene|regulatory|transcript	78
chr18	46104149	46104227	ENSG00000152234.16	UTR|exon|gene|regulatory|transcript	78
chr18	46672637	46672715	ENSG00000101638.14	UTR|exon|gene|regulatory|transcript	78
chr18	47063283	47063361	ENSG00000167216.19	UTR|exon|gene|regulatory|transcript	78
chr18	80109855	80109932	ENSG00000101544.9	UTR|exon|gene|regulatory|transcript	77
chr18	12862639	12862716	ENSG00000175354.20	UTR|exon|gene|regulatory|repeat|transcript	77
chr18	25352071	25352148	ENSG00000198795.11	UTR|exon|gene|regulatory|transcript	77
chr18	79797937	79798014	ENSG00000178342.5|ENSG00000267780.2	UTR|exon|gene|regulatory|transcript	77
chr18	74497508	74497585	ENSG00000133313.15	UTR|exon|gene|regulatory|repeat|transcript	77
chr18	28045429	28045506	ENSG00000170558.10	UTR|exon|gene|regulatory|transcript	77
chr18	55404010	55404087	ENSG00000196628.20	UTR|exon|gene|regulatory|transcript	77
chr18	21575700	21575777	ENSG00000141446.11	UTR|exon|gene|regulatory|transcript	77
chr18	23530055	23530132	ENSG00000141452.11|ENSG00000141458.13	UTR|exon|gene|regulatory|transcript	77
chr18	49561171	49561248	ENSG00000101670.12	UTR|exon|gene|regulatory|transcript	77
chr18	51083526	51083603	ENSG00000141646.16	UTR|exon|gene|regulatory|transcript	77
chr18	54269951	54270028	ENSG00000101751.11|ENSG00000277324.1	UTR|exon|gene|regulatory|transcript	77
chr18	13612803	13612880	ENSG00000168675.19	UTR|exon|gene|regulatory|transcript	77
chr18	37243783	37243859	ENSG00000101489.20|ENSG00000267707.2	UTR|exon|gene|regulatory|transcript	76
chr18	76983650	76983726	ENSG00000197971.16|ENSG00000266844.1	UTR|exon|gene|regulatory|transcript	76
chr18	34224834	34224910	ENSG00000101746.16	UTR|exon|gene|regulatory|transcript	76
chr18	54717859	54717935	ENSG00000041353.10	UTR|exon|gene|regulatory|transcript	76
chr18	22933488	22933564	ENSG00000101773.19|ENSG00000265943.1	UTR|exon|gene|regulatory|transcript	76
chr18	3449536	3449612	ENSG00000177426.22	UTR|exon|gene|regulatory|transcript	76
chr18	33852449	33852525	ENSG00000101746.16	UTR|exon|gene|regulatory|transcript	76
chr18	50819626	50819702	ENSG00000134042.14	UTR|exon|gene|regulatory|transcript	76
chr18	79930227	79930303	ENSG00000122490.19	UTR|exon|gene|regulatory|repeat|transcript	76
chr18	57352770	57352846	ENSG00000177511.6	UTR|exon|gene|regulatory|transcript	76
chr18	34708097	34708173	ENSG00000134769.23	UTR|exon|gene|regulatory|transcript	76
chr18	3277937	3278013	ENSG00000118680.14	UTR|exon|gene|regulatory|transcript	76
chr18	49561095	49561171	ENSG00000101670.12	UTR|exon|gene|regulatory|transcript	76
chr18	46676216	46676292	ENSG00000101638.14	UTR|exon|gene|regulatory|transcript	76
chr18	44697163	44697239	ENSG00000152217.20	UTR|exon|gene|regulatory|transcript	76
chr18	54358481	54358556	ENSG00000166845.15	UTR|exon|gene|regulatory|transcript	75
chr18	6729967	6730042	ENSG00000088756.13	UTR|exon|gene|regulatory|transcript	75
chr18	13277351	13277426	ENSG00000168675.19	UTR|exon|gene|regulatory|transcript	75
chr18	69859058	69859133	ENSG00000150637.9	UTR|exon|gene|regulatory|repeat|transcript	75
chr18	26091003	26091078	ENSG00000141380.14	UTR|exon|gene|regulatory|transcript	75
chr18	62385082	62385157	ENSG00000141655.18	UTR|exon|gene|regulatory|transcript	75
chr18	5295812	5295887	ENSG00000198081.11	UTR|exon|gene|regulatory|transcript	75
chr18	63315053	63315127	ENSG00000171791.14	UTR|exon|gene|regulatory|transcript	74
chr18	79374027	79374101	ENSG00000166377.21	CDS|UTR|exon|gene|regulatory|transcript	74
chr18	5889389	5889463	ENSG00000206432.4|ENSG00000264449.6	UTR|exon|gene|regulatory|transcript	74
chr18	48165257	48165331	ENSG00000184828.10|ENSG00000286583.1	UTR|exon|gene|regulatory|transcript	74
chr18	54151864	54151938	ENSG00000134046.12	UTR|exon|gene|regulatory|transcript	74
chr18	79395855	79395929	ENSG00000131196.18	UTR|exon|gene|regulatory|transcript	74
chr18	58045714	58045788	ENSG00000049759.20	UTR|exon|gene|regulatory|transcript	74
chr18	74499482	74499556	ENSG00000133313.15	UTR|exon|gene|regulatory|transcript	74
chr18	58863612	58863686	ENSG00000074657.14	UTR|exon|gene|regulatory|transcript	74
chr18	11854276	11854350	ENSG00000141404.17|ENSG00000255112.3	UTR|exon|gene|regulatory|transcript	74
chr18	31598675	31598749	ENSG00000118271.12	UTR|exon|gene|regulatory|transcript	74
chr18	4455192	4455266	ENSG00000170579.19	UTR|exon|gene|regulatory|transcript	74
chr18	59273311	59273385	ENSG00000134438.10	UTR|exon|gene|regulatory|transcript	74
chr18	57149126	57149200	ENSG00000228075.5	UTR|exon|gene|regulatory|transcript	74
chr18	44681287	44681361	ENSG00000152217.20	UTR|exon|gene|regulatory|transcript	74
chr18	11885685	11885759	ENSG00000154889.17	CDS|UTR|exon|gene|regulatory|transcript	74
chr18	34818090	34818163	ENSG00000134769.23	UTR|exon|gene|regulatory|transcript	73
chr18	21704677	21704750	ENSG00000158201.10	UTR|exon|gene|regulatory|repeat|transcript	73
chr18	76982063	76982136	ENSG00000197971.16|ENSG00000266844.1	UTR|exon|gene|regulatory|repeat|transcript	73
chr18	59903797	59903870	ENSG00000141682.12	UTR|exon|gene|regulatory|repeat|transcript	73
chr18	3453783	3453856	ENSG00000177426.22	UTR|exon|gene|regulatory|transcript	73
chr18	69961730	69961803	ENSG00000150637.9	UTR|exon|gene|regulatory|transcript	73
chr18	31042742	31042815	ENSG00000134762.17	UTR|exon|gene|regulatory|transcript	73
chr18	10526028	10526101	ENSG00000134265.13	UTR|exon|gene|regulatory|transcript	73
chr18	54358700	54358773	ENSG00000166845.15	UTR|exon|gene|regulatory|transcript	73
chr18	54271361	54271434	ENSG00000101751.11	CDS|UTR|exon|gene|regulatory|transcript	73
chr18	48410680	48410752	ENSG00000184828.10	UTR|exon|gene|regulatory|transcript	72
chr18	26912554	26912626	ENSG00000154080.14|ENSG00000260372.7	UTR|exon|gene|regulatory|repeat|transcript	72
chr18	50825308	50825380	ENSG00000134042.14	UTR|exon|gene|regulatory|transcript	72
chr18	5889518	5889590	ENSG00000206432.4|ENSG00000264449.6	UTR|exon|gene|regulatory|transcript	72
chr18	48950444	48950516	ENSG00000101665.10	UTR|exon|gene|regulatory|transcript	72
chr18	76979766	76979838	ENSG00000197971.16|ENSG00000266844.1	UTR|exon|gene|regulatory|transcript	72
chr18	55321738	55321810	ENSG00000196628.20	UTR|exon|gene|regulatory|transcript	72
chr18	34794101	34794173	ENSG00000134769.23	CDS|UTR|exon|gene|regulatory|transcript	72
chr18	45842556	45842628	ENSG00000152223.16|ENSG00000197046.12	UTR|exon|gene|regulatory|repeat|transcript	72
chr18	80048686	80048758	ENSG00000101546.13|ENSG00000261126.7|ENSG00000267127.7	UTR|exon|gene|regulatory|repeat|transcript	72
chr18	50269556	50269628	ENSG00000141644.19	UTR|exon|gene|regulatory|repeat|transcript	72
chr18	3262612	3262683	ENSG00000118680.14	UTR|exon|gene|regulatory|transcript	71
chr18	13338598	13338669	ENSG00000168675.19	UTR|exon|gene|regulatory|transcript	71
chr18	34710317	34710388	ENSG00000134769.23	UTR|exon|gene|regulatory|transcript	71
chr18	58341726	58341797	ENSG00000049759.20	UTR|exon|gene|regulatory|transcript	71
chr18	58370396	58370467	ENSG00000049759.20	UTR|exon|gene|regulatory|transcript	71
chr18	48539987	48540058	ENSG00000134030.14	UTR|exon|gene|regulatory|transcript	71
chr18	35267877	35267948	ENSG00000186814.15	UTR|exon|gene|regulatory|transcript	71
chr18	58865233	58865303	ENSG00000074657.14	UTR|exon|gene|regulatory|transcript	70
chr18	45750168	45750238	ENSG00000141469.18	UTR|exon|gene|regulatory|transcript	70
chr18	26321069	26321139	ENSG00000141384.13	UTR|exon|gene|regulatory|transcript	70
chr18	56616244	56616314	ENSG00000091164.13	UTR|exon|gene|regulatory|transcript	70
chr18	5628921	5628991	ENSG00000082397.18	UTR|exon|gene|regulatory|transcript	70
chr18	46917350	46917420	ENSG00000078043.16	UTR|exon|gene|regulatory|transcript	70
chr18	63318812	63318882	ENSG00000171791.14	UTR|exon|gene|regulatory|transcript	70
chr18	79988432	79988502	ENSG00000141759.15	UTR|exon|gene|regulatory|transcript	70
chr18	34493429	34493499	ENSG00000134769.23	UTR|exon|gene|regulatory|transcript	70
chr18	2656005	2656075	ENSG00000101596.17	UTR|exon|gene|regulatory|transcript	70
chr18	48027030	48027100	ENSG00000184828.10	UTR|exon|gene|regulatory|transcript	70
chr18	9614825	9614895	ENSG00000154845.16	UTR|exon|gene|regulatory|transcript	70
chr18	31318159	31318229	ENSG00000134760.6	UTR|exon|gene|regulatory|transcript	70
chr18	3447608	3447678	ENSG00000177426.22	UTR|exon|gene|regulatory|transcript	70
chr18	45842461	45842530	ENSG00000152223.16|ENSG00000197046.12	UTR|exon|gene|regulatory|transcript	69
chr18	59273385	59273454	ENSG00000134438.10	UTR|exon|gene|regulatory|transcript	69
chr18	37259043	37259112	ENSG00000101489.20	UTR|exon|gene|regulatory|transcript	69
chr18	36829036	36829105	ENSG00000134779.15	UTR|exon|gene|regulatory|transcript	69
chr18	3219899	3219968	ENSG00000101605.14|ENSG00000265399.1	UTR|exon|gene|regulatory|transcript	69
chr18	80048476	80048545	ENSG00000101546.13|ENSG00000261126.7|ENSG00000267127.7	UTR|exon|gene|regulatory|transcript	69
chr18	31042660	31042729	ENSG00000134762.17	UTR|exon|gene|regulatory|transcript	69
chr18	47825574	47825643	ENSG00000175387.16	UTR|exon|gene|regulatory|repeat|transcript	69
chr18	5197060	5197129	ENSG00000231824.4	UTR|exon|gene|regulatory|transcript	69
chr18	46072188	46072257	ENSG00000152229.18	UTR|exon|gene|regulatory|transcript	69
chr18	55586975	55587044	ENSG00000196628.20	UTR|exon|gene|regulatory|transcript	69
chr18	69895962	69896031	ENSG00000150637.9	CDS|UTR|exon|gene|regulatory|transcript	69
chr18	12421539	12421608	ENSG00000141391.14	CDS|UTR|exon|gene|regulatory|transcript	69
chr18	56599492	56599561	ENSG00000091164.13	UTR|exon|gene|regulatory|transcript	69
chr18	12419947	12420016	ENSG00000141391.14	UTR|exon|gene|regulatory|repeat|transcript	69
chr18	51077351	51077419	ENSG00000141646.16	UTR|exon|gene|regulatory|transcript	68
chr18	74597869	74597937	ENSG00000215421.10|ENSG00000264247.2	UTR|exon|gene|regulatory|transcript	68
chr18	34595850	34595918	ENSG00000134769.23	UTR|exon|gene|regulatory|transcript	68
chr18	14543517	14543585	ENSG00000183206.18	UTR|exon|gene|regulatory|transcript	68
chr18	57027207	57027275	ENSG00000091157.15	UTR|exon|gene|regulatory|transcript	68
chr18	23529354	23529422	ENSG00000141452.11|ENSG00000141458.13	UTR|exon|gene|regulatory|transcript	68
chr18	3455413	3455481	ENSG00000177426.22	UTR|exon|gene|regulatory|transcript	68
chr18	26549164	26549231	ENSG00000134504.14	UTR|exon|gene|regulatory|repeat|transcript	67
chr18	50968047	50968114	ENSG00000141642.9|ENSG00000267699.2	UTR|exon|gene|regulatory|transcript	67
chr18	35041661	35041728	ENSG00000166974.13	UTR|exon|gene|regulatory|transcript	67
chr18	46676820	46676887	ENSG00000101638.14	UTR|exon|gene|regulatory|transcript	67
chr18	26863123	26863190	ENSG00000171885.18|ENSG00000260372.7	UTR|exon|gene|regulatory|transcript	67
chr18	80109954	80110021	ENSG00000101544.9	UTR|exon|gene|regulatory|transcript	67
chr18	23992806	23992873	ENSG00000168234.13	UTR|exon|gene|regulatory|transcript	67
chr18	49562241	49562308	ENSG00000101670.12	UTR|exon|gene|regulatory|transcript	67
chr18	13726592	13726659	ENSG00000177150.13	UTR|exon|gene|regulatory|transcript	67
chr18	49477387	49477454	ENSG00000177576.12	UTR|exon|gene|regulatory|transcript	67
chr18	48921304	48921371	ENSG00000101665.10	UTR|exon|gene|regulatory|transcript	67
chr18	47930362	47930429	ENSG00000175387.16	UTR|exon|gene|regulatory|transcript	67
chr18	49596658	49596725	ENSG00000101670.12	UTR|exon|gene|regulatory|transcript	67
chr18	26089757	26089824	ENSG00000141380.14	UTR|exon|gene|regulatory|repeat|transcript	67
chr18	34976947	34977013	ENSG00000166974.13	UTR|exon|gene|regulatory|repeat|transcript	66
chr18	74509174	74509240	ENSG00000133313.15	UTR|exon|gene|regulatory|transcript	66
chr18	58364267	58364333	ENSG00000049759.20	UTR|exon|gene|regulatory|transcript	66
chr18	58255439	58255505	ENSG00000049759.20	UTR|exon|gene|regulatory|transcript	66
chr18	75221088	75221154	ENSG00000179981.11	UTR|exon|gene|regulatory|transcript	66
chr18	9885821	9885887	ENSG00000168454.13	UTR|exon|gene|regulatory|repeat|transcript	66
chr18	57650366	57650432	ENSG00000081923.15|ENSG00000267040.8|ENSG00000267787.7	UTR|exon|gene|regulatory|transcript	66
chr18	35241624	35241690	ENSG00000186812.13	UTR|exon|gene|regulatory|transcript	66
chr18	56651276	56651342	ENSG00000091164.13	UTR|exon|gene|regulatory|transcript	66
chr18	46336628	46336694	ENSG00000141622.14	UTR|exon|gene|regulatory|transcript	66
chr18	3450255	3450321	ENSG00000177426.22	UTR|exon|gene|regulatory|transcript	66
chr18	48539079	48539144	ENSG00000134030.14	UTR|exon|gene|regulatory|repeat|transcript	65
chr18	34121233	34121298	ENSG00000101746.16	UTR|exon|gene|regulatory|transcript	65
chr18	9102629	9102694	ENSG00000178127.13	UTR|exon|gene|regulatory|transcript	65
chr18	27185185	27185250	ENSG00000154080.14|ENSG00000260372.7	UTR|exon|gene|regulatory|transcript	65
chr18	23257367	23257432	ENSG00000134490.14|ENSG00000134508.13|ENSG00000266495.1	UTR|exon|gene|regulatory|transcript	65
chr18	46334606	46334671	ENSG00000141622.14	UTR|exon|gene|regulatory|transcript	65
chr18	56638440	56638505	ENSG00000091164.13	UTR|exon|gene|regulatory|transcript	65
chr18	70059849	70059913	ENSG00000176225.15	CDS|UTR|exon|gene|regulatory|transcript	64
chr18	62186249	62186313	ENSG00000197563.11	UTR|exon|gene|regulatory|repeat|transcript	64
chr18	24271621	24271685	ENSG00000141447.19	UTR|exon|gene|regulatory|transcript	64
chr18	46672365	46672429	ENSG00000101638.14	UTR|exon|gene|regulatory|repeat|transcript	64
chr18	58863686	58863750	ENSG00000074657.14	UTR|exon|gene|regulatory|transcript	64
chr18	13726328	13726392	ENSG00000177150.13	UTR|exon|gene|regulatory|transcript	64
chr18	57586553	57586617	ENSG00000066926.13	CDS|UTR|exon|gene|regulatory|transcript	64
chr18	11851447	11851511	ENSG00000141404.17|ENSG00000255112.3|ENSG00000267165.1	UTR|exon|gene|regulatory|transcript	64
chr18	47176281	47176345	ENSG00000134049.6|ENSG00000267228.7	UTR|exon|gene|regulatory|transcript	64
chr18	21741297	21741361	ENSG00000101752.13	UTR|exon|gene|regulatory|repeat|transcript	64
chr18	76990826	76990890	ENSG00000197971.16	UTR|exon|gene|regulatory|transcript	64
chr18	79680912	79680976	ENSG00000060069.18	UTR|exon|gene|regulatory|transcript	64
chr18	52340557	52340621	ENSG00000187323.13	UTR|exon|gene|regulatory|transcript	64
chr18	63128211	63128275	ENSG00000171791.14	UTR|exon|gene|regulatory|transcript	64
chr18	26327076	26327140	ENSG00000141384.13	UTR|exon|gene|regulatory|transcript	64
chr18	43115585	43115649	ENSG00000152214.14	UTR|exon|gene|regulatory|transcript	64
chr18	31064133	31064197	ENSG00000134755.18	UTR|exon|gene|regulatory|transcript	64
chr18	57585910	57585973	ENSG00000066926.13	UTR|exon|gene|regulatory|transcript	63
chr18	56638606	56638669	ENSG00000091164.13	UTR|exon|gene|regulatory|repeat|transcript	63
chr18	69956924	69956987	ENSG00000150637.9	UTR|exon|gene|regulatory|transcript	63
chr18	5395644	5395707	ENSG00000082397.18	UTR|exon|gene|regulatory|transcript	63
chr18	46462307	46462370	ENSG00000141622.14	UTR|exon|gene|regulatory|repeat|transcript	63
chr18	812113	812176	ENSG00000176105.14	UTR|exon|gene|regulatory|transcript	63
chr18	51193863	51193926	ENSG00000176624.12	UTR|exon|gene|regulatory|repeat|transcript	63
chr18	37565685	37565748	ENSG00000101489.20|ENSG00000285940.4	UTR|exon|gene|regulatory|repeat|transcript	63
chr18	72542160	72542223	ENSG00000141668.10	UTR|exon|gene|regulatory|transcript	63
chr18	58671468	58671531	ENSG00000172175.16|ENSG00000267226.2	UTR|exon|gene|regulatory|transcript	63
chr18	63890556	63890619	ENSG00000197632.9	UTR|exon|gene|regulatory|transcript	63
chr18	55322282	55322345	ENSG00000196628.20	UTR|exon|gene|regulatory|transcript	63
chr18	3498916	3498979	ENSG00000170579.19	UTR|exon|gene|regulatory|transcript	63
chr18	34848320	34848383	ENSG00000134769.23	UTR|exon|gene|regulatory|transcript	63
chr18	59268940	59269003	ENSG00000134438.10	UTR|exon|gene|regulatory|transcript	63
chr18	51051353	51051415	ENSG00000141646.16|ENSG00000267699.2	UTR|exon|gene|regulatory|transcript	62
chr18	33852362	33852424	ENSG00000101746.16	UTR|exon|gene|regulatory|transcript	62
chr18	9914177	9914239	ENSG00000101558.14	UTR|exon|gene|regulatory|repeat|transcript	62
chr18	12658045	12658107	ENSG00000128789.22|ENSG00000134278.16	UTR|exon|gene|regulatory|transcript	62
chr18	62715589	62715651	ENSG00000081913.14	UTR|exon|gene|regulatory|repeat|transcript	62
chr18	74499420	74499482	ENSG00000133313.15	UTR|exon|gene|regulatory|transcript	62
chr18	34709395	34709457	ENSG00000134769.23	UTR|exon|gene|regulatory|transcript	62
chr18	32674594	32674656	ENSG00000197705.10|ENSG00000285095.2	UTR|exon|gene|regulatory|transcript	62
chr18	34224772	34224834	ENSG00000101746.16	UTR|exon|gene|regulatory|repeat|transcript	62
chr18	34794185	34794247	ENSG00000134769.23	CDS|UTR|exon|gene|regulatory|transcript	62
chr18	12420148	12420210	ENSG00000141391.14	UTR|exon|gene|regulatory|transcript	62
chr18	22798260	22798322	ENSG00000101773.19|ENSG00000265943.1|ENSG00000266850.1	UTR|exon|gene|regulatory|repeat|transcript	62
chr18	9136227	9136289	ENSG00000101745.17|ENSG00000265257.5|ENSG00000266053.3	UTR|exon|gene|regulatory|transcript	62
chr18	26548955	26549017	ENSG00000134504.14	UTR|exon|gene|regulatory|transcript	62
chr18	63970504	63970565	ENSG00000166401.15|ENSG00000221887.6	UTR|exon|gene|regulatory|transcript	61
chr18	33578912	33578973	ENSG00000141431.14	UTR|exon|gene|regulatory|transcript	61
chr18	58385525	58385586	ENSG00000049759.20	UTR|exon|gene|regulatory|transcript	61
chr18	63889837	63889898	ENSG00000197632.9	UTR|exon|gene|regulatory|transcript	61
chr18	49479835	49479896	ENSG00000177576.12	UTR|exon|gene|regulatory|repeat|transcript	61
chr18	32470821	32470882	ENSG00000141441.16|ENSG00000285095.2	UTR|exon|gene|regulatory|transcript	61
chr18	59156575	59156636	ENSG00000166562.9	UTR|exon|gene|regulatory|transcript	61
chr18	34494528	34494589	ENSG00000134769.23	UTR|exon|gene|regulatory|transcript	61
chr18	58863500	58863561	ENSG00000074657.14	UTR|exon|gene|regulatory|transcript	61
chr18	46104273	46104334	ENSG00000152234.16	UTR|exon|gene|regulatory|transcript	61
chr18	36129113	36129174	ENSG00000141424.13|ENSG00000288917.1	UTR|exon|gene|regulatory|transcript	61
chr18	12948138	12948199	ENSG00000085415.16	CDS|UTR|exon|gene|regulatory|transcript	61
chr18	26089824	26089885	ENSG00000141380.14	UTR|exon|gene|regulatory|repeat|transcript	61
chr18	26090035	26090096	ENSG00000141380.14	UTR|exon|gene|regulatory|transcript	61
chr18	23135484	23135545	ENSG00000134508.13	UTR|exon|gene|regulatory|repeat|transcript	61
chr18	7567315	7567376	ENSG00000173482.17	UTR|exon|gene|regulatory|transcript	61
chr18	46216257	46216318	ENSG00000152242.11	CDS|UTR|exon|gene|regulatory|transcript	61
chr18	72544077	72544138	ENSG00000141668.10	UTR|exon|gene|regulatory|transcript	61
chr18	12883766	12883827	ENSG00000175354.20	UTR|exon|gene|regulatory|transcript	61
chr18	80159709	80159770	ENSG00000178184.16|ENSG00000267270.8	UTR|exon|gene|regulatory|transcript	61
chr18	12420056	12420117	ENSG00000141391.14	CDS|UTR|exon|gene|regulatory|repeat|transcript	61
chr18	58221570	58221630	ENSG00000049759.20	UTR|exon|gene|regulatory|transcript	60
chr18	12277207	12277267	ENSG00000176194.18	CDS|UTR|exon|gene|regulatory|transcript	60
chr18	46756722	46756782	ENSG00000101638.14|ENSG00000270112.5	UTR|exon|gene|regulatory|transcript	60
chr18	12702425	12702485	ENSG00000101624.11|ENSG00000128789.22	UTR|exon|gene|regulatory|transcript	60
chr18	45837028	45837088	ENSG00000152223.16|ENSG00000197046.12	UTR|exon|gene|regulatory|repeat|transcript	60
chr18	35241109	35241169	ENSG00000186812.13	UTR|exon|gene|regulatory|transcript	60
chr18	46677626	46677686	ENSG00000101638.14	UTR|exon|gene|regulatory|repeat|transcript	60
chr18	23529422	23529482	ENSG00000141452.11|ENSG00000141458.13	UTR|exon|gene|regulatory|transcript	60
chr18	10526411	10526471	ENSG00000134265.13	UTR|exon|gene|regulatory|transcript	60
chr18	9475453	9475512	ENSG00000017797.13	UTR|exon|gene|regulatory|transcript	59
chr18	9475512	9475571	ENSG00000017797.13	UTR|exon|gene|regulatory|transcript	59
chr18	21110961	21111020	ENSG00000067900.9	UTR|exon|gene|regulatory|transcript	59
chr18	10476342	10476401	ENSG00000154856.13	UTR|exon|gene|regulatory|transcript	59
chr18	49487042	49487101	ENSG00000177576.12|ENSG00000215472.10	UTR|exon|gene|regulatory|transcript	59
chr18	58227829	58227888	ENSG00000049759.20	UTR|exon|gene|regulatory|transcript	59
chr18	13382606	13382665	ENSG00000168675.19	UTR|exon|gene|regulatory|repeat|transcript	59
chr18	23352195	23352254	ENSG00000134490.14	UTR|exon|gene|regulatory|transcript	59
chr18	51076669	51076728	ENSG00000141646.16	CDS|UTR|exon|gene|regulatory|repeat|transcript	59
chr18	79345427	79345486	ENSG00000166377.21	CDS|UTR|exon|gene|regulatory|transcript	59
chr18	23136548	23136607	ENSG00000134508.13	CDS|UTR|exon|gene|regulatory|transcript	59
chr18	11981610	11981669	ENSG00000141401.12	UTR|exon|gene|regulatory|transcript	59
chr18	35290138	35290197	ENSG00000186814.15|ENSG00000268573.1	UTR|exon|gene|regulatory|transcript	59
chr18	12093842	12093901	ENSG00000181626.12	UTR|exon|gene|regulatory|transcript	59
chr18	54224559	54224617	ENSG00000134046.12	UTR|exon|gene|regulatory|transcript	58
chr18	51197320	51197378	ENSG00000176624.12	UTR|exon|gene|regulatory|repeat|transcript	58
chr18	37266535	37266593	ENSG00000101489.20	CDS|UTR|exon|gene|regulatory|transcript	58
chr18	51030218	51030276	ENSG00000141646.16|ENSG00000267699.2	UTR|exon|gene|regulatory|transcript	58
chr18	46334277	46334335	ENSG00000141622.14	CDS|UTR|exon|gene|regulatory|transcript	58
chr18	50819702	50819760	ENSG00000134042.14	UTR|exon|gene|regulatory|transcript	58
chr18	46334118	46334176	ENSG00000141622.14	UTR|exon|gene|regulatory|repeat|transcript	58
chr18	46264749	46264807	ENSG00000152242.11	UTR|exon|gene|regulatory|transcript	58
chr18	26549106	26549164	ENSG00000134504.14	UTR|exon|gene|regulatory|transcript	58
chr18	36025078	36025136	ENSG00000141425.18	UTR|exon|gene|regulatory|transcript	58
chr18	51030276	51030334	ENSG00000141646.16|ENSG00000267699.2	UTR|exon|gene|regulatory|transcript	58
chr18	31942893	31942951	ENSG00000153339.15|ENSG00000263823.2	UTR|exon|gene|regulatory|transcript	58
chr18	74501145	74501203	ENSG00000133313.15	CDS|UTR|exon|gene|regulatory|transcript	58
chr18	11885617	11885675	ENSG00000141404.17|ENSG00000154889.17	UTR|exon|gene|regulatory|transcript	58
chr18	11905825	11905883	ENSG00000154889.17	UTR|exon|gene|regulatory|transcript	58
chr18	7566781	7566839	ENSG00000173482.17	UTR|exon|gene|regulatory|transcript	58
chr18	47818629	47818687	ENSG00000175387.16	UTR|exon|gene|regulatory|repeat|transcript	58
chr18	13644756	13644814	ENSG00000168675.19	UTR|exon|gene|regulatory|transcript	58
chr18	74898385	74898443	ENSG00000215421.10	UTR|exon|gene|regulatory|transcript	58
chr18	55321254	55321312	ENSG00000196628.20	UTR|exon|gene|regulatory|transcript	58
chr18	158590	158647	ENSG00000101557.15	UTR|exon|gene|regulatory|repeat|transcript	57
chr18	75208360	75208417	ENSG00000180011.7	UTR|exon|gene|regulatory|transcript	57
chr18	36782984	36783041	ENSG00000134779.15	UTR|exon|gene|regulatory|transcript	57
chr18	22200823	22200880	ENSG00000141448.11|ENSG00000266283.1	UTR|exon|gene|regulatory|transcript	57
chr18	26091135	26091192	ENSG00000141380.14	UTR|exon|gene|regulatory|transcript	57
chr18	12009930	12009987	ENSG00000141401.12	CDS|UTR|exon|gene|regulatory|transcript	57
chr18	9557325	9557382	ENSG00000154845.16	UTR|exon|gene|regulatory|transcript	57
chr18	50879170	50879227	ENSG00000082212.13	UTR|exon|gene|regulatory|transcript	57
chr18	58481765	58481822	ENSG00000198796.7	UTR|exon|gene|regulatory|transcript	57
chr18	11885759	11885816	ENSG00000154889.17	CDS|UTR|exon|gene|regulatory|transcript	57
chr18	57801931	57801988	ENSG00000081923.15	UTR|exon|gene|regulatory|transcript	57
chr18	49461290	49461347	ENSG00000141627.14	UTR|exon|gene|regulatory|transcript	57
chr18	23503542	23503599	ENSG00000141452.11	UTR|exon|gene|regulatory|transcript	57
chr18	72867575	72867632	ENSG00000166342.19	UTR|exon|gene|regulatory|transcript	57
chr18	12884141	12884198	ENSG00000175354.20	UTR|exon|gene|regulatory|transcript	57
chr18	12686204	12686261	ENSG00000101624.11|ENSG00000128789.22	UTR|exon|gene|regulatory|transcript	57
chr18	11885816	11885873	ENSG00000154889.17	UTR|exon|gene|regulatory|transcript	57
chr18	49562086	49562143	ENSG00000101670.12	UTR|exon|gene|regulatory|transcript	57
chr18	7946896	7946953	ENSG00000173482.17	UTR|exon|gene|regulatory|repeat|transcript	57
chr18	23522540	23522597	ENSG00000141452.11|ENSG00000141458.13	UTR|exon|gene|regulatory|repeat|transcript	57
chr18	54358773	54358830	ENSG00000166845.15	UTR|exon|gene|regulatory|transcript	57
chr18	54357791	54357848	ENSG00000174448.9	UTR|exon|gene|regulatory|transcript	57
chr18	35343876	35343932	ENSG00000172466.16	UTR|exon|gene|regulatory|transcript	56
chr18	59697606	59697662	ENSG00000183287.15|ENSG00000267774.2	UTR|exon|gene|regulatory|transcript	56
chr18	72544286	72544342	ENSG00000141668.10	UTR|exon|gene|regulatory|transcript	56
chr18	72544177	72544233	ENSG00000141668.10	UTR|exon|gene|regulatory|transcript	56
chr18	32772666	32772722	ENSG00000197705.10|ENSG00000228835.1	UTR|exon|gene|regulatory|transcript	56
chr18	63949300	63949356	ENSG00000221887.6	UTR|exon|gene|regulatory|transcript	56
chr18	76978965	76979021	ENSG00000197971.16|ENSG00000266844.1	UTR|exon|gene|regulatory|transcript	56
chr18	76979299	76979355	ENSG00000197971.16|ENSG00000266844.1	UTR|exon|gene|regulatory|transcript	56
chr18	58864820	58864876	ENSG00000074657.14	UTR|exon|gene|regulatory|transcript	56
chr18	26854044	26854100	ENSG00000171885.18|ENSG00000260372.7	UTR|exon|gene|regulatory|repeat|transcript	56
chr18	12991376	12991432	ENSG00000101639.19	UTR|exon|gene|regulatory|transcript	56
chr18	26226827	26226882	ENSG00000141384.13	UTR|exon|gene|regulatory|transcript	55
chr18	45842365	45842420	ENSG00000152223.16|ENSG00000197046.12	UTR|exon|gene|regulatory|transcript	55
chr18	36829141	36829196	ENSG00000134779.15|ENSG00000150477.15	CDS|UTR|exon|gene|regulatory|transcript	55
chr18	11999080	11999135	ENSG00000141401.12	UTR|exon|gene|regulatory|transcript	55
chr18	47815522	47815577	ENSG00000175387.16	UTR|exon|gene|regulatory|repeat|transcript	55
chr18	56651521	56651576	ENSG00000091157.15|ENSG00000091164.13	UTR|exon|gene|regulatory|transcript	55
chr18	52340691	52340746	ENSG00000187323.13	UTR|exon|gene|regulatory|repeat|transcript	55
chr18	53535443	53535498	ENSG00000187323.13|ENSG00000260433.3	UTR|exon|gene|regulatory|transcript	55
chr18	24014645	24014700	ENSG00000168234.13|ENSG00000264745.1	UTR|exon|gene|regulatory|repeat|transcript	55
chr18	52340621	52340676	ENSG00000187323.13	UTR|exon|gene|regulatory|repeat|transcript	55
chr18	72867318	72867373	ENSG00000166342.19	UTR|exon|gene|regulatory|transcript	55
chr18	12702667	12702722	ENSG00000101624.11|ENSG00000128789.22	UTR|exon|gene|regulatory|transcript	55
chr18	80033894	80033949	ENSG00000141759.15	UTR|exon|gene|regulatory|transcript	55
chr18	58091365	58091420	ENSG00000049759.20	UTR|exon|gene|regulatory|repeat|transcript	55
chr18	80069851	80069906	ENSG00000261126.7|ENSG00000267127.7	UTR|exon|gene|regulatory|transcript	55
chr18	5543912	5543967	ENSG00000082397.18	UTR|exon|gene|regulatory|transcript	55
chr18	14132373	14132428	ENSG00000175322.12	UTR|exon|gene|regulatory|transcript	55
chr18	59903179	59903234	ENSG00000141682.12	UTR|exon|gene|regulatory|transcript	55
chr18	5889463	5889518	ENSG00000206432.4|ENSG00000264449.6	UTR|exon|gene|regulatory|transcript	55
chr18	23530243	23530297	ENSG00000141452.11|ENSG00000141458.13	UTR|exon|gene|regulatory|transcript	54
chr18	3262702	3262756	ENSG00000118680.14	UTR|exon|gene|regulatory|transcript	54
chr18	79933968	79934022	ENSG00000122490.19	UTR|exon|gene|regulatory|transcript	54
chr18	58195598	58195652	ENSG00000049759.20|ENSG00000267743.5	UTR|exon|gene|regulatory|transcript	54
chr18	79396130	79396184	ENSG00000131196.18	UTR|exon|gene|regulatory|transcript	54
chr18	63887704	63887758	ENSG00000197632.9	UTR|exon|gene|regulatory|transcript	54
chr18	79069284	79069338	ENSG00000166377.21	UTR|exon|gene|regulatory|transcript	54
chr18	49368617	49368671	ENSG00000141627.14	UTR|exon|gene|regulatory|transcript	54
chr18	68714981	68715035	ENSG00000166479.10	UTR|exon|gene|regulatory|transcript	54
chr18	12703110	12703164	ENSG00000128789.22	CDS|UTR|exon|gene|regulatory|transcript	54
chr18	36129443	36129497	ENSG00000134759.14	UTR|exon|gene|regulatory|transcript	54
chr18	34708173	34708226	ENSG00000134769.23	UTR|exon|gene|regulatory|transcript	53
chr18	45967274	45967327	ENSG00000152223.16	UTR|exon|gene|regulatory|transcript	53
chr18	79069338	79069391	ENSG00000166377.21	UTR|exon|gene|regulatory|repeat|transcript	53
chr18	34595797	34595850	ENSG00000134769.23	UTR|exon|gene|regulatory|repeat|transcript	53
chr18	51195025	51195078	ENSG00000176624.12	UTR|exon|gene|regulatory|repeat|transcript	53
chr18	6414858	6414911	ENSG00000154655.16	UTR|exon|gene|regulatory|transcript	53
chr18	32092609	32092662	ENSG00000134758.14|ENSG00000263917.1	UTR|exon|gene|regulatory|transcript	53
chr18	45749895	45749948	ENSG00000141469.18	CDS|UTR|exon|gene|regulatory|transcript	53
chr18	13452684	13452737	ENSG00000168675.19	UTR|exon|gene|regulatory|transcript	53
chr18	13726505	13726558	ENSG00000177150.13	UTR|exon|gene|regulatory|transcript	53
chr18	46676420	46676473	ENSG00000101638.14	UTR|exon|gene|regulatory|transcript	53
chr18	23194447	23194500	ENSG00000134508.13	CDS|UTR|exon|gene|regulatory|transcript	53
chr18	31102450	31102503	ENSG00000134755.18|ENSG00000265888.4	UTR|exon|gene|regulatory|repeat|transcript	53
chr18	13382553	13382606	ENSG00000168675.19	UTR|exon|gene|regulatory|transcript	53
chr18	10454782	10454835	ENSG00000154856.13	UTR|exon|gene|regulatory|transcript	53
chr18	37485524	37485576	ENSG00000101489.20	UTR|exon|gene|regulatory|transcript	52
chr18	47817547	47817599	ENSG00000175387.16	UTR|exon|gene|regulatory|repeat|transcript	52
chr18	23662831	23662883	ENSG00000154065.17	UTR|exon|gene|regulatory|repeat|transcript	52
chr18	31830702	31830754	ENSG00000153339.15	UTR|exon|gene|regulatory|transcript	52
chr18	35369162	35369214	ENSG00000186496.12	UTR|exon|gene|regulatory|transcript	52
chr18	12883714	12883766	ENSG00000175354.20	UTR|exon|gene|regulatory|transcript	52
chr18	11999135	11999187	ENSG00000141401.12	UTR|exon|gene|regulatory|transcript	52
chr18	21741361	21741413	ENSG00000101752.13	UTR|exon|gene|regulatory|transcript	52
chr18	55585914	55585966	ENSG00000196628.20	UTR|exon|gene|regulatory|transcript	52
chr18	36176188	36176240	ENSG00000134759.14	UTR|exon|gene|regulatory|repeat|transcript	52
chr18	6859845	6859897	ENSG00000088756.13	CDS|UTR|exon|gene|regulatory|transcript	52
chr18	9557273	9557325	ENSG00000154845.16	UTR|exon|gene|regulatory|transcript	52
chr18	45852228	45852280	ENSG00000152223.16	UTR|exon|gene|regulatory|transcript	52
chr18	63970028	63970080	ENSG00000166401.15|ENSG00000221887.6|ENSG00000283667.1	UTR|exon|gene|regulatory|transcript	52
chr18	46174033	46174085	ENSG00000152242.11	UTR|exon|gene|regulatory|transcript	52
chr18	77249847	77249899	ENSG00000166573.6	UTR|exon|gene|regulatory|transcript	52
chr18	62045382	62045434	ENSG00000197563.11	UTR|exon|gene|regulatory|transcript	52
chr18	49597594	49597646	ENSG00000101670.12	UTR|exon|gene|regulatory|transcript	52
chr18	35247917	35247969	ENSG00000186812.13	UTR|exon|gene|regulatory|repeat|transcript	52
chr18	9595102	9595153	ENSG00000154845.16	CDS|UTR|exon|gene|regulatory|transcript	51
chr18	26226882	26226933	ENSG00000141384.13	UTR|exon|gene|regulatory|transcript	51
chr18	58195468	58195519	ENSG00000049759.20|ENSG00000267743.5	UTR|exon|gene|regulatory|transcript	51
chr18	79396079	79396130	ENSG00000131196.18	UTR|exon|gene|regulatory|transcript	51
chr18	55403660	55403711	ENSG00000196628.20	CDS|UTR|exon|gene|regulatory|transcript	51
chr18	45852469	45852520	ENSG00000152223.16	CDS|UTR|exon|gene|regulatory|transcript	51
chr18	58629040	58629091	ENSG00000198796.7	UTR|exon|gene|regulatory|transcript	51
chr18	35344369	35344420	ENSG00000172466.16	UTR|exon|gene|regulatory|transcript	51
chr18	56638505	56638556	ENSG00000091164.13	UTR|exon|gene|regulatory|transcript	51
chr18	33439961	33440012	ENSG00000166960.17	UTR|exon|gene|regulatory|repeat|transcript	51
chr18	2571632	2571683	ENSG00000080986.13	UTR|exon|gene|regulatory|transcript	51
chr18	35247666	35247717	ENSG00000186812.13	UTR|exon|gene|regulatory|repeat|transcript	51
chr18	45749951	45750002	ENSG00000141469.18	UTR|exon|gene|regulatory|transcript	51
chr18	5295651	5295702	ENSG00000198081.11	UTR|exon|gene|regulatory|transcript	51
chr18	24239332	24239382	ENSG00000141447.19	UTR|exon|gene|regulatory|transcript	50
chr18	49813681	49813731	ENSG00000167315.18|ENSG00000266997.2	UTR|exon|gene|regulatory|transcript	50
chr18	59139898	59139948	ENSG00000166562.9	UTR|exon|gene|regulatory|transcript	50
chr18	10454634	10454684	ENSG00000154856.13	UTR|exon|gene|regulatory|transcript	50
chr18	47923592	47923642	ENSG00000175387.16	UTR|exon|gene|regulatory|transcript	50
chr18	33578218	33578268	ENSG00000141431.14	UTR|exon|gene|regulatory|transcript	50
chr18	22933438	22933488	ENSG00000101773.19|ENSG00000265943.1	UTR|exon|gene|regulatory|transcript	50
chr18	683330	683380	ENSG00000132199.20	UTR|exon|gene|regulatory|transcript	50
chr18	54269611	54269661	ENSG00000101751.11|ENSG00000277324.1	CDS|UTR|exon|gene|regulatory|transcript	50
chr18	3498866	3498916	ENSG00000170579.19	UTR|exon|gene|regulatory|transcript	50
chr18	55422191	55422241	ENSG00000196628.20	UTR|exon|gene|regulatory|transcript	50
chr18	55403714	55403764	ENSG00000196628.20	UTR|exon|gene|regulatory|transcript	50
chr18	35497599	35497649	ENSG00000153391.16|ENSG00000267140.1	UTR|exon|gene|regulatory|transcript	50
chr18	48539030	48539079	ENSG00000134030.14	UTR|exon|gene|regulatory|transcript	49
chr18	74457259	74457308	ENSG00000187773.9	UTR|exon|gene|regulatory|transcript	49
chr18	13915487	13915536	ENSG00000185231.5	UTR|exon|gene|regulatory|transcript	49
chr18	58091227	58091276	ENSG00000049759.20	UTR|exon|gene|regulatory|repeat|transcript	49
chr18	55588101	55588150	ENSG00000196628.20	UTR|exon|gene|regulatory|transcript	49
chr18	12277481	12277530	ENSG00000176194.18	UTR|exon|gene|regulatory|transcript	49
chr18	34223331	34223380	ENSG00000101746.16|ENSG00000267746.1	UTR|exon|gene|regulatory|transcript	49
chr18	49491680	49491729	ENSG00000215472.10|ENSG00000265496.5|ENSG00000265681.8|ENSG00000271982.1	UTR|exon|gene|regulatory|transcript	49
chr18	657664	657713	ENSG00000176890.16|ENSG00000176912.7	UTR|exon|gene|regulatory|transcript	49
chr18	37243859	37243908	ENSG00000101489.20|ENSG00000267707.2	UTR|exon|gene|regulatory|transcript	49
chr18	9885887	9885936	ENSG00000168454.13	UTR|exon|gene|regulatory|repeat|transcript	49
chr18	49460665	49460714	ENSG00000141627.14	UTR|exon|gene|regulatory|transcript	49
chr18	31830935	31830984	ENSG00000153339.15	CDS|UTR|exon|gene|regulatory|transcript	49
chr18	63777776	63777825	ENSG00000166396.13	UTR|exon|gene|regulatory|transcript	49
chr18	63422414	63422463	ENSG00000119541.10	UTR|exon|gene|regulatory|transcript	49
chr18	66604039	66604088	ENSG00000071991.9	UTR|exon|gene|regulatory|transcript	49
chr18	3457944	3457992	ENSG00000177426.22	UTR|exon|gene|regulatory|transcript	48
chr18	66604090	66604138	ENSG00000071991.9	UTR|exon|gene|regulatory|transcript	48
chr18	3247812	3247860	ENSG00000101608.13	UTR|exon|gene|regulatory|transcript	48
chr18	5540424	5540472	ENSG00000082397.18	UTR|exon|gene|regulatory|transcript	48
chr18	51076728	51076776	ENSG00000141646.16	CDS|UTR|exon|gene|regulatory|transcript	48
chr18	46264660	46264708	ENSG00000152242.11	UTR|exon|gene|regulatory|transcript	48
chr18	26546727	26546775	ENSG00000134504.14	CDS|UTR|exon|gene|regulatory|transcript	48
chr18	55422444	55422492	ENSG00000196628.20	UTR|exon|gene|regulatory|transcript	48
chr18	46098231	46098279	ENSG00000152234.16	UTR|exon|gene|regulatory|transcript	48
chr18	3457408	3457456	ENSG00000177426.22	CDS|UTR|exon|gene|regulatory|transcript	48
chr18	27185250	27185298	ENSG00000154080.14|ENSG00000260372.7	UTR|exon|gene|regulatory|repeat|transcript	48
chr18	45750120	45750168	ENSG00000141469.18	UTR|exon|gene|regulatory|transcript	48
chr18	55321986	55322034	ENSG00000196628.20	UTR|exon|gene|regulatory|transcript	48
chr18	47817134	47817182	ENSG00000175387.16	UTR|exon|gene|regulatory|transcript	48
chr18	54357916	54357964	ENSG00000166845.15|ENSG00000174448.9	UTR|exon|gene|regulatory|transcript	48
chr18	13612726	13612774	ENSG00000168675.19	CDS|UTR|exon|gene|regulatory|transcript	48
chr18	79486630	79486678	ENSG00000131196.18	UTR|exon|gene|regulatory|transcript	48
chr18	79377383	79377431	ENSG00000166377.21	UTR|exon|gene|regulatory|transcript	48
chr18	74499881	74499928	ENSG00000133313.15	UTR|exon|gene|regulatory|transcript	47
chr18	33578458	33578505	ENSG00000141431.14	UTR|exon|gene|regulatory|repeat|transcript	47
chr18	13726458	13726505	ENSG00000177150.13	UTR|exon|gene|regulatory|transcript	47
chr18	57648440	57648487	ENSG00000081923.15|ENSG00000267040.8|ENSG00000267787.7	UTR|exon|gene|regulatory|transcript	47
chr18	52816686	52816733	ENSG00000187323.13	UTR|exon|gene|regulatory|transcript	47
chr18	11752805	11752852	ENSG00000141404.17	UTR|exon|gene|regulatory|transcript	47
chr18	47249183	47249230	ENSG00000215474.8	UTR|exon|gene|regulatory|transcript	47
chr18	11853778	11853825	ENSG00000141404.17|ENSG00000255112.3	UTR|exon|gene|regulatory|transcript	47
chr18	47150061	47150108	ENSG00000167220.12|ENSG00000267228.7	UTR|exon|gene|regulatory|transcript	47
chr18	158406	158453	ENSG00000101557.15	UTR|exon|gene|regulatory|repeat|transcript	47
chr18	5489000	5489047	ENSG00000082397.18	CDS|UTR|exon|gene|regulatory|transcript	47
chr18	5540349	5540396	ENSG00000082397.18	UTR|exon|gene|regulatory|transcript	47
chr18	22169588	22169635	ENSG00000141448.11|ENSG00000266010.4	UTR|exon|gene|regulatory|transcript	47
chr18	33440950	33440997	ENSG00000166960.17	UTR|exon|gene|regulatory|transcript	47
chr18	33578411	33578458	ENSG00000141431.14	UTR|exon|gene|regulatory|repeat|transcript	47
chr18	79943415	79943462	ENSG00000122490.19	UTR|exon|gene|regulatory|transcript	47
chr18	23134563	23134610	ENSG00000134508.13	UTR|exon|gene|regulatory|transcript	47
chr18	13218224	13218271	ENSG00000168675.19	UTR|exon|gene|regulatory|transcript	47
chr18	75208419	75208466	ENSG00000180011.7	UTR|exon|gene|regulatory|transcript	47
chr18	58221630	58221677	ENSG00000049759.20	UTR|exon|gene|regulatory|transcript	47
chr18	51030549	51030596	ENSG00000141646.16|ENSG00000267699.2	UTR|exon|gene|regulatory|transcript	47
chr18	63970123	63970170	ENSG00000166401.15|ENSG00000221887.6|ENSG00000283667.1	UTR|exon|gene|regulatory|repeat|transcript	47
chr18	75244575	75244622	ENSG00000179981.11	UTR|exon|gene|regulatory|transcript	47
chr18	48027100	48027147	ENSG00000184828.10	UTR|exon|gene|regulatory|repeat|transcript	47
chr18	58044404	58044451	ENSG00000049759.20	UTR|exon|gene|regulatory|transcript	47
chr18	23530536	23530582	ENSG00000141452.11|ENSG00000141458.13	UTR|exon|gene|regulatory|transcript	46
chr18	9134295	9134341	ENSG00000178127.13|ENSG00000265257.5|ENSG00000266053.3	UTR|exon|gene|regulatory|transcript	46
chr18	23515950	23515996	ENSG00000141452.11|ENSG00000141458.13	UTR|exon|gene|regulatory|transcript	46
chr18	12702593	12702639	ENSG00000101624.11|ENSG00000128789.22	UTR|exon|gene|regulatory|transcript	46
chr18	63367128	63367174	ENSG00000119537.18	UTR|exon|gene|regulatory|transcript	46
chr18	44680338	44680384	ENSG00000152217.20	UTR|exon|gene|regulatory|repeat|transcript	46
chr18	616671	616717	ENSG00000079101.18	UTR|exon|gene|regulatory|transcript	46
chr18	50819580	50819626	ENSG00000134042.14	UTR|exon|gene|regulatory|transcript	46
chr18	55228955	55229001	ENSG00000196628.20	UTR|exon|gene|regulatory|transcript	46
chr18	58091316	58091362	ENSG00000049759.20	UTR|exon|gene|regulatory|repeat|transcript	46
chr18	45825674	45825720	ENSG00000152223.16|ENSG00000197046.12	UTR|exon|gene|regulatory|transcript	46
chr18	24113352	24113398	ENSG00000168234.13	UTR|exon|gene|regulatory|transcript	46
chr18	75201277	75201323	ENSG00000180011.7	UTR|exon|gene|regulatory|transcript	46
chr18	61892917	61892963	ENSG00000176641.11	UTR|exon|gene|regulatory|transcript	46
chr18	23135553	23135599	ENSG00000134508.13	UTR|exon|gene|regulatory|transcript	46
chr18	72865653	72865699	ENSG00000166342.19	UTR|exon|gene|regulatory|transcript	46
chr18	32265498	32265544	ENSG00000141441.16	UTR|exon|gene|regulatory|repeat|transcript	46
chr18	14132277	14132323	ENSG00000175322.12	UTR|exon|gene|regulatory|transcript	46
chr18	50560086	50560132	ENSG00000141639.12	UTR|exon|gene|regulatory|transcript	46
chr18	74508874	74508920	ENSG00000133313.15	CDS|UTR|exon|gene|regulatory|transcript	46
chr18	9136919	9136965	ENSG00000101745.17|ENSG00000265257.5	UTR|exon|gene|regulatory|transcript	46
chr18	11853825	11853871	ENSG00000141404.17|ENSG00000255112.3	UTR|exon|gene|regulatory|repeat|transcript	46
chr18	13443719	13443764	ENSG00000168675.19	UTR|exon|gene|regulatory|repeat|transcript	45
chr18	23529482	23529527	ENSG00000141452.11|ENSG00000141458.13	UTR|exon|gene|regulatory|transcript	45
chr18	55322090	55322135	ENSG00000196628.20	UTR|exon|gene|regulatory|repeat|transcript	45
chr18	47930614	47930659	ENSG00000175387.16	UTR|exon|gene|regulatory|transcript	45
chr18	46334671	46334716	ENSG00000141622.14	UTR|exon|gene|regulatory|repeat|transcript	45
chr18	67510838	67510883	ENSG00000171451.15|ENSG00000263424.1	UTR|exon|gene|regulatory|repeat|transcript	45
chr18	35972633	35972678	ENSG00000141428.17|ENSG00000278986.1	UTR|exon|gene|regulatory|transcript	45
chr18	46946875	46946920	ENSG00000167216.19	CDS|UTR|exon|gene|regulatory|transcript	45
chr18	74499375	74499420	ENSG00000133313.15	UTR|exon|gene|regulatory|transcript	45
chr18	49813771	49813816	ENSG00000167315.18|ENSG00000266997.2	UTR|exon|gene|regulatory|transcript	45
chr18	46264425	46264470	ENSG00000152242.11	UTR|exon|gene|regulatory|repeat|transcript	45
chr18	50820019	50820064	ENSG00000134042.14	UTR|exon|gene|regulatory|transcript	45
chr18	26865707	26865752	ENSG00000171885.18|ENSG00000260372.7	UTR|exon|gene|regulatory|transcript	45
chr18	2917006	2917050	ENSG00000101577.11	UTR|exon|gene|regulatory|transcript	44
chr18	712540	712584	ENSG00000132199.20	CDS|UTR|exon|gene|regulatory|transcript	44
chr18	23437869	23437913	ENSG00000134490.14	UTR|exon|gene|regulatory|transcript	44
chr18	23384989	23385033	ENSG00000134490.14	CDS|UTR|exon|gene|regulatory|transcript	44
chr18	9885777	9885821	ENSG00000168454.13	UTR|exon|gene|regulatory|transcript	44
chr18	33852797	33852841	ENSG00000101746.16	UTR|exon|gene|regulatory|transcript	44
chr18	74501101	74501145	ENSG00000133313.15	CDS|UTR|exon|gene|regulatory|repeat|transcript	44
chr18	54357861	54357905	ENSG00000174448.9	UTR|exon|gene|regulatory|transcript	44
chr18	63315233	63315277	ENSG00000171791.14	UTR|exon|gene|regulatory|transcript	44
chr18	50269631	50269675	ENSG00000141644.19	CDS|UTR|exon|gene|regulatory|repeat|transcript	44
chr18	9595017	9595061	ENSG00000154845.16	CDS|UTR|exon|gene|regulatory|transcript	44
chr18	34493914	34493958	ENSG00000134769.23	UTR|exon|gene|regulatory|transcript	44
chr18	55423713	55423757	ENSG00000196628.20	UTR|exon|gene|regulatory|transcript	44
chr18	9614226	9614270	ENSG00000154845.16	CDS|UTR|exon|gene|regulatory|transcript	44
chr18	55422297	55422341	ENSG00000196628.20	UTR|exon|gene|regulatory|transcript	44
chr18	3456353	3456397	ENSG00000177426.22	CDS|UTR|exon|gene|regulatory|transcript	44
chr18	3450211	3450255	ENSG00000177426.22	UTR|exon|gene|regulatory|repeat|transcript	44
chr18	46334716	46334760	ENSG00000141622.14	UTR|exon|gene|regulatory|transcript	44
chr18	58044598	58044642	ENSG00000049759.20	UTR|exon|gene|regulatory|transcript	44
chr18	63949356	63949400	ENSG00000221887.6	UTR|exon|gene|regulatory|transcript	44
chr18	35972840	35972884	ENSG00000141428.17|ENSG00000278986.1	UTR|exon|gene|regulatory|transcript	44
chr18	32092732	32092776	ENSG00000134758.14|ENSG00000263917.1	UTR|exon|gene|regulatory|transcript	44
chr18	32265562	32265606	ENSG00000141441.16	UTR|exon|gene|regulatory|repeat|transcript	44
chr18	32772084	32772128	ENSG00000197705.10|ENSG00000228835.1	UTR|exon|gene|regulatory|repeat|transcript	44
chr18	46097835	46097878	ENSG00000152234.16	UTR|exon|gene|regulatory|transcript	43
chr18	34223253	34223296	ENSG00000101746.16|ENSG00000267746.1	UTR|exon|gene|regulatory|transcript	43
chr18	36025035	36025078	ENSG00000141425.18	UTR|exon|gene|regulatory|repeat|transcript	43
chr18	904898	904941	ENSG00000141433.13|ENSG00000265179.9|ENSG00000265671.1	UTR|exon|gene|regulatory|repeat|transcript	43
chr18	12884281	12884324	ENSG00000175354.20	UTR|exon|gene|regulatory|transcript	43
chr18	50281531	50281574	ENSG00000141644.19	UTR|exon|gene|regulatory|transcript	43
chr18	59273232	59273275	ENSG00000134438.10	UTR|exon|gene|regulatory|transcript	43
chr18	9792192	9792235	ENSG00000168461.13	CDS|UTR|exon|gene|regulatory|transcript	43
chr18	23662772	23662815	ENSG00000154065.17	UTR|exon|gene|regulatory|transcript	43
chr18	3457531	3457574	ENSG00000177426.22	CDS|UTR|exon|gene|regulatory|transcript	43
chr18	9102962	9103005	ENSG00000178127.13|ENSG00000265257.5	UTR|exon|gene|regulatory|transcript	43
chr18	49812999	49813042	ENSG00000167315.18|ENSG00000266997.2	UTR|exon|gene|regulatory|transcript	43
chr18	79467449	79467492	ENSG00000131196.18	CDS|UTR|exon|gene|regulatory|transcript	43
chr18	33644927	33644970	ENSG00000141431.14	CDS|UTR|exon|gene|regulatory|transcript	43
chr18	13644713	13644756	ENSG00000168675.19	UTR|exon|gene|regulatory|repeat|transcript	43
chr18	36187496	36187539	ENSG00000075643.6	UTR|exon|gene|regulatory|transcript	43
chr18	63422259	63422302	ENSG00000119541.10	UTR|exon|gene|regulatory|transcript	43
chr18	3219802	3219845	ENSG00000101605.14|ENSG00000265399.1	UTR|exon|gene|regulatory|transcript	43
chr18	48409249	48409292	ENSG00000184828.10	UTR|exon|gene|regulatory|transcript	43
chr18	70289044	70289087	ENSG00000170677.6	UTR|exon|gene|regulatory|transcript	43
chr18	63775374	63775417	ENSG00000166396.13	UTR|exon|gene|regulatory|transcript	43
chr18	45837512	45837554	ENSG00000152223.16|ENSG00000197046.12	CDS|UTR|exon|gene|regulatory|transcript	42
chr18	80048545	80048587	ENSG00000101546.13|ENSG00000261126.7|ENSG00000267127.7	UTR|exon|gene|regulatory|repeat|transcript	42
chr18	678695	678737	ENSG00000132199.20	UTR|exon|gene|regulatory|transcript	42
chr18	9612456	9612498	ENSG00000154845.16	UTR|exon|gene|regulatory|transcript	42
chr18	75210754	75210796	ENSG00000179981.11	UTR|exon|gene|regulatory|transcript	42
chr18	12337183	12337225	ENSG00000141385.12|ENSG00000176014.13	UTR|exon|gene|regulatory|transcript	42
chr18	57020744	57020786	ENSG00000091157.15	CDS|UTR|exon|gene|regulatory|transcript	42
chr18	5895480	5895522	ENSG00000206432.4|ENSG00000264449.6	UTR|exon|gene|regulatory|transcript	42
chr18	45727331	45727373	ENSG00000141469.18|ENSG00000288545.1	CDS|UTR|exon|gene|regulatory|transcript	42
chr18	74457902	74457944	ENSG00000187773.9	UTR|exon|gene|regulatory|transcript	42
chr18	23662730	23662772	ENSG00000154065.17	UTR|exon|gene|regulatory|transcript	42
chr18	5297011	5297053	ENSG00000198081.11	UTR|exon|gene|regulatory|transcript	42
chr18	32772823	32772865	ENSG00000197705.10|ENSG00000228835.1	UTR|exon|gene|regulatory|transcript	42
chr18	55588575	55588617	ENSG00000196628.20	UTR|exon|gene|regulatory|repeat|transcript	42
chr18	35497557	35497599	ENSG00000153391.16|ENSG00000267140.1	UTR|exon|gene|regulatory|transcript	42
chr18	76981989	76982031	ENSG00000197971.16|ENSG00000266844.1	UTR|exon|gene|regulatory|transcript	42
chr18	58863561	58863603	ENSG00000074657.14	UTR|exon|gene|regulatory|transcript	42
chr18	47930557	47930599	ENSG00000175387.16	UTR|exon|gene|regulatory|repeat|transcript	42
chr18	49597646	49597687	ENSG00000101670.12	UTR|exon|gene|regulatory|repeat|transcript	41
chr18	24014700	24014741	ENSG00000168234.13|ENSG00000264745.1	UTR|exon|gene|regulatory|transcript	41
chr18	34888125	34888166	ENSG00000134769.23	UTR|exon|gene|regulatory|transcript	41
chr18	59697342	59697383	ENSG00000183287.15|ENSG00000267774.2	UTR|exon|gene|regulatory|transcript	41
chr18	63280886	63280927	ENSG00000171791.14	UTR|exon|gene|regulatory|repeat|transcript	41
chr18	80033850	80033891	ENSG00000141759.15	UTR|exon|gene|regulatory|transcript	41
chr18	21741486	21741527	ENSG00000101752.13	UTR|exon|gene|regulatory|transcript	41
chr18	75205472	75205513	ENSG00000180011.7	UTR|exon|gene|regulatory|transcript	41
chr18	12419891	12419932	ENSG00000141391.14	UTR|exon|gene|regulatory|repeat|transcript	41
chr18	79400394	79400435	ENSG00000131196.18	CDS|UTR|exon|gene|regulatory|transcript	41
chr18	26226444	26226485	ENSG00000141384.13	UTR|exon|gene|regulatory|transcript	41
chr18	46098187	46098228	ENSG00000152234.16	CDS|UTR|exon|gene|regulatory|transcript	41
chr18	76982136	76982177	ENSG00000197971.16|ENSG00000266844.1	UTR|exon|gene|regulatory|repeat|transcript	41
chr18	55587044	55587085	ENSG00000196628.20	CDS|UTR|exon|gene|regulatory|transcript	41
chr18	77250455	77250496	ENSG00000166573.6	UTR|exon|gene|regulatory|transcript	41
chr18	46264708	46264749	ENSG00000152242.11	UTR|exon|gene|regulatory|repeat|transcript	41
chr18	36129340	36129381	ENSG00000141424.13	UTR|exon|gene|regulatory|transcript	41
chr18	4455266	4455307	ENSG00000170579.19	UTR|exon|gene|regulatory|transcript	41
chr18	62388742	62388783	ENSG00000141655.18	UTR|exon|gene|regulatory|transcript	41
chr18	54358830	54358870	ENSG00000166845.15	UTR|exon|gene|regulatory|repeat|transcript	40
chr18	76980234	76980274	ENSG00000197971.16|ENSG00000266844.1	UTR|exon|gene|regulatory|transcript	40
chr18	46462370	46462410	ENSG00000141622.14	UTR|exon|gene|regulatory|transcript	40
chr18	46917629	46917669	ENSG00000078043.16|ENSG00000167216.19	UTR|exon|gene|regulatory|transcript	40
chr18	46918001	46918041	ENSG00000078043.16|ENSG00000167216.19	UTR|exon|gene|regulatory|transcript	40
chr18	74147791	74147831	ENSG00000141665.13	UTR|exon|gene|regulatory|transcript	40
chr18	74496318	74496358	ENSG00000133313.15	CDS|UTR|exon|gene|regulatory|transcript	40
chr18	55588535	55588575	ENSG00000196628.20	UTR|exon|gene|regulatory|transcript	40
chr18	2982769	2982809	ENSG00000101577.11|ENSG00000266397.1	UTR|exon|gene|regulatory|transcript	40
chr18	58091276	58091316	ENSG00000049759.20	UTR|exon|gene|regulatory|transcript	40
chr18	75209099	75209139	ENSG00000180011.7	UTR|exon|gene|regulatory|repeat|transcript	40
chr18	68715234	68715274	ENSG00000150636.17	UTR|exon|gene|regulatory|transcript	40
chr18	34493981	34494021	ENSG00000134769.23	UTR|exon|gene|regulatory|transcript	40
chr18	79373897	79373937	ENSG00000166377.21	CDS|UTR|exon|gene|regulatory|transcript	40
chr18	55403620	55403660	ENSG00000196628.20	CDS|UTR|exon|gene|regulatory|transcript	40
chr18	65750773	65750813	ENSG00000081138.14	UTR|exon|gene|regulatory|repeat|transcript	40
chr18	616717	616757	ENSG00000079101.18	UTR|exon|gene|regulatory|transcript	40
chr18	13726768	13726808	ENSG00000101654.18	UTR|exon|gene|regulatory|transcript	40
chr18	80034345	80034384	ENSG00000267127.7	UTR|exon|gene|regulatory|transcript	39
chr18	55321478	55321517	ENSG00000196628.20	UTR|exon|gene|regulatory|repeat|transcript	39
chr18	7117720	7117759	ENSG00000101680.16	UTR|exon|gene|regulatory|transcript	39
chr18	23529298	23529337	ENSG00000141452.11|ENSG00000141458.13	UTR|exon|gene|regulatory|transcript	39
chr18	43277303	43277342	ENSG00000132872.12	UTR|exon|gene|regulatory|transcript	39
chr18	49491775	49491814	ENSG00000215472.10|ENSG00000265496.5|ENSG00000265681.8	UTR|exon|gene|regulatory|transcript	39
chr18	62187079	62187118	ENSG00000197563.11	UTR|exon|gene|regulatory|transcript	39
chr18	72544138	72544177	ENSG00000141668.10	UTR|exon|gene|regulatory|repeat|transcript	39
chr18	46730205	46730244	ENSG00000101638.14	UTR|exon|gene|regulatory|transcript	39
chr18	26548916	26548955	ENSG00000134504.14	UTR|exon|gene|regulatory|repeat|transcript	39
chr18	47817095	47817134	ENSG00000175387.16	UTR|exon|gene|regulatory|repeat|transcript	39
chr18	55588153	55588192	ENSG00000196628.20	UTR|exon|gene|regulatory|transcript	39
chr18	31548969	31549008	ENSG00000046604.14|ENSG00000264859.6	UTR|exon|gene|regulatory|repeat|transcript	39
chr18	74501433	74501472	ENSG00000133313.15	CDS|UTR|exon|gene|regulatory|transcript	39
chr18	9708356	9708395	ENSG00000168461.13	UTR|exon|gene|regulatory|transcript	39
chr18	3451723	3451762	ENSG00000177426.22	UTR|exon|gene|regulatory|transcript	39
chr18	25352032	25352071	ENSG00000198795.11	UTR|exon|gene|regulatory|transcript	39
chr18	37259225	37259264	ENSG00000101489.20	CDS|UTR|exon|gene|regulatory|transcript	39
chr18	31942951	31942989	ENSG00000153339.15|ENSG00000263823.2	UTR|exon|gene|regulatory|transcript	38
chr18	35496774	35496812	ENSG00000153391.16|ENSG00000267140.1	UTR|exon|gene|regulatory|repeat|transcript	38
chr18	46946796	46946834	ENSG00000167216.19	UTR|exon|gene|regulatory|transcript	38
chr18	13613258	13613296	ENSG00000168675.19	UTR|exon|gene|regulatory|repeat|transcript	38
chr18	3412855	3412893	ENSG00000177426.22	UTR|exon|gene|regulatory|repeat|transcript	38
chr18	80048758	80048796	ENSG00000101546.13|ENSG00000261126.7|ENSG00000267127.7	UTR|exon|gene|regulatory|transcript	38
chr18	9334772	9334810	ENSG00000128791.12	UTR|exon|gene|regulatory|transcript	38
chr18	3449612	3449650	ENSG00000177426.22	UTR|exon|gene|regulatory|transcript	38
chr18	57621738	57621776	ENSG00000134440.12	UTR|exon|gene|regulatory|transcript	38
chr18	46098315	46098353	ENSG00000152234.16	UTR|exon|gene|regulatory|transcript	38
chr18	7117759	7117797	ENSG00000101680.16	UTR|exon|gene|regulatory|transcript	38
chr18	50267516	50267554	ENSG00000141644.19	UTR|exon|gene|regulatory|transcript	38
chr18	55588494	55588532	ENSG00000196628.20	CDS|UTR|exon|gene|regulatory|transcript	38
chr18	48539274	48539312	ENSG00000134030.14	UTR|exon|gene|regulatory|transcript	38
chr18	35241071	35241109	ENSG00000186812.13	UTR|exon|gene|regulatory|transcript	38
chr18	68715274	68715312	ENSG00000150636.17	UTR|exon|gene|regulatory|transcript	38
chr18	31942989	31943026	ENSG00000153339.15|ENSG00000263823.2	UTR|exon|gene|regulatory|transcript	37
chr18	58195696	58195733	ENSG00000049759.20	UTR|exon|gene|regulatory|transcript	37
chr18	54828480	54828517	ENSG00000041353.10	UTR|exon|gene|regulatory|transcript	37
chr18	50879079	50879116	ENSG00000082212.13	UTR|exon|gene|regulatory|transcript	37
chr18	47075331	47075368	ENSG00000167216.19	UTR|exon|gene|regulatory|transcript	37
chr18	2982836	2982873	ENSG00000101577.11|ENSG00000266397.1	UTR|exon|gene|regulatory|transcript	37
chr18	12420016	12420053	ENSG00000141391.14	UTR|exon|gene|regulatory|repeat|transcript	37
chr18	45842187	45842224	ENSG00000152223.16|ENSG00000197046.12	UTR|exon|gene|regulatory|transcript	37
chr18	46821035	46821072	ENSG00000078043.16	UTR|exon|gene|regulatory|transcript	37
chr18	28036548	28036585	ENSG00000170558.10	UTR|exon|gene|regulatory|transcript	37
chr18	22171107	22171144	ENSG00000141448.11	UTR|exon|gene|regulatory|transcript	37
chr18	34977013	34977050	ENSG00000166974.13	UTR|exon|gene|regulatory|transcript	37
chr18	31091530	31091567	ENSG00000134755.18	UTR|exon|gene|regulatory|transcript	37
chr18	49849591	49849628	ENSG00000167306.21|ENSG00000267322.4	CDS|UTR|exon|gene|regulatory|transcript	37
chr18	9102698	9102735	ENSG00000178127.13	UTR|exon|gene|regulatory|transcript	37
chr18	26192354	26192391	ENSG00000154611.15	CDS|UTR|exon|gene|regulatory|repeat|transcript	37
chr18	46335045	46335082	ENSG00000141622.14	UTR|exon|gene|regulatory|repeat|transcript	37
chr18	63661848	63661884	ENSG00000057149.16|ENSG00000206072.13	UTR|exon|gene|regulatory|transcript	36
chr18	74508946	74508982	ENSG00000133313.15	UTR|exon|gene|regulatory|transcript	36
chr18	13825543	13825579	ENSG00000176136.6	UTR|exon|gene|regulatory|repeat|transcript	36
chr18	11751471	11751507	ENSG00000141404.17	UTR|exon|gene|regulatory|transcript	36
chr18	12658737	12658773	ENSG00000128789.22	UTR|exon|gene|regulatory|transcript	36
chr18	76968339	76968375	ENSG00000130856.18	UTR|exon|gene|regulatory|transcript	36
chr18	51197645	51197681	ENSG00000176624.12	UTR|exon|gene|regulatory|transcript	36
chr18	57802997	57803033	ENSG00000081923.15	UTR|exon|gene|regulatory|transcript	36
chr18	49460591	49460627	ENSG00000141627.14	UTR|exon|gene|regulatory|transcript	36
chr18	33440045	33440081	ENSG00000166960.17	UTR|exon|gene|regulatory|transcript	36
chr18	13612028	13612064	ENSG00000168675.19	UTR|exon|gene|regulatory|transcript	36
chr18	79396184	79396220	ENSG00000131196.18	UTR|exon|gene|regulatory|repeat|transcript	36
chr18	21741527	21741563	ENSG00000101752.13	UTR|exon|gene|regulatory|repeat|transcript	36
chr18	9914015	9914051	ENSG00000101558.14	UTR|exon|gene|regulatory|transcript	36
chr18	35496812	35496848	ENSG00000153391.16|ENSG00000267140.1	UTR|exon|gene|regulatory|transcript	36
chr18	51083238	51083274	ENSG00000141646.16	UTR|exon|gene|regulatory|transcript	36
chr18	26192318	26192354	ENSG00000154611.15	CDS|UTR|exon|gene|regulatory|transcript	36
chr18	49480050	49480086	ENSG00000177576.12	UTR|exon|gene|regulatory|repeat|transcript	36
chr18	35344420	35344456	ENSG00000172466.16	UTR|exon|gene|regulatory|transcript	36
chr18	74140201	74140237	ENSG00000141665.13	UTR|exon|gene|regulatory|transcript	36
chr18	46173676	46173712	ENSG00000152242.11	UTR|exon|gene|regulatory|transcript	36
chr18	11981574	11981610	ENSG00000141401.12	UTR|exon|gene|regulatory|transcript	36
chr18	55401721	55401757	ENSG00000196628.20	UTR|exon|gene|regulatory|transcript	36
chr18	69401202	69401238	ENSG00000206052.11	UTR|exon|gene|regulatory|repeat|transcript	36
chr18	62385046	62385082	ENSG00000141655.18	UTR|exon|gene|regulatory|repeat|transcript	36
chr18	23356593	23356629	ENSG00000134490.14	UTR|exon|gene|regulatory|transcript	36
chr18	79400347	79400383	ENSG00000131196.18	UTR|exon|gene|regulatory|repeat|transcript	36
chr18	24139483	24139519	ENSG00000154040.21	UTR|exon|gene|regulatory|transcript	36
chr18	57586654	57586689	ENSG00000066926.13	UTR|exon|gene|regulatory|transcript	35
chr18	80069813	80069848	ENSG00000261126.7|ENSG00000267127.7	CDS|UTR|exon|gene|regulatory|transcript	35
chr18	24397788	24397823	ENSG00000141447.19	UTR|exon|gene|regulatory|transcript	35
chr18	31684504	31684539	ENSG00000118276.12	UTR|exon|gene|regulatory|transcript	35
chr18	8069959	8069994	ENSG00000173482.17	UTR|exon|gene|regulatory|transcript	35
chr18	3013107	3013142	ENSG00000101577.11	UTR|exon|gene|regulatory|transcript	35
chr18	9914142	9914177	ENSG00000101558.14	UTR|exon|gene|regulatory|transcript	35
chr18	32772879	32772914	ENSG00000197705.10|ENSG00000228835.1	UTR|exon|gene|regulatory|repeat|transcript	35
chr18	77250496	77250531	ENSG00000166573.6	UTR|exon|gene|regulatory|repeat|transcript	35
chr18	26090100	26090135	ENSG00000141380.14	UTR|exon|gene|regulatory|transcript	35
chr18	61894149	61894184	ENSG00000176641.11	UTR|exon|gene|regulatory|transcript	35
chr18	22933840	22933875	ENSG00000101773.19	UTR|exon|gene|regulatory|transcript	35
chr18	688573	688608	ENSG00000132199.20	UTR|exon|gene|regulatory|transcript	35
chr18	22914138	22914173	ENSG00000101773.19|ENSG00000265943.1	UTR|exon|gene|regulatory|transcript	35
chr18	13726830	13726865	ENSG00000101654.18	UTR|exon|gene|regulatory|transcript	35
chr18	79943380	79943415	ENSG00000122490.19	UTR|exon|gene|regulatory|repeat|transcript	35
chr18	909635	909670	ENSG00000141433.13	UTR|exon|gene|regulatory|transcript	35
chr18	52340746	52340781	ENSG00000187323.13	UTR|exon|gene|regulatory|transcript	35
chr18	5197129	5197164	ENSG00000231824.4	UTR|exon|gene|regulatory|repeat|transcript	35
chr18	48165218	48165253	ENSG00000184828.10|ENSG00000286583.1	UTR|exon|gene|regulatory|transcript	35
chr18	34656370	34656405	ENSG00000134769.23	UTR|exon|gene|regulatory|transcript	35
chr18	74496246	74496281	ENSG00000133313.15	UTR|exon|gene|regulatory|repeat|transcript	35
chr18	50879119	50879154	ENSG00000082212.13	UTR|exon|gene|regulatory|transcript	35
chr18	74291875	74291910	ENSG00000166347.19	UTR|exon|gene|regulatory|transcript	35
chr18	36177683	36177717	ENSG00000134759.14	UTR|exon|gene|regulatory|repeat|transcript	34
chr18	23992772	23992806	ENSG00000168234.13	UTR|exon|gene|regulatory|repeat|transcript	34
chr18	13465024	13465058	ENSG00000168675.19|ENSG00000267694.1	UTR|exon|gene|regulatory|transcript	34
chr18	46917420	46917454	ENSG00000078043.16	UTR|exon|gene|regulatory|transcript	34
chr18	3247872	3247906	ENSG00000101608.13	UTR|exon|gene|regulatory|transcript	34
chr18	74148537	74148571	ENSG00000075336.12	UTR|exon|gene|regulatory|transcript	34
chr18	35041430	35041464	ENSG00000166974.13	UTR|exon|gene|regulatory|transcript	34
chr18	48950548	48950582	ENSG00000101665.10	UTR|exon|gene|regulatory|repeat|transcript	34
chr18	58754226	58754260	ENSG00000172175.16	UTR|exon|gene|regulatory|transcript	34
chr18	34858364	34858398	ENSG00000134769.23	UTR|exon|gene|regulatory|transcript	34
chr18	49492365	49492399	ENSG00000215472.10|ENSG00000265681.8	UTR|exon|gene|regulatory|transcript	34
chr18	10454835	10454869	ENSG00000154856.13	UTR|exon|gene|regulatory|transcript	34
chr18	23453405	23453439	ENSG00000101782.15	UTR|exon|gene|regulatory|transcript	34
chr18	9570303	9570337	ENSG00000154845.16	UTR|exon|gene|regulatory|repeat|transcript	34
chr18	76980352	76980386	ENSG00000197971.16|ENSG00000266844.1	UTR|exon|gene|regulatory|transcript	34
chr18	9396611	9396645	ENSG00000128791.12	UTR|exon|gene|regulatory|transcript	34
chr18	43277342	43277376	ENSG00000132872.12	UTR|exon|gene|regulatory|transcript	34
chr18	2571471	2571505	ENSG00000101574.15	UTR|exon|gene|regulatory|transcript	34
chr18	77017008	77017042	ENSG00000197971.16	CDS|UTR|exon|gene|regulatory|transcript	34
chr18	56638669	56638703	ENSG00000091164.13	UTR|exon|gene|regulatory|transcript	34
chr18	11851413	11851447	ENSG00000141404.17|ENSG00000255112.3|ENSG00000267165.1	UTR|exon|gene|regulatory|transcript	34
chr18	79988502	79988536	ENSG00000141759.15	UTR|exon|gene|regulatory|transcript	34
chr18	5395610	5395644	ENSG00000082397.18	UTR|exon|gene|regulatory|repeat|transcript	34
chr18	5489194	5489228	ENSG00000082397.18	UTR|exon|gene|regulatory|transcript	34
chr18	23356629	23356663	ENSG00000134490.14	UTR|exon|gene|regulatory|transcript	34
chr18	68714410	68714443	ENSG00000166479.10	UTR|exon|gene|regulatory|transcript	33
chr18	35377277	35377310	ENSG00000186496.12	UTR|exon|gene|regulatory|transcript	33
chr18	12012169	12012202	ENSG00000141401.12	CDS|UTR|exon|gene|regulatory|transcript	33
chr18	51077217	51077250	ENSG00000141646.16	UTR|exon|gene|regulatory|transcript	33
chr18	48539241	48539274	ENSG00000134030.14	UTR|exon|gene|regulatory|repeat|transcript	33
chr18	12702723	12702756	ENSG00000101624.11|ENSG00000128789.22	UTR|exon|gene|regulatory|transcript	33
chr18	57586621	57586654	ENSG00000066926.13	UTR|exon|gene|regulatory|transcript	33
chr18	5488904	5488937	ENSG00000082397.18	UTR|exon|gene|regulatory|transcript	33
chr18	26454912	26454945	ENSG00000134504.14	UTR|exon|gene|regulatory|transcript	33
chr18	45829090	45829123	ENSG00000152223.16|ENSG00000197046.12	UTR|exon|gene|regulatory|transcript	33
chr18	79754466	79754499	ENSG00000060069.18	UTR|exon|gene|regulatory|transcript	33
chr18	49590719	49590752	ENSG00000101670.12	UTR|exon|gene|regulatory|transcript	33
chr18	55585316	55585349	ENSG00000196628.20	UTR|exon|gene|regulatory|transcript	33
chr18	74147034	74147067	ENSG00000141665.13	UTR|exon|gene|regulatory|transcript	33
chr18	50267554	50267587	ENSG00000141644.19	UTR|exon|gene|regulatory|repeat|transcript	33
chr18	37565765	37565798	ENSG00000101489.20|ENSG00000285940.4	UTR|exon|gene|regulatory|repeat|transcript	33
chr18	55588243	55588276	ENSG00000196628.20	UTR|exon|gene|regulatory|repeat|transcript	33
chr18	48860429	48860462	ENSG00000134030.14	UTR|exon|gene|regulatory|transcript	33
chr18	12407895	12407928	ENSG00000141391.14	UTR|exon|gene|regulatory|transcript	33
chr18	50282546	50282579	ENSG00000154832.16	UTR|exon|gene|regulatory|transcript	33
chr18	74499940	74499973	ENSG00000133313.15	UTR|exon|gene|regulatory|transcript	33
chr18	63970080	63970113	ENSG00000166401.15|ENSG00000221887.6|ENSG00000283667.1	UTR|exon|gene|regulatory|transcript	33
chr18	58221534	58221567	ENSG00000049759.20	UTR|exon|gene|regulatory|transcript	33
chr18	74509138	74509171	ENSG00000133313.15	CDS|UTR|exon|gene|regulatory|transcript	33
chr18	24139624	24139656	ENSG00000154040.21	UTR|exon|gene|regulatory|transcript	32
chr18	21629447	21629479	ENSG00000167088.11	UTR|exon|gene|regulatory|repeat|transcript	32
chr18	33743055	33743087	ENSG00000141431.14	CDS|UTR|exon|gene|regulatory|repeat|transcript	32
chr18	79433706	79433738	ENSG00000131196.18	UTR|exon|gene|regulatory|transcript	32
chr18	48948405	48948437	ENSG00000101665.10	CDS|UTR|exon|gene|regulatory|transcript	32
chr18	62715651	62715683	ENSG00000081913.14	UTR|exon|gene|regulatory|transcript	32
chr18	48539209	48539241	ENSG00000134030.14	UTR|exon|gene|regulatory|transcript	32
chr18	58195436	58195468	ENSG00000049759.20|ENSG00000267743.5	UTR|exon|gene|regulatory|transcript	32
chr18	37253906	37253938	ENSG00000101489.20	CDS|UTR|exon|gene|regulatory|transcript	32
chr18	58862915	58862947	ENSG00000074657.14	UTR|exon|gene|regulatory|transcript	32
chr18	77016781	77016813	ENSG00000197971.16	UTR|exon|gene|regulatory|transcript	32
chr18	74501401	74501433	ENSG00000133313.15	CDS|UTR|exon|gene|regulatory|transcript	32
chr18	46334229	46334261	ENSG00000141622.14	UTR|exon|gene|regulatory|repeat|transcript	32
chr18	32092087	32092119	ENSG00000134758.14|ENSG00000263917.1|ENSG00000265008.1	UTR|exon|gene|regulatory|transcript	32
chr18	50267601	50267633	ENSG00000141644.19	CDS|UTR|exon|gene|regulatory|transcript	32
chr18	48950516	48950548	ENSG00000101665.10	UTR|exon|gene|regulatory|repeat|transcript	32
chr18	2571564	2571596	ENSG00000080986.13	UTR|exon|gene|regulatory|transcript	32
chr18	3845296	3845327	ENSG00000170579.19	UTR|exon|gene|regulatory|transcript	31
chr18	58316001	58316032	ENSG00000049759.20	UTR|exon|gene|regulatory|transcript	31
chr18	58753506	58753537	ENSG00000172175.16|ENSG00000267705.1	UTR|exon|gene|regulatory|transcript	31
chr18	12028054	12028085	ENSG00000141401.12	CDS|UTR|exon|gene|regulatory|transcript	31
chr18	12009899	12009930	ENSG00000141401.12	UTR|exon|gene|regulatory|transcript	31
chr18	12420117	12420148	ENSG00000141391.14	CDS|UTR|exon|gene|regulatory|transcript	31
chr18	59903766	59903797	ENSG00000141682.12	UTR|exon|gene|regulatory|transcript	31
chr18	3450004	3450035	ENSG00000177426.22	UTR|exon|gene|regulatory|transcript	31
chr18	3845327	3845358	ENSG00000170579.19	UTR|exon|gene|regulatory|transcript	31
chr18	55589746	55589777	ENSG00000196628.20	UTR|exon|gene|regulatory|transcript	31
chr18	3874706	3874737	ENSG00000170579.19	UTR|exon|gene|regulatory|transcript	31
chr18	37485576	37485607	ENSG00000101489.20	UTR|exon|gene|regulatory|transcript	31
chr18	23586438	23586469	ENSG00000141458.13	UTR|exon|gene|regulatory|repeat|transcript	31
chr18	34867021	34867052	ENSG00000134769.23	UTR|exon|gene|regulatory|transcript	31
chr18	33644893	33644924	ENSG00000141431.14	UTR|exon|gene|regulatory|transcript	31
chr18	11752852	11752883	ENSG00000141404.17	CDS|UTR|exon|gene|regulatory|transcript	31
chr18	34884745	34884776	ENSG00000134769.23	UTR|exon|gene|regulatory|transcript	31
chr18	34222061	34222092	ENSG00000101746.16	UTR|exon|gene|regulatory|transcript	31
chr18	23956179	23956210	ENSG00000053747.17	UTR|exon|gene|regulatory|repeat|transcript	31
chr18	80109261	80109292	ENSG00000101544.9	UTR|exon|gene|regulatory|transcript	31
chr18	12420324	12420355	ENSG00000141391.14	CDS|UTR|exon|gene|regulatory|transcript	31
chr18	12028962	12028993	ENSG00000141401.12	UTR|exon|gene|regulatory|transcript	31
chr18	32470790	32470821	ENSG00000141441.16|ENSG00000285095.2	UTR|exon|gene|regulatory|repeat|transcript	31
chr18	51077320	51077351	ENSG00000141646.16	UTR|exon|gene|regulatory|repeat|transcript	31
chr18	13726672	13726703	ENSG00000101654.18	UTR|exon|gene|regulatory|transcript	31
chr18	49491745	49491775	ENSG00000215472.10|ENSG00000265496.5|ENSG00000265681.8	UTR|exon|gene|regulatory|transcript	30
chr18	51049294	51049324	ENSG00000141646.16|ENSG00000267699.2	CDS|UTR|exon|gene|regulatory|transcript	30
chr18	3450040	3450070	ENSG00000177426.22	UTR|exon|gene|regulatory|transcript	30
chr18	12028088	12028118	ENSG00000141401.12	UTR|exon|gene|regulatory|transcript	30
chr18	59697439	59697469	ENSG00000183287.15|ENSG00000267774.2	UTR|exon|gene|regulatory|transcript	30
chr18	35972810	35972840	ENSG00000141428.17|ENSG00000278986.1	UTR|exon|gene|regulatory|transcript	30
chr18	54224617	54224647	ENSG00000134046.12	UTR|exon|gene|regulatory|transcript	30
chr18	41955261	41955291	ENSG00000078142.14	UTR|exon|gene|regulatory|transcript	30
chr18	23352254	23352284	ENSG00000134490.14	CDS|UTR|exon|gene|regulatory|transcript	30
chr18	76981681	76981711	ENSG00000197971.16|ENSG00000266844.1	UTR|exon|gene|regulatory|transcript	30
chr18	58671531	58671561	ENSG00000172175.16|ENSG00000267226.2	UTR|exon|gene|regulatory|transcript	30
chr18	6730042	6730072	ENSG00000088756.13	UTR|exon|gene|regulatory|transcript	30
chr18	48948437	48948467	ENSG00000101665.10	UTR|exon|gene|regulatory|transcript	30
chr18	3874737	3874767	ENSG00000170579.19	UTR|exon|gene|regulatory|transcript	30
chr18	12308262	12308292	ENSG00000176014.13	UTR|exon|gene|regulatory|transcript	30
chr18	68715331	68715361	ENSG00000150636.17	UTR|exon|gene|regulatory|transcript	30
chr18	21632442	21632472	ENSG00000167088.11	UTR|exon|gene|regulatory|repeat|transcript	30
chr18	72544047	72544077	ENSG00000141668.10	UTR|exon|gene|regulatory|repeat|transcript	30
chr18	23453317	23453347	ENSG00000101782.15	UTR|exon|gene|regulatory|transcript	30
chr18	5543967	5543997	ENSG00000082397.18	UTR|exon|gene|regulatory|transcript	30
chr18	51082929	51082959	ENSG00000141646.16	UTR|exon|gene|regulatory|repeat|transcript	30
chr18	21242357	21242387	ENSG00000141449.16	UTR|exon|gene|regulatory|transcript	30
chr18	24426711	24426741	ENSG00000154059.11	UTR|exon|gene|regulatory|transcript	30
chr18	25350947	25350977	ENSG00000198795.11	UTR|exon|gene|regulatory|transcript	30
chr18	319504	319534	ENSG00000158270.12	UTR|exon|gene|regulatory|repeat|transcript	30
chr18	77132814	77132844	ENSG00000197971.16	UTR|exon|gene|regulatory|transcript	30
chr18	55322234	55322264	ENSG00000196628.20	UTR|exon|gene|regulatory|repeat|transcript	30
chr18	8705555	8705585	ENSG00000168502.18|ENSG00000265962.2	UTR|exon|gene|regulatory|transcript	30
chr18	24138986	24139016	ENSG00000154040.21	UTR|exon|gene|regulatory|transcript	30
chr18	37565798	37565827	ENSG00000101489.20|ENSG00000285940.4	UTR|exon|gene|regulatory|repeat|transcript	29
chr18	58862599	58862628	ENSG00000074657.14	UTR|exon|gene|regulatory|transcript	29
chr18	74252707	74252736	ENSG00000166347.19	UTR|exon|gene|regulatory|repeat|transcript	29
chr18	55422268	55422297	ENSG00000196628.20	UTR|exon|gene|regulatory|transcript	29
chr18	24426669	24426698	ENSG00000154059.11	UTR|exon|gene|regulatory|repeat|transcript	29
chr18	74521393	74521422	ENSG00000133313.15	UTR|exon|gene|regulatory|transcript	29
chr18	55664758	55664787	ENSG00000196628.20|ENSG00000267284.2	UTR|exon|gene|regulatory|repeat|transcript	29
chr18	34222289	34222318	ENSG00000101746.16	UTR|exon|gene|regulatory|transcript	29
chr18	34866992	34867021	ENSG00000134769.23	UTR|exon|gene|regulatory|repeat|transcript	29
chr18	45724149	45724178	ENSG00000141469.18|ENSG00000288545.1	UTR|exon|gene|regulatory|transcript	29
chr18	12407978	12408007	ENSG00000141391.14	CDS|UTR|exon|gene|regulatory|transcript	29
chr18	55589807	55589836	ENSG00000196628.20	UTR|exon|gene|regulatory|transcript	29
chr18	35497904	35497933	ENSG00000153391.16|ENSG00000267140.1|ENSG00000289891.1	UTR|exon|gene|regulatory|transcript	29
chr18	61894184	61894213	ENSG00000176641.11	UTR|exon|gene|regulatory|repeat|transcript	29
chr18	45983864	45983893	ENSG00000152229.18	UTR|exon|gene|regulatory|repeat|transcript	29
chr18	55585352	55585381	ENSG00000196628.20	UTR|exon|gene|regulatory|transcript	29
chr18	47108684	47108713	ENSG00000167220.12|ENSG00000267228.7	CDS|UTR|exon|gene|regulatory|transcript	29
chr18	49813731	49813760	ENSG00000167315.18|ENSG00000266997.2	UTR|exon|gene|regulatory|transcript	29
chr18	580379	580408	ENSG00000177143.5	UTR|exon|gene|regulatory|transcript	29
chr18	58045086	58045115	ENSG00000049759.20	UTR|exon|gene|regulatory|transcript	29
chr18	59903150	59903179	ENSG00000141682.12	UTR|exon|gene|regulatory|repeat|transcript	29
chr18	12028122	12028151	ENSG00000141401.12	CDS|UTR|exon|gene|regulatory|transcript	29
chr18	55275631	55275659	ENSG00000196628.20	CDS|UTR|exon|gene|regulatory|transcript	28
chr18	32092701	32092729	ENSG00000134758.14|ENSG00000263917.1	UTR|exon|gene|regulatory|transcript	28
chr18	76822579	76822607	ENSG00000130856.18	UTR|exon|gene|regulatory|transcript	28
chr18	49487206	49487234	ENSG00000177576.12|ENSG00000215472.10	UTR|exon|gene|regulatory|transcript	28
chr18	23135451	23135479	ENSG00000134508.13	UTR|exon|gene|regulatory|transcript	28
chr18	54269518	54269546	ENSG00000101751.11|ENSG00000277324.1	UTR|exon|gene|regulatory|transcript	28
chr18	69957148	69957176	ENSG00000150637.9	UTR|exon|gene|regulatory|transcript	28
chr18	55589778	55589806	ENSG00000196628.20	UTR|exon|gene|regulatory|transcript	28
chr18	3262756	3262784	ENSG00000118680.14	UTR|exon|gene|regulatory|transcript	28
chr18	63319741	63319769	ENSG00000171791.14	UTR|exon|gene|regulatory|transcript	28
chr18	26090569	26090597	ENSG00000141380.14	UTR|exon|gene|regulatory|transcript	28
chr18	3215223	3215251	ENSG00000101605.14|ENSG00000265399.1	UTR|exon|gene|regulatory|transcript	28
chr18	9104081	9104109	ENSG00000178127.13|ENSG00000265257.5	UTR|exon|gene|regulatory|transcript	28
chr18	23662883	23662911	ENSG00000154065.17	UTR|exon|gene|regulatory|transcript	28
chr18	11905883	11905911	ENSG00000154889.17	UTR|exon|gene|regulatory|repeat|transcript	28
chr18	50967990	50968018	ENSG00000141642.9	UTR|exon|gene|regulatory|transcript	28
chr18	55589718	55589746	ENSG00000196628.20	UTR|exon|gene|regulatory|transcript	28
chr18	12702639	12702667	ENSG00000101624.11|ENSG00000128789.22	UTR|exon|gene|regulatory|transcript	28
chr18	49813909	49813937	ENSG00000167315.18|ENSG00000266997.2	UTR|exon|gene|regulatory|repeat|transcript	28
chr18	35041542	35041570	ENSG00000166974.13	CDS|UTR|exon|gene|regulatory|transcript	28
chr18	11908200	11908228	ENSG00000154889.17	UTR|exon|gene|regulatory|transcript	28
chr18	33440693	33440721	ENSG00000166960.17	UTR|exon|gene|regulatory|transcript	28
chr18	48539803	48539831	ENSG00000134030.14	UTR|exon|gene|regulatory|transcript	28
chr18	9104170	9104198	ENSG00000178127.13|ENSG00000265257.5	UTR|exon|gene|regulatory|transcript	28
chr18	75201249	75201277	ENSG00000180011.7	UTR|exon|gene|regulatory|repeat|transcript	28
chr18	74804069	74804097	ENSG00000215421.10	UTR|exon|gene|regulatory|transcript	28
chr18	12407947	12407975	ENSG00000141391.14	UTR|exon|gene|regulatory|transcript	28
chr18	24139067	24139094	ENSG00000154040.21	UTR|exon|gene|regulatory|transcript	27
chr18	31943026	31943053	ENSG00000153339.15|ENSG00000263823.2	UTR|exon|gene|regulatory|transcript	27
chr18	49562059	49562086	ENSG00000101670.12	UTR|exon|gene|regulatory|transcript	27
chr18	55422241	55422268	ENSG00000196628.20	UTR|exon|gene|regulatory|transcript	27
chr18	33440018	33440045	ENSG00000166960.17	UTR|exon|gene|regulatory|transcript	27
chr18	47923565	47923592	ENSG00000175387.16	UTR|exon|gene|regulatory|repeat|transcript	27
chr18	47930808	47930835	ENSG00000175387.16	UTR|exon|gene|regulatory|repeat|transcript	27
chr18	10526471	10526498	ENSG00000134265.13	UTR|exon|gene|regulatory|repeat|transcript	27
chr18	48375537	48375564	ENSG00000184828.10	UTR|exon|gene|regulatory|transcript	27
chr18	76983726	76983753	ENSG00000197971.16|ENSG00000266844.1	UTR|exon|gene|regulatory|transcript	27
chr18	32092662	32092689	ENSG00000134758.14|ENSG00000263917.1	UTR|exon|gene|regulatory|transcript	27
chr18	46756782	46756809	ENSG00000101638.14|ENSG00000270112.5	UTR|exon|gene|regulatory|transcript	27
chr18	26090625	26090652	ENSG00000141380.14	UTR|exon|gene|regulatory|transcript	27
chr18	70059916	70059943	ENSG00000176225.15	CDS|UTR|exon|gene|regulatory|transcript	27
chr18	49492130	49492157	ENSG00000215472.10|ENSG00000265681.8	UTR|exon|gene|regulatory|transcript	27
chr18	31592895	31592922	ENSG00000118271.12	CDS|UTR|exon|gene|regulatory|transcript	27
chr18	3450324	3450351	ENSG00000177426.22	UTR|exon|gene|regulatory|transcript	27
chr18	51030596	51030623	ENSG00000141646.16|ENSG00000267699.2	UTR|exon|gene|regulatory|transcript	27
chr18	35468583	35468610	ENSG00000153391.16|ENSG00000267140.1	UTR|exon|gene|regulatory|transcript	27
chr18	51077264	51077291	ENSG00000141646.16	UTR|exon|gene|regulatory|repeat|transcript	27
chr18	9570337	9570364	ENSG00000154845.16	UTR|exon|gene|regulatory|transcript	27
chr18	35581835	35581862	ENSG00000141429.14	UTR|exon|gene|regulatory|transcript	27
chr18	45967247	45967274	ENSG00000152223.16	UTR|exon|gene|regulatory|transcript	27
chr18	51083211	51083238	ENSG00000141646.16	UTR|exon|gene|regulatory|repeat|transcript	27
chr18	35377310	35377337	ENSG00000186496.12	UTR|exon|gene|regulatory|transcript	27
chr18	69858935	69858962	ENSG00000150637.9	UTR|exon|gene|regulatory|repeat|transcript	27
chr18	43115649	43115676	ENSG00000152214.14	UTR|exon|gene|regulatory|transcript	27
chr18	62325325	62325352	ENSG00000141655.18	UTR|exon|gene|regulatory|transcript	27
chr18	2728456	2728483	ENSG00000101596.17|ENSG00000266049.1	UTR|exon|gene|regulatory|transcript	27
chr18	11905926	11905953	ENSG00000154889.17	UTR|exon|gene|regulatory|transcript	27
chr18	59275735	59275761	ENSG00000166569.8	UTR|exon|gene|regulatory|repeat|transcript	26
chr18	13726703	13726729	ENSG00000101654.18	UTR|exon|gene|regulatory|transcript	26
chr18	13612774	13612800	ENSG00000168675.19	CDS|UTR|exon|gene|regulatory|transcript	26
chr18	76979740	76979766	ENSG00000197971.16|ENSG00000266844.1	UTR|exon|gene|regulatory|transcript	26
chr18	76980300	76980326	ENSG00000197971.16|ENSG00000266844.1	UTR|exon|gene|regulatory|transcript	26
chr18	36067530	36067556	ENSG00000141425.18	UTR|exon|gene|regulatory|transcript	26
chr18	12310966	12310992	ENSG00000176014.13	CDS|UTR|exon|gene|regulatory|transcript	26
chr18	79529057	79529083	ENSG00000131196.18	UTR|exon|gene|regulatory|transcript	26
chr18	24139031	24139057	ENSG00000154040.21	UTR|exon|gene|regulatory|transcript	26
chr18	9595076	9595102	ENSG00000154845.16	CDS|UTR|exon|gene|regulatory|transcript	26
chr18	70205661	70205687	ENSG00000176225.15	UTR|exon|gene|regulatory|transcript	26
chr18	46333991	46334017	ENSG00000141622.14	UTR|exon|gene|regulatory|repeat|transcript	26
chr18	79856426	79856452	ENSG00000178342.5	UTR|exon|gene|regulatory|repeat|transcript	26
chr18	63367174	63367200	ENSG00000119537.18	UTR|exon|gene|regulatory|transcript	26
chr18	9708274	9708300	ENSG00000168461.13	UTR|exon|gene|regulatory|transcript	26
chr18	9614533	9614559	ENSG00000154845.16	UTR|exon|gene|regulatory|transcript	26
chr18	75211837	75211863	ENSG00000179981.11	UTR|exon|gene|regulatory|repeat|transcript	26
chr18	28177057	28177083	ENSG00000170558.10	UTR|exon|gene|regulatory|repeat|transcript	26
chr18	45842530	45842556	ENSG00000152223.16|ENSG00000197046.12	UTR|exon|gene|regulatory|repeat|transcript	26
chr18	23530510	23530536	ENSG00000141452.11|ENSG00000141458.13	UTR|exon|gene|regulatory|transcript	26
chr18	9136804	9136830	ENSG00000101745.17|ENSG00000265257.5	UTR|exon|gene|regulatory|transcript	26
chr18	50879227	50879253	ENSG00000082212.13	UTR|exon|gene|regulatory|transcript	26
chr18	26657368	26657394	ENSG00000134504.14|ENSG00000260372.7	UTR|exon|gene|regulatory|transcript	26
chr18	49368671	49368697	ENSG00000141627.14	UTR|exon|gene|regulatory|transcript	26
chr18	13611763	13611789	ENSG00000168675.19	UTR|exon|gene|regulatory|repeat|transcript	26
chr18	26548890	26548916	ENSG00000134504.14	UTR|exon|gene|regulatory|transcript	26
chr18	59273206	59273232	ENSG00000134438.10	UTR|exon|gene|regulatory|transcript	26
chr18	47084331	47084357	ENSG00000167216.19|ENSG00000266957.1	CDS|UTR|exon|gene|regulatory|transcript	26
chr18	13726560	13726586	ENSG00000177150.13	UTR|exon|gene|regulatory|transcript	26
chr18	36786946	36786972	ENSG00000134779.15	CDS|UTR|exon|gene|regulatory|transcript	26
chr18	24397855	24397880	ENSG00000141447.19	UTR|exon|gene|regulatory|transcript	25
chr18	55275671	55275696	ENSG00000196628.20	CDS|UTR|exon|gene|regulatory|transcript	25
chr18	58044547	58044572	ENSG00000049759.20	UTR|exon|gene|regulatory|transcript	25
chr18	34848295	34848320	ENSG00000134769.23	CDS|UTR|exon|gene|regulatory|transcript	25
chr18	34493330	34493355	ENSG00000134769.23	UTR|exon|gene|regulatory|transcript	25
chr18	33852424	33852449	ENSG00000101746.16	UTR|exon|gene|regulatory|repeat|transcript	25
chr18	34977054	34977079	ENSG00000166974.13	UTR|exon|gene|regulatory|transcript	25
chr18	58864092	58864117	ENSG00000074657.14	UTR|exon|gene|regulatory|transcript	25
chr18	23136523	23136548	ENSG00000134508.13	CDS|UTR|exon|gene|regulatory|transcript	25
chr18	55587088	55587113	ENSG00000196628.20	CDS|UTR|exon|gene|regulatory|transcript	25
chr18	6415212	6415237	ENSG00000154655.16	UTR|exon|gene|regulatory|transcript	25
chr18	55585291	55585316	ENSG00000196628.20	UTR|exon|gene|regulatory|transcript	25
chr18	77105261	77105286	ENSG00000197971.16	UTR|exon|gene|regulatory|transcript	25
chr18	31591876	31591901	ENSG00000118271.12	UTR|exon|gene|regulatory|transcript	25
chr18	13613143	13613168	ENSG00000168675.19	UTR|exon|gene|regulatory|transcript	25
chr18	75211218	75211243	ENSG00000179981.11	UTR|exon|gene|regulatory|transcript	25
chr18	58195404	58195429	ENSG00000049759.20|ENSG00000267743.5	UTR|exon|gene|regulatory|transcript	25
chr18	3451698	3451723	ENSG00000177426.22	UTR|exon|gene|regulatory|transcript	25
chr18	49812724	49812749	ENSG00000167315.18|ENSG00000266997.2	UTR|exon|gene|regulatory|repeat|transcript	25
chr18	25351155	25351180	ENSG00000198795.11	UTR|exon|gene|regulatory|repeat|transcript	25
chr18	12308295	12308320	ENSG00000176014.13	CDS|UTR|exon|gene|regulatory|transcript	25
chr18	79400296	79400321	ENSG00000131196.18	UTR|exon|gene|regulatory|transcript	25
chr18	3874228	3874253	ENSG00000170579.19	UTR|exon|gene|regulatory|transcript	25
chr18	24014766	24014791	ENSG00000168234.13|ENSG00000264745.1	UTR|exon|gene|regulatory|transcript	25
chr18	55321810	55321835	ENSG00000196628.20	UTR|exon|gene|regulatory|transcript	25
chr18	12359926	12359951	ENSG00000141385.12	UTR|exon|gene|regulatory|transcript	25
chr18	36067404	36067429	ENSG00000141425.18	UTR|exon|gene|regulatory|transcript	25
chr18	26089885	26089910	ENSG00000141380.14	UTR|exon|gene|regulatory|transcript	25
chr18	72867291	72867315	ENSG00000166342.19	UTR|exon|gene|regulatory|transcript	24
chr18	34710402	34710426	ENSG00000134769.23	UTR|exon|gene|regulatory|transcript	24
chr18	34223307	34223331	ENSG00000101746.16|ENSG00000267746.1	UTR|exon|gene|regulatory|transcript	24
chr18	55228235	55228259	ENSG00000196628.20	CDS|UTR|exon|gene|regulatory|transcript	24
chr18	80109292	80109316	ENSG00000101544.9	UTR|exon|gene|regulatory|transcript	24
chr18	58195652	58195676	ENSG00000049759.20|ENSG00000267743.5	UTR|exon|gene|regulatory|transcript	24
chr18	31498219	31498243	ENSG00000046604.14	UTR|exon|gene|regulatory|repeat|transcript	24
chr18	51076645	51076669	ENSG00000141646.16	CDS|UTR|exon|gene|regulatory|transcript	24
chr18	49491531	49491555	ENSG00000215472.10|ENSG00000265496.5|ENSG00000265681.8	CDS|UTR|exon|gene|regulatory|transcript	24
chr18	49482151	49482175	ENSG00000177576.12|ENSG00000215472.10	UTR|exon|gene|regulatory|transcript	24
chr18	3261478	3261502	ENSG00000118680.14|ENSG00000264235.6	UTR|exon|gene|regulatory|transcript	24
chr18	14543493	14543517	ENSG00000183206.18	UTR|exon|gene|regulatory|transcript	24
chr18	32470484	32470508	ENSG00000141441.16|ENSG00000285095.2	UTR|exon|gene|regulatory|repeat|transcript	24
chr18	12310942	12310966	ENSG00000176014.13	CDS|UTR|exon|gene|regulatory|transcript	24
chr18	5294800	5294824	ENSG00000198081.11	UTR|exon|gene|regulatory|transcript	24
chr18	158382	158406	ENSG00000101557.15	UTR|exon|gene|regulatory|repeat|transcript	24
chr18	5295702	5295726	ENSG00000198081.11	UTR|exon|gene|regulatory|transcript	24
chr18	9136895	9136919	ENSG00000101745.17|ENSG00000265257.5	UTR|exon|gene|regulatory|repeat|transcript	24
chr18	23520289	23520313	ENSG00000141452.11|ENSG00000141458.13	UTR|exon|gene|regulatory|transcript	24
chr18	26091192	26091216	ENSG00000141380.14	UTR|exon|gene|regulatory|transcript	24
chr18	45852280	45852304	ENSG00000152223.16	UTR|exon|gene|regulatory|repeat|transcript	24
chr18	46333967	46333991	ENSG00000141622.14	UTR|exon|gene|regulatory|transcript	24
chr18	50392251	50392275	ENSG00000154839.10	UTR|exon|gene|regulatory|transcript	24
chr18	50796567	50796591	ENSG00000134042.14	UTR|exon|gene|regulatory|repeat|transcript	24
chr18	11883470	11883494	ENSG00000141404.17|ENSG00000154889.17	UTR|exon|gene|regulatory|transcript	24
chr18	48539185	48539209	ENSG00000134030.14	UTR|exon|gene|regulatory|transcript	24
chr18	50269678	50269702	ENSG00000141644.19	CDS|UTR|exon|gene|regulatory|repeat|transcript	24
chr18	47084357	47084381	ENSG00000167216.19|ENSG00000266957.1	CDS|UTR|exon|gene|regulatory|transcript	24
chr18	28177095	28177119	ENSG00000170558.10	UTR|exon|gene|regulatory|transcript	24
chr18	47150171	47150195	ENSG00000167220.12|ENSG00000267228.7	UTR|exon|gene|regulatory|transcript	24
chr18	47930532	47930556	ENSG00000175387.16	UTR|exon|gene|regulatory|repeat|transcript	24
chr18	45724126	45724149	ENSG00000141469.18|ENSG00000288545.1	UTR|exon|gene|regulatory|transcript	23
chr18	21703724	21703747	ENSG00000158201.10	CDS|UTR|exon|gene|regulatory|transcript	23
chr18	12947132	12947155	ENSG00000085415.16	UTR|exon|gene|regulatory|transcript	23
chr18	23529689	23529712	ENSG00000141452.11|ENSG00000141458.13	CDS|UTR|exon|gene|regulatory|transcript	23
chr18	5895932	5895955	ENSG00000206432.4|ENSG00000264449.6|ENSG00000266846.2	UTR|exon|gene|regulatory|transcript	23
chr18	34493958	34493981	ENSG00000134769.23	UTR|exon|gene|regulatory|transcript	23
chr18	34710260	34710283	ENSG00000134769.23	UTR|exon|gene|regulatory|transcript	23
chr18	35972884	35972907	ENSG00000141428.17|ENSG00000278986.1	CDS|UTR|exon|gene|regulatory|transcript	23
chr18	79951580	79951603	ENSG00000122490.19	UTR|exon|gene|regulatory|repeat|transcript	23
chr18	49561460	49561483	ENSG00000101670.12	UTR|exon|gene|regulatory|repeat|transcript	23
chr18	36828963	36828986	ENSG00000134779.15	UTR|exon|gene|regulatory|transcript	23
chr18	12254360	12254383	ENSG00000176194.18	UTR|exon|gene|regulatory|transcript	23
chr18	79400273	79400296	ENSG00000131196.18	UTR|exon|gene|regulatory|repeat|transcript	23
chr18	49492485	49492508	ENSG00000265681.8	UTR|exon|gene|regulatory|transcript	23
chr18	26057588	26057611	ENSG00000141380.14	UTR|exon|gene|regulatory|transcript	23
chr18	21600681	21600704	ENSG00000141446.11	UTR|exon|gene|regulatory|transcript	23
chr18	61892984	61893007	ENSG00000176641.11	UTR|exon|gene|regulatory|transcript	23
chr18	46672614	46672637	ENSG00000101638.14	UTR|exon|gene|regulatory|repeat|transcript	23
chr18	62325286	62325309	ENSG00000141655.18	UTR|exon|gene|regulatory|transcript	23
chr18	77017095	77017118	ENSG00000197971.16	CDS|UTR|exon|gene|regulatory|transcript	23
chr18	76822556	76822579	ENSG00000130856.18	UTR|exon|gene|regulatory|repeat|transcript	23
chr18	79988541	79988563	ENSG00000141759.15	UTR|exon|gene|regulatory|transcript	22
chr18	13464992	13465014	ENSG00000168675.19|ENSG00000267694.1	UTR|exon|gene|regulatory|transcript	22
chr18	11882682	11882704	ENSG00000141404.17|ENSG00000154889.17	UTR|exon|gene|regulatory|repeat|transcript	22
chr18	63367206	63367228	ENSG00000119537.18	UTR|exon|gene|regulatory|transcript	22
chr18	34709373	34709395	ENSG00000134769.23	UTR|exon|gene|regulatory|repeat|transcript	22
chr18	10689780	10689802	ENSG00000154864.14	UTR|exon|gene|regulatory|transcript	22
chr18	54224647	54224669	ENSG00000134046.12	UTR|exon|gene|regulatory|transcript	22
chr18	24139096	24139118	ENSG00000154040.21	UTR|exon|gene|regulatory|transcript	22
chr18	24271697	24271719	ENSG00000141447.19	UTR|exon|gene|regulatory|repeat|transcript	22
chr18	48375564	48375586	ENSG00000184828.10	UTR|exon|gene|regulatory|transcript	22
chr18	46757031	46757053	ENSG00000101638.14|ENSG00000270112.5	UTR|exon|gene|regulatory|transcript	22
chr18	59156636	59156658	ENSG00000166562.9	UTR|exon|gene|regulatory|repeat|transcript	22
chr18	33743539	33743561	ENSG00000141431.14	CDS|UTR|exon|gene|regulatory|transcript	22
chr18	12948013	12948035	ENSG00000085415.16	UTR|exon|gene|regulatory|transcript	22
chr18	50987085	50987107	ENSG00000141642.9|ENSG00000267699.2	UTR|exon|gene|regulatory|transcript	22
chr18	74291935	74291957	ENSG00000166347.19	UTR|exon|gene|regulatory|transcript	22
chr18	48949311	48949333	ENSG00000101665.10	UTR|exon|gene|regulatory|transcript	22
chr18	6031819	6031841	ENSG00000154655.16|ENSG00000266846.2	UTR|exon|gene|regulatory|repeat|transcript	22
chr18	80109932	80109954	ENSG00000101544.9	UTR|exon|gene|regulatory|repeat|transcript	22
chr18	32070448	32070470	ENSG00000101695.9|ENSG00000263917.1	UTR|exon|gene|regulatory|repeat|transcript	22
chr18	63366606	63366628	ENSG00000119537.18	UTR|exon|gene|regulatory|repeat|transcript	22
chr18	63603996	63604018	ENSG00000197641.12	UTR|exon|gene|regulatory|transcript	22
chr18	44680316	44680338	ENSG00000152217.20	UTR|exon|gene|regulatory|transcript	22
chr18	3874280	3874302	ENSG00000170579.19	UTR|exon|gene|regulatory|repeat|transcript	22
chr18	45842420	45842442	ENSG00000152223.16|ENSG00000197046.12	UTR|exon|gene|regulatory|repeat|transcript	22
chr18	68715035	68715057	ENSG00000166479.10	UTR|exon|gene|regulatory|transcript	22
chr18	74499860	74499881	ENSG00000133313.15	UTR|exon|gene|regulatory|transcript	21
chr18	58362478	58362499	ENSG00000049759.20	UTR|exon|gene|regulatory|transcript	21
chr18	34493388	34493409	ENSG00000134769.23	UTR|exon|gene|regulatory|transcript	21
chr18	55275723	55275744	ENSG00000196628.20	CDS|UTR|exon|gene|regulatory|transcript	21
chr18	34817981	34818002	ENSG00000134769.23	CDS|UTR|exon|gene|regulatory|transcript	21
chr18	22933327	22933348	ENSG00000101773.19|ENSG00000265943.1	UTR|exon|gene|regulatory|transcript	21
chr18	50287508	50287529	ENSG00000154832.16	UTR|exon|gene|regulatory|transcript	21
chr18	5895854	5895875	ENSG00000206432.4|ENSG00000264449.6|ENSG00000266846.2	UTR|exon|gene|regulatory|transcript	21
chr18	59697402	59697423	ENSG00000183287.15|ENSG00000267774.2	UTR|exon|gene|regulatory|transcript	21
chr18	59359244	59359265	ENSG00000074695.6	UTR|exon|gene|regulatory|transcript	21
chr18	76358608	76358629	ENSG00000101493.11	UTR|exon|gene|regulatory|transcript	21
chr18	34978520	34978541	ENSG00000166974.13	CDS|UTR|exon|gene|regulatory|transcript	21
chr18	55588192	55588213	ENSG00000196628.20	UTR|exon|gene|regulatory|transcript	21
chr18	911368	911389	ENSG00000141433.13	UTR|exon|gene|regulatory|repeat|transcript	21
chr18	58864986	58865007	ENSG00000074657.14	UTR|exon|gene|regulatory|transcript	21
chr18	11981672	11981693	ENSG00000141401.12	CDS|UTR|exon|gene|regulatory|transcript	21
chr18	46335895	46335916	ENSG00000141622.14	UTR|exon|gene|regulatory|transcript	21
chr18	12656699	12656720	ENSG00000134278.16	UTR|exon|gene|regulatory|transcript	21
chr18	9614484	9614505	ENSG00000154845.16	UTR|exon|gene|regulatory|transcript	21
chr18	12702756	12702777	ENSG00000101624.11|ENSG00000128789.22	UTR|exon|gene|regulatory|transcript	21
chr18	14543472	14543493	ENSG00000183206.18	UTR|exon|gene|regulatory|transcript	21
chr18	36829105	36829126	ENSG00000134779.15|ENSG00000150477.15	UTR|exon|gene|regulatory|transcript	21
chr18	158535	158556	ENSG00000101557.15	UTR|exon|gene|regulatory|transcript	21
chr18	597001	597022	ENSG00000079101.18	UTR|exon|gene|regulatory|transcript	21
chr18	79951603	79951623	ENSG00000122490.19	UTR|exon|gene|regulatory|repeat|transcript	20
chr18	9708336	9708356	ENSG00000168461.13	UTR|exon|gene|regulatory|repeat|transcript	20
chr18	49460645	49460665	ENSG00000141627.14	UTR|exon|gene|regulatory|transcript	20
chr18	34817961	34817981	ENSG00000134769.23	UTR|exon|gene|regulatory|transcript	20
chr18	58195676	58195696	ENSG00000049759.20|ENSG00000267743.5	UTR|exon|gene|regulatory|transcript	20
chr18	48165546	48165566	ENSG00000184828.10|ENSG00000286583.1	UTR|exon|gene|regulatory|transcript	20
chr18	58315981	58316001	ENSG00000049759.20	UTR|exon|gene|regulatory|transcript	20
chr18	34493409	34493429	ENSG00000134769.23	UTR|exon|gene|regulatory|transcript	20
chr18	34710297	34710317	ENSG00000134769.23	UTR|exon|gene|regulatory|transcript	20
chr18	32470428	32470448	ENSG00000141441.16|ENSG00000285095.2	UTR|exon|gene|regulatory|transcript	20
chr18	21741563	21741583	ENSG00000101752.13	UTR|exon|gene|regulatory|transcript	20
chr18	33743561	33743581	ENSG00000141431.14	CDS|UTR|exon|gene|regulatory|transcript	20
chr18	34976927	34976947	ENSG00000166974.13	UTR|exon|gene|regulatory|transcript	20
chr18	58611797	58611817	ENSG00000198796.7	UTR|exon|gene|regulatory|transcript	20
chr18	13614151	13614171	ENSG00000168675.19	UTR|exon|gene|regulatory|transcript	20
chr18	62187298	62187318	ENSG00000134444.15	UTR|exon|gene|regulatory|repeat|transcript	20
chr18	46104253	46104273	ENSG00000152234.16	UTR|exon|gene|regulatory|transcript	20
chr18	46104233	46104253	ENSG00000152234.16	UTR|exon|gene|regulatory|transcript	20
chr18	54269591	54269611	ENSG00000101751.11|ENSG00000277324.1	CDS|UTR|exon|gene|regulatory|repeat|transcript	20
chr18	59899995	59900015	ENSG00000141682.12	UTR|exon|gene|regulatory|transcript	20
chr18	59900015	59900035	ENSG00000141682.12	UTR|exon|gene|regulatory|transcript	20
chr18	12653065	12653085	ENSG00000134278.16	UTR|exon|gene|regulatory|repeat|transcript	20
chr18	13611743	13611763	ENSG00000168675.19	UTR|exon|gene|regulatory|repeat|transcript	20
chr18	55422492	55422512	ENSG00000196628.20	UTR|exon|gene|regulatory|transcript	20
chr18	41955233	41955253	ENSG00000078142.14	UTR|exon|gene|regulatory|transcript	20
chr18	36829196	36829216	ENSG00000134779.15|ENSG00000150477.15	UTR|exon|gene|regulatory|transcript	20
chr18	79679802	79679822	ENSG00000060069.18	UTR|exon|gene|regulatory|transcript	20
chr18	37243908	37243928	ENSG00000101489.20|ENSG00000267707.2	UTR|exon|gene|regulatory|repeat|transcript	20
chr18	45727373	45727393	ENSG00000141469.18|ENSG00000288545.1	CDS|UTR|exon|gene|regulatory|transcript	20
chr18	9137562	9137582	ENSG00000101745.17|ENSG00000265257.5	UTR|exon|gene|regulatory|transcript	20
chr18	55587116	55587136	ENSG00000196628.20	CDS|UTR|exon|gene|regulatory|transcript	20
chr18	905040	905060	ENSG00000141433.13|ENSG00000265179.9|ENSG00000265671.1	UTR|exon|gene|regulatory|transcript	20
chr18	46917454	46917474	ENSG00000078043.16	UTR|exon|gene|regulatory|transcript	20
chr18	35290201	35290221	ENSG00000186814.15	UTR|exon|gene|regulatory|transcript	20
chr18	34710426	34710445	ENSG00000134769.23	UTR|exon|gene|regulatory|transcript	19
chr18	34593338	34593357	ENSG00000134769.23	UTR|exon|gene|regulatory|transcript	19
chr18	46946853	46946872	ENSG00000167216.19	UTR|exon|gene|regulatory|transcript	19
chr18	46946834	46946853	ENSG00000167216.19	UTR|exon|gene|regulatory|transcript	19
chr18	3450176	3450195	ENSG00000177426.22	UTR|exon|gene|regulatory|transcript	19
chr18	59697383	59697402	ENSG00000183287.15|ENSG00000267774.2	UTR|exon|gene|regulatory|transcript	19
chr18	49491814	49491833	ENSG00000215472.10|ENSG00000265496.5|ENSG00000265681.8	UTR|exon|gene|regulatory|transcript	19
chr18	57029792	57029811	ENSG00000091157.15|ENSG00000267225.1	UTR|exon|gene|regulatory|transcript	19
chr18	31498176	31498195	ENSG00000046604.14	UTR|exon|gene|regulatory|repeat|transcript	19
chr18	49492409	49492428	ENSG00000215472.10|ENSG00000265681.8	UTR|exon|gene|regulatory|transcript	19
chr18	5540396	5540415	ENSG00000082397.18	UTR|exon|gene|regulatory|transcript	19
chr18	46098296	46098315	ENSG00000152234.16	UTR|exon|gene|regulatory|transcript	19
chr18	26865752	26865771	ENSG00000171885.18|ENSG00000260372.7	UTR|exon|gene|regulatory|transcript	19
chr18	28177038	28177057	ENSG00000170558.10	UTR|exon|gene|regulatory|repeat|transcript	19
chr18	77132795	77132814	ENSG00000197971.16	UTR|exon|gene|regulatory|transcript	19
chr18	23586487	23586506	ENSG00000141458.13	UTR|exon|gene|regulatory|transcript	19
chr18	13218759	13218778	ENSG00000168675.19	UTR|exon|gene|regulatory|transcript	19
chr18	11908276	11908295	ENSG00000154889.17	UTR|exon|gene|regulatory|transcript	19
chr18	50375220	50375239	ENSG00000154839.10	UTR|exon|gene|regulatory|transcript	19
chr18	80034388	80034407	ENSG00000101546.13|ENSG00000267127.7	UTR|exon|gene|regulatory|transcript	19
chr18	37253766	37253785	ENSG00000101489.20	UTR|exon|gene|regulatory|transcript	19
chr18	62715570	62715589	ENSG00000081913.14	UTR|exon|gene|regulatory|transcript	19
chr18	24426650	24426669	ENSG00000154059.11	UTR|exon|gene|regulatory|repeat|transcript	19
chr18	25350993	25351012	ENSG00000198795.11	UTR|exon|gene|regulatory|transcript	19
chr18	12420305	12420324	ENSG00000141391.14	UTR|exon|gene|regulatory|transcript	19
chr18	22934159	22934178	ENSG00000101773.19	UTR|exon|gene|regulatory|transcript	19
chr18	8705642	8705660	ENSG00000168502.18|ENSG00000265962.2	UTR|exon|gene|regulatory|transcript	18
chr18	34709355	34709373	ENSG00000134769.23	UTR|exon|gene|regulatory|repeat|transcript	18
chr18	32772128	32772146	ENSG00000197705.10|ENSG00000228835.1	UTR|exon|gene|regulatory|transcript	18
chr18	58044642	58044660	ENSG00000049759.20	UTR|exon|gene|regulatory|repeat|transcript	18
chr18	48375590	48375608	ENSG00000184828.10	UTR|exon|gene|regulatory|repeat|transcript	18
chr18	319360	319378	ENSG00000158270.12	UTR|exon|gene|regulatory|repeat|transcript	18
chr18	63161851	63161869	ENSG00000171791.14	UTR|exon|gene|regulatory|transcript	18
chr18	268027	268045	ENSG00000079134.13	UTR|exon|gene|regulatory|transcript	18
chr18	45842443	45842461	ENSG00000152223.16|ENSG00000197046.12	UTR|exon|gene|regulatory|repeat|transcript	18
chr18	62586188	62586206	ENSG00000141664.10	UTR|exon|gene|regulatory|repeat|transcript	18
chr18	49487234	49487252	ENSG00000177576.12|ENSG00000215472.10	UTR|exon|gene|regulatory|transcript	18
chr18	7946878	7946896	ENSG00000173482.17	UTR|exon|gene|regulatory|transcript	18
chr18	32265544	32265562	ENSG00000141441.16	UTR|exon|gene|regulatory|transcript	18
chr18	158560	158578	ENSG00000101557.15	UTR|exon|gene|regulatory|transcript	18
chr18	9614515	9614533	ENSG00000154845.16	UTR|exon|gene|regulatory|transcript	18
chr18	8705585	8705603	ENSG00000168502.18|ENSG00000265962.2	UTR|exon|gene|regulatory|repeat|transcript	18
chr18	34493370	34493388	ENSG00000134769.23	UTR|exon|gene|regulatory|transcript	18
chr18	34222092	34222110	ENSG00000101746.16	UTR|exon|gene|regulatory|transcript	18
chr18	55585890	55585908	ENSG00000196628.20	CDS|UTR|exon|gene|regulatory|repeat|transcript	18
chr18	5895875	5895893	ENSG00000206432.4|ENSG00000264449.6|ENSG00000266846.2	UTR|exon|gene|regulatory|transcript	18
chr18	50825384	50825402	ENSG00000134042.14	UTR|exon|gene|regulatory|transcript	18
chr18	74499357	74499375	ENSG00000133313.15	UTR|exon|gene|regulatory|transcript	18
chr18	35041412	35041430	ENSG00000166974.13	UTR|exon|gene|regulatory|transcript	18
chr18	712630	712648	ENSG00000132199.20	UTR|exon|gene|regulatory|transcript	18
chr18	61894213	61894231	ENSG00000176641.11	UTR|exon|gene|regulatory|transcript	18
chr18	26865689	26865707	ENSG00000171885.18|ENSG00000260372.7	UTR|exon|gene|regulatory|transcript	18
chr18	79988563	79988581	ENSG00000141759.15	UTR|exon|gene|regulatory|transcript	18
chr18	23586469	23586487	ENSG00000141458.13	UTR|exon|gene|regulatory|transcript	18
chr18	35972681	35972699	ENSG00000141428.17|ENSG00000278986.1	UTR|exon|gene|regulatory|transcript	18
chr18	21629777	21629794	ENSG00000167088.11	UTR|exon|gene|regulatory|transcript	17
chr18	55402054	55402071	ENSG00000196628.20	UTR|exon|gene|regulatory|transcript	17
chr18	26133851	26133868	ENSG00000154611.15	UTR|exon|gene|regulatory|transcript	17
chr18	68715312	68715329	ENSG00000150636.17	UTR|exon|gene|regulatory|transcript	17
chr18	36067559	36067576	ENSG00000141425.18	UTR|exon|gene|regulatory|transcript	17
chr18	61333546	61333563	ENSG00000101542.10	UTR|exon|gene|regulatory|repeat|transcript	17
chr18	21242241	21242258	ENSG00000141449.16	UTR|exon|gene|regulatory|transcript	17
chr18	21612313	21612330	ENSG00000167088.11	UTR|exon|gene|regulatory|transcript	17
chr18	45683090	45683107	ENSG00000132874.15|ENSG00000288545.1	UTR|exon|gene|regulatory|repeat|transcript	17
chr18	37565748	37565765	ENSG00000101489.20|ENSG00000285940.4	UTR|exon|gene|regulatory|repeat|transcript	17
chr18	4455005	4455022	ENSG00000170579.19	UTR|exon|gene|regulatory|transcript	17
chr18	36177666	36177683	ENSG00000134759.14	UTR|exon|gene|regulatory|transcript	17
chr18	12012332	12012349	ENSG00000141401.12	UTR|exon|gene|regulatory|transcript	17
chr18	35497943	35497960	ENSG00000153391.16|ENSG00000289891.1	UTR|exon|gene|regulatory|transcript	17
chr18	12009882	12009899	ENSG00000141401.12	UTR|exon|gene|regulatory|transcript	17
chr18	77250531	77250548	ENSG00000166573.6	UTR|exon|gene|regulatory|transcript	17
chr18	47150459	47150476	ENSG00000167220.12|ENSG00000267228.7	UTR|exon|gene|regulatory|transcript	17
chr18	26548536	26548553	ENSG00000134504.14	UTR|exon|gene|regulatory|transcript	17
chr18	26192391	26192408	ENSG00000154611.15	CDS|UTR|exon|gene|regulatory|transcript	17
chr18	11908256	11908273	ENSG00000154889.17	UTR|exon|gene|regulatory|transcript	17
chr18	904881	904898	ENSG00000141433.13|ENSG00000265179.9|ENSG00000265671.1	UTR|exon|gene|regulatory|transcript	17
chr18	76982314	76982331	ENSG00000197971.16|ENSG00000266844.1	UTR|exon|gene|regulatory|transcript	17
chr18	9103074	9103091	ENSG00000178127.13|ENSG00000265257.5	UTR|exon|gene|regulatory|transcript	17
chr18	76978834	76978851	ENSG00000197971.16|ENSG00000266844.1	UTR|exon|gene|regulatory|transcript	17
chr18	23365651	23365668	ENSG00000134490.14	CDS|UTR|exon|gene|regulatory|transcript	17
chr18	48165434	48165451	ENSG00000184828.10|ENSG00000286583.1	UTR|exon|gene|regulatory|repeat|transcript	17
chr18	56651576	56651593	ENSG00000091157.15|ENSG00000091164.13	UTR|exon|gene|regulatory|transcript	17
chr18	8717758	8717775	ENSG00000168502.18	UTR|exon|gene|regulatory|transcript	17
chr18	319534	319551	ENSG00000158270.12	UTR|exon|gene|regulatory|transcript	17
chr18	32265606	32265623	ENSG00000141441.16	UTR|exon|gene|regulatory|transcript	17
chr18	9914239	9914256	ENSG00000101558.14	UTR|exon|gene|regulatory|transcript	17
chr18	76980274	76980291	ENSG00000197971.16|ENSG00000266844.1	UTR|exon|gene|regulatory|transcript	17
chr18	24397824	24397841	ENSG00000141447.19	UTR|exon|gene|regulatory|transcript	17
chr18	34593317	34593334	ENSG00000134769.23	UTR|exon|gene|regulatory|transcript	17
chr18	62186998	62187015	ENSG00000197563.11	UTR|exon|gene|regulatory|transcript	17
chr18	62187273	62187290	ENSG00000134444.15	UTR|exon|gene|regulatory|transcript	17
chr18	79253380	79253397	ENSG00000166377.21	CDS|UTR|exon|gene|regulatory|transcript	17
chr18	46917474	46917491	ENSG00000078043.16	UTR|exon|gene|regulatory|transcript	17
chr18	47176345	47176362	ENSG00000134049.6	UTR|exon|gene|regulatory|transcript	17
chr18	50968022	50968039	ENSG00000141642.9|ENSG00000267699.2	UTR|exon|gene|regulatory|transcript	17
chr18	21704750	21704767	ENSG00000158201.10	UTR|exon|gene|regulatory|transcript	17
chr18	57803085	57803101	ENSG00000081923.15	UTR|exon|gene|regulatory|repeat|transcript	16
chr18	57621808	57621824	ENSG00000134440.12	UTR|exon|gene|regulatory|transcript	16
chr18	49813937	49813953	ENSG00000167315.18|ENSG00000266997.2	UTR|exon|gene|regulatory|repeat|transcript	16
chr18	49368601	49368617	ENSG00000141627.14	UTR|exon|gene|regulatory|transcript	16
chr18	9708306	9708322	ENSG00000168461.13	UTR|exon|gene|regulatory|repeat|transcript	16
chr18	48375609	48375625	ENSG00000184828.10	UTR|exon|gene|regulatory|transcript	16
chr18	56651342	56651358	ENSG00000091157.15|ENSG00000091164.13	UTR|exon|gene|regulatory|transcript	16
chr18	76979553	76979569	ENSG00000197971.16|ENSG00000266844.1	UTR|exon|gene|regulatory|transcript	16
chr18	23524158	23524174	ENSG00000141452.11|ENSG00000141458.13	UTR|exon|gene|regulatory|transcript	16
chr18	44680172	44680188	ENSG00000152217.20	UTR|exon|gene|regulatory|transcript	16
chr18	24014419	24014435	ENSG00000168234.13|ENSG00000264745.1	UTR|exon|gene|regulatory|transcript	16
chr18	12884237	12884253	ENSG00000175354.20	UTR|exon|gene|regulatory|repeat|transcript	16
chr18	23529670	23529686	ENSG00000141452.11|ENSG00000141458.13	UTR|exon|gene|regulatory|transcript	16
chr18	35972712	35972728	ENSG00000141428.17|ENSG00000278986.1	UTR|exon|gene|regulatory|repeat|transcript	16
chr18	63366280	63366296	ENSG00000119537.18	UTR|exon|gene|regulatory|transcript	16
chr18	12407928	12407944	ENSG00000141391.14	UTR|exon|gene|regulatory|transcript	16
chr18	69947857	69947873	ENSG00000150637.9	UTR|exon|gene|regulatory|transcript	16
chr18	11908331	11908347	ENSG00000154889.17	UTR|exon|gene|regulatory|transcript	16
chr18	68715092	68715108	ENSG00000166479.10	UTR|exon|gene|regulatory|transcript	16
chr18	62325309	62325325	ENSG00000141655.18	UTR|exon|gene|regulatory|transcript	16
chr18	59274070	59274086	ENSG00000134438.10	UTR|exon|gene|regulatory|transcript	16
chr18	12947994	12948010	ENSG00000085415.16	UTR|exon|gene|regulatory|transcript	16
chr18	11908350	11908366	ENSG00000154889.17	UTR|exon|gene|regulatory|transcript	16
chr18	12703025	12703041	ENSG00000128789.22	UTR|exon|gene|regulatory|transcript	16
chr18	22914122	22914138	ENSG00000101773.19|ENSG00000265943.1	UTR|exon|gene|regulatory|transcript	16
chr18	12884198	12884214	ENSG00000175354.20	UTR|exon|gene|regulatory|transcript	16
chr18	23437853	23437869	ENSG00000134490.14	UTR|exon|gene|regulatory|transcript	16
chr18	12703058	12703074	ENSG00000128789.22	UTR|exon|gene|regulatory|transcript	16
chr18	12883617	12883633	ENSG00000175354.20	UTR|exon|gene|regulatory|transcript	16
chr18	31498195	31498211	ENSG00000046604.14	UTR|exon|gene|regulatory|repeat|transcript	16
chr18	57029776	57029792	ENSG00000091157.15|ENSG00000267225.1	UTR|exon|gene|regulatory|transcript	16
chr18	58045665	58045681	ENSG00000049759.20	UTR|exon|gene|regulatory|transcript	16
chr18	3450195	3450211	ENSG00000177426.22	UTR|exon|gene|regulatory|repeat|transcript	16
chr18	23873019	23873035	ENSG00000053747.17	UTR|exon|gene|regulatory|transcript	16
chr18	74499341	74499357	ENSG00000133313.15	UTR|exon|gene|regulatory|transcript	16
chr18	23662815	23662831	ENSG00000154065.17	UTR|exon|gene|regulatory|transcript	16
chr18	35972731	35972747	ENSG00000141428.17|ENSG00000278986.1	CDS|UTR|exon|gene|regulatory|transcript	16
chr18	59697423	59697439	ENSG00000183287.15|ENSG00000267774.2	UTR|exon|gene|regulatory|transcript	16
chr18	35497888	35497904	ENSG00000153391.16|ENSG00000267140.1|ENSG00000289891.1	UTR|exon|gene|regulatory|transcript	16
chr18	62187257	62187273	ENSG00000134444.15	UTR|exon|gene|regulatory|transcript	16
chr18	3451592	3451608	ENSG00000177426.22	UTR|exon|gene|regulatory|transcript	16
chr18	57435480	57435495	ENSG00000119547.6	UTR|exon|gene|regulatory|repeat|transcript	15
chr18	79951638	79951653	ENSG00000122490.19	UTR|exon|gene|regulatory|transcript	15
chr18	2655918	2655933	ENSG00000101596.17	UTR|exon|gene|regulatory|transcript	15
chr18	47930599	47930614	ENSG00000175387.16	UTR|exon|gene|regulatory|repeat|transcript	15
chr18	50375045	50375060	ENSG00000154839.10	UTR|exon|gene|regulatory|transcript	15
chr18	33743589	33743604	ENSG00000141431.14	CDS|UTR|exon|gene|regulatory|transcript	15
chr18	58227888	58227903	ENSG00000049759.20	UTR|exon|gene|regulatory|transcript	15
chr18	31102507	31102522	ENSG00000134755.18|ENSG00000265888.4	UTR|exon|gene|regulatory|transcript	15
chr18	31102435	31102450	ENSG00000134755.18|ENSG00000265888.4	UTR|exon|gene|regulatory|transcript	15
chr18	48409234	48409249	ENSG00000184828.10	UTR|exon|gene|regulatory|repeat|transcript	15
chr18	48540094	48540109	ENSG00000134030.14	UTR|exon|gene|regulatory|transcript	15
chr18	35241056	35241071	ENSG00000186812.13	UTR|exon|gene|regulatory|transcript	15
chr18	77017069	77017084	ENSG00000197971.16	CDS|UTR|exon|gene|regulatory|transcript	15
chr18	74148522	74148537	ENSG00000075336.12	UTR|exon|gene|regulatory|transcript	15
chr18	11905911	11905926	ENSG00000154889.17	UTR|exon|gene|regulatory|repeat|transcript	15
chr18	34884727	34884742	ENSG00000134769.23	CDS|UTR|exon|gene|regulatory|transcript	15
chr18	12991361	12991376	ENSG00000101639.19	UTR|exon|gene|regulatory|transcript	15
chr18	46917602	46917617	ENSG00000078043.16|ENSG00000167216.19	UTR|exon|gene|regulatory|transcript	15
chr18	26549017	26549032	ENSG00000134504.14	UTR|exon|gene|regulatory|repeat|transcript	15
chr18	23503495	23503510	ENSG00000141452.11	UTR|exon|gene|regulatory|repeat|transcript	15
chr18	35343861	35343876	ENSG00000172466.16	UTR|exon|gene|regulatory|repeat|transcript	15
chr18	55403995	55404010	ENSG00000196628.20	UTR|exon|gene|regulatory|repeat|transcript	15
chr18	51077291	51077306	ENSG00000141646.16	UTR|exon|gene|regulatory|repeat|transcript	15
chr18	26335216	26335231	ENSG00000141384.13	UTR|exon|gene|regulatory|transcript	15
chr18	68715077	68715092	ENSG00000166479.10	UTR|exon|gene|regulatory|transcript	15
chr18	46216318	46216333	ENSG00000152242.11	CDS|UTR|exon|gene|regulatory|transcript	15
chr18	24139016	24139031	ENSG00000154040.21	UTR|exon|gene|regulatory|transcript	15
chr18	22933825	22933840	ENSG00000101773.19	UTR|exon|gene|regulatory|transcript	15
chr18	52340676	52340691	ENSG00000187323.13	UTR|exon|gene|regulatory|transcript	15
chr18	14543585	14543600	ENSG00000183206.18	UTR|exon|gene|regulatory|transcript	15
chr18	9136780	9136795	ENSG00000101745.17|ENSG00000265257.5	UTR|exon|gene|regulatory|transcript	15
chr18	45850423	45850438	ENSG00000152223.16	UTR|exon|gene|regulatory|transcript	15
chr18	5197164	5197179	ENSG00000231824.4|ENSG00000285575.1	UTR|exon|gene|regulatory|repeat|transcript	15
chr18	63710178	63710193	ENSG00000206072.13	UTR|exon|gene|regulatory|transcript	15
chr18	9103773	9103788	ENSG00000178127.13|ENSG00000265257.5	UTR|exon|gene|regulatory|repeat|transcript	15
chr18	21703688	21703702	ENSG00000158201.10	CDS|UTR|exon|gene|regulatory|transcript	14
chr18	59220157	59220171	ENSG00000134443.10	UTR|exon|gene|regulatory|transcript	14
chr18	59318530	59318544	ENSG00000166569.8	UTR|exon|gene|regulatory|transcript	14
chr18	47150479	47150493	ENSG00000167220.12|ENSG00000267228.7	UTR|exon|gene|regulatory|transcript	14
chr18	69896031	69896045	ENSG00000150637.9	CDS|UTR|exon|gene|regulatory|transcript	14
chr18	36828988	36829002	ENSG00000134779.15	UTR|exon|gene|regulatory|transcript	14
chr18	56638592	56638606	ENSG00000091164.13	UTR|exon|gene|regulatory|transcript	14
chr18	36129902	36129916	ENSG00000134759.14	UTR|exon|gene|regulatory|transcript	14
chr18	68676918	68676932	ENSG00000166479.10	UTR|exon|gene|regulatory|transcript	14
chr18	79395929	79395943	ENSG00000131196.18	UTR|exon|gene|regulatory|transcript	14
chr18	62186975	62186989	ENSG00000197563.11	UTR|exon|gene|regulatory|transcript	14
chr18	49492465	49492479	ENSG00000215472.10|ENSG00000265681.8	UTR|exon|gene|regulatory|transcript	14
chr18	32772865	32772879	ENSG00000197705.10|ENSG00000228835.1	UTR|exon|gene|regulatory|repeat|transcript	14
chr18	3457456	3457470	ENSG00000177426.22	CDS|UTR|exon|gene|regulatory|transcript	14
chr18	68713886	68713900	ENSG00000166479.10	CDS|UTR|exon|gene|regulatory|transcript	14
chr18	33578606	33578620	ENSG00000141431.14	UTR|exon|gene|regulatory|transcript	14
chr18	10454869	10454883	ENSG00000154856.13	UTR|exon|gene|regulatory|repeat|transcript	14
chr18	33578505	33578519	ENSG00000141431.14	UTR|exon|gene|regulatory|repeat|transcript	14
chr18	35241036	35241050	ENSG00000186812.13	UTR|exon|gene|regulatory|transcript	14
chr18	52340196	52340210	ENSG00000187323.13	UTR|exon|gene|regulatory|transcript	14
chr18	3457580	3457594	ENSG00000177426.22	CDS|UTR|exon|gene|regulatory|transcript	14
chr18	3874253	3874267	ENSG00000170579.19	UTR|exon|gene|regulatory|transcript	14
chr18	3845282	3845296	ENSG00000170579.19	UTR|exon|gene|regulatory|transcript	14
chr18	23529340	23529354	ENSG00000141452.11|ENSG00000141458.13	CDS|UTR|exon|gene|regulatory|transcript	14
chr18	34493316	34493330	ENSG00000134769.23	UTR|exon|gene|regulatory|transcript	14
chr18	54269570	54269584	ENSG00000101751.11|ENSG00000277324.1	CDS|UTR|exon|gene|regulatory|repeat|transcript	14
chr18	77132769	77132783	ENSG00000197971.16	UTR|exon|gene|regulatory|repeat|transcript	14
chr18	24397841	24397855	ENSG00000141447.19	UTR|exon|gene|regulatory|transcript	14
chr18	23528870	23528884	ENSG00000141452.11|ENSG00000141458.13	UTR|exon|gene|regulatory|transcript	14
chr18	9708322	9708336	ENSG00000168461.13	UTR|exon|gene|regulatory|repeat|transcript	14
chr18	76982182	76982196	ENSG00000197971.16|ENSG00000266844.1	UTR|exon|gene|regulatory|repeat|transcript	14
chr18	712593	712607	ENSG00000132199.20	UTR|exon|gene|regulatory|transcript	14
chr18	47930842	47930855	ENSG00000175387.16	UTR|exon|gene|regulatory|transcript	13
chr18	11908317	11908330	ENSG00000154889.17	UTR|exon|gene|regulatory|transcript	13
chr18	25351180	25351193	ENSG00000198795.11	UTR|exon|gene|regulatory|transcript	13
chr18	79943367	79943380	ENSG00000122490.19	UTR|exon|gene|regulatory|transcript	13
chr18	55588226	55588239	ENSG00000196628.20	UTR|exon|gene|regulatory|transcript	13
chr18	48539144	48539157	ENSG00000134030.14	UTR|exon|gene|regulatory|transcript	13
chr18	9614274	9614287	ENSG00000154845.16	UTR|exon|gene|regulatory|transcript	13
chr18	50281671	50281684	ENSG00000141644.19	UTR|exon|gene|regulatory|transcript	13
chr18	36129100	36129113	ENSG00000141424.13|ENSG00000288917.1	UTR|exon|gene|regulatory|transcript	13
chr18	63422463	63422476	ENSG00000119541.10	UTR|exon|gene|regulatory|transcript	13
chr18	55588213	55588226	ENSG00000196628.20	UTR|exon|gene|regulatory|transcript	13
chr18	46334261	46334274	ENSG00000141622.14	UTR|exon|gene|regulatory|transcript	13
chr18	79964629	79964642	ENSG00000226742.4	UTR|exon|gene|regulatory|transcript	13
chr18	24426633	24426646	ENSG00000154059.11	UTR|exon|gene|regulatory|transcript	13
chr18	9134279	9134292	ENSG00000178127.13|ENSG00000265257.5|ENSG00000266053.3	UTR|exon|gene|regulatory|transcript	13
chr18	55275710	55275723	ENSG00000196628.20	CDS|UTR|exon|gene|regulatory|transcript	13
chr18	51077251	51077264	ENSG00000141646.16	UTR|exon|gene|regulatory|transcript	13
chr18	12702485	12702498	ENSG00000101624.11|ENSG00000128789.22	CDS|UTR|exon|gene|regulatory|transcript	13
chr18	24426698	24426711	ENSG00000154059.11	UTR|exon|gene|regulatory|repeat|transcript	13
chr18	74508844	74508857	ENSG00000133313.15	CDS|UTR|exon|gene|regulatory|transcript	13
chr18	12884253	12884266	ENSG00000175354.20	UTR|exon|gene|regulatory|repeat|transcript	13
chr18	74496233	74496246	ENSG00000133313.15	UTR|exon|gene|regulatory|transcript	13
chr18	70205687	70205700	ENSG00000176225.15	UTR|exon|gene|regulatory|transcript	13
chr18	72544034	72544047	ENSG00000141668.10	UTR|exon|gene|regulatory|transcript	13
chr18	24426743	24426756	ENSG00000154059.11	UTR|exon|gene|regulatory|transcript	13
chr18	12884222	12884235	ENSG00000175354.20	UTR|exon|gene|regulatory|repeat|transcript	13
chr18	35290232	35290245	ENSG00000186814.15	UTR|exon|gene|regulatory|transcript	13
chr18	35972699	35972712	ENSG00000141428.17|ENSG00000278986.1	UTR|exon|gene|regulatory|repeat|transcript	13
chr18	24014753	24014766	ENSG00000168234.13|ENSG00000264745.1	UTR|exon|gene|regulatory|repeat|transcript	13
chr18	12686261	12686274	ENSG00000101624.11|ENSG00000128789.22	UTR|exon|gene|regulatory|transcript	13
chr18	2986117	2986130	ENSG00000101577.11	UTR|exon|gene|regulatory|transcript	13
chr18	10454883	10454896	ENSG00000154856.13	UTR|exon|gene|regulatory|repeat|transcript	13
chr18	3874302	3874315	ENSG00000170579.19	UTR|exon|gene|regulatory|repeat|transcript	13
chr18	50282579	50282592	ENSG00000154832.16	UTR|exon|gene|regulatory|transcript	13
chr18	36829011	36829024	ENSG00000134779.15	UTR|exon|gene|regulatory|transcript	13
chr18	23524145	23524158	ENSG00000141452.11|ENSG00000141458.13	CDS|UTR|exon|gene|regulatory|transcript	13
chr18	69944556	69944568	ENSG00000150637.9	UTR|exon|gene|regulatory|transcript	12
chr18	9595061	9595073	ENSG00000154845.16	CDS|UTR|exon|gene|regulatory|transcript	12
chr18	34866980	34866992	ENSG00000134769.23	UTR|exon|gene|regulatory|transcript	12
chr18	74501089	74501101	ENSG00000133313.15	UTR|exon|gene|regulatory|repeat|transcript	12
chr18	34224474	34224486	ENSG00000101746.16|ENSG00000267746.1	UTR|exon|gene|regulatory|transcript	12
chr18	28177083	28177095	ENSG00000170558.10	UTR|exon|gene|regulatory|repeat|transcript	12
chr18	79949696	79949708	ENSG00000122490.19	UTR|exon|gene|regulatory|transcript	12
chr18	24271685	24271697	ENSG00000141447.19	UTR|exon|gene|regulatory|transcript	12
chr18	657652	657664	ENSG00000176890.16|ENSG00000176912.7	UTR|exon|gene|regulatory|transcript	12
chr18	319348	319360	ENSG00000158270.12	UTR|exon|gene|regulatory|repeat|transcript	12
chr18	319378	319390	ENSG00000158270.12	UTR|exon|gene|regulatory|repeat|transcript	12
chr18	158578	158590	ENSG00000101557.15	UTR|exon|gene|regulatory|repeat|transcript	12
chr18	35041649	35041661	ENSG00000166974.13	CDS|UTR|exon|gene|regulatory|transcript	12
chr18	58054322	58054334	ENSG00000049759.20	UTR|exon|gene|regulatory|transcript	12
chr18	75221057	75221069	ENSG00000179981.11	UTR|exon|gene|regulatory|transcript	12
chr18	34818391	34818403	ENSG00000134769.23	UTR|exon|gene|regulatory|transcript	12
chr18	46458825	46458837	ENSG00000141622.14	UTR|exon|gene|regulatory|transcript	12
chr18	79254844	79254856	ENSG00000166377.21|ENSG00000267628.1	UTR|exon|gene|regulatory|repeat|transcript	12
chr18	3247800	3247812	ENSG00000101608.13	UTR|exon|gene|regulatory|transcript	12
chr18	36829024	36829036	ENSG00000134779.15	UTR|exon|gene|regulatory|transcript	12
chr18	45724183	45724195	ENSG00000141469.18|ENSG00000288545.1	UTR|exon|gene|regulatory|transcript	12
chr18	63887758	63887770	ENSG00000197632.9	UTR|exon|gene|regulatory|transcript	12
chr18	34493902	34493914	ENSG00000134769.23	UTR|exon|gene|regulatory|transcript	12
chr18	77132783	77132795	ENSG00000197971.16	UTR|exon|gene|regulatory|repeat|transcript	12
chr18	12948035	12948047	ENSG00000085415.16	UTR|exon|gene|regulatory|transcript	12
chr18	79400335	79400347	ENSG00000131196.18	UTR|exon|gene|regulatory|transcript	12
chr18	57621824	57621836	ENSG00000134440.12	UTR|exon|gene|regulatory|transcript	12
chr18	9885765	9885777	ENSG00000168454.13	UTR|exon|gene|regulatory|transcript	12
chr18	56638580	56638592	ENSG00000091164.13	UTR|exon|gene|regulatory|transcript	12
chr18	31830920	31830932	ENSG00000153339.15	CDS|UTR|exon|gene|regulatory|transcript	12
chr18	31942881	31942893	ENSG00000153339.15|ENSG00000263823.2	UTR|exon|gene|regulatory|transcript	12
chr18	50895808	50895820	ENSG00000082212.13	UTR|exon|gene|regulatory|transcript	12
chr18	712650	712662	ENSG00000132199.20	UTR|exon|gene|regulatory|repeat|transcript	12
chr18	24014741	24014753	ENSG00000168234.13|ENSG00000264745.1	UTR|exon|gene|regulatory|repeat|transcript	12
chr18	23453295	23453307	ENSG00000101782.15	UTR|exon|gene|regulatory|repeat|transcript	12
chr18	55585279	55585291	ENSG00000196628.20	UTR|exon|gene|regulatory|transcript	12
chr18	55322222	55322234	ENSG00000196628.20	UTR|exon|gene|regulatory|transcript	12
chr18	3247860	3247872	ENSG00000101608.13	UTR|exon|gene|regulatory|transcript	12
chr18	46917491	46917503	ENSG00000078043.16|ENSG00000167216.19	UTR|exon|gene|regulatory|transcript	12
chr18	46917617	46917629	ENSG00000078043.16|ENSG00000167216.19	UTR|exon|gene|regulatory|transcript	12
chr18	70086672	70086684	ENSG00000176225.15	UTR|exon|gene|regulatory|transcript	12
chr18	58044366	58044378	ENSG00000049759.20	UTR|exon|gene|regulatory|transcript	12
chr18	26090613	26090625	ENSG00000141380.14	UTR|exon|gene|regulatory|transcript	12
chr18	48539157	48539169	ENSG00000134030.14	UTR|exon|gene|regulatory|transcript	12
chr18	62385034	62385046	ENSG00000141655.18	UTR|exon|gene|regulatory|transcript	12
chr18	21703677	21703688	ENSG00000158201.10	CDS|UTR|exon|gene|regulatory|transcript	11
chr18	58864876	58864887	ENSG00000074657.14	UTR|exon|gene|regulatory|transcript	11
chr18	58753495	58753506	ENSG00000172175.16|ENSG00000267705.1	UTR|exon|gene|regulatory|repeat|transcript	11
chr18	36297824	36297835	ENSG00000134775.16	UTR|exon|gene|regulatory|transcript	11
chr18	49492433	49492444	ENSG00000215472.10|ENSG00000265681.8	UTR|exon|gene|regulatory|transcript	11
chr18	48948494	48948505	ENSG00000101665.10	UTR|exon|gene|regulatory|transcript	11
chr18	62187056	62187067	ENSG00000197563.11	UTR|exon|gene|regulatory|transcript	11
chr18	36129879	36129890	ENSG00000134759.14	UTR|exon|gene|regulatory|transcript	11
chr18	23503519	23503530	ENSG00000141452.11	UTR|exon|gene|regulatory|repeat|transcript	11
chr18	49460627	49460638	ENSG00000141627.14	UTR|exon|gene|regulatory|transcript	11
chr18	23437921	23437932	ENSG00000134490.14	UTR|exon|gene|regulatory|repeat|transcript	11
chr18	12884266	12884277	ENSG00000175354.20	UTR|exon|gene|regulatory|transcript	11
chr18	12703041	12703052	ENSG00000128789.22	UTR|exon|gene|regulatory|transcript	11
chr18	6942067	6942078	ENSG00000101680.16	UTR|exon|gene|regulatory|transcript	11
chr18	775195	775206	ENSG00000176105.14	UTR|exon|gene|regulatory|repeat|transcript	11
chr18	5544299	5544310	ENSG00000082397.18	UTR|exon|gene|regulatory|transcript	11
chr18	35480455	35480466	ENSG00000153391.16|ENSG00000267140.1	CDS|UTR|exon|gene|regulatory|transcript	11
chr18	55585723	55585734	ENSG00000196628.20	CDS|UTR|exon|gene|regulatory|transcript	11
chr18	46104384	46104395	ENSG00000152240.13	UTR|exon|gene|regulatory|transcript	11
chr18	50267590	50267601	ENSG00000141644.19	CDS|UTR|exon|gene|regulatory|repeat|transcript	11
chr18	57621726	57621737	ENSG00000134440.12	UTR|exon|gene|regulatory|transcript	11
chr18	45727260	45727271	ENSG00000141469.18|ENSG00000288545.1	UTR|exon|gene|regulatory|transcript	11
chr18	12884324	12884335	ENSG00000175354.20	UTR|exon|gene|regulatory|repeat|transcript	11
chr18	25352155	25352166	ENSG00000198795.11	UTR|exon|gene|regulatory|transcript	11
chr18	62584826	62584837	ENSG00000141664.10	UTR|exon|gene|regulatory|repeat|transcript	11
chr18	5489183	5489194	ENSG00000082397.18	CDS|UTR|exon|gene|regulatory|transcript	11
chr18	32091890	32091901	ENSG00000134758.14|ENSG00000263917.1|ENSG00000265008.1	UTR|exon|gene|regulatory|transcript	11
chr18	45837840	45837851	ENSG00000152223.16|ENSG00000197046.12	CDS|UTR|exon|gene|regulatory|transcript	11
chr18	54357905	54357916	ENSG00000166845.15|ENSG00000174448.9	UTR|exon|gene|regulatory|transcript	11
chr18	44680384	44680395	ENSG00000152217.20	UTR|exon|gene|regulatory|transcript	11
chr18	25350982	25350993	ENSG00000198795.11	UTR|exon|gene|regulatory|transcript	11
chr18	28177119	28177130	ENSG00000170558.10	UTR|exon|gene|regulatory|transcript	11
chr18	12948047	12948058	ENSG00000085415.16	UTR|exon|gene|regulatory|transcript	11
chr18	904870	904881	ENSG00000141433.13|ENSG00000265179.9|ENSG00000265671.1	UTR|exon|gene|regulatory|transcript	11
chr18	51077306	51077317	ENSG00000141646.16	CDS|UTR|exon|gene|regulatory|repeat|transcript	11
chr18	54357964	54357974	ENSG00000166845.15	UTR|exon|gene|regulatory|transcript	10
chr18	34493360	34493370	ENSG00000134769.23	UTR|exon|gene|regulatory|transcript	10
chr18	34710283	34710293	ENSG00000134769.23	UTR|exon|gene|regulatory|transcript	10
chr18	55275661	55275671	ENSG00000196628.20	CDS|UTR|exon|gene|regulatory|transcript	10
chr18	55275696	55275706	ENSG00000196628.20	CDS|UTR|exon|gene|regulatory|transcript	10
chr18	63367118	63367128	ENSG00000119537.18	UTR|exon|gene|regulatory|transcript	10
chr18	3874315	3874325	ENSG00000170579.19	UTR|exon|gene|regulatory|transcript	10
chr18	76980326	76980336	ENSG00000197971.16|ENSG00000266844.1	UTR|exon|gene|regulatory|transcript	10
chr18	3457594	3457604	ENSG00000177426.22	CDS|UTR|exon|gene|regulatory|transcript	10
chr18	4455022	4455032	ENSG00000170579.19	UTR|exon|gene|regulatory|transcript	10
chr18	9614559	9614569	ENSG00000154845.16	UTR|exon|gene|regulatory|transcript	10
chr18	57148983	57148993	ENSG00000228075.5	UTR|exon|gene|regulatory|transcript	10
chr18	49492399	49492409	ENSG00000215472.10|ENSG00000265681.8	UTR|exon|gene|regulatory|transcript	10
chr18	32091873	32091883	ENSG00000134758.14|ENSG00000263917.1|ENSG00000265008.1	UTR|exon|gene|regulatory|transcript	10
chr18	32092689	32092699	ENSG00000134758.14|ENSG00000263917.1	UTR|exon|gene|regulatory|transcript	10
chr18	9914051	9914061	ENSG00000101558.14	UTR|exon|gene|regulatory|transcript	10
chr18	46098285	46098295	ENSG00000152234.16	UTR|exon|gene|regulatory|transcript	10
chr18	21242231	21242241	ENSG00000141449.16	UTR|exon|gene|regulatory|transcript	10
chr18	50730091	50730101	ENSG00000141639.12	UTR|exon|gene|regulatory|transcript	10
chr18	31042732	31042742	ENSG00000134762.17	UTR|exon|gene|regulatory|transcript	10
chr18	23453307	23453317	ENSG00000101782.15	UTR|exon|gene|regulatory|repeat|transcript	10
chr18	35344359	35344369	ENSG00000172466.16	UTR|exon|gene|regulatory|transcript	10
chr18	32470474	32470484	ENSG00000141441.16|ENSG00000285095.2	UTR|exon|gene|regulatory|repeat|transcript	10
chr18	76980053	76980063	ENSG00000197971.16|ENSG00000266844.1	UTR|exon|gene|regulatory|transcript	10
chr18	49491735	49491745	ENSG00000215472.10|ENSG00000265496.5|ENSG00000265681.8	UTR|exon|gene|regulatory|transcript	10
chr18	46334017	46334027	ENSG00000141622.14	UTR|exon|gene|regulatory|repeat|transcript	10
chr18	62187028	62187038	ENSG00000197563.11	UTR|exon|gene|regulatory|transcript	10
chr18	26090598	26090608	ENSG00000141380.14	UTR|exon|gene|regulatory|transcript	10
chr18	46917669	46917679	ENSG00000078043.16|ENSG00000167216.19	UTR|exon|gene|regulatory|transcript	10
chr18	55422181	55422191	ENSG00000196628.20	UTR|exon|gene|regulatory|transcript	10
chr18	74291963	74291973	ENSG00000166347.19	UTR|exon|gene|regulatory|transcript	10
chr18	74496306	74496316	ENSG00000133313.15	CDS|UTR|exon|gene|regulatory|transcript	10
chr18	54357848	54357858	ENSG00000174448.9	UTR|exon|gene|regulatory|transcript	10
chr18	47108367	47108377	ENSG00000167220.12|ENSG00000267228.7	UTR|exon|gene|regulatory|transcript	10
chr18	74499696	74499706	ENSG00000133313.15	UTR|exon|gene|regulatory|transcript	10
chr18	596987	596997	ENSG00000079101.18	UTR|exon|gene|regulatory|transcript	10
chr18	11885675	11885685	ENSG00000141404.17|ENSG00000154889.17	CDS|UTR|exon|gene|regulatory|transcript	10
chr18	34493303	34493313	ENSG00000134769.23	UTR|exon|gene|regulatory|transcript	10
chr18	7946869	7946878	ENSG00000173482.17	UTR|exon|gene|regulatory|repeat|transcript	9
chr18	12419938	12419947	ENSG00000141391.14	UTR|exon|gene|regulatory|repeat|transcript	9
chr18	49368697	49368706	ENSG00000141627.14	UTR|exon|gene|regulatory|transcript	9
chr18	78980265	78980274	ENSG00000256463.10	UTR|exon|gene|regulatory|transcript	9
chr18	34866851	34866860	ENSG00000134769.23	UTR|exon|gene|regulatory|transcript	9
chr18	57621776	57621785	ENSG00000134440.12	UTR|exon|gene|regulatory|transcript	9
chr18	36129924	36129933	ENSG00000134759.14	UTR|exon|gene|regulatory|transcript	9
chr18	50560132	50560141	ENSG00000141639.12	UTR|exon|gene|regulatory|transcript	9
chr18	3451762	3451771	ENSG00000177426.22	UTR|exon|gene|regulatory|transcript	9
chr18	36829002	36829011	ENSG00000134779.15	UTR|exon|gene|regulatory|transcript	9
chr18	79400321	79400330	ENSG00000131196.18	UTR|exon|gene|regulatory|transcript	9
chr18	12308252	12308261	ENSG00000176014.13	UTR|exon|gene|regulatory|transcript	9
chr18	712615	712624	ENSG00000132199.20	UTR|exon|gene|regulatory|transcript	9
chr18	2572976	2572985	ENSG00000080986.13	UTR|exon|gene|regulatory|transcript	9
chr18	76980291	76980300	ENSG00000197971.16|ENSG00000266844.1	UTR|exon|gene|regulatory|transcript	9
chr18	9475571	9475580	ENSG00000017797.13	UTR|exon|gene|regulatory|repeat|transcript	9
chr18	9103091	9103100	ENSG00000178127.13|ENSG00000265257.5	CDS|UTR|exon|gene|regulatory|transcript	9
chr18	63661884	63661893	ENSG00000057149.16|ENSG00000206072.13	UTR|exon|gene|regulatory|transcript	9
chr18	63158229	63158238	ENSG00000171791.14	UTR|exon|gene|regulatory|transcript	9
chr18	34794176	34794185	ENSG00000134769.23	CDS|UTR|exon|gene|regulatory|transcript	9
chr18	43115676	43115685	ENSG00000152214.14	UTR|exon|gene|regulatory|transcript	9
chr18	58863603	58863612	ENSG00000074657.14	UTR|exon|gene|regulatory|transcript	9
chr18	59139874	59139883	ENSG00000166562.9	UTR|exon|gene|regulatory|transcript	9
chr18	6729945	6729954	ENSG00000088756.13	UTR|exon|gene|regulatory|transcript	9
chr18	59139865	59139874	ENSG00000166562.9	UTR|exon|gene|regulatory|transcript	9
chr18	79951629	79951638	ENSG00000122490.19	UTR|exon|gene|regulatory|transcript	9
chr18	214009	214018	ENSG00000101557.15	UTR|exon|gene|regulatory|transcript	9
chr18	34818381	34818390	ENSG00000134769.23	UTR|exon|gene|regulatory|transcript	9
chr18	77017086	77017095	ENSG00000197971.16	CDS|UTR|exon|gene|regulatory|transcript	9
chr18	9136795	9136804	ENSG00000101745.17|ENSG00000265257.5	UTR|exon|gene|regulatory|transcript	9
chr18	35041403	35041412	ENSG00000166974.13	UTR|exon|gene|regulatory|transcript	9
chr18	46917333	46917342	ENSG00000078043.16	CDS|UTR|exon|gene|regulatory|transcript	9
chr18	5540415	5540424	ENSG00000082397.18	UTR|exon|gene|regulatory|transcript	9
chr18	77017042	77017051	ENSG00000197971.16	CDS|UTR|exon|gene|regulatory|transcript	9
chr18	35972624	35972633	ENSG00000141428.17|ENSG00000278986.1	UTR|exon|gene|regulatory|transcript	9
chr18	35480554	35480563	ENSG00000153391.16|ENSG00000267140.1	CDS|UTR|exon|gene|regulatory|transcript	9
chr18	58045656	58045665	ENSG00000049759.20	UTR|exon|gene|regulatory|transcript	9
chr18	76978851	76978860	ENSG00000197971.16|ENSG00000266844.1	UTR|exon|gene|regulatory|transcript	9
chr18	74147834	74147843	ENSG00000141665.13	UTR|exon|gene|regulatory|transcript	9
chr18	74508865	74508874	ENSG00000133313.15	CDS|UTR|exon|gene|regulatory|transcript	9
chr18	45639745	45639753	ENSG00000132874.15	UTR|exon|gene|regulatory|transcript	8
chr18	74508920	74508928	ENSG00000133313.15	CDS|UTR|exon|gene|regulatory|transcript	8
chr18	55275744	55275752	ENSG00000196628.20	CDS|UTR|exon|gene|regulatory|transcript	8
chr18	34866865	34866873	ENSG00000134769.23	UTR|exon|gene|regulatory|transcript	8
chr18	9102735	9102743	ENSG00000178127.13|ENSG00000265257.5	UTR|exon|gene|regulatory|transcript	8
chr18	13218778	13218786	ENSG00000168675.19	UTR|exon|gene|regulatory|transcript	8
chr18	23437913	23437921	ENSG00000134490.14	UTR|exon|gene|regulatory|transcript	8
chr18	45984861	45984869	ENSG00000152229.18	UTR|exon|gene|regulatory|transcript	8
chr18	65750765	65750773	ENSG00000081138.14	UTR|exon|gene|regulatory|transcript	8
chr18	2571556	2571564	ENSG00000080986.13	UTR|exon|gene|regulatory|transcript	8
chr18	76980336	76980344	ENSG00000197971.16|ENSG00000266844.1	UTR|exon|gene|regulatory|transcript	8
chr18	36829130	36829138	ENSG00000134779.15|ENSG00000150477.15	UTR|exon|gene|regulatory|transcript	8
chr18	63970170	63970178	ENSG00000166401.15|ENSG00000221887.6|ENSG00000283667.1	UTR|exon|gene|regulatory|repeat|transcript	8
chr18	49492457	49492465	ENSG00000215472.10|ENSG00000265681.8	UTR|exon|gene|regulatory|transcript	8
chr18	68715069	68715077	ENSG00000166479.10	UTR|exon|gene|regulatory|transcript	8
chr18	36025027	36025035	ENSG00000141425.18	UTR|exon|gene|regulatory|transcript	8
chr18	62187290	62187298	ENSG00000134444.15	UTR|exon|gene|regulatory|transcript	8
chr18	58045706	58045714	ENSG00000049759.20	UTR|exon|gene|regulatory|transcript	8
chr18	57621800	57621808	ENSG00000134440.12	UTR|exon|gene|regulatory|transcript	8
chr18	46334215	46334223	ENSG00000141622.14	UTR|exon|gene|regulatory|repeat|transcript	8
chr18	62187069	62187077	ENSG00000197563.11	UTR|exon|gene|regulatory|transcript	8
chr18	57621792	57621800	ENSG00000134440.12	UTR|exon|gene|regulatory|transcript	8
chr18	63313801	63313809	ENSG00000171791.14	UTR|exon|gene|regulatory|transcript	8
chr18	31498243	31498251	ENSG00000046604.14	UTR|exon|gene|regulatory|repeat|transcript	8
chr18	62187038	62187046	ENSG00000197563.11	UTR|exon|gene|regulatory|transcript	8
chr18	70060034	70060042	ENSG00000176225.15	CDS|UTR|exon|gene|regulatory|transcript	8
chr18	31498211	31498219	ENSG00000046604.14	UTR|exon|gene|regulatory|repeat|transcript	8
chr18	57803101	57803109	ENSG00000081923.15	UTR|exon|gene|regulatory|repeat|transcript	8
chr18	12656720	12656728	ENSG00000134278.16	UTR|exon|gene|regulatory|transcript	8
chr18	2916998	2917006	ENSG00000101577.11	UTR|exon|gene|regulatory|transcript	8
chr18	12702777	12702785	ENSG00000128789.22	UTR|exon|gene|regulatory|transcript	8
chr18	35290221	35290229	ENSG00000186814.15	UTR|exon|gene|regulatory|transcript	8
chr18	9614505	9614513	ENSG00000154845.16	UTR|exon|gene|regulatory|transcript	8
chr18	2571148	2571156	ENSG00000101574.15	UTR|exon|gene|regulatory|transcript	8
chr18	23503534	23503542	ENSG00000141452.11	UTR|exon|gene|regulatory|repeat|transcript	8
chr18	35497874	35497882	ENSG00000153391.16|ENSG00000267140.1|ENSG00000289891.1	UTR|exon|gene|regulatory|transcript	8
chr18	23135545	23135553	ENSG00000134508.13	UTR|exon|gene|regulatory|repeat|transcript	8
chr18	74508857	74508865	ENSG00000133313.15	CDS|UTR|exon|gene|regulatory|transcript	8
chr18	33743581	33743589	ENSG00000141431.14	CDS|UTR|exon|gene|regulatory|transcript	8
chr18	79400383	79400391	ENSG00000131196.18	UTR|exon|gene|regulatory|transcript	8
chr18	55401757	55401765	ENSG00000196628.20	UTR|exon|gene|regulatory|transcript	8
chr18	79253541	79253549	ENSG00000166377.21	UTR|exon|gene|regulatory|transcript	8
chr18	23194503	23194511	ENSG00000134508.13	CDS|UTR|exon|gene|regulatory|transcript	8
chr18	74499928	74499936	ENSG00000133313.15	UTR|exon|gene|regulatory|transcript	8
chr18	55275618	55275626	ENSG00000196628.20	CDS|UTR|exon|gene|regulatory|transcript	8
chr18	55321517	55321524	ENSG00000196628.20	UTR|exon|gene|regulatory|transcript	7
chr18	616757	616764	ENSG00000079101.18	UTR|exon|gene|regulatory|transcript	7
chr18	27185301	27185308	ENSG00000154080.14|ENSG00000260372.7	UTR|exon|gene|regulatory|transcript	7
chr18	11752883	11752890	ENSG00000141404.17	CDS|UTR|exon|gene|regulatory|transcript	7
chr18	11908308	11908315	ENSG00000154889.17	UTR|exon|gene|regulatory|transcript	7
chr18	11908301	11908308	ENSG00000154889.17	UTR|exon|gene|regulatory|transcript	7
chr18	77017261	77017268	ENSG00000197971.16	CDS|UTR|exon|gene|regulatory|transcript	7
chr18	54269584	54269591	ENSG00000101751.11|ENSG00000277324.1	CDS|UTR|exon|gene|regulatory|repeat|transcript	7
chr18	26657394	26657401	ENSG00000134504.14|ENSG00000260372.7	UTR|exon|gene|regulatory|transcript	7
chr18	68715058	68715065	ENSG00000166479.10	UTR|exon|gene|regulatory|transcript	7
chr18	36025366	36025373	ENSG00000141425.18	UTR|exon|gene|regulatory|transcript	7
chr18	5543312	5543319	ENSG00000082397.18	UTR|exon|gene|regulatory|transcript	7
chr18	62186968	62186975	ENSG00000197563.11	UTR|exon|gene|regulatory|transcript	7
chr18	32091883	32091890	ENSG00000134758.14|ENSG00000263917.1|ENSG00000265008.1	UTR|exon|gene|regulatory|transcript	7
chr18	79069396	79069403	ENSG00000166377.21	UTR|exon|gene|regulatory|repeat|transcript	7
chr18	55589839	55589846	ENSG00000196628.20	UTR|exon|gene|regulatory|transcript	7
chr18	23437932	23437939	ENSG00000134490.14	UTR|exon|gene|regulatory|repeat|transcript	7
chr18	35344668	35344675	ENSG00000172466.16	UTR|exon|gene|regulatory|repeat|transcript	7
chr18	33578620	33578627	ENSG00000141431.14	UTR|exon|gene|regulatory|transcript	7
chr18	23437939	23437946	ENSG00000134490.14	UTR|exon|gene|regulatory|repeat|transcript	7
chr18	23437946	23437953	ENSG00000134490.14	UTR|exon|gene|regulatory|repeat|transcript	7
chr18	21704767	21704774	ENSG00000158201.10	UTR|exon|gene|regulatory|transcript	7
chr18	45750008	45750015	ENSG00000141469.18	UTR|exon|gene|regulatory|transcript	7
chr18	63128617	63128624	ENSG00000171791.14	UTR|exon|gene|regulatory|transcript	7
chr18	911389	911396	ENSG00000141433.13	UTR|exon|gene|regulatory|transcript	7
chr18	34493290	34493297	ENSG00000134769.23	UTR|exon|gene|regulatory|repeat|transcript	7
chr18	12030868	12030875	ENSG00000141401.12	UTR|exon|gene|regulatory|transcript	7
chr18	34593357	34593364	ENSG00000134769.23	UTR|exon|gene|regulatory|transcript	7
chr18	49491833	49491840	ENSG00000215472.10|ENSG00000265496.5|ENSG00000265681.8	UTR|exon|gene|regulatory|transcript	7
chr18	57621785	57621792	ENSG00000134440.12	UTR|exon|gene|regulatory|transcript	7
chr18	74520068	74520075	ENSG00000133313.15	UTR|exon|gene|regulatory|transcript	7
chr18	63318666	63318673	ENSG00000171791.14	UTR|exon|gene|regulatory|transcript	7
chr18	12308233	12308240	ENSG00000176014.13	UTR|exon|gene|regulatory|transcript	7
chr18	3874267	3874274	ENSG00000170579.19	UTR|exon|gene|regulatory|repeat|transcript	7
chr18	911396	911403	ENSG00000141433.13	UTR|exon|gene|regulatory|repeat|transcript	7
chr18	36179988	36179995	ENSG00000134759.14	UTR|exon|gene|regulatory|repeat|transcript	7
chr18	32470448	32470455	ENSG00000141441.16|ENSG00000285095.2	UTR|exon|gene|regulatory|repeat|transcript	7
chr18	55586920	55586927	ENSG00000196628.20	UTR|exon|gene|regulatory|transcript	7
chr18	63979800	63979807	ENSG00000166401.15|ENSG00000221887.6	UTR|exon|gene|regulatory|transcript	7
chr18	9758144	9758151	ENSG00000168461.13	UTR|exon|gene|regulatory|repeat|transcript	7
chr18	12377082	12377089	ENSG00000141385.12	UTR|exon|gene|regulatory|transcript	7
chr18	58195429	58195436	ENSG00000049759.20|ENSG00000267743.5	UTR|exon|gene|regulatory|transcript	7
chr18	56651121	56651128	ENSG00000091164.13	UTR|exon|gene|regulatory|transcript	7
chr18	56651593	56651600	ENSG00000091157.15|ENSG00000091164.13	UTR|exon|gene|regulatory|transcript	7
chr18	12884215	12884222	ENSG00000175354.20	UTR|exon|gene|regulatory|repeat|transcript	7
chr18	46104227	46104233	ENSG00000152234.16	UTR|exon|gene|regulatory|transcript	6
chr18	13726586	13726592	ENSG00000177150.13	UTR|exon|gene|regulatory|transcript	6
chr18	79951623	79951629	ENSG00000122490.19	UTR|exon|gene|regulatory|transcript	6
chr18	58864887	58864893	ENSG00000074657.14	UTR|exon|gene|regulatory|transcript	6
chr18	77132763	77132769	ENSG00000197971.16	UTR|exon|gene|regulatory|repeat|transcript	6
chr18	9334766	9334772	ENSG00000128791.12	UTR|exon|gene|regulatory|transcript	6
chr18	46334112	46334118	ENSG00000141622.14	UTR|exon|gene|regulatory|transcript	6
chr18	46098279	46098285	ENSG00000152234.16	UTR|exon|gene|regulatory|transcript	6
chr18	11852582	11852588	ENSG00000141404.17|ENSG00000255112.3|ENSG00000267165.1	UTR|exon|gene|regulatory|repeat|transcript	6
chr18	9477215	9477221	ENSG00000017797.13	UTR|exon|gene|regulatory|transcript	6
chr18	46334223	46334229	ENSG00000141622.14	UTR|exon|gene|regulatory|repeat|transcript	6
chr18	34493297	34493303	ENSG00000134769.23	UTR|exon|gene|regulatory|transcript	6
chr18	45750002	45750008	ENSG00000141469.18	UTR|exon|gene|regulatory|transcript	6
chr18	13726666	13726672	ENSG00000101654.18	UTR|exon|gene|regulatory|transcript	6
chr18	55588619	55588625	ENSG00000196628.20	UTR|exon|gene|regulatory|transcript	6
chr18	69401238	69401244	ENSG00000206052.11	UTR|exon|gene|regulatory|transcript	6
chr18	36177999	36178005	ENSG00000134759.14	UTR|exon|gene|regulatory|repeat|transcript	6
chr18	3449650	3449656	ENSG00000177426.22	UTR|exon|gene|regulatory|transcript	6
chr18	76978826	76978832	ENSG00000197971.16|ENSG00000266844.1	UTR|exon|gene|regulatory|transcript	6
chr18	23529292	23529298	ENSG00000141452.11|ENSG00000141458.13	UTR|exon|gene|regulatory|transcript	6
chr18	9708300	9708306	ENSG00000168461.13	UTR|exon|gene|regulatory|repeat|transcript	6
chr18	712587	712593	ENSG00000132199.20	UTR|exon|gene|regulatory|transcript	6
chr18	12308246	12308252	ENSG00000176014.13	UTR|exon|gene|regulatory|transcript	6
chr18	57586693	57586699	ENSG00000066926.13	UTR|exon|gene|regulatory|transcript	6
chr18	712624	712630	ENSG00000132199.20	UTR|exon|gene|regulatory|transcript	6
chr18	46917595	46917601	ENSG00000078043.16|ENSG00000167216.19	UTR|exon|gene|regulatory|transcript	6
chr18	3457574	3457580	ENSG00000177426.22	CDS|UTR|exon|gene|regulatory|transcript	6
chr18	23503512	23503518	ENSG00000141452.11	UTR|exon|gene|regulatory|repeat|transcript	6
chr18	25352149	25352155	ENSG00000198795.11	UTR|exon|gene|regulatory|transcript	6
chr18	33440012	33440018	ENSG00000166960.17	UTR|exon|gene|regulatory|transcript	6
chr18	75289944	75289950	ENSG00000179981.11	UTR|exon|gene|regulatory|transcript	6
chr18	11908295	11908301	ENSG00000154889.17	UTR|exon|gene|regulatory|transcript	6
chr18	12703052	12703058	ENSG00000128789.22	UTR|exon|gene|regulatory|transcript	6
chr18	51030212	51030218	ENSG00000141646.16|ENSG00000267699.2	UTR|exon|gene|regulatory|transcript	6
chr18	72867981	72867987	ENSG00000166342.19	UTR|exon|gene|regulatory|transcript	6
chr18	74147785	74147791	ENSG00000141665.13	UTR|exon|gene|regulatory|transcript	6
chr18	47150195	47150201	ENSG00000167220.12|ENSG00000267228.7	UTR|exon|gene|regulatory|transcript	6
chr18	58896434	58896440	ENSG00000074657.14	UTR|exon|gene|regulatory|repeat|transcript	6
chr18	58934432	58934438	ENSG00000074657.14	CDS|UTR|exon|gene|regulatory|transcript	6
chr18	74291957	74291963	ENSG00000166347.19	UTR|exon|gene|regulatory|transcript	6
chr18	59139892	59139898	ENSG00000166562.9	UTR|exon|gene|regulatory|transcript	6
chr18	46104405	46104411	ENSG00000152240.13	UTR|exon|gene|regulatory|transcript	6
chr18	63970181	63970187	ENSG00000166401.15|ENSG00000221887.6	UTR|exon|gene|regulatory|transcript	6
chr18	3874274	3874280	ENSG00000170579.19	UTR|exon|gene|regulatory|repeat|transcript	6
chr18	43115685	43115691	ENSG00000152214.14	UTR|exon|gene|regulatory|transcript	6
chr18	49368707	49368713	ENSG00000141627.14	UTR|exon|gene|regulatory|transcript	6
chr18	12419932	12419938	ENSG00000141391.14	UTR|exon|gene|regulatory|repeat|transcript	6
chr18	76980389	76980395	ENSG00000197971.16|ENSG00000266844.1	CDS|UTR|exon|gene|regulatory|transcript	6
chr18	49491729	49491735	ENSG00000215472.10|ENSG00000265496.5|ENSG00000265681.8	UTR|exon|gene|regulatory|transcript	6
chr18	41955255	41955261	ENSG00000078142.14	UTR|exon|gene|regulatory|transcript	6
chr18	76980344	76980350	ENSG00000197971.16|ENSG00000266844.1	UTR|exon|gene|regulatory|transcript	6
chr18	55403453	55403458	ENSG00000196628.20	UTR|exon|gene|regulatory|transcript	5
chr18	26549814	26549819	ENSG00000134504.14	UTR|exon|gene|regulatory|transcript	5
chr18	34493355	34493360	ENSG00000134769.23	UTR|exon|gene|regulatory|transcript	5
chr18	55275626	55275631	ENSG00000196628.20	CDS|UTR|exon|gene|regulatory|transcript	5
chr18	268022	268027	ENSG00000079134.13	UTR|exon|gene|regulatory|transcript	5
chr18	47930837	47930842	ENSG00000175387.16	UTR|exon|gene|regulatory|transcript	5
chr18	55322264	55322269	ENSG00000196628.20	UTR|exon|gene|regulatory|transcript	5
chr18	34888120	34888125	ENSG00000134769.23	UTR|exon|gene|regulatory|transcript	5
chr18	59139887	59139892	ENSG00000166562.9	UTR|exon|gene|regulatory|transcript	5
chr18	50968039	50968044	ENSG00000141642.9|ENSG00000267699.2	UTR|exon|gene|regulatory|transcript	5
chr18	47150493	47150498	ENSG00000167220.12|ENSG00000267228.7	UTR|exon|gene|regulatory|transcript	5
chr18	22933875	22933880	ENSG00000101773.19	UTR|exon|gene|regulatory|transcript	5
chr18	23135479	23135484	ENSG00000134508.13	UTR|exon|gene|regulatory|repeat|transcript	5
chr18	36179995	36180000	ENSG00000134759.14|ENSG00000260552.3	UTR|exon|gene|regulatory|repeat|transcript	5
chr18	74291930	74291935	ENSG00000166347.19	UTR|exon|gene|regulatory|transcript	5
chr18	35041534	35041539	ENSG00000166974.13	UTR|exon|gene|regulatory|transcript	5
chr18	46917921	46917926	ENSG00000078043.16|ENSG00000167216.19	UTR|exon|gene|regulatory|transcript	5
chr18	50879160	50879165	ENSG00000082212.13	UTR|exon|gene|regulatory|transcript	5
chr18	13465019	13465024	ENSG00000168675.19|ENSG00000267694.1	UTR|exon|gene|regulatory|transcript	5
chr18	13465014	13465019	ENSG00000168675.19|ENSG00000267694.1	UTR|exon|gene|regulatory|transcript	5
chr18	2982809	2982814	ENSG00000101577.11|ENSG00000266397.1	UTR|exon|gene|regulatory|transcript	5
chr18	35497935	35497940	ENSG00000153391.16|ENSG00000267140.1|ENSG00000289891.1	UTR|exon|gene|regulatory|transcript	5
chr18	47931141	47931146	ENSG00000175387.16	UTR|exon|gene|regulatory|transcript	5
chr18	46335887	46335892	ENSG00000141622.14	CDS|UTR|exon|gene|regulatory|transcript	5
chr18	46917345	46917350	ENSG00000078043.16	UTR|exon|gene|regulatory|transcript	5
chr18	3450035	3450040	ENSG00000177426.22	UTR|exon|gene|regulatory|transcript	5
chr18	3450171	3450176	ENSG00000177426.22	UTR|exon|gene|regulatory|transcript	5
chr18	12703017	12703022	ENSG00000128789.22	UTR|exon|gene|regulatory|transcript	5
chr18	50879165	50879170	ENSG00000082212.13	UTR|exon|gene|regulatory|transcript	5
chr18	911435	911440	ENSG00000141433.13	UTR|exon|gene|regulatory|repeat|transcript	5
chr18	49461175	49461180	ENSG00000141627.14	UTR|exon|gene|regulatory|transcript	5
chr18	56962429	56962434	ENSG00000091157.15	UTR|exon|gene|regulatory|transcript	5
chr18	42086362	42086367	ENSG00000078142.14	UTR|exon|gene|regulatory|transcript	5
chr18	62186993	62186998	ENSG00000197563.11	UTR|exon|gene|regulatory|transcript	5
chr18	50281769	50281774	ENSG00000141644.19	UTR|exon|gene|regulatory|transcript	5
chr18	63970113	63970118	ENSG00000166401.15|ENSG00000221887.6|ENSG00000283667.1	UTR|exon|gene|regulatory|transcript	5
chr18	63970118	63970123	ENSG00000166401.15|ENSG00000221887.6|ENSG00000283667.1	UTR|exon|gene|regulatory|transcript	5
chr18	37266593	37266598	ENSG00000101489.20	CDS|UTR|exon|gene|regulatory|transcript	5
chr18	23352284	23352289	ENSG00000134490.14	CDS|UTR|exon|gene|regulatory|transcript	5
chr18	905108	905113	ENSG00000141433.13|ENSG00000265179.9|ENSG00000265671.1	UTR|exon|gene|regulatory|transcript	5
chr18	2916993	2916998	ENSG00000101577.11	UTR|exon|gene|regulatory|transcript	5
chr18	76982058	76982063	ENSG00000197971.16|ENSG00000266844.1	UTR|exon|gene|regulatory|transcript	5
chr18	58044225	58044230	ENSG00000049759.20	UTR|exon|gene|regulatory|repeat|transcript	5
chr18	46104379	46104384	ENSG00000152240.13	UTR|exon|gene|regulatory|transcript	5
chr18	31830984	31830989	ENSG00000153339.15	CDS|UTR|exon|gene|regulatory|transcript	5
chr18	46334027	46334032	ENSG00000141622.14	UTR|exon|gene|regulatory|repeat|transcript	5
chr18	76982177	76982182	ENSG00000197971.16|ENSG00000266844.1	UTR|exon|gene|regulatory|repeat|transcript	5
chr18	34593364	34593369	ENSG00000134769.23	UTR|exon|gene|regulatory|transcript	5
chr18	26133868	26133873	ENSG00000154611.15	UTR|exon|gene|regulatory|transcript	5
chr18	13615462	13615467	ENSG00000168675.19	UTR|exon|gene|regulatory|transcript	5
chr18	9559541	9559546	ENSG00000154845.16	UTR|exon|gene|regulatory|transcript	5
chr18	24139062	24139067	ENSG00000154040.21	UTR|exon|gene|regulatory|transcript	5
chr18	13825579	13825584	ENSG00000176136.6	UTR|exon|gene|regulatory|transcript	5
chr18	79930306	79930311	ENSG00000122490.19	CDS|UTR|exon|gene|regulatory|repeat|transcript	5
chr18	34866861	34866865	ENSG00000134769.23	UTR|exon|gene|regulatory|transcript	4
chr18	79988537	79988541	ENSG00000141759.15	UTR|exon|gene|regulatory|transcript	4
chr18	9134341	9134345	ENSG00000178127.13|ENSG00000265257.5|ENSG00000266053.3	UTR|exon|gene|regulatory|transcript	4
chr18	54269566	54269570	ENSG00000101751.11|ENSG00000277324.1	CDS|UTR|exon|gene|regulatory|transcript	4
chr18	9614270	9614274	ENSG00000154845.16	UTR|exon|gene|regulatory|transcript	4
chr18	79951653	79951657	ENSG00000122490.19	UTR|exon|gene|regulatory|transcript	4
chr18	74508839	74508843	ENSG00000133313.15	CDS|UTR|exon|gene|regulatory|transcript	4
chr18	12884277	12884281	ENSG00000175354.20	UTR|exon|gene|regulatory|transcript	4
chr18	54270028	54270032	ENSG00000101751.11	UTR|exon|gene|regulatory|transcript	4
chr18	59139883	59139887	ENSG00000166562.9	UTR|exon|gene|regulatory|transcript	4
chr18	33578627	33578631	ENSG00000141431.14	UTR|exon|gene|regulatory|transcript	4
chr18	12656732	12656736	ENSG00000134278.16	UTR|exon|gene|regulatory|transcript	4
chr18	55401499	55401503	ENSG00000196628.20	UTR|exon|gene|regulatory|transcript	4
chr18	51195016	51195020	ENSG00000176624.12	UTR|exon|gene|regulatory|repeat|transcript	4
chr18	13612064	13612068	ENSG00000168675.19	UTR|exon|gene|regulatory|transcript	4
chr18	12656728	12656732	ENSG00000134278.16	UTR|exon|gene|regulatory|transcript	4
chr18	74501393	74501397	ENSG00000133313.15	CDS|UTR|exon|gene|regulatory|transcript	4
chr18	74499936	74499940	ENSG00000133313.15	UTR|exon|gene|regulatory|transcript	4
chr18	34977050	34977054	ENSG00000166974.13	UTR|exon|gene|regulatory|transcript	4
chr18	59697576	59697580	ENSG00000183287.15|ENSG00000267774.2	UTR|exon|gene|regulatory|transcript	4
chr18	46917679	46917683	ENSG00000078043.16|ENSG00000167216.19	UTR|exon|gene|regulatory|transcript	4
chr18	58149332	58149336	ENSG00000049759.20	UTR|exon|gene|regulatory|transcript	4
chr18	46104401	46104405	ENSG00000152240.13	UTR|exon|gene|regulatory|transcript	4
chr18	46104395	46104399	ENSG00000152240.13	UTR|exon|gene|regulatory|transcript	4
chr18	6729715	6729719	ENSG00000088756.13|ENSG00000266441.1	UTR|exon|gene|regulatory|transcript	4
chr18	48375586	48375590	ENSG00000184828.10	UTR|exon|gene|regulatory|transcript	4
chr18	48165253	48165257	ENSG00000184828.10|ENSG00000286583.1	UTR|exon|gene|regulatory|transcript	4
chr18	23437955	23437959	ENSG00000134490.14	UTR|exon|gene|regulatory|transcript	4
chr18	50879156	50879160	ENSG00000082212.13	UTR|exon|gene|regulatory|transcript	4
chr18	35241050	35241054	ENSG00000186812.13	UTR|exon|gene|regulatory|transcript	4
chr18	35290197	35290201	ENSG00000186814.15|ENSG00000268573.1	UTR|exon|gene|regulatory|transcript	4
chr18	24426646	24426650	ENSG00000154059.11	UTR|exon|gene|regulatory|transcript	4
chr18	46756932	46756936	ENSG00000101638.14|ENSG00000270112.5	UTR|exon|gene|regulatory|transcript	4
chr18	775206	775210	ENSG00000176105.14	UTR|exon|gene|regulatory|transcript	4
chr18	77017065	77017069	ENSG00000197971.16	CDS|UTR|exon|gene|regulatory|transcript	4
chr18	50825380	50825384	ENSG00000134042.14	UTR|exon|gene|regulatory|transcript	4
chr18	55585968	55585972	ENSG00000196628.20	UTR|exon|gene|regulatory|transcript	4
chr18	712611	712615	ENSG00000132199.20	UTR|exon|gene|regulatory|transcript	4
chr18	51030208	51030212	ENSG00000141646.16|ENSG00000267699.2	UTR|exon|gene|regulatory|transcript	4
chr18	58671464	58671468	ENSG00000172175.16|ENSG00000267226.2	UTR|exon|gene|regulatory|transcript	4
chr18	812383	812387	ENSG00000176105.14	UTR|exon|gene|regulatory|transcript	4
chr18	50968018	50968022	ENSG00000141642.9|ENSG00000267699.2	UTR|exon|gene|regulatory|transcript	4
chr18	36129919	36129923	ENSG00000134759.14	UTR|exon|gene|regulatory|transcript	4
chr18	13382665	13382669	ENSG00000168675.19	UTR|exon|gene|regulatory|transcript	4
chr18	12653061	12653065	ENSG00000134278.16	UTR|exon|gene|regulatory|transcript	4
chr18	36129381	36129385	ENSG00000141424.13	UTR|exon|gene|regulatory|transcript	4
chr18	3451771	3451775	ENSG00000177426.22	UTR|exon|gene|regulatory|transcript	4
chr18	68715065	68715069	ENSG00000166479.10	UTR|exon|gene|regulatory|transcript	4
chr18	55588625	55588629	ENSG00000196628.20	UTR|exon|gene|regulatory|transcript	4
chr18	55588239	55588243	ENSG00000196628.20	UTR|exon|gene|regulatory|repeat|transcript	4
chr18	26057698	26057702	ENSG00000141380.14	CDS|UTR|exon|gene|regulatory|transcript	4
chr18	26057694	26057698	ENSG00000141380.14	CDS|UTR|exon|gene|regulatory|transcript	4
chr18	79396220	79396224	ENSG00000131196.18	UTR|exon|gene|regulatory|transcript	4
chr18	23453291	23453295	ENSG00000101782.15	UTR|exon|gene|regulatory|transcript	4
chr18	23453287	23453291	ENSG00000101782.15	UTR|exon|gene|regulatory|transcript	4
chr18	77017051	77017055	ENSG00000197971.16	CDS|UTR|exon|gene|regulatory|transcript	4
chr18	9102694	9102698	ENSG00000178127.13	UTR|exon|gene|regulatory|transcript	4
chr18	49813816	49813820	ENSG00000167315.18|ENSG00000266997.2	CDS|UTR|exon|gene|regulatory|transcript	4
chr18	24139057	24139061	ENSG00000154040.21	UTR|exon|gene|regulatory|transcript	4
chr18	2571505	2571509	ENSG00000101574.15	UTR|exon|gene|regulatory|transcript	4
chr18	56638926	56638930	ENSG00000091164.13	UTR|exon|gene|regulatory|transcript	4
chr18	50392247	50392251	ENSG00000154839.10	UTR|exon|gene|regulatory|transcript	4
chr18	13726659	13726663	ENSG00000101654.18|ENSG00000177150.13	UTR|exon|gene|regulatory|transcript	4
chr18	3457940	3457944	ENSG00000177426.22	UTR|exon|gene|regulatory|transcript	4
chr18	26090096	26090100	ENSG00000141380.14	UTR|exon|gene|regulatory|transcript	4
chr18	31102503	31102507	ENSG00000134755.18|ENSG00000265888.4	UTR|exon|gene|regulatory|repeat|transcript	4
chr18	62187049	62187053	ENSG00000197563.11	UTR|exon|gene|regulatory|transcript	4
chr18	62187024	62187028	ENSG00000197563.11	UTR|exon|gene|regulatory|transcript	4
chr18	62186989	62186993	ENSG00000197563.11	UTR|exon|gene|regulatory|transcript	4
chr18	58045684	58045688	ENSG00000049759.20	CDS|UTR|exon|gene|regulatory|transcript	4
chr18	13612624	13612628	ENSG00000168675.19	UTR|exon|gene|regulatory|transcript	4
chr18	13612618	13612622	ENSG00000168675.19	UTR|exon|gene|regulatory|transcript	4
chr18	79986734	79986738	ENSG00000141759.15	UTR|exon|gene|regulatory|transcript	4
chr18	54828476	54828480	ENSG00000041353.10	UTR|exon|gene|regulatory|transcript	4
chr18	80034384	80034388	ENSG00000267127.7	UTR|exon|gene|regulatory|transcript	4
chr18	158556	158560	ENSG00000101557.15	UTR|exon|gene|regulatory|transcript	4
chr18	596997	597001	ENSG00000079101.18	UTR|exon|gene|regulatory|transcript	4
chr18	3247906	3247909	ENSG00000101608.13	UTR|exon|gene|regulatory|transcript	3
chr18	13644710	13644713	ENSG00000168675.19	UTR|exon|gene|regulatory|repeat|stop_codon|transcript	3
chr18	34710293	34710296	ENSG00000134769.23	UTR|exon|gene|regulatory|transcript	3
chr18	34794173	34794176	ENSG00000134769.23	CDS|UTR|exon|gene|regulatory|start_codon|transcript	3
chr18	74509171	74509174	ENSG00000133313.15	UTR|exon|gene|regulatory|stop_codon|transcript	3
chr18	74520065	74520068	ENSG00000133313.15	UTR|exon|gene|regulatory|stop_codon|transcript	3
chr18	74804066	74804069	ENSG00000215421.10	UTR|exon|gene|regulatory|stop_codon|transcript	3
chr18	74898060	74898063	ENSG00000215421.10	UTR|exon|gene|regulatory|stop_codon|transcript	3
chr18	74905312	74905315	ENSG00000215421.10	UTR|exon|gene|regulatory|stop_codon|transcript	3
chr18	3067261	3067264	ENSG00000101605.14	UTR|exon|gene|regulatory|stop_codon|transcript	3
chr18	34224910	34224913	ENSG00000101746.16	UTR|exon|gene|regulatory|transcript	3
chr18	9561979	9561982	ENSG00000154845.16	UTR|exon|gene|regulatory|transcript	3
chr18	9562072	9562075	ENSG00000154845.16	UTR|exon|gene|regulatory|transcript	3
chr18	23385038	23385041	ENSG00000134490.14	CDS|UTR|exon|gene|regulatory|stop_codon|transcript	3
chr18	6730072	6730075	ENSG00000088756.13	CDS|UTR|exon|gene|regulatory|start_codon|transcript	3
chr18	52816683	52816686	ENSG00000187323.13	UTR|exon|gene|regulatory|stop_codon|transcript	3
chr18	33852841	33852844	ENSG00000101746.16	UTR|exon|gene|regulatory|stop_codon|transcript	3
chr18	34121298	34121301	ENSG00000101746.16	UTR|exon|gene|regulatory|stop_codon|transcript	3
chr18	79930303	79930306	ENSG00000122490.19	UTR|exon|gene|regulatory|repeat|stop_codon|transcript	3
chr18	80069848	80069851	ENSG00000261126.7|ENSG00000267127.7	UTR|exon|gene|regulatory|stop_codon|transcript	3
chr18	268047	268050	ENSG00000079134.13	UTR|exon|gene|regulatory|transcript	3
chr18	80159770	80159773	ENSG00000178184.16|ENSG00000267270.8	UTR|exon|gene|regulatory|stop_codon|transcript	3
chr18	268019	268022	ENSG00000079134.13	UTR|exon|gene|regulatory|transcript	3
chr18	80069810	80069813	ENSG00000261126.7|ENSG00000267127.7	CDS|UTR|exon|gene|regulatory|stop_codon|transcript	3
chr18	24341629	24341632	ENSG00000141447.19	CDS|UTR|exon|gene|regulatory|stop_codon|transcript	3
chr18	9134276	9134279	ENSG00000178127.13|ENSG00000265257.5|ENSG00000266053.3	UTR|exon|gene|regulatory|stop_codon|transcript	3
chr18	9134292	9134295	ENSG00000178127.13|ENSG00000265257.5|ENSG00000266053.3	UTR|exon|gene|regulatory|transcript	3
chr18	23529686	23529689	ENSG00000141452.11|ENSG00000141458.13	UTR|exon|gene|regulatory|stop_codon|transcript	3
chr18	45063695	45063698	ENSG00000152217.20	UTR|exon|gene|regulatory|stop_codon|transcript	3
chr18	63366296	63366299	ENSG00000119537.18	UTR|exon|gene|regulatory|stop_codon|transcript	3
chr18	63367200	63367203	ENSG00000119537.18	UTR|exon|gene|regulatory|transcript	3
chr18	37259112	37259115	ENSG00000101489.20	UTR|exon|gene|regulatory|stop_codon|transcript	3
chr18	37266532	37266535	ENSG00000101489.20	UTR|exon|gene|regulatory|transcript	3
chr18	63603993	63603996	ENSG00000197641.12	UTR|exon|gene|regulatory|stop_codon|transcript	3
chr18	49562056	49562059	ENSG00000101670.12	UTR|exon|gene|regulatory|transcript	3
chr18	58045083	58045086	ENSG00000049759.20	UTR|exon|gene|regulatory|stop_codon|transcript	3
chr18	58045681	58045684	ENSG00000049759.20	CDS|UTR|exon|gene|regulatory|start_codon|transcript	3
chr18	62187046	62187049	ENSG00000197563.11	UTR|exon|gene|regulatory|transcript	3
chr18	62187053	62187056	ENSG00000197563.11	UTR|exon|gene|regulatory|transcript	3
chr18	10476339	10476342	ENSG00000154856.13	UTR|exon|gene|regulatory|stop_codon|transcript	3
chr18	46334478	46334481	ENSG00000141622.14	UTR|exon|gene|regulatory|stop_codon|transcript	3
chr18	11981669	11981672	ENSG00000141401.12	CDS|UTR|exon|gene|regulatory|start_codon|transcript	3
chr18	60371350	60371353	ENSG00000166603.5|ENSG00000285681.2	UTR|exon|gene|regulatory|stop_codon|transcript	3
chr18	57027204	57027207	ENSG00000091157.15	UTR|exon|gene|regulatory|stop_codon|transcript	3
chr18	50282592	50282595	ENSG00000154832.16	UTR|exon|gene|regulatory|stop_codon|transcript	3
chr18	50282684	50282687	ENSG00000154832.16	CDS|UTR|exon|gene|regulatory|stop_codon|transcript	3
chr18	79377380	79377383	ENSG00000166377.21	UTR|exon|gene|regulatory|stop_codon|transcript	3
chr18	76980386	76980389	ENSG00000197971.16|ENSG00000266844.1	UTR|exon|gene|regulatory|stop_codon|transcript	3
chr18	31598672	31598675	ENSG00000118271.12	UTR|exon|gene|regulatory|stop_codon|transcript	3
chr18	31830754	31830757	ENSG00000153339.15	UTR|exon|gene|regulatory|stop_codon|transcript	3
chr18	36829138	36829141	ENSG00000134779.15|ENSG00000150477.15	CDS|UTR|exon|gene|regulatory|start_codon|transcript	3
chr18	63970178	63970181	ENSG00000166401.15|ENSG00000221887.6|ENSG00000283667.1	UTR|exon|gene|regulatory|transcript	3
chr18	3457937	3457940	ENSG00000177426.22	UTR|exon|gene|regulatory|stop_codon|transcript	3
chr18	12407975	12407978	ENSG00000141391.14	CDS|UTR|exon|gene|regulatory|start_codon|transcript	3
chr18	36783041	36783044	ENSG00000134779.15	UTR|exon|gene|regulatory|stop_codon|transcript	3
chr18	36786821	36786824	ENSG00000134779.15	UTR|exon|gene|regulatory|stop_codon|transcript	3
chr18	36786943	36786946	ENSG00000134779.15	CDS|UTR|exon|gene|regulatory|stop_codon|transcript	3
chr18	13726663	13726666	ENSG00000101654.18	UTR|exon|gene|regulatory|transcript	3
chr18	9103100	9103103	ENSG00000178127.13|ENSG00000265257.5	UTR|exon|gene|regulatory|stop_codon|transcript	3
chr18	49477258	49477261	ENSG00000177576.12	UTR|exon|gene|regulatory|transcript	3
chr18	76988089	76988092	ENSG00000197971.16	UTR|exon|gene|regulatory|stop_codon|transcript	3
chr18	76990890	76990893	ENSG00000197971.16	UTR|exon|gene|regulatory|stop_codon|transcript	3
chr18	57586617	57586620	ENSG00000066926.13	CDS|UTR|exon|gene|regulatory|start_codon|transcript	3
chr18	57586690	57586693	ENSG00000066926.13	UTR|exon|gene|regulatory|transcript	3
chr18	12308292	12308295	ENSG00000176014.13	CDS|UTR|exon|gene|regulatory|start_codon|transcript	3
chr18	10488035	10488038	ENSG00000154856.13	UTR|exon|gene|regulatory|stop_codon|transcript	3
chr18	48921371	48921374	ENSG00000101665.10	UTR|exon|gene|regulatory|stop_codon|transcript	3
chr18	22200820	22200823	ENSG00000141448.11|ENSG00000266283.1	UTR|exon|gene|regulatory|stop_codon|transcript	3
chr18	49813820	49813823	ENSG00000167315.18|ENSG00000266997.2	CDS|UTR|exon|gene|regulatory|start_codon|transcript	3
chr18	50267587	50267590	ENSG00000141644.19	UTR|exon|gene|regulatory|repeat|stop_codon|transcript	3
chr18	50269628	50269631	ENSG00000141644.19	UTR|exon|gene|regulatory|repeat|stop_codon|transcript	3
chr18	50269675	50269678	ENSG00000141644.19	CDS|UTR|exon|gene|regulatory|repeat|stop_codon|transcript	3
chr18	9102860	9102863	ENSG00000178127.13|ENSG00000265257.5	UTR|exon|gene|regulatory|stop_codon|transcript	3
chr18	12308240	12308243	ENSG00000176014.13	UTR|exon|gene|regulatory|transcript	3
chr18	23529337	23529340	ENSG00000141452.11|ENSG00000141458.13	UTR|exon|gene|regulatory|stop_codon|transcript	3
chr18	77016813	77016816	ENSG00000197971.16	UTR|exon|gene|regulatory|stop_codon|transcript	3
chr18	79396224	79396227	ENSG00000131196.18	CDS|UTR|exon|gene|regulatory|start_codon|transcript	3
chr18	79400332	79400335	ENSG00000131196.18	UTR|exon|gene|regulatory|transcript	3
chr18	61554692	61554695	ENSG00000101542.10	UTR|exon|gene|regulatory|stop_codon|transcript	3
chr18	62017629	62017632	ENSG00000197563.11	UTR|exon|gene|regulatory|repeat|stop_codon|transcript	3
chr18	46917342	46917345	ENSG00000078043.16	CDS|UTR|exon|gene|regulatory|start_codon|transcript	3
chr18	12008357	12008360	ENSG00000141401.12	UTR|exon|gene|regulatory|stop_codon|transcript	3
chr18	48165126	48165129	ENSG00000184828.10|ENSG00000286583.1	UTR|exon|gene|regulatory|transcript	3
chr18	26454909	26454912	ENSG00000134504.14	UTR|exon|gene|regulatory|transcript	3
chr18	78997319	78997322	ENSG00000256463.10	UTR|exon|gene|regulatory|stop_codon|transcript	3
chr18	79069393	79069396	ENSG00000166377.21	UTR|exon|gene|regulatory|repeat|transcript	3
chr18	79069407	79069410	ENSG00000166377.21	UTR|exon|gene|regulatory|transcript	3
chr18	55589836	55589839	ENSG00000196628.20	UTR|exon|gene|regulatory|transcript	3
chr18	67510969	67510972	ENSG00000171451.15|ENSG00000263424.1	UTR|exon|gene|regulatory|stop_codon|transcript	3
chr18	55588150	55588153	ENSG00000196628.20	UTR|exon|gene|regulatory|transcript	3
chr18	55588532	55588535	ENSG00000196628.20	CDS|UTR|exon|gene|regulatory|start_codon|transcript	3
chr18	36067401	36067404	ENSG00000141425.18	CDS|UTR|exon|gene|regulatory|start_codon|transcript	3
chr18	68676932	68676935	ENSG00000166479.10	UTR|exon|gene|regulatory|stop_codon|transcript	3
chr18	36129890	36129893	ENSG00000134759.14	UTR|exon|gene|regulatory|transcript	3
chr18	36129894	36129897	ENSG00000134759.14	UTR|exon|gene|regulatory|transcript	3
chr18	36129916	36129919	ENSG00000134759.14	UTR|exon|gene|regulatory|transcript	3
chr18	36297713	36297716	ENSG00000134775.16	UTR|exon|gene|regulatory|transcript	3
chr18	12337180	12337183	ENSG00000141385.12|ENSG00000176014.13	UTR|exon|gene|regulatory|stop_codon|transcript	3
chr18	12367112	12367115	ENSG00000141385.12	CDS|UTR|exon|gene|regulatory|stop_codon|transcript	3
chr18	12407944	12407947	ENSG00000141391.14	UTR|exon|gene|regulatory|transcript	3
chr18	3457405	3457408	ENSG00000177426.22	CDS|UTR|exon|gene|regulatory|stop_codon|transcript	3
chr18	35487763	35487766	ENSG00000153391.16|ENSG00000267140.1	UTR|exon|gene|regulatory|repeat|stop_codon|transcript	3
chr18	3450321	3450324	ENSG00000177426.22	UTR|exon|gene|regulatory|transcript	3
chr18	35972728	35972731	ENSG00000141428.17|ENSG00000278986.1	CDS|UTR|exon|gene|regulatory|start_codon|transcript	3
chr18	70059913	70059916	ENSG00000176225.15	CDS|UTR|exon|gene|regulatory|stop_codon|transcript	3
chr18	32674656	32674659	ENSG00000197705.10|ENSG00000285095.2	UTR|exon|gene|regulatory|stop_codon|transcript	3
chr18	76968336	76968339	ENSG00000130856.18	UTR|exon|gene|regulatory|stop_codon|transcript	3
chr18	9792189	9792192	ENSG00000168461.13	CDS|UTR|exon|gene|regulatory|stop_codon|transcript	3
chr18	50375039	50375042	ENSG00000154839.10	UTR|exon|gene|regulatory|transcript	3
chr18	50375042	50375045	ENSG00000154839.10	UTR|exon|gene|regulatory|transcript	3
chr18	50375819	50375822	ENSG00000154839.10	UTR|exon|gene|regulatory|transcript	3
chr18	50392244	50392247	ENSG00000154839.10	UTR|exon|gene|regulatory|stop_codon|transcript	3
chr18	6859842	6859845	ENSG00000088756.13	CDS|UTR|exon|gene|regulatory|stop_codon|transcript	3
chr18	6868231	6868234	ENSG00000088756.13	UTR|exon|gene|regulatory|transcript	3
chr18	6942078	6942081	ENSG00000101680.16	UTR|exon|gene|regulatory|stop_codon|transcript	3
chr18	58481822	58481825	ENSG00000198796.7	UTR|exon|gene|regulatory|stop_codon|transcript	3
chr18	50986648	50986651	ENSG00000141642.9|ENSG00000267699.2	CDS|UTR|exon|gene|regulatory|stop_codon|transcript	3
chr18	50987082	50987085	ENSG00000141642.9|ENSG00000267699.2	UTR|exon|gene|regulatory|stop_codon|transcript	3
chr18	55585349	55585352	ENSG00000196628.20	UTR|exon|gene|regulatory|start_codon|transcript	3
chr18	55585908	55585911	ENSG00000196628.20	CDS|UTR|exon|gene|regulatory|transcript	3
chr18	55585911	55585914	ENSG00000196628.20	CDS|UTR|exon|gene|regulatory|start_codon|transcript	3
chr18	49492479	49492482	ENSG00000265681.8	UTR|exon|gene|regulatory|transcript	3
chr18	31857684	31857687	ENSG00000153339.15	CDS|UTR|exon|gene|regulatory|stop_codon|transcript	3
chr18	2885418	2885421	ENSG00000101577.11|ENSG00000132205.11	UTR|exon|gene|regulatory|stop_codon|transcript	3
chr18	909632	909635	ENSG00000141433.13	UTR|exon|gene|regulatory|stop_codon|transcript	3
chr18	3499184	3499187	ENSG00000170579.19	UTR|exon|gene|regulatory|stop_codon|transcript	3
chr18	45724180	45724183	ENSG00000141469.18|ENSG00000288545.1	UTR|exon|gene|regulatory|transcript	3
chr18	45749948	45749951	ENSG00000141469.18	UTR|exon|gene|regulatory|stop_codon|transcript	3
chr18	12277267	12277270	ENSG00000176194.18	UTR|exon|gene|regulatory|stop_codon|transcript	3
chr18	12308243	12308246	ENSG00000176014.13	UTR|exon|gene|regulatory|transcript	3
chr18	26133873	26133876	ENSG00000154611.15	UTR|exon|gene|regulatory|transcript	3
chr18	26192408	26192411	ENSG00000154611.15	UTR|exon|gene|regulatory|stop_codon|transcript	3
chr18	79373937	79373940	ENSG00000166377.21	CDS|UTR|exon|gene|regulatory|stop_codon|transcript	3
chr18	712584	712587	ENSG00000132199.20	CDS|UTR|exon|gene|regulatory|start_codon|transcript	3
chr18	712607	712610	ENSG00000132199.20	UTR|exon|gene|regulatory|transcript	3
chr18	24019920	24019923	ENSG00000168234.13	UTR|exon|gene|regulatory|stop_codon|transcript	3
chr18	55587085	55587088	ENSG00000196628.20	CDS|UTR|exon|gene|regulatory|stop_codon|transcript	3
chr18	55587113	55587116	ENSG00000196628.20	CDS|UTR|exon|gene|regulatory|start_codon|transcript	3
chr18	35480551	35480554	ENSG00000153391.16|ENSG00000267140.1	CDS|UTR|exon|gene|regulatory|start_codon|transcript	3
chr18	12420053	12420056	ENSG00000141391.14	CDS|UTR|exon|gene|regulatory|repeat|start_codon|transcript	3
chr18	35468610	35468613	ENSG00000153391.16|ENSG00000267140.1	UTR|exon|gene|regulatory|stop_codon|transcript	3
chr18	50797512	50797515	ENSG00000134042.14	UTR|exon|gene|regulatory|transcript	3
chr18	50820013	50820016	ENSG00000134042.14	UTR|exon|gene|regulatory|transcript	3
chr18	50820016	50820019	ENSG00000134042.14	UTR|exon|gene|regulatory|transcript	3
chr18	50968044	50968047	ENSG00000141642.9|ENSG00000267699.2	UTR|exon|gene|regulatory|transcript	3
chr18	79253397	79253400	ENSG00000166377.21	CDS|UTR|exon|gene|regulatory|stop_codon|transcript	3
chr18	26090610	26090613	ENSG00000141380.14	UTR|exon|gene|regulatory|transcript	3
chr18	48859556	48859559	ENSG00000134030.14	UTR|exon|gene|regulatory|stop_codon|transcript	3
chr18	46335892	46335895	ENSG00000141622.14	UTR|exon|gene|regulatory|stop_codon|transcript	3
chr18	77017055	77017058	ENSG00000197971.16	CDS|UTR|exon|gene|regulatory|transcript	3
chr18	77017058	77017061	ENSG00000197971.16	CDS|UTR|exon|gene|regulatory|transcript	3
chr18	77017062	77017065	ENSG00000197971.16	CDS|UTR|exon|gene|regulatory|transcript	3
chr18	47108681	47108684	ENSG00000167220.12|ENSG00000267228.7	UTR|exon|gene|regulatory|stop_codon|transcript	3
chr18	79400391	79400394	ENSG00000131196.18	CDS|UTR|exon|gene|regulatory|start_codon|transcript	3
chr18	79433703	79433706	ENSG00000131196.18	UTR|exon|gene|regulatory|stop_codon|transcript	3
chr18	79467492	79467495	ENSG00000131196.18	CDS|UTR|exon|gene|regulatory|stop_codon|transcript	3
chr18	51077317	51077320	ENSG00000141646.16	UTR|exon|gene|regulatory|repeat|stop_codon|transcript	3
chr18	74496358	74496361	ENSG00000133313.15	CDS|UTR|exon|gene|regulatory|transcript	3
chr18	35290229	35290232	ENSG00000186814.15	UTR|exon|gene|regulatory|transcript	3
chr18	35369214	35369217	ENSG00000186496.12	UTR|exon|gene|regulatory|stop_codon|transcript	3
chr18	74147067	74147070	ENSG00000141665.13	UTR|exon|gene|regulatory|stop_codon|transcript	3
chr18	74147831	74147834	ENSG00000141665.13	UTR|exon|gene|regulatory|transcript	3
chr18	35127114	35127117	ENSG00000166974.13	UTR|exon|gene|regulatory|stop_codon|transcript	3
chr18	33644924	33644927	ENSG00000141431.14	CDS|UTR|exon|gene|regulatory|start_codon|transcript	3
chr18	33440690	33440693	ENSG00000166960.17	UTR|exon|gene|regulatory|transcript	3
chr18	35267679	35267682	ENSG00000186814.15	UTR|exon|gene|regulatory|transcript	3
chr18	34978517	34978520	ENSG00000166974.13	CDS|UTR|exon|gene|regulatory|start_codon|transcript	3
chr18	35041539	35041542	ENSG00000166974.13	CDS|UTR|exon|gene|regulatory|start_codon|transcript	3
chr18	26057702	26057705	ENSG00000141380.14	CDS|UTR|exon|gene|regulatory|stop_codon|transcript	3
chr18	58221567	58221570	ENSG00000049759.20	UTR|exon|gene|regulatory|transcript	3
chr18	10715813	10715816	ENSG00000154864.14	UTR|exon|gene|regulatory|transcript	3
chr18	62979428	62979431	ENSG00000081913.14	UTR|exon|gene|regulatory|stop_codon|transcript	3
chr18	62385031	62385034	ENSG00000141655.18	UTR|exon|gene|regulatory|stop_codon|transcript	3
chr18	45750332	45750335	ENSG00000141469.18	UTR|exon|gene|regulatory|transcript	3
chr18	63128624	63128627	ENSG00000171791.14	UTR|exon|gene|regulatory|stop_codon|transcript	3
chr18	31830932	31830935	ENSG00000153339.15	CDS|UTR|exon|gene|regulatory|stop_codon|transcript	3
chr18	46072257	46072260	ENSG00000152229.18	UTR|exon|gene|regulatory|transcript	3
chr18	46098171	46098174	ENSG00000152234.16	CDS|UTR|exon|gene|regulatory|transcript	3
chr18	46098228	46098231	ENSG00000152234.16	CDS|UTR|exon|gene|regulatory|start_codon|transcript	3
chr18	46334274	46334277	ENSG00000141622.14	CDS|UTR|exon|gene|regulatory|start_codon|transcript	3
chr18	62187254	62187257	ENSG00000134444.15	UTR|exon|gene|regulatory|transcript	3
chr18	5400842	5400845	ENSG00000082397.18	UTR|exon|gene|regulatory|stop_codon|transcript	3
chr18	49460638	49460641	ENSG00000141627.14	UTR|exon|gene|regulatory|transcript	3
chr18	58054319	58054322	ENSG00000049759.20	UTR|exon|gene|regulatory|stop_codon|transcript	3
chr18	59269003	59269006	ENSG00000134438.10	UTR|exon|gene|regulatory|stop_codon|transcript	3
chr18	59269475	59269478	ENSG00000134438.10	CDS|UTR|exon|gene|regulatory|stop_codon|transcript	3
chr18	34794247	34794250	ENSG00000134769.23	CDS|UTR|exon|gene|regulatory|transcript	3
chr18	34884742	34884745	ENSG00000134769.23	UTR|exon|gene|regulatory|stop_codon|transcript	3
chr18	51076642	51076645	ENSG00000141646.16	CDS|UTR|exon|gene|regulatory|stop_codon|transcript	3
chr18	55403711	55403714	ENSG00000196628.20	CDS|UTR|exon|gene|regulatory|start_codon|transcript	3
chr18	23257364	23257367	ENSG00000134490.14|ENSG00000134508.13|ENSG00000266495.1	UTR|exon|gene|regulatory|stop_codon|transcript	3
chr18	22977883	22977886	ENSG00000101773.19	UTR|exon|gene|regulatory|repeat|stop_codon|transcript	3
chr18	55401765	55401768	ENSG00000196628.20	UTR|exon|gene|regulatory|stop_codon|transcript	3
chr18	12658042	12658045	ENSG00000128789.22|ENSG00000134278.16	UTR|exon|gene|regulatory|transcript	3
chr18	3255915	3255918	ENSG00000101608.13|ENSG00000264235.6	UTR|exon|gene|regulatory|stop_codon|transcript	3
chr18	12703022	12703025	ENSG00000128789.22	UTR|exon|gene|regulatory|transcript	3
chr18	12703104	12703107	ENSG00000128789.22	UTR|exon|gene|regulatory|transcript	3
chr18	12703107	12703110	ENSG00000128789.22	CDS|UTR|exon|gene|regulatory|start_codon|transcript	3
chr18	47150476	47150479	ENSG00000167220.12|ENSG00000267228.7	UTR|exon|gene|regulatory|transcript	3
chr18	46946872	46946875	ENSG00000167216.19	CDS|UTR|exon|gene|regulatory|start_codon|transcript	3
chr18	11885873	11885876	ENSG00000154889.17	UTR|exon|gene|regulatory|stop_codon|transcript	3
chr18	11908273	11908276	ENSG00000154889.17	UTR|exon|gene|regulatory|transcript	3
chr18	6031495	6031498	ENSG00000154655.16|ENSG00000266846.2	UTR|exon|gene|regulatory|transcript	3
chr18	47176277	47176280	ENSG00000134049.6|ENSG00000267228.7	UTR|exon|gene|regulatory|transcript	3
chr18	55275707	55275710	ENSG00000196628.20	CDS|UTR|exon|gene|regulatory|stop_codon|transcript	3
chr18	54269661	54269664	ENSG00000101751.11|ENSG00000277324.1	UTR|exon|gene|regulatory|transcript	3
chr18	79949708	79949711	ENSG00000122490.19	UTR|exon|gene|regulatory|stop_codon|transcript	3
chr18	12884335	12884338	ENSG00000175354.20	UTR|exon|gene|regulatory|repeat|transcript	3
chr18	45852466	45852469	ENSG00000152223.16	UTR|exon|gene|regulatory|stop_codon|transcript	3
chr18	12028085	12028088	ENSG00000141401.12	UTR|exon|gene|regulatory|stop_codon|transcript	3
chr18	13612800	13612803	ENSG00000168675.19	UTR|exon|gene|regulatory|stop_codon|transcript	3
chr18	9914062	9914065	ENSG00000101558.14	UTR|exon|gene|regulatory|transcript	3
chr18	8609436	8609439	ENSG00000206418.5	UTR|exon|gene|regulatory|transcript	3
chr18	57648487	57648490	ENSG00000081923.15|ENSG00000267040.8|ENSG00000267787.7	UTR|exon|gene|regulatory|stop_codon|transcript	3
chr18	12028119	12028122	ENSG00000141401.12	CDS|UTR|exon|gene|regulatory|start_codon|transcript	3
chr18	45842184	45842187	ENSG00000152223.16|ENSG00000197046.12	UTR|exon|gene|regulatory|stop_codon|transcript	3
chr18	21663757	21663760	ENSG00000158201.10	CDS|UTR|exon|gene|regulatory|start_codon|transcript	3
chr18	62524750	62524753	ENSG00000141664.10	UTR|exon|gene|regulatory|stop_codon|transcript	3
chr18	21683002	21683005	ENSG00000158201.10	UTR|exon|gene|regulatory|stop_codon|transcript	3
chr18	3277934	3277937	ENSG00000118680.14	UTR|exon|gene|regulatory|stop_codon|transcript	3
chr18	14132429	14132432	ENSG00000175322.12	UTR|exon|gene|regulatory|transcript	3
chr18	74508943	74508946	ENSG00000133313.15	UTR|exon|gene|regulatory|stop_codon|transcript	3
chr18	34593334	34593337	ENSG00000134769.23	UTR|exon|gene|regulatory|transcript	3
chr18	9595073	9595076	ENSG00000154845.16	CDS|UTR|exon|gene|regulatory|start_codon|transcript	3
chr18	11852108	11852111	ENSG00000141404.17|ENSG00000255112.3|ENSG00000267165.1	UTR|exon|gene|regulatory|stop_codon|transcript	3
chr18	27185298	27185301	ENSG00000154080.14|ENSG00000260372.7	UTR|exon|gene|regulatory|repeat|transcript	3
chr18	12948010	12948013	ENSG00000085415.16	UTR|exon|gene|regulatory|transcript	3
chr18	905037	905040	ENSG00000141433.13|ENSG00000265179.9|ENSG00000265671.1	UTR|exon|gene|regulatory|transcript	3
chr18	23385033	23385036	ENSG00000134490.14	CDS|UTR|exon|gene|regulatory|stop_codon|transcript	3
chr18	51196411	51196414	ENSG00000176624.12	UTR|exon|gene|regulatory|stop_codon|transcript	3
chr18	9396608	9396611	ENSG00000128791.12	UTR|exon|gene|regulatory|stop_codon|transcript	3
chr18	34493313	34493316	ENSG00000134769.23	UTR|exon|gene|regulatory|transcript	3
chr18	79986738	79986741	ENSG00000141759.15	UTR|exon|gene|regulatory|stop_codon|transcript	3
chr18	80033891	80033894	ENSG00000141759.15	UTR|exon|gene|regulatory|transcript	3
chr18	55275659	55275661	ENSG00000196628.20	CDS|UTR|exon|gene|regulatory|transcript	2
chr18	54271359	54271361	ENSG00000101751.11	CDS|UTR|exon|gene|regulatory|transcript	2
chr18	3412853	3412855	ENSG00000177426.22	UTR|exon|gene|regulatory|repeat|transcript	2
chr18	13726558	13726560	ENSG00000177150.13	UTR|exon|gene|regulatory|transcript	2
chr18	14132432	14132434	ENSG00000175322.12	UTR|exon|gene|regulatory|transcript	2
chr18	70205659	70205661	ENSG00000176225.15	UTR|exon|gene|regulatory|transcript	2
chr18	35497933	35497935	ENSG00000153391.16|ENSG00000267140.1|ENSG00000289891.1	UTR|exon|gene|regulatory|transcript	2
chr18	35487661	35487663	ENSG00000153391.16|ENSG00000267140.1	UTR|exon|gene|regulatory|transcript	2
chr18	35241033	35241035	ENSG00000186812.13	UTR|exon|gene|regulatory|transcript	2
chr18	35497940	35497942	ENSG00000153391.16|ENSG00000289891.1	UTR|exon|gene|regulatory|transcript	2
chr18	3013142	3013144	ENSG00000101577.11	UTR|exon|gene|regulatory|transcript	2
chr18	35343743	35343745	ENSG00000172466.16	UTR|exon|gene|regulatory|transcript	2
chr18	35241054	35241056	ENSG00000186812.13	UTR|exon|gene|regulatory|transcript	2
chr18	74496316	74496318	ENSG00000133313.15	CDS|UTR|exon|gene|regulatory|transcript	2
chr18	74501398	74501400	ENSG00000133313.15	CDS|UTR|exon|gene|regulatory|start_codon|stop_codon|transcript	2
chr18	36829128	36829130	ENSG00000134779.15|ENSG00000150477.15	UTR|exon|gene|regulatory|transcript	2
chr18	63907957	63907959	ENSG00000242550.7|ENSG00000289724.1	UTR|exon|gene|regulatory|transcript	2
chr18	41955253	41955255	ENSG00000078142.14	UTR|exon|gene|regulatory|transcript	2
chr18	63476957	63476959	ENSG00000206075.14	UTR|exon|gene|regulatory|transcript	2
chr18	63367204	63367206	ENSG00000119537.18	UTR|exon|gene|regulatory|transcript	2
chr18	5395608	5395610	ENSG00000082397.18	UTR|exon|gene|regulatory|transcript	2
chr18	12308231	12308233	ENSG00000176014.13	UTR|exon|gene|regulatory|transcript	2
chr18	45724178	45724180	ENSG00000141469.18|ENSG00000288545.1	UTR|exon|gene|regulatory|transcript	2
chr18	45967327	45967329	ENSG00000152223.16	UTR|exon|gene|regulatory|transcript	2
chr18	45750335	45750337	ENSG00000141469.18	UTR|exon|gene|regulatory|transcript	2
chr18	36067557	36067559	ENSG00000141425.18	UTR|exon|gene|regulatory|transcript	2
chr18	32092699	32092701	ENSG00000134758.14|ENSG00000263917.1	UTR|exon|gene|regulatory|transcript	2
chr18	35972678	35972680	ENSG00000141428.17|ENSG00000278986.1	UTR|exon|gene|regulatory|transcript	2
chr18	36828986	36828988	ENSG00000134779.15	UTR|exon|gene|regulatory|transcript	2
chr18	12377225	12377227	ENSG00000141385.12	UTR|exon|gene|regulatory|transcript	2
chr18	36129898	36129900	ENSG00000134759.14	UTR|exon|gene|regulatory|transcript	2
chr18	66604088	66604090	ENSG00000071991.9	UTR|exon|gene|regulatory|transcript	2
chr18	76980350	76980352	ENSG00000197971.16|ENSG00000266844.1	UTR|exon|gene|regulatory|transcript	2
chr18	36829126	36829128	ENSG00000134779.15|ENSG00000150477.15	UTR|exon|gene|regulatory|transcript	2
chr18	9546790	9546792	ENSG00000154845.16	UTR|exon|gene|regulatory|transcript	2
chr18	9103771	9103773	ENSG00000178127.13|ENSG00000265257.5	UTR|exon|gene|regulatory|repeat|transcript	2
chr18	13611789	13611791	ENSG00000168675.19	UTR|exon|gene|regulatory|transcript	2
chr18	23257745	23257747	ENSG00000134490.14|ENSG00000134508.13|ENSG00000266495.1	UTR|exon|gene|regulatory|transcript	2
chr18	55403993	55403995	ENSG00000196628.20	UTR|exon|gene|regulatory|repeat|transcript	2
chr18	13464990	13464992	ENSG00000168675.19|ENSG00000267694.1	UTR|exon|gene|regulatory|stop_codon|transcript	2
chr18	79754499	79754501	ENSG00000060069.18	UTR|exon|gene|regulatory|transcript	2
chr18	79754501	79754503	ENSG00000060069.18	UTR|exon|gene|regulatory|transcript	2
chr18	23437959	23437961	ENSG00000134490.14	UTR|exon|gene|regulatory|transcript	2
chr18	23437953	23437955	ENSG00000134490.14	UTR|exon|gene|regulatory|transcript	2
chr18	47930360	47930362	ENSG00000175387.16	UTR|exon|gene|regulatory|transcript	2
chr18	78979817	78979819	ENSG00000256463.10	UTR|exon|gene|regulatory|transcript	2
chr18	22914120	22914122	ENSG00000101773.19|ENSG00000265943.1	UTR|exon|gene|regulatory|transcript	2
chr18	46756936	46756938	ENSG00000101638.14|ENSG00000270112.5	UTR|exon|gene|regulatory|transcript	2
chr18	47176362	47176364	ENSG00000134049.6	UTR|exon|gene|regulatory|transcript	2
chr18	11908315	11908317	ENSG00000154889.17	UTR|exon|gene|regulatory|transcript	2
chr18	47930835	47930837	ENSG00000175387.16	UTR|exon|gene|regulatory|transcript	2
chr18	47150498	47150500	ENSG00000167220.12|ENSG00000267228.7	UTR|exon|gene|regulatory|transcript	2
chr18	23385036	23385038	ENSG00000134490.14	CDS|UTR|exon|gene|regulatory|transcript	2
chr18	58864090	58864092	ENSG00000074657.14	UTR|exon|gene|regulatory|transcript	2
chr18	10526026	10526028	ENSG00000134265.13	UTR|exon|gene|regulatory|transcript	2
chr18	79069391	79069393	ENSG00000166377.21	UTR|exon|gene|regulatory|repeat|transcript	2
chr18	79069403	79069405	ENSG00000166377.21	UTR|exon|gene|regulatory|transcript	2
chr18	79069405	79069407	ENSG00000166377.21	UTR|exon|gene|regulatory|transcript	2
chr18	26090608	26090610	ENSG00000141380.14	UTR|exon|gene|regulatory|transcript	2
chr18	12884235	12884237	ENSG00000175354.20	UTR|exon|gene|regulatory|repeat|transcript	2
chr18	77017084	77017086	ENSG00000197971.16	CDS|UTR|exon|gene|regulatory|transcript	2
chr18	712648	712650	ENSG00000132199.20	UTR|exon|gene|regulatory|transcript	2
chr18	46917503	46917505	ENSG00000078043.16|ENSG00000167216.19	UTR|exon|gene|regulatory|transcript	2
chr18	23503530	23503532	ENSG00000141452.11	UTR|exon|gene|regulatory|repeat|transcript	2
chr18	23503532	23503534	ENSG00000141452.11	UTR|exon|gene|regulatory|repeat|transcript	2
chr18	62045380	62045382	ENSG00000197563.11	UTR|exon|gene|regulatory|transcript	2
chr18	46917505	46917507	ENSG00000078043.16|ENSG00000167216.19	UTR|exon|gene|regulatory|transcript	2
chr18	26912416	26912418	ENSG00000154080.14|ENSG00000260372.7	UTR|exon|gene|regulatory|repeat|transcript	2
chr18	62187020	62187022	ENSG00000197563.11	UTR|exon|gene|regulatory|transcript	2
chr18	62187022	62187024	ENSG00000197563.11	UTR|exon|gene|regulatory|transcript	2
chr18	23503510	23503512	ENSG00000141452.11	UTR|exon|gene|regulatory|repeat|transcript	2
chr18	46104377	46104379	ENSG00000152240.13	UTR|exon|gene|regulatory|transcript	2
chr18	62187015	62187017	ENSG00000197563.11	UTR|exon|gene|regulatory|transcript	2
chr18	62187017	62187019	ENSG00000197563.11	UTR|exon|gene|regulatory|transcript	2
chr18	62187077	62187079	ENSG00000197563.11	UTR|exon|gene|regulatory|transcript	2
chr18	12030875	12030877	ENSG00000141401.12	UTR|exon|gene|regulatory|transcript	2
chr18	62187067	62187069	ENSG00000197563.11	UTR|exon|gene|regulatory|transcript	2
chr18	46104399	46104401	ENSG00000152240.13	UTR|exon|gene|regulatory|transcript	2
chr18	5488937	5488939	ENSG00000082397.18	UTR|exon|gene|regulatory|stop_codon|transcript	2
chr18	268045	268047	ENSG00000079134.13	UTR|exon|gene|regulatory|transcript	2
chr18	25351728	25351730	ENSG00000198795.11	UTR|exon|gene|regulatory|transcript	2
chr18	50879154	50879156	ENSG00000082212.13	UTR|exon|gene|regulatory|transcript	2
chr18	24426741	24426743	ENSG00000154059.11	UTR|exon|gene|regulatory|transcript	2
chr18	55588617	55588619	ENSG00000196628.20	UTR|exon|gene|regulatory|repeat|transcript	2
chr18	55585966	55585968	ENSG00000196628.20	UTR|exon|gene|regulatory|transcript	2
chr18	26057705	26057707	ENSG00000141380.14	CDS|UTR|exon|gene|regulatory|transcript	2
chr18	56651358	56651360	ENSG00000091157.15|ENSG00000091164.13	UTR|exon|gene|regulatory|transcript	2
chr18	57586699	57586701	ENSG00000066926.13	UTR|exon|gene|regulatory|transcript	2
chr18	56651274	56651276	ENSG00000091164.13	UTR|exon|gene|regulatory|transcript	2
chr18	49492483	49492485	ENSG00000265681.8	UTR|exon|gene|regulatory|transcript	2
chr18	49492430	49492432	ENSG00000215472.10|ENSG00000265681.8	UTR|exon|gene|regulatory|transcript	2
chr18	49492428	49492430	ENSG00000215472.10|ENSG00000265681.8	UTR|exon|gene|regulatory|transcript	2
chr18	54357858	54357860	ENSG00000174448.9	UTR|exon|gene|regulatory|transcript	2
chr18	54269516	54269518	ENSG00000101751.11|ENSG00000277324.1	UTR|exon|gene|regulatory|transcript	2
chr18	9612688	9612690	ENSG00000154845.16	UTR|exon|gene|regulatory|stop_codon|transcript	2
chr18	79943328	79943330	ENSG00000122490.19	UTR|exon|gene|regulatory|transcript	2
chr18	24139094	24139096	ENSG00000154040.21	UTR|exon|gene|regulatory|transcript	2
chr18	57352768	57352770	ENSG00000177511.6	UTR|exon|gene|regulatory|repeat|transcript	2
chr18	13612622	13612624	ENSG00000168675.19	UTR|exon|gene|regulatory|transcript	2
chr18	79400330	79400332	ENSG00000131196.18	UTR|exon|gene|regulatory|transcript	2
chr18	9614513	9614515	ENSG00000154845.16	UTR|exon|gene|regulatory|transcript	2
chr18	50281767	50281769	ENSG00000141644.19	UTR|exon|gene|regulatory|transcript	2
chr18	49460641	49460643	ENSG00000141627.14	UTR|exon|gene|regulatory|transcript	2
chr18	49460643	49460645	ENSG00000141627.14	UTR|exon|gene|regulatory|transcript	2
chr18	58045688	58045690	ENSG00000049759.20	CDS|UTR|exon|gene|regulatory|transcript	2
chr18	36297712	36297713	ENSG00000134775.16	UTR|exon|gene|regulatory|transcript	1
chr18	36129897	36129898	ENSG00000134759.14	UTR|exon|gene|regulatory|transcript	1
chr18	36786820	36786821	ENSG00000134779.15	UTR|exon|gene|regulatory|transcript	1
chr18	36129901	36129902	ENSG00000134759.14	UTR|exon|gene|regulatory|transcript	1
chr18	36129900	36129901	ENSG00000134759.14	UTR|exon|gene|regulatory|transcript	1
chr18	68715057	68715058	ENSG00000166479.10	UTR|exon|gene|regulatory|transcript	1
chr18	34818380	34818381	ENSG00000134769.23	UTR|exon|gene|regulatory|transcript	1
chr18	74501400	74501401	ENSG00000133313.15	CDS|UTR|exon|gene|regulatory|stop_codon|transcript	1
chr18	35241035	35241036	ENSG00000186812.13	UTR|exon|gene|regulatory|transcript	1
chr18	34710296	34710297	ENSG00000134769.23	UTR|exon|gene|regulatory|transcript	1
chr18	34866860	34866861	ENSG00000134769.23	UTR|exon|gene|regulatory|transcript	1
chr18	12702722	12702723	ENSG00000101624.11|ENSG00000128789.22	UTR|exon|gene|regulatory|transcript	1
chr18	24397823	24397824	ENSG00000141447.19	UTR|exon|gene|regulatory|transcript	1
chr18	55275706	55275707	ENSG00000196628.20	CDS|UTR|exon|gene|regulatory|transcript	1
chr18	34593337	34593338	ENSG00000134769.23	UTR|exon|gene|regulatory|transcript	1
chr18	79988536	79988537	ENSG00000141759.15	UTR|exon|gene|regulatory|transcript	1
chr18	79988392	79988393	ENSG00000141759.15	UTR|exon|gene|regulatory|transcript	1
chr18	14132428	14132429	ENSG00000175322.12	UTR|exon|gene|regulatory|transcript	1
chr18	74508843	74508844	ENSG00000133313.15	CDS|UTR|exon|gene|regulatory|transcript	1
chr18	36794310	36794311	ENSG00000134779.15	UTR|exon|gene|regulatory|repeat|transcript	1
chr18	14132434	14132435	ENSG00000175322.12	UTR|exon|gene|regulatory|transcript	1
chr18	31591901	31591902	ENSG00000118271.12	UTR|exon|gene|regulatory|transcript	1
chr18	35497942	35497943	ENSG00000153391.16|ENSG00000289891.1	UTR|exon|gene|regulatory|transcript	1
chr18	33440081	33440082	ENSG00000166960.17	UTR|exon|gene|regulatory|transcript	1
chr18	75289943	75289944	ENSG00000179981.11	UTR|exon|gene|regulatory|transcript	1
chr18	2960840	2960841	ENSG00000101577.11	CDS|UTR|exon|gene|regulatory|transcript	1
chr18	23530228	23530229	ENSG00000141452.11|ENSG00000141458.13	UTR|exon|gene|regulatory|transcript	1
chr18	34818390	34818391	ENSG00000134769.23	UTR|exon|gene|regulatory|transcript	1
chr18	32772166	32772167	ENSG00000197705.10|ENSG00000228835.1	UTR|exon|gene|regulatory|transcript	1
chr18	35972680	35972681	ENSG00000141428.17|ENSG00000278986.1	UTR|exon|gene|regulatory|transcript	1
chr18	76978832	76978833	ENSG00000197971.16|ENSG00000266844.1	UTR|exon|gene|regulatory|transcript	1
chr18	76978833	76978834	ENSG00000197971.16|ENSG00000266844.1	UTR|exon|gene|regulatory|transcript	1
chr18	36129923	36129924	ENSG00000134759.14	UTR|exon|gene|regulatory|transcript	1
chr18	76978860	76978861	ENSG00000197971.16|ENSG00000266844.1	UTR|exon|gene|regulatory|transcript	1
chr18	69401201	69401202	ENSG00000206052.11	UTR|exon|gene|regulatory|repeat|transcript	1
chr18	69843379	69843380	ENSG00000150637.9|ENSG00000206052.11	UTR|exon|gene|regulatory|repeat|transcript	1
chr18	69853273	69853274	ENSG00000150637.9	UTR|exon|gene|regulatory|transcript	1
chr18	36067556	36067557	ENSG00000141425.18	UTR|exon|gene|regulatory|transcript	1
chr18	46098295	46098296	ENSG00000152234.16	UTR|exon|gene|regulatory|transcript	1
chr18	45750015	45750016	ENSG00000141469.18	UTR|exon|gene|regulatory|transcript	1
chr18	12308261	12308262	ENSG00000176014.13	UTR|exon|gene|regulatory|transcript	1
chr18	3845358	3845359	ENSG00000170579.19	UTR|exon|gene|regulatory|transcript	1
chr18	63367203	63367204	ENSG00000119537.18	UTR|exon|gene|regulatory|transcript	1
chr18	44680887	44680888	ENSG00000152217.20	UTR|exon|gene|regulatory|transcript	1
chr18	36129893	36129894	ENSG00000134759.14	UTR|exon|gene|regulatory|transcript	1
chr18	23453286	23453287	ENSG00000101782.15	UTR|exon|gene|regulatory|transcript	1
chr18	47930556	47930557	ENSG00000175387.16	UTR|exon|gene|regulatory|transcript	1
chr18	47176280	47176281	ENSG00000134049.6|ENSG00000267228.7	UTR|exon|gene|regulatory|transcript	1
chr18	11908330	11908331	ENSG00000154889.17	UTR|exon|gene|regulatory|transcript	1
chr18	11751507	11751508	ENSG00000141404.17	UTR|exon|gene|regulatory|transcript	1
chr18	6730075	6730076	ENSG00000088756.13	CDS|UTR|exon|gene|regulatory|transcript	1
chr18	58401539	58401540	ENSG00000049759.20	UTR|exon|gene|regulatory|transcript	1
chr18	48165129	48165130	ENSG00000184828.10|ENSG00000286583.1	UTR|exon|gene|regulatory|repeat|transcript	1
chr18	46756809	46756810	ENSG00000101638.14|ENSG00000270112.5	UTR|exon|gene|regulatory|transcript	1
chr18	12884214	12884215	ENSG00000175354.20	UTR|exon|gene|regulatory|transcript	1
chr18	23503518	23503519	ENSG00000141452.11	UTR|exon|gene|regulatory|repeat|transcript	1
chr18	11908349	11908350	ENSG00000154889.17	UTR|exon|gene|regulatory|transcript	1
chr18	62017628	62017629	ENSG00000197563.11	UTR|exon|gene|regulatory|repeat|transcript	1
chr18	45842442	45842443	ENSG00000152223.16|ENSG00000197046.12	UTR|exon|gene|regulatory|repeat|transcript	1
chr18	62187019	62187020	ENSG00000197563.11	UTR|exon|gene|regulatory|transcript	1
chr18	12028118	12028119	ENSG00000141401.12	UTR|exon|gene|regulatory|transcript	1
chr18	5488939	5488940	ENSG00000082397.18	UTR|exon|gene|regulatory|stop_codon|transcript	1
chr18	11908347	11908348	ENSG00000154889.17	UTR|exon|gene|regulatory|transcript	1
chr18	11908348	11908349	ENSG00000154889.17	UTR|exon|gene|regulatory|transcript	1
chr18	77017061	77017062	ENSG00000197971.16	CDS|UTR|exon|gene|regulatory|transcript	1
chr18	46946922	46946923	ENSG00000167216.19	CDS|UTR|exon|gene|regulatory|transcript	1
chr18	11851412	11851413	ENSG00000141404.17|ENSG00000255112.3	UTR|exon|gene|regulatory|transcript	1
chr18	10526101	10526102	ENSG00000134265.13	UTR|exon|gene|regulatory|transcript	1
chr18	23437852	23437853	ENSG00000134490.14	CDS|UTR|exon|gene|regulatory|transcript	1
chr18	46917601	46917602	ENSG00000078043.16|ENSG00000167216.19	UTR|exon|gene|regulatory|transcript	1
chr18	48375608	48375609	ENSG00000184828.10	UTR|exon|gene|regulatory|repeat|transcript	1
chr18	10488038	10488039	ENSG00000154856.13	UTR|exon|gene|regulatory|transcript	1
chr18	50879116	50879117	ENSG00000082212.13	UTR|exon|gene|regulatory|transcript	1
chr18	25352148	25352149	ENSG00000198795.11	UTR|exon|gene|regulatory|transcript	1
chr18	49565458	49565459	ENSG00000101670.12	CDS|UTR|exon|gene|regulatory|transcript	1
chr18	57621737	57621738	ENSG00000134440.12	UTR|exon|gene|regulatory|transcript	1
chr18	57586701	57586702	ENSG00000066926.13	UTR|exon|gene|regulatory|transcript	1
chr18	23258653	23258654	ENSG00000134490.14|ENSG00000134508.13|ENSG00000266495.1	UTR|exon|gene|regulatory|transcript	1
chr18	49492482	49492483	ENSG00000265681.8	UTR|exon|gene|regulatory|transcript	1
chr18	13612628	13612629	ENSG00000168675.19	UTR|exon|gene|regulatory|transcript	1
chr18	9914061	9914062	ENSG00000101558.14	UTR|exon|gene|regulatory|transcript	1
chr18	26091216	26091217	ENSG00000141380.14	UTR|exon|gene|regulatory|transcript	1
chr18	712610	712611	ENSG00000132199.20	UTR|exon|gene|regulatory|transcript	1
chr18	23258654	23258655	ENSG00000134490.14|ENSG00000134508.13|ENSG00000266495.1	UTR|exon|gene|regulatory|transcript	1
chr18	57586620	57586621	ENSG00000066926.13	UTR|exon|gene|regulatory|transcript	1
chr18	57586689	57586690	ENSG00000066926.13	UTR|exon|gene|regulatory|transcript	1
chr18	49368706	49368707	ENSG00000141627.14	UTR|exon|gene|regulatory|transcript	1
chr18	49492432	49492433	ENSG00000215472.10|ENSG00000265681.8	UTR|exon|gene|regulatory|transcript	1
chr18	26090597	26090598	ENSG00000141380.14	UTR|exon|gene|regulatory|transcript	1
chr18	24139061	24139062	ENSG00000154040.21	UTR|exon|gene|regulatory|transcript	1
chr18	55589806	55589807	ENSG00000196628.20	UTR|exon|gene|regulatory|transcript	1
chr18	55589777	55589778	ENSG00000196628.20	UTR|exon|gene|regulatory|transcript	1
chr18	50879118	50879119	ENSG00000082212.13	UTR|exon|gene|regulatory|transcript	1
chr18	50879117	50879118	ENSG00000082212.13	UTR|exon|gene|regulatory|transcript	1
chr18	51077250	51077251	ENSG00000141646.16	UTR|exon|gene|regulatory|transcript	1
chr18	54357860	54357861	ENSG00000174448.9	UTR|exon|gene|regulatory|transcript	1
chr18	22977886	22977887	ENSG00000101773.19	UTR|exon|gene|regulatory|repeat|transcript	1
chr18	9614225	9614226	ENSG00000154845.16	UTR|exon|gene|regulatory|stop_codon|transcript	1
chr18	25351149	25351150	ENSG00000198795.11	UTR|exon|gene|regulatory|repeat|transcript	1
chr18	25351148	25351149	ENSG00000198795.11	UTR|exon|gene|regulatory|transcript	1
chr18	25350946	25350947	ENSG00000198795.11	UTR|exon|gene|regulatory|transcript	1
chr18	24397787	24397788	ENSG00000141447.19	UTR|exon|gene|regulatory|transcript	1
