chr	start	end	feature1	feature2	length
chr5_MU273354v1_fix	2091722	2097735	L1PA2_LINE_2091722_2097735	repeat	6013
chr5_MU273354v1_fix	1213905	1217760	L1PA16_LINE_1213905_1217762	repeat	3855
chr5_MU273354v1_fix	1769959	1773814	L1PA16_LINE_1769957_1773814	repeat	3855
chr5_MU273354v1_fix	373136	376985	L1PA16_LINE_373134_376985	repeat	3849
chr5_MU273354v1_fix	1069116	1072965	L1PA16_LINE_1069114_1072965	repeat	3849
chr5_MU273354v1_fix	816849	819705	L1PA3_LINE_816849_819707	repeat	2856
chr5_MU273354v1_fix	1523299	1526155	L1PA3_LINE_1523299_1526157	repeat	2856
chr5_MU273354v1_fix	1226049	1228437	L1PA6_LINE_1226049_1228437	repeat	2388
chr5_MU273354v1_fix	1759283	1761671	L1PA6_LINE_1759283_1761671	repeat	2388
chr5_MU273354v1_fix	362445	364833	L1PA6_LINE_362445_364833	repeat	2388
chr5_MU273354v1_fix	1058437	1060825	L1PA6_LINE_1058437_1060825	repeat	2388
chr5_MU273354v1_fix	403632	405835	MER65-int_LTR_403632_405835	repeat	2203
chr5_MU273354v1_fix	1800490	1802691	MER65-int_LTR_1800490_1802691	repeat	2201
chr5_MU273354v1_fix	1185058	1187259	MER65-int_LTR_1185058_1187259	repeat	2201
chr5_MU273354v1_fix	1099618	1101819	MER65-int_LTR_1099618_1101819	repeat	2201
chr5_MU273354v1_fix	181095	183203	SVA_E_Retroposon_181095_183203	repeat	2108
chr5_MU273354v1_fix	2061109	2063144	HERVK3-int_LTR_2061109_2063155	repeat	2035
chr5_MU273354v1_fix	2063155	2065060	HERVK3-int_LTR_2063144_2065060	repeat	1905
chr5_MU273354v1_fix	2038273	2039997	SVA_E_Retroposon_2038273_2039997	repeat	1724
chr5_MU273354v1_fix	1763006	1764628	THE1D_LTR_1763006_1764628	repeat	1622
chr5_MU273354v1_fix	1062158	1063780	THE1D_LTR_1062158_1063780	repeat	1622
chr5_MU273354v1_fix	1223094	1224716	MSTA_LTR_1223094_1224716	repeat	1622
chr5_MU273354v1_fix	366168	367790	THE1D_LTR_366168_367790	repeat	1622
chr5_MU273354v1_fix	2011775	2013394	SVA_F_Retroposon_2011775_2013394	repeat	1619
chr5_MU273354v1_fix	1177364	1178944	LTR23-int_LTR_1177364_1178944	repeat	1580
chr5_MU273354v1_fix	1107953	1109533	LTR23-int_LTR_1107953_1109533	repeat	1580
chr5_MU273354v1_fix	411963	413543	LTR23-int_LTR_411963_413543	repeat	1580
chr5_MU273354v1_fix	1808596	1810176	LTR23-int_LTR_1808596_1810176	repeat	1580
chr5_MU273354v1_fix	1798646	1800212	L1PA8A_LINE_1798646_1800212	repeat	1566
chr5_MU273354v1_fix	1187537	1189098	L1PA8A_LINE_1187537_1189098	repeat	1561
chr5_MU273354v1_fix	1097780	1099340	L1PA8A_LINE_1097780_1099340	repeat	1560
chr5_MU273354v1_fix	317757	319314	THE1B_LTR_317757_319314	repeat	1557
chr5_MU273354v1_fix	1701058	1702614	THE1B_LTR_1701058_1702614	repeat	1556
chr5_MU273354v1_fix	401800	403354	L1PA8A_LINE_401800_403354	repeat	1554
chr5_MU273354v1_fix	1015047	1016600	THE1B_LTR_1015047_1016600	repeat	1553
chr5_MU273354v1_fix	1290733	1292286	THE1B_LTR_1290733_1292286	repeat	1553
chr5_MU273354v1_fix	1270298	1271851	THE1B_LTR_1270298_1271851	repeat	1553
chr5_MU273354v1_fix	994591	996144	THE1B_LTR_994591_996144	repeat	1553
chr5_MU273354v1_fix	1719090	1720640	THE1B_LTR_1719090_1720640	repeat	1550
chr5_MU273354v1_fix	941703	943200	THE1D_LTR_941703_943200	repeat	1497
chr5_MU273354v1_fix	739350	740847	THE1D_LTR_739350_740847	repeat	1497
chr5_MU273354v1_fix	1648206	1649703	THE1D_LTR_1648206_1649703	repeat	1497
chr5_MU273354v1_fix	1343691	1345188	THE1D_LTR_1343691_1345188	repeat	1497
chr5_MU273354v1_fix	1516460	1517930	MSTB_LTR_1516460_1517930	repeat	1470
chr5_MU273354v1_fix	1406380	1407849	MSTB_LTR_1406380_1407849	repeat	1469
chr5_MU273354v1_fix	810010	811479	MSTB_LTR_810010_811479	repeat	1469
chr5_MU273354v1_fix	137142	138597	L1PA8_LINE_137142_138597	repeat	1455
chr5_MU273354v1_fix	457891	459239	HERVK3-int_LTR_457891_459239	repeat	1348
chr5_MU273354v1_fix	1832545	1833893	HERVK3-int_LTR_1832545_1833893	repeat	1348
chr5_MU273354v1_fix	1132215	1133563	HERVK3-int_LTR_1132215_1133563	repeat	1348
chr5_MU273354v1_fix	1235296	1236607	L1PA3_LINE_1235296_1236607	repeat	1311
chr5_MU273354v1_fix	1050267	1051578	L1PA3_LINE_1050267_1051578	repeat	1311
chr5_MU273354v1_fix	354276	355587	L1PA3_LINE_354276_355587	repeat	1311
chr5_MU273354v1_fix	296838	298029	THE1B_LTR_296838_298029	repeat	1191
chr5_MU273354v1_fix	342324	343483	L1PA3_LINE_342324_343483	repeat	1159
chr5_MU273354v1_fix	1739933	1741092	L1PA3_LINE_1739933_1741092	repeat	1159
chr5_MU273354v1_fix	1038325	1039484	L1PA3_LINE_1038325_1039484	repeat	1159
chr5_MU273354v1_fix	1247406	1248565	L1PA3_LINE_1247406_1248565	repeat	1159
chr5_MU273354v1_fix	737583	738733	L1MDa_LINE_737583_738733	repeat	1150
chr5_MU273354v1_fix	1341926	1343074	L1MDa_LINE_1341926_1343074	repeat	1148
chr5_MU273354v1_fix	1650320	1651466	L1MDa_LINE_1650320_1651466	repeat	1146
chr5_MU273354v1_fix	943817	944962	L1MDa_LINE_943817_944962	repeat	1145
chr5_MU273354v1_fix	379680	380806	LTR12E_LTR_379680_380806	repeat	1126
chr5_MU273354v1_fix	1075656	1076776	LTR12E_LTR_1075656_1076776	repeat	1120
chr5_MU273354v1_fix	1210112	1211232	LTR12E_LTR_1210112_1211232	repeat	1120
chr5_MU273354v1_fix	1776484	1777604	LTR12E_LTR_1776484_1777604	repeat	1120
chr5_MU273354v1_fix	2006325	2007433	L1MA4_LINE_2006325_2007433	repeat	1108
chr5_MU273354v1_fix	88597	89673	MER11B_LTR_88597_89673	repeat	1076
chr5_MU273354v1_fix	931075	932132	L1PA14_LINE_931072_932132	repeat	1057
chr5_MU273354v1_fix	750420	751477	L1PA14_LINE_750420_751480	repeat	1057
chr5_MU273354v1_fix	1354762	1355818	L1PA14_LINE_1354762_1355821	repeat	1056
chr5_MU273354v1_fix	1637563	1638618	L1PA14_LINE_1637560_1638618	repeat	1055
chr5_MU273354v1_fix	1053112	1054151	Tigger2b_Pri_DNA_1053112_1054151	repeat	1039
chr5_MU273354v1_fix	357119	358158	Tigger2b_Pri_DNA_357119_358158	repeat	1039
chr5_MU273354v1_fix	1232723	1233762	Tigger2b_Pri_DNA_1232723_1233762	repeat	1039
chr5_MU273354v1_fix	1753957	1754996	Tigger2b_Pri_DNA_1753957_1754996	repeat	1039
chr5_MU273354v1_fix	1755565	1756600	MER110-int_LTR_1755565_1756600	repeat	1035
chr5_MU273354v1_fix	358727	359762	MER110-int_LTR_358727_359762	repeat	1035
chr5_MU273354v1_fix	1231120	1232152	MER110-int_LTR_1231120_1232152	repeat	1032
chr5_MU273354v1_fix	1054722	1055754	MER110-int_LTR_1054722_1055754	repeat	1032
chr5_MU273354v1_fix	932501	933517	L1PA14_LINE_932501_933517	repeat	1016
chr5_MU273354v1_fix	1638987	1640003	L1PA14_LINE_1638987_1640003	repeat	1016
chr5_MU273354v1_fix	749035	750051	L1PA14_LINE_749035_750051	repeat	1016
chr5_MU273354v1_fix	1353378	1354393	L1PA14_LINE_1353378_1354393	repeat	1015
chr5_MU273354v1_fix	716697	717704	L1PB4_LINE_716697_717704	repeat	1007
chr5_MU273354v1_fix	964872	965879	L1PB4_LINE_964872_965879	repeat	1007
chr5_MU273354v1_fix	1320991	1321996	L1P4_LINE_1320991_1321996	repeat	1005
chr5_MU273354v1_fix	1671387	1672392	L1PB4_LINE_1671387_1672392	repeat	1005
chr5_MU273354v1_fix	172334	173298	MER21B_LTR_172334_173298	repeat	964
chr5_MU273354v1_fix	1901677	1902630	L2_LINE_1901677_1902630	repeat	953
chr5_MU273354v1_fix	1923208	1924161	L1MA6_LINE_1923208_1924161	repeat	953
chr5_MU273354v1_fix	1212680	1213632	L1PA16_LINE_1212680_1213632	repeat	952
chr5_MU273354v1_fix	1774086	1775038	L1PA16_LINE_1774086_1775038	repeat	952
chr5_MU273354v1_fix	2057018	2057966	ERVL-E-int_LTR_2057018_2057966	repeat	948
chr5_MU273354v1_fix	42371	43296	L1MC5a_LINE_42371_43296	repeat	925
chr5_MU273354v1_fix	249930	250848	L1MEc_LINE_249929_250848	repeat	918
chr5_MU273354v1_fix	1442757	1443673	HAL1_LINE_1442757_1443673	repeat	916
chr5_MU273354v1_fix	1437441	1438354	L1MEc_LINE_1437440_1438354	repeat	913
chr5_MU273354v1_fix	123638	124539	HAL1_LINE_123638_124539	repeat	901
chr5_MU273354v1_fix	2042882	2043770	L1ME4b_LINE_2042882_2043770	repeat	888
chr5_MU273354v1_fix	1179691	1180561	L1PA15_LINE_1179691_1180561	repeat	870
chr5_MU273354v1_fix	1106336	1107206	L1PA15_LINE_1106336_1107206	repeat	870
chr5_MU273354v1_fix	410346	411216	L1PA15_LINE_410346_411216	repeat	870
chr5_MU273354v1_fix	1806980	1807849	L1PA15_LINE_1806980_1807849	repeat	869
chr5_MU273354v1_fix	1327387	1328250	MLT1A0_LTR_1327387_1328250	repeat	863
chr5_MU273354v1_fix	723095	723958	MLT1A0_LTR_723095_723958	repeat	863
chr5_MU273354v1_fix	1345939	1346801	Tigger3b_DNA_1345939_1346801	repeat	862
chr5_MU273354v1_fix	940091	940952	Tigger3b_DNA_940091_940952	repeat	861
chr5_MU273354v1_fix	741598	742459	Tigger3b_DNA_741598_742459	repeat	861
chr5_MU273354v1_fix	1646597	1647455	Tigger3b_DNA_1646597_1647455	repeat	858
chr5_MU273354v1_fix	8499	9348	L1MB7_LINE_8499_9348	repeat	849
chr5_MU273354v1_fix	718503	719349	L1P4_LINE_718503_719356	repeat	846
chr5_MU273354v1_fix	963227	964073	L1P4_LINE_963220_964073	repeat	846
chr5_MU273354v1_fix	1751584	1752425	L1P1_LINE_1751584_1752425	repeat	841
chr5_MU273354v1_fix	1322795	1323629	L1P4_LINE_1322795_1323648	repeat	834
chr5_MU273354v1_fix	1669754	1670588	L1P4_LINE_1669735_1670588	repeat	834
chr5_MU273354v1_fix	1073387	1074208	L1PA16_LINE_1073387_1074208	repeat	821
chr5_MU273354v1_fix	377411	378232	L1PA16_LINE_377411_378232	repeat	821
chr5_MU273354v1_fix	132934	133751	LTR12_LTR_132934_133751	repeat	817
chr5_MU273354v1_fix	456213	457020	L1PA6_LINE_456213_457020	repeat	807
chr5_MU273354v1_fix	1134434	1135241	L1PA6_LINE_1134434_1135241	repeat	807
chr5_MU273354v1_fix	1834766	1835569	L1PA6_LINE_1834766_1835569	repeat	803
chr5_MU273354v1_fix	954141	954942	L1MA2_LINE_954141_954942	repeat	801
chr5_MU273354v1_fix	1660652	1661453	L1MA2_LINE_1660652_1661453	repeat	801
chr5_MU273354v1_fix	1154336	1155137	L1MA2_LINE_1154336_1155137	repeat	801
chr5_MU273354v1_fix	436338	437139	L1MA2_LINE_436338_437139	repeat	801
chr5_MU273354v1_fix	1331926	1332727	L1MA3_LINE_1331926_1332727	repeat	801
chr5_MU273354v1_fix	1979154	1979954	L1MB1_LINE_1979154_1979954	repeat	800
chr5_MU273354v1_fix	727596	728396	L1MA2_LINE_727596_728396	repeat	800
chr5_MU273354v1_fix	76406	77206	L1MB2_LINE_76406_77206	repeat	800
chr5_MU273354v1_fix	1882597	1883389	MER54B_LTR_1882597_1883389	repeat	792
chr5_MU273354v1_fix	1884699	1885476	LTR17_LTR_1884699_1885476	repeat	777
chr5_MU273354v1_fix	1585136	1585909	L4_A_Mam_LINE_1585136_1585909	repeat	773
chr5_MU273354v1_fix	878671	879444	L4_A_Mam_LINE_878671_879444	repeat	773
chr5_MU273354v1_fix	19356	20126	L1MB8_LINE_19356_20126	repeat	770
chr5_MU273354v1_fix	1549578	1550340	LTR19C_LTR_1549578_1550340	repeat	762
chr5_MU273354v1_fix	843129	843891	LTR19C_LTR_843129_843891	repeat	762
chr5_MU273354v1_fix	1643431	1644190	MER4E1_LTR_1643431_1644190	repeat	759
chr5_MU273354v1_fix	744848	745606	MER4E1_LTR_744848_745606	repeat	758
chr5_MU273354v1_fix	936945	937703	MER4E1_LTR_936945_937703	repeat	758
chr5_MU273354v1_fix	1349191	1349949	MER4E1_LTR_1349191_1349949	repeat	758
chr5_MU273354v1_fix	1873084	1873836	L1MA8_LINE_1873084_1873836	repeat	752
chr5_MU273354v1_fix	1107208	1107945	L1P4b_LINE_1107208_1107945	repeat	737
chr5_MU273354v1_fix	1807851	1808588	L1P4b_LINE_1807851_1808588	repeat	737
chr5_MU273354v1_fix	1178952	1179689	L1P4b_LINE_1178952_1179689	repeat	737
chr5_MU273354v1_fix	411218	411955	L1P4b_LINE_411218_411955	repeat	737
chr5_MU273354v1_fix	2020904	2021638	L1MB8_LINE_2020904_2021638	repeat	734
chr5_MU273354v1_fix	1775352	1776084	L1PA16_LINE_1775352_1776084	repeat	732
chr5_MU273354v1_fix	1049535	1050266	L1PA3_LINE_1049535_1050266	repeat	731
chr5_MU273354v1_fix	1074523	1075254	L1PA16_LINE_1074523_1075254	repeat	731
chr5_MU273354v1_fix	1211634	1212365	L1PA16_LINE_1211634_1212365	repeat	731
chr5_MU273354v1_fix	378546	379277	L1PA16_LINE_378546_379277	repeat	731
chr5_MU273354v1_fix	353544	354275	L1PA3_LINE_353544_354275	repeat	731
chr5_MU273354v1_fix	1236608	1237339	L1PA3_LINE_1236608_1237339	repeat	731
chr5_MU273354v1_fix	2084093	2084820	L2a_LINE_2084093_2084820	repeat	727
chr5_MU273354v1_fix	1965471	1966185	L1MEf_LINE_1965471_1966185	repeat	714
chr5_MU273354v1_fix	1678582	1679291	L2a_LINE_1678582_1679291	repeat	709
chr5_MU273354v1_fix	972074	972783	L2a_LINE_972074_972783	repeat	709
chr5_MU273354v1_fix	709802	710511	L2a_LINE_709802_710511	repeat	709
chr5_MU273354v1_fix	1897077	1897785	L2a_LINE_1897077_1897785	repeat	708
chr5_MU273354v1_fix	178611	179319	L1MB8_LINE_178611_179319	repeat	708
chr5_MU273354v1_fix	125242	125941	L1M4_LINE_125242_125941	repeat	699
chr5_MU273354v1_fix	255211	255908	HAL1_LINE_255211_255908	repeat	697
chr5_MU273354v1_fix	1314112	1314808	L2a_LINE_1314112_1314808	repeat	696
chr5_MU273354v1_fix	1665133	1665821	MLT1A0_LTR_1665133_1665835	repeat	688
chr5_MU273354v1_fix	958618	959306	MLT1A0_LTR_958618_959320	repeat	688
chr5_MU273354v1_fix	266664	267347	L1ME1_LINE_266664_267347	repeat	683
chr5_MU273354v1_fix	2067330	2068008	MER67C_LTR_2067330_2068008	repeat	678
chr5_MU273354v1_fix	2019916	2020590	L1MB8_LINE_2019916_2020590	repeat	674
chr5_MU273354v1_fix	17349	18018	L1MB7_LINE_17349_18018	repeat	669
chr5_MU273354v1_fix	1454200	1454867	L1ME1_LINE_1454200_1454867	repeat	667
chr5_MU273354v1_fix	906626	907287	HAL1_LINE_906626_907287	repeat	661
chr5_MU273354v1_fix	1613109	1613770	HAL1_LINE_1613109_1613770	repeat	661
chr5_MU273354v1_fix	2060397	2061052	HERVK3-int_LTR_2060397_2061052	repeat	655
chr5_MU273354v1_fix	74588	75243	L1M4b_LINE_74588_75243	repeat	655
chr5_MU273354v1_fix	1782699	1783343	L1ME3A_LINE_1782699_1783343	repeat	644
chr5_MU273354v1_fix	385903	386546	L1ME3A_LINE_385903_386546	repeat	643
chr5_MU273354v1_fix	1081883	1082526	L1ME3A_LINE_1081883_1082526	repeat	643
chr5_MU273354v1_fix	1204354	1204997	L1ME3A_LINE_1204354_1204997	repeat	643
chr5_MU273354v1_fix	45970	46606	Tigger3b_DNA_45970_46606	repeat	636
chr5_MU273354v1_fix	808058	808690	LTR41_LTR_808058_808690	repeat	632
chr5_MU273354v1_fix	1514507	1515139	LTR41_LTR_1514507_1515139	repeat	632
chr5_MU273354v1_fix	1404435	1405067	LTR41_LTR_1404435_1405067	repeat	632
chr5_MU273354v1_fix	83546	84178	L2a_LINE_83546_84178	repeat	632
chr5_MU273354v1_fix	1980708	1981339	L1M5_LINE_1980708_1981339	repeat	631
chr5_MU273354v1_fix	1085147	1085777	L1ME1_LINE_1085147_1085777	repeat	630
chr5_MU273354v1_fix	1786013	1786643	L1ME2_LINE_1786013_1786643	repeat	630
chr5_MU273354v1_fix	1456951	1457581	MER21C_LTR_1456951_1457581	repeat	630
chr5_MU273354v1_fix	389167	389797	L1ME1_LINE_389167_389797	repeat	630
chr5_MU273354v1_fix	1201101	1201731	L1ME1_LINE_1201101_1201731	repeat	630
chr5_MU273354v1_fix	269433	270063	MER21C_LTR_269433_270063	repeat	630
chr5_MU273354v1_fix	858930	859551	L1ME3_LINE_858930_859551	repeat	621
chr5_MU273354v1_fix	1565386	1566007	L1ME3_LINE_1565386_1566007	repeat	621
chr5_MU273354v1_fix	781709	782324	L1ME3D_LINE_781709_782324	repeat	615
chr5_MU273354v1_fix	1430349	1430964	Tigger1_DNA_1430349_1430964	repeat	615
chr5_MU273354v1_fix	1385991	1386606	L1ME3D_LINE_1385991_1386606	repeat	615
chr5_MU273354v1_fix	1488162	1488777	L1ME3D_LINE_1488162_1488777	repeat	615
chr5_MU273354v1_fix	242837	243452	Tigger1_DNA_242837_243452	repeat	615
chr5_MU273354v1_fix	294988	295600	L1ME3D_LINE_294988_295600	repeat	612
chr5_MU273354v1_fix	1180569	1181180	MER34B-int_LTR_1180569_1181180	repeat	611
chr5_MU273354v1_fix	1105717	1106328	MER34B-int_LTR_1105717_1106328	repeat	611
chr5_MU273354v1_fix	409727	410338	MER34B-int_LTR_409727_410338	repeat	611
chr5_MU273354v1_fix	240931	241541	Tigger1_DNA_240931_241541	repeat	610
chr5_MU273354v1_fix	1428437	1429047	Tigger1_DNA_1428437_1429047	repeat	610
chr5_MU273354v1_fix	842164	842773	MER4B_LTR_842164_842773	repeat	609
chr5_MU273354v1_fix	1548613	1549222	MER4B_LTR_1548613_1549222	repeat	609
chr5_MU273354v1_fix	1522691	1523299	L1PA3_LINE_1522691_1523299	repeat	608
chr5_MU273354v1_fix	816241	816849	L1PA3_LINE_816241_816849	repeat	608
chr5_MU273354v1_fix	1806367	1806972	LTR23-int_LTR_1806367_1806972	repeat	605
chr5_MU273354v1_fix	1334081	1334680	MER76_LTR_1334081_1334680	repeat	599
chr5_MU273354v1_fix	822630	823229	L1MC5a_LINE_822630_823229	repeat	599
chr5_MU273354v1_fix	952188	952787	MER76_LTR_952188_952787	repeat	599
chr5_MU273354v1_fix	1152383	1152982	MER76_LTR_1152383_1152982	repeat	599
chr5_MU273354v1_fix	1658699	1659298	MER76_LTR_1658699_1659298	repeat	599
chr5_MU273354v1_fix	1529080	1529679	L1MC5a_LINE_1529080_1529679	repeat	599
chr5_MU273354v1_fix	2073592	2074188	MER51A_LTR_2073592_2074188	repeat	596
chr5_MU273354v1_fix	438493	439088	MER76_LTR_438493_439088	repeat	595
chr5_MU273354v1_fix	848301	848896	L2_LINE_848301_848896	repeat	595
chr5_MU273354v1_fix	1554747	1555342	L2_LINE_1554747_1555342	repeat	595
chr5_MU273354v1_fix	729750	730343	MER76_LTR_729750_730343	repeat	593
chr5_MU273354v1_fix	1519539	1520132	L2_LINE_1519539_1520132	repeat	593
chr5_MU273354v1_fix	813088	813681	L2_LINE_813088_813681	repeat	593
chr5_MU273354v1_fix	1398778	1399355	L1MB4_LINE_1398778_1399355	repeat	577
chr5_MU273354v1_fix	2059520	2060088	HERVK3-int_LTR_2059520_2060088	repeat	568
chr5_MU273354v1_fix	1500957	1501520	L1M4_LINE_1500957_1501520	repeat	563
chr5_MU273354v1_fix	794508	795071	L1MB4_LINE_794508_795071	repeat	563
chr5_MU273354v1_fix	1886202	1886764	MER41A_LTR_1886202_1886764	repeat	562
chr5_MU273354v1_fix	1892739	1893299	MLT1L_LTR_1892739_1893299	repeat	560
chr5_MU273354v1_fix	1137593	1138152	LTR86C_LTR_1137593_1138152	repeat	559
chr5_MU273354v1_fix	1357368	1357927	L1M4a1_LINE_1357368_1357927	repeat	559
chr5_MU273354v1_fix	453302	453861	LTR86C_LTR_453302_453861	repeat	559
chr5_MU273354v1_fix	1837926	1838485	LTR86C_LTR_1837926_1838485	repeat	559
chr5_MU273354v1_fix	927808	928365	L1M4a2_LINE_927808_928389	repeat	557
chr5_MU273354v1_fix	1634301	1634858	L1M4a2_LINE_1634301_1634882	repeat	557
chr5_MU273354v1_fix	715020	715577	L2_LINE_715020_715577	repeat	557
chr5_MU273354v1_fix	967005	967562	L2_LINE_967005_967562	repeat	557
chr5_MU273354v1_fix	754186	754743	L1M4a2_LINE_754162_754743	repeat	557
chr5_MU273354v1_fix	928962	929518	L1M4a2_LINE_928962_929518	repeat	556
chr5_MU273354v1_fix	753035	753589	L1M4a2_LINE_753035_753589	repeat	554
chr5_MU273354v1_fix	1635455	1636009	L1M4a2_LINE_1635455_1636009	repeat	554
chr5_MU273354v1_fix	75547	76096	L1M4b_LINE_75547_76096	repeat	549
chr5_MU273354v1_fix	1086196	1086743	L1ME1_LINE_1086196_1086743	repeat	547
chr5_MU273354v1_fix	390216	390763	L1ME1_LINE_390216_390763	repeat	547
chr5_MU273354v1_fix	1200135	1200682	L1ME1_LINE_1200135_1200682	repeat	547
chr5_MU273354v1_fix	1787062	1787609	L1ME2_LINE_1787062_1787609	repeat	547
chr5_MU273354v1_fix	292909	293455	HAL1_LINE_292909_293455	repeat	546
chr5_MU273354v1_fix	290896	291441	L1MB5_LINE_290896_291441	repeat	545
chr5_MU273354v1_fix	779630	780175	HAL1_LINE_779630_780175	repeat	545
chr5_MU273354v1_fix	1381920	1382465	L1MB5_LINE_1381920_1382465	repeat	545
chr5_MU273354v1_fix	777608	778153	L1MB5_LINE_777608_778153	repeat	545
chr5_MU273354v1_fix	1484093	1484638	L1MB5_LINE_1484093_1484638	repeat	545
chr5_MU273354v1_fix	1457932	1458476	HUERS-P3-int_LTR_1457922_1458476	repeat	544
chr5_MU273354v1_fix	1397308	1397852	L1MB4_LINE_1397308_1397852	repeat	544
chr5_MU273354v1_fix	270414	270958	HUERS-P3-int_LTR_270404_270958	repeat	544
chr5_MU273354v1_fix	793039	793583	L1MB4_LINE_793039_793583	repeat	544
chr5_MU273354v1_fix	895521	896063	LTR12_v_LTR_895521_896063	repeat	542
chr5_MU273354v1_fix	1601995	1602537	LTR12_v_LTR_1601995_1602537	repeat	542
chr5_MU273354v1_fix	258090	258628	Kanga2_a_DNA_258090_258628	repeat	538
chr5_MU273354v1_fix	1445630	1446168	Kanga2_a_DNA_1445630_1446168	repeat	538
chr5_MU273354v1_fix	1114236	1114773	L2_LINE_1114236_1114773	repeat	537
chr5_MU273354v1_fix	1032006	1032534	L1PB4_LINE_1032006_1032534	repeat	528
chr5_MU273354v1_fix	334727	335255	L1PB4_LINE_334727_335255	repeat	528
chr5_MU273354v1_fix	1733616	1734144	L1PB4_LINE_1733616_1734144	repeat	528
chr5_MU273354v1_fix	1254356	1254884	L1PB4_LINE_1254356_1254884	repeat	528
chr5_MU273354v1_fix	1816098	1816616	MLT1F2_LTR_1816098_1816616	repeat	518
chr5_MU273354v1_fix	419805	420323	MLT1F2_LTR_419805_420323	repeat	518
chr5_MU273354v1_fix	1170919	1171437	MLT1F2_LTR_1170919_1171437	repeat	518
chr5_MU273354v1_fix	1115472	1115990	MLT1F2_LTR_1115472_1115990	repeat	518
chr5_MU273354v1_fix	157123	157640	L1MB7_LINE_157123_157640	repeat	517
chr5_MU273354v1_fix	1383941	1384458	HAL1_LINE_1383941_1384458	repeat	517
chr5_MU273354v1_fix	1486112	1486629	HAL1_LINE_1486112_1486629	repeat	517
chr5_MU273354v1_fix	1733100	1733616	L1M2_LINE_1733100_1733616	repeat	516
chr5_MU273354v1_fix	334211	334727	L1M2_LINE_334211_334727	repeat	516
chr5_MU273354v1_fix	1254884	1255400	L1M2_LINE_1254884_1255400	repeat	516
chr5_MU273354v1_fix	1031490	1032006	L1M2_LINE_1031490_1032006	repeat	516
chr5_MU273354v1_fix	1499488	1500000	L1MB4_LINE_1499488_1500000	repeat	512
chr5_MU273354v1_fix	1883779	1884283	L2a_LINE_1883779_1884283	repeat	504
chr5_MU273354v1_fix	1735113	1735615	L1MC3_LINE_1735113_1735615	repeat	502
chr5_MU273354v1_fix	1033503	1034005	L1MC3_LINE_1033503_1034005	repeat	502
chr5_MU273354v1_fix	1252885	1253387	L1MC3_LINE_1252885_1253387	repeat	502
chr5_MU273354v1_fix	2034294	2034789	L1MC4_LINE_2034294_2034789	repeat	495
chr5_MU273354v1_fix	140201	140695	LTR49_LTR_140201_140695	repeat	494
chr5_MU273354v1_fix	1172176	1172669	L2_LINE_1172176_1172669	repeat	493
chr5_MU273354v1_fix	1814868	1815360	L2_LINE_1814868_1815360	repeat	492
chr5_MU273354v1_fix	418569	419061	L2_LINE_418569_419061	repeat	492
chr5_MU273354v1_fix	336224	336714	L1MC3_LINE_336224_336714	repeat	490
chr5_MU273354v1_fix	1673583	1674067	L2_LINE_1673583_1674067	repeat	484
chr5_MU273354v1_fix	1319318	1319802	L2_LINE_1319318_1319802	repeat	484
chr5_MU273354v1_fix	392057	392539	MLT1C2_LTR_392057_392539	repeat	482
chr5_MU273354v1_fix	1088037	1088519	MLT1C2_LTR_1088037_1088519	repeat	482
chr5_MU273354v1_fix	1198359	1198841	MLT1C2_LTR_1198359_1198841	repeat	482
chr5_MU273354v1_fix	1788902	1789384	MLT1C2_LTR_1788902_1789384	repeat	482
chr5_MU273354v1_fix	1603380	1603861	MLT1E2_LTR_1603380_1603861	repeat	481
chr5_MU273354v1_fix	2059042	2059520	LTR3A_LTR_2059042_2059520	repeat	478
chr5_MU273354v1_fix	2065066	2065543	LTR3A_LTR_2065066_2065543	repeat	477
chr5_MU273354v1_fix	1408835	1409311	L2_LINE_1408835_1409311	repeat	476
chr5_MU273354v1_fix	812464	812940	L2_LINE_812464_812940	repeat	476
chr5_MU273354v1_fix	1518915	1519391	L2_LINE_1518915_1519391	repeat	476
chr5_MU273354v1_fix	1921431	1921906	L1PB4_LINE_1921431_1921906	repeat	475
chr5_MU273354v1_fix	1614806	1615280	MLT2B4_LTR_1614806_1615280	repeat	474
chr5_MU273354v1_fix	908320	908794	MLT2B4_LTR_908320_908794	repeat	474
chr5_MU273354v1_fix	768923	769396	Charlie29b_DNA_768923_769396	repeat	473
chr5_MU273354v1_fix	1373251	1373724	Charlie29b_DNA_1373251_1373724	repeat	473
chr5_MU273354v1_fix	913230	913699	Charlie29b_DNA_913230_913699	repeat	469
chr5_MU273354v1_fix	1619719	1620188	Charlie29b_DNA_1619719_1620188	repeat	469
chr5_MU273354v1_fix	1366238	1366703	L1MC4_LINE_1366238_1366703	repeat	465
chr5_MU273354v1_fix	920185	920650	L1MC4_LINE_920185_920650	repeat	465
chr5_MU273354v1_fix	1626677	1627142	L1MC4_LINE_1626677_1627142	repeat	465
chr5_MU273354v1_fix	761902	762367	L1MC4_LINE_761902_762367	repeat	465
chr5_MU273354v1_fix	358250	358714	MER110-int_LTR_358250_358714	repeat	464
chr5_MU273354v1_fix	1755088	1755552	MER110-int_LTR_1755088_1755552	repeat	464
chr5_MU273354v1_fix	1232167	1232631	MER110-int_LTR_1232167_1232631	repeat	464
chr5_MU273354v1_fix	1054243	1054707	MER110-int_LTR_1054243_1054707	repeat	464
chr5_MU273354v1_fix	896906	897369	MLT1E2_LTR_896906_897369	repeat	463
chr5_MU273354v1_fix	147855	148315	MER1A_DNA_147855_148315	repeat	460
chr5_MU273354v1_fix	1273331	1273789	Tigger17a_DNA_1273331_1273789	repeat	458
chr5_MU273354v1_fix	814952	815410	Tigger17a_DNA_814952_815410	repeat	458
chr5_MU273354v1_fix	1293766	1294224	Tigger17a_DNA_1293766_1294224	repeat	458
chr5_MU273354v1_fix	1717146	1717604	Tigger17a_DNA_1717146_1717604	repeat	458
chr5_MU273354v1_fix	1013109	1013567	Tigger17a_DNA_1013109_1013567	repeat	458
chr5_MU273354v1_fix	1699112	1699570	Tigger17a_DNA_1699112_1699570	repeat	458
chr5_MU273354v1_fix	992652	993110	Tigger17a_DNA_992652_993110	repeat	458
chr5_MU273354v1_fix	2055755	2056213	ERVL-E-int_LTR_2055755_2056213	repeat	458
chr5_MU273354v1_fix	315813	316271	Tigger17a_DNA_315813_316271	repeat	458
chr5_MU273354v1_fix	1856114	1856572	MER65C_LTR_1856114_1856572	repeat	458
chr5_MU273354v1_fix	1521403	1521861	Tigger17a_DNA_1521403_1521861	repeat	458
chr5_MU273354v1_fix	125942	126398	MLT2B1_LTR_125942_126398	repeat	456
chr5_MU273354v1_fix	368618	369071	MLT1D_LTR_368618_369071	repeat	453
chr5_MU273354v1_fix	1221813	1222266	MLT1D_LTR_1221813_1222266	repeat	453
chr5_MU273354v1_fix	1765456	1765909	MLT1D_LTR_1765456_1765909	repeat	453
chr5_MU273354v1_fix	1064608	1065061	MLT1D_LTR_1064608_1065061	repeat	453
chr5_MU273354v1_fix	149228	149676	L1MC4_LINE_149228_149676	repeat	448
chr5_MU273354v1_fix	1908572	1909018	MSTB2_LTR_1908572_1909018	repeat	446
chr5_MU273354v1_fix	1441936	1442380	L1ME4b_LINE_1441936_1442380	repeat	444
chr5_MU273354v1_fix	254398	254841	L1ME4b_LINE_254398_254843	repeat	443
chr5_MU273354v1_fix	72792	73234	L1MA8_LINE_72792_73234	repeat	442
chr5_MU273354v1_fix	948037	948477	MLT1D_LTR_948037_948477	repeat	440
chr5_MU273354v1_fix	1654546	1654986	MLT1D_LTR_1654546_1654986	repeat	440
chr5_MU273354v1_fix	734054	734494	MLT1D_LTR_734054_734494	repeat	440
chr5_MU273354v1_fix	1338395	1338835	MLT1D_LTR_1338395_1338835	repeat	440
chr5_MU273354v1_fix	406570	407008	L1PB1_LINE_406570_407008	repeat	438
chr5_MU273354v1_fix	2014514	2014950	L1MB3_LINE_2014514_2014950	repeat	436
chr5_MU273354v1_fix	858324	858759	MLT1C2_LTR_858324_858759	repeat	435
chr5_MU273354v1_fix	176526	176961	L1MB8_LINE_176526_176961	repeat	435
chr5_MU273354v1_fix	1564780	1565215	MLT1C2_LTR_1564780_1565215	repeat	435
chr5_MU273354v1_fix	1037893	1038325	L1PA3_LINE_1037893_1038325	repeat	432
chr5_MU273354v1_fix	328030	328462	MLT1A0_LTR_328030_328462	repeat	432
chr5_MU273354v1_fix	341892	342324	L1PA3_LINE_341892_342324	repeat	432
chr5_MU273354v1_fix	1875358	1875790	MLT1E2_LTR_1875358_1875790	repeat	432
chr5_MU273354v1_fix	1751152	1751584	L1PA3_LINE_1751152_1751584	repeat	432
chr5_MU273354v1_fix	1248565	1248997	L1PA3_LINE_1248565_1248997	repeat	432
chr5_MU273354v1_fix	1739502	1739933	L1PA3_LINE_1739502_1739933	repeat	431
chr5_MU273354v1_fix	1118423	1118853	MLT1J_LTR_1118423_1118853	repeat	430
chr5_MU273354v1_fix	1168056	1168486	MLT1J_LTR_1168056_1168486	repeat	430
chr5_MU273354v1_fix	1819056	1819486	MLT1J_LTR_1819056_1819486	repeat	430
chr5_MU273354v1_fix	422756	423186	MLT1J_LTR_422756_423186	repeat	430
chr5_MU273354v1_fix	135152	135581	LOR1b_LTR_135152_135581	repeat	429
chr5_MU273354v1_fix	1845633	1846059	L1PA8_LINE_1845633_1846059	repeat	426
chr5_MU273354v1_fix	1253770	1254196	L1MC3_LINE_1253770_1254196	repeat	426
chr5_MU273354v1_fix	1450178	1450604	LTR16D1_LTR_1450178_1450604	repeat	426
chr5_MU273354v1_fix	262650	263076	LTR16D1_LTR_262650_263076	repeat	426
chr5_MU273354v1_fix	1734304	1734730	L1MC3_LINE_1734304_1734730	repeat	426
chr5_MU273354v1_fix	1145305	1145731	L1PA8_LINE_1145305_1145731	repeat	426
chr5_MU273354v1_fix	445728	446154	L1PA8_LINE_445728_446154	repeat	426
chr5_MU273354v1_fix	1032694	1033120	L1MC3_LINE_1032694_1033120	repeat	426
chr5_MU273354v1_fix	335415	335841	L1MC3_LINE_335415_335841	repeat	426
chr5_MU273354v1_fix	1885649	1886074	L2a_LINE_1885649_1886074	repeat	425
chr5_MU273354v1_fix	1533080	1533502	L1MB8_LINE_1533080_1533502	repeat	422
chr5_MU273354v1_fix	826635	827057	L1MB8_LINE_826635_827057	repeat	422
chr5_MU273354v1_fix	1102560	1102980	L1PB1_LINE_1102560_1102980	repeat	420
chr5_MU273354v1_fix	1183899	1184319	L1PB1_LINE_1183899_1184319	repeat	420
chr5_MU273354v1_fix	240511	240931	MER44B_DNA_240511_240931	repeat	420
chr5_MU273354v1_fix	1428017	1428437	MER44B_DNA_1428017_1428437	repeat	420
chr5_MU273354v1_fix	1200682	1201101	MSTA_LTR_1200682_1201101	repeat	419
chr5_MU273354v1_fix	190936	191355	L1ME3F_LINE_190936_191355	repeat	419
chr5_MU273354v1_fix	1085777	1086196	MSTA_LTR_1085777_1086196	repeat	419
chr5_MU273354v1_fix	389797	390216	MSTA_LTR_389797_390216	repeat	419
chr5_MU273354v1_fix	111172	111591	MLT1C_LTR_111172_111591	repeat	419
chr5_MU273354v1_fix	1786643	1787062	MSTA_LTR_1786643_1787062	repeat	419
chr5_MU273354v1_fix	9863	10281	L1MB7_LINE_9863_10281	repeat	418
chr5_MU273354v1_fix	1803420	1803838	L1PB1_LINE_1803420_1803838	repeat	418
chr5_MU273354v1_fix	122837	123252	L1ME4b_LINE_122837_123254	repeat	415
chr5_MU273354v1_fix	2051061	2051476	L1M5_LINE_2051061_2051476	repeat	415
chr5_MU273354v1_fix	1261161	1261576	MLT1A0_LTR_1261161_1261576	repeat	415
chr5_MU273354v1_fix	1726924	1727339	MLT1A0_LTR_1726924_1727339	repeat	415
chr5_MU273354v1_fix	1025322	1025737	MLT1A0_LTR_1025322_1025737	repeat	415
chr5_MU273354v1_fix	1745451	1745864	MLT1J_LTR_1745451_1745864	repeat	413
chr5_MU273354v1_fix	347844	348257	MLT1J_LTR_347844_348257	repeat	413
chr5_MU273354v1_fix	12017	12429	L1MB7_LINE_12017_12429	repeat	412
chr5_MU273354v1_fix	1884288	1884699	LTR80B_LTR_1884288_1884699	repeat	411
chr5_MU273354v1_fix	722446	722856	MLT1A0_LTR_722446_722856	repeat	410
chr5_MU273354v1_fix	959720	960130	MLT1A0_LTR_959720_960130	repeat	410
chr5_MU273354v1_fix	1666235	1666645	MLT1A0_LTR_1666235_1666645	repeat	410
chr5_MU273354v1_fix	1326738	1327148	MLT1A0_LTR_1326738_1327148	repeat	410
chr5_MU273354v1_fix	1365213	1365622	L1PA10_LINE_1365213_1365622	repeat	409
chr5_MU273354v1_fix	1627759	1628168	L1PA10_LINE_1627759_1628168	repeat	409
chr5_MU273354v1_fix	921267	921676	L1PA10_LINE_921267_921676	repeat	409
chr5_MU273354v1_fix	760876	761285	L1PA10_LINE_760876_761285	repeat	409
chr5_MU273354v1_fix	1122261	1122668	L1ME1_LINE_1122261_1122668	repeat	407
chr5_MU273354v1_fix	1822904	1823311	L1ME1_LINE_1822904_1823311	repeat	407
chr5_MU273354v1_fix	1164233	1164640	L1ME1_LINE_1164233_1164640	repeat	407
chr5_MU273354v1_fix	426599	427006	L1ME1_LINE_426599_427006	repeat	407
chr5_MU273354v1_fix	1242626	1243030	MLT1J_LTR_1242626_1243030	repeat	404
chr5_MU273354v1_fix	1043844	1044248	MLT1J_LTR_1043844_1044248	repeat	404
chr5_MU273354v1_fix	333507	333908	L1M2_LINE_333507_333908	repeat	401
chr5_MU273354v1_fix	1732393	1732794	L1M2_LINE_1732393_1732794	repeat	401
chr5_MU273354v1_fix	1030783	1031184	L1M2_LINE_1030783_1031184	repeat	401
chr5_MU273354v1_fix	1255706	1256107	L1M2_LINE_1255706_1256107	repeat	401
chr5_MU273354v1_fix	2022745	2023146	MLT1C2_LTR_2022745_2023146	repeat	401
chr5_MU273354v1_fix	199941	200339	LTR56_LTR_199941_200339	repeat	398
chr5_MU273354v1_fix	1358524	1358922	L1M4a1_LINE_1358500_1358922	repeat	398
chr5_MU273354v1_fix	753589	753986	MLT1C_LTR_753589_753986	repeat	397
chr5_MU273354v1_fix	1357927	1358324	MLT1C_LTR_1357927_1358324	repeat	397
chr5_MU273354v1_fix	1635058	1635455	MLT1C_LTR_1635058_1635455	repeat	397
chr5_MU273354v1_fix	928565	928962	MLT1C_LTR_928565_928962	repeat	397
chr5_MU273354v1_fix	1613842	1614237	HAL1_LINE_1613842_1614237	repeat	395
chr5_MU273354v1_fix	1990033	1990428	AluSx_SINE_1990033_1990428	repeat	395
chr5_MU273354v1_fix	907359	907754	HAL1_LINE_907359_907754	repeat	395
chr5_MU273354v1_fix	800485	800880	L1MC4_LINE_800485_800880	repeat	395
chr5_MU273354v1_fix	1506933	1507328	L1MC4_LINE_1506933_1507328	repeat	395
chr5_MU273354v1_fix	1959645	1960038	L1MEf_LINE_1959645_1960038	repeat	393
chr5_MU273354v1_fix	1112991	1113382	MSTA_LTR_1112991_1113382	repeat	391
chr5_MU273354v1_fix	417324	417715	MSTA_LTR_417324_417715	repeat	391
chr5_MU273354v1_fix	1813623	1814014	MSTA_LTR_1813623_1814014	repeat	391
chr5_MU273354v1_fix	1173525	1173916	MSTA_LTR_1173525_1173916	repeat	391
chr5_MU273354v1_fix	1553162	1553552	MSTA_LTR_1553162_1553552	repeat	390
chr5_MU273354v1_fix	846714	847104	MSTA_LTR_846714_847104	repeat	390
chr5_MU273354v1_fix	885732	886117	L1PB4_LINE_885732_886117	repeat	385
chr5_MU273354v1_fix	194229	194614	MER49_LTR_194229_194614	repeat	385
chr5_MU273354v1_fix	1063780	1064164	THE1D_LTR_1063780_1064164	repeat	384
chr5_MU273354v1_fix	367790	368174	THE1D_LTR_367790_368174	repeat	384
chr5_MU273354v1_fix	1764628	1765012	THE1D_LTR_1764628_1765012	repeat	384
chr5_MU273354v1_fix	1222710	1223094	MSTA_LTR_1222710_1223094	repeat	384
chr5_MU273354v1_fix	335841	336224	MSTA_LTR_335841_336224	repeat	383
chr5_MU273354v1_fix	1253387	1253770	MSTA_LTR_1253387_1253770	repeat	383
chr5_MU273354v1_fix	1734730	1735113	MSTA_LTR_1734730_1735113	repeat	383
chr5_MU273354v1_fix	1033120	1033503	MSTA_LTR_1033120_1033503	repeat	383
chr5_MU273354v1_fix	2052486	2052868	Tigger3a_DNA_2052486_2052868	repeat	382
chr5_MU273354v1_fix	177257	177638	L1MB8_LINE_177257_177638	repeat	381
chr5_MU273354v1_fix	905678	906059	L1MC5a_LINE_905678_906059	repeat	381
chr5_MU273354v1_fix	1612161	1612542	L1MC5a_LINE_1612161_1612542	repeat	381
chr5_MU273354v1_fix	1123687	1124067	(GGAAG)n_Simple_repeat_1123687_1124067	repeat	380
chr5_MU273354v1_fix	1813211	1813591	THE1D_LTR_1813211_1813591	repeat	380
chr5_MU273354v1_fix	969515	969894	L1PA13_LINE_969515_969894	repeat	379
chr5_MU273354v1_fix	1676017	1676396	L1PA13_LINE_1676017_1676396	repeat	379
chr5_MU273354v1_fix	1345188	1345567	THE1D_LTR_1345188_1345567	repeat	379
chr5_MU273354v1_fix	1583467	1583846	THE1D_LTR_1583467_1583846	repeat	379
chr5_MU273354v1_fix	877002	877381	THE1D_LTR_877002_877381	repeat	379
chr5_MU273354v1_fix	740847	741226	THE1D_LTR_740847_741226	repeat	379
chr5_MU273354v1_fix	1647827	1648206	THE1D_LTR_1647827_1648206	repeat	379
chr5_MU273354v1_fix	941324	941703	THE1D_LTR_941324_941703	repeat	379
chr5_MU273354v1_fix	1316988	1317367	L1PA13_LINE_1316988_1317367	repeat	379
chr5_MU273354v1_fix	1851385	1851764	L1ME2_LINE_1851385_1851764	repeat	379
chr5_MU273354v1_fix	712691	713070	L1PA13_LINE_712691_713070	repeat	379
chr5_MU273354v1_fix	964484	964862	THE1C_LTR_964484_964862	repeat	378
chr5_MU273354v1_fix	717714	718092	THE1C_LTR_717714_718092	repeat	378
chr5_MU273354v1_fix	1670999	1671377	THE1C_LTR_1670999_1671377	repeat	378
chr5_MU273354v1_fix	1112581	1112959	THE1D_LTR_1112581_1112959	repeat	378
chr5_MU273354v1_fix	416582	416960	THE1D_LTR_416582_416960	repeat	378
chr5_MU273354v1_fix	1173948	1174326	THE1D_LTR_1173948_1174326	repeat	378
chr5_MU273354v1_fix	1322006	1322384	THE1C_LTR_1322006_1322384	repeat	378
chr5_MU273354v1_fix	1431268	1431644	Tigger1_DNA_1431268_1431644	repeat	376
chr5_MU273354v1_fix	1881131	1881507	MLT1A0_LTR_1881131_1881507	repeat	376
chr5_MU273354v1_fix	860568	860944	THE1C_LTR_860568_860944	repeat	376
chr5_MU273354v1_fix	767664	768040	L1ME2z_LINE_767664_768040	repeat	376
chr5_MU273354v1_fix	243755	244131	Tigger1_DNA_243755_244131	repeat	376
chr5_MU273354v1_fix	1567024	1567400	THE1C_LTR_1567024_1567400	repeat	376
chr5_MU273354v1_fix	953396	953770	THE1D_LTR_953396_953770	repeat	374
chr5_MU273354v1_fix	1110236	1110610	MSTA_LTR_1110236_1110610	repeat	374
chr5_MU273354v1_fix	437510	437884	THE1D_LTR_437510_437884	repeat	374
chr5_MU273354v1_fix	360319	360693	MLT1A_LTR_360319_360693	repeat	374
chr5_MU273354v1_fix	1868101	1868475	THE1B_LTR_1868101_1868475	repeat	374
chr5_MU273354v1_fix	1153591	1153965	THE1D_LTR_1153591_1153965	repeat	374
chr5_MU273354v1_fix	414247	414621	MSTA_LTR_414247_414621	repeat	374
chr5_MU273354v1_fix	65625	65999	AluJb_SINE_65625_65999	repeat	374
chr5_MU273354v1_fix	1061784	1062158	THE1D_LTR_1061784_1062158	repeat	374
chr5_MU273354v1_fix	1762632	1763006	THE1D_LTR_1762632_1763006	repeat	374
chr5_MU273354v1_fix	365794	366168	THE1D_LTR_365794_366168	repeat	374
chr5_MU273354v1_fix	1810875	1811249	MSTA_LTR_1810875_1811249	repeat	374
chr5_MU273354v1_fix	1333098	1333472	THE1D_LTR_1333098_1333472	repeat	374
chr5_MU273354v1_fix	1224716	1225090	MSTA_LTR_1224716_1225090	repeat	374
chr5_MU273354v1_fix	1176287	1176661	MSTA_LTR_1176287_1176661	repeat	374
chr5_MU273354v1_fix	1659907	1660281	THE1D_LTR_1659907_1660281	repeat	374
chr5_MU273354v1_fix	728767	729141	THE1D_LTR_728767_729141	repeat	374
chr5_MU273354v1_fix	2016838	2017211	L1MB8_LINE_2016838_2017211	repeat	373
chr5_MU273354v1_fix	943202	943573	THE1D_LTR_943202_943573	repeat	371
chr5_MU273354v1_fix	1627144	1627515	MLT1F2_LTR_1627144_1627515	repeat	371
chr5_MU273354v1_fix	1649705	1650076	THE1D_LTR_1649705_1650076	repeat	371
chr5_MU273354v1_fix	1343318	1343689	THE1D_LTR_1343318_1343689	repeat	371
chr5_MU273354v1_fix	738977	739348	THE1D_LTR_738977_739348	repeat	371
chr5_MU273354v1_fix	920652	921023	MLT1F2_LTR_920652_921023	repeat	371
chr5_MU273354v1_fix	1365865	1366236	MLT1F2_LTR_1365865_1366236	repeat	371
chr5_MU273354v1_fix	761529	761900	MLT1F2_LTR_761529_761900	repeat	371
chr5_MU273354v1_fix	880936	881305	LTR16B_LTR_880936_881305	repeat	369
chr5_MU273354v1_fix	1638618	1638987	THE1D_LTR_1638618_1638987	repeat	369
chr5_MU273354v1_fix	932132	932501	THE1D_LTR_932132_932501	repeat	369
chr5_MU273354v1_fix	1604061	1604430	THE1D_LTR_1604061_1604430	repeat	369
chr5_MU273354v1_fix	1354393	1354762	THE1D_LTR_1354393_1354762	repeat	369
chr5_MU273354v1_fix	1587401	1587770	LTR16B_LTR_1587401_1587770	repeat	369
chr5_MU273354v1_fix	750051	750420	THE1D_LTR_750051_750420	repeat	369
chr5_MU273354v1_fix	897587	897956	THE1D_LTR_897587_897956	repeat	369
chr5_MU273354v1_fix	1653651	1654018	THE1D_LTR_1653651_1654018	repeat	367
chr5_MU273354v1_fix	735027	735394	THE1D_LTR_735027_735394	repeat	367
chr5_MU273354v1_fix	1339369	1339736	THE1D_LTR_1339369_1339736	repeat	367
chr5_MU273354v1_fix	947145	947512	THE1D_LTR_947145_947512	repeat	367
chr5_MU273354v1_fix	103599	103966	AluSx_SINE_103599_103966	repeat	367
chr5_MU273354v1_fix	1787823	1788187	L1ME2_LINE_1787823_1788187	repeat	364
chr5_MU273354v1_fix	1328252	1328616	MLT1A0_LTR_1328252_1328616	repeat	364
chr5_MU273354v1_fix	1592199	1592563	L1PB4_LINE_1592199_1592563	repeat	364
chr5_MU273354v1_fix	1199557	1199921	L1ME1_LINE_1199557_1199921	repeat	364
chr5_MU273354v1_fix	390977	391341	L1ME1_LINE_390977_391341	repeat	364
chr5_MU273354v1_fix	1664767	1665131	MLT1A0_LTR_1664767_1665131	repeat	364
chr5_MU273354v1_fix	1086957	1087321	L1ME1_LINE_1086957_1087321	repeat	364
chr5_MU273354v1_fix	1087527	1087890	L1ME1_LINE_1087527_1087890	repeat	363
chr5_MU273354v1_fix	1198988	1199351	L1ME1_LINE_1198988_1199351	repeat	363
chr5_MU273354v1_fix	391547	391910	L1ME1_LINE_391547_391910	repeat	363
chr5_MU273354v1_fix	807696	808058	MER47A_DNA_807696_808058	repeat	362
chr5_MU273354v1_fix	1404073	1404435	MER47A_DNA_1404073_1404435	repeat	362
chr5_MU273354v1_fix	1514145	1514507	MER47A_DNA_1514145_1514507	repeat	362
chr5_MU273354v1_fix	1788394	1788755	L1ME2_LINE_1788394_1788755	repeat	361
chr5_MU273354v1_fix	1792722	1793083	MER2_DNA_1792722_1793083	repeat	361
chr5_MU273354v1_fix	2098565	2098925	L1ME3Cz_LINE_2098565_2098925	repeat	360
chr5_MU273354v1_fix	395876	396235	MER2_DNA_395876_396235	repeat	359
chr5_MU273354v1_fix	1194663	1195022	MER2_DNA_1194663_1195022	repeat	359
chr5_MU273354v1_fix	1091856	1092215	MER2_DNA_1091856_1092215	repeat	359
chr5_MU273354v1_fix	152135	152493	L2a_LINE_152135_152493	repeat	358
chr5_MU273354v1_fix	1869055	1869413	MLT1C2_LTR_1869055_1869413	repeat	358
chr5_MU273354v1_fix	427092	427449	L1ME1_LINE_427092_427449	repeat	357
chr5_MU273354v1_fix	1271852	1272209	THE1B_LTR_1271852_1272209	repeat	357
chr5_MU273354v1_fix	1292287	1292644	THE1B_LTR_1292287_1292644	repeat	357
chr5_MU273354v1_fix	1823382	1823739	L1ME1_LINE_1823382_1823739	repeat	357
chr5_MU273354v1_fix	1326381	1326738	MLT1A0_LTR_1326381_1326738	repeat	357
chr5_MU273354v1_fix	1014689	1015046	THE1B_LTR_1014689_1015046	repeat	357
chr5_MU273354v1_fix	994233	994590	THE1B_LTR_994233_994590	repeat	357
chr5_MU273354v1_fix	135696	136053	MSTB_LTR_135696_136053	repeat	357
chr5_MU273354v1_fix	1122799	1123156	L1ME1_LINE_1122799_1123156	repeat	357
chr5_MU273354v1_fix	960130	960487	MLT1A0_LTR_960130_960487	repeat	357
chr5_MU273354v1_fix	1163745	1164102	L1ME1_LINE_1163745_1164102	repeat	357
chr5_MU273354v1_fix	1666645	1667002	MLT1A0_LTR_1666645_1667002	repeat	357
chr5_MU273354v1_fix	722089	722446	MLT1A0_LTR_722089_722446	repeat	357
chr5_MU273354v1_fix	1718732	1719089	THE1B_LTR_1718732_1719089	repeat	357
chr5_MU273354v1_fix	317399	317756	THE1B_LTR_317399_317756	repeat	357
chr5_MU273354v1_fix	958252	958609	MLT1A0_LTR_958252_958609	repeat	357
chr5_MU273354v1_fix	1700701	1701057	THE1B_LTR_1700701_1701057	repeat	356
chr5_MU273354v1_fix	970955	971311	MSTB_LTR_970955_971311	repeat	356
chr5_MU273354v1_fix	1315571	1315927	MSTB_LTR_1315571_1315927	repeat	356
chr5_MU273354v1_fix	711274	711630	MSTB_LTR_711274_711630	repeat	356
chr5_MU273354v1_fix	1677458	1677814	MSTB_LTR_1677458_1677814	repeat	356
chr5_MU273354v1_fix	1925019	1925374	L2c_LINE_1925019_1925374	repeat	355
chr5_MU273354v1_fix	1141429	1141784	MER89_LTR_1141417_1141784	repeat	355
chr5_MU273354v1_fix	449675	450030	MER89_LTR_449675_450042	repeat	355
chr5_MU273354v1_fix	723969	724324	MLT1A0_LTR_723969_724324	repeat	355
chr5_MU273354v1_fix	1841757	1842112	MER89_LTR_1841745_1842112	repeat	355
chr5_MU273354v1_fix	280823	281177	AluSz_SINE_280823_281177	repeat	354
chr5_MU273354v1_fix	1474052	1474406	AluSz_SINE_1474052_1474406	repeat	354
chr5_MU273354v1_fix	2100022	2100375	MLT1C2_LTR_2100022_2100375	repeat	353
chr5_MU273354v1_fix	809657	810010	MSTB_LTR_809657_810010	repeat	353
chr5_MU273354v1_fix	1516107	1516460	MSTB_LTR_1516107_1516460	repeat	353
chr5_MU273354v1_fix	1406027	1406380	MSTB_LTR_1406027_1406380	repeat	353
chr5_MU273354v1_fix	134295	134647	MLT1K_LTR_134295_134647	repeat	352
chr5_MU273354v1_fix	934153	934500	L1MEd_LINE_934153_934500	repeat	347
chr5_MU273354v1_fix	1640639	1640986	L1MEd_LINE_1640639_1640986	repeat	347
chr5_MU273354v1_fix	102537	102884	L1MB7_LINE_102537_102884	repeat	347
chr5_MU273354v1_fix	1352395	1352742	L1MEd_LINE_1352395_1352742	repeat	347
chr5_MU273354v1_fix	1388319	1388666	L1MEc_LINE_1388319_1388666	repeat	347
chr5_MU273354v1_fix	748052	748399	L1MEd_LINE_748052_748399	repeat	347
chr5_MU273354v1_fix	1490489	1490836	L1MEc_LINE_1490489_1490836	repeat	347
chr5_MU273354v1_fix	784037	784384	L1MEc_LINE_784037_784384	repeat	347
chr5_MU273354v1_fix	91802	92148	L1PA2_LINE_91802_92148	repeat	346
chr5_MU273354v1_fix	1597620	1597964	Arthur2_DNA_1597620_1597964	repeat	344
chr5_MU273354v1_fix	2025080	2025424	L1MB8_LINE_2025080_2025424	repeat	344
chr5_MU273354v1_fix	891146	891490	Arthur2_DNA_891146_891490	repeat	344
chr5_MU273354v1_fix	218417	218758	L1ME3A_LINE_218417_218758	repeat	341
chr5_MU273354v1_fix	1472722	1473062	AluJb_SINE_1472722_1473062	repeat	340
chr5_MU273354v1_fix	279508	279848	AluJb_SINE_279508_279848	repeat	340
chr5_MU273354v1_fix	203901	204240	AluJb_SINE_203901_204240	repeat	339
chr5_MU273354v1_fix	145493	145831	7SLRNA_srpRNA_145493_145831	repeat	338
chr5_MU273354v1_fix	752066	752404	L1PREC2_LINE_752066_752404	repeat	338
chr5_MU273354v1_fix	930149	930487	L1PREC2_LINE_930149_930487	repeat	338
chr5_MU273354v1_fix	1636640	1636978	L1PREC2_LINE_1636640_1636978	repeat	338
chr5_MU273354v1_fix	1462056	1462394	LTR108e_Mam_LTR_1462056_1462394	repeat	338
chr5_MU273354v1_fix	1300055	1300393	AluSx_SINE_1300055_1300393	repeat	338
chr5_MU273354v1_fix	1279622	1279960	AluSx_SINE_1279622_1279960	repeat	338
chr5_MU273354v1_fix	1356404	1356742	L1PREC2_LINE_1356404_1356742	repeat	338
chr5_MU273354v1_fix	274538	274874	LTR108e_Mam_LTR_274538_274874	repeat	336
chr5_MU273354v1_fix	1156312	1156647	MLT1A_LTR_1156312_1156647	repeat	335
chr5_MU273354v1_fix	460228	460563	MLT1A_LTR_460228_460563	repeat	335
chr5_MU273354v1_fix	1549222	1549557	L1MC4_LINE_1549222_1549557	repeat	335
chr5_MU273354v1_fix	842773	843108	L1MC4_LINE_842773_843108	repeat	335
chr5_MU273354v1_fix	417842	418176	MER31B_LTR_417842_418176	repeat	334
chr5_MU273354v1_fix	2001687	2002021	L1ME4b_LINE_2001687_2002021	repeat	334
chr5_MU273354v1_fix	1814141	1814475	MER31B_LTR_1814141_1814475	repeat	334
chr5_MU273354v1_fix	1173064	1173398	MER31B_LTR_1173064_1173398	repeat	334
chr5_MU273354v1_fix	1451625	1451959	AluJb_SINE_1451625_1451959	repeat	334
chr5_MU273354v1_fix	1113509	1113843	MER31B_LTR_1113509_1113843	repeat	334
chr5_MU273354v1_fix	2040865	2041198	L2c_LINE_2040865_2041198	repeat	333
chr5_MU273354v1_fix	204517	204848	Tigger3b_DNA_204517_204848	repeat	331
chr5_MU273354v1_fix	69413	69743	L1MC4_LINE_69413_69743	repeat	330
chr5_MU273354v1_fix	1432072	1432402	MER2_DNA_1432072_1432402	repeat	330
chr5_MU273354v1_fix	244559	244889	MER2_DNA_244559_244889	repeat	330
chr5_MU273354v1_fix	1669406	1669735	L1PB4_LINE_1669406_1669754	repeat	329
chr5_MU273354v1_fix	1323648	1323977	L1PB4_LINE_1323629_1323977	repeat	329
chr5_MU273354v1_fix	1561894	1562223	MER65C_LTR_1561894_1562223	repeat	329
chr5_MU273354v1_fix	719356	719685	L1PB4_LINE_719349_719685	repeat	329
chr5_MU273354v1_fix	1400802	1401131	AluSx_SINE_1400802_1401131	repeat	329
chr5_MU273354v1_fix	1938329	1938658	AluY_SINE_1938329_1938658	repeat	329
chr5_MU273354v1_fix	1856572	1856901	L2a_LINE_1856572_1856901	repeat	329
chr5_MU273354v1_fix	1621056	1621385	L1ME2z_LINE_1621056_1621385	repeat	329
chr5_MU273354v1_fix	855438	855767	MER65C_LTR_855438_855767	repeat	329
chr5_MU273354v1_fix	962891	963220	L1PB4_LINE_962891_963227	repeat	329
chr5_MU273354v1_fix	914567	914895	L1ME2z_LINE_914567_914895	repeat	328
chr5_MU273354v1_fix	2078881	2079209	AluJo_SINE_2078881_2079209	repeat	328
chr5_MU273354v1_fix	807367	807694	AluSx_SINE_807367_807694	repeat	327
chr5_MU273354v1_fix	111661	111988	AluSx_SINE_111661_111988	repeat	327
chr5_MU273354v1_fix	1513816	1514143	AluSx_SINE_1513816_1514143	repeat	327
chr5_MU273354v1_fix	847304	847631	AluJb_SINE_847304_847631	repeat	327
chr5_MU273354v1_fix	1553752	1554078	AluJb_SINE_1553752_1554078	repeat	326
chr5_MU273354v1_fix	118431	118756	AluSx_SINE_118431_118756	repeat	325
chr5_MU273354v1_fix	187823	188148	L1ME3G_LINE_187823_188148	repeat	325
chr5_MU273354v1_fix	1403747	1404071	AluSx_SINE_1403747_1404071	repeat	324
chr5_MU273354v1_fix	193370	193692	MER49_LTR_193370_193692	repeat	322
chr5_MU273354v1_fix	68449	68771	AluY_SINE_68449_68771	repeat	322
chr5_MU273354v1_fix	2070188	2070510	ERVL-E-int_LTR_2070188_2070510	repeat	322
chr5_MU273354v1_fix	330475	330796	L2a_LINE_330475_330796	repeat	321
chr5_MU273354v1_fix	264097	264418	AluJb_SINE_264097_264418	repeat	321
chr5_MU273354v1_fix	789177	789498	AluJb_SINE_789177_789498	repeat	321
chr5_MU273354v1_fix	813692	814012	Looper_DNA_813692_814012	repeat	320
chr5_MU273354v1_fix	1393449	1393769	AluJb_SINE_1393449_1393769	repeat	320
chr5_MU273354v1_fix	1520143	1520463	Looper_DNA_1520143_1520463	repeat	320
chr5_MU273354v1_fix	861555	861875	AluY_SINE_861555_861875	repeat	320
chr5_MU273354v1_fix	2098925	2099245	AluYk3_SINE_2098925_2099245	repeat	320
chr5_MU273354v1_fix	1495627	1495947	AluJb_SINE_1495627_1495947	repeat	320
chr5_MU273354v1_fix	1568010	1568330	AluY_SINE_1568010_1568330	repeat	320
chr5_MU273354v1_fix	1011852	1012171	L1PREC2_LINE_1011852_1012171	repeat	319
chr5_MU273354v1_fix	235186	235505	AluSc_SINE_235186_235505	repeat	319
chr5_MU273354v1_fix	416971	417290	AluYa5_SINE_416971_417290	repeat	319
chr5_MU273354v1_fix	1697858	1698177	L1PREC2_LINE_1697858_1698177	repeat	319
chr5_MU273354v1_fix	2017366	2017685	AluJb_SINE_2017366_2017685	repeat	319
chr5_MU273354v1_fix	1274729	1275048	L1PREC2_LINE_1274729_1275048	repeat	319
chr5_MU273354v1_fix	116614	116933	AluY_SINE_116614_116933	repeat	319
chr5_MU273354v1_fix	991394	991713	L1PREC2_LINE_991394_991713	repeat	319
chr5_MU273354v1_fix	1715893	1716211	L1PREC2_LINE_1715893_1716211	repeat	318
chr5_MU273354v1_fix	2023988	2024306	AluSx_SINE_2023988_2024306	repeat	318
chr5_MU273354v1_fix	1295164	1295482	L1PREC2_LINE_1295164_1295482	repeat	318
chr5_MU273354v1_fix	314561	314879	L1PREC2_LINE_314561_314879	repeat	318
chr5_MU273354v1_fix	152647	152965	AluSx_SINE_152647_152965	repeat	318
chr5_MU273354v1_fix	1676473	1676791	AluSx_SINE_1676473_1676791	repeat	318
chr5_MU273354v1_fix	215762	216080	AluY_SINE_215762_216080	repeat	318
chr5_MU273354v1_fix	1383109	1383426	AluY_SINE_1383109_1383426	repeat	317
chr5_MU273354v1_fix	969971	970288	AluSx_SINE_969971_970288	repeat	317
chr5_MU273354v1_fix	286163	286480	AluYh7_SINE_286163_286480	repeat	317
chr5_MU273354v1_fix	1962235	1962552	AluJb_SINE_1962235_1962552	repeat	317
chr5_MU273354v1_fix	151693	152010	AluJo_SINE_151693_152010	repeat	317
chr5_MU273354v1_fix	1121648	1121964	AluSx_SINE_1121648_1121964	repeat	316
chr5_MU273354v1_fix	1485282	1485598	AluY_SINE_1485282_1485598	repeat	316
chr5_MU273354v1_fix	1582658	1582974	AluSx_SINE_1582658_1582974	repeat	316
chr5_MU273354v1_fix	1501522	1501838	AluSx_SINE_1501522_1501838	repeat	316
chr5_MU273354v1_fix	876193	876509	AluSx_SINE_876193_876509	repeat	316
chr5_MU273354v1_fix	795073	795389	AluSx_SINE_795073_795389	repeat	316
chr5_MU273354v1_fix	5891	6206	AluSx_SINE_5891_6206	repeat	315
chr5_MU273354v1_fix	328462	328777	AluSx_SINE_328462_328777	repeat	315
chr5_MU273354v1_fix	1212365	1212680	L1PA10_LINE_1212365_1212680	repeat	315
chr5_MU273354v1_fix	778801	779116	AluY_SINE_778801_779116	repeat	315
chr5_MU273354v1_fix	1429047	1429362	AluJr_SINE_1429047_1429362	repeat	315
chr5_MU273354v1_fix	371921	372236	AluSx_SINE_371921_372236	repeat	315
chr5_MU273354v1_fix	867068	867383	AluSx_SINE_867068_867383	repeat	315
chr5_MU273354v1_fix	1555763	1556078	AluYm1_SINE_1555763_1556078	repeat	315
chr5_MU273354v1_fix	849317	849632	AluYm1_SINE_849317_849632	repeat	315
chr5_MU273354v1_fix	1479382	1479697	AluYh7_SINE_1479382_1479697	repeat	315
chr5_MU273354v1_fix	751751	752066	AluSc_SINE_751751_752066	repeat	315
chr5_MU273354v1_fix	1874645	1874960	L1MA9_LINE_1874645_1874960	repeat	315
chr5_MU273354v1_fix	1074208	1074523	L1PA10_LINE_1074208_1074523	repeat	315
chr5_MU273354v1_fix	122133	122448	AluJr_SINE_122133_122448	repeat	315
chr5_MU273354v1_fix	772880	773195	AluY_SINE_772880_773195	repeat	315
chr5_MU273354v1_fix	930487	930801	AluSc_SINE_930487_930801	repeat	314
chr5_MU273354v1_fix	1573535	1573849	AluSx_SINE_1573535_1573849	repeat	314
chr5_MU273354v1_fix	1419733	1420047	Tigger3a_DNA_1419733_1420047	repeat	314
chr5_MU273354v1_fix	1453829	1454143	AluY_SINE_1453829_1454143	repeat	314
chr5_MU273354v1_fix	232225	232539	Tigger3a_DNA_232225_232539	repeat	314
chr5_MU273354v1_fix	1775038	1775352	L1PA10_LINE_1775038_1775352	repeat	314
chr5_MU273354v1_fix	378232	378546	L1PA10_LINE_378232_378546	repeat	314
chr5_MU273354v1_fix	1377215	1377529	AluYh7_SINE_1377215_1377529	repeat	314
chr5_MU273354v1_fix	2079240	2079554	AluSx_SINE_2079240_2079554	repeat	314
chr5_MU273354v1_fix	2020590	2020904	AluJr_SINE_2020590_2020904	repeat	314
chr5_MU273354v1_fix	326052	326366	AluYk2_SINE_326052_326366	repeat	314
chr5_MU273354v1_fix	1571331	1571645	AluSx_SINE_1571331_1571645	repeat	314
chr5_MU273354v1_fix	4437	4750	AluSx_SINE_4437_4750	repeat	313
chr5_MU273354v1_fix	113552	113865	AluSx_SINE_113552_113865	repeat	313
chr5_MU273354v1_fix	1510498	1510811	AluSx_SINE_1510498_1510811	repeat	313
chr5_MU273354v1_fix	1218660	1218973	AluSx_SINE_1218660_1218973	repeat	313
chr5_MU273354v1_fix	1067903	1068216	AluSx_SINE_1067903_1068216	repeat	313
chr5_MU273354v1_fix	804050	804363	AluSx_SINE_804050_804363	repeat	313
chr5_MU273354v1_fix	171216	171529	AluSx_SINE_171216_171529	repeat	313
chr5_MU273354v1_fix	131511	131824	AluSx_SINE_131511_131824	repeat	313
chr5_MU273354v1_fix	864867	865180	AluSx_SINE_864867_865180	repeat	313
chr5_MU273354v1_fix	1530499	1530812	AluSx_SINE_1530499_1530812	repeat	313
chr5_MU273354v1_fix	1278072	1278384	AluSx_SINE_1278072_1278384	repeat	312
chr5_MU273354v1_fix	2005582	2005894	AluJb_SINE_2005582_2005894	repeat	312
chr5_MU273354v1_fix	1008512	1008824	AluSx_SINE_1008512_1008824	repeat	312
chr5_MU273354v1_fix	1398372	1398684	AluSx_SINE_1398372_1398684	repeat	312
chr5_MU273354v1_fix	1399355	1399667	AluSx_SINE_1399355_1399667	repeat	312
chr5_MU273354v1_fix	14744	15056	AluSx_SINE_14744_15056	repeat	312
chr5_MU273354v1_fix	1767699	1768011	MLT1D_LTR_1767699_1768011	repeat	312
chr5_MU273354v1_fix	765032	765344	AluJr_SINE_765032_765344	repeat	312
chr5_MU273354v1_fix	1712562	1712874	AluSx_SINE_1712562_1712874	repeat	312
chr5_MU273354v1_fix	256564	256876	AluSx_SINE_256564_256876	repeat	312
chr5_MU273354v1_fix	1356092	1356404	AluSc_SINE_1356092_1356404	repeat	312
chr5_MU273354v1_fix	105363	105675	AluSx_SINE_105363_105675	repeat	312
chr5_MU273354v1_fix	2014950	2015262	AluSx_SINE_2014950_2015262	repeat	312
chr5_MU273354v1_fix	266289	266601	AluY_SINE_266289_266601	repeat	312
chr5_MU273354v1_fix	247181	247493	AluSx_SINE_247181_247493	repeat	312
chr5_MU273354v1_fix	63548	63860	AluSx_SINE_63548_63860	repeat	312
chr5_MU273354v1_fix	762688	763000	AluSx_SINE_762688_763000	repeat	312
chr5_MU273354v1_fix	824050	824362	AluSx_SINE_824050_824362	repeat	312
chr5_MU273354v1_fix	1965124	1965436	AluSx_SINE_1965124_1965436	repeat	312
chr5_MU273354v1_fix	1499176	1499488	AluSx_SINE_1499176_1499488	repeat	312
chr5_MU273354v1_fix	1914560	1914872	AluSx_SINE_1914560_1914872	repeat	312
chr5_MU273354v1_fix	1987457	1987769	AluSx_SINE_1987457_1987769	repeat	312
chr5_MU273354v1_fix	1927219	1927531	AluY_SINE_1927219_1927531	repeat	312
chr5_MU273354v1_fix	2078566	2078878	AluSx_SINE_2078566_2078878	repeat	312
chr5_MU273354v1_fix	1369367	1369679	AluJr_SINE_1369367_1369679	repeat	312
chr5_MU273354v1_fix	988071	988383	AluSx_SINE_988071_988383	repeat	312
chr5_MU273354v1_fix	792727	793039	AluSx_SINE_792727_793039	repeat	312
chr5_MU273354v1_fix	2045685	2045997	AluSx_SINE_2045685_2045997	repeat	312
chr5_MU273354v1_fix	1298506	1298818	AluSx_SINE_1298506_1298818	repeat	312
chr5_MU273354v1_fix	311219	311531	AluSx_SINE_311219_311531	repeat	312
chr5_MU273354v1_fix	1396996	1397308	AluSx_SINE_1396996_1397308	repeat	312
chr5_MU273354v1_fix	786414	786725	AluSx_SINE_786414_786725	repeat	311
chr5_MU273354v1_fix	264632	264943	AluSx_SINE_264632_264943	repeat	311
chr5_MU273354v1_fix	1568676	1568987	AluSx_SINE_1568676_1568987	repeat	311
chr5_MU273354v1_fix	1143693	1144004	AluSx_SINE_1143693_1144004	repeat	311
chr5_MU273354v1_fix	1390686	1390997	AluSx_SINE_1390686_1390997	repeat	311
chr5_MU273354v1_fix	208904	209215	AluSx_SINE_208904_209215	repeat	311
chr5_MU273354v1_fix	737272	737583	AluSx_SINE_737272_737583	repeat	311
chr5_MU273354v1_fix	1546298	1546609	AluSx_SINE_1546298_1546609	repeat	311
chr5_MU273354v1_fix	1006935	1007246	AluSx_SINE_1006935_1007246	repeat	311
chr5_MU273354v1_fix	1452173	1452484	AluSx_SINE_1452173_1452484	repeat	311
chr5_MU273354v1_fix	832150	832461	AluY_SINE_832150_832461	repeat	311
chr5_MU273354v1_fix	1492864	1493175	AluSx_SINE_1492864_1493175	repeat	311
chr5_MU273354v1_fix	1554082	1554393	AluSx_SINE_1554082_1554393	repeat	311
chr5_MU273354v1_fix	112783	113094	AluSx_SINE_112783_113094	repeat	311
chr5_MU273354v1_fix	447455	447766	AluSx_SINE_447455_447766	repeat	311
chr5_MU273354v1_fix	1538598	1538909	AluY_SINE_1538598_1538909	repeat	311
chr5_MU273354v1_fix	1636978	1637289	AluSc_SINE_1636978_1637289	repeat	311
chr5_MU273354v1_fix	1964761	1965072	AluJb_SINE_1964761_1965072	repeat	311
chr5_MU273354v1_fix	794103	794414	AluSx_SINE_794103_794414	repeat	311
chr5_MU273354v1_fix	824690	825001	AluY_SINE_824690_825001	repeat	311
chr5_MU273354v1_fix	1511142	1511453	AluY_SINE_1511142_1511453	repeat	311
chr5_MU273354v1_fix	1939581	1939892	AluY_SINE_1939581_1939892	repeat	311
chr5_MU273354v1_fix	150936	151247	AluSx_SINE_150936_151247	repeat	311
chr5_MU273354v1_fix	1383630	1383941	AluSx_SINE_1383630_1383941	repeat	311
chr5_MU273354v1_fix	1341615	1341926	AluSx_SINE_1341615_1341926	repeat	311
chr5_MU273354v1_fix	1531135	1531446	AluY_SINE_1531135_1531446	repeat	311
chr5_MU273354v1_fix	1500552	1500863	AluSx_SINE_1500552_1500863	repeat	311
chr5_MU273354v1_fix	1367024	1367335	AluSx_SINE_1367024_1367335	repeat	311
chr5_MU273354v1_fix	1409474	1409785	AluSx_SINE_1409474_1409785	repeat	311
chr5_MU273354v1_fix	1768749	1769060	AluSx_SINE_1768749_1769060	repeat	311
chr5_MU273354v1_fix	1844021	1844332	AluSx_SINE_1844021_1844332	repeat	311
chr5_MU273354v1_fix	839849	840160	AluSx_SINE_839849_840160	repeat	311
chr5_MU273354v1_fix	1491417	1491727	AluSx_SINE_1491417_1491727	repeat	310
chr5_MU273354v1_fix	1899027	1899337	L1ME4c_LINE_1899027_1899337	repeat	310
chr5_MU273354v1_fix	134745	135055	AluY_SINE_134745_135055	repeat	310
chr5_MU273354v1_fix	85660	85970	AluSx_SINE_85660_85970	repeat	310
chr5_MU273354v1_fix	804694	805004	AluY_SINE_804694_805004	repeat	310
chr5_MU273354v1_fix	1434696	1435006	AluSx_SINE_1434696_1435006	repeat	310
chr5_MU273354v1_fix	779320	779630	AluSx_SINE_779320_779630	repeat	310
chr5_MU273354v1_fix	1966185	1966495	AluYk2_SINE_1966185_1966495	repeat	310
chr5_MU273354v1_fix	1386639	1386949	AluSx_SINE_1386639_1386949	repeat	310
chr5_MU273354v1_fix	260347	260657	AluY_SINE_260347_260657	repeat	310
chr5_MU273354v1_fix	1973011	1973321	L1ME2_LINE_1973011_1973321	repeat	310
chr5_MU273354v1_fix	1485802	1486112	AluSx_SINE_1485802_1486112	repeat	310
chr5_MU273354v1_fix	1691915	1692225	AluJr_SINE_1691915_1692225	repeat	310
chr5_MU273354v1_fix	784965	785275	AluSx_SINE_784965_785275	repeat	310
chr5_MU273354v1_fix	295633	295943	AluSx_SINE_295633_295943	repeat	310
chr5_MU273354v1_fix	305579	305889	AluYk2_SINE_305579_305889	repeat	310
chr5_MU273354v1_fix	191770	192080	AluY_SINE_191770_192080	repeat	310
chr5_MU273354v1_fix	292599	292909	AluSx_SINE_292599_292909	repeat	310
chr5_MU273354v1_fix	101440	101750	AluSx_SINE_101440_101750	repeat	310
chr5_MU273354v1_fix	292085	292395	AluY_SINE_292085_292395	repeat	310
chr5_MU273354v1_fix	1784902	1785212	AluSx_SINE_1784902_1785212	repeat	310
chr5_MU273354v1_fix	992342	992652	AluSx_SINE_992342_992652	repeat	310
chr5_MU273354v1_fix	2042572	2042882	AluSx_SINE_2042572_2042882	repeat	310
chr5_MU273354v1_fix	797963	798273	AluSx_SINE_797963_798273	repeat	310
chr5_MU273354v1_fix	2086227	2086536	AluSx_SINE_2086227_2086536	repeat	309
chr5_MU273354v1_fix	2071405	2071714	AluY_SINE_2071405_2071714	repeat	309
chr5_MU273354v1_fix	1548156	1548465	AluSx_SINE_1548156_1548465	repeat	309
chr5_MU273354v1_fix	2000851	2001160	AluSx_SINE_2000851_2001160	repeat	309
chr5_MU273354v1_fix	1012800	1013109	AluSx_SINE_1012800_1013109	repeat	309
chr5_MU273354v1_fix	1998494	1998803	AluJo_SINE_1998494_1998803	repeat	309
chr5_MU273354v1_fix	1504412	1504721	AluSx_SINE_1504412_1504721	repeat	309
chr5_MU273354v1_fix	862221	862530	AluSx_SINE_862221_862530	repeat	309
chr5_MU273354v1_fix	190203	190512	AluSx_SINE_190203_190512	repeat	309
chr5_MU273354v1_fix	277444	277753	AluJo_SINE_277444_277753	repeat	309
chr5_MU273354v1_fix	1488810	1489119	AluSx_SINE_1488810_1489119	repeat	309
chr5_MU273354v1_fix	967850	968159	LTR16E2_LTR_967850_968159	repeat	309
chr5_MU273354v1_fix	1123363	1123672	AluY_SINE_1123363_1123672	repeat	309
chr5_MU273354v1_fix	70382	70691	AluJb_SINE_70382_70691	repeat	309
chr5_MU273354v1_fix	872836	873145	AluSx_SINE_872836_873145	repeat	309
chr5_MU273354v1_fix	1942063	1942372	AluJb_SINE_1942063_1942372	repeat	309
chr5_MU273354v1_fix	257482	257791	Kanga2_a_DNA_257482_257791	repeat	309
chr5_MU273354v1_fix	1588702	1589011	AluYb8_SINE_1588702_1589011	repeat	309
chr5_MU273354v1_fix	1948122	1948431	AluJb_SINE_1948122_1948431	repeat	309
chr5_MU273354v1_fix	845923	846232	AluY_SINE_845923_846232	repeat	309
chr5_MU273354v1_fix	882238	882547	AluYb8_SINE_882238_882547	repeat	309
chr5_MU273354v1_fix	2060088	2060397	AluSx_SINE_2060088_2060397	repeat	309
chr5_MU273354v1_fix	2033478	2033787	AluSx_SINE_2033478_2033787	repeat	309
chr5_MU273354v1_fix	782357	782666	AluSx_SINE_782357_782666	repeat	309
chr5_MU273354v1_fix	1951858	1952167	AluSx_SINE_1951858_1952167	repeat	309
chr5_MU273354v1_fix	841707	842016	AluSx_SINE_841707_842016	repeat	309
chr5_MU273354v1_fix	241541	241850	AluJr_SINE_241541_241850	repeat	309
chr5_MU273354v1_fix	1974370	1974679	AluY_SINE_1974370_1974679	repeat	309
chr5_MU273354v1_fix	1706914	1707223	AluYk2_SINE_1706914_1707223	repeat	309
chr5_MU273354v1_fix	2018641	2018950	AluSx_SINE_2018641_2018950	repeat	309
chr5_MU273354v1_fix	2031739	2032048	AluY_SINE_2031739_2032048	repeat	309
chr5_MU273354v1_fix	1473283	1473592	AluSx_SINE_1473283_1473592	repeat	309
chr5_MU273354v1_fix	1163229	1163538	AluY_SINE_1163229_1163538	repeat	309
chr5_MU273354v1_fix	126759	127068	AluSx_SINE_126759_127068	repeat	309
chr5_MU273354v1_fix	1986480	1986789	AluSx_SINE_1986480_1986789	repeat	309
chr5_MU273354v1_fix	1465802	1466111	AluJr_SINE_1465802_1466111	repeat	309
chr5_MU273354v1_fix	1464965	1465274	AluJo_SINE_1464965_1465274	repeat	309
chr5_MU273354v1_fix	136053	136362	AluSx_SINE_136053_136362	repeat	309
chr5_MU273354v1_fix	1552372	1552681	AluY_SINE_1552372_1552681	repeat	309
chr5_MU273354v1_fix	1823946	1824255	AluY_SINE_1823946_1824255	repeat	309
chr5_MU273354v1_fix	1445022	1445331	Kanga2_a_DNA_1445022_1445331	repeat	309
chr5_MU273354v1_fix	1483785	1484093	AluJb_SINE_1483785_1484093	repeat	308
chr5_MU273354v1_fix	1579302	1579610	AluSx_SINE_1579302_1579610	repeat	308
chr5_MU273354v1_fix	1579805	1580113	AluJr_SINE_1579805_1580113	repeat	308
chr5_MU273354v1_fix	97861	98169	AluSg4_SINE_97861_98169	repeat	308
chr5_MU273354v1_fix	290588	290896	AluJb_SINE_290588_290896	repeat	308
chr5_MU273354v1_fix	1995097	1995405	AluSx_SINE_1995097_1995405	repeat	308
chr5_MU273354v1_fix	1084038	1084346	AluSx_SINE_1084038_1084346	repeat	308
chr5_MU273354v1_fix	97282	97590	AluSx_SINE_97282_97590	repeat	308
chr5_MU273354v1_fix	206816	207124	AluSx_SINE_206816_207124	repeat	308
chr5_MU273354v1_fix	214001	214309	AluSx_SINE_214001_214309	repeat	308
chr5_MU273354v1_fix	2034810	2035118	AluSx_SINE_2034810_2035118	repeat	308
chr5_MU273354v1_fix	278281	278589	AluJo_SINE_278281_278589	repeat	308
chr5_MU273354v1_fix	1575417	1575725	AluSx_SINE_1575417_1575725	repeat	308
chr5_MU273354v1_fix	1422695	1423003	AluSc_SINE_1422695_1423003	repeat	308
chr5_MU273354v1_fix	981831	982139	AluSx_SINE_981831_982139	repeat	308
chr5_MU273354v1_fix	985440	985748	AluJr_SINE_985440_985748	repeat	308
chr5_MU273354v1_fix	308586	308894	AluJr_SINE_308586_308894	repeat	308
chr5_MU273354v1_fix	1694536	1694844	AluSx_SINE_1694536_1694844	repeat	308
chr5_MU273354v1_fix	1968406	1968714	AluJb_SINE_1968406_1968714	repeat	308
chr5_MU273354v1_fix	1709919	1710227	AluJr_SINE_1709919_1710227	repeat	308
chr5_MU273354v1_fix	1967264	1967572	AluSc_SINE_1967264_1967572	repeat	308
chr5_MU273354v1_fix	1515408	1515716	AluSx_SINE_1515408_1515716	repeat	308
chr5_MU273354v1_fix	1407849	1408157	AluSx_SINE_1407849_1408157	repeat	308
chr5_MU273354v1_fix	868951	869259	AluSx_SINE_868951_869259	repeat	308
chr5_MU273354v1_fix	1202532	1202840	AluSx_SINE_1202532_1202840	repeat	308
chr5_MU273354v1_fix	1005880	1006188	AluJr_SINE_1005880_1006188	repeat	308
chr5_MU273354v1_fix	1536649	1536957	AluSx_SINE_1536649_1536957	repeat	308
chr5_MU273354v1_fix	146630	146938	AluSx_SINE_146630_146938	repeat	308
chr5_MU273354v1_fix	10453	10761	AluSx_SINE_10453_10761	repeat	308
chr5_MU273354v1_fix	142568	142876	AluSx_SINE_142568_142876	repeat	308
chr5_MU273354v1_fix	80272	80580	AluSx_SINE_80272_80580	repeat	308
chr5_MU273354v1_fix	102229	102537	AluSx_SINE_102229_102537	repeat	308
chr5_MU273354v1_fix	1381612	1381920	AluJb_SINE_1381612_1381920	repeat	308
chr5_MU273354v1_fix	873340	873648	AluJr_SINE_873340_873648	repeat	308
chr5_MU273354v1_fix	388058	388366	AluSx_SINE_388058_388366	repeat	308
chr5_MU273354v1_fix	1985557	1985865	AluSx_SINE_1985557_1985865	repeat	308
chr5_MU273354v1_fix	1280707	1281015	AluJr_SINE_1280707_1281015	repeat	308
chr5_MU273354v1_fix	2085589	2085897	AluSx_SINE_2085589_2085897	repeat	308
chr5_MU273354v1_fix	830201	830509	AluSx_SINE_830201_830509	repeat	308
chr5_MU273354v1_fix	147497	147805	AluY_SINE_147497_147805	repeat	308
chr5_MU273354v1_fix	171836	172143	L1MB8_LINE_171836_172143	repeat	307
chr5_MU273354v1_fix	1487855	1488162	AluSx_SINE_1487855_1488162	repeat	307
chr5_MU273354v1_fix	1444109	1444416	AluSx_SINE_1444109_1444416	repeat	307
chr5_MU273354v1_fix	283569	283876	AluSx_SINE_283569_283876	repeat	307
chr5_MU273354v1_fix	1991132	1991439	AluY_SINE_1991132_1991439	repeat	307
chr5_MU273354v1_fix	1504085	1504392	AluSx_SINE_1504085_1504392	repeat	307
chr5_MU273354v1_fix	294681	294988	AluSx_SINE_294681_294988	repeat	307
chr5_MU273354v1_fix	183436	183743	AluJb_SINE_183436_183743	repeat	307
chr5_MU273354v1_fix	1822285	1822592	AluSx_SINE_1822285_1822592	repeat	307
chr5_MU273354v1_fix	1415486	1415793	AluSx_SINE_1415486_1415793	repeat	307
chr5_MU273354v1_fix	856639	856946	AluY_SINE_856639_856946	repeat	307
chr5_MU273354v1_fix	2090274	2090581	AluY_SINE_2090274_2090581	repeat	307
chr5_MU273354v1_fix	1550558	1550865	AluJo_SINE_1550558_1550865	repeat	307
chr5_MU273354v1_fix	11693	12000	AluSx_SINE_11693_12000	repeat	307
chr5_MU273354v1_fix	1473745	1474052	AluSx_SINE_1473745_1474052	repeat	307
chr5_MU273354v1_fix	808959	809266	AluSx_SINE_808959_809266	repeat	307
chr5_MU273354v1_fix	150569	150876	AluJo_SINE_150569_150876	repeat	307
chr5_MU273354v1_fix	71218	71525	AluSx_SINE_71218_71525	repeat	307
chr5_MU273354v1_fix	47481	47788	AluJb_SINE_47481_47788	repeat	307
chr5_MU273354v1_fix	1385684	1385991	AluSx_SINE_1385684_1385991	repeat	307
chr5_MU273354v1_fix	1476798	1477105	AluSx_SINE_1476798_1477105	repeat	307
chr5_MU273354v1_fix	1907008	1907315	AluSx_SINE_1907008_1907315	repeat	307
chr5_MU273354v1_fix	221975	222282	AluSx_SINE_221975_222282	repeat	307
chr5_MU273354v1_fix	777301	777608	AluJb_SINE_777301_777608	repeat	307
chr5_MU273354v1_fix	1947248	1947555	AluSx_SINE_1947248_1947555	repeat	307
chr5_MU273354v1_fix	1563095	1563402	AluY_SINE_1563095_1563402	repeat	307
chr5_MU273354v1_fix	171529	171836	AluSx_SINE_171529_171836	repeat	307
chr5_MU273354v1_fix	177638	177945	AluYk2_SINE_177638_177945	repeat	307
chr5_MU273354v1_fix	2066124	2066431	AluSx_SINE_2066124_2066431	repeat	307
chr5_MU273354v1_fix	797636	797943	AluSx_SINE_797636_797943	repeat	307
chr5_MU273354v1_fix	120292	120599	AluJb_SINE_120292_120599	repeat	307
chr5_MU273354v1_fix	781402	781709	AluSx_SINE_781402_781709	repeat	307
chr5_MU273354v1_fix	2025436	2025743	L1MB8_LINE_2025436_2025743	repeat	307
chr5_MU273354v1_fix	844109	844416	AluJo_SINE_844109_844416	repeat	307
chr5_MU273354v1_fix	1732794	1733100	AluSx_SINE_1732794_1733100	repeat	306
chr5_MU273354v1_fix	1533502	1533808	AluYj4_SINE_1533502_1533808	repeat	306
chr5_MU273354v1_fix	425981	426287	AluSx_SINE_425981_426287	repeat	306
chr5_MU273354v1_fix	1435129	1435435	AluSx_SINE_1435129_1435435	repeat	306
chr5_MU273354v1_fix	205013	205319	AluSx_SINE_205013_205319	repeat	306
chr5_MU273354v1_fix	272149	272455	AluJb_SINE_272149_272455	repeat	306
chr5_MU273354v1_fix	1688316	1688622	AluSx_SINE_1688316_1688622	repeat	306
chr5_MU273354v1_fix	140766	141072	AluJo_SINE_140766_141072	repeat	306
chr5_MU273354v1_fix	1489826	1490132	AluJb_SINE_1489826_1490132	repeat	306
chr5_MU273354v1_fix	63863	64169	AluSx_SINE_63863_64169	repeat	306
chr5_MU273354v1_fix	1255400	1255706	AluSx_SINE_1255400_1255706	repeat	306
chr5_MU273354v1_fix	783373	783679	AluJb_SINE_783373_783679	repeat	306
chr5_MU273354v1_fix	60778	61084	AluJb_SINE_60778_61084	repeat	306
chr5_MU273354v1_fix	1453490	1453796	AluY_SINE_1453490_1453796	repeat	306
chr5_MU273354v1_fix	2032465	2032771	AluSx_SINE_2032465_2032771	repeat	306
chr5_MU273354v1_fix	1591893	1592199	AluSx_SINE_1591893_1592199	repeat	306
chr5_MU273354v1_fix	155201	155507	AluSx_SINE_155201_155507	repeat	306
chr5_MU273354v1_fix	1387656	1387962	AluJb_SINE_1387656_1387962	repeat	306
chr5_MU273354v1_fix	827057	827363	AluYj4_SINE_827057_827363	repeat	306
chr5_MU273354v1_fix	265950	266256	AluY_SINE_265950_266256	repeat	306
chr5_MU273354v1_fix	1031184	1031490	AluSx_SINE_1031184_1031490	repeat	306
chr5_MU273354v1_fix	430906	431212	AluYa5_SINE_430906_431212	repeat	306
chr5_MU273354v1_fix	61956	62262	AluJr_SINE_61956_62262	repeat	306
chr5_MU273354v1_fix	885426	885732	AluSx_SINE_885426_885732	repeat	306
chr5_MU273354v1_fix	881909	882215	AluSx_SINE_881909_882215	repeat	306
chr5_MU273354v1_fix	165629	165935	AluJo_SINE_165629_165935	repeat	306
chr5_MU273354v1_fix	1283709	1284015	AluYk2_SINE_1283709_1284015	repeat	306
chr5_MU273354v1_fix	1651466	1651772	AluSx_SINE_1651466_1651772	repeat	306
chr5_MU273354v1_fix	1459667	1459973	AluJb_SINE_1459667_1459973	repeat	306
chr5_MU273354v1_fix	274902	275207	AluJb_SINE_274902_275207	repeat	305
chr5_MU273354v1_fix	978603	978908	AluYj4_SINE_978603_978908	repeat	305
chr5_MU273354v1_fix	249519	249824	Tigger3a_DNA_249519_249824	repeat	305
chr5_MU273354v1_fix	178306	178611	AluSx_SINE_178306_178611	repeat	305
chr5_MU273354v1_fix	802456	802761	AluYm1_SINE_802456_802761	repeat	305
chr5_MU273354v1_fix	798839	799144	AluJr_SINE_798839_799144	repeat	305
chr5_MU273354v1_fix	780919	781224	AluJr4_SINE_780919_781224	repeat	305
chr5_MU273354v1_fix	1024437	1024742	AluYk3_SINE_1024437_1024742	repeat	305
chr5_MU273354v1_fix	2098260	2098565	AluJo_SINE_2098260_2098565	repeat	305
chr5_MU273354v1_fix	25067	25372	AluSx_SINE_25067_25372	repeat	305
chr5_MU273354v1_fix	1505287	1505592	AluJr_SINE_1505287_1505592	repeat	305
chr5_MU273354v1_fix	272593	272898	HAL1_LINE_272593_272898	repeat	305
chr5_MU273354v1_fix	1588374	1588679	AluSx_SINE_1588374_1588679	repeat	305
chr5_MU273354v1_fix	154858	155163	AluSx_SINE_154858_155163	repeat	305
chr5_MU273354v1_fix	1262156	1262461	AluYk3_SINE_1262156_1262461	repeat	305
chr5_MU273354v1_fix	306687	306992	AluYk3_SINE_306687_306992	repeat	305
chr5_MU273354v1_fix	854253	854558	AluSx_SINE_854253_854558	repeat	305
chr5_MU273354v1_fix	92483	92788	AluYk3_SINE_92483_92788	repeat	305
chr5_MU273354v1_fix	1126967	1127272	AluYa5_SINE_1126967_1127272	repeat	305
chr5_MU273354v1_fix	2013476	2013781	AluSx_SINE_2013476_2013781	repeat	305
chr5_MU273354v1_fix	1949110	1949415	AluSx_SINE_1949110_1949415	repeat	305
chr5_MU273354v1_fix	1560709	1561014	AluSx_SINE_1560709_1561014	repeat	305
chr5_MU273354v1_fix	1955753	1956058	AluSx_SINE_1955753_1956058	repeat	305
chr5_MU273354v1_fix	783731	784036	AluY_SINE_783731_784036	repeat	305
chr5_MU273354v1_fix	847642	847947	AluSx_SINE_847642_847947	repeat	305
chr5_MU273354v1_fix	1508904	1509209	AluYm1_SINE_1508904_1509209	repeat	305
chr5_MU273354v1_fix	1571959	1572264	AluJb_SINE_1571959_1572264	repeat	305
chr5_MU273354v1_fix	1944458	1944763	AluSx_SINE_1944458_1944763	repeat	305
chr5_MU273354v1_fix	1468452	1468757	AluY_SINE_1468452_1468757	repeat	305
chr5_MU273354v1_fix	1462422	1462727	AluJb_SINE_1462422_1462727	repeat	305
chr5_MU273354v1_fix	732060	732365	AluSx_SINE_732060_732365	repeat	305
chr5_MU273354v1_fix	51679	51984	AluY_SINE_51679_51984	repeat	305
chr5_MU273354v1_fix	51991	52296	AluSx_SINE_51991_52296	repeat	305
chr5_MU273354v1_fix	1164952	1165257	AluSx_SINE_1164952_1165257	repeat	305
chr5_MU273354v1_fix	1437030	1437335	Tigger3a_DNA_1437030_1437335	repeat	305
chr5_MU273354v1_fix	215028	215333	AluY_SINE_215028_215333	repeat	305
chr5_MU273354v1_fix	9348	9653	AluSx_SINE_9348_9653	repeat	305
chr5_MU273354v1_fix	1002881	1003186	AluYk2_SINE_1002881_1003186	repeat	305
chr5_MU273354v1_fix	247616	247921	AluSx_SINE_247616_247921	repeat	305
chr5_MU273354v1_fix	146322	146627	AluSc8_SINE_146322_146627	repeat	305
chr5_MU273354v1_fix	1460111	1460416	L1MEi_LINE_1460111_1460416	repeat	305
chr5_MU273354v1_fix	132511	132816	AluSx_SINE_132511_132816	repeat	305
chr5_MU273354v1_fix	1827285	1827589	AluYa5_SINE_1827285_1827589	repeat	304
chr5_MU273354v1_fix	1023337	1023641	AluYk2_SINE_1023337_1023641	repeat	304
chr5_MU273354v1_fix	1532776	1533080	AluY_SINE_1532776_1533080	repeat	304
chr5_MU273354v1_fix	1003982	1004286	AluYk3_SINE_1003982_1004286	repeat	304
chr5_MU273354v1_fix	139388	139692	AluSx_SINE_139388_139692	repeat	304
chr5_MU273354v1_fix	1175631	1175935	AluSx_SINE_1175631_1175935	repeat	304
chr5_MU273354v1_fix	227983	228287	AluSx_SINE_227983_228287	repeat	304
chr5_MU273354v1_fix	327164	327468	AluYk3_SINE_327164_327468	repeat	304
chr5_MU273354v1_fix	944962	945266	AluSx_SINE_944962_945266	repeat	304
chr5_MU273354v1_fix	229920	230224	AluSx_SINE_229920_230224	repeat	304
chr5_MU273354v1_fix	1263257	1263561	AluYk2_SINE_1263257_1263561	repeat	304
chr5_MU273354v1_fix	1282609	1282913	AluYk3_SINE_1282609_1282913	repeat	304
chr5_MU273354v1_fix	855097	855401	AluSx_SINE_855097_855401	repeat	304
chr5_MU273354v1_fix	786728	787032	AluSx_SINE_786728_787032	repeat	304
chr5_MU273354v1_fix	826331	826635	AluY_SINE_826331_826635	repeat	304
chr5_MU273354v1_fix	1626052	1626356	AluSx_SINE_1626052_1626356	repeat	304
chr5_MU273354v1_fix	2058285	2058589	AluJb_SINE_2058285_2058589	repeat	304
chr5_MU273354v1_fix	1110962	1111266	AluSx_SINE_1110962_1111266	repeat	304
chr5_MU273354v1_fix	16143	16447	AluSx_SINE_16143_16447	repeat	304
chr5_MU273354v1_fix	1767183	1767487	MLT1D_LTR_1767183_1767487	repeat	304
chr5_MU273354v1_fix	1487373	1487677	AluJr4_SINE_1487373_1487677	repeat	304
chr5_MU273354v1_fix	1958291	1958595	AluSx_SINE_1958291_1958595	repeat	304
chr5_MU273354v1_fix	1708021	1708325	AluYk3_SINE_1708021_1708325	repeat	304
chr5_MU273354v1_fix	919560	919864	AluSx_SINE_919560_919864	repeat	304
chr5_MU273354v1_fix	242533	242837	AluJb_SINE_242533_242837	repeat	304
chr5_MU273354v1_fix	1561553	1561857	AluSx_SINE_1561553_1561857	repeat	304
chr5_MU273354v1_fix	414973	415277	AluSx_SINE_414973_415277	repeat	304
chr5_MU273354v1_fix	865493	865797	AluJb_SINE_865493_865797	repeat	304
chr5_MU273354v1_fix	114235	114539	AluY_SINE_114235_114539	repeat	304
chr5_MU273354v1_fix	1861715	1862019	L2b_LINE_1861715_1862019	repeat	304
chr5_MU273354v1_fix	1506629	1506933	AluSx_SINE_1506629_1506933	repeat	304
chr5_MU273354v1_fix	294199	294503	AluJr4_SINE_294199_294503	repeat	304
chr5_MU273354v1_fix	1391000	1391304	AluSx_SINE_1391000_1391304	repeat	304
chr5_MU273354v1_fix	1385202	1385506	AluJr4_SINE_1385202_1385506	repeat	304
chr5_MU273354v1_fix	1388014	1388318	AluY_SINE_1388014_1388318	repeat	304
chr5_MU273354v1_fix	1811601	1811905	AluSx_SINE_1811601_1811905	repeat	304
chr5_MU273354v1_fix	1724939	1725243	AluYk2_SINE_1724939_1725243	repeat	304
chr5_MU273354v1_fix	1430045	1430349	AluJb_SINE_1430045_1430349	repeat	304
chr5_MU273354v1_fix	1493178	1493482	AluSx_SINE_1493178_1493482	repeat	304
chr5_MU273354v1_fix	1490184	1490488	AluY_SINE_1490184_1490488	repeat	304
chr5_MU273354v1_fix	800181	800485	AluSx_SINE_800181_800485	repeat	304
chr5_MU273354v1_fix	119701	120005	AluY_SINE_119701_120005	repeat	304
chr5_MU273354v1_fix	1992145	1992448	AluSx_SINE_1992145_1992448	repeat	303
chr5_MU273354v1_fix	1707502	1707805	AluJb_SINE_1707502_1707805	repeat	303
chr5_MU273354v1_fix	72117	72420	AluSx_SINE_72117_72420	repeat	303
chr5_MU273354v1_fix	1283129	1283432	AluJb_SINE_1283129_1283432	repeat	303
chr5_MU273354v1_fix	847998	848301	AluSx_SINE_847998_848301	repeat	303
chr5_MU273354v1_fix	154548	154851	AluSx_SINE_154548_154851	repeat	303
chr5_MU273354v1_fix	293889	294192	AluSx_SINE_293889_294192	repeat	303
chr5_MU273354v1_fix	2046013	2046316	AluSx_SINE_2046013_2046316	repeat	303
chr5_MU273354v1_fix	1477235	1477538	AluSx_SINE_1477235_1477538	repeat	303
chr5_MU273354v1_fix	77876	78179	AluSx_SINE_77876_78179	repeat	303
chr5_MU273354v1_fix	306168	306471	AluJb_SINE_306168_306471	repeat	303
chr5_MU273354v1_fix	1487063	1487366	AluSx_SINE_1487063_1487366	repeat	303
chr5_MU273354v1_fix	326645	326948	AluJb_SINE_326645_326948	repeat	303
chr5_MU273354v1_fix	1262677	1262980	AluJb_SINE_1262677_1262980	repeat	303
chr5_MU273354v1_fix	1983099	1983402	AluY_SINE_1983099_1983402	repeat	303
chr5_MU273354v1_fix	315510	315813	AluSx_SINE_315510_315813	repeat	303
chr5_MU273354v1_fix	1528617	1528920	AluSx_SINE_1528617_1528920	repeat	303
chr5_MU273354v1_fix	333908	334211	AluSx_SINE_333908_334211	repeat	303
chr5_MU273354v1_fix	344329	344632	AluSx_SINE_344329_344632	repeat	303
chr5_MU273354v1_fix	1003463	1003766	AluJb_SINE_1003463_1003766	repeat	303
chr5_MU273354v1_fix	451062	451365	AluSx_SINE_451062_451365	repeat	303
chr5_MU273354v1_fix	1023918	1024221	AluJb_SINE_1023918_1024221	repeat	303
chr5_MU273354v1_fix	780609	780912	AluSx_SINE_780609_780912	repeat	303
chr5_MU273354v1_fix	822167	822470	AluSx_SINE_822167_822470	repeat	303
chr5_MU273354v1_fix	814152	814455	Looper_DNA_814152_814455	repeat	303
chr5_MU273354v1_fix	1725520	1725823	AluJb_SINE_1725520_1725823	repeat	303
chr5_MU273354v1_fix	216903	217206	AluSx_SINE_216903_217206	repeat	303
chr5_MU273354v1_fix	79905	80208	AluSx_SINE_79905_80208	repeat	303
chr5_MU273354v1_fix	1818184	1818487	AluSx_SINE_1818184_1818487	repeat	303
chr5_MU273354v1_fix	1384892	1385195	AluSx_SINE_1384892_1385195	repeat	303
chr5_MU273354v1_fix	1389247	1389550	AluSx_SINE_1389247_1389550	repeat	303
chr5_MU273354v1_fix	770727	771030	AluSx_SINE_770727_771030	repeat	303
chr5_MU273354v1_fix	1520603	1520906	Looper_DNA_1520603_1520906	repeat	303
chr5_MU273354v1_fix	1554444	1554747	AluSx_SINE_1554444_1554747	repeat	303
chr5_MU273354v1_fix	284006	284309	AluSx_SINE_284006_284309	repeat	303
chr5_MU273354v1_fix	1375056	1375359	AluSx_SINE_1375056_1375359	repeat	303
chr5_MU273354v1_fix	280064	280367	AluSx_SINE_280064_280367	repeat	303
chr5_MU273354v1_fix	1306607	1306910	L1PA3_LINE_1306607_1306910	repeat	303
chr5_MU273354v1_fix	979979	980282	L1PA3_LINE_979979_980282	repeat	303
chr5_MU273354v1_fix	30325	30628	AluY_SINE_30325_30628	repeat	303
chr5_MU273354v1_fix	280520	280823	AluSx_SINE_280520_280823	repeat	303
chr5_MU273354v1_fix	68791	69093	AluSx_SINE_68791_69093	repeat	302
chr5_MU273354v1_fix	186618	186920	AluSx_SINE_186618_186920	repeat	302
chr5_MU273354v1_fix	142879	143181	AluSc8_SINE_142879_143181	repeat	302
chr5_MU273354v1_fix	1990826	1991128	AluJr_SINE_1990826_1991128	repeat	302
chr5_MU273354v1_fix	1545631	1545933	AluSx_SINE_1545631_1545933	repeat	302
chr5_MU273354v1_fix	806534	806836	AluSx_SINE_806534_806836	repeat	302
chr5_MU273354v1_fix	228748	229050	AluSx_SINE_228748_229050	repeat	302
chr5_MU273354v1_fix	338287	338589	AluYk2_SINE_338287_338589	repeat	302
chr5_MU273354v1_fix	712312	712614	AluSx_SINE_712312_712614	repeat	302
chr5_MU273354v1_fix	1167127	1167429	L1PA5_LINE_1167127_1167429	repeat	302
chr5_MU273354v1_fix	2030147	2030449	AluJb_SINE_2030147_2030449	repeat	302
chr5_MU273354v1_fix	1517930	1518232	AluSx_SINE_1517930_1518232	repeat	302
chr5_MU273354v1_fix	1512983	1513285	AluSx_SINE_1512983_1513285	repeat	302
chr5_MU273354v1_fix	1304123	1304425	AluSx_SINE_1304123_1304425	repeat	302
chr5_MU273354v1_fix	2033992	2034294	AluSx_SINE_2033992_2034294	repeat	302
chr5_MU273354v1_fix	1957741	1958043	AluSx_SINE_1957741_1958043	repeat	302
chr5_MU273354v1_fix	1960413	1960715	AluYk3_SINE_1960413_1960715	repeat	302
chr5_MU273354v1_fix	238380	238682	AluSx_SINE_238380_238682	repeat	302
chr5_MU273354v1_fix	79152	79454	L1M5_LINE_79152_79454	repeat	302
chr5_MU273354v1_fix	1140095	1140397	AluSx_SINE_1140095_1140397	repeat	302
chr5_MU273354v1_fix	78701	79003	AluYk2_SINE_78701_79003	repeat	302
chr5_MU273354v1_fix	44521	44823	AluJr_SINE_44521_44823	repeat	302
chr5_MU273354v1_fix	1316609	1316911	AluSx_SINE_1316609_1316911	repeat	302
chr5_MU273354v1_fix	1307981	1308283	AluYj4_SINE_1307981_1308283	repeat	302
chr5_MU273354v1_fix	109582	109884	AluY_SINE_109582_109884	repeat	302
chr5_MU273354v1_fix	203398	203700	AluY_SINE_203398_203700	repeat	302
chr5_MU273354v1_fix	26068	26370	AluSx_SINE_26068_26370	repeat	302
chr5_MU273354v1_fix	275212	275514	AluSx_SINE_275212_275514	repeat	302
chr5_MU273354v1_fix	1586902	1587204	AluSx_SINE_1586902_1587204	repeat	302
chr5_MU273354v1_fix	166142	166444	AluSx_SINE_166142_166444	repeat	302
chr5_MU273354v1_fix	1698810	1699112	AluSx_SINE_1698810_1699112	repeat	302
chr5_MU273354v1_fix	2022344	2022646	AluSx_SINE_2022344_2022646	repeat	302
chr5_MU273354v1_fix	1698178	1698480	AluSx_SINE_1698178_1698480	repeat	302
chr5_MU273354v1_fix	1686465	1686767	L1PA3_LINE_1686465_1686767	repeat	302
chr5_MU273354v1_fix	1425880	1426182	AluSx_SINE_1425880_1426182	repeat	302
chr5_MU273354v1_fix	246843	247145	AluY_SINE_246843_247145	repeat	302
chr5_MU273354v1_fix	1434356	1434658	AluY_SINE_1434356_1434658	repeat	302
chr5_MU273354v1_fix	1417428	1417730	AluSx_SINE_1417428_1417730	repeat	302
chr5_MU273354v1_fix	1416256	1416558	AluSx_SINE_1416256_1416558	repeat	302
chr5_MU273354v1_fix	811479	811781	AluSx_SINE_811479_811781	repeat	302
chr5_MU273354v1_fix	1402914	1403216	AluSx_SINE_1402914_1403216	repeat	302
chr5_MU273354v1_fix	1716844	1717146	AluSx_SINE_1716844_1717146	repeat	302
chr5_MU273354v1_fix	1716212	1716514	AluSx_SINE_1716212_1716514	repeat	302
chr5_MU273354v1_fix	2075128	2075430	AluSx_SINE_2075128_2075430	repeat	302
chr5_MU273354v1_fix	1820113	1820415	L1PA5_LINE_1820113_1820415	repeat	302
chr5_MU273354v1_fix	7835	8136	AluSx_SINE_7835_8136	repeat	301
chr5_MU273354v1_fix	2072205	2072506	AluSx_SINE_2072205_2072506	repeat	301
chr5_MU273354v1_fix	797212	797513	AluJr_SINE_797212_797513	repeat	301
chr5_MU273354v1_fix	439193	439494	L2c_LINE_439193_439494	repeat	301
chr5_MU273354v1_fix	28431	28732	AluSx_SINE_28431_28732	repeat	301
chr5_MU273354v1_fix	21651	21952	AluY_SINE_21651_21952	repeat	301
chr5_MU273354v1_fix	23196	23497	AluJb_SINE_23196_23497	repeat	301
chr5_MU273354v1_fix	951782	952083	L2c_LINE_951782_952083	repeat	301
chr5_MU273354v1_fix	950166	950467	AluSx_SINE_950166_950467	repeat	301
chr5_MU273354v1_fix	1656675	1656976	AluSx_SINE_1656675_1656976	repeat	301
chr5_MU273354v1_fix	1658293	1658594	L2c_LINE_1658293_1658594	repeat	301
chr5_MU273354v1_fix	47923	48224	AluYk2_SINE_47923_48224	repeat	301
chr5_MU273354v1_fix	2050277	2050578	AluSx_SINE_2050277_2050578	repeat	301
chr5_MU273354v1_fix	54301	54602	AluSx_SINE_54301_54602	repeat	301
chr5_MU273354v1_fix	1950696	1950997	AluJb_SINE_1950696_1950997	repeat	301
chr5_MU273354v1_fix	104162	104463	AluSx3_SINE_104162_104463	repeat	301
chr5_MU273354v1_fix	289464	289765	AluSx_SINE_289464_289765	repeat	301
chr5_MU273354v1_fix	1334785	1335086	L2c_LINE_1334785_1335086	repeat	301
chr5_MU273354v1_fix	167476	167777	AluSx_SINE_167476_167777	repeat	301
chr5_MU273354v1_fix	1380488	1380789	AluSx_SINE_1380488_1380789	repeat	301
chr5_MU273354v1_fix	1534845	1535146	AluYc3_SINE_1534845_1535146	repeat	301
chr5_MU273354v1_fix	1531636	1531937	AluSx_SINE_1531636_1531937	repeat	301
chr5_MU273354v1_fix	1503661	1503962	AluJr_SINE_1503661_1503962	repeat	301
chr5_MU273354v1_fix	1912165	1912466	AluSx_SINE_1912165_1912466	repeat	301
chr5_MU273354v1_fix	776177	776478	AluSx_SINE_776177_776478	repeat	301
chr5_MU273354v1_fix	1462732	1463033	AluSx_SINE_1462732_1463033	repeat	301
chr5_MU273354v1_fix	1482662	1482963	AluSx_SINE_1482662_1482963	repeat	301
chr5_MU273354v1_fix	839183	839484	AluSx_SINE_839183_839484	repeat	301
chr5_MU273354v1_fix	825191	825492	AluSx_SINE_825191_825492	repeat	301
chr5_MU273354v1_fix	828400	828701	AluYc3_SINE_828400_828701	repeat	301
chr5_MU273354v1_fix	870170	870471	AluJb_SINE_870170_870471	repeat	301
chr5_MU273354v1_fix	94978	95279	AluSx_SINE_94978_95279	repeat	301
chr5_MU273354v1_fix	1336405	1336706	AluSx_SINE_1336405_1336706	repeat	301
chr5_MU273354v1_fix	165236	165537	AluSx_SINE_165236_165537	repeat	301
chr5_MU273354v1_fix	2048261	2048562	AluSx_SINE_2048261_2048562	repeat	301
chr5_MU273354v1_fix	1022495	1022795	MER2_DNA_1022495_1022795	repeat	300
chr5_MU273354v1_fix	981333	981633	AluSx_SINE_981333_981633	repeat	300
chr5_MU273354v1_fix	1724097	1724397	MER2_DNA_1724097_1724397	repeat	300
chr5_MU273354v1_fix	1706072	1706372	MER2_DNA_1706072_1706372	repeat	300
chr5_MU273354v1_fix	1966698	1966998	AluYk2_SINE_1966698_1966998	repeat	300
chr5_MU273354v1_fix	827929	828229	AluSx_SINE_827929_828229	repeat	300
chr5_MU273354v1_fix	5114	5414	AluY_SINE_5114_5414	repeat	300
chr5_MU273354v1_fix	1405336	1405636	AluSx_SINE_1405336_1405636	repeat	300
chr5_MU273354v1_fix	1576636	1576936	AluJb_SINE_1576636_1576936	repeat	300
chr5_MU273354v1_fix	1305256	1305556	AluSx_SINE_1305256_1305556	repeat	300
chr5_MU273354v1_fix	91489	91789	AluSx_SINE_91489_91789	repeat	300
chr5_MU273354v1_fix	1559128	1559428	AluSx_SINE_1559128_1559428	repeat	300
chr5_MU273354v1_fix	838521	838821	AluSx_SINE_838521_838821	repeat	300
chr5_MU273354v1_fix	1447887	1448187	AluY_SINE_1447887_1448187	repeat	300
chr5_MU273354v1_fix	1541080	1541380	AluSx_SINE_1541080_1541380	repeat	300
chr5_MU273354v1_fix	834632	834932	AluSx_SINE_834632_834932	repeat	300
chr5_MU273354v1_fix	852671	852971	AluSx_SINE_852671_852971	repeat	300
chr5_MU273354v1_fix	982466	982766	AluSx_SINE_982466_982766	repeat	300
chr5_MU273354v1_fix	325210	325510	MER2_DNA_325210_325510	repeat	300
chr5_MU273354v1_fix	144393	144693	AluSx_SINE_144393_144693	repeat	300
chr5_MU273354v1_fix	1687818	1688118	AluSx_SINE_1687818_1688118	repeat	300
chr5_MU273354v1_fix	1688947	1689247	AluSx_SINE_1688947_1689247	repeat	300
chr5_MU273354v1_fix	72492	72792	AluSx_SINE_72492_72792	repeat	300
chr5_MU273354v1_fix	1685094	1685394	AluYj4_SINE_1685094_1685394	repeat	300
chr5_MU273354v1_fix	2008433	2008733	AluSx_SINE_2008433_2008733	repeat	300
chr5_MU273354v1_fix	1002039	1002339	MER2_DNA_1002039_1002339	repeat	300
chr5_MU273354v1_fix	2030746	2031046	Tigger2b_Pri_DNA_2030746_2031046	repeat	300
chr5_MU273354v1_fix	2013827	2014127	AluSx_SINE_2013827_2014127	repeat	300
chr5_MU273354v1_fix	313425	313725	AluSx_SINE_313425_313725	repeat	300
chr5_MU273354v1_fix	304737	305037	MER2_DNA_304737_305037	repeat	300
chr5_MU273354v1_fix	1840425	1840725	AluSx_SINE_1840425_1840725	repeat	300
chr5_MU273354v1_fix	1284557	1284857	MER2_DNA_1284557_1284857	repeat	300
chr5_MU273354v1_fix	1264103	1264403	MER2_DNA_1264103_1264403	repeat	300
chr5_MU273354v1_fix	314880	315180	AluSx_SINE_314880_315180	repeat	300
chr5_MU273354v1_fix	1544969	1545269	AluSx_SINE_1544969_1545269	repeat	300
chr5_MU273354v1_fix	1534374	1534674	AluSx_SINE_1534374_1534674	repeat	300
chr5_MU273354v1_fix	206354	206654	AluJb_SINE_206354_206654	repeat	300
chr5_MU273354v1_fix	11096	11396	AluSx_SINE_11096_11396	repeat	300
chr5_MU273354v1_fix	820752	821052	AluSx_SINE_820752_821052	repeat	300
chr5_MU273354v1_fix	1964293	1964592	AluJo_SINE_1964293_1964592	repeat	299
chr5_MU273354v1_fix	46904	47203	Tigger3b_DNA_46904_47203	repeat	299
chr5_MU273354v1_fix	1696726	1697025	AluSx_SINE_1696726_1697025	repeat	299
chr5_MU273354v1_fix	1956994	1957293	AluSx_SINE_1956994_1957293	repeat	299
chr5_MU273354v1_fix	73234	73533	AluJb_SINE_73234_73533	repeat	299
chr5_MU273354v1_fix	2080231	2080530	AluSx_SINE_2080231_2080530	repeat	299
chr5_MU273354v1_fix	128089	128388	AluSx_SINE_128089_128388	repeat	299
chr5_MU273354v1_fix	730450	730749	L2c_LINE_730450_730749	repeat	299
chr5_MU273354v1_fix	857814	858113	AluSx_SINE_857814_858113	repeat	299
chr5_MU273354v1_fix	251395	251694	AluSx_SINE_251395_251694	repeat	299
chr5_MU273354v1_fix	262338	262637	AluY_SINE_262338_262637	repeat	299
chr5_MU273354v1_fix	43576	43875	AluSx_SINE_43576_43875	repeat	299
chr5_MU273354v1_fix	1985870	1986169	AluSx_SINE_1985870_1986169	repeat	299
chr5_MU273354v1_fix	267643	267942	AluSx_SINE_267643_267942	repeat	299
chr5_MU273354v1_fix	1564270	1564569	AluSx_SINE_1564270_1564569	repeat	299
chr5_MU273354v1_fix	1949624	1949923	AluJb_SINE_1949624_1949923	repeat	299
chr5_MU273354v1_fix	1445331	1445630	AluSx_SINE_1445331_1445630	repeat	299
chr5_MU273354v1_fix	853509	853808	AluSx_SINE_853509_853808	repeat	299
chr5_MU273354v1_fix	786090	786389	AluJr_SINE_786090_786389	repeat	299
chr5_MU273354v1_fix	202557	202856	AluSx_SINE_202557_202856	repeat	299
chr5_MU273354v1_fix	1527203	1527502	AluSx_SINE_1527203_1527502	repeat	299
chr5_MU273354v1_fix	1455163	1455462	AluSx_SINE_1455163_1455462	repeat	299
chr5_MU273354v1_fix	196310	196609	AluSx_SINE_196310_196609	repeat	299
chr5_MU273354v1_fix	1492540	1492839	AluJr_SINE_1492540_1492839	repeat	299
chr5_MU273354v1_fix	257791	258090	AluSx_SINE_257791_258090	repeat	299
chr5_MU273354v1_fix	1901106	1901405	AluSx_SINE_1901106_1901405	repeat	299
chr5_MU273354v1_fix	236384	236683	AluSx_SINE_236384_236683	repeat	299
chr5_MU273354v1_fix	1390362	1390661	AluJr_SINE_1390362_1390661	repeat	299
chr5_MU273354v1_fix	1783505	1783804	L1M5_LINE_1783505_1783804	repeat	299
chr5_MU273354v1_fix	64564	64863	AluYk3_SINE_64564_64863	repeat	299
chr5_MU273354v1_fix	242134	242433	AluSx_SINE_242134_242433	repeat	299
chr5_MU273354v1_fix	1429646	1429945	AluSx_SINE_1429646_1429945	repeat	299
chr5_MU273354v1_fix	1438901	1439200	AluSx_SINE_1438901_1439200	repeat	299
chr5_MU273354v1_fix	1562223	1562521	AluSx_SINE_1562223_1562521	repeat	298
chr5_MU273354v1_fix	203100	203398	AluSx_SINE_203100_203398	repeat	298
chr5_MU273354v1_fix	815719	816017	AluSx_SINE_815719_816017	repeat	298
chr5_MU273354v1_fix	778153	778451	AluSx_SINE_778153_778451	repeat	298
chr5_MU273354v1_fix	200373	200671	AluSc8_SINE_200373_200671	repeat	298
chr5_MU273354v1_fix	219052	219350	AluSx_SINE_219052_219350	repeat	298
chr5_MU273354v1_fix	250848	251146	AluSx_SINE_250848_251146	repeat	298
chr5_MU273354v1_fix	991714	992012	AluSx_SINE_991714_992012	repeat	298
chr5_MU273354v1_fix	1012172	1012470	AluSx_SINE_1012172_1012470	repeat	298
chr5_MU273354v1_fix	1726046	1726344	AluYk3_SINE_1726046_1726344	repeat	298
chr5_MU273354v1_fix	423813	424111	L1PA5_LINE_423813_424111	repeat	298
chr5_MU273354v1_fix	1169055	1169353	AluSx_SINE_1169055_1169353	repeat	298
chr5_MU273354v1_fix	1608749	1609047	AluSx_SINE_1608749_1609047	repeat	298
chr5_MU273354v1_fix	1274430	1274728	AluSx_SINE_1274430_1274728	repeat	298
chr5_MU273354v1_fix	1119480	1119778	L1PA5_LINE_1119480_1119778	repeat	298
chr5_MU273354v1_fix	46606	46904	AluSx_SINE_46606_46904	repeat	298
chr5_MU273354v1_fix	1294865	1295163	AluSx_SINE_1294865_1295163	repeat	298
chr5_MU273354v1_fix	1449867	1450165	AluY_SINE_1449867_1450165	repeat	298
chr5_MU273354v1_fix	1484638	1484936	AluSx_SINE_1484638_1484936	repeat	298
chr5_MU273354v1_fix	65254	65552	AluSx_SINE_65254_65552	repeat	298
chr5_MU273354v1_fix	1559966	1560264	AluSx_SINE_1559966_1560264	repeat	298
chr5_MU273354v1_fix	855767	856065	AluSx_SINE_855767_856065	repeat	298
chr5_MU273354v1_fix	1917399	1917697	AluY_SINE_1917399_1917697	repeat	298
chr5_MU273354v1_fix	1438354	1438652	AluSx_SINE_1438354_1438652	repeat	298
chr5_MU273354v1_fix	1940506	1940804	AluSx_SINE_1940506_1940804	repeat	298
chr5_MU273354v1_fix	1382465	1382763	AluSx_SINE_1382465_1382763	repeat	298
chr5_MU273354v1_fix	291441	291739	AluSx_SINE_291441_291739	repeat	298
chr5_MU273354v1_fix	1863942	1864240	AluSx_SINE_1863942_1864240	repeat	298
chr5_MU273354v1_fix	990272	990570	AluSx_SINE_990272_990570	repeat	298
chr5_MU273354v1_fix	30628	30926	AluSx_SINE_30628_30926	repeat	298
chr5_MU273354v1_fix	1714761	1715059	AluSx_SINE_1714761_1715059	repeat	298
chr5_MU273354v1_fix	983733	984030	AluJo_SINE_983733_984030	repeat	297
chr5_MU273354v1_fix	819866	820163	AluSx_SINE_819866_820163	repeat	297
chr5_MU273354v1_fix	1869413	1869710	AluSx_SINE_1869413_1869710	repeat	297
chr5_MU273354v1_fix	1117557	1117854	AluSx_SINE_1117557_1117854	repeat	297
chr5_MU273354v1_fix	2081388	2081685	AluSx_SINE_2081388_2081685	repeat	297
chr5_MU273354v1_fix	121759	122056	AluJb_SINE_121759_122056	repeat	297
chr5_MU273354v1_fix	1010730	1011027	AluSx_SINE_1010730_1011027	repeat	297
chr5_MU273354v1_fix	421890	422187	AluSx_SINE_421890_422187	repeat	297
chr5_MU273354v1_fix	1470865	1471162	AluSx_SINE_1470865_1471162	repeat	297
chr5_MU273354v1_fix	1844	2141	AluSx_SINE_1844_2141	repeat	297
chr5_MU273354v1_fix	1541773	1542070	AluJb_SINE_1541773_1542070	repeat	297
chr5_MU273354v1_fix	1467196	1467493	AluSx_SINE_1467196_1467493	repeat	297
chr5_MU273354v1_fix	1522170	1522467	AluSx_SINE_1522170_1522467	repeat	297
chr5_MU273354v1_fix	265421	265718	AluSx_SINE_265421_265718	repeat	297
chr5_MU273354v1_fix	1302858	1303155	AluJo_SINE_1302858_1303155	repeat	297
chr5_MU273354v1_fix	1914902	1915199	LTR104_Mam_LTR_1914902_1915199	repeat	297
chr5_MU273354v1_fix	84408	84705	AluYk3_SINE_84408_84705	repeat	297
chr5_MU273354v1_fix	268942	269239	AluSx_SINE_268942_269239	repeat	297
chr5_MU273354v1_fix	1430966	1431263	AluSx_SINE_1430966_1431263	repeat	297
chr5_MU273354v1_fix	164772	165069	AluSx_SINE_164772_165069	repeat	297
chr5_MU273354v1_fix	163943	164240	AluSx_SINE_163943_164240	repeat	297
chr5_MU273354v1_fix	1526316	1526613	AluSx_SINE_1526316_1526613	repeat	297
chr5_MU273354v1_fix	109957	110254	AluSx_SINE_109957_110254	repeat	297
chr5_MU273354v1_fix	1989316	1989613	AluSx_SINE_1989316_1989613	repeat	297
chr5_MU273354v1_fix	1296317	1296614	AluSx_SINE_1296317_1296614	repeat	297
chr5_MU273354v1_fix	1690214	1690511	AluJo_SINE_1690214_1690511	repeat	297
chr5_MU273354v1_fix	1975568	1975865	AluSx_SINE_1975568_1975865	repeat	297
chr5_MU273354v1_fix	1275883	1276180	AluSx_SINE_1275883_1276180	repeat	297
chr5_MU273354v1_fix	1955172	1955469	AluSx_SINE_1955172_1955469	repeat	297
chr5_MU273354v1_fix	835325	835622	AluJb_SINE_835325_835622	repeat	297
chr5_MU273354v1_fix	2087025	2087321	AluSx_SINE_2087025_2087321	repeat	296
chr5_MU273354v1_fix	1551748	1552044	MLT1F_LTR_1551748_1552044	repeat	296
chr5_MU273354v1_fix	1500032	1500328	AluSx_SINE_1500032_1500328	repeat	296
chr5_MU273354v1_fix	845299	845595	MLT1F_LTR_845299_845595	repeat	296
chr5_MU273354v1_fix	243454	243750	AluSx_SINE_243454_243750	repeat	296
chr5_MU273354v1_fix	1452962	1453258	AluSx_SINE_1452962_1453258	repeat	296
chr5_MU273354v1_fix	53652	53948	AluJo_SINE_53652_53948	repeat	296
chr5_MU273354v1_fix	115264	115560	AluSx_SINE_115264_115560	repeat	296
chr5_MU273354v1_fix	176961	177257	AluY_SINE_176961_177257	repeat	296
chr5_MU273354v1_fix	107558	107854	AluJb_SINE_107558_107854	repeat	296
chr5_MU273354v1_fix	117254	117550	AluSx_SINE_117254_117550	repeat	296
chr5_MU273354v1_fix	106227	106523	AluSx_SINE_106227_106523	repeat	296
chr5_MU273354v1_fix	1618516	1618812	AluSx_SINE_1618516_1618812	repeat	296
chr5_MU273354v1_fix	1203893	1204189	L1M5_LINE_1203893_1204189	repeat	296
chr5_MU273354v1_fix	1628168	1628464	MLT1F2_LTR_1628168_1628464	repeat	296
chr5_MU273354v1_fix	1082691	1082987	L1M5_LINE_1082691_1082987	repeat	296
chr5_MU273354v1_fix	821153	821449	AluSx_SINE_821153_821449	repeat	296
chr5_MU273354v1_fix	820434	820730	AluJb_SINE_820434_820730	repeat	296
chr5_MU273354v1_fix	124942	125238	AluSx_SINE_124942_125238	repeat	296
chr5_MU273354v1_fix	34054	34350	AluSx_SINE_34054_34350	repeat	296
chr5_MU273354v1_fix	2085209	2085505	AluSx_SINE_2085209_2085505	repeat	296
chr5_MU273354v1_fix	793583	793879	AluSx_SINE_793583_793879	repeat	296
chr5_MU273354v1_fix	2077676	2077972	AluSx_SINE_2077676_2077972	repeat	296
chr5_MU273354v1_fix	2008048	2008344	AluSx_SINE_2008048_2008344	repeat	296
chr5_MU273354v1_fix	386711	387007	L1M5_LINE_386711_387007	repeat	296
chr5_MU273354v1_fix	870784	871080	AluSx_SINE_870784_871080	repeat	296
chr5_MU273354v1_fix	1397852	1398148	AluSx_SINE_1397852_1398148	repeat	296
chr5_MU273354v1_fix	1577248	1577544	AluSx_SINE_1577248_1577544	repeat	296
chr5_MU273354v1_fix	166955	167251	AluSx_SINE_166955_167251	repeat	296
chr5_MU273354v1_fix	912027	912323	AluSx_SINE_912027_912323	repeat	296
chr5_MU273354v1_fix	167909	168205	AluJb_SINE_167909_168205	repeat	296
chr5_MU273354v1_fix	1527603	1527899	AluSx_SINE_1527603_1527899	repeat	296
chr5_MU273354v1_fix	1526885	1527181	AluJb_SINE_1526885_1527181	repeat	296
chr5_MU273354v1_fix	1963852	1964147	AluY_SINE_1963852_1964147	repeat	295
chr5_MU273354v1_fix	1278789	1279084	AluSx_SINE_1278789_1279084	repeat	295
chr5_MU273354v1_fix	987371	987666	AluSx_SINE_987371_987666	repeat	295
chr5_MU273354v1_fix	1007812	1008107	AluSx_SINE_1007812_1008107	repeat	295
chr5_MU273354v1_fix	117691	117986	AluSc8_SINE_117691_117986	repeat	295
chr5_MU273354v1_fix	114761	115056	AluSx_SINE_114761_115056	repeat	295
chr5_MU273354v1_fix	1961709	1962004	AluSx_SINE_1961709_1962004	repeat	295
chr5_MU273354v1_fix	1578117	1578412	AluYf1_SINE_1578117_1578412	repeat	295
chr5_MU273354v1_fix	287293	287588	AluSc8_SINE_287293_287588	repeat	295
chr5_MU273354v1_fix	1299223	1299518	AluSx_SINE_1299223_1299518	repeat	295
chr5_MU273354v1_fix	1374631	1374926	AluSx_SINE_1374631_1374926	repeat	295
chr5_MU273354v1_fix	1364918	1365213	MLT1F2_LTR_1364918_1365213	repeat	295
chr5_MU273354v1_fix	1378341	1378636	AluSc8_SINE_1378341_1378636	repeat	295
chr5_MU273354v1_fix	921676	921971	MLT1F2_LTR_921676_921971	repeat	295
chr5_MU273354v1_fix	174172	174467	AluSx_SINE_174172_174467	repeat	295
chr5_MU273354v1_fix	174907	175202	AluSx_SINE_174907_175202	repeat	295
chr5_MU273354v1_fix	770302	770597	AluSx_SINE_770302_770597	repeat	295
chr5_MU273354v1_fix	774005	774300	AluSc8_SINE_774005_774300	repeat	295
chr5_MU273354v1_fix	760581	760876	MLT1F2_LTR_760581_760876	repeat	295
chr5_MU273354v1_fix	866251	866546	AluSx_SINE_866251_866546	repeat	295
chr5_MU273354v1_fix	1414978	1415273	AluSx_SINE_1414978_1415273	repeat	295
chr5_MU273354v1_fix	1572718	1573013	AluSx_SINE_1572718_1573013	repeat	295
chr5_MU273354v1_fix	162660	162955	AluY_SINE_162660_162955	repeat	295
chr5_MU273354v1_fix	1480509	1480804	AluSc8_SINE_1480509_1480804	repeat	295
chr5_MU273354v1_fix	1456462	1456757	AluSx_SINE_1456462_1456757	repeat	295
chr5_MU273354v1_fix	219350	219645	L1ME3A_LINE_219350_219645	repeat	295
chr5_MU273354v1_fix	825547	825842	AluSx_SINE_825547_825842	repeat	295
chr5_MU273354v1_fix	193692	193987	AluSx_SINE_193692_193987	repeat	295
chr5_MU273354v1_fix	1531992	1532287	AluSx_SINE_1531992_1532287	repeat	295
chr5_MU273354v1_fix	3229	3524	AluSc8_SINE_3229_3524	repeat	295
chr5_MU273354v1_fix	173696	173990	AluSx_SINE_173696_173990	repeat	294
chr5_MU273354v1_fix	1557632	1557926	AluJb_SINE_1557632_1557926	repeat	294
chr5_MU273354v1_fix	130637	130931	AluSc8_SINE_130637_130931	repeat	294
chr5_MU273354v1_fix	1685397	1685691	AluJr_SINE_1685397_1685691	repeat	294
chr5_MU273354v1_fix	978911	979205	AluJr_SINE_978911_979205	repeat	294
chr5_MU273354v1_fix	1547112	1547406	AluSx_SINE_1547112_1547406	repeat	294
chr5_MU273354v1_fix	1985100	1985394	AluY_SINE_1985100_1985394	repeat	294
chr5_MU273354v1_fix	851175	851469	AluJb_SINE_851175_851469	repeat	294
chr5_MU273354v1_fix	310520	310814	AluSx_SINE_310520_310814	repeat	294
chr5_MU273354v1_fix	1978272	1978566	L1M5_LINE_1978272_1978566	repeat	294
chr5_MU273354v1_fix	1307684	1307978	AluJr_SINE_1307684_1307978	repeat	294
chr5_MU273354v1_fix	100221	100515	AluY_SINE_100221_100515	repeat	294
chr5_MU273354v1_fix	1711863	1712157	AluSx_SINE_1711863_1712157	repeat	294
chr5_MU273354v1_fix	74294	74588	AluSx_SINE_74294_74588	repeat	294
chr5_MU273354v1_fix	2030452	2030746	AluJo_SINE_2030452_2030746	repeat	294
chr5_MU273354v1_fix	1441132	1441426	AluSx_SINE_1441132_1441426	repeat	294
chr5_MU273354v1_fix	67395	67689	AluSx_SINE_67395_67689	repeat	294
chr5_MU273354v1_fix	100939	101233	AluJb_SINE_100939_101233	repeat	294
chr5_MU273354v1_fix	98773	99067	AluSx_SINE_98773_99067	repeat	294
chr5_MU273354v1_fix	221655	221949	AluSx_SINE_221655_221949	repeat	294
chr5_MU273354v1_fix	1956297	1956591	AluSx_SINE_1956297_1956591	repeat	294
chr5_MU273354v1_fix	253626	253920	AluSx_SINE_253626_253920	repeat	294
chr5_MU273354v1_fix	1961129	1961423	AluY_SINE_1961129_1961423	repeat	294
chr5_MU273354v1_fix	1941564	1941858	AluSx_SINE_1941564_1941858	repeat	294
chr5_MU273354v1_fix	2097846	2098140	AluSc8_SINE_2097846_2098140	repeat	294
chr5_MU273354v1_fix	840663	840957	AluSx_SINE_840663_840957	repeat	294
chr5_MU273354v1_fix	2065831	2066124	L1ME1_LINE_2065831_2066124	repeat	293
chr5_MU273354v1_fix	2010462	2010755	AluSx_SINE_2010462_2010755	repeat	293
chr5_MU273354v1_fix	16447	16740	AluY_SINE_16447_16740	repeat	293
chr5_MU273354v1_fix	1558508	1558801	AluSx_SINE_1558508_1558801	repeat	293
chr5_MU273354v1_fix	1693841	1694134	AluSx_SINE_1693841_1694134	repeat	293
chr5_MU273354v1_fix	1443719	1444012	AluJo_SINE_1443719_1444012	repeat	293
chr5_MU273354v1_fix	33588	33881	AluSx_SINE_33588_33881	repeat	293
chr5_MU273354v1_fix	2027475	2027768	AluSx_SINE_2027475_2027768	repeat	293
chr5_MU273354v1_fix	852051	852344	AluSx_SINE_852051_852344	repeat	293
chr5_MU273354v1_fix	6956	7249	AluSx_SINE_6956_7249	repeat	293
chr5_MU273354v1_fix	124586	124879	AluJo_SINE_124586_124879	repeat	293
chr5_MU273354v1_fix	191355	191648	AluSx_SINE_191355_191648	repeat	293
chr5_MU273354v1_fix	256174	256467	AluJo_SINE_256174_256467	repeat	293
chr5_MU273354v1_fix	871653	871946	AluYf1_SINE_871653_871946	repeat	293
chr5_MU273354v1_fix	1967709	1968002	AluSx_SINE_1967709_1968002	repeat	293
chr5_MU273354v1_fix	1557933	1558225	AluSx_SINE_1557933_1558225	repeat	292
chr5_MU273354v1_fix	1551431	1551723	L1MC4_LINE_1551431_1551723	repeat	292
chr5_MU273354v1_fix	385412	385704	L1ME3A_LINE_385412_385704	repeat	292
chr5_MU273354v1_fix	1782208	1782500	L1ME3A_LINE_1782208_1782500	repeat	292
chr5_MU273354v1_fix	1811249	1811541	MER65A_LTR_1811249_1811541	repeat	292
chr5_MU273354v1_fix	210235	210527	AluSx_SINE_210235_210527	repeat	292
chr5_MU273354v1_fix	199391	199683	AluSx_SINE_199391_199683	repeat	292
chr5_MU273354v1_fix	190543	190835	AluSx_SINE_190543_190835	repeat	292
chr5_MU273354v1_fix	1081392	1081684	L1ME3A_LINE_1081392_1081684	repeat	292
chr5_MU273354v1_fix	414621	414913	MER65A_LTR_414621_414913	repeat	292
chr5_MU273354v1_fix	147159	147451	AluSx_SINE_147159_147451	repeat	292
chr5_MU273354v1_fix	1489242	1489534	AluJr4_SINE_1489242_1489534	repeat	292
chr5_MU273354v1_fix	1110610	1110902	MER65A_LTR_1110610_1110902	repeat	292
chr5_MU273354v1_fix	1175995	1176287	MER65A_LTR_1175995_1176287	repeat	292
chr5_MU273354v1_fix	1847746	1848038	AluSx_SINE_1847746_1848038	repeat	292
chr5_MU273354v1_fix	1446853	1447145	AluSx_SINE_1446853_1447145	repeat	292
chr5_MU273354v1_fix	1400354	1400646	AluY_SINE_1400354_1400646	repeat	292
chr5_MU273354v1_fix	1205196	1205488	L1ME3A_LINE_1205196_1205488	repeat	292
chr5_MU273354v1_fix	1951364	1951656	AluJr_SINE_1951364_1951656	repeat	292
chr5_MU273354v1_fix	259313	259605	AluSx_SINE_259313_259605	repeat	292
chr5_MU273354v1_fix	1387072	1387364	AluJr4_SINE_1387072_1387364	repeat	292
chr5_MU273354v1_fix	1975271	1975563	AluSx_SINE_1975271_1975563	repeat	292
chr5_MU273354v1_fix	782789	783081	AluJr4_SINE_782789_783081	repeat	292
chr5_MU273354v1_fix	851476	851768	AluSx_SINE_851476_851768	repeat	292
chr5_MU273354v1_fix	844982	845274	L1MC4_LINE_844982_845274	repeat	292
chr5_MU273354v1_fix	1993971	1994263	AluJb_SINE_1993971_1994263	repeat	292
chr5_MU273354v1_fix	41666	41958	AluJo_SINE_41666_41958	repeat	292
chr5_MU273354v1_fix	296066	296358	AluJr4_SINE_296066_296358	repeat	292
chr5_MU273354v1_fix	2083801	2084093	AluSc8_SINE_2083801_2084093	repeat	292
chr5_MU273354v1_fix	8208	8499	AluSx_SINE_8208_8499	repeat	291
chr5_MU273354v1_fix	168480	168771	AluSx_SINE_168480_168771	repeat	291
chr5_MU273354v1_fix	1260870	1261161	AluSx_SINE_1260870_1261161	repeat	291
chr5_MU273354v1_fix	796074	796365	AluY_SINE_796074_796365	repeat	291
chr5_MU273354v1_fix	1009777	1010068	AluSx_SINE_1009777_1010068	repeat	291
chr5_MU273354v1_fix	144922	145213	AluSx_SINE_144922_145213	repeat	291
chr5_MU273354v1_fix	312484	312775	AluSx_SINE_312484_312775	repeat	291
chr5_MU273354v1_fix	1987963	1988254	AluJb_SINE_1987963_1988254	repeat	291
chr5_MU273354v1_fix	2016251	2016542	AluSx_SINE_2016251_2016542	repeat	291
chr5_MU273354v1_fix	2068332	2068623	AluJb_SINE_2068332_2068623	repeat	291
chr5_MU273354v1_fix	2082040	2082331	AluSx_SINE_2082040_2082331	repeat	291
chr5_MU273354v1_fix	1258862	1259153	L2_LINE_1258862_1259153	repeat	291
chr5_MU273354v1_fix	20588	20879	AluJb_SINE_20588_20879	repeat	291
chr5_MU273354v1_fix	1423892	1424183	AluSx_SINE_1423892_1424183	repeat	291
chr5_MU273354v1_fix	1418293	1418584	L1PA16_LINE_1418293_1418584	repeat	291
chr5_MU273354v1_fix	1968032	1968323	AluY_SINE_1968032_1968323	repeat	291
chr5_MU273354v1_fix	101780	102071	AluSx_SINE_101780_102071	repeat	291
chr5_MU273354v1_fix	230786	231077	L1PA16_LINE_230786_231077	repeat	291
chr5_MU273354v1_fix	1727339	1727630	AluSx_SINE_1727339_1727630	repeat	291
chr5_MU273354v1_fix	1729347	1729638	L2_LINE_1729347_1729638	repeat	291
chr5_MU273354v1_fix	1471547	1471838	AluYk3_SINE_1471547_1471838	repeat	291
chr5_MU273354v1_fix	112448	112739	AluSx_SINE_112448_112739	repeat	291
chr5_MU273354v1_fix	227478	227769	AluSx_SINE_227478_227769	repeat	291
chr5_MU273354v1_fix	2037854	2038145	AluSx_SINE_2037854_2038145	repeat	291
chr5_MU273354v1_fix	1491126	1491417	L1MEc_LINE_1491126_1491417	repeat	291
chr5_MU273354v1_fix	212457	212748	AluSx_SINE_212457_212748	repeat	291
chr5_MU273354v1_fix	1502523	1502814	AluY_SINE_1502523_1502814	repeat	291
chr5_MU273354v1_fix	1509919	1510210	AluJr_SINE_1509919_1510210	repeat	291
chr5_MU273354v1_fix	784674	784965	L1MEc_LINE_784674_784965	repeat	291
chr5_MU273354v1_fix	1388956	1389247	L1MEc_LINE_1388956_1389247	repeat	291
chr5_MU273354v1_fix	803471	803762	AluJr_SINE_803471_803762	repeat	291
chr5_MU273354v1_fix	1027737	1028028	L2_LINE_1027737_1028028	repeat	291
chr5_MU273354v1_fix	868448	868738	AluSx_SINE_868448_868738	repeat	290
chr5_MU273354v1_fix	1441586	1441876	AluSx_SINE_1441586_1441876	repeat	290
chr5_MU273354v1_fix	79454	79744	AluSx_SINE_79454_79744	repeat	290
chr5_MU273354v1_fix	860157	860447	AluSx_SINE_860157_860447	repeat	290
chr5_MU273354v1_fix	784384	784674	AluSx_SINE_784384_784674	repeat	290
chr5_MU273354v1_fix	96842	97132	AluSx_SINE_96842_97132	repeat	290
chr5_MU273354v1_fix	94591	94881	AluSx_SINE_94591_94881	repeat	290
chr5_MU273354v1_fix	1952751	1953041	AluSx_SINE_1952751_1953041	repeat	290
chr5_MU273354v1_fix	39442	39732	AluJb_SINE_39442_39732	repeat	290
chr5_MU273354v1_fix	153716	154006	AluSx_SINE_153716_154006	repeat	290
chr5_MU273354v1_fix	138965	139255	AluJb_SINE_138965_139255	repeat	290
chr5_MU273354v1_fix	12836	13126	AluJb_SINE_12836_13126	repeat	290
chr5_MU273354v1_fix	1574914	1575204	AluSx_SINE_1574914_1575204	repeat	290
chr5_MU273354v1_fix	10766	11056	AluSx_SINE_10766_11056	repeat	290
chr5_MU273354v1_fix	1566613	1566903	AluSx_SINE_1566613_1566903	repeat	290
chr5_MU273354v1_fix	57399	57689	AluJo_SINE_57399_57689	repeat	290
chr5_MU273354v1_fix	1713817	1714107	AluSx_SINE_1713817_1714107	repeat	290
chr5_MU273354v1_fix	2085905	2086195	AluJb_SINE_2085905_2086195	repeat	290
chr5_MU273354v1_fix	1490836	1491126	AluSx_SINE_1490836_1491126	repeat	290
chr5_MU273354v1_fix	989336	989626	AluSx_SINE_989336_989626	repeat	290
chr5_MU273354v1_fix	1388666	1388956	AluSx_SINE_1388666_1388956	repeat	290
chr5_MU273354v1_fix	1695781	1696071	AluSx_SINE_1695781_1696071	repeat	290
chr5_MU273354v1_fix	814663	814952	AluSx_SINE_814663_814952	repeat	289
chr5_MU273354v1_fix	1995435	1995724	AluJb_SINE_1995435_1995724	repeat	289
chr5_MU273354v1_fix	13462	13751	AluSx_SINE_13462_13751	repeat	289
chr5_MU273354v1_fix	1297264	1297553	AluSx_SINE_1297264_1297553	repeat	289
chr5_MU273354v1_fix	1379074	1379363	AluSx_SINE_1379074_1379363	repeat	289
chr5_MU273354v1_fix	443753	444042	AluSx_SINE_443753_444042	repeat	289
chr5_MU273354v1_fix	1276830	1277119	AluSx_SINE_1276830_1277119	repeat	289
chr5_MU273354v1_fix	1946380	1946669	AluSx_SINE_1946380_1946669	repeat	289
chr5_MU273354v1_fix	1413534	1413823	AluSx_SINE_1413534_1413823	repeat	289
chr5_MU273354v1_fix	213200	213489	AluSx_SINE_213200_213489	repeat	289
chr5_MU273354v1_fix	1472417	1472706	AluSx_SINE_1472417_1472706	repeat	289
chr5_MU273354v1_fix	1481242	1481531	AluSx_SINE_1481242_1481531	repeat	289
chr5_MU273354v1_fix	226031	226320	AluSx_SINE_226031_226320	repeat	289
chr5_MU273354v1_fix	902274	902563	AluY_SINE_902274_902563	repeat	289
chr5_MU273354v1_fix	215390	215679	AluSx_SINE_215390_215679	repeat	289
chr5_MU273354v1_fix	127546	127835	AluSx_SINE_127546_127835	repeat	289
chr5_MU273354v1_fix	1521114	1521403	AluSx_SINE_1521114_1521403	repeat	289
chr5_MU273354v1_fix	1147416	1147705	AluSx_SINE_1147416_1147705	repeat	289
chr5_MU273354v1_fix	2087781	2088069	MLT1K_LTR_2087781_2088069	repeat	288
chr5_MU273354v1_fix	1571001	1571289	AluSx_SINE_1571001_1571289	repeat	288
chr5_MU273354v1_fix	37178	37466	AluSx_SINE_37178_37466	repeat	288
chr5_MU273354v1_fix	429268	429556	AluJr_SINE_429268_429556	repeat	288
chr5_MU273354v1_fix	148880	149168	AluSx_SINE_148880_149168	repeat	288
chr5_MU273354v1_fix	186965	187253	AluSx_SINE_186965_187253	repeat	288
chr5_MU273354v1_fix	15196	15484	AluYk3_SINE_15196_15484	repeat	288
chr5_MU273354v1_fix	713808	714096	AluSx_SINE_713808_714096	repeat	288
chr5_MU273354v1_fix	1674992	1675280	AluSx_SINE_1674992_1675280	repeat	288
chr5_MU273354v1_fix	1318105	1318393	AluSx_SINE_1318105_1318393	repeat	288
chr5_MU273354v1_fix	20126	20414	AluSx_SINE_20126_20414	repeat	288
chr5_MU273354v1_fix	968487	968775	AluSx_SINE_968487_968775	repeat	288
chr5_MU273354v1_fix	2017937	2018225	AluJb_SINE_2017937_2018225	repeat	288
chr5_MU273354v1_fix	1125329	1125617	AluJr_SINE_1125329_1125617	repeat	288
chr5_MU273354v1_fix	1458736	1459024	MER21C_LTR_1458736_1459024	repeat	288
chr5_MU273354v1_fix	2050773	2051061	AluSx_SINE_2050773_2051061	repeat	288
chr5_MU273354v1_fix	1825647	1825935	AluJr_SINE_1825647_1825935	repeat	288
chr5_MU273354v1_fix	1161603	1161891	AluJr_SINE_1161603_1161891	repeat	288
chr5_MU273354v1_fix	1959331	1959619	AluSx_SINE_1959331_1959619	repeat	288
chr5_MU273354v1_fix	271218	271506	MER21C_LTR_271218_271506	repeat	288
chr5_MU273354v1_fix	1570081	1570368	AluJb_SINE_1570081_1570368	repeat	287
chr5_MU273354v1_fix	2069562	2069849	AluJb_SINE_2069562_2069849	repeat	287
chr5_MU273354v1_fix	1615303	1615590	AluJb_SINE_1615303_1615590	repeat	287
chr5_MU273354v1_fix	863620	863907	AluJb_SINE_863620_863907	repeat	287
chr5_MU273354v1_fix	61504	61791	AluJb_SINE_61504_61791	repeat	287
chr5_MU273354v1_fix	50117	50404	AluSx_SINE_50117_50404	repeat	287
chr5_MU273354v1_fix	51052	51339	AluJb_SINE_51052_51339	repeat	287
chr5_MU273354v1_fix	251916	252203	AluSx_SINE_251916_252203	repeat	287
chr5_MU273354v1_fix	288026	288313	AluSx_SINE_288026_288313	repeat	287
chr5_MU273354v1_fix	45683	45970	AluSx_SINE_45683_45970	repeat	287
chr5_MU273354v1_fix	774738	775025	AluSx_SINE_774738_775025	repeat	287
chr5_MU273354v1_fix	2088459	2088746	Charlie16a_DNA_2088459_2088746	repeat	287
chr5_MU273354v1_fix	908817	909104	AluJb_SINE_908817_909104	repeat	287
chr5_MU273354v1_fix	2027797	2028084	AluJb_SINE_2027797_2028084	repeat	287
chr5_MU273354v1_fix	1439422	1439709	AluSx_SINE_1439422_1439709	repeat	287
chr5_MU273354v1_fix	1916392	1916678	AluSx_SINE_1916392_1916678	repeat	286
chr5_MU273354v1_fix	446963	447249	Charlie2a_DNA_446963_447249	repeat	286
chr5_MU273354v1_fix	132154	132440	AluJb_SINE_132154_132440	repeat	286
chr5_MU273354v1_fix	2041303	2041589	L1ME4b_LINE_2041303_2041596	repeat	286
chr5_MU273354v1_fix	2021796	2022082	AluSx_SINE_2021796_2022082	repeat	286
chr5_MU273354v1_fix	1144210	1144496	Charlie2a_DNA_1144210_1144496	repeat	286
chr5_MU273354v1_fix	1452529	1452815	AluJr_SINE_1452529_1452815	repeat	286
chr5_MU273354v1_fix	2045394	2045680	AluSx_SINE_2045394_2045680	repeat	286
chr5_MU273354v1_fix	1844538	1844824	Charlie2a_DNA_1844538_1844824	repeat	286
chr5_MU273354v1_fix	1862588	1862874	L2b_LINE_1862588_1862874	repeat	286
chr5_MU273354v1_fix	1988329	1988615	AluSx_SINE_1988329_1988615	repeat	286
chr5_MU273354v1_fix	69127	69413	AluYk2_SINE_69127_69413	repeat	286
chr5_MU273354v1_fix	264988	265274	AluJr_SINE_264988_265274	repeat	286
chr5_MU273354v1_fix	2037245	2037531	AluSx_SINE_2037245_2037531	repeat	286
chr5_MU273354v1_fix	56377	56662	AluY_SINE_56377_56662	repeat	285
chr5_MU273354v1_fix	177973	178258	AluJo_SINE_177973_178258	repeat	285
chr5_MU273354v1_fix	1960039	1960324	AluJb_SINE_1960039_1960324	repeat	285
chr5_MU273354v1_fix	1645842	1646127	AluY_SINE_1645842_1646127	repeat	285
chr5_MU273354v1_fix	1347258	1347543	AluY_SINE_1347258_1347543	repeat	285
chr5_MU273354v1_fix	742914	743199	AluY_SINE_742914_743199	repeat	285
chr5_MU273354v1_fix	980765	981050	AluJb_SINE_980765_981050	repeat	285
chr5_MU273354v1_fix	129340	129625	AluSx_SINE_129340_129625	repeat	285
chr5_MU273354v1_fix	142062	142347	AluSx_SINE_142062_142347	repeat	285
chr5_MU273354v1_fix	238095	238380	Kanga1c_DNA_238095_238380	repeat	285
chr5_MU273354v1_fix	1305839	1306124	AluJb_SINE_1305839_1306124	repeat	285
chr5_MU273354v1_fix	939351	939636	AluY_SINE_939351_939636	repeat	285
chr5_MU273354v1_fix	1687250	1687535	AluJb_SINE_1687250_1687535	repeat	285
chr5_MU273354v1_fix	90014	90299	AluJb_SINE_90014_90299	repeat	285
chr5_MU273354v1_fix	1425595	1425880	Kanga1c_DNA_1425595_1425880	repeat	285
chr5_MU273354v1_fix	862834	863118	AluJb_SINE_862834_863118	repeat	284
chr5_MU273354v1_fix	105914	106198	AluSx_SINE_105914_106198	repeat	284
chr5_MU273354v1_fix	241850	242134	Tigger1_DNA_241850_242134	repeat	284
chr5_MU273354v1_fix	278636	278920	AluSx_SINE_278636_278920	repeat	284
chr5_MU273354v1_fix	1429362	1429646	Tigger1_DNA_1429362_1429646	repeat	284
chr5_MU273354v1_fix	2055001	2055285	AluJo_SINE_2055001_2055285	repeat	284
chr5_MU273354v1_fix	1569291	1569575	AluJb_SINE_1569291_1569575	repeat	284
chr5_MU273354v1_fix	34387	34671	AluJb_SINE_34387_34671	repeat	284
chr5_MU273354v1_fix	1466158	1466442	AluSx_SINE_1466158_1466442	repeat	284
chr5_MU273354v1_fix	1464273	1464557	AluSx_SINE_1464273_1464557	repeat	284
chr5_MU273354v1_fix	115654	115938	AluSx_SINE_115654_115938	repeat	284
chr5_MU273354v1_fix	2005977	2006261	AluSx_SINE_2005977_2006261	repeat	284
chr5_MU273354v1_fix	2073174	2073458	AluJb_SINE_2073174_2073458	repeat	284
chr5_MU273354v1_fix	2056606	2056890	AluJb_SINE_2056606_2056890	repeat	284
chr5_MU273354v1_fix	276753	277037	AluSx_SINE_276753_277037	repeat	284
chr5_MU273354v1_fix	849900	850183	L2_LINE_849900_850183	repeat	283
chr5_MU273354v1_fix	969232	969515	AluSx_SINE_969232_969515	repeat	283
chr5_MU273354v1_fix	1025737	1026020	AluSx_SINE_1025737_1026020	repeat	283
chr5_MU273354v1_fix	1983744	1984027	AluSx_SINE_1983744_1984027	repeat	283
chr5_MU273354v1_fix	185536	185818	AluJb_SINE_185536_185818	repeat	282
chr5_MU273354v1_fix	218758	219040	AluSx_SINE_218758_219040	repeat	282
chr5_MU273354v1_fix	1710974	1711256	AluSx_SINE_1710974_1711256	repeat	282
chr5_MU273354v1_fix	986495	986777	AluSx_SINE_986495_986777	repeat	282
chr5_MU273354v1_fix	309641	309923	AluSx_SINE_309641_309923	repeat	282
chr5_MU273354v1_fix	1317367	1317648	AluSx_SINE_1317367_1317648	repeat	281
chr5_MU273354v1_fix	862533	862814	AluSx_SINE_862533_862814	repeat	281
chr5_MU273354v1_fix	1743779	1744060	AluJr_SINE_1743779_1744060	repeat	281
chr5_MU273354v1_fix	1042163	1042444	AluJr_SINE_1042163_1042444	repeat	281
chr5_MU273354v1_fix	143256	143537	AluSx_SINE_143256_143537	repeat	281
chr5_MU273354v1_fix	1542654	1542935	AluSx_SINE_1542654_1542935	repeat	281
chr5_MU273354v1_fix	187517	187798	AluSx_SINE_187517_187798	repeat	281
chr5_MU273354v1_fix	1568990	1569271	AluSx_SINE_1568990_1569271	repeat	281
chr5_MU273354v1_fix	1978873	1979154	AluJb_SINE_1978873_1979154	repeat	281
chr5_MU273354v1_fix	713070	713351	AluSx_SINE_713070_713351	repeat	281
chr5_MU273354v1_fix	57689	57970	AluSx_SINE_57689_57970	repeat	281
chr5_MU273354v1_fix	836206	836487	AluSx_SINE_836206_836487	repeat	281
chr5_MU273354v1_fix	346172	346453	AluJr_SINE_346172_346453	repeat	281
chr5_MU273354v1_fix	1244430	1244711	AluJr_SINE_1244430_1244711	repeat	281
chr5_MU273354v1_fix	1502969	1503250	AluSx_SINE_1502969_1503250	repeat	281
chr5_MU273354v1_fix	48907	49188	AluJr_SINE_48907_49188	repeat	281
chr5_MU273354v1_fix	796520	796801	AluSx_SINE_796520_796801	repeat	281
chr5_MU273354v1_fix	49527	49807	AluSx_SINE_49527_49807	repeat	280
chr5_MU273354v1_fix	2068922	2069202	AluJb_SINE_2068922_2069202	repeat	280
chr5_MU273354v1_fix	1883499	1883779	AluYc_SINE_1883499_1883779	repeat	280
chr5_MU273354v1_fix	1301168	1301448	AluJo_SINE_1301168_1301448	repeat	280
chr5_MU273354v1_fix	1948504	1948784	AluJo_SINE_1948504_1948784	repeat	280
chr5_MU273354v1_fix	864540	864820	AluSx_SINE_864540_864820	repeat	280
chr5_MU273354v1_fix	1777971	1778251	MER110_LTR_1777971_1778251	repeat	280
chr5_MU273354v1_fix	160763	161043	AluSx_SINE_160763_161043	repeat	280
chr5_MU273354v1_fix	1675737	1676017	AluSx_SINE_1675737_1676017	repeat	280
chr5_MU273354v1_fix	1417753	1418033	L1PA16_LINE_1417753_1418033	repeat	280
chr5_MU273354v1_fix	1415874	1416154	AluJo_SINE_1415874_1416154	repeat	280
chr5_MU273354v1_fix	25788	26068	AluJo_SINE_25788_26068	repeat	280
chr5_MU273354v1_fix	2023699	2023979	AluJr_SINE_2023699_2023979	repeat	280
chr5_MU273354v1_fix	1975865	1976144	AluSx_SINE_1975865_1976144	repeat	279
chr5_MU273354v1_fix	427656	427935	AluY_SINE_427656_427935	repeat	279
chr5_MU273354v1_fix	1460416	1460695	AluJb_SINE_1460416_1460695	repeat	279
chr5_MU273354v1_fix	93112	93391	AluSx_SINE_93112_93391	repeat	279
chr5_MU273354v1_fix	1577696	1577975	AluYc_SINE_1577696_1577975	repeat	279
chr5_MU273354v1_fix	1707223	1707502	MLT1A_LTR_1707223_1707502	repeat	279
chr5_MU273354v1_fix	272898	273177	AluJb_SINE_272898_273177	repeat	279
chr5_MU273354v1_fix	1347728	1348007	AluSx_SINE_1347728_1348007	repeat	279
chr5_MU273354v1_fix	1692971	1693250	AluSx_SINE_1692971_1693250	repeat	279
chr5_MU273354v1_fix	743384	743663	AluSx_SINE_743384_743663	repeat	279
chr5_MU273354v1_fix	305889	306168	MLT1A_LTR_305889_306168	repeat	279
chr5_MU273354v1_fix	22076	22355	AluSz6_SINE_22076_22355	repeat	279
chr5_MU273354v1_fix	230247	230526	L1PA16_LINE_230247_230526	repeat	279
chr5_MU273354v1_fix	938887	939166	AluSx_SINE_938887_939166	repeat	279
chr5_MU273354v1_fix	2069246	2069525	MER77_LTR_2069246_2069525	repeat	279
chr5_MU273354v1_fix	871232	871511	AluYc_SINE_871232_871511	repeat	279
chr5_MU273354v1_fix	326366	326645	MLT1A_LTR_326366_326645	repeat	279
chr5_MU273354v1_fix	1645374	1645653	AluSx_SINE_1645374_1645653	repeat	279
chr5_MU273354v1_fix	207784	208062	L1ME3_LINE_207784_208062	repeat	278
chr5_MU273354v1_fix	71676	71954	L1MA8_LINE_71676_71954	repeat	278
chr5_MU273354v1_fix	136723	137001	AluSx_SINE_136723_137001	repeat	278
chr5_MU273354v1_fix	1099340	1099618	MER65D_LTR_1099340_1099618	repeat	278
chr5_MU273354v1_fix	18211	18489	L1ME4b_LINE_18210_18489	repeat	278
chr5_MU273354v1_fix	1187259	1187537	MER65D_LTR_1187259_1187537	repeat	278
chr5_MU273354v1_fix	1800212	1800490	MER65D_LTR_1800212_1800490	repeat	278
chr5_MU273354v1_fix	983082	983360	AluJr_SINE_983082_983360	repeat	278
chr5_MU273354v1_fix	1521892	1522170	L1ME4b_LINE_1521892_1522170	repeat	278
chr5_MU273354v1_fix	403354	403632	MER65D_LTR_403354_403632	repeat	278
chr5_MU273354v1_fix	1560265	1560543	AluJb_SINE_1560265_1560543	repeat	278
chr5_MU273354v1_fix	853809	854087	AluJb_SINE_853809_854087	repeat	278
chr5_MU273354v1_fix	815441	815719	L1ME4b_LINE_815441_815719	repeat	278
chr5_MU273354v1_fix	1262980	1263257	MLT1A_LTR_1262980_1263257	repeat	277
chr5_MU273354v1_fix	228368	228645	AluJo_SINE_228368_228645	repeat	277
chr5_MU273354v1_fix	1939212	1939489	AluSx_SINE_1939212_1939489	repeat	277
chr5_MU273354v1_fix	869369	869646	AluSx_SINE_869369_869646	repeat	277
chr5_MU273354v1_fix	1538005	1538282	AluSx_SINE_1538005_1538282	repeat	277
chr5_MU273354v1_fix	1040344	1040621	AluSx_SINE_1040344_1040621	repeat	277
chr5_MU273354v1_fix	1023641	1023918	MLT1A_LTR_1023641_1023918	repeat	277
chr5_MU273354v1_fix	1003186	1003463	MLT1A_LTR_1003186_1003463	repeat	277
chr5_MU273354v1_fix	1575835	1576112	AluSx_SINE_1575835_1576112	repeat	277
chr5_MU273354v1_fix	29775	30052	AluJo_SINE_29775_30052	repeat	277
chr5_MU273354v1_fix	831557	831834	AluSx_SINE_831557_831834	repeat	277
chr5_MU273354v1_fix	1283432	1283709	MLT1A_LTR_1283432_1283709	repeat	277
chr5_MU273354v1_fix	1725243	1725520	MLT1A_LTR_1725243_1725520	repeat	277
chr5_MU273354v1_fix	15695	15972	AluSx_SINE_15695_15972	repeat	277
chr5_MU273354v1_fix	1460695	1460972	L1MEi_LINE_1460695_1460972	repeat	277
chr5_MU273354v1_fix	1419457	1419733	L1MB8_LINE_1419457_1419733	repeat	276
chr5_MU273354v1_fix	1416867	1417143	AluSx_SINE_1416867_1417143	repeat	276
chr5_MU273354v1_fix	183978	184254	AluSx_SINE_183978_184254	repeat	276
chr5_MU273354v1_fix	982799	983075	L2b_LINE_982799_983075	repeat	276
chr5_MU273354v1_fix	1741961	1742237	AluSx_SINE_1741961_1742237	repeat	276
chr5_MU273354v1_fix	1981860	1982136	AluSx_SINE_1981860_1982136	repeat	276
chr5_MU273354v1_fix	229359	229635	AluSx_SINE_229359_229635	repeat	276
chr5_MU273354v1_fix	231949	232225	L1MB8_LINE_231949_232225	repeat	276
chr5_MU273354v1_fix	1246253	1246529	AluSx_SINE_1246253_1246529	repeat	276
chr5_MU273354v1_fix	1372099	1372375	L1ME2z_LINE_1372099_1372375	repeat	276
chr5_MU273354v1_fix	76102	76378	L1M4b_LINE_76102_76378	repeat	276
chr5_MU273354v1_fix	267368	267643	L1M5_LINE_267368_267643	repeat	275
chr5_MU273354v1_fix	1591044	1591319	L2_LINE_1591044_1591319	repeat	275
chr5_MU273354v1_fix	1454888	1455163	L1M5_LINE_1454888_1455163	repeat	275
chr5_MU273354v1_fix	884580	884855	L2_LINE_884580_884855	repeat	275
chr5_MU273354v1_fix	55360	55634	AluJo_SINE_55360_55634	repeat	274
chr5_MU273354v1_fix	1950003	1950277	AluJb_SINE_1950003_1950277	repeat	274
chr5_MU273354v1_fix	149950	150224	L1MC4_LINE_149950_150224	repeat	274
chr5_MU273354v1_fix	1431644	1431918	AluY_SINE_1431644_1431918	repeat	274
chr5_MU273354v1_fix	149676	149950	AluSx_SINE_149676_149950	repeat	274
chr5_MU273354v1_fix	244131	244405	AluY_SINE_244131_244405	repeat	274
chr5_MU273354v1_fix	2016551	2016824	AluJr4_SINE_2016551_2016824	repeat	273
chr5_MU273354v1_fix	202284	202557	Tigger3b_DNA_202284_202557	repeat	273
chr5_MU273354v1_fix	376991	377264	AluJb_SINE_376991_377264	repeat	273
chr5_MU273354v1_fix	1072971	1073244	AluJb_SINE_1072971_1073244	repeat	273
chr5_MU273354v1_fix	2067057	2067330	AluSx_SINE_2067057_2067330	repeat	273
chr5_MU273354v1_fix	313767	314040	AluSx_SINE_313767_314040	repeat	273
chr5_MU273354v1_fix	205555	205828	AluJr4_SINE_205555_205828	repeat	273
chr5_MU273354v1_fix	1213632	1213905	AluJb_SINE_1213632_1213905	repeat	273
chr5_MU273354v1_fix	1773814	1774086	AluJb_SINE_1773814_1774086	repeat	272
chr5_MU273354v1_fix	1275569	1275841	AluSx_SINE_1275569_1275841	repeat	272
chr5_MU273354v1_fix	1296003	1296275	AluSx_SINE_1296003_1296275	repeat	272
chr5_MU273354v1_fix	75275	75547	AluSx_SINE_75275_75547	repeat	272
chr5_MU273354v1_fix	930801	931072	L1PREC2_LINE_930801_931075	repeat	271
chr5_MU273354v1_fix	1715101	1715372	AluSx_SINE_1715101_1715372	repeat	271
chr5_MU273354v1_fix	1425267	1425538	AluJb_SINE_1425267_1425538	repeat	271
chr5_MU273354v1_fix	1637289	1637560	L1PREC2_LINE_1637289_1637563	repeat	271
chr5_MU273354v1_fix	237767	238038	AluJb_SINE_237767_238038	repeat	271
chr5_MU273354v1_fix	1355821	1356092	L1PREC2_LINE_1355818_1356092	repeat	271
chr5_MU273354v1_fix	751480	751751	L1PREC2_LINE_751477_751751	repeat	271
chr5_MU273354v1_fix	146015	146285	AluJb_SINE_146015_146285	repeat	270
chr5_MU273354v1_fix	1547886	1548156	L1MC4_LINE_1547886_1548156	repeat	270
chr5_MU273354v1_fix	1011061	1011331	AluSx_SINE_1011061_1011331	repeat	270
chr5_MU273354v1_fix	1697067	1697337	AluSx_SINE_1697067_1697337	repeat	270
chr5_MU273354v1_fix	1861426	1861696	L2c_LINE_1861426_1861696	repeat	270
chr5_MU273354v1_fix	1689573	1689843	AluJr_SINE_1689573_1689843	repeat	270
chr5_MU273354v1_fix	99939	100209	AluSx_SINE_99939_100209	repeat	270
chr5_MU273354v1_fix	841437	841707	L1MC4_LINE_841437_841707	repeat	270
chr5_MU273354v1_fix	40240	40509	AluJb_SINE_40240_40509	repeat	269
chr5_MU273354v1_fix	1309020	1309289	ERVL-E-int_LTR_1309020_1309289	repeat	269
chr5_MU273354v1_fix	1135374	1135643	BLACKJACK_DNA_1135374_1135643	repeat	269
chr5_MU273354v1_fix	455811	456080	BLACKJACK_DNA_455811_456080	repeat	269
chr5_MU273354v1_fix	801876	802145	AluSx_SINE_801876_802145	repeat	269
chr5_MU273354v1_fix	1303528	1303797	AluJr_SINE_1303528_1303797	repeat	269
chr5_MU273354v1_fix	1941226	1941495	AluJo_SINE_1941226_1941495	repeat	269
chr5_MU273354v1_fix	1921022	1921291	L2c_LINE_1921022_1921291	repeat	269
chr5_MU273354v1_fix	1535294	1535563	AluY_SINE_1535294_1535563	repeat	269
chr5_MU273354v1_fix	1534105	1534374	AluSx_SINE_1534105_1534374	repeat	269
chr5_MU273354v1_fix	1508324	1508593	AluSx_SINE_1508324_1508593	repeat	269
chr5_MU273354v1_fix	990604	990873	AluSx_SINE_990604_990873	repeat	269
chr5_MU273354v1_fix	1684088	1684357	ERVL-E-int_LTR_1684088_1684357	repeat	269
chr5_MU273354v1_fix	1835706	1835975	BLACKJACK_DNA_1835706_1835975	repeat	269
chr5_MU273354v1_fix	827660	827929	AluSx_SINE_827660_827929	repeat	269
chr5_MU273354v1_fix	1657778	1658046	L1ME4b_LINE_1657778_1658046	repeat	268
chr5_MU273354v1_fix	828849	829117	AluY_SINE_828849_829117	repeat	268
chr5_MU273354v1_fix	131241	131509	AluSx_SINE_131241_131509	repeat	268
chr5_MU273354v1_fix	977866	978134	AluSx_SINE_977866_978134	repeat	268
chr5_MU273354v1_fix	730990	731258	L1ME4b_LINE_730990_731258	repeat	268
chr5_MU273354v1_fix	1308748	1309016	AluSx_SINE_1308748_1309016	repeat	268
chr5_MU273354v1_fix	1151463	1151731	L1ME3G_LINE_1151463_1151731	repeat	268
chr5_MU273354v1_fix	951269	951537	L1ME4b_LINE_951269_951537	repeat	268
chr5_MU273354v1_fix	1684361	1684629	AluSx_SINE_1684361_1684629	repeat	268
chr5_MU273354v1_fix	1335335	1335603	L1ME4b_LINE_1335335_1335603	repeat	268
chr5_MU273354v1_fix	439727	439995	L1ME3G_LINE_439727_439995	repeat	268
chr5_MU273354v1_fix	838067	838334	AluSx_SINE_838067_838334	repeat	267
chr5_MU273354v1_fix	2007778	2008045	L2a_LINE_2007778_2008045	repeat	267
chr5_MU273354v1_fix	1952442	1952709	AluJr4_SINE_1952442_1952709	repeat	267
chr5_MU273354v1_fix	1544515	1544782	AluSx_SINE_1544515_1544782	repeat	267
chr5_MU273354v1_fix	148410	148677	AluJo_SINE_148410_148677	repeat	267
chr5_MU273354v1_fix	1077143	1077409	MER110_LTR_1077143_1077409	repeat	266
chr5_MU273354v1_fix	66992	67258	AluSc8_SINE_66992_67258	repeat	266
chr5_MU273354v1_fix	1209479	1209745	MER110_LTR_1209479_1209745	repeat	266
chr5_MU273354v1_fix	381173	381439	MER110_LTR_381173_381439	repeat	266
chr5_MU273354v1_fix	69883	70148	L1MC4_LINE_69883_70148	repeat	265
chr5_MU273354v1_fix	3582	3846	AluJr4_SINE_3582_3846	repeat	264
chr5_MU273354v1_fix	446523	446787	Charlie2b_DNA_446523_446787	repeat	264
chr5_MU273354v1_fix	1845000	1845264	Charlie2b_DNA_1845000_1845264	repeat	264
chr5_MU273354v1_fix	1144672	1144936	Charlie2b_DNA_1144672_1144936	repeat	264
chr5_MU273354v1_fix	1136356	1136619	AluJb_SINE_1136356_1136619	repeat	263
chr5_MU273354v1_fix	1119217	1119480	L1PA5_LINE_1119217_1119480	repeat	263
chr5_MU273354v1_fix	1465539	1465802	L1MB8_LINE_1465539_1465802	repeat	263
chr5_MU273354v1_fix	423550	423813	L1PA5_LINE_423550_423813	repeat	263
chr5_MU273354v1_fix	454835	455098	AluJb_SINE_454835_455098	repeat	263
chr5_MU273354v1_fix	1836688	1836951	AluJb_SINE_1836688_1836951	repeat	263
chr5_MU273354v1_fix	1819850	1820113	L1PA5_LINE_1819850_1820113	repeat	263
chr5_MU273354v1_fix	278018	278281	L1MB8_LINE_278018_278281	repeat	263
chr5_MU273354v1_fix	1928206	1928469	MIR_SINE_1928206_1928469	repeat	263
chr5_MU273354v1_fix	1167429	1167692	L1PA5_LINE_1167429_1167692	repeat	263
chr5_MU273354v1_fix	1879310	1879573	X1_DNA_DNA_1879310_1879573	repeat	263
chr5_MU273354v1_fix	1556367	1556629	L2_LINE_1556346_1556629	repeat	262
chr5_MU273354v1_fix	1976241	1976503	L1ME3G_LINE_1976241_1976503	repeat	262
chr5_MU273354v1_fix	29327	29588	AluJb_SINE_29327_29588	repeat	261
chr5_MU273354v1_fix	2049104	2049365	AluSx_SINE_2049104_2049365	repeat	261
chr5_MU273354v1_fix	1381322	1381583	HAL1_LINE_1381322_1381583	repeat	261
chr5_MU273354v1_fix	2044517	2044778	AluY_SINE_2044517_2044778	repeat	261
chr5_MU273354v1_fix	290298	290559	HAL1_LINE_290298_290559	repeat	261
chr5_MU273354v1_fix	777011	777272	HAL1_LINE_777011_777272	repeat	261
chr5_MU273354v1_fix	1483496	1483756	HAL1_LINE_1483496_1483756	repeat	260
chr5_MU273354v1_fix	1418033	1418293	AluSx_SINE_1418033_1418293	repeat	260
chr5_MU273354v1_fix	73731	73991	AluSx_SINE_73731_73991	repeat	260
chr5_MU273354v1_fix	230526	230786	AluSx_SINE_230526_230786	repeat	260
chr5_MU273354v1_fix	888750	889010	MLT1J_LTR_888750_889010	repeat	260
chr5_MU273354v1_fix	260749	261008	AluSx_SINE_260749_261008	repeat	259
chr5_MU273354v1_fix	1417166	1417425	AluSx1_SINE_1417166_1417425	repeat	259
chr5_MU273354v1_fix	1448278	1448537	AluSx_SINE_1448278_1448537	repeat	259
chr5_MU273354v1_fix	164444	164703	AluYa5_SINE_164444_164703	repeat	259
chr5_MU273354v1_fix	229658	229917	AluSx1_SINE_229658_229917	repeat	259
chr5_MU273354v1_fix	440196	440454	L1ME2_LINE_440196_440454	repeat	258
chr5_MU273354v1_fix	1442382	1442640	HAL1_LINE_1442382_1442640	repeat	258
chr5_MU273354v1_fix	1151004	1151262	L1ME2_LINE_1151004_1151262	repeat	258
chr5_MU273354v1_fix	254080	254338	AluSx_SINE_254080_254338	repeat	258
chr5_MU273354v1_fix	27988	28246	AluY_SINE_27988_28246	repeat	258
chr5_MU273354v1_fix	89685	89942	AluSx_SINE_89685_89942	repeat	257
chr5_MU273354v1_fix	741343	741598	AluY_SINE_741343_741598	repeat	255
chr5_MU273354v1_fix	1467756	1468011	AluSx_SINE_1467756_1468011	repeat	255
chr5_MU273354v1_fix	225559	225814	L2a_LINE_225559_225831	repeat	255
chr5_MU273354v1_fix	940952	941207	AluY_SINE_940952_941207	repeat	255
chr5_MU273354v1_fix	1389850	1390105	AluJb_SINE_1389850_1390105	repeat	255
chr5_MU273354v1_fix	1413062	1413317	L2a_LINE_1413062_1413334	repeat	255
chr5_MU273354v1_fix	1418584	1418839	L1PA16_LINE_1418584_1418839	repeat	255
chr5_MU273354v1_fix	2058780	2059035	AluSx_SINE_2058780_2059035	repeat	255
chr5_MU273354v1_fix	785575	785830	AluJb_SINE_785575_785830	repeat	255
chr5_MU273354v1_fix	231077	231332	L1PA16_LINE_231077_231332	repeat	255
chr5_MU273354v1_fix	1345684	1345939	AluY_SINE_1345684_1345939	repeat	255
chr5_MU273354v1_fix	1647455	1647710	AluY_SINE_1647455_1647710	repeat	255
chr5_MU273354v1_fix	1492027	1492282	AluJb_SINE_1492027_1492282	repeat	255
chr5_MU273354v1_fix	2082334	2082588	AluJr_SINE_2082334_2082588	repeat	254
chr5_MU273354v1_fix	127835	128089	Charlie20a_DNA_127835_128089	repeat	254
chr5_MU273354v1_fix	1683438	1683692	MLT2D_LTR_1683438_1683692	repeat	254
chr5_MU273354v1_fix	397908	398162	L1MEd_LINE_397908_398162	repeat	254
chr5_MU273354v1_fix	1192736	1192990	L1MEd_LINE_1192736_1192990	repeat	254
chr5_MU273354v1_fix	1093888	1094142	L1MEd_LINE_1093888_1094142	repeat	254
chr5_MU273354v1_fix	1427414	1427668	AluSx_SINE_1427414_1427668	repeat	254
chr5_MU273354v1_fix	1794754	1795008	L1MEd_LINE_1794754_1795008	repeat	254
chr5_MU273354v1_fix	1309685	1309939	MLT2D_LTR_1309685_1309939	repeat	254
chr5_MU273354v1_fix	45430	45683	Tigger3b_DNA_45430_45683	repeat	253
chr5_MU273354v1_fix	232539	232791	L1MB8_LINE_232539_232791	repeat	252
chr5_MU273354v1_fix	123254	123506	HAL1_LINE_123252_123506	repeat	252
chr5_MU273354v1_fix	2056348	2056600	AluJo_SINE_2056348_2056600	repeat	252
chr5_MU273354v1_fix	1420047	1420299	L1MB8_LINE_1420047_1420299	repeat	252
chr5_MU273354v1_fix	239910	240162	AluSx_SINE_239910_240162	repeat	252
chr5_MU273354v1_fix	254843	255094	HAL1_LINE_254841_255094	repeat	251
chr5_MU273354v1_fix	1466769	1467020	AluJr4_SINE_1466769_1467020	repeat	251
chr5_MU273354v1_fix	1870340	1870590	AluSx_SINE_1870340_1870590	repeat	250
chr5_MU273354v1_fix	886146	886396	L2a_LINE_886146_886396	repeat	250
chr5_MU273354v1_fix	1592613	1592863	L2a_LINE_1592613_1592863	repeat	250
chr5_MU273354v1_fix	173446	173696	L1ME3B_LINE_173446_173696	repeat	250
chr5_MU273354v1_fix	1674743	1674992	L1ME3C_LINE_1674743_1674992	repeat	249
chr5_MU273354v1_fix	1318393	1318642	L1ME3C_LINE_1318393_1318642	repeat	249
chr5_MU273354v1_fix	1977539	1977788	MIR_SINE_1977539_1977788	repeat	249
chr5_MU273354v1_fix	980476	980724	AluJb_SINE_980476_980724	repeat	248
chr5_MU273354v1_fix	127237	127485	AluSx1_SINE_127237_127485	repeat	248
chr5_MU273354v1_fix	1306165	1306413	AluJb_SINE_1306165_1306413	repeat	248
chr5_MU273354v1_fix	833379	833627	MIRb_SINE_833379_833627	repeat	248
chr5_MU273354v1_fix	1552124	1552372	L2_LINE_1552124_1552372	repeat	248
chr5_MU273354v1_fix	1539827	1540075	MIRb_SINE_1539827_1540075	repeat	248
chr5_MU273354v1_fix	1686961	1687209	AluJb_SINE_1686961_1687209	repeat	248
chr5_MU273354v1_fix	845675	845923	L2_LINE_845675_845923	repeat	248
chr5_MU273354v1_fix	2036132	2036379	AluSx_SINE_2036132_2036379	repeat	247
chr5_MU273354v1_fix	1447474	1447721	LTR87_LTR_1447474_1447721	repeat	247
chr5_MU273354v1_fix	259934	260181	LTR87_LTR_259934_260181	repeat	247
chr5_MU273354v1_fix	67718	67964	AluSx3_SINE_67718_67964	repeat	246
chr5_MU273354v1_fix	279251	279497	AluJb_SINE_279251_279497	repeat	246
chr5_MU273354v1_fix	1458476	1458721	LTR9_LTR_1458476_1458721	repeat	245
chr5_MU273354v1_fix	833761	834006	L1ME3C_LINE_833761_834006	repeat	245
chr5_MU273354v1_fix	1925513	1925758	L2a_LINE_1925513_1925758	repeat	245
chr5_MU273354v1_fix	1540209	1540454	L1ME3C_LINE_1540209_1540454	repeat	245
chr5_MU273354v1_fix	270958	271203	LTR9_LTR_270958_271203	repeat	245
chr5_MU273354v1_fix	202856	203100	Tigger3b_DNA_202856_203100	repeat	244
chr5_MU273354v1_fix	705390	705634	MLT2D_LTR_705390_705634	repeat	244
chr5_MU273354v1_fix	976953	977197	MLT2D_LTR_976953_977197	repeat	244
chr5_MU273354v1_fix	139957	140201	AluSx_SINE_139957_140201	repeat	244
chr5_MU273354v1_fix	251146	251389	L1MEc_LINE_251146_251389	repeat	243
chr5_MU273354v1_fix	1438652	1438895	L1MEc_LINE_1438652_1438895	repeat	243
chr5_MU273354v1_fix	2041931	2042174	Tigger4a_DNA_2041931_2042174	repeat	243
chr5_MU273354v1_fix	2051579	2051822	L1ME4c_LINE_2051579_2051822	repeat	243
chr5_MU273354v1_fix	1915472	1915714	MIR_SINE_1915472_1915714	repeat	242
chr5_MU273354v1_fix	120755	120997	AluYh7_SINE_120755_120997	repeat	242
chr5_MU273354v1_fix	133751	133992	AluSx_SINE_133751_133992	repeat	241
chr5_MU273354v1_fix	174623	174864	AluSx_SINE_174623_174864	repeat	241
chr5_MU273354v1_fix	217477	217718	L2c_LINE_217477_217718	repeat	241
chr5_MU273354v1_fix	2071735	2071976	AluJr_SINE_2071735_2071976	repeat	241
chr5_MU273354v1_fix	1589762	1590001	L1MA8_LINE_1589762_1590001	repeat	239
chr5_MU273354v1_fix	2058046	2058285	MER2_DNA_2058046_2058285	repeat	239
chr5_MU273354v1_fix	883298	883537	L1MA8_LINE_883298_883537	repeat	239
chr5_MU273354v1_fix	441861	442099	MIRb_SINE_441861_442099	repeat	238
chr5_MU273354v1_fix	1849739	1849977	MIRb_SINE_1849739_1849977	repeat	238
chr5_MU273354v1_fix	1871602	1871840	MIR_SINE_1871602_1871840	repeat	238
chr5_MU273354v1_fix	1149359	1149597	MIRb_SINE_1149359_1149597	repeat	238
chr5_MU273354v1_fix	787047	787284	L1MD3_LINE_787047_787284	repeat	237
chr5_MU273354v1_fix	1493497	1493734	L1MD3_LINE_1493497_1493734	repeat	237
chr5_MU273354v1_fix	1391319	1391556	L1MD3_LINE_1391319_1391556	repeat	237
chr5_MU273354v1_fix	1961472	1961709	AluJb_SINE_1961472_1961709	repeat	237
chr5_MU273354v1_fix	1557184	1557421	AluJb_SINE_1557184_1557421	repeat	237
chr5_MU273354v1_fix	2035143	2035380	AluJb_SINE_2035143_2035380	repeat	237
chr5_MU273354v1_fix	850738	850974	AluJb_SINE_850738_850974	repeat	236
chr5_MU273354v1_fix	2068096	2068332	MER2_DNA_2068096_2068332	repeat	236
chr5_MU273354v1_fix	883899	884134	MIR_SINE_883899_884134	repeat	235
chr5_MU273354v1_fix	13227	13462	AluSx_SINE_13227_13462	repeat	235
chr5_MU273354v1_fix	880504	880739	AluSx_SINE_880504_880739	repeat	235
chr5_MU273354v1_fix	1590363	1590598	MIR_SINE_1590363_1590598	repeat	235
chr5_MU273354v1_fix	1239273	1239507	LTR16A_LTR_1239273_1239507	repeat	234
chr5_MU273354v1_fix	1047367	1047601	LTR16A_LTR_1047367_1047601	repeat	234
chr5_MU273354v1_fix	1748983	1749217	LTR16A_LTR_1748983_1749217	repeat	234
chr5_MU273354v1_fix	351375	351609	LTR16A_LTR_351375_351609	repeat	234
chr5_MU273354v1_fix	108427	108661	AluSx_SINE_108427_108661	repeat	234
chr5_MU273354v1_fix	1904542	1904775	MIRb_SINE_1904542_1904775	repeat	233
chr5_MU273354v1_fix	2002773	2003005	L1MB3_LINE_2002773_2003005	repeat	232
chr5_MU273354v1_fix	186377	186608	MER8_DNA_186377_186608	repeat	231
chr5_MU273354v1_fix	284380	284611	AluJb_SINE_284380_284611	repeat	231
chr5_MU273354v1_fix	1375430	1375661	AluJb_SINE_1375430_1375661	repeat	231
chr5_MU273354v1_fix	771101	771332	AluJb_SINE_771101_771332	repeat	231
chr5_MU273354v1_fix	1477609	1477840	AluJb_SINE_1477609_1477840	repeat	231
chr5_MU273354v1_fix	1935330	1935560	MIRb_SINE_1935330_1935560	repeat	230
chr5_MU273354v1_fix	1980414	1980644	AluJb_SINE_1980414_1980644	repeat	230
chr5_MU273354v1_fix	2000000	2000230	AluJb_SINE_2000000_2000230	repeat	230
chr5_MU273354v1_fix	1956764	1956994	AluSx_SINE_1956764_1956994	repeat	230
chr5_MU273354v1_fix	216673	216903	L1ME4b_LINE_216673_216903	repeat	230
chr5_MU273354v1_fix	1812654	1812883	MER20B_DNA_1812654_1812883	repeat	229
chr5_MU273354v1_fix	1056685	1056914	MLT1D_LTR_1056685_1056914	repeat	229
chr5_MU273354v1_fix	1757531	1757760	MLT1D_LTR_1757531_1757760	repeat	229
chr5_MU273354v1_fix	360693	360922	MLT1D_LTR_360693_360922	repeat	229
chr5_MU273354v1_fix	1874080	1874309	MIR_SINE_1874080_1874309	repeat	229
chr5_MU273354v1_fix	1112016	1112245	MER20B_DNA_1112016_1112245	repeat	229
chr5_MU273354v1_fix	1229960	1230189	MLT1D_LTR_1229960_1230189	repeat	229
chr5_MU273354v1_fix	1174652	1174881	MER20B_DNA_1174652_1174881	repeat	229
chr5_MU273354v1_fix	1898624	1898853	L2c_LINE_1898624_1898853	repeat	229
chr5_MU273354v1_fix	416027	416256	MER20B_DNA_416027_416256	repeat	229
chr5_MU273354v1_fix	2100655	2100884	AluJb_SINE_2100655_2100884	repeat	229
chr5_MU273354v1_fix	1960821	1961049	L1PA4_LINE_1960821_1961049	repeat	228
chr5_MU273354v1_fix	2076849	2077077	MIR_SINE_2076849_2077077	repeat	228
chr5_MU273354v1_fix	1343091	1343318	Tigger3b_DNA_1343091_1343318	repeat	227
chr5_MU273354v1_fix	738750	738977	Tigger3b_DNA_738750_738977	repeat	227
chr5_MU273354v1_fix	1650076	1650303	Tigger3b_DNA_1650076_1650303	repeat	227
chr5_MU273354v1_fix	195295	195522	MIRb_SINE_195295_195522	repeat	227
chr5_MU273354v1_fix	943573	943800	Tigger3b_DNA_943573_943800	repeat	227
chr5_MU273354v1_fix	1905731	1905957	AluSx_SINE_1905731_1905957	repeat	226
chr5_MU273354v1_fix	709243	709468	MIRb_SINE_709243_709468	repeat	225
chr5_MU273354v1_fix	1924527	1924751	AluYk2_SINE_1924527_1924751	repeat	224
chr5_MU273354v1_fix	846490	846714	L2_LINE_846490_846714	repeat	224
chr5_MU273354v1_fix	1552938	1553162	L2_LINE_1552938_1553162	repeat	224
chr5_MU273354v1_fix	273177	273401	HAL1_LINE_273177_273401	repeat	224
chr5_MU273354v1_fix	1058204	1058427	MER47A_DNA_1058204_1058427	repeat	223
chr5_MU273354v1_fix	1413823	1414046	L2a_LINE_1413823_1414046	repeat	223
chr5_MU273354v1_fix	362212	362435	MER47A_DNA_362212_362435	repeat	223
chr5_MU273354v1_fix	1759050	1759273	MER47A_DNA_1759050_1759273	repeat	223
chr5_MU273354v1_fix	58075	58298	Tigger4a_DNA_58075_58298	repeat	223
chr5_MU273354v1_fix	1678335	1678558	MIRb_SINE_1678335_1678558	repeat	223
chr5_MU273354v1_fix	710535	710758	MIRb_SINE_710535_710758	repeat	223
chr5_MU273354v1_fix	2071103	2071326	L2b_LINE_2071103_2071326	repeat	223
chr5_MU273354v1_fix	1314832	1315055	MIRb_SINE_1314832_1315055	repeat	223
chr5_MU273354v1_fix	226320	226543	L2a_LINE_226320_226543	repeat	223
chr5_MU273354v1_fix	1228447	1228670	MER47A_DNA_1228447_1228670	repeat	223
chr5_MU273354v1_fix	207124	207347	L1ME4b_LINE_207124_207347	repeat	223
chr5_MU273354v1_fix	971827	972050	MIRb_SINE_971827_972050	repeat	223
chr5_MU273354v1_fix	793881	794103	AluJb_SINE_793881_794103	repeat	222
chr5_MU273354v1_fix	1500330	1500552	AluJb_SINE_1500330_1500552	repeat	222
chr5_MU273354v1_fix	1398150	1398372	AluJb_SINE_1398150_1398372	repeat	222
chr5_MU273354v1_fix	1449606	1449828	L1MEg_LINE_1449606_1449828	repeat	222
chr5_MU273354v1_fix	262077	262299	L1MEd_LINE_262077_262299	repeat	222
chr5_MU273354v1_fix	1946952	1947174	Tigger4a_DNA_1946952_1947174	repeat	222
chr5_MU273354v1_fix	1284336	1284557	L1MA6_LINE_1284336_1284557	repeat	221
chr5_MU273354v1_fix	1263882	1264103	L1MA6_LINE_1263882_1264103	repeat	221
chr5_MU273354v1_fix	1022795	1023016	L1MA6_LINE_1022795_1023016	repeat	221
chr5_MU273354v1_fix	1938848	1939069	MIR_SINE_1938848_1939069	repeat	221
chr5_MU273354v1_fix	1002339	1002560	L1MA6_LINE_1002339_1002560	repeat	221
chr5_MU273354v1_fix	305037	305258	L1MA6_LINE_305037_305258	repeat	221
chr5_MU273354v1_fix	1543850	1544071	AluJo_SINE_1543850_1544071	repeat	221
chr5_MU273354v1_fix	325510	325731	L1MA6_LINE_325510_325731	repeat	221
chr5_MU273354v1_fix	4051	4272	MIRb_SINE_4051_4272	repeat	221
chr5_MU273354v1_fix	837402	837623	AluJo_SINE_837402_837623	repeat	221
chr5_MU273354v1_fix	1706372	1706593	L1MA6_LINE_1706372_1706593	repeat	221
chr5_MU273354v1_fix	1724397	1724618	L1MA6_LINE_1724397_1724618	repeat	221
chr5_MU273354v1_fix	361060	361280	MER33_DNA_361060_361280	repeat	220
chr5_MU273354v1_fix	1229602	1229822	MER33_DNA_1229602_1229822	repeat	220
chr5_MU273354v1_fix	1757898	1758118	MER33_DNA_1757898_1758118	repeat	220
chr5_MU273354v1_fix	1057052	1057272	MER33_DNA_1057052_1057272	repeat	220
chr5_MU273354v1_fix	1152058	1152278	L2c_LINE_1152058_1152278	repeat	220
chr5_MU273354v1_fix	238682	238901	Kanga1c_DNA_238682_238901	repeat	219
chr5_MU273354v1_fix	1426182	1426401	Kanga1c_DNA_1426182_1426401	repeat	219
chr5_MU273354v1_fix	2048616	2048835	MER58A_DNA_2048616_2048835	repeat	219
chr5_MU273354v1_fix	2002510	2002728	Tigger4a_DNA_2002510_2002728	repeat	218
chr5_MU273354v1_fix	1986237	1986455	AluSx_SINE_1986237_1986455	repeat	218
chr5_MU273354v1_fix	56107	56325	MIR_SINE_56107_56325	repeat	218
chr5_MU273354v1_fix	742470	742688	L1MDa_LINE_742470_742688	repeat	218
chr5_MU273354v1_fix	1905398	1905616	L1PA13_LINE_1905398_1905616	repeat	218
chr5_MU273354v1_fix	1924165	1924383	L1MA6_LINE_1924165_1924383	repeat	218
chr5_MU273354v1_fix	1124067	1124285	LTR57_LTR_1124067_1124285	repeat	218
chr5_MU273354v1_fix	286480	286698	AluSx_SINE_286480_286698	repeat	218
chr5_MU273354v1_fix	169491	169708	MIRb_SINE_169491_169708	repeat	217
chr5_MU273354v1_fix	1377529	1377746	AluSx_SINE_1377529_1377746	repeat	217
chr5_MU273354v1_fix	1479697	1479914	AluSx_SINE_1479697_1479914	repeat	217
chr5_MU273354v1_fix	1892130	1892347	MIR_SINE_1892130_1892347	repeat	217
chr5_MU273354v1_fix	811922	812138	MSTB_LTR_811922_812138	repeat	216
chr5_MU273354v1_fix	1055961	1056177	MLT1D_LTR_1055961_1056177	repeat	216
chr5_MU273354v1_fix	1052113	1052329	L2_LINE_1052113_1052329	repeat	216
chr5_MU273354v1_fix	1234545	1234761	L2_LINE_1234545_1234761	repeat	216
chr5_MU273354v1_fix	1518373	1518589	MSTB_LTR_1518373_1518589	repeat	216
chr5_MU273354v1_fix	1756807	1757023	MLT1D_LTR_1756807_1757023	repeat	216
chr5_MU273354v1_fix	1974865	1975081	MER68B_LTR_1974861_1975081	repeat	216
chr5_MU273354v1_fix	1230697	1230913	MLT1D_LTR_1230697_1230913	repeat	216
chr5_MU273354v1_fix	1752960	1753176	L2_LINE_1752960_1753176	repeat	216
chr5_MU273354v1_fix	356122	356338	L2_LINE_356122_356338	repeat	216
chr5_MU273354v1_fix	359969	360185	MLT1D_LTR_359969_360185	repeat	216
chr5_MU273354v1_fix	1455669	1455884	L1M5_LINE_1455669_1455884	repeat	215
chr5_MU273354v1_fix	773195	773410	AluSx_SINE_773195_773410	repeat	215
chr5_MU273354v1_fix	1546705	1546919	AluJb_SINE_1546705_1546919	repeat	214
chr5_MU273354v1_fix	711630	711844	L2c_LINE_711630_711844	repeat	214
chr5_MU273354v1_fix	840256	840470	AluJb_SINE_840256_840470	repeat	214
chr5_MU273354v1_fix	0	214	AluYj4_SINE_0_214	repeat	214
chr5_MU273354v1_fix	970741	970955	L2c_LINE_970741_970955	repeat	214
chr5_MU273354v1_fix	229061	229274	AluSx_SINE_229061_229274	repeat	213
chr5_MU273354v1_fix	881639	881852	L1MEd_LINE_881639_881852	repeat	213
chr5_MU273354v1_fix	1408298	1408511	MSTB_LTR_1408298_1408511	repeat	213
chr5_MU273354v1_fix	2077972	2078185	L1M3_LINE_2077972_2078185	repeat	213
chr5_MU273354v1_fix	1416569	1416782	AluSx_SINE_1416569_1416782	repeat	213
chr5_MU273354v1_fix	1767487	1767699	MER20_DNA_1767487_1767699	repeat	212
chr5_MU273354v1_fix	1220022	1220234	MER20_DNA_1220022_1220234	repeat	212
chr5_MU273354v1_fix	370650	370862	MER20_DNA_370650_370862	repeat	212
chr5_MU273354v1_fix	1066640	1066852	MER20_DNA_1066640_1066852	repeat	212
chr5_MU273354v1_fix	1978631	1978842	L1MB1_LINE_1978631_1978842	repeat	211
chr5_MU273354v1_fix	43296	43507	L1MC1_LINE_43296_43507	repeat	211
chr5_MU273354v1_fix	70953	71164	L1MA8_LINE_70953_71164	repeat	211
chr5_MU273354v1_fix	1606408	1606619	MIR_SINE_1606408_1606619	repeat	211
chr5_MU273354v1_fix	1508593	1508804	L2b_LINE_1508593_1508804	repeat	211
chr5_MU273354v1_fix	802145	802356	L2b_LINE_802145_802356	repeat	211
chr5_MU273354v1_fix	2037531	2037742	AluJr4_SINE_2037531_2037742	repeat	211
chr5_MU273354v1_fix	1473071	1473282	L1MC5a_LINE_1473071_1473282	repeat	211
chr5_MU273354v1_fix	899933	900144	MIR_SINE_899933_900144	repeat	211
chr5_MU273354v1_fix	93505	93716	AluJr_SINE_93505_93716	repeat	211
chr5_MU273354v1_fix	1465274	1465484	L1MB8_LINE_1465274_1465484	repeat	210
chr5_MU273354v1_fix	50692	50902	AluSx_SINE_50692_50902	repeat	210
chr5_MU273354v1_fix	1220897	1221107	MLT1D_LTR_1220897_1221107	repeat	210
chr5_MU273354v1_fix	1766615	1766825	MLT1D_LTR_1766615_1766825	repeat	210
chr5_MU273354v1_fix	939870	940080	L1MDa_LINE_939870_940080	repeat	210
chr5_MU273354v1_fix	277753	277963	L1MB8_LINE_277753_277963	repeat	210
chr5_MU273354v1_fix	1065767	1065977	MLT1D_LTR_1065767_1065977	repeat	210
chr5_MU273354v1_fix	1890292	1890502	MIRb_SINE_1890292_1890502	repeat	210
chr5_MU273354v1_fix	1874435	1874645	(TA)n_Simple_repeat_1874435_1874645	repeat	210
chr5_MU273354v1_fix	1615780	1615990	L1ME2z_LINE_1615780_1615990	repeat	210
chr5_MU273354v1_fix	369777	369987	MLT1D_LTR_369777_369987	repeat	210
chr5_MU273354v1_fix	909294	909504	L1ME2z_LINE_909294_909504	repeat	210
chr5_MU273354v1_fix	1595527	1595736	L1PA15_LINE_1595527_1595736	repeat	209
chr5_MU273354v1_fix	268149	268358	L1M5_LINE_268149_268358	repeat	209
chr5_MU273354v1_fix	1550349	1550558	L1MC4_LINE_1550349_1550558	repeat	209
chr5_MU273354v1_fix	889053	889262	L1PA15_LINE_889053_889262	repeat	209
chr5_MU273354v1_fix	843900	844109	L1MC4_LINE_843900_844109	repeat	209
chr5_MU273354v1_fix	83293	83501	L1MC5_LINE_83293_83501	repeat	208
chr5_MU273354v1_fix	1646378	1646586	L1MDa_LINE_1646378_1646586	repeat	208
chr5_MU273354v1_fix	1346812	1347020	L1MDa_LINE_1346812_1347020	repeat	208
chr5_MU273354v1_fix	175323	175530	L1ME3B_LINE_175323_175530	repeat	207
chr5_MU273354v1_fix	1423618	1423825	MLT1K_LTR_1423618_1423825	repeat	207
chr5_MU273354v1_fix	1940079	1940286	MamGypLTR1b_LTR_1940079_1940286	repeat	207
chr5_MU273354v1_fix	427449	427656	LTR57_LTR_427449_427656	repeat	207
chr5_MU273354v1_fix	1823739	1823946	LTR57_LTR_1823739_1823946	repeat	207
chr5_MU273354v1_fix	361485	361692	MER110_LTR_361485_361692	repeat	207
chr5_MU273354v1_fix	1163538	1163745	LTR57_LTR_1163538_1163745	repeat	207
chr5_MU273354v1_fix	236121	236328	MLT1K_LTR_236121_236328	repeat	207
chr5_MU273354v1_fix	1758323	1758530	MER110_LTR_1758323_1758530	repeat	207
chr5_MU273354v1_fix	1229190	1229397	MER110_LTR_1229190_1229397	repeat	207
chr5_MU273354v1_fix	1057477	1057684	MER110_LTR_1057477_1057684	repeat	207
chr5_MU273354v1_fix	1123156	1123363	LTR57_LTR_1123156_1123363	repeat	207
chr5_MU273354v1_fix	861348	861555	MER75B_DNA_861348_861555	repeat	207
chr5_MU273354v1_fix	837814	838020	L2d_LINE_837814_838020	repeat	206
chr5_MU273354v1_fix	1171869	1172075	MER58A_DNA_1171869_1172075	repeat	206
chr5_MU273354v1_fix	1544262	1544468	L2d_LINE_1544262_1544468	repeat	206
chr5_MU273354v1_fix	216419	216625	L1MC3_LINE_216419_216625	repeat	206
chr5_MU273354v1_fix	1567804	1568010	MER75B_DNA_1567804_1568010	repeat	206
chr5_MU273354v1_fix	279857	280062	L1MC5_LINE_279857_280062	repeat	205
chr5_MU273354v1_fix	2033787	2033992	L1MC4_LINE_2033787_2033992	repeat	205
chr5_MU273354v1_fix	1068909	1069114	L1PA16_LINE_1068909_1069116	repeat	205
chr5_MU273354v1_fix	339416	339621	MER20_DNA_339416_339621	repeat	205
chr5_MU273354v1_fix	372929	373134	L1PA16_LINE_372929_373136	repeat	205
chr5_MU273354v1_fix	1769752	1769957	L1PA16_LINE_1769752_1769959	repeat	205
chr5_MU273354v1_fix	1217762	1217967	L1PA16_LINE_1217760_1217967	repeat	205
chr5_MU273354v1_fix	1550865	1551069	L1MC4_LINE_1550865_1551069	repeat	204
chr5_MU273354v1_fix	844416	844620	L1MC4_LINE_844416_844620	repeat	204
chr5_MU273354v1_fix	1270088	1270291	THE1B_LTR_1270088_1270291	repeat	203
chr5_MU273354v1_fix	984570	984773	AluJr_SINE_984570_984773	repeat	203
chr5_MU273354v1_fix	877581	877784	MIRc_SINE_877581_877784	repeat	203
chr5_MU273354v1_fix	1290523	1290726	THE1B_LTR_1290523_1290726	repeat	203
chr5_MU273354v1_fix	1016607	1016810	THE1B_LTR_1016607_1016810	repeat	203
chr5_MU273354v1_fix	1824400	1824603	LTR57_LTR_1824400_1824603	repeat	203
chr5_MU273354v1_fix	1162935	1163138	LTR57_LTR_1162935_1163138	repeat	203
chr5_MU273354v1_fix	1584046	1584249	MIRc_SINE_1584046_1584249	repeat	203
chr5_MU273354v1_fix	1927635	1927838	MER58A_DNA_1927635_1927838	repeat	203
chr5_MU273354v1_fix	1302115	1302318	AluJr_SINE_1302115_1302318	repeat	203
chr5_MU273354v1_fix	1709049	1709252	AluJr_SINE_1709049_1709252	repeat	203
chr5_MU273354v1_fix	1281682	1281885	AluJr_SINE_1281682_1281885	repeat	203
chr5_MU273354v1_fix	996151	996354	THE1B_LTR_996151_996354	repeat	203
chr5_MU273354v1_fix	319321	319524	THE1B_LTR_319321_319524	repeat	203
chr5_MU273354v1_fix	298036	298239	THE1B_LTR_298036_298239	repeat	203
chr5_MU273354v1_fix	1702621	1702824	THE1B_LTR_1702621_1702824	repeat	203
chr5_MU273354v1_fix	1720647	1720850	THE1B_LTR_1720647_1720850	repeat	203
chr5_MU273354v1_fix	1005010	1005213	AluJr_SINE_1005010_1005213	repeat	203
chr5_MU273354v1_fix	714112	714314	L1ME3D_LINE_714112_714314	repeat	202
chr5_MU273354v1_fix	1520912	1521114	Tigger17a_DNA_1520912_1521114	repeat	202
chr5_MU273354v1_fix	814461	814663	Tigger17a_DNA_814461_814663	repeat	202
chr5_MU273354v1_fix	459383	459584	HERVK3-int_LTR_459383_459584	repeat	201
chr5_MU273354v1_fix	1832200	1832401	HERVK3-int_LTR_1832200_1832401	repeat	201
chr5_MU273354v1_fix	307716	307917	AluJr_SINE_307716_307917	repeat	201
chr5_MU273354v1_fix	1691049	1691250	AluJr_SINE_1691049_1691250	repeat	201
chr5_MU273354v1_fix	1131870	1132071	HERVK3-int_LTR_1131870_1132071	repeat	201
chr5_MU273354v1_fix	847104	847304	L2_LINE_847104_847304	repeat	200
chr5_MU273354v1_fix	973142	973342	MIRb_SINE_973142_973342	repeat	200
chr5_MU273354v1_fix	1553552	1553752	L2_LINE_1553552_1553752	repeat	200
chr5_MU273354v1_fix	1114840	1115040	MER58A_DNA_1114840_1115040	repeat	200
chr5_MU273354v1_fix	225831	226031	L2a_LINE_225814_226031	repeat	200
chr5_MU273354v1_fix	1413334	1413534	L2a_LINE_1413317_1413534	repeat	200
chr5_MU273354v1_fix	1815466	1815666	MER58A_DNA_1815466_1815666	repeat	200
chr5_MU273354v1_fix	419173	419373	MER58A_DNA_419173_419373	repeat	200
chr5_MU273354v1_fix	2076555	2076754	MLT1I_LTR_2076555_2076754	repeat	199
chr5_MU273354v1_fix	1556079	1556277	AluJb_SINE_1556079_1556277	repeat	198
chr5_MU273354v1_fix	115056	115254	AluJb_SINE_115056_115254	repeat	198
chr5_MU273354v1_fix	428026	428224	LTR57_LTR_428026_428224	repeat	198
chr5_MU273354v1_fix	849633	849831	AluJb_SINE_849633_849831	repeat	198
chr5_MU273354v1_fix	28980	29177	MER20_DNA_28980_29177	repeat	197
chr5_MU273354v1_fix	114548	114745	L1ME3_LINE_114548_114745	repeat	197
chr5_MU273354v1_fix	198733	198930	MIR_SINE_198733_198930	repeat	197
chr5_MU273354v1_fix	2069849	2070046	L1ME3Cz_LINE_2069849_2070046	repeat	197
chr5_MU273354v1_fix	1362749	1362945	MER58A_DNA_1362749_1362945	repeat	196
chr5_MU273354v1_fix	1630437	1630633	MER58A_DNA_1630437_1630633	repeat	196
chr5_MU273354v1_fix	758412	758608	MER58A_DNA_758412_758608	repeat	196
chr5_MU273354v1_fix	923944	924140	MER58A_DNA_923944_924140	repeat	196
chr5_MU273354v1_fix	278920	279115	AluSx_SINE_278920_279115	repeat	195
chr5_MU273354v1_fix	139709	139903	MIRc_SINE_139709_139903	repeat	194
chr5_MU273354v1_fix	14267	14461	MIR_SINE_14267_14461	repeat	194
chr5_MU273354v1_fix	249243	249437	L1MC5_LINE_249243_249437	repeat	194
chr5_MU273354v1_fix	1436754	1436948	L1MC5_LINE_1436754_1436948	repeat	194
chr5_MU273354v1_fix	355626	355820	MIR_SINE_355626_355820	repeat	194
chr5_MU273354v1_fix	61266	61459	MER3_DNA_61266_61459	repeat	193
chr5_MU273354v1_fix	2044778	2044971	AluJb_SINE_2044778_2044971	repeat	193
chr5_MU273354v1_fix	1468848	1469041	L2b_LINE_1468848_1469041	repeat	193
chr5_MU273354v1_fix	778525	778717	L1MB5_LINE_778525_778726	repeat	192
chr5_MU273354v1_fix	1837611	1837803	MLT1J2_LTR_1837611_1837803	repeat	192
chr5_MU273354v1_fix	98581	98773	AluJr4_SINE_98581_98773	repeat	192
chr5_MU273354v1_fix	1137278	1137470	MLT1J2_LTR_1137278_1137470	repeat	192
chr5_MU273354v1_fix	453984	454176	MLT1J2_LTR_453984_454176	repeat	192
chr5_MU273354v1_fix	282124	282316	MER65D_LTR_282124_282316	repeat	192
chr5_MU273354v1_fix	1475353	1475545	MER65D_LTR_1475353_1475545	repeat	192
chr5_MU273354v1_fix	1466442	1466633	AluSx_SINE_1466442_1466633	repeat	191
chr5_MU273354v1_fix	96651	96842	AluJb_SINE_96651_96842	repeat	191
chr5_MU273354v1_fix	968280	968471	L1ME3Cz_LINE_968280_968471	repeat	191
chr5_MU273354v1_fix	2050584	2050773	L1M5_LINE_2050584_2050773	repeat	189
chr5_MU273354v1_fix	977593	977782	ERVL-E-int_LTR_977593_977782	repeat	189
chr5_MU273354v1_fix	1220349	1220538	MLT1D_LTR_1220349_1220538	repeat	189
chr5_MU273354v1_fix	1056496	1056685	MLT1A_LTR_1056496_1056685	repeat	189
chr5_MU273354v1_fix	1449405	1449594	(TA)n_Simple_repeat_1449405_1449594	repeat	189
chr5_MU273354v1_fix	1757342	1757531	MLT1A_LTR_1757342_1757531	repeat	189
chr5_MU273354v1_fix	370346	370535	MLT1D_LTR_370346_370535	repeat	189
chr5_MU273354v1_fix	261876	262065	(TA)n_Simple_repeat_261876_262065	repeat	189
chr5_MU273354v1_fix	1066336	1066525	MLT1D_LTR_1066336_1066525	repeat	189
chr5_MU273354v1_fix	1230189	1230378	MLT1A_LTR_1230189_1230378	repeat	189
chr5_MU273354v1_fix	864056	864244	AluSx_SINE_864056_864244	repeat	188
chr5_MU273354v1_fix	291813	292001	L1MB5_LINE_291812_292010	repeat	188
chr5_MU273354v1_fix	1667401	1667589	L1MA7_LINE_1667401_1667589	repeat	188
chr5_MU273354v1_fix	1570517	1570705	AluSx_SINE_1570517_1570705	repeat	188
chr5_MU273354v1_fix	1382837	1383025	L1MB5_LINE_1382836_1383034	repeat	188
chr5_MU273354v1_fix	1325794	1325982	L1MA7_LINE_1325794_1325982	repeat	188
chr5_MU273354v1_fix	960886	961074	L1MA7_LINE_960886_961074	repeat	188
chr5_MU273354v1_fix	721502	721690	L1MA7_LINE_721502_721690	repeat	188
chr5_MU273354v1_fix	1485010	1485198	L1MB5_LINE_1485010_1485207	repeat	188
chr5_MU273354v1_fix	869806	869994	MIRb_SINE_869806_869994	repeat	188
chr5_MU273354v1_fix	1576272	1576460	MIRb_SINE_1576272_1576460	repeat	188
chr5_MU273354v1_fix	1911709	1911896	L2c_LINE_1911709_1911896	repeat	187
chr5_MU273354v1_fix	1788195	1788381	MER20_DNA_1788195_1788381	repeat	186
chr5_MU273354v1_fix	1547622	1547808	L1MC4_LINE_1547622_1547808	repeat	186
chr5_MU273354v1_fix	1545269	1545455	AluJb_SINE_1545269_1545455	repeat	186
chr5_MU273354v1_fix	838821	839007	AluJb_SINE_838821_839007	repeat	186
chr5_MU273354v1_fix	841173	841359	L1MC4_LINE_841173_841359	repeat	186
chr5_MU273354v1_fix	1102334	1102519	L1PB1_LINE_1102334_1102519	repeat	185
chr5_MU273354v1_fix	406350	406535	L1PB1_LINE_406350_406535	repeat	185
chr5_MU273354v1_fix	1628508	1628693	MIRb_SINE_1628508_1628693	repeat	185
chr5_MU273354v1_fix	1424374	1424559	MIR3_SINE_1424374_1424559	repeat	185
chr5_MU273354v1_fix	1184358	1184543	L1PB1_LINE_1184358_1184543	repeat	185
chr5_MU273354v1_fix	1087329	1087514	MER20_DNA_1087329_1087514	repeat	185
chr5_MU273354v1_fix	391349	391534	MER20_DNA_391349_391534	repeat	185
chr5_MU273354v1_fix	1364689	1364874	MIRb_SINE_1364689_1364874	repeat	185
chr5_MU273354v1_fix	1010068	1010253	AluJo_SINE_1010068_1010253	repeat	185
chr5_MU273354v1_fix	922015	922200	MIRb_SINE_922015_922200	repeat	185
chr5_MU273354v1_fix	1803206	1803391	L1PB1_LINE_1803206_1803391	repeat	185
chr5_MU273354v1_fix	760352	760537	MIRb_SINE_760352_760537	repeat	185
chr5_MU273354v1_fix	236874	237059	MIR3_SINE_236874_237059	repeat	185
chr5_MU273354v1_fix	1199364	1199549	MER20_DNA_1199364_1199549	repeat	185
chr5_MU273354v1_fix	2085025	2085209	MIR_SINE_2085025_2085209	repeat	184
chr5_MU273354v1_fix	1727937	1728121	MLT1F1_LTR_1727937_1728121	repeat	184
chr5_MU273354v1_fix	1260379	1260563	MLT1F1_LTR_1260379_1260563	repeat	184
chr5_MU273354v1_fix	1966495	1966679	L1MEf_LINE_1966495_1966679	repeat	184
chr5_MU273354v1_fix	329065	329249	MLT1F1_LTR_329065_329249	repeat	184
chr5_MU273354v1_fix	1026327	1026511	MLT1F1_LTR_1026327_1026511	repeat	184
chr5_MU273354v1_fix	120005	120188	AluJb_SINE_120005_120188	repeat	183
chr5_MU273354v1_fix	894171	894354	MIR3_SINE_894171_894354	repeat	183
chr5_MU273354v1_fix	84705	84888	AluJo_SINE_84705_84888	repeat	183
chr5_MU273354v1_fix	1600645	1600828	MIR3_SINE_1600645_1600828	repeat	183
chr5_MU273354v1_fix	1292926	1293108	FAM_SINE_1292926_1293108	repeat	182
chr5_MU273354v1_fix	1014225	1014407	FAM_SINE_1014225_1014407	repeat	182
chr5_MU273354v1_fix	77494	77676	L3_LINE_77494_77676	repeat	182
chr5_MU273354v1_fix	73533	73715	L1MA8_LINE_73533_73715	repeat	182
chr5_MU273354v1_fix	1103181	1103363	AluYa5_SINE_1103181_1103363	repeat	182
chr5_MU273354v1_fix	1272491	1272673	FAM_SINE_1272491_1272673	repeat	182
chr5_MU273354v1_fix	193987	194169	MER49_LTR_193987_194169	repeat	182
chr5_MU273354v1_fix	1299042	1299223	AluJr_SINE_1299042_1299223	repeat	181
chr5_MU273354v1_fix	310814	310995	AluJr_SINE_310814_310995	repeat	181
chr5_MU273354v1_fix	11498	11679	MSTA_LTR_11498_11679	repeat	181
chr5_MU273354v1_fix	1278608	1278789	AluJr_SINE_1278608_1278789	repeat	181
chr5_MU273354v1_fix	987666	987847	AluJr_SINE_987666_987847	repeat	181
chr5_MU273354v1_fix	1712157	1712338	AluJr_SINE_1712157_1712338	repeat	181
chr5_MU273354v1_fix	208544	208725	MLT1K_LTR_208544_208725	repeat	181
chr5_MU273354v1_fix	128592	128773	Charlie20a_DNA_128592_128773	repeat	181
chr5_MU273354v1_fix	1008107	1008288	AluJr_SINE_1008107_1008288	repeat	181
chr5_MU273354v1_fix	316937	317117	FAM_SINE_316937_317117	repeat	180
chr5_MU273354v1_fix	1718270	1718450	FAM_SINE_1718270_1718450	repeat	180
chr5_MU273354v1_fix	1969403	1969583	L1MEf_LINE_1969403_1969583	repeat	180
chr5_MU273354v1_fix	2068742	2068922	L1MD2_LINE_2068742_2068922	repeat	180
chr5_MU273354v1_fix	1700239	1700419	FAM_SINE_1700239_1700419	repeat	180
chr5_MU273354v1_fix	856197	856376	L1ME3G_LINE_856197_856376	repeat	179
chr5_MU273354v1_fix	1562653	1562832	L1ME3G_LINE_1562653_1562832	repeat	179
chr5_MU273354v1_fix	1562870	1563049	AluJb_SINE_1562870_1563049	repeat	179
chr5_MU273354v1_fix	856414	856593	AluJb_SINE_856414_856593	repeat	179
chr5_MU273354v1_fix	953845	954023	L2a_LINE_953845_954023	repeat	178
chr5_MU273354v1_fix	296650	296828	AluJb_SINE_296650_296828	repeat	178
chr5_MU273354v1_fix	1660356	1660534	L2c_LINE_1660356_1660534	repeat	178
chr5_MU273354v1_fix	1672427	1672605	L1PB4_LINE_1672427_1672605	repeat	178
chr5_MU273354v1_fix	1320780	1320958	L1P4_LINE_1320780_1320958	repeat	178
chr5_MU273354v1_fix	7529	7707	AluSx_SINE_7529_7707	repeat	178
chr5_MU273354v1_fix	1588104	1588282	L1MEd_LINE_1588104_1588282	repeat	178
chr5_MU273354v1_fix	1332845	1333023	L2c_LINE_1332845_1333023	repeat	178
chr5_MU273354v1_fix	437257	437435	L2c_LINE_437257_437435	repeat	178
chr5_MU273354v1_fix	154006	154184	AluSx_SINE_154006_154184	repeat	178
chr5_MU273354v1_fix	1351537	1351715	MIR_SINE_1351537_1351715	repeat	178
chr5_MU273354v1_fix	1694134	1694312	AluJr_SINE_1694134_1694312	repeat	178
chr5_MU273354v1_fix	45252	45430	Tigger17a_DNA_45252_45430	repeat	178
chr5_MU273354v1_fix	993773	993951	FAM_SINE_993773_993951	repeat	178
chr5_MU273354v1_fix	716482	716660	L1PB4_LINE_716482_716660	repeat	178
chr5_MU273354v1_fix	728514	728692	L2c_LINE_728514_728692	repeat	178
chr5_MU273354v1_fix	1154040	1154218	L2c_LINE_1154040_1154218	repeat	178
chr5_MU273354v1_fix	154346	154523	MIR_SINE_154346_154523	repeat	177
chr5_MU273354v1_fix	935180	935357	MIR_SINE_935180_935357	repeat	177
chr5_MU273354v1_fix	1641666	1641843	MIR_SINE_1641666_1641843	repeat	177
chr5_MU273354v1_fix	747195	747372	MIR_SINE_747195_747372	repeat	177
chr5_MU273354v1_fix	1862376	1862553	MIR_SINE_1862376_1862553	repeat	177
chr5_MU273354v1_fix	1984923	1985100	AluJr_SINE_1984923_1985100	repeat	177
chr5_MU273354v1_fix	1410627	1410803	MIR_SINE_1410627_1410803	repeat	176
chr5_MU273354v1_fix	962700	962876	MSTD_LTR_962700_962876	repeat	176
chr5_MU273354v1_fix	719700	719876	MSTD_LTR_719700_719876	repeat	176
chr5_MU273354v1_fix	223124	223300	MIR_SINE_223124_223300	repeat	176
chr5_MU273354v1_fix	928389	928565	L1M4a2_LINE_928365_928565	repeat	176
chr5_MU273354v1_fix	47258	47434	L4_A_Mam_LINE_47258_47438	repeat	176
chr5_MU273354v1_fix	1669215	1669391	MSTD_LTR_1669215_1669391	repeat	176
chr5_MU273354v1_fix	1358324	1358500	L1M4a1_LINE_1358324_1358524	repeat	176
chr5_MU273354v1_fix	1464091	1464267	FRAM_SINE_1464091_1464267	repeat	176
chr5_MU273354v1_fix	1634882	1635058	L1M4a2_LINE_1634858_1635058	repeat	176
chr5_MU273354v1_fix	1323992	1324168	MSTD_LTR_1323992_1324168	repeat	176
chr5_MU273354v1_fix	753986	754162	L1M4a2_LINE_753986_754186	repeat	176
chr5_MU273354v1_fix	965924	966100	L1PB4_LINE_965924_966100	repeat	176
chr5_MU273354v1_fix	1034069	1034244	MER104_DNA_1034069_1034244	repeat	175
chr5_MU273354v1_fix	1252646	1252821	MER104_DNA_1252646_1252821	repeat	175
chr5_MU273354v1_fix	276572	276747	FRAM_SINE_276572_276747	repeat	175
chr5_MU273354v1_fix	1735679	1735854	MER104_DNA_1735679_1735854	repeat	175
chr5_MU273354v1_fix	1886764	1886939	L2a_LINE_1886764_1886939	repeat	175
chr5_MU273354v1_fix	336778	336953	MER104_DNA_336778_336953	repeat	175
chr5_MU273354v1_fix	2015262	2015437	L1MB3_LINE_2015262_2015437	repeat	175
chr5_MU273354v1_fix	189381	189556	AluJo_SINE_189381_189556	repeat	175
chr5_MU273354v1_fix	1843781	1843955	AluJb_SINE_1843781_1843955	repeat	174
chr5_MU273354v1_fix	1627585	1627759	MLT1F2_LTR_1627585_1627759	repeat	174
chr5_MU273354v1_fix	447832	448006	AluJb_SINE_447832_448006	repeat	174
chr5_MU273354v1_fix	1361348	1361522	MER124_DNA_1361348_1361522	repeat	174
chr5_MU273354v1_fix	1631860	1632034	MER124_DNA_1631860_1632034	repeat	174
chr5_MU273354v1_fix	921093	921267	MLT1F2_LTR_921093_921267	repeat	174
chr5_MU273354v1_fix	227809	227983	L3_LINE_227809_227983	repeat	174
chr5_MU273354v1_fix	761285	761459	MLT1F2_LTR_761285_761459	repeat	174
chr5_MU273354v1_fix	1143453	1143627	AluJb_SINE_1143453_1143627	repeat	174
chr5_MU273354v1_fix	1981472	1981646	AluJb_SINE_1981472_1981646	repeat	174
chr5_MU273354v1_fix	757010	757184	MER124_DNA_757010_757184	repeat	174
chr5_MU273354v1_fix	925367	925541	MER124_DNA_925367_925541	repeat	174
chr5_MU273354v1_fix	97676	97850	FRAM_SINE_97676_97850	repeat	174
chr5_MU273354v1_fix	105675	105848	AluJr_SINE_105675_105848	repeat	173
chr5_MU273354v1_fix	1297091	1297264	AluJo_SINE_1297091_1297264	repeat	173
chr5_MU273354v1_fix	1714107	1714280	AluJo_SINE_1714107_1714280	repeat	173
chr5_MU273354v1_fix	350331	350504	L2a_LINE_350331_350504	repeat	173
chr5_MU273354v1_fix	1183524	1183697	AluYa5_SINE_1183524_1183697	repeat	173
chr5_MU273354v1_fix	1415313	1415486	L3_LINE_1415313_1415486	repeat	173
chr5_MU273354v1_fix	1885476	1885649	LTR80B_LTR_1885476_1885649	repeat	173
chr5_MU273354v1_fix	1747939	1748112	L2a_LINE_1747939_1748112	repeat	173
chr5_MU273354v1_fix	1276657	1276830	AluJo_SINE_1276657_1276830	repeat	173
chr5_MU273354v1_fix	989626	989799	AluJo_SINE_989626_989799	repeat	173
chr5_MU273354v1_fix	407210	407383	AluYa5_SINE_407210_407383	repeat	173
chr5_MU273354v1_fix	1365622	1365795	MLT1F2_LTR_1365622_1365795	repeat	173
chr5_MU273354v1_fix	1240378	1240551	L2a_LINE_1240378_1240551	repeat	173
chr5_MU273354v1_fix	1696071	1696244	AluJo_SINE_1696071_1696244	repeat	173
chr5_MU273354v1_fix	1979968	1980141	L1MB4_LINE_1979968_1980141	repeat	173
chr5_MU273354v1_fix	1046323	1046496	L2a_LINE_1046323_1046496	repeat	173
chr5_MU273354v1_fix	44262	44434	(TA)n_Simple_repeat_44261_44434	repeat	172
chr5_MU273354v1_fix	24394	24566	L1ME4c_LINE_24394_24566	repeat	172
chr5_MU273354v1_fix	1005698	1005869	AluSx_SINE_1005698_1005869	repeat	171
chr5_MU273354v1_fix	308404	308575	AluSx_SINE_308404_308575	repeat	171
chr5_MU273354v1_fix	274231	274402	LTR108e_Mam_LTR_274231_274402	repeat	171
chr5_MU273354v1_fix	1461749	1461920	LTR108e_Mam_LTR_1461749_1461920	repeat	171
chr5_MU273354v1_fix	1301459	1301630	AluSx_SINE_1301459_1301630	repeat	171
chr5_MU273354v1_fix	1281026	1281197	AluSx_SINE_1281026_1281197	repeat	171
chr5_MU273354v1_fix	985258	985429	AluSx_SINE_985258_985429	repeat	171
chr5_MU273354v1_fix	1691733	1691904	AluSx_SINE_1691733_1691904	repeat	171
chr5_MU273354v1_fix	1709737	1709908	AluSx_SINE_1709737_1709908	repeat	171
chr5_MU273354v1_fix	1559445	1559615	L1MB7_LINE_1559445_1559615	repeat	170
chr5_MU273354v1_fix	2055433	2055603	ERV3-16A3_I_LTR_2055403_2055603	repeat	170
chr5_MU273354v1_fix	1293430	1293600	MLT1H_LTR_1293430_1293600	repeat	170
chr5_MU273354v1_fix	1531446	1531616	AluSx_SINE_1531446_1531616	repeat	170
chr5_MU273354v1_fix	852988	853158	L1MB7_LINE_852988_853158	repeat	170
chr5_MU273354v1_fix	825001	825171	AluSx_SINE_825001_825171	repeat	170
chr5_MU273354v1_fix	1789701	1789871	L1M5_LINE_1789701_1789871	repeat	170
chr5_MU273354v1_fix	1408651	1408821	MER112_DNA_1408651_1408821	repeat	170
chr5_MU273354v1_fix	1967094	1967264	AluSx_SINE_1967094_1967264	repeat	170
chr5_MU273354v1_fix	1197872	1198042	L1M5_LINE_1197872_1198042	repeat	170
chr5_MU273354v1_fix	392856	393026	L1M5_LINE_392856_393026	repeat	170
chr5_MU273354v1_fix	1088836	1089006	L1M5_LINE_1088836_1089006	repeat	170
chr5_MU273354v1_fix	130393	130563	AluJb_SINE_130393_130563	repeat	170
chr5_MU273354v1_fix	1963682	1963852	AluSx_SINE_1963682_1963852	repeat	170
chr5_MU273354v1_fix	248683	248852	AluSx_SINE_248683_248852	repeat	169
chr5_MU273354v1_fix	1436194	1436363	AluSx_SINE_1436194_1436363	repeat	169
chr5_MU273354v1_fix	64863	65032	L1MA8_LINE_64863_65032	repeat	169
chr5_MU273354v1_fix	2022082	2022251	L1MB8_LINE_2022082_2022251	repeat	169
chr5_MU273354v1_fix	10284	10452	AluSx_SINE_10284_10452	repeat	168
chr5_MU273354v1_fix	2090900	2091068	MIR_SINE_2090900_2091068	repeat	168
chr5_MU273354v1_fix	1319	1487	AluSx_SINE_1319_1487	repeat	168
chr5_MU273354v1_fix	927128	927296	L1PA17_LINE_927128_927296	repeat	168
chr5_MU273354v1_fix	859846	860014	AluSx_SINE_859846_860014	repeat	168
chr5_MU273354v1_fix	884281	884449	L2_LINE_884281_884449	repeat	168
chr5_MU273354v1_fix	755255	755423	L1PA17_LINE_755255_755423	repeat	168
chr5_MU273354v1_fix	1359593	1359761	L1PA17_LINE_1359593_1359761	repeat	168
chr5_MU273354v1_fix	1633621	1633789	L1PA17_LINE_1633621_1633789	repeat	168
chr5_MU273354v1_fix	1590745	1590913	L2_LINE_1590745_1590913	repeat	168
chr5_MU273354v1_fix	156224	156392	MIRb_SINE_156224_156392	repeat	168
chr5_MU273354v1_fix	1566302	1566470	AluSx_SINE_1566302_1566470	repeat	168
chr5_MU273354v1_fix	1504759	1504926	MIR3_SINE_1504759_1504926	repeat	167
chr5_MU273354v1_fix	798311	798478	MIR3_SINE_798311_798478	repeat	167
chr5_MU273354v1_fix	917206	917373	AluJr_SINE_917206_917373	repeat	167
chr5_MU273354v1_fix	103992	104159	FRAM_SINE_103992_104159	repeat	167
chr5_MU273354v1_fix	1623696	1623863	AluJr_SINE_1623696_1623863	repeat	167
chr5_MU273354v1_fix	1597282	1597448	MIR_SINE_1597282_1597448	repeat	166
chr5_MU273354v1_fix	1461024	1461190	FRAM_SINE_1461024_1461190	repeat	166
chr5_MU273354v1_fix	170495	170661	AluJb_SINE_170495_170661	repeat	166
chr5_MU273354v1_fix	890808	890974	MIR_SINE_890808_890974	repeat	166
chr5_MU273354v1_fix	96456	96622	FRAM_SINE_96456_96622	repeat	166
chr5_MU273354v1_fix	2084838	2085004	L1ME4a_LINE_2084838_2085004	repeat	166
chr5_MU273354v1_fix	273506	273672	FRAM_SINE_273506_273672	repeat	166
chr5_MU273354v1_fix	1498714	1498879	L1MEf_LINE_1498714_1498879	repeat	165
chr5_MU273354v1_fix	2032983	2033148	AluJb_SINE_2032983_2033148	repeat	165
chr5_MU273354v1_fix	192764	192929	MER5A_DNA_192764_192929	repeat	165
chr5_MU273354v1_fix	1564569	1564734	AluSx_SINE_1564569_1564734	repeat	165
chr5_MU273354v1_fix	792265	792430	L1MEf_LINE_792265_792430	repeat	165
chr5_MU273354v1_fix	1396534	1396699	L1MEf_LINE_1396534_1396699	repeat	165
chr5_MU273354v1_fix	858113	858278	AluSx_SINE_858113_858278	repeat	165
chr5_MU273354v1_fix	312775	312940	AluJo_SINE_312775_312940	repeat	165
chr5_MU273354v1_fix	1577056	1577220	L1PA6_LINE_1577056_1577220	repeat	164
chr5_MU273354v1_fix	1171437	1171601	L2_LINE_1171437_1171601	repeat	164
chr5_MU273354v1_fix	1955008	1955172	AluJo_SINE_1955008_1955172	repeat	164
chr5_MU273354v1_fix	870591	870755	L1PA6_LINE_870591_870755	repeat	164
chr5_MU273354v1_fix	1983579	1983743	AluJb_SINE_1983579_1983743	repeat	164
chr5_MU273354v1_fix	1115308	1115472	L2_LINE_1115308_1115472	repeat	164
chr5_MU273354v1_fix	1545933	1546096	L1MB2_LINE_1545933_1546096	repeat	163
chr5_MU273354v1_fix	890504	890667	FLAM_C_SINE_890504_890667	repeat	163
chr5_MU273354v1_fix	228	391	FRAM_SINE_228_391	repeat	163
chr5_MU273354v1_fix	839484	839647	L1MB2_LINE_839484_839647	repeat	163
chr5_MU273354v1_fix	270072	270235	LTR9D_LTR_270072_270235	repeat	163
chr5_MU273354v1_fix	1457590	1457753	LTR9D_LTR_1457590_1457753	repeat	163
chr5_MU273354v1_fix	14581	14744	AluJb_SINE_14581_14744	repeat	163
chr5_MU273354v1_fix	824362	824524	AluJr_SINE_824362_824524	repeat	162
chr5_MU273354v1_fix	1530812	1530974	AluJr_SINE_1530812_1530974	repeat	162
chr5_MU273354v1_fix	208741	208903	FRAM_SINE_208741_208903	repeat	162
chr5_MU273354v1_fix	102974	103136	AluSx_SINE_102974_103136	repeat	162
chr5_MU273354v1_fix	28267	28429	AluSx_SINE_28267_28429	repeat	162
chr5_MU273354v1_fix	2088116	2088278	MLT1K_LTR_2088116_2088278	repeat	162
chr5_MU273354v1_fix	2074902	2075064	MER5B_DNA_2074902_2075064	repeat	162
chr5_MU273354v1_fix	219696	219858	FRAM_SINE_219696_219858	repeat	162
chr5_MU273354v1_fix	206654	206816	L1ME4b_LINE_206654_206816	repeat	162
chr5_MU273354v1_fix	1325984	1326145	L1MA7_LINE_1325984_1326145	repeat	161
chr5_MU273354v1_fix	1872862	1873023	MIR1_Amn_SINE_1872862_1873023	repeat	161
chr5_MU273354v1_fix	1665835	1665996	MLT1A0_LTR_1665821_1665996	repeat	161
chr5_MU273354v1_fix	212196	212357	FRAM_SINE_212196_212357	repeat	161
chr5_MU273354v1_fix	1304752	1304913	AluSx_SINE_1304752_1304913	repeat	161
chr5_MU273354v1_fix	1544083	1544244	FRAM_SINE_1544083_1544244	repeat	161
chr5_MU273354v1_fix	1963460	1963621	MER21C_LTR_1963460_1963621	repeat	161
chr5_MU273354v1_fix	837635	837796	FRAM_SINE_837635_837796	repeat	161
chr5_MU273354v1_fix	1591732	1591893	L1PB4_LINE_1591732_1591893	repeat	161
chr5_MU273354v1_fix	1992860	1993021	FRAM_SINE_1992860_1993021	repeat	161
chr5_MU273354v1_fix	1667238	1667399	L1MA7_LINE_1667238_1667399	repeat	161
chr5_MU273354v1_fix	287614	287774	AluJb_SINE_287614_287774	repeat	160
chr5_MU273354v1_fix	1378662	1378822	AluJb_SINE_1378662_1378822	repeat	160
chr5_MU273354v1_fix	1480830	1480990	AluJb_SINE_1480830_1480990	repeat	160
chr5_MU273354v1_fix	774326	774486	AluJb_SINE_774326_774486	repeat	160
chr5_MU273354v1_fix	885266	885426	L1PB4_LINE_885266_885426	repeat	160
chr5_MU273354v1_fix	960725	960884	L1MA7_LINE_960725_960884	repeat	159
chr5_MU273354v1_fix	396859	397018	L2d2_LINE_396859_397018	repeat	159
chr5_MU273354v1_fix	1092839	1092998	L2d2_LINE_1092839_1092998	repeat	159
chr5_MU273354v1_fix	1193880	1194039	L2d2_LINE_1193880_1194039	repeat	159
chr5_MU273354v1_fix	1793707	1793866	L2d2_LINE_1793707_1793866	repeat	159
chr5_MU273354v1_fix	62262	62421	L1MA3_LINE_62262_62421	repeat	159
chr5_MU273354v1_fix	721692	721851	L1MA7_LINE_721692_721851	repeat	159
chr5_MU273354v1_fix	122596	122755	L1PREC2_LINE_122596_122755	repeat	159
chr5_MU273354v1_fix	131080	131239	FRAM_SINE_131080_131239	repeat	159
chr5_MU273354v1_fix	1875089	1875247	AluSx_SINE_1875089_1875247	repeat	158
chr5_MU273354v1_fix	1869710	1869868	MLT1C2_LTR_1869710_1869868	repeat	158
chr5_MU273354v1_fix	12429	12587	AluSx_SINE_12429_12587	repeat	158
chr5_MU273354v1_fix	188149	188306	AluJb_SINE_188149_188306	repeat	157
chr5_MU273354v1_fix	13761	13918	AluSx_SINE_13761_13918	repeat	157
chr5_MU273354v1_fix	1606780	1606937	MIR_SINE_1606780_1606937	repeat	157
chr5_MU273354v1_fix	900305	900462	MIR_SINE_900305_900462	repeat	157
chr5_MU273354v1_fix	2021638	2021795	AluY_SINE_2021638_2021795	repeat	157
chr5_MU273354v1_fix	1305556	1305713	AluJb_SINE_1305556_1305713	repeat	157
chr5_MU273354v1_fix	1273789	1273946	AluSx_SINE_1273789_1273946	repeat	157
chr5_MU273354v1_fix	1687661	1687818	AluJb_SINE_1687661_1687818	repeat	157
chr5_MU273354v1_fix	981176	981333	AluJb_SINE_981176_981333	repeat	157
chr5_MU273354v1_fix	1294224	1294381	AluSx_SINE_1294224_1294381	repeat	157
chr5_MU273354v1_fix	2087573	2087730	FRAM_SINE_2087573_2087730	repeat	157
chr5_MU273354v1_fix	1096378	1096534	L2_LINE_1096378_1096534	repeat	156
chr5_MU273354v1_fix	400398	400554	L2_LINE_400398_400554	repeat	156
chr5_MU273354v1_fix	174467	174623	MER33_DNA_174467_174623	repeat	156
chr5_MU273354v1_fix	79744	79900	L1M5_LINE_79744_79900	repeat	156
chr5_MU273354v1_fix	1190344	1190500	L2_LINE_1190344_1190500	repeat	156
chr5_MU273354v1_fix	1797244	1797400	L2_LINE_1797244_1797400	repeat	156
chr5_MU273354v1_fix	987867	988022	L2c_LINE_987867_988022	repeat	155
chr5_MU273354v1_fix	1008308	1008463	L2c_LINE_1008308_1008463	repeat	155
chr5_MU273354v1_fix	2066902	2067057	MER67C_LTR_2066902_2067057	repeat	155
chr5_MU273354v1_fix	1471838	1471993	AluJb_SINE_1471838_1471993	repeat	155
chr5_MU273354v1_fix	2070635	2070790	MLT1G3_LTR_2070635_2070790	repeat	155
chr5_MU273354v1_fix	338902	339057	MER20_DNA_338902_339057	repeat	155
chr5_MU273354v1_fix	1329976	1330130	MER44D_DNA_1329976_1330130	repeat	154
chr5_MU273354v1_fix	1971402	1971556	L2b_LINE_1971402_1971556	repeat	154
chr5_MU273354v1_fix	1561061	1561215	FLAM_C_SINE_1561061_1561215	repeat	154
chr5_MU273354v1_fix	2048107	2048261	FAM_SINE_2048107_2048261	repeat	154
chr5_MU273354v1_fix	1663253	1663407	Tigger7_DNA_1663253_1663407	repeat	154
chr5_MU273354v1_fix	725664	725818	MER44D_DNA_725664_725818	repeat	154
chr5_MU273354v1_fix	1952167	1952321	AluJb_SINE_1952167_1952321	repeat	154
chr5_MU273354v1_fix	956738	956892	Tigger7_DNA_956738_956892	repeat	154
chr5_MU273354v1_fix	113865	114019	AluSx_SINE_113865_114019	repeat	154
chr5_MU273354v1_fix	1614653	1614806	(AT)n_Simple_repeat_1614653_1614806	repeat	153
chr5_MU273354v1_fix	908167	908320	(AT)n_Simple_repeat_908167_908320	repeat	153
chr5_MU273354v1_fix	846310	846463	AluJb_SINE_846310_846463	repeat	153
chr5_MU273354v1_fix	54764	54917	FLAM_C_SINE_54764_54917	repeat	153
chr5_MU273354v1_fix	1951705	1951858	AluJb_SINE_1951705_1951858	repeat	153
chr5_MU273354v1_fix	1882164	1882317	AluJo_SINE_1882164_1882317	repeat	153
chr5_MU273354v1_fix	331538	331691	L2a_LINE_331538_331691	repeat	153
chr5_MU273354v1_fix	1552759	1552912	AluJb_SINE_1552759_1552912	repeat	153
chr5_MU273354v1_fix	2029857	2030009	Tigger2b_Pri_DNA_2029857_2030009	repeat	152
chr5_MU273354v1_fix	1405173	1405325	L1ME4b_LINE_1405173_1405325	repeat	152
chr5_MU273354v1_fix	1515245	1515397	L1ME4b_LINE_1515245_1515397	repeat	152
chr5_MU273354v1_fix	808796	808948	L1ME4b_LINE_808796_808948	repeat	152
chr5_MU273354v1_fix	1400646	1400797	MIR_SINE_1400646_1400797	repeat	151
chr5_MU273354v1_fix	71525	71676	AluJb_SINE_71525_71676	repeat	151
chr5_MU273354v1_fix	2040699	2040849	MIR_SINE_2040699_2040849	repeat	150
chr5_MU273354v1_fix	1968934	1969084	MER105_DNA_1968934_1969084	repeat	150
chr5_MU273354v1_fix	1730413	1730563	L2a_LINE_1730413_1730563	repeat	150
chr5_MU273354v1_fix	796365	796515	MIR_SINE_796365_796515	repeat	150
chr5_MU273354v1_fix	100753	100903	LTR33_LTR_100753_100903	repeat	150
chr5_MU273354v1_fix	1257937	1258087	L2a_LINE_1257937_1258087	repeat	150
chr5_MU273354v1_fix	1502814	1502964	MIR_SINE_1502814_1502964	repeat	150
chr5_MU273354v1_fix	844729	844879	L1MC4_LINE_844729_844879	repeat	150
chr5_MU273354v1_fix	1551178	1551328	L1MC4_LINE_1551178_1551328	repeat	150
chr5_MU273354v1_fix	2033328	2033478	L1MC4_LINE_2033328_2033478	repeat	150
chr5_MU273354v1_fix	26434	26584	MARNA_DNA_26434_26584	repeat	150
chr5_MU273354v1_fix	1936207	1936357	MIRc_SINE_1936207_1936357	repeat	150
chr5_MU273354v1_fix	1028803	1028953	L2a_LINE_1028803_1028953	repeat	150
chr5_MU273354v1_fix	1012651	1012800	Tigger17a_DNA_1012651_1012800	repeat	149
chr5_MU273354v1_fix	1698661	1698810	Tigger17a_DNA_1698661_1698810	repeat	149
chr5_MU273354v1_fix	733214	733363	X34_DNA_DNA_733214_733363	repeat	149
chr5_MU273354v1_fix	315361	315510	Tigger17a_DNA_315361_315510	repeat	149
chr5_MU273354v1_fix	1294534	1294683	Tigger17a_DNA_1294534_1294683	repeat	149
chr5_MU273354v1_fix	54606	54755	FRAM_SINE_54606_54755	repeat	149
chr5_MU273354v1_fix	1716695	1716844	Tigger17a_DNA_1716695_1716844	repeat	149
chr5_MU273354v1_fix	1512102	1512251	L1ME3E_LINE_1512102_1512251	repeat	149
chr5_MU273354v1_fix	805653	805802	L1ME3E_LINE_805653_805802	repeat	149
chr5_MU273354v1_fix	1274099	1274248	Tigger17a_DNA_1274099_1274248	repeat	149
chr5_MU273354v1_fix	1655677	1655826	X34_DNA_DNA_1655677_1655826	repeat	149
chr5_MU273354v1_fix	992193	992342	Tigger17a_DNA_992193_992342	repeat	149
chr5_MU273354v1_fix	1699758	1699906	MLT1H_LTR_1699758_1699906	repeat	148
chr5_MU273354v1_fix	1946804	1946952	MIR_SINE_1946804_1946952	repeat	148
chr5_MU273354v1_fix	316459	316607	MLT1H_LTR_316459_316607	repeat	148
chr5_MU273354v1_fix	12622	12770	L1MB7_LINE_12622_12771	repeat	148
chr5_MU273354v1_fix	1717792	1717940	MLT1H_LTR_1717792_1717940	repeat	148
chr5_MU273354v1_fix	74146	74294	L1M4b_LINE_74146_74294	repeat	148
chr5_MU273354v1_fix	2044369	2044517	AluJb_SINE_2044369_2044517	repeat	148
chr5_MU273354v1_fix	1410181	1410329	MIR3_SINE_1410181_1410329	repeat	148
chr5_MU273354v1_fix	222678	222826	MIR3_SINE_222678_222826	repeat	148
chr5_MU273354v1_fix	3860	4008	(AT)n_Simple_repeat_3860_4008	repeat	148
chr5_MU273354v1_fix	1499029	1499176	L1MB4_LINE_1499026_1499176	repeat	147
chr5_MU273354v1_fix	792580	792727	L1MB4_LINE_792577_792727	repeat	147
chr5_MU273354v1_fix	288375	288522	MLT1J_LTR_288375_288522	repeat	147
chr5_MU273354v1_fix	62434	62581	L1MC4_LINE_62434_62581	repeat	147
chr5_MU273354v1_fix	1396849	1396996	L1MB4_LINE_1396846_1396996	repeat	147
chr5_MU273354v1_fix	1994744	1994891	LTR90B_LTR_1994744_1994891	repeat	147
chr5_MU273354v1_fix	1379399	1379546	MLT1J_LTR_1379399_1379546	repeat	147
chr5_MU273354v1_fix	823903	824050	AluJr_SINE_823903_824050	repeat	147
chr5_MU273354v1_fix	775087	775234	MLT1J_LTR_775087_775234	repeat	147
chr5_MU273354v1_fix	153570	153716	AluSx_SINE_153570_153716	repeat	146
chr5_MU273354v1_fix	1578412	1578558	AluSx_SINE_1578412_1578558	repeat	146
chr5_MU273354v1_fix	1578560	1578706	AluSx_SINE_1578560_1578706	repeat	146
chr5_MU273354v1_fix	1463771	1463917	LOR1-int_LTR_1463771_1463917	repeat	146
chr5_MU273354v1_fix	1591453	1591599	L2a_LINE_1591453_1591599	repeat	146
chr5_MU273354v1_fix	133992	134138	Tigger13a_DNA_133992_134138	repeat	146
chr5_MU273354v1_fix	872094	872240	AluSx_SINE_872094_872240	repeat	146
chr5_MU273354v1_fix	1530353	1530499	AluJr_SINE_1530353_1530499	repeat	146
chr5_MU273354v1_fix	1831400	1831546	MLT1A_LTR_1831400_1831546	repeat	146
chr5_MU273354v1_fix	1131080	1131226	MLT1A_LTR_1131080_1131226	repeat	146
chr5_MU273354v1_fix	871946	872092	AluSx_SINE_871946_872092	repeat	146
chr5_MU273354v1_fix	1985394	1985540	AluJr_SINE_1985394_1985540	repeat	146
chr5_MU273354v1_fix	435023	435169	MLT1A_LTR_435023_435169	repeat	146
chr5_MU273354v1_fix	884989	885135	L2a_LINE_884989_885135	repeat	146
chr5_MU273354v1_fix	1768453	1768598	AluSx_SINE_1768453_1768598	repeat	145
chr5_MU273354v1_fix	792432	792577	L1MEf_LINE_792432_792580	repeat	145
chr5_MU273354v1_fix	726210	726355	MER44D_DNA_726210_726355	repeat	145
chr5_MU273354v1_fix	956201	956346	Tigger7_DNA_956201_956346	repeat	145
chr5_MU273354v1_fix	1498881	1499026	L1MEf_LINE_1498881_1499029	repeat	145
chr5_MU273354v1_fix	1330522	1330667	MER44D_DNA_1330522_1330667	repeat	145
chr5_MU273354v1_fix	1067617	1067762	AluSx_SINE_1067617_1067762	repeat	145
chr5_MU273354v1_fix	198955	199100	AluJb_SINE_198955_199100	repeat	145
chr5_MU273354v1_fix	141490	141635	MLT1I_LTR_141490_141635	repeat	145
chr5_MU273354v1_fix	1219114	1219259	AluSx_SINE_1219114_1219259	repeat	145
chr5_MU273354v1_fix	1662716	1662861	Tigger7_DNA_1662716_1662861	repeat	145
chr5_MU273354v1_fix	1396701	1396846	L1MEf_LINE_1396701_1396849	repeat	145
chr5_MU273354v1_fix	371626	371771	AluSx_SINE_371626_371771	repeat	145
chr5_MU273354v1_fix	102085	102229	L1MB7_LINE_102085_102229	repeat	144
chr5_MU273354v1_fix	1930189	1930333	MIRb_SINE_1930189_1930333	repeat	144
chr5_MU273354v1_fix	1300687	1300831	FLAM_C_SINE_1300687_1300831	repeat	144
chr5_MU273354v1_fix	1710536	1710680	FLAM_C_SINE_1710536_1710680	repeat	144
chr5_MU273354v1_fix	309203	309347	FLAM_C_SINE_309203_309347	repeat	144
chr5_MU273354v1_fix	1280254	1280398	FLAM_C_SINE_1280254_1280398	repeat	144
chr5_MU273354v1_fix	437	581	AluSx_SINE_437_581	repeat	144
chr5_MU273354v1_fix	2023153	2023297	L1MB8_LINE_2023153_2023297	repeat	144
chr5_MU273354v1_fix	1481576	1481720	MLT1J_LTR_1481576_1481720	repeat	144
chr5_MU273354v1_fix	1475966	1476110	MER65D_LTR_1475966_1476110	repeat	144
chr5_MU273354v1_fix	282737	282881	MER65D_LTR_282737_282881	repeat	144
chr5_MU273354v1_fix	369339	369482	MIR_SINE_369339_369482	repeat	143
chr5_MU273354v1_fix	1198841	1198984	LTR37B_LTR_1198841_1198984	repeat	143
chr5_MU273354v1_fix	1221402	1221545	MIR_SINE_1221402_1221545	repeat	143
chr5_MU273354v1_fix	391914	392057	LTR37B_LTR_391914_392057	repeat	143
chr5_MU273354v1_fix	1766177	1766320	MIR_SINE_1766177_1766320	repeat	143
chr5_MU273354v1_fix	1435623	1435766	MIR_SINE_1435623_1435766	repeat	143
chr5_MU273354v1_fix	248109	248252	MIR_SINE_248109_248252	repeat	143
chr5_MU273354v1_fix	1788759	1788902	LTR37B_LTR_1788759_1788902	repeat	143
chr5_MU273354v1_fix	1087894	1088037	LTR37B_LTR_1087894_1088037	repeat	143
chr5_MU273354v1_fix	1964147	1964290	AluSx_SINE_1964147_1964290	repeat	143
chr5_MU273354v1_fix	1065329	1065472	MIR_SINE_1065329_1065472	repeat	143
chr5_MU273354v1_fix	60633	60775	FRAM_SINE_60633_60775	repeat	142
chr5_MU273354v1_fix	60447	60589	FLAM_C_SINE_60447_60589	repeat	142
chr5_MU273354v1_fix	871511	871653	AluSx_SINE_871511_871653	repeat	142
chr5_MU273354v1_fix	114093	114235	GA-rich_Low_complexity_114093_114235	repeat	142
chr5_MU273354v1_fix	1402019	1402161	L1ME3E_LINE_1402019_1402161	repeat	142
chr5_MU273354v1_fix	1577975	1578117	AluSx_SINE_1577975_1578117	repeat	142
chr5_MU273354v1_fix	1564093	1564235	AluJb_SINE_1564093_1564235	repeat	142
chr5_MU273354v1_fix	141874	142016	AluSx_SINE_141874_142016	repeat	142
chr5_MU273354v1_fix	2031137	2031279	LTR101_Mam_LTR_2031137_2031279	repeat	142
chr5_MU273354v1_fix	857637	857779	AluJb_SINE_857637_857779	repeat	142
chr5_MU273354v1_fix	117550	117691	L1M3_LINE_117550_117691	repeat	141
chr5_MU273354v1_fix	1475743	1475884	MER65D_LTR_1475743_1475884	repeat	141
chr5_MU273354v1_fix	811781	811922	MSTB_LTR_811781_811922	repeat	141
chr5_MU273354v1_fix	109129	109270	MIR_SINE_109129_109270	repeat	141
chr5_MU273354v1_fix	282514	282655	MER65D_LTR_282514_282655	repeat	141
chr5_MU273354v1_fix	1408157	1408298	MSTB_LTR_1408157_1408298	repeat	141
chr5_MU273354v1_fix	1518232	1518373	MSTB_LTR_1518232_1518373	repeat	141
chr5_MU273354v1_fix	1246555	1246696	(TA)n_Simple_repeat_1246555_1246696	repeat	141
chr5_MU273354v1_fix	197666	197807	MIRb_SINE_197666_197807	repeat	141
chr5_MU273354v1_fix	97132	97272	AluJb_SINE_97132_97272	repeat	140
chr5_MU273354v1_fix	1513317	1513457	L1MA9_LINE_1513317_1513457	repeat	140
chr5_MU273354v1_fix	69743	69883	FLAM_C_SINE_69743_69883	repeat	140
chr5_MU273354v1_fix	806868	807008	L1MA9_LINE_806868_807008	repeat	140
chr5_MU273354v1_fix	84268	84408	AluJo_SINE_84268_84408	repeat	140
chr5_MU273354v1_fix	9723	9863	L1PA7_LINE_9723_9863	repeat	140
chr5_MU273354v1_fix	189692	189832	L1MC3_LINE_189692_189832	repeat	140
chr5_MU273354v1_fix	1403248	1403388	L1MA9_LINE_1403248_1403388	repeat	140
chr5_MU273354v1_fix	145831	145971	MIRc_SINE_145831_145971	repeat	140
chr5_MU273354v1_fix	2048843	2048982	MER5A1_DNA_2048843_2048982	repeat	139
chr5_MU273354v1_fix	848897	849036	FRAM_SINE_848897_849036	repeat	139
chr5_MU273354v1_fix	1824261	1824400	(AAAAG)n_Simple_repeat_1824261_1824400	repeat	139
chr5_MU273354v1_fix	259749	259888	LTR87_LTR_259749_259888	repeat	139
chr5_MU273354v1_fix	1447289	1447428	LTR87_LTR_1447289_1447428	repeat	139
chr5_MU273354v1_fix	150266	150405	AluJb_SINE_150266_150405	repeat	139
chr5_MU273354v1_fix	824551	824690	AluSx_SINE_824551_824690	repeat	139
chr5_MU273354v1_fix	1840971	1841110	MLT1I_LTR_1840971_1841110	repeat	139
chr5_MU273354v1_fix	1555343	1555482	FRAM_SINE_1555343_1555482	repeat	139
chr5_MU273354v1_fix	1555583	1555721	AluJb_SINE_1555583_1555721	repeat	138
chr5_MU273354v1_fix	14044	14182	AluJb_SINE_14044_14182	repeat	138
chr5_MU273354v1_fix	1536130	1536268	FLAM_C_SINE_1536130_1536268	repeat	138
chr5_MU273354v1_fix	849137	849275	AluJb_SINE_849137_849275	repeat	138
chr5_MU273354v1_fix	15056	15194	AluJb_SINE_15056_15194	repeat	138
chr5_MU273354v1_fix	1494003	1494141	FLAM_C_SINE_1494003_1494141	repeat	138
chr5_MU273354v1_fix	1391825	1391963	FLAM_C_SINE_1391825_1391963	repeat	138
chr5_MU273354v1_fix	1456813	1456951	MIR_SINE_1456813_1456951	repeat	138
chr5_MU273354v1_fix	787553	787691	FLAM_C_SINE_787553_787691	repeat	138
chr5_MU273354v1_fix	269295	269433	MIR_SINE_269295_269433	repeat	138
chr5_MU273354v1_fix	163126	163264	FLAM_C_SINE_163126_163264	repeat	138
chr5_MU273354v1_fix	829684	829822	FLAM_C_SINE_829684_829822	repeat	138
chr5_MU273354v1_fix	94157	94294	AluSx_SINE_94157_94294	repeat	137
chr5_MU273354v1_fix	1917168	1917305	L1PA13_LINE_1917168_1917305	repeat	137
chr5_MU273354v1_fix	1954860	1954997	FLAM_C_SINE_1954860_1954997	repeat	137
chr5_MU273354v1_fix	1109536	1109673	MER34C_LTR_1109536_1109673	repeat	137
chr5_MU273354v1_fix	812143	812280	L2_LINE_812143_812280	repeat	137
chr5_MU273354v1_fix	92831	92968	MIR_SINE_92831_92968	repeat	137
chr5_MU273354v1_fix	1518594	1518731	L2_LINE_1518594_1518731	repeat	137
chr5_MU273354v1_fix	344193	344329	(TA)n_Simple_repeat_344193_344329	repeat	136
chr5_MU273354v1_fix	1967572	1967708	AluSx_SINE_1967572_1967708	repeat	136
chr5_MU273354v1_fix	809488	809623	L2_LINE_809488_809623	repeat	135
chr5_MU273354v1_fix	377270	377405	(AAGG)n_Simple_repeat_377270_377405	repeat	135
chr5_MU273354v1_fix	122448	122583	AluJb_SINE_122448_122583	repeat	135
chr5_MU273354v1_fix	1133563	1133698	LTR3B_v_LTR_1133563_1133698	repeat	135
chr5_MU273354v1_fix	1725911	1726046	MER3_DNA_1725911_1726046	repeat	135
chr5_MU273354v1_fix	1305121	1305256	AluJb_SINE_1305121_1305256	repeat	135
chr5_MU273354v1_fix	1833893	1834028	LTR3B_v_LTR_1833893_1834028	repeat	135
chr5_MU273354v1_fix	47788	47923	L4_A_Mam_LINE_47788_47923	repeat	135
chr5_MU273354v1_fix	105228	105363	AluJr_SINE_105228_105363	repeat	135
chr5_MU273354v1_fix	981633	981768	AluJb_SINE_981633_981768	repeat	135
chr5_MU273354v1_fix	1922451	1922586	L2b_LINE_1922451_1922586	repeat	135
chr5_MU273354v1_fix	1688118	1688253	AluJb_SINE_1688118_1688253	repeat	135
chr5_MU273354v1_fix	457756	457891	LTR3B_v_LTR_457756_457891	repeat	135
chr5_MU273354v1_fix	1405858	1405993	L2_LINE_1405858_1405993	repeat	135
chr5_MU273354v1_fix	1894497	1894632	MER103C_DNA_1894497_1894632	repeat	135
chr5_MU273354v1_fix	1409311	1409446	AluJo_SINE_1409311_1409446	repeat	135
chr5_MU273354v1_fix	1515938	1516073	L2_LINE_1515938_1516073	repeat	135
chr5_MU273354v1_fix	2083666	2083801	L2a_LINE_2083666_2083801	repeat	135
chr5_MU273354v1_fix	1531001	1531135	AluSx_SINE_1531001_1531135	repeat	134
chr5_MU273354v1_fix	854939	855073	FLAM_C_SINE_854939_855073	repeat	134
chr5_MU273354v1_fix	1358947	1359081	L1M4a1_LINE_1358947_1359081	repeat	134
chr5_MU273354v1_fix	1561395	1561529	FLAM_C_SINE_1561395_1561529	repeat	134
chr5_MU273354v1_fix	2004214	2004348	AluJb_SINE_2004214_2004348	repeat	134
chr5_MU273354v1_fix	206220	206354	L1ME4b_LINE_206220_206354	repeat	134
chr5_MU273354v1_fix	1348449	1348582	MIR_SINE_1348449_1348582	repeat	133
chr5_MU273354v1_fix	899193	899326	(AT)n_Simple_repeat_899193_899326	repeat	133
chr5_MU273354v1_fix	744106	744239	MIR_SINE_744106_744239	repeat	133
chr5_MU273354v1_fix	1644799	1644932	MIR_SINE_1644799_1644932	repeat	133
chr5_MU273354v1_fix	107903	108036	FLAM_C_SINE_107903_108036	repeat	133
chr5_MU273354v1_fix	1520463	1520596	AluJr_SINE_1520463_1520596	repeat	133
chr5_MU273354v1_fix	814012	814145	AluJr_SINE_814012_814145	repeat	133
chr5_MU273354v1_fix	2066700	2066833	FLAM_C_SINE_2066700_2066833	repeat	133
chr5_MU273354v1_fix	938312	938445	MIR_SINE_938312_938445	repeat	133
chr5_MU273354v1_fix	1605668	1605801	(AT)n_Simple_repeat_1605668_1605801	repeat	133
chr5_MU273354v1_fix	64210	64343	FLAM_C_SINE_64210_64343	repeat	133
chr5_MU273354v1_fix	1741802	1741935	(TA)n_Simple_repeat_1741802_1741935	repeat	133
chr5_MU273354v1_fix	2004923	2005056	FLAM_C_SINE_2004923_2005056	repeat	133
chr5_MU273354v1_fix	128459	128592	FLAM_C_SINE_128459_128592	repeat	133
chr5_MU273354v1_fix	1970063	1970195	L1ME3B_LINE_1970063_1970195	repeat	132
chr5_MU273354v1_fix	838389	838521	AluJb_SINE_838389_838521	repeat	132
chr5_MU273354v1_fix	837262	837394	(TTCC)n_Simple_repeat_837258_837394	repeat	132
chr5_MU273354v1_fix	123506	123638	FLAM_C_SINE_123506_123638	repeat	132
chr5_MU273354v1_fix	835778	835910	LTR104_Mam_LTR_835778_835910	repeat	132
chr5_MU273354v1_fix	1543710	1543842	(TTCC)n_Simple_repeat_1543706_1543842	repeat	132
chr5_MU273354v1_fix	1542226	1542358	LTR104_Mam_LTR_1542226_1542358	repeat	132
chr5_MU273354v1_fix	1544837	1544969	AluJb_SINE_1544837_1544969	repeat	132
chr5_MU273354v1_fix	856065	856197	MER65C_LTR_856065_856197	repeat	132
chr5_MU273354v1_fix	1562521	1562653	MER65C_LTR_1562521_1562653	repeat	132
chr5_MU273354v1_fix	1924394	1924526	AluY_SINE_1924394_1924526	repeat	132
chr5_MU273354v1_fix	208403	208535	FLAM_C_SINE_208403_208535	repeat	132
chr5_MU273354v1_fix	2099245	2099377	L1ME3Cz_LINE_2099245_2099377	repeat	132
chr5_MU273354v1_fix	1073250	1073381	(AAGG)n_Simple_repeat_1073250_1073381	repeat	131
chr5_MU273354v1_fix	884449	884580	FLAM_C_SINE_884449_884580	repeat	131
chr5_MU273354v1_fix	783204	783335	FLAM_C_SINE_783204_783335	repeat	131
chr5_MU273354v1_fix	88377	88508	FLAM_C_SINE_88377_88508	repeat	131
chr5_MU273354v1_fix	1590913	1591044	FLAM_C_SINE_1590913_1591044	repeat	131
chr5_MU273354v1_fix	860023	860154	AluSx_SINE_860023_860154	repeat	131
chr5_MU273354v1_fix	1471416	1471547	AluJb_SINE_1471416_1471547	repeat	131
chr5_MU273354v1_fix	1566479	1566610	AluSx_SINE_1566479_1566610	repeat	131
chr5_MU273354v1_fix	1387487	1387618	FLAM_C_SINE_1387487_1387618	repeat	131
chr5_MU273354v1_fix	188664	188795	FLAM_C_SINE_188664_188795	repeat	131
chr5_MU273354v1_fix	15509	15640	AluSx_SINE_15509_15640	repeat	131
chr5_MU273354v1_fix	296481	296612	FLAM_C_SINE_296481_296612	repeat	131
chr5_MU273354v1_fix	1526704	1526835	FLAM_C_SINE_1526704_1526835	repeat	131
chr5_MU273354v1_fix	1489657	1489788	FLAM_C_SINE_1489657_1489788	repeat	131
chr5_MU273354v1_fix	854605	854736	FLAM_C_SINE_854605_854736	repeat	131
chr5_MU273354v1_fix	2099668	2099798	FLAM_C_SINE_2099668_2099798	repeat	130
chr5_MU273354v1_fix	1862230	1862360	L2b_LINE_1862230_1862360	repeat	130
chr5_MU273354v1_fix	319533	319663	FLAM_C_SINE_319533_319663	repeat	130
chr5_MU273354v1_fix	414117	414247	MER65A_LTR_414117_414247	repeat	130
chr5_MU273354v1_fix	1720859	1720989	FLAM_C_SINE_1720859_1720989	repeat	130
chr5_MU273354v1_fix	225204	225334	MIRb_SINE_225204_225334	repeat	130
chr5_MU273354v1_fix	820254	820384	FLAM_C_SINE_820254_820384	repeat	130
chr5_MU273354v1_fix	298248	298378	FLAM_C_SINE_298248_298378	repeat	130
chr5_MU273354v1_fix	2065701	2065831	MER5B_DNA_2065701_2065831	repeat	130
chr5_MU273354v1_fix	1412707	1412837	MIRb_SINE_1412707_1412837	repeat	130
chr5_MU273354v1_fix	996363	996493	FLAM_C_SINE_996363_996493	repeat	130
chr5_MU273354v1_fix	1110106	1110236	MER65A_LTR_1110106_1110236	repeat	130
chr5_MU273354v1_fix	1269949	1270079	FLAM_C_SINE_1269949_1270079	repeat	130
chr5_MU273354v1_fix	1702833	1702963	FLAM_C_SINE_1702833_1702963	repeat	130
chr5_MU273354v1_fix	1016819	1016949	FLAM_C_SINE_1016819_1016949	repeat	130
chr5_MU273354v1_fix	1176661	1176791	MER65A_LTR_1176661_1176791	repeat	130
chr5_MU273354v1_fix	1290384	1290514	FLAM_C_SINE_1290384_1290514	repeat	130
chr5_MU273354v1_fix	854124	854253	L1ME3Cz_LINE_854124_854253	repeat	129
chr5_MU273354v1_fix	18018	18147	FLAM_C_SINE_18018_18147	repeat	129
chr5_MU273354v1_fix	1955469	1955598	AluJo_SINE_1955469_1955598	repeat	129
chr5_MU273354v1_fix	1707893	1708021	MER3_DNA_1707893_1708021	repeat	128
chr5_MU273354v1_fix	233511	233639	FLAM_C_SINE_233511_233639	repeat	128
chr5_MU273354v1_fix	1024309	1024437	MER3_DNA_1024309_1024437	repeat	128
chr5_MU273354v1_fix	1297553	1297681	AluJo_SINE_1297553_1297681	repeat	128
chr5_MU273354v1_fix	306559	306687	MER3_DNA_306559_306687	repeat	128
chr5_MU273354v1_fix	983365	983493	FLAM_C_SINE_983365_983493	repeat	128
chr5_MU273354v1_fix	1282913	1283041	MER3_DNA_1282913_1283041	repeat	128
chr5_MU273354v1_fix	1262461	1262589	MER3_DNA_1262461_1262589	repeat	128
chr5_MU273354v1_fix	1421019	1421147	FLAM_C_SINE_1421019_1421147	repeat	128
chr5_MU273354v1_fix	835939	836067	MIR_SINE_835939_836067	repeat	128
chr5_MU273354v1_fix	1542387	1542515	MIR_SINE_1542387_1542515	repeat	128
chr5_MU273354v1_fix	251769	251897	AluJr_SINE_251769_251897	repeat	128
chr5_MU273354v1_fix	209585	209713	MLT1K_LTR_209585_209713	repeat	128
chr5_MU273354v1_fix	1303395	1303523	FLAM_C_SINE_1303395_1303523	repeat	128
chr5_MU273354v1_fix	1277119	1277247	AluJo_SINE_1277119_1277247	repeat	128
chr5_MU273354v1_fix	1294406	1294534	AluSx_SINE_1294406_1294534	repeat	128
chr5_MU273354v1_fix	327036	327164	MER3_DNA_327036_327164	repeat	128
chr5_MU273354v1_fix	1273971	1274099	AluSx_SINE_1273971_1274099	repeat	128
chr5_MU273354v1_fix	989208	989336	AluJo_SINE_989208_989336	repeat	128
chr5_MU273354v1_fix	312356	312484	AluJo_SINE_312356_312484	repeat	128
chr5_MU273354v1_fix	1689848	1689976	FLAM_C_SINE_1689848_1689976	repeat	128
chr5_MU273354v1_fix	1713689	1713817	AluJo_SINE_1713689_1713817	repeat	128
chr5_MU273354v1_fix	1003854	1003982	MER3_DNA_1003854_1003982	repeat	128
chr5_MU273354v1_fix	1439275	1439403	AluJr_SINE_1439275_1439403	repeat	128
chr5_MU273354v1_fix	1009649	1009777	AluJo_SINE_1009649_1009777	repeat	128
chr5_MU273354v1_fix	1695653	1695781	AluJo_SINE_1695653_1695781	repeat	128
chr5_MU273354v1_fix	2077549	2077676	L1M3_LINE_2077549_2077676	repeat	127
chr5_MU273354v1_fix	99067	99194	AluJr4_SINE_99067_99194	repeat	127
chr5_MU273354v1_fix	154188	154315	L1ME3B_LINE_154188_154315	repeat	127
chr5_MU273354v1_fix	1993636	1993763	FLAM_C_SINE_1993636_1993763	repeat	127
chr5_MU273354v1_fix	1408519	1408645	L2_LINE_1408519_1408645	repeat	126
chr5_MU273354v1_fix	192140	192266	L1ME3F_LINE_192140_192266	repeat	126
chr5_MU273354v1_fix	71954	72080	AluSx_SINE_71954_72080	repeat	126
chr5_MU273354v1_fix	1457755	1457881	HUERS-P3-int_LTR_1457755_1457896	repeat	126
chr5_MU273354v1_fix	1623892	1624018	AluJr_SINE_1623892_1624018	repeat	126
chr5_MU273354v1_fix	270237	270363	HUERS-P3-int_LTR_270237_270378	repeat	126
chr5_MU273354v1_fix	917401	917527	AluJr_SINE_917401_917527	repeat	126
chr5_MU273354v1_fix	106798	106923	MIR_SINE_106798_106923	repeat	125
chr5_MU273354v1_fix	339811	339936	L1PA13_LINE_339811_339936	repeat	125
chr5_MU273354v1_fix	737147	737272	L1MDa_LINE_737147_737272	repeat	125
chr5_MU273354v1_fix	1651772	1651897	L1MDa_LINE_1651772_1651897	repeat	125
chr5_MU273354v1_fix	2080704	2080829	FLAM_C_SINE_2080704_2080829	repeat	125
chr5_MU273354v1_fix	166570	166695	L3_LINE_166570_166695	repeat	125
chr5_MU273354v1_fix	1874960	1875085	(TA)n_Simple_repeat_1874960_1875085	repeat	125
chr5_MU273354v1_fix	435813	435938	HERVK3-int_LTR_435813_435938	repeat	125
chr5_MU273354v1_fix	1250955	1251080	L1PA13_LINE_1250955_1251080	repeat	125
chr5_MU273354v1_fix	1040194	1040319	(TA)n_Simple_repeat_1040194_1040319	repeat	125
chr5_MU273354v1_fix	853158	853283	AluJo_SINE_853158_853283	repeat	125
chr5_MU273354v1_fix	1341490	1341615	L1MDa_LINE_1341490_1341615	repeat	125
chr5_MU273354v1_fix	945266	945391	L1MDa_LINE_945266_945391	repeat	125
chr5_MU273354v1_fix	1155543	1155668	HERVK3-int_LTR_1155543_1155668	repeat	125
chr5_MU273354v1_fix	165111	165236	MER2_DNA_165111_165236	repeat	125
chr5_MU273354v1_fix	1035810	1035935	L1PA13_LINE_1035810_1035935	repeat	125
chr5_MU273354v1_fix	1737420	1737545	L1PA13_LINE_1737420_1737545	repeat	125
chr5_MU273354v1_fix	196767	196892	FLAM_C_SINE_196767_196892	repeat	125
chr5_MU273354v1_fix	1810750	1810875	MER65A_LTR_1810750_1810875	repeat	125
chr5_MU273354v1_fix	2099898	2100022	FLAM_A_SINE_2099898_2100022	repeat	124
chr5_MU273354v1_fix	129194	129318	FLAM_C_SINE_129194_129318	repeat	124
chr5_MU273354v1_fix	1871029	1871153	(TA)n_Simple_repeat_1871029_1871153	repeat	124
chr5_MU273354v1_fix	90394	90518	FLAM_C_SINE_90394_90518	repeat	124
chr5_MU273354v1_fix	2081083	2081207	FLAM_C_SINE_2081083_2081207	repeat	124
chr5_MU273354v1_fix	1693718	1693841	AluJr_SINE_1693718_1693841	repeat	123
chr5_MU273354v1_fix	244405	244528	Tigger1_DNA_244405_244539	repeat	123
chr5_MU273354v1_fix	1007689	1007812	AluJr_SINE_1007689_1007812	repeat	123
chr5_MU273354v1_fix	1711740	1711863	AluJr_SINE_1711740_1711863	repeat	123
chr5_MU273354v1_fix	310397	310520	AluJr_SINE_310397_310520	repeat	123
chr5_MU273354v1_fix	1596978	1597101	FLAM_C_SINE_1596978_1597101	repeat	123
chr5_MU273354v1_fix	1299518	1299641	AluJr_SINE_1299518_1299641	repeat	123
chr5_MU273354v1_fix	1431918	1432041	Tigger1_DNA_1431918_1432052	repeat	123
chr5_MU273354v1_fix	987248	987371	AluJr_SINE_987248_987371	repeat	123
chr5_MU273354v1_fix	2065568	2065691	MER5A_DNA_2065568_2065691	repeat	123
chr5_MU273354v1_fix	199736	199859	(TA)n_Simple_repeat_199736_199859	repeat	123
chr5_MU273354v1_fix	1279084	1279207	AluJr_SINE_1279084_1279207	repeat	123
chr5_MU273354v1_fix	1427237	1427359	(TA)n_Simple_repeat_1427237_1427359	repeat	122
chr5_MU273354v1_fix	1066045	1066167	MLT1D_LTR_1066045_1066167	repeat	122
chr5_MU273354v1_fix	16013	16135	L1MB7_LINE_16013_16135	repeat	122
chr5_MU273354v1_fix	2033155	2033277	L2_LINE_2033155_2033277	repeat	122
chr5_MU273354v1_fix	1220707	1220829	MLT1D_LTR_1220707_1220829	repeat	122
chr5_MU273354v1_fix	370055	370177	MLT1D_LTR_370055_370177	repeat	122
chr5_MU273354v1_fix	959320	959442	MLT1A0_LTR_959306_959442	repeat	122
chr5_MU273354v1_fix	191648	191770	L1ME3F_LINE_191648_191770	repeat	122
chr5_MU273354v1_fix	1766893	1767015	MLT1D_LTR_1766893_1767015	repeat	122
chr5_MU273354v1_fix	161857	161978	MER5A1_DNA_161857_161978	repeat	121
chr5_MU273354v1_fix	204371	204492	FRAM_SINE_204371_204492	repeat	121
chr5_MU273354v1_fix	2018986	2019107	L2c_LINE_2018986_2019107	repeat	121
chr5_MU273354v1_fix	1899626	1899747	MIRb_SINE_1899626_1899747	repeat	121
chr5_MU273354v1_fix	57091	57212	FLAM_C_SINE_57091_57212	repeat	121
chr5_MU273354v1_fix	1653013	1653134	MER45A_DNA_1653013_1653134	repeat	121
chr5_MU273354v1_fix	735911	736032	MER45A_DNA_735911_736032	repeat	121
chr5_MU273354v1_fix	239737	239857	(TA)n_Simple_repeat_239737_239857	repeat	120
chr5_MU273354v1_fix	2037125	2037245	AluJr4_SINE_2037125_2037245	repeat	120
chr5_MU273354v1_fix	265718	265838	MER5A_DNA_265718_265838	repeat	120
chr5_MU273354v1_fix	1316021	1316141	L2c_LINE_1316021_1316141	repeat	120
chr5_MU273354v1_fix	1582408	1582528	(TA)n_Simple_repeat_1582408_1582528	repeat	120
chr5_MU273354v1_fix	57279	57399	MIR_SINE_57279_57399	repeat	120
chr5_MU273354v1_fix	1304938	1305058	AluSx_SINE_1304938_1305058	repeat	120
chr5_MU273354v1_fix	1972304	1972424	FLAM_C_SINE_1972304_1972424	repeat	120
chr5_MU273354v1_fix	1677244	1677364	L2c_LINE_1677244_1677364	repeat	120
chr5_MU273354v1_fix	875943	876063	(TA)n_Simple_repeat_875943_876063	repeat	120
chr5_MU273354v1_fix	1453258	1453378	MER5A_DNA_1453258_1453378	repeat	120
chr5_MU273354v1_fix	923818	923937	L2a_LINE_923818_923937	repeat	119
chr5_MU273354v1_fix	1251270	1251389	MER20_DNA_1251270_1251389	repeat	119
chr5_MU273354v1_fix	1035501	1035620	MER20_DNA_1035501_1035620	repeat	119
chr5_MU273354v1_fix	1882014	1882133	AluJo_SINE_1882014_1882133	repeat	119
chr5_MU273354v1_fix	23661	23780	L3_LINE_23661_23780	repeat	119
chr5_MU273354v1_fix	758615	758734	L2a_LINE_758615_758734	repeat	119
chr5_MU273354v1_fix	1757165	1757284	MLT1A_LTR_1757165_1757284	repeat	119
chr5_MU273354v1_fix	1401384	1401503	AluSx_SINE_1401384_1401503	repeat	119
chr5_MU273354v1_fix	1340253	1340372	MER45A_DNA_1340253_1340372	repeat	119
chr5_MU273354v1_fix	1230436	1230555	MLT1A_LTR_1230436_1230555	repeat	119
chr5_MU273354v1_fix	1737111	1737230	MER20_DNA_1737111_1737230	repeat	119
chr5_MU273354v1_fix	1362952	1363071	L2a_LINE_1362952_1363071	repeat	119
chr5_MU273354v1_fix	946509	946628	MER45A_DNA_946509_946628	repeat	119
chr5_MU273354v1_fix	1630311	1630430	L2a_LINE_1630311_1630430	repeat	119
chr5_MU273354v1_fix	2017702	2017821	FLAM_C_SINE_2017702_2017821	repeat	119
chr5_MU273354v1_fix	1056319	1056438	MLT1A_LTR_1056319_1056438	repeat	119
chr5_MU273354v1_fix	986057	986175	FLAM_C_SINE_986057_986175	repeat	118
chr5_MU273354v1_fix	1560590	1560708	L1ME3G_LINE_1560590_1560708	repeat	118
chr5_MU273354v1_fix	1432641	1432759	L2a_LINE_1432641_1432759	repeat	118
chr5_MU273354v1_fix	929524	929642	L1ME2_LINE_929524_929642	repeat	118
chr5_MU273354v1_fix	1006497	1006615	FLAM_C_SINE_1006497_1006615	repeat	118
chr5_MU273354v1_fix	1636015	1636133	L1ME2_LINE_1636015_1636133	repeat	118
chr5_MU273354v1_fix	1357249	1357367	L1ME2_LINE_1357249_1357367	repeat	118
chr5_MU273354v1_fix	245128	245246	L2a_LINE_245128_245246	repeat	118
chr5_MU273354v1_fix	752911	753029	L1ME2_LINE_752911_753029	repeat	118
chr5_MU273354v1_fix	1692534	1692652	FLAM_C_SINE_1692534_1692652	repeat	118
chr5_MU273354v1_fix	1442640	1442757	FLAM_C_SINE_1442640_1442757	repeat	117
chr5_MU273354v1_fix	1647710	1647827	Tigger3b_DNA_1647710_1647827	repeat	117
chr5_MU273354v1_fix	255094	255211	FLAM_C_SINE_255094_255211	repeat	117
chr5_MU273354v1_fix	246136	246253	FLAM_C_SINE_246136_246253	repeat	117
chr5_MU273354v1_fix	941207	941324	Tigger3b_DNA_941207_941324	repeat	117
chr5_MU273354v1_fix	14464	14581	L1ME4b_LINE_14464_14581	repeat	117
chr5_MU273354v1_fix	1433649	1433766	FLAM_C_SINE_1433649_1433766	repeat	117
chr5_MU273354v1_fix	1475546	1475663	AluJr_SINE_1475546_1475663	repeat	117
chr5_MU273354v1_fix	146968	147085	L2c_LINE_146968_147085	repeat	117
chr5_MU273354v1_fix	741226	741343	Tigger3b_DNA_741226_741343	repeat	117
chr5_MU273354v1_fix	1345567	1345684	Tigger3b_DNA_1345567_1345684	repeat	117
chr5_MU273354v1_fix	142421	142538	L2c_LINE_142421_142538	repeat	117
chr5_MU273354v1_fix	1700483	1700599	MLT1G3_LTR_1700483_1700599	repeat	116
chr5_MU273354v1_fix	157744	157860	Eulor5A_DNA_157744_157860	repeat	116
chr5_MU273354v1_fix	1687543	1687659	MER3_DNA_1687543_1687659	repeat	116
chr5_MU273354v1_fix	1292746	1292862	MLT1G3_LTR_1292746_1292862	repeat	116
chr5_MU273354v1_fix	1305715	1305831	MER3_DNA_1305715_1305831	repeat	116
chr5_MU273354v1_fix	981058	981174	MER3_DNA_981058_981174	repeat	116
chr5_MU273354v1_fix	1718514	1718630	MLT1G3_LTR_1718514_1718630	repeat	116
chr5_MU273354v1_fix	2014242	2014358	FLAM_C_SINE_2014242_2014358	repeat	116
chr5_MU273354v1_fix	1926510	1926626	MER5A1_DNA_1926510_1926626	repeat	116
chr5_MU273354v1_fix	317181	317297	MLT1G3_LTR_317181_317297	repeat	116
chr5_MU273354v1_fix	34709	34825	FLAM_C_SINE_34709_34825	repeat	116
chr5_MU273354v1_fix	173990	174105	L1ME3B_LINE_173990_174105	repeat	115
chr5_MU273354v1_fix	781287	781402	L1ME3D_LINE_781287_781402	repeat	115
chr5_MU273354v1_fix	1487740	1487855	L1ME3D_LINE_1487740_1487855	repeat	115
chr5_MU273354v1_fix	1472283	1472398	L1MC5a_LINE_1472283_1472398	repeat	115
chr5_MU273354v1_fix	161272	161387	MIRb_SINE_161272_161387	repeat	115
chr5_MU273354v1_fix	93716	93831	MIRb_SINE_93716_93831	repeat	115
chr5_MU273354v1_fix	1272313	1272427	MLT1G3_LTR_1272313_1272427	repeat	114
chr5_MU273354v1_fix	328777	328891	MLT1A0_LTR_328777_328891	repeat	114
chr5_MU273354v1_fix	1014471	1014585	MLT1G3_LTR_1014471_1014585	repeat	114
chr5_MU273354v1_fix	994015	994129	MLT1G3_LTR_994015_994129	repeat	114
chr5_MU273354v1_fix	113260	113374	MIRb_SINE_113260_113374	repeat	114
chr5_MU273354v1_fix	1451333	1451447	MER102a_DNA_1451333_1451447	repeat	114
chr5_MU273354v1_fix	163829	163943	L3_LINE_163829_163943	repeat	114
chr5_MU273354v1_fix	138847	138961	FLAM_C_SINE_138847_138961	repeat	114
chr5_MU273354v1_fix	282321	282434	AluJr_SINE_282317_282434|SVA_F_Retroposon_282321_282509	repeat	113
chr5_MU273354v1_fix	1861275	1861388	MamGypLTR1b_LTR_1861275_1861388	repeat	113
chr5_MU273354v1_fix	1968714	1968827	L1MEf_LINE_1968714_1968827	repeat	113
chr5_MU273354v1_fix	126406	126518	L1M4_LINE_126406_126518	repeat	112
chr5_MU273354v1_fix	1871442	1871554	MER91A_DNA_1871442_1871554	repeat	112
chr5_MU273354v1_fix	263807	263919	MER102a_DNA_263807_263919	repeat	112
chr5_MU273354v1_fix	282009	282121	MIRb_SINE_282009_282121	repeat	112
chr5_MU273354v1_fix	1475238	1475350	MIRb_SINE_1475238_1475350	repeat	112
chr5_MU273354v1_fix	2090759	2090871	L2d2_LINE_2090759_2090871	repeat	112
chr5_MU273354v1_fix	2086536	2086648	FLAM_C_SINE_2086536_2086648	repeat	112
chr5_MU273354v1_fix	419641	419752	L2_LINE_419641_419752	repeat	111
chr5_MU273354v1_fix	1662880	1662991	Tigger7_DNA_1662880_1662991	repeat	111
chr5_MU273354v1_fix	956365	956476	Tigger7_DNA_956365_956476	repeat	111
chr5_MU273354v1_fix	1831211	1831322	MLT1A_LTR_1831211_1831322	repeat	111
chr5_MU273354v1_fix	1815934	1816045	L2_LINE_1815934_1816045	repeat	111
chr5_MU273354v1_fix	726080	726191	MER44D_DNA_726080_726191	repeat	111
chr5_MU273354v1_fix	62838	62949	L1MC5a_LINE_62838_62949	repeat	111
chr5_MU273354v1_fix	132009	132120	Tigger13a_DNA_132009_132120	repeat	111
chr5_MU273354v1_fix	1330392	1330503	MER44D_DNA_1330392_1330503	repeat	111
chr5_MU273354v1_fix	1130893	1131004	MLT1A_LTR_1130893_1131004	repeat	111
chr5_MU273354v1_fix	434834	434945	MLT1A_LTR_434834_434945	repeat	111
chr5_MU273354v1_fix	1171653	1171763	MER5B_DNA_1171653_1171763	repeat	110
chr5_MU273354v1_fix	1001923	1002033	L2a_LINE_1001923_1002033	repeat	110
chr5_MU273354v1_fix	325094	325204	L2a_LINE_325094_325204	repeat	110
chr5_MU273354v1_fix	1284863	1284973	L2a_LINE_1284863_1284973	repeat	110
chr5_MU273354v1_fix	1115146	1115256	MER5B_DNA_1115146_1115256	repeat	110
chr5_MU273354v1_fix	854829	854939	L1ME3G_LINE_854829_854939	repeat	110
chr5_MU273354v1_fix	189582	189692	AluJo_SINE_189582_189692	repeat	110
chr5_MU273354v1_fix	1561285	1561395	L1ME3G_LINE_1561285_1561395	repeat	110
chr5_MU273354v1_fix	1824800	1824910	L1ME1_LINE_1824800_1824910	repeat	110
chr5_MU273354v1_fix	428421	428531	L1ME1_LINE_428421_428531	repeat	110
chr5_MU273354v1_fix	1022379	1022489	L2a_LINE_1022379_1022489	repeat	110
chr5_MU273354v1_fix	1815772	1815882	MER5B_DNA_1815772_1815882	repeat	110
chr5_MU273354v1_fix	1264409	1264519	L2a_LINE_1264409_1264519	repeat	110
chr5_MU273354v1_fix	1162628	1162738	L1ME1_LINE_1162628_1162738	repeat	110
chr5_MU273354v1_fix	1124482	1124592	L1ME1_LINE_1124482_1124592	repeat	110
chr5_MU273354v1_fix	419479	419589	MER5B_DNA_419479_419589	repeat	110
chr5_MU273354v1_fix	721955	722064	L2c_LINE_721955_722064	repeat	109
chr5_MU273354v1_fix	1683950	1684059	MLT1I_LTR_1683950_1684059	repeat	109
chr5_MU273354v1_fix	705023	705132	MLT1I_LTR_705023_705132	repeat	109
chr5_MU273354v1_fix	977455	977564	MLT1I_LTR_977455_977564	repeat	109
chr5_MU273354v1_fix	66013	66122	MER102b_DNA_66013_66122	repeat	109
chr5_MU273354v1_fix	960512	960621	L2c_LINE_960512_960621	repeat	109
chr5_MU273354v1_fix	1309318	1309427	MLT1I_LTR_1309318_1309427	repeat	109
chr5_MU273354v1_fix	205869	205977	U13_snRNA_205869_205977	repeat	108
chr5_MU273354v1_fix	768642	768750	(TA)n_Simple_repeat_768642_768750	repeat	108
chr5_MU273354v1_fix	1470315	1470423	MIRc_SINE_1470315_1470423	repeat	108
chr5_MU273354v1_fix	141327	141435	(AT)n_Simple_repeat_141327_141435	repeat	108
chr5_MU273354v1_fix	844620	844727	MER57B2_LTR_844620_844727	repeat	107
chr5_MU273354v1_fix	893545	893652	MIR1_Amn_SINE_893545_893652	repeat	107
chr5_MU273354v1_fix	289357	289464	L2a_LINE_289357_289464	repeat	107
chr5_MU273354v1_fix	286056	286163	AluSx_SINE_286056_286163	repeat	107
chr5_MU273354v1_fix	219875	219982	L1ME4b_LINE_219875_219982	repeat	107
chr5_MU273354v1_fix	2042465	2042572	L1ME4b_LINE_2042465_2042572	repeat	107
chr5_MU273354v1_fix	1380381	1380488	L2a_LINE_1380381_1380488	repeat	107
chr5_MU273354v1_fix	1377108	1377215	AluSx_SINE_1377108_1377215	repeat	107
chr5_MU273354v1_fix	776070	776177	L2a_LINE_776070_776177	repeat	107
chr5_MU273354v1_fix	1600019	1600126	MIR1_Amn_SINE_1600019_1600126	repeat	107
chr5_MU273354v1_fix	2088352	2088459	MIRb_SINE_2088352_2088459	repeat	107
chr5_MU273354v1_fix	1301046	1301153	MER5B_DNA_1301038_1301153	repeat	107
chr5_MU273354v1_fix	1479275	1479382	AluSx_SINE_1479275_1479382	repeat	107
chr5_MU273354v1_fix	2053713	2053820	MER58B_DNA_2053713_2053820	repeat	107
chr5_MU273354v1_fix	772773	772880	AluSx_SINE_772773_772880	repeat	107
chr5_MU273354v1_fix	1551069	1551176	MER57B2_LTR_1551069_1551176	repeat	107
chr5_MU273354v1_fix	1482555	1482662	L2a_LINE_1482555_1482662	repeat	107
chr5_MU273354v1_fix	1694381	1694487	L2c_LINE_1694381_1694487	repeat	106
chr5_MU273354v1_fix	1960715	1960821	L1MEf_LINE_1960715_1960821	repeat	106
chr5_MU273354v1_fix	1030377	1030483	(ATATTT)n_Simple_repeat_1030377_1030483	repeat	106
chr5_MU273354v1_fix	1298867	1298973	L2c_LINE_1298867_1298973	repeat	106
chr5_MU273354v1_fix	1712407	1712513	L2c_LINE_1712407_1712513	repeat	106
chr5_MU273354v1_fix	1705960	1706066	L2a_LINE_1705960_1706066	repeat	106
chr5_MU273354v1_fix	1723985	1724091	L2a_LINE_1723985_1724091	repeat	106
chr5_MU273354v1_fix	304625	304731	L2a_LINE_304625_304731	repeat	106
chr5_MU273354v1_fix	311064	311170	L2c_LINE_311064_311170	repeat	106
chr5_MU273354v1_fix	1731987	1732093	(ATATTT)n_Simple_repeat_1731987_1732093	repeat	106
chr5_MU273354v1_fix	263579	263685	L2a_LINE_263579_263685	repeat	106
chr5_MU273354v1_fix	217206	217312	L1ME4b_LINE_217206_217312	repeat	106
chr5_MU273354v1_fix	53539	53645	L1MB2_LINE_53539_53645	repeat	106
chr5_MU273354v1_fix	198011	198117	L2c_LINE_198011_198117	repeat	106
chr5_MU273354v1_fix	1278433	1278539	L2c_LINE_1278433_1278539	repeat	106
chr5_MU273354v1_fix	3096	3202	L2a_LINE_3096_3202	repeat	106
chr5_MU273354v1_fix	197318	197423	U6_snRNA_197318_197423	repeat	105
chr5_MU273354v1_fix	949212	949317	X34_DNA_DNA_949212_949317	repeat	105
chr5_MU273354v1_fix	1337555	1337660	X34_DNA_DNA_1337555_1337660	repeat	105
chr5_MU273354v1_fix	1256407	1256512	A-rich_Low_complexity_1256407_1256512	repeat	105
chr5_MU273354v1_fix	298378	298482	AluSx_SINE_298378_298482	repeat	104
chr5_MU273354v1_fix	1829034	1829138	AmnL2-1_LINE_1829034_1829138	repeat	104
chr5_MU273354v1_fix	2081209	2081313	MamTip2b_DNA_2081209_2081313	repeat	104
chr5_MU273354v1_fix	1096047	1096151	(TTTCT)n_Simple_repeat_1096047_1096151	repeat	104
chr5_MU273354v1_fix	400067	400171	(TTTCT)n_Simple_repeat_400067_400171	repeat	104
chr5_MU273354v1_fix	1702963	1703067	AluSx_SINE_1702963_1703067	repeat	104
chr5_MU273354v1_fix	787959	788063	L2a_LINE_787959_788063	repeat	104
chr5_MU273354v1_fix	189111	189215	L1MB8_LINE_189111_189215	repeat	104
chr5_MU273354v1_fix	333341	333445	MIRb_SINE_333341_333445	repeat	104
chr5_MU273354v1_fix	462637	462741	AmnL2-1_LINE_462637_462741	repeat	104
chr5_MU273354v1_fix	319663	319767	AluSx_SINE_319663_319767	repeat	104
chr5_MU273354v1_fix	1392231	1392335	L2a_LINE_1392231_1392335	repeat	104
chr5_MU273354v1_fix	1494409	1494513	L2a_LINE_1494409_1494513	repeat	104
chr5_MU273354v1_fix	1720989	1721093	AluSx_SINE_1720989_1721093	repeat	104
chr5_MU273354v1_fix	1732227	1732331	MIRb_SINE_1732227_1732331	repeat	104
chr5_MU273354v1_fix	119597	119701	AluJb_SINE_119597_119701	repeat	104
chr5_MU273354v1_fix	1256169	1256273	MIRb_SINE_1256169_1256273	repeat	104
chr5_MU273354v1_fix	203705	203809	AluJb_SINE_203705_203809	repeat	104
chr5_MU273354v1_fix	187330	187434	FRAM_SINE_187330_187434	repeat	104
chr5_MU273354v1_fix	1030617	1030721	MIRb_SINE_1030617_1030721	repeat	104
chr5_MU273354v1_fix	23524	23628	LTR86A2_LTR_23524_23628	repeat	104
chr5_MU273354v1_fix	1158720	1158824	AmnL2-1_LINE_1158720_1158824	repeat	104
chr5_MU273354v1_fix	1128716	1128820	AmnL2-1_LINE_1128716_1128820	repeat	104
chr5_MU273354v1_fix	1190727	1190831	A-rich_Low_complexity_1190727_1190831	repeat	104
chr5_MU273354v1_fix	1290280	1290384	AluSx_SINE_1290280_1290384	repeat	104
chr5_MU273354v1_fix	1796913	1797017	(TTTCT)n_Simple_repeat_1796913_1797017	repeat	104
chr5_MU273354v1_fix	1943802	1943906	MIRb_SINE_1943802_1943906	repeat	104
chr5_MU273354v1_fix	169034	169138	L2a_LINE_169034_169138	repeat	104
chr5_MU273354v1_fix	432656	432760	AmnL2-1_LINE_432656_432760	repeat	104
chr5_MU273354v1_fix	176420	176524	MER5B_DNA_176420_176524	repeat	104
chr5_MU273354v1_fix	66317	66421	L2c_LINE_66317_66421	repeat	104
chr5_MU273354v1_fix	294578	294681	L1ME3D_LINE_294578_294681	repeat	103
chr5_MU273354v1_fix	2055619	2055722	FRAM_SINE_2055619_2055722	repeat	103
chr5_MU273354v1_fix	1385581	1385684	L1ME3D_LINE_1385581_1385684	repeat	103
chr5_MU273354v1_fix	1559615	1559718	AluJo_SINE_1559615_1559718	repeat	103
chr5_MU273354v1_fix	253523	253625	FLAM_C_SINE_253523_253625	repeat	102
chr5_MU273354v1_fix	1441029	1441131	FLAM_C_SINE_1441029_1441131	repeat	102
chr5_MU273354v1_fix	1016951	1017053	AluSx_SINE_1016951_1017053	repeat	102
chr5_MU273354v1_fix	188959	189061	L1ME5_LINE_188959_189061	repeat	102
chr5_MU273354v1_fix	996495	996597	AluSx_SINE_996495_996597	repeat	102
chr5_MU273354v1_fix	277037	277139	FLAM_C_SINE_277037_277139	repeat	102
chr5_MU273354v1_fix	127135	127237	Charlie20a_DNA_127135_127237	repeat	102
chr5_MU273354v1_fix	1464557	1464659	FLAM_C_SINE_1464557_1464659	repeat	102
chr5_MU273354v1_fix	1269845	1269947	AluSx_SINE_1269845_1269947	repeat	102
chr5_MU273354v1_fix	803831	803932	AmnL2-1_LINE_803831_803932	repeat	101
chr5_MU273354v1_fix	1510279	1510380	AmnL2-1_LINE_1510279_1510380	repeat	101
chr5_MU273354v1_fix	1810317	1810418	LTR23-int_LTR_1810317_1810418	repeat	101
chr5_MU273354v1_fix	413684	413785	LTR23-int_LTR_413684_413785	repeat	101
chr5_MU273354v1_fix	1451107	1451208	L2a_LINE_1451107_1451208	repeat	101
chr5_MU273354v1_fix	1177123	1177224	LTR23-int_LTR_1177123_1177224	repeat	101
chr5_MU273354v1_fix	1414724	1414825	MIRc_SINE_1414724_1414825	repeat	101
chr5_MU273354v1_fix	227221	227322	MIRc_SINE_227221_227322	repeat	101
chr5_MU273354v1_fix	292498	292599	HAL1_LINE_292498_292599	repeat	101
chr5_MU273354v1_fix	1485701	1485802	HAL1_LINE_1485701_1485802	repeat	101
chr5_MU273354v1_fix	1383529	1383630	HAL1_LINE_1383529_1383630	repeat	101
chr5_MU273354v1_fix	779219	779320	HAL1_LINE_779219_779320	repeat	101
chr5_MU273354v1_fix	1109673	1109774	LTR23-int_LTR_1109673_1109774	repeat	101
chr5_MU273354v1_fix	189280	189381	L1MC3_LINE_189280_189381	repeat	101
chr5_MU273354v1_fix	242433	242533	Tigger1_DNA_242433_242533	repeat	100
chr5_MU273354v1_fix	2014127	2014227	L1MB3_LINE_2014127_2014227	repeat	100
chr5_MU273354v1_fix	1429945	1430045	Tigger1_DNA_1429945_1430045	repeat	100
chr5_MU273354v1_fix	851951	852051	L1MA9_LINE_851951_852051	repeat	100
chr5_MU273354v1_fix	763480	763580	MIRb_SINE_763480_763580	repeat	100
chr5_MU273354v1_fix	1874335	1874435	L1M2_LINE_1874335_1874435	repeat	100
chr5_MU273354v1_fix	918980	919080	MIRb_SINE_918980_919080	repeat	100
chr5_MU273354v1_fix	190836	190936	L1ME5_LINE_190836_190936	repeat	100
chr5_MU273354v1_fix	1625472	1625572	MIRb_SINE_1625472_1625572	repeat	100
chr5_MU273354v1_fix	2068623	2068722	MER2_DNA_2068623_2068722	repeat	99
chr5_MU273354v1_fix	1818487	1818586	MIRc_SINE_1818487_1818586	repeat	99
chr5_MU273354v1_fix	223978	224077	MIR_SINE_223978_224077	repeat	99
chr5_MU273354v1_fix	1117854	1117953	MIRc_SINE_1117854_1117953	repeat	99
chr5_MU273354v1_fix	1168956	1169055	MIRc_SINE_1168956_1169055	repeat	99
chr5_MU273354v1_fix	422187	422286	MIRc_SINE_422187_422286	repeat	99
chr5_MU273354v1_fix	1411481	1411580	MIR_SINE_1411481_1411580	repeat	99
chr5_MU273354v1_fix	1281197	1281295	AluSx_SINE_1281197_1281295	repeat	98
chr5_MU273354v1_fix	1301630	1301728	AluSx_SINE_1301630_1301728	repeat	98
chr5_MU273354v1_fix	1558408	1558506	L1MA9_LINE_1558408_1558506	repeat	98
chr5_MU273354v1_fix	1709639	1709737	AluSx_SINE_1709639_1709737	repeat	98
chr5_MU273354v1_fix	1790662	1790760	(AATTAA)n_Simple_repeat_1790662_1790760	repeat	98
chr5_MU273354v1_fix	308306	308404	AluSx_SINE_308306_308404	repeat	98
chr5_MU273354v1_fix	1089797	1089895	(AATTAA)n_Simple_repeat_1089797_1089895	repeat	98
chr5_MU273354v1_fix	1196983	1197081	(ATTTTA)n_Simple_repeat_1196983_1197081	repeat	98
chr5_MU273354v1_fix	253327	253425	MER63B_DNA_253327_253425	repeat	98
chr5_MU273354v1_fix	2029731	2029829	FLAM_C_SINE_2029731_2029829	repeat	98
chr5_MU273354v1_fix	1440833	1440931	MER63B_DNA_1440833_1440931	repeat	98
chr5_MU273354v1_fix	393817	393915	(AATTAA)n_Simple_repeat_393817_393915	repeat	98
chr5_MU273354v1_fix	962402	962499	MIRc_SINE_962402_962499	repeat	97
chr5_MU273354v1_fix	1741262	1741359	Tigger3c_DNA_1741262_1741359	repeat	97
chr5_MU273354v1_fix	1247139	1247236	Tigger3c_DNA_1247139_1247236	repeat	97
chr5_MU273354v1_fix	1879065	1879162	X1_DNA_DNA_1879065_1879162	repeat	97
chr5_MU273354v1_fix	1668917	1669014	MIRc_SINE_1668917_1669014	repeat	97
chr5_MU273354v1_fix	720077	720174	MIRc_SINE_720077_720174	repeat	97
chr5_MU273354v1_fix	1324369	1324466	MIRc_SINE_1324369_1324466	repeat	97
chr5_MU273354v1_fix	4340	4437	MamTip2_DNA_4340_4437	repeat	97
chr5_MU273354v1_fix	1541490	1541587	(CAACT)n_Simple_repeat_1541490_1541587	repeat	97
chr5_MU273354v1_fix	835042	835139	(CAACT)n_Simple_repeat_835042_835139	repeat	97
chr5_MU273354v1_fix	24771	24868	L1ME4c_LINE_24771_24868	repeat	97
chr5_MU273354v1_fix	1039654	1039751	Tigger3c_DNA_1039654_1039751	repeat	97
chr5_MU273354v1_fix	343653	343750	Tigger3c_DNA_343653_343750	repeat	97
chr5_MU273354v1_fix	1791810	1791906	MER5A1_DNA_1791810_1791906	repeat	96
chr5_MU273354v1_fix	394964	395060	MER5A1_DNA_394964_395060	repeat	96
chr5_MU273354v1_fix	1926839	1926935	MER5B_DNA_1926839_1926935	repeat	96
chr5_MU273354v1_fix	117158	117254	L1M3_LINE_117158_117254	repeat	96
chr5_MU273354v1_fix	1090944	1091040	MER5A1_DNA_1090944_1091040	repeat	96
chr5_MU273354v1_fix	1691637	1691733	AluSx_SINE_1691637_1691733	repeat	96
chr5_MU273354v1_fix	1195838	1195934	MER5A1_DNA_1195838_1195934	repeat	96
chr5_MU273354v1_fix	48224	48319	L4_A_Mam_LINE_48224_48319	repeat	95
chr5_MU273354v1_fix	192976	193071	Charlie17b_DNA_192976_193071	repeat	95
chr5_MU273354v1_fix	1511047	1511142	FLAM_C_SINE_1511047_1511142	repeat	95
chr5_MU273354v1_fix	804599	804694	FLAM_C_SINE_804599_804694	repeat	95
chr5_MU273354v1_fix	2066431	2066526	L1ME1_LINE_2066431_2066526	repeat	95
chr5_MU273354v1_fix	1451962	1452056	MER102a_DNA_1451962_1452056	repeat	94
chr5_MU273354v1_fix	1710227	1710321	MER5B_DNA_1710227_1710329	repeat	94
chr5_MU273354v1_fix	264421	264515	MER102a_DNA_264421_264515	repeat	94
chr5_MU273354v1_fix	1692225	1692319	MER5B_DNA_1692225_1692327	repeat	94
chr5_MU273354v1_fix	1398684	1398778	AluJb_SINE_1398684_1398778	repeat	94
chr5_MU273354v1_fix	794414	794508	AluJb_SINE_794414_794508	repeat	94
chr5_MU273354v1_fix	1280613	1280707	MER5B_DNA_1280605_1280707	repeat	94
chr5_MU273354v1_fix	145257	145351	MLT1L_LTR_145257_145351	repeat	94
chr5_MU273354v1_fix	1500863	1500957	AluJb_SINE_1500863_1500957	repeat	94
chr5_MU273354v1_fix	1308479	1308572	A-rich_Low_complexity_1308479_1308572	repeat	93
chr5_MU273354v1_fix	1942372	1942465	L1ME4b_LINE_1942372_1942465	repeat	93
chr5_MU273354v1_fix	1684805	1684898	(CTTTTCC)n_Simple_repeat_1684805_1684898	repeat	93
chr5_MU273354v1_fix	150476	150569	L1MC4_LINE_150476_150569	repeat	93
chr5_MU273354v1_fix	2041596	2041689	L1MC5a_LINE_2041589_2041689	repeat	93
chr5_MU273354v1_fix	288718	288810	Eutr5_LTR_288718_288810	repeat	92
chr5_MU273354v1_fix	775430	775522	Eutr5_LTR_775430_775522	repeat	92
chr5_MU273354v1_fix	802968	803060	L2b_LINE_802968_803060	repeat	92
chr5_MU273354v1_fix	1551329	1551421	AluJb_SINE_1551329_1551421	repeat	92
chr5_MU273354v1_fix	1727671	1727763	MLT1A0_LTR_1727671_1727763	repeat	92
chr5_MU273354v1_fix	1260737	1260829	MLT1A0_LTR_1260737_1260829	repeat	92
chr5_MU273354v1_fix	1509416	1509508	L2b_LINE_1509416_1509508	repeat	92
chr5_MU273354v1_fix	2056253	2056345	MER5B_DNA_2056253_2056345	repeat	92
chr5_MU273354v1_fix	839091	839183	L1MB2_LINE_839091_839183	repeat	92
chr5_MU273354v1_fix	844880	844972	AluJb_SINE_844880_844972	repeat	92
chr5_MU273354v1_fix	165537	165629	MER2_DNA_165537_165629	repeat	92
chr5_MU273354v1_fix	1026061	1026153	MLT1A0_LTR_1026061_1026153	repeat	92
chr5_MU273354v1_fix	1481916	1482008	Eutr5_LTR_1481916_1482008	repeat	92
chr5_MU273354v1_fix	1545539	1545631	L1MB2_LINE_1545539_1545631	repeat	92
chr5_MU273354v1_fix	911885	911976	(AT)n_Simple_repeat_911885_911976	repeat	91
chr5_MU273354v1_fix	2032771	2032862	L1ME1_LINE_2032771_2032862	repeat	91
chr5_MU273354v1_fix	220720	220811	MIRb_SINE_220720_220811	repeat	91
chr5_MU273354v1_fix	1618374	1618465	(AT)n_Simple_repeat_1618374_1618465	repeat	91
chr5_MU273354v1_fix	1425102	1425193	Kanga1c_DNA_1425102_1425193	repeat	91
chr5_MU273354v1_fix	1548522	1548613	L1MC4_LINE_1548522_1548613	repeat	91
chr5_MU273354v1_fix	842073	842164	L1MC4_LINE_842073_842164	repeat	91
chr5_MU273354v1_fix	237602	237693	Kanga1c_DNA_237602_237693	repeat	91
chr5_MU273354v1_fix	427935	428026	(AAAGA)n_Simple_repeat_427935_428026	repeat	91
chr5_MU273354v1_fix	165935	166026	MER2_DNA_165935_166026	repeat	91
chr5_MU273354v1_fix	156890	156980	L2a_LINE_156890_156980	repeat	90
chr5_MU273354v1_fix	1400239	1400329	MIR_SINE_1400239_1400329	repeat	90
chr5_MU273354v1_fix	249839	249929	L1MC5_LINE_249839_249930	repeat	90
chr5_MU273354v1_fix	1437350	1437440	L1MC5_LINE_1437350_1437441	repeat	90
chr5_MU273354v1_fix	1389550	1389639	L1MEc_LINE_1389550_1389639	repeat	89
chr5_MU273354v1_fix	785275	785364	L1MEc_LINE_785275_785364	repeat	89
chr5_MU273354v1_fix	1491727	1491816	L1MEc_LINE_1491727_1491816	repeat	89
chr5_MU273354v1_fix	1166953	1167041	MER5B_DNA_1166953_1167041	repeat	88
chr5_MU273354v1_fix	1820501	1820589	MER5B_DNA_1820501_1820589	repeat	88
chr5_MU273354v1_fix	1957293	1957381	AluSx_SINE_1957293_1957381	repeat	88
chr5_MU273354v1_fix	333119	333206	(ATATTT)n_Simple_repeat_333119_333206	repeat	87
chr5_MU273354v1_fix	1005611	1005698	AluSx_SINE_1005611_1005698	repeat	87
chr5_MU273354v1_fix	2048990	2049077	FLAM_C_SINE_2048990_2049077	repeat	87
chr5_MU273354v1_fix	2068008	2068095	L1MC4a_LINE_2068008_2068095	repeat	87
chr5_MU273354v1_fix	872324	872411	MER5B_DNA_872324_872411	repeat	87
chr5_MU273354v1_fix	985171	985258	AluSx_SINE_985171_985258	repeat	87
chr5_MU273354v1_fix	1999914	2000000	AluJb_SINE_1999914_2000000	repeat	86
chr5_MU273354v1_fix	368518	368604	L2b_LINE_368518_368604	repeat	86
chr5_MU273354v1_fix	1461545	1461631	MIRb_SINE_1461545_1461631	repeat	86
chr5_MU273354v1_fix	1222280	1222366	L2b_LINE_1222280_1222366	repeat	86
chr5_MU273354v1_fix	1432402	1432488	Tigger7_DNA_1432402_1432488	repeat	86
chr5_MU273354v1_fix	1064508	1064594	L2b_LINE_1064508_1064594	repeat	86
chr5_MU273354v1_fix	868048	868134	MIRb_SINE_868048_868134	repeat	86
chr5_MU273354v1_fix	1574514	1574600	MIRb_SINE_1574514_1574600	repeat	86
chr5_MU273354v1_fix	200954	201040	MER5A_DNA_200954_201040	repeat	86
chr5_MU273354v1_fix	1765356	1765442	L2b_LINE_1765356_1765442	repeat	86
chr5_MU273354v1_fix	2078423	2078509	HAL1ME_LINE_2078423_2078509	repeat	86
chr5_MU273354v1_fix	244889	244975	Tigger7_DNA_244889_244975	repeat	86
chr5_MU273354v1_fix	1976144	1976230	Tigger5b_DNA_1976144_1976230	repeat	86
chr5_MU273354v1_fix	121556	121642	L2a_LINE_121556_121642	repeat	86
chr5_MU273354v1_fix	2055317	2055403	ERV3-16A3_I_LTR_2055317_2055433	repeat	86
chr5_MU273354v1_fix	1169436	1169521	(TAT)n_Simple_repeat_1169436_1169521	repeat	85
chr5_MU273354v1_fix	1937868	1937953	MIRb_SINE_1937868_1937953	repeat	85
chr5_MU273354v1_fix	1039764	1039849	Tigger3d_DNA_1039764_1039849	repeat	85
chr5_MU273354v1_fix	1247041	1247126	Tigger3c_DNA_1247041_1247126	repeat	85
chr5_MU273354v1_fix	1868821	1868906	MIR_SINE_1868821_1868906	repeat	85
chr5_MU273354v1_fix	64479	64564	L1MA8_LINE_64479_64564	repeat	85
chr5_MU273354v1_fix	1741372	1741457	Tigger3d_DNA_1741372_1741457	repeat	85
chr5_MU273354v1_fix	2101500	2101585	FLAM_C_SINE_2101500_2101585	repeat	85
chr5_MU273354v1_fix	1818016	1818101	(AAT)n_Simple_repeat_1818016_1818101	repeat	85
chr5_MU273354v1_fix	34910	34995	L1ME4b_LINE_34910_34995	repeat	85
chr5_MU273354v1_fix	795961	796046	MIR_SINE_795961_796046	repeat	85
chr5_MU273354v1_fix	1502410	1502495	MIR_SINE_1502410_1502495	repeat	85
chr5_MU273354v1_fix	756006	756090	OldhAT1_DNA_756006_756090	repeat	84
chr5_MU273354v1_fix	2018328	2018412	AluJb_SINE_2018328_2018412	repeat	84
chr5_MU273354v1_fix	1163138	1163222	(CTTTC)n_Simple_repeat_1163138_1163222	repeat	84
chr5_MU273354v1_fix	1620343	1620427	A-rich_Low_complexity_1620343_1620427	repeat	84
chr5_MU273354v1_fix	1632954	1633038	OldhAT1_DNA_1632954_1633038	repeat	84
chr5_MU273354v1_fix	216294	216378	L1MC3_LINE_216294_216378	repeat	84
chr5_MU273354v1_fix	926461	926545	OldhAT1_DNA_926461_926545	repeat	84
chr5_MU273354v1_fix	872748	872832	L2a_LINE_872748_872832	repeat	84
chr5_MU273354v1_fix	1980141	1980225	5S_rRNA_1980141_1980225	repeat	84
chr5_MU273354v1_fix	1974701	1974785	MIR3_SINE_1974701_1974785	repeat	84
chr5_MU273354v1_fix	343763	343847	Tigger3d_DNA_343763_343847	repeat	84
chr5_MU273354v1_fix	913854	913938	A-rich_Low_complexity_913854_913938	repeat	84
chr5_MU273354v1_fix	1579214	1579298	L2a_LINE_1579214_1579298	repeat	84
chr5_MU273354v1_fix	1401739	1401823	FRAM_SINE_1401739_1401823	repeat	84
chr5_MU273354v1_fix	1753874	1753957	LTR37-int_LTR_1753874_1753957	repeat	83
chr5_MU273354v1_fix	946269	946352	MIR3_SINE_946269_946352	repeat	83
chr5_MU273354v1_fix	97590	97673	MIRb_SINE_97590_97673	repeat	83
chr5_MU273354v1_fix	1340529	1340612	MIR3_SINE_1340529_1340612	repeat	83
chr5_MU273354v1_fix	392539	392622	LTR37B_LTR_392539_392622	repeat	83
chr5_MU273354v1_fix	1088519	1088602	LTR37B_LTR_1088519_1088602	repeat	83
chr5_MU273354v1_fix	1652775	1652858	MIR3_SINE_1652775_1652858	repeat	83
chr5_MU273354v1_fix	357036	357119	LTR37-int_LTR_357036_357119	repeat	83
chr5_MU273354v1_fix	736187	736270	MIR3_SINE_736187_736270	repeat	83
chr5_MU273354v1_fix	1894683	1894765	MIRc_SINE_1894683_1894765	repeat	82
chr5_MU273354v1_fix	1886120	1886202	L2a_LINE_1886120_1886202	repeat	82
chr5_MU273354v1_fix	50457	50539	FRAM_SINE_50457_50539	repeat	82
chr5_MU273354v1_fix	209741	209822	AluJr4_SINE_209741_209822	repeat	81
chr5_MU273354v1_fix	1961049	1961129	L1MEf_LINE_1961049_1961129	repeat	80
chr5_MU273354v1_fix	807079	807158	HAL1ME_LINE_807079_807158	repeat	79
chr5_MU273354v1_fix	1119873	1119952	MER5B_DNA_1119873_1119952	repeat	79
chr5_MU273354v1_fix	1926641	1926720	MER5B_DNA_1926641_1926720	repeat	79
chr5_MU273354v1_fix	424206	424285	MER5B_DNA_424206_424285	repeat	79
chr5_MU273354v1_fix	1513528	1513607	HAL1ME_LINE_1513528_1513607	repeat	79
chr5_MU273354v1_fix	1960334	1960413	L1MEf_LINE_1960334_1960413	repeat	79
chr5_MU273354v1_fix	2098181	2098260	L1ME3Cz_LINE_2098181_2098260	repeat	79
chr5_MU273354v1_fix	1930804	1930882	L1PREC2_LINE_1930804_1930882	repeat	78
chr5_MU273354v1_fix	1452884	1452962	MER5A_DNA_1452884_1452962	repeat	78
chr5_MU273354v1_fix	1461966	1462044	7SLRNA_srpRNA_1461966_1462044	repeat	78
chr5_MU273354v1_fix	265343	265421	MER5A_DNA_265343_265421	repeat	78
chr5_MU273354v1_fix	1392953	1393031	Tigger19a_DNA_1392953_1393031	repeat	78
chr5_MU273354v1_fix	274028	274106	MIRb_SINE_274028_274106	repeat	78
chr5_MU273354v1_fix	274448	274526	7SLRNA_srpRNA_274448_274526	repeat	78
chr5_MU273354v1_fix	985748	985825	MER5A_DNA_985748_985850	repeat	77
chr5_MU273354v1_fix	1006188	1006265	MER5A_DNA_1006188_1006290	repeat	77
chr5_MU273354v1_fix	1117480	1117557	MIRc_SINE_1117480_1117557	repeat	77
chr5_MU273354v1_fix	308894	308971	MER5A_DNA_308894_308996	repeat	77
chr5_MU273354v1_fix	1169353	1169430	MIRc_SINE_1169353_1169430	repeat	77
chr5_MU273354v1_fix	1914047	1914124	LTR104_Mam_LTR_1914047_1914124	repeat	77
chr5_MU273354v1_fix	58452	58529	(AATTTT)n_Simple_repeat_58452_58529	repeat	77
chr5_MU273354v1_fix	1818107	1818184	MIRc_SINE_1818107_1818184	repeat	77
chr5_MU273354v1_fix	421813	421890	MIRc_SINE_421813_421890	repeat	77
chr5_MU273354v1_fix	947735	947811	(AT)n_Simple_repeat_947735_947811	repeat	76
chr5_MU273354v1_fix	1947644	1947720	MIRb_SINE_1947644_1947720	repeat	76
chr5_MU273354v1_fix	4750	4826	MamTip2_DNA_4750_4826	repeat	76
chr5_MU273354v1_fix	1339071	1339147	(ATATGT)n_Simple_repeat_1339071_1339147	repeat	76
chr5_MU273354v1_fix	1461347	1461423	MamRTE1_LINE_1461347_1461423	repeat	76
chr5_MU273354v1_fix	1503	1579	(GA)n_Simple_repeat_1503_1579	repeat	76
chr5_MU273354v1_fix	1654240	1654316	(AT)n_Simple_repeat_1654240_1654316	repeat	76
chr5_MU273354v1_fix	273829	273905	MamRTE1_LINE_273829_273905	repeat	76
chr5_MU273354v1_fix	213614	213690	MamSINE1_SINE_213614_213690	repeat	76
chr5_MU273354v1_fix	734728	734804	(ATATGT)n_Simple_repeat_734728_734804	repeat	76
chr5_MU273354v1_fix	117986	118062	L1M3_LINE_117986_118062	repeat	76
chr5_MU273354v1_fix	1983476	1983552	L1ME4b_LINE_1983476_1983552	repeat	76
chr5_MU273354v1_fix	156083	156158	L2a_LINE_156083_156158	repeat	75
chr5_MU273354v1_fix	2101096	2101171	(ATAT)n_Simple_repeat_2101096_2101172	repeat	75
chr5_MU273354v1_fix	1633546	1633621	L1P4_LINE_1633546_1633621	repeat	75
chr5_MU273354v1_fix	1578715	1578790	L1MA4_LINE_1578715_1578790	repeat	75
chr5_MU273354v1_fix	872249	872324	L1MA4_LINE_872249_872324	repeat	75
chr5_MU273354v1_fix	874235	874310	MIRb_SINE_874235_874310	repeat	75
chr5_MU273354v1_fix	1580700	1580775	MIRb_SINE_1580700_1580775	repeat	75
chr5_MU273354v1_fix	56917	56992	MIRb_SINE_56917_56992	repeat	75
chr5_MU273354v1_fix	1117389	1117464	(AAT)n_Simple_repeat_1117389_1117464	repeat	75
chr5_MU273354v1_fix	755423	755498	L1P4_LINE_755423_755498	repeat	75
chr5_MU273354v1_fix	421722	421797	(AAT)n_Simple_repeat_421722_421797	repeat	75
chr5_MU273354v1_fix	1335145	1335220	(TA)n_Simple_repeat_1335145_1335220	repeat	75
chr5_MU273354v1_fix	282434	282509	SVA_F_Retroposon_282321_282509	repeat	75
chr5_MU273354v1_fix	285511	285586	MLT1K_LTR_285511_285586	repeat	75
chr5_MU273354v1_fix	1478740	1478815	MLT1K_LTR_1478740_1478815	repeat	75
chr5_MU273354v1_fix	927053	927128	L1P4_LINE_927053_927128	repeat	75
chr5_MU273354v1_fix	772232	772307	MLT1K_LTR_772232_772307	repeat	75
chr5_MU273354v1_fix	1359761	1359836	L1P4_LINE_1359761_1359836	repeat	75
chr5_MU273354v1_fix	1376561	1376636	MLT1K_LTR_1376561_1376636	repeat	75
chr5_MU273354v1_fix	1947174	1947248	MIR_SINE_1947174_1947248	repeat	74
chr5_MU273354v1_fix	1915806	1915880	MIRb_SINE_1915806_1915880	repeat	74
chr5_MU273354v1_fix	1947775	1947849	AluSx_SINE_1947775_1947849	repeat	74
chr5_MU273354v1_fix	1475665	1475739	(AGAGGAG)n_Simple_repeat_1475665_1475739	repeat	74
chr5_MU273354v1_fix	778451	778525	L1MB5_LINE_778451_778525	repeat	74
chr5_MU273354v1_fix	1968332	1968406	L1MEf_LINE_1968332_1968406	repeat	74
chr5_MU273354v1_fix	1484936	1485010	L1MB5_LINE_1484936_1485010	repeat	74
chr5_MU273354v1_fix	2076413	2076487	MLT1I_LTR_2076413_2076487	repeat	74
chr5_MU273354v1_fix	144693	144766	MIRb_SINE_144693_144766	repeat	73
chr5_MU273354v1_fix	57970	58043	MIR_SINE_57970_58043	repeat	73
chr5_MU273354v1_fix	1658161	1658234	(AT)n_Simple_repeat_1658161_1658234	repeat	73
chr5_MU273354v1_fix	122057	122130	L1ME4b_LINE_122057_122130	repeat	73
chr5_MU273354v1_fix	291739	291812	L1MB5_LINE_291739_291813	repeat	73
chr5_MU273354v1_fix	2087471	2087544	FLAM_C_SINE_2087471_2087544	repeat	73
chr5_MU273354v1_fix	1382763	1382836	L1MB5_LINE_1382763_1382837	repeat	73
chr5_MU273354v1_fix	714365	714437	L1M5_LINE_714365_714437	repeat	72
chr5_MU273354v1_fix	175530	175602	MER5A_DNA_175530_175602	repeat	72
chr5_MU273354v1_fix	860496	860568	MLT1K_LTR_860496_860568	repeat	72
chr5_MU273354v1_fix	813003	813075	AluJo_SINE_812940_813075|SVA_A_Retroposon_813003_813088	repeat	72
chr5_MU273354v1_fix	1519454	1519526	AluJo_SINE_1519391_1519526|SVA_A_Retroposon_1519454_1519539	repeat	72
chr5_MU273354v1_fix	8136	8208	L1MB7_LINE_8136_8208	repeat	72
chr5_MU273354v1_fix	1518738	1518809	MER112_DNA_1518738_1518809	repeat	71
chr5_MU273354v1_fix	812287	812358	MER112_DNA_812287_812358	repeat	71
chr5_MU273354v1_fix	951652	951723	(AT)n_Simple_repeat_951652_951723	repeat	71
chr5_MU273354v1_fix	1555511	1555582	L2_LINE_1555511_1555582	repeat	71
chr5_MU273354v1_fix	849065	849136	L2_LINE_849065_849136	repeat	71
chr5_MU273354v1_fix	1151847	1151918	(AT)n_Simple_repeat_1151847_1151918	repeat	71
chr5_MU273354v1_fix	1552681	1552752	L2_LINE_1552681_1552752	repeat	71
chr5_MU273354v1_fix	128388	128459	Charlie20a_DNA_128388_128459	repeat	71
chr5_MU273354v1_fix	846232	846303	L2_LINE_846232_846303	repeat	71
chr5_MU273354v1_fix	1789384	1789455	LTR37B_LTR_1789384_1789455	repeat	71
chr5_MU273354v1_fix	1198288	1198359	LTR37B_LTR_1198288_1198359	repeat	71
chr5_MU273354v1_fix	1922379	1922450	(TTCC)n_Simple_repeat_1922379_1922450	repeat	71
chr5_MU273354v1_fix	364834	364904	Tigger5b_DNA_364834_364904	repeat	70
chr5_MU273354v1_fix	1566952	1567022	MLT1K_LTR_1566952_1567022	repeat	70
chr5_MU273354v1_fix	1984163	1984233	L1M4_LINE_1984163_1984233	repeat	70
chr5_MU273354v1_fix	9653	9723	L1MB7_LINE_9653_9723	repeat	70
chr5_MU273354v1_fix	1060826	1060896	Tigger5b_DNA_1060826_1060896	repeat	70
chr5_MU273354v1_fix	1313540	1313610	MIRb_SINE_1313540_1313610	repeat	70
chr5_MU273354v1_fix	1340451	1340521	(ATATCT)n_Simple_repeat_1340451_1340521	repeat	70
chr5_MU273354v1_fix	2090166	2090236	A-rich_Low_complexity_2090166_2090236	repeat	70
chr5_MU273354v1_fix	1225978	1226048	MER47A_DNA_1225978_1226048	repeat	70
chr5_MU273354v1_fix	285599	285669	MLT1K_LTR_285599_285669	repeat	70
chr5_MU273354v1_fix	1478828	1478898	MLT1K_LTR_1478828_1478898	repeat	70
chr5_MU273354v1_fix	772320	772390	MLT1K_LTR_772320_772390	repeat	70
chr5_MU273354v1_fix	1376649	1376719	MLT1K_LTR_1376649_1376719	repeat	70
chr5_MU273354v1_fix	1873838	1873908	MER5A1_DNA_1873838_1873908	repeat	70
chr5_MU273354v1_fix	1679780	1679850	MIRb_SINE_1679780_1679850	repeat	70
chr5_MU273354v1_fix	1761672	1761742	Tigger5b_DNA_1761672_1761742	repeat	70
chr5_MU273354v1_fix	1513747	1513816	LTR41_LTR_1513747_1513816	repeat	69
chr5_MU273354v1_fix	1859384	1859453	(TA)n_Simple_repeat_1859384_1859453	repeat	69
chr5_MU273354v1_fix	1403678	1403747	LTR41_LTR_1403678_1403747	repeat	69
chr5_MU273354v1_fix	2082816	2082885	Charlie17b_DNA_2082816_2082885	repeat	69
chr5_MU273354v1_fix	807298	807367	LTR41_LTR_807298_807367	repeat	69
chr5_MU273354v1_fix	88528	88597	AluSx_SINE_88528_88597	repeat	69
chr5_MU273354v1_fix	2066833	2066902	L1MC4a_LINE_2066833_2066902	repeat	69
chr5_MU273354v1_fix	1903396	1903465	OldhAT1_DNA_1903396_1903465	repeat	69
chr5_MU273354v1_fix	72423	72492	L1MA8_LINE_72423_72492	repeat	69
chr5_MU273354v1_fix	1707805	1707873	MLT1A_LTR_1707805_1707873	repeat	68
chr5_MU273354v1_fix	1283061	1283129	MLT1A_LTR_1283061_1283129	repeat	68
chr5_MU273354v1_fix	306471	306539	MLT1A_LTR_306471_306539	repeat	68
chr5_MU273354v1_fix	778726	778794	L1MB5_LINE_778717_778794	repeat	68
chr5_MU273354v1_fix	1203175	1203243	(AT)n_Simple_repeat_1203175_1203243	repeat	68
chr5_MU273354v1_fix	871159	871227	L1MA4_LINE_871159_871227	repeat	68
chr5_MU273354v1_fix	1672765	1672833	L1M5_LINE_1672765_1672833	repeat	68
chr5_MU273354v1_fix	978314	978382	(TTCCCTC)n_Simple_repeat_978314_978382	repeat	68
chr5_MU273354v1_fix	1577623	1577691	L1MA4_LINE_1577623_1577691	repeat	68
chr5_MU273354v1_fix	122761	122829	AluSx_SINE_122761_122829	repeat	68
chr5_MU273354v1_fix	1383034	1383102	L1MB5_LINE_1383025_1383102	repeat	68
chr5_MU273354v1_fix	280378	280446	L2c_LINE_280378_280446	repeat	68
chr5_MU273354v1_fix	1003766	1003834	MLT1A_LTR_1003766_1003834	repeat	68
chr5_MU273354v1_fix	1262609	1262677	MLT1A_LTR_1262609_1262677	repeat	68
chr5_MU273354v1_fix	204303	204371	Tigger3b_DNA_204303_204371	repeat	68
chr5_MU273354v1_fix	292010	292078	L1MB5_LINE_292001_292078	repeat	68
chr5_MU273354v1_fix	2099827	2099895	MLT1C2_LTR_2099827_2099895	repeat	68
chr5_MU273354v1_fix	1485207	1485275	L1MB5_LINE_1485198_1485275	repeat	68
chr5_MU273354v1_fix	1725823	1725891	MLT1A_LTR_1725823_1725891	repeat	68
chr5_MU273354v1_fix	326948	327016	MLT1A_LTR_326948_327016	repeat	68
chr5_MU273354v1_fix	1320552	1320620	L1M5_LINE_1320552_1320620	repeat	68
chr5_MU273354v1_fix	1024221	1024289	MLT1A_LTR_1024221_1024289	repeat	68
chr5_MU273354v1_fix	1451453	1451520	L1ME4b_LINE_1451453_1451520	repeat	67
chr5_MU273354v1_fix	1558919	1558986	AluSx_SINE_1558919_1558986	repeat	67
chr5_MU273354v1_fix	1158151	1158218	(ATAGAC)n_Simple_repeat_1158151_1158218	repeat	67
chr5_MU273354v1_fix	1159564	1159631	(AT)n_Simple_repeat_1159564_1159631	repeat	67
chr5_MU273354v1_fix	1127909	1127976	(AT)n_Simple_repeat_1127909_1127976	repeat	67
chr5_MU273354v1_fix	11426	11493	L1MB7_LINE_11426_11493	repeat	67
chr5_MU273354v1_fix	1745372	1745439	MADE1_DNA_1745372_1745439	repeat	67
chr5_MU273354v1_fix	151249	151316	L1ME4a_LINE_151249_151316	repeat	67
chr5_MU273354v1_fix	1129322	1129389	(TCTATA)n_Simple_repeat_1129322_1129389	repeat	67
chr5_MU273354v1_fix	433262	433329	(TCTATA)n_Simple_repeat_433262_433329	repeat	67
chr5_MU273354v1_fix	431849	431916	(AT)n_Simple_repeat_431849_431916	repeat	67
chr5_MU273354v1_fix	1118354	1118421	MER5B_DNA_1118354_1118421	repeat	67
chr5_MU273354v1_fix	347765	347832	MADE1_DNA_347765_347832	repeat	67
chr5_MU273354v1_fix	108070	108137	L1MC1_LINE_108070_108137	repeat	67
chr5_MU273354v1_fix	1829640	1829707	(TCTATA)n_Simple_repeat_1829640_1829707	repeat	67
chr5_MU273354v1_fix	2058699	2058766	MER5A_DNA_2058699_2058766	repeat	67
chr5_MU273354v1_fix	463481	463548	(AT)n_Simple_repeat_463481_463548	repeat	67
chr5_MU273354v1_fix	422687	422754	MER5B_DNA_422687_422754	repeat	67
chr5_MU273354v1_fix	174105	174172	MER33_DNA_174105_174172	repeat	67
chr5_MU273354v1_fix	175202	175269	MER33_DNA_175202_175269	repeat	67
chr5_MU273354v1_fix	1828227	1828294	(AT)n_Simple_repeat_1828227_1828294	repeat	67
chr5_MU273354v1_fix	852462	852529	AluSx_SINE_852462_852529	repeat	67
chr5_MU273354v1_fix	730808	730875	(TA)n_Simple_repeat_730808_730875	repeat	67
chr5_MU273354v1_fix	462068	462135	(ATAGAC)n_Simple_repeat_462068_462135	repeat	67
chr5_MU273354v1_fix	263925	263992	L1ME4b_LINE_263925_263992	repeat	67
chr5_MU273354v1_fix	1790174	1790240	A-rich_Low_complexity_1790174_1790240	repeat	66
chr5_MU273354v1_fix	1980226	1980292	L1MB2_LINE_1980226_1980292	repeat	66
chr5_MU273354v1_fix	880781	880847	(AATGTT)n_Simple_repeat_880781_880847	repeat	66
chr5_MU273354v1_fix	1818984	1819050	MER5B_DNA_1818984_1819050	repeat	66
chr5_MU273354v1_fix	413618	413684	MER34C_LTR_413618_413684	repeat	66
chr5_MU273354v1_fix	827363	827429	L1MB8_LINE_827363_827429	repeat	66
chr5_MU273354v1_fix	1810251	1810317	MER34C_LTR_1810251_1810317	repeat	66
chr5_MU273354v1_fix	1168492	1168558	MER5B_DNA_1168492_1168558	repeat	66
chr5_MU273354v1_fix	13934	14000	Alu_SINE_13934_14000	repeat	66
chr5_MU273354v1_fix	23087	23153	LTR86A2_LTR_23087_23153	repeat	66
chr5_MU273354v1_fix	1533808	1533874	L1MB8_LINE_1533808_1533874	repeat	66
chr5_MU273354v1_fix	1177224	1177290	MER34C_LTR_1177224_1177290	repeat	66
chr5_MU273354v1_fix	1587246	1587312	(AATGTT)n_Simple_repeat_1587246_1587312	repeat	66
chr5_MU273354v1_fix	20414	20480	L1MB8_LINE_20414_20480	repeat	66
chr5_MU273354v1_fix	1894871	1894937	L2d2_LINE_1894871_1894937	repeat	66
chr5_MU273354v1_fix	1962004	1962069	AluJb_SINE_1962004_1962069	repeat	65
chr5_MU273354v1_fix	871092	871157	MER5B_DNA_871092_871157	repeat	65
chr5_MU273354v1_fix	1282544	1282609	MER3_DNA_1282544_1282609	repeat	65
chr5_MU273354v1_fix	1024742	1024807	MER3_DNA_1024742_1024807	repeat	65
chr5_MU273354v1_fix	1596193	1596258	MIR1_Amn_SINE_1596193_1596258	repeat	65
chr5_MU273354v1_fix	306992	307057	MER3_DNA_306992_307057	repeat	65
chr5_MU273354v1_fix	1262091	1262156	MER3_DNA_1262091_1262156	repeat	65
chr5_MU273354v1_fix	1708325	1708390	MER3_DNA_1708325_1708390	repeat	65
chr5_MU273354v1_fix	1577556	1577621	MER5B_DNA_1577556_1577621	repeat	65
chr5_MU273354v1_fix	1004286	1004351	MER3_DNA_1004286_1004351	repeat	65
chr5_MU273354v1_fix	1841680	1841745	MER89_LTR_1841680_1841757	repeat	65
chr5_MU273354v1_fix	327468	327533	MER3_DNA_327468_327533	repeat	65
chr5_MU273354v1_fix	1726344	1726409	MER3_DNA_1726344_1726409	repeat	65
chr5_MU273354v1_fix	1556281	1556346	L2_LINE_1556281_1556367	repeat	65
chr5_MU273354v1_fix	1141352	1141417	MER89_LTR_1141352_1141429	repeat	65
chr5_MU273354v1_fix	889719	889784	MIR1_Amn_SINE_889719_889784	repeat	65
chr5_MU273354v1_fix	450042	450107	MER89_LTR_450030_450107	repeat	65
chr5_MU273354v1_fix	1746359	1746423	LTR79_LTR_1746359_1746423	repeat	64
chr5_MU273354v1_fix	62736	62800	(AATT)n_Simple_repeat_62736_62800	repeat	64
chr5_MU273354v1_fix	1044743	1044807	LTR79_LTR_1044743_1044807	repeat	64
chr5_MU273354v1_fix	840479	840543	MIR_SINE_840479_840543	repeat	64
chr5_MU273354v1_fix	348752	348816	LTR79_LTR_348752_348816	repeat	64
chr5_MU273354v1_fix	1546928	1546992	MIR_SINE_1546928_1546992	repeat	64
chr5_MU273354v1_fix	968212	968276	(AT)n_Simple_repeat_968212_968276	repeat	64
chr5_MU273354v1_fix	1576172	1576236	MER41B_LTR_1576172_1576236	repeat	64
chr5_MU273354v1_fix	816017	816081	L1ME4b_LINE_816017_816081	repeat	64
chr5_MU273354v1_fix	1242067	1242131	LTR79_LTR_1242067_1242131	repeat	64
chr5_MU273354v1_fix	2056919	2056983	MER5B_DNA_2056919_2056983	repeat	64
chr5_MU273354v1_fix	1974797	1974861	MER68B_LTR_1974797_1974865	repeat	64
chr5_MU273354v1_fix	869706	869770	MER41B_LTR_869706_869770	repeat	64
chr5_MU273354v1_fix	1578813	1578877	MER5B_DNA_1578813_1578877	repeat	64
chr5_MU273354v1_fix	1522467	1522531	L1ME4b_LINE_1522467_1522531	repeat	64
chr5_MU273354v1_fix	939730	939793	L1MDa_LINE_939730_939793	repeat	63
chr5_MU273354v1_fix	1964650	1964713	HY3_scRNA_1964650_1964713	repeat	63
chr5_MU273354v1_fix	742757	742820	L1MDa_LINE_742757_742820	repeat	63
chr5_MU273354v1_fix	966265	966328	L1M5_LINE_966265_966328	repeat	63
chr5_MU273354v1_fix	1347089	1347152	L1MDa_LINE_1347089_1347152	repeat	63
chr5_MU273354v1_fix	18147	18210	L1MB7_LINE_18147_18211	repeat	63
chr5_MU273354v1_fix	716254	716317	L1M5_LINE_716254_716317	repeat	63
chr5_MU273354v1_fix	1519391	1519454	AluJo_SINE_1519391_1519526	repeat	63
chr5_MU273354v1_fix	812940	813003	AluJo_SINE_812940_813075	repeat	63
chr5_MU273354v1_fix	245590	245653	(ATGT)n_Simple_repeat_245590_245653	repeat	63
chr5_MU273354v1_fix	1433103	1433166	(ATGT)n_Simple_repeat_1433103_1433166	repeat	63
chr5_MU273354v1_fix	166885	166948	X20_LINE_LINE_166885_166948	repeat	63
chr5_MU273354v1_fix	63292	63355	L1MB7_LINE_63292_63355	repeat	63
chr5_MU273354v1_fix	1831322	1831384	(TC)n_Simple_repeat_1831322_1831384	repeat	62
chr5_MU273354v1_fix	1916330	1916392	(TGTA)n_Simple_repeat_1916330_1916392	repeat	62
chr5_MU273354v1_fix	1209039	1209101	(AC)n_Simple_repeat_1209039_1209101	repeat	62
chr5_MU273354v1_fix	434945	435007	(TC)n_Simple_repeat_434945_435007	repeat	62
chr5_MU273354v1_fix	118758	118820	(AAGG)n_Simple_repeat_118758_118820	repeat	62
chr5_MU273354v1_fix	204241	204303	AluSx_SINE_204241_204303	repeat	62
chr5_MU273354v1_fix	1872432	1872494	MamRTE1_LINE_1872432_1872494	repeat	62
chr5_MU273354v1_fix	132870	132932	FRAM_SINE_132870_132932	repeat	62
chr5_MU273354v1_fix	805004	805066	FLAM_C_SINE_805004_805066	repeat	62
chr5_MU273354v1_fix	1511453	1511515	FLAM_C_SINE_1511453_1511515	repeat	62
chr5_MU273354v1_fix	183338	183399	MamTip2_DNA_183338_183399	repeat	61
chr5_MU273354v1_fix	1083635	1083696	(TA)n_Simple_repeat_1083635_1083696	repeat	61
chr5_MU273354v1_fix	127485	127546	Charlie20a_DNA_127485_127546	repeat	61
chr5_MU273354v1_fix	1683002	1683063	(TATTA)n_Simple_repeat_1683002_1683063	repeat	61
chr5_MU273354v1_fix	1855793	1855854	A-rich_Low_complexity_1855793_1855854	repeat	61
chr5_MU273354v1_fix	387655	387716	(TA)n_Simple_repeat_387655_387716	repeat	61
chr5_MU273354v1_fix	1379013	1379074	MLT1J_LTR_1379013_1379074	repeat	61
chr5_MU273354v1_fix	976507	976568	(TATTA)n_Simple_repeat_976507_976568	repeat	61
chr5_MU273354v1_fix	1310314	1310375	(TAATA)n_Simple_repeat_1310314_1310375	repeat	61
chr5_MU273354v1_fix	1784503	1784564	(TA)n_Simple_repeat_1784503_1784564	repeat	61
chr5_MU273354v1_fix	162347	162408	L2b_LINE_162347_162408	repeat	61
chr5_MU273354v1_fix	287965	288026	MLT1J_LTR_287965_288026	repeat	61
chr5_MU273354v1_fix	774677	774738	MLT1J_LTR_774677_774738	repeat	61
chr5_MU273354v1_fix	27592	27653	MER58D_DNA_27592_27653	repeat	61
chr5_MU273354v1_fix	1481181	1481242	MLT1J_LTR_1481181_1481242	repeat	61
chr5_MU273354v1_fix	168243	168303	L1ME3A_LINE_168243_168303	repeat	60
chr5_MU273354v1_fix	1646127	1646187	(AAT)n_Simple_repeat_1646127_1646187	repeat	60
chr5_MU273354v1_fix	1308677	1308737	Alu_SINE_1308677_1308737	repeat	60
chr5_MU273354v1_fix	1473603	1473663	L2c_LINE_1473603_1473663	repeat	60
chr5_MU273354v1_fix	978145	978205	Alu_SINE_978145_978205	repeat	60
chr5_MU273354v1_fix	179320	179380	MER5B_DNA_179320_179380	repeat	60
chr5_MU273354v1_fix	1193598	1193658	(GTTTCT)n_Simple_repeat_1193598_1193658	repeat	60
chr5_MU273354v1_fix	1131004	1131064	(TC)n_Simple_repeat_1131004_1131064	repeat	60
chr5_MU273354v1_fix	144333	144393	MIRb_SINE_144333_144393	repeat	60
chr5_MU273354v1_fix	1778602	1778662	(GT)n_Simple_repeat_1778602_1778662	repeat	60
chr5_MU273354v1_fix	2070897	2070957	L2d2_LINE_2070897_2070957	repeat	60
chr5_MU273354v1_fix	1684640	1684700	Alu_SINE_1684640_1684700	repeat	60
chr5_MU273354v1_fix	1968828	1968887	MER105_DNA_1968828_1968887	repeat	59
chr5_MU273354v1_fix	1318665	1318724	L1M5_LINE_1318665_1318724	repeat	59
chr5_MU273354v1_fix	1674661	1674720	L1M5_LINE_1674661_1674720	repeat	59
chr5_MU273354v1_fix	1405766	1405824	MER58B_DNA_1405765_1405824	repeat	58
chr5_MU273354v1_fix	12771	12829	L1MD_LINE_12770_12829	repeat	58
chr5_MU273354v1_fix	439553	439611	(TA)n_Simple_repeat_439553_439611	repeat	58
chr5_MU273354v1_fix	809396	809454	MER58B_DNA_809395_809454	repeat	58
chr5_MU273354v1_fix	1515846	1515904	MER58B_DNA_1515845_1515904	repeat	58
chr5_MU273354v1_fix	2038212	2038270	(ATTT)n_Simple_repeat_2038212_2038270	repeat	58
chr5_MU273354v1_fix	2061052	2061109	AmnL2-1_LINE_2061052_2061109	repeat	57
chr5_MU273354v1_fix	32749	32806	L2c_LINE_32749_32806	repeat	57
chr5_MU273354v1_fix	2029674	2029731	Tigger2b_Pri_DNA_2029674_2029731	repeat	57
chr5_MU273354v1_fix	1926248	1926305	(AT)n_Simple_repeat_1926248_1926305	repeat	57
chr5_MU273354v1_fix	1813078	1813135	(AT)n_Simple_repeat_1813078_1813135	repeat	57
chr5_MU273354v1_fix	156166	156223	L1M5_LINE_156166_156223	repeat	57
chr5_MU273354v1_fix	880437	880493	(TTTC)n_Simple_repeat_880437_880493	repeat	56
chr5_MU273354v1_fix	882759	882815	(TC)n_Simple_repeat_882759_882815	repeat	56
chr5_MU273354v1_fix	1495007	1495063	Plat_L3_LINE_1495007_1495063	repeat	56
chr5_MU273354v1_fix	1674093	1674149	L1P4_LINE_1674093_1674149	repeat	56
chr5_MU273354v1_fix	1852638	1852694	(TCTATC)n_Simple_repeat_1852638_1852694	repeat	56
chr5_MU273354v1_fix	788557	788613	Plat_L3_LINE_788557_788613	repeat	56
chr5_MU273354v1_fix	1589223	1589279	(TC)n_Simple_repeat_1589223_1589279	repeat	56
chr5_MU273354v1_fix	141649	141705	MLT1I_LTR_141649_141705	repeat	56
chr5_MU273354v1_fix	281478	281534	GA-rich_Low_complexity_281478_281534	repeat	56
chr5_MU273354v1_fix	1474707	1474763	GA-rich_Low_complexity_1474707_1474763	repeat	56
chr5_MU273354v1_fix	1319236	1319292	L1P4_LINE_1319236_1319292	repeat	56
chr5_MU273354v1_fix	1627528	1627583	MLT1F2_LTR_1627528_1627583	repeat	55
chr5_MU273354v1_fix	2085505	2085560	MIR_SINE_2085505_2085560	repeat	55
chr5_MU273354v1_fix	1174402	1174457	(TA)n_Simple_repeat_1174402_1174457	repeat	55
chr5_MU273354v1_fix	87915	87970	(ATA)n_Simple_repeat_87915_87970	repeat	55
chr5_MU273354v1_fix	1870285	1870340	Alu_SINE_1870285_1870340	repeat	55
chr5_MU273354v1_fix	921036	921091	MLT1F2_LTR_921036_921091	repeat	55
chr5_MU273354v1_fix	761461	761516	MLT1F2_LTR_761461_761516	repeat	55
chr5_MU273354v1_fix	416451	416506	(AT)n_Simple_repeat_416451_416506	repeat	55
chr5_MU273354v1_fix	1589146	1589201	L2a_LINE_1589146_1589201	repeat	55
chr5_MU273354v1_fix	1365797	1365852	MLT1F2_LTR_1365797_1365852	repeat	55
chr5_MU273354v1_fix	20527	20582	L1MB8_LINE_20527_20582	repeat	55
chr5_MU273354v1_fix	882682	882737	L2a_LINE_882682_882737	repeat	55
chr5_MU273354v1_fix	47203	47258	Tigger17a_DNA_47203_47258	repeat	55
chr5_MU273354v1_fix	137030	137084	MSTB_LTR_137030_137084	repeat	54
chr5_MU273354v1_fix	1077787	1077841	(GT)n_Simple_repeat_1077787_1077841	repeat	54
chr5_MU273354v1_fix	2022285	2022339	MER47C_DNA_2022285_2022339	repeat	54
chr5_MU273354v1_fix	1784443	1784496	(AC)n_Simple_repeat_1784443_1784496	repeat	53
chr5_MU273354v1_fix	1748627	1748680	(AC)n_Simple_repeat_1748627_1748680	repeat	53
chr5_MU273354v1_fix	1922324	1922376	(CTCC)n_Simple_repeat_1922324_1922376	repeat	52
chr5_MU273354v1_fix	911696	911748	(ACAC)n_Simple_repeat_911696_911748	repeat	52
chr5_MU273354v1_fix	1677855	1677907	(CATTT)n_Simple_repeat_1677855_1677907	repeat	52
chr5_MU273354v1_fix	1243066	1243118	MADE1_DNA_1243066_1243118	repeat	52
chr5_MU273354v1_fix	971352	971404	(CATTT)n_Simple_repeat_971352_971404	repeat	52
chr5_MU273354v1_fix	796817	796869	AluSq2_SINE_796817_796869	repeat	52
chr5_MU273354v1_fix	870517	870569	MER5B_DNA_870517_870569	repeat	52
chr5_MU273354v1_fix	381817	381869	(GT)n_Simple_repeat_381817_381869	repeat	52
chr5_MU273354v1_fix	71166	71218	AluJb_SINE_71166_71218	repeat	52
chr5_MU273354v1_fix	1047011	1047063	(AC)n_Simple_repeat_1047011_1047063	repeat	52
chr5_MU273354v1_fix	1618185	1618237	(ACAC)n_Simple_repeat_1618185_1618237	repeat	52
chr5_MU273354v1_fix	351019	351071	(AC)n_Simple_repeat_351019_351071	repeat	52
chr5_MU273354v1_fix	163605	163657	L3_LINE_163605_163657	repeat	52
chr5_MU273354v1_fix	1043756	1043808	MADE1_DNA_1043756_1043808	repeat	52
chr5_MU273354v1_fix	1845361	1845413	MER5B_DNA_1845361_1845413	repeat	52
chr5_MU273354v1_fix	1576982	1577034	MER5B_DNA_1576982_1577034	repeat	52
chr5_MU273354v1_fix	1239811	1239863	(TG)n_Simple_repeat_1239811_1239863	repeat	52
chr5_MU273354v1_fix	1503266	1503318	AluSq2_SINE_1503266_1503318	repeat	52
chr5_MU273354v1_fix	1554393	1554444	L2_LINE_1554393_1554444	repeat	51
chr5_MU273354v1_fix	1155732	1155783	HERVK3-int_LTR_1155732_1155783	repeat	51
chr5_MU273354v1_fix	1832085	1832136	HERVK3-int_LTR_1832085_1832136	repeat	51
chr5_MU273354v1_fix	1131755	1131806	HERVK3-int_LTR_1131755_1131806	repeat	51
chr5_MU273354v1_fix	435698	435749	HERVK3-int_LTR_435698_435749	repeat	51
chr5_MU273354v1_fix	103161	103212	(AC)n_Simple_repeat_103161_103212	repeat	51
chr5_MU273354v1_fix	1621489	1621540	(TCTTTC)n_Simple_repeat_1621489_1621540	repeat	51
chr5_MU273354v1_fix	914999	915050	(TCTTTC)n_Simple_repeat_914999_915050	repeat	51
chr5_MU273354v1_fix	1580586	1580637	AmnSINE1_SINE_1580586_1580637	repeat	51
chr5_MU273354v1_fix	847947	847998	L2_LINE_847947_847998	repeat	51
chr5_MU273354v1_fix	139906	139957	LTR49_LTR_139906_139957	repeat	51
chr5_MU273354v1_fix	459648	459699	HERVK3-int_LTR_459648_459699	repeat	51
chr5_MU273354v1_fix	1880499	1880550	(GT)n_Simple_repeat_1880499_1880550	repeat	51
chr5_MU273354v1_fix	1790830	1790880	(ATATTTT)n_Simple_repeat_1790830_1790880	repeat	50
chr5_MU273354v1_fix	767509	767559	GA-rich_Low_complexity_767509_767559	repeat	50
chr5_MU273354v1_fix	1371844	1371894	GA-rich_Low_complexity_1371844_1371894	repeat	50
chr5_MU273354v1_fix	1170869	1170919	L2_LINE_1170869_1170919	repeat	50
chr5_MU273354v1_fix	175269	175319	L1ME3B_LINE_175269_175319	repeat	50
chr5_MU273354v1_fix	1455462	1455512	L1M5_LINE_1455462_1455512	repeat	50
chr5_MU273354v1_fix	150876	150926	L1MC4_LINE_150876_150926	repeat	50
chr5_MU273354v1_fix	393985	394035	(ATATTTT)n_Simple_repeat_393985_394035	repeat	50
chr5_MU273354v1_fix	364975	365025	(AC)n_Simple_repeat_364975_365025	repeat	50
chr5_MU273354v1_fix	1089965	1090015	(ATATTTT)n_Simple_repeat_1089965_1090015	repeat	50
chr5_MU273354v1_fix	1196863	1196913	A-rich_Low_complexity_1196863_1196913	repeat	50
chr5_MU273354v1_fix	1115990	1116040	L2_LINE_1115990_1116040	repeat	50
chr5_MU273354v1_fix	267942	267992	L1M5_LINE_267942_267992	repeat	50
chr5_MU273354v1_fix	984773	984822	AluJo_SINE_984773_984822	repeat	49
chr5_MU273354v1_fix	1710329	1710378	MIR3_SINE_1710321_1710378	repeat	49
chr5_MU273354v1_fix	1691250	1691299	AluJo_SINE_1691250_1691299	repeat	49
chr5_MU273354v1_fix	985850	985899	L3_LINE_985825_985899	repeat	49
chr5_MU273354v1_fix	1692327	1692376	MIR3_SINE_1692319_1692376	repeat	49
chr5_MU273354v1_fix	1302066	1302115	AluJo_SINE_1302066_1302115	repeat	49
chr5_MU273354v1_fix	1961423	1961472	L1MEf_LINE_1961423_1961472	repeat	49
chr5_MU273354v1_fix	308996	309045	L3_LINE_308971_309045	repeat	49
chr5_MU273354v1_fix	1281633	1281682	AluJo_SINE_1281633_1281682	repeat	49
chr5_MU273354v1_fix	1883450	1883499	L2a_LINE_1883450_1883499	repeat	49
chr5_MU273354v1_fix	1852696	1852745	(TAGA)n_Simple_repeat_1852696_1852745	repeat	49
chr5_MU273354v1_fix	1854308	1854357	(TATACA)n_Simple_repeat_1854308_1854357	repeat	49
chr5_MU273354v1_fix	1709252	1709301	AluJo_SINE_1709252_1709301	repeat	49
chr5_MU273354v1_fix	1973464	1973513	(CTGTT)n_Simple_repeat_1973464_1973513	repeat	49
chr5_MU273354v1_fix	1300989	1301038	MIR3_SINE_1300989_1301046	repeat	49
chr5_MU273354v1_fix	307919	307968	AluJo_SINE_307919_307968	repeat	49
chr5_MU273354v1_fix	1005213	1005262	AluJo_SINE_1005213_1005262	repeat	49
chr5_MU273354v1_fix	119507	119556	(TTTG)n_Simple_repeat_119507_119556	repeat	49
chr5_MU273354v1_fix	1006290	1006339	L3_LINE_1006265_1006339	repeat	49
chr5_MU273354v1_fix	1480092	1480141	L1MC5_LINE_1480092_1480141	repeat	49
chr5_MU273354v1_fix	1280556	1280605	MIR3_SINE_1280556_1280613	repeat	49
chr5_MU273354v1_fix	1910905	1910954	(TCTA)n_Simple_repeat_1910905_1910954	repeat	49
chr5_MU273354v1_fix	1947555	1947604	MIR_SINE_1947555_1947604	repeat	49
chr5_MU273354v1_fix	39383	39432	(AATTTCT)n_Simple_repeat_39383_39432	repeat	49
chr5_MU273354v1_fix	286876	286925	L1MC5_LINE_286876_286925	repeat	49
chr5_MU273354v1_fix	1370862	1370910	A-rich_Low_complexity_1370862_1370910	repeat	48
chr5_MU273354v1_fix	1370931	1370979	(TAATTGT)n_Simple_repeat_1370931_1370979	repeat	48
chr5_MU273354v1_fix	766527	766575	A-rich_Low_complexity_766527_766575	repeat	48
chr5_MU273354v1_fix	915915	915963	(AACAATT)n_Simple_repeat_915915_915963	repeat	48
chr5_MU273354v1_fix	1934219	1934267	(TG)n_Simple_repeat_1934219_1934267	repeat	48
chr5_MU273354v1_fix	1557422	1557470	(GT)n_Simple_repeat_1557422_1557470	repeat	48
chr5_MU273354v1_fix	1138688	1138736	(CA)n_Simple_repeat_1138688_1138736	repeat	48
chr5_MU273354v1_fix	1467707	1467755	Alu_SINE_1467707_1467755	repeat	48
chr5_MU273354v1_fix	178258	178306	L1MB8_LINE_178258_178306	repeat	48
chr5_MU273354v1_fix	164240	164288	L3_LINE_164240_164288	repeat	48
chr5_MU273354v1_fix	1622405	1622453	(AACAATT)n_Simple_repeat_1622405_1622453	repeat	48
chr5_MU273354v1_fix	1170070	1170118	(ATTAT)n_Simple_repeat_1170070_1170118	repeat	48
chr5_MU273354v1_fix	1526157	1526205	L1ME4b_LINE_1526155_1526205	repeat	48
chr5_MU273354v1_fix	819707	819755	L1ME4b_LINE_819705_819755	repeat	48
chr5_MU273354v1_fix	1466111	1466158	L1MB8_LINE_1466111_1466158	repeat	47
chr5_MU273354v1_fix	1630740	1630787	A-rich_Low_complexity_1630740_1630787	repeat	47
chr5_MU273354v1_fix	1230609	1230656	MLT1A_LTR_1230609_1230656	repeat	47
chr5_MU273354v1_fix	141439	141486	(TG)n_Simple_repeat_141439_141486	repeat	47
chr5_MU273354v1_fix	148315	148362	MER1A_DNA_148315_148362	repeat	47
chr5_MU273354v1_fix	1757064	1757111	MLT1A_LTR_1757064_1757111	repeat	47
chr5_MU273354v1_fix	43507	43554	L1MC5a_LINE_43507_43554	repeat	47
chr5_MU273354v1_fix	1569996	1570043	(GA)n_Simple_repeat_1569996_1570043	repeat	47
chr5_MU273354v1_fix	1056218	1056265	MLT1A_LTR_1056218_1056265	repeat	47
chr5_MU273354v1_fix	924247	924294	A-rich_Low_complexity_924247_924294	repeat	47
chr5_MU273354v1_fix	62667	62714	FLAM_C_SINE_62667_62714	repeat	47
chr5_MU273354v1_fix	1761813	1761860	(AC)n_Simple_repeat_1761813_1761860	repeat	47
chr5_MU273354v1_fix	1347211	1347258	(TTA)n_Simple_repeat_1347211_1347258	repeat	47
chr5_MU273354v1_fix	758258	758305	(T)n_Simple_repeat_758258_758305	repeat	47
chr5_MU273354v1_fix	278589	278636	L1MB8_LINE_278589_278636	repeat	47
chr5_MU273354v1_fix	1362595	1362642	(T)n_Simple_repeat_1362595_1362642	repeat	47
chr5_MU273354v1_fix	1791275	1791321	(AATATAG)n_Simple_repeat_1791275_1791321	repeat	46
chr5_MU273354v1_fix	1309954	1310000	(AT)n_Simple_repeat_1309954_1310000	repeat	46
chr5_MU273354v1_fix	1311274	1311320	(CTCC)n_Simple_repeat_1311274_1311320	repeat	46
chr5_MU273354v1_fix	190104	190150	MIR3_SINE_190104_190150	repeat	46
chr5_MU273354v1_fix	1683377	1683423	(AT)n_Simple_repeat_1683377_1683423	repeat	46
chr5_MU273354v1_fix	706977	707023	(CTCC)n_Simple_repeat_706977_707023	repeat	46
chr5_MU273354v1_fix	976882	976928	(AT)n_Simple_repeat_976882_976928	repeat	46
chr5_MU273354v1_fix	1544782	1544828	(AAAAC)n_Simple_repeat_1544782_1544828	repeat	46
chr5_MU273354v1_fix	975562	975608	G-rich_Low_complexity_975562_975608	repeat	46
chr5_MU273354v1_fix	1886074	1886120	(ACACAT)n_Simple_repeat_1886074_1886120	repeat	46
chr5_MU273354v1_fix	1682057	1682103	G-rich_Low_complexity_1682057_1682103	repeat	46
chr5_MU273354v1_fix	705659	705705	(AT)n_Simple_repeat_705659_705705	repeat	46
chr5_MU273354v1_fix	1196422	1196468	(TATTCTA)n_Simple_repeat_1196422_1196468	repeat	46
chr5_MU273354v1_fix	838334	838380	(AAAAC)n_Simple_repeat_838334_838380	repeat	46
chr5_MU273354v1_fix	1090410	1090456	(AATATAG)n_Simple_repeat_1090410_1090456	repeat	46
chr5_MU273354v1_fix	1155258	1155304	(AT)n_Simple_repeat_1155258_1155304	repeat	46
chr5_MU273354v1_fix	2013781	2013827	L1MB3_LINE_2013781_2013827	repeat	46
chr5_MU273354v1_fix	394430	394476	(AATATAG)n_Simple_repeat_394430_394476	repeat	46
chr5_MU273354v1_fix	1914514	1914560	(CTTTT)n_Simple_repeat_1914514_1914560	repeat	46
chr5_MU273354v1_fix	106923	106969	MIRb_SINE_106923_106969	repeat	46
chr5_MU273354v1_fix	926383	926429	(TTATTC)n_Simple_repeat_926383_926429	repeat	46
chr5_MU273354v1_fix	1632876	1632922	(TTATTC)n_Simple_repeat_1632876_1632922	repeat	46
chr5_MU273354v1_fix	1225862	1225907	(TG)n_Simple_repeat_1225862_1225907	repeat	45
chr5_MU273354v1_fix	909728	909773	A-rich_Low_complexity_909728_909773	repeat	45
chr5_MU273354v1_fix	1007246	1007291	(A)n_Simple_repeat_1007246_1007291	repeat	45
chr5_MU273354v1_fix	1060967	1061012	(AC)n_Simple_repeat_1060967_1061012	repeat	45
chr5_MU273354v1_fix	965879	965924	(TG)n_Simple_repeat_965879_965924	repeat	45
chr5_MU273354v1_fix	187435	187480	MIR_SINE_187435_187480	repeat	45
chr5_MU273354v1_fix	714315	714360	(TA)n_Simple_repeat_714315_714360	repeat	45
chr5_MU273354v1_fix	1610100	1610145	A-rich_Low_complexity_1610100_1610145	repeat	45
chr5_MU273354v1_fix	1616214	1616259	A-rich_Low_complexity_1616214_1616259	repeat	45
chr5_MU273354v1_fix	1433605	1433649	(TTATAA)n_Simple_repeat_1433605_1433649	repeat	44
chr5_MU273354v1_fix	1415830	1415874	(TATTTAT)n_Simple_repeat_1415830_1415874	repeat	44
chr5_MU273354v1_fix	246092	246136	(TTATAA)n_Simple_repeat_246092_246136	repeat	44
chr5_MU273354v1_fix	2069202	2069246	L1MD2_LINE_2069202_2069246	repeat	44
chr5_MU273354v1_fix	1706870	1706914	MLT1A_LTR_1706870_1706914	repeat	44
chr5_MU273354v1_fix	1614608	1614652	(GATATA)n_Simple_repeat_1614608_1614652	repeat	44
chr5_MU273354v1_fix	1425538	1425582	(TA)n_Simple_repeat_1425538_1425582	repeat	44
chr5_MU273354v1_fix	1427359	1427403	(AC)n_Simple_repeat_1427359_1427403	repeat	44
chr5_MU273354v1_fix	305535	305579	MLT1A_LTR_305535_305579	repeat	44
chr5_MU273354v1_fix	66733	66777	(TTTTC)n_Simple_repeat_66733_66777	repeat	44
chr5_MU273354v1_fix	1661574	1661618	(AT)n_Simple_repeat_1661574_1661618	repeat	44
chr5_MU273354v1_fix	1656058	1656102	GA-rich_Low_complexity_1656058_1656102	repeat	44
chr5_MU273354v1_fix	1617075	1617119	(AT)n_Simple_repeat_1617075_1617119	repeat	44
chr5_MU273354v1_fix	756251	756295	(TAAGAA)n_Simple_repeat_756251_756295	repeat	44
chr5_MU273354v1_fix	926256	926300	(ATTCTT)n_Simple_repeat_926256_926300	repeat	44
chr5_MU273354v1_fix	238038	238082	(TA)n_Simple_repeat_238038_238082	repeat	44
chr5_MU273354v1_fix	79090	79134	(ATATTTA)n_Simple_repeat_79090_79134	repeat	44
chr5_MU273354v1_fix	228324	228368	(TATTTAT)n_Simple_repeat_228324_228368	repeat	44
chr5_MU273354v1_fix	1632749	1632793	(ATTCTT)n_Simple_repeat_1632749_1632793	repeat	44
chr5_MU273354v1_fix	1023293	1023337	MLT1A_LTR_1023293_1023337	repeat	44
chr5_MU273354v1_fix	1724895	1724939	MLT1A_LTR_1724895_1724939	repeat	44
chr5_MU273354v1_fix	766600	766644	(TAATTGT)n_Simple_repeat_766600_766644	repeat	44
chr5_MU273354v1_fix	1002837	1002881	MLT1A_LTR_1002837_1002881	repeat	44
chr5_MU273354v1_fix	908122	908166	(GATATA)n_Simple_repeat_908122_908166	repeat	44
chr5_MU273354v1_fix	326008	326052	MLT1A_LTR_326008_326052	repeat	44
chr5_MU273354v1_fix	1284015	1284059	MLT1A_LTR_1284015_1284059	repeat	44
chr5_MU273354v1_fix	949549	949593	GA-rich_Low_complexity_949549_949593	repeat	44
chr5_MU273354v1_fix	1263561	1263605	MLT1A_LTR_1263561_1263605	repeat	44
chr5_MU273354v1_fix	1337279	1337323	(TC)n_Simple_repeat_1337279_1337323	repeat	44
chr5_MU273354v1_fix	1360589	1360633	(TAAGAA)n_Simple_repeat_1360589_1360633	repeat	44
chr5_MU273354v1_fix	174864	174907	MER33_DNA_174864_174907	repeat	43
chr5_MU273354v1_fix	755210	755253	(GATA)n_Simple_repeat_755210_755253	repeat	43
chr5_MU273354v1_fix	312941	312984	(AAAT)n_Simple_repeat_312941_312984	repeat	43
chr5_MU273354v1_fix	114019	114062	(GGGAG)n_Simple_repeat_114019_114062	repeat	43
chr5_MU273354v1_fix	192080	192123	L1ME3F_LINE_192080_192123	repeat	43
chr5_MU273354v1_fix	47438	47481	L4_A_Mam_LINE_47434_47481	repeat	43
chr5_MU273354v1_fix	927298	927341	(TCTA)n_Simple_repeat_927298_927341	repeat	43
chr5_MU273354v1_fix	1711256	1711299	(AAAC)n_Simple_repeat_1711256_1711299	repeat	43
chr5_MU273354v1_fix	1447177	1447220	LTR87_LTR_1447177_1447220	repeat	43
chr5_MU273354v1_fix	2032422	2032465	L1ME1_LINE_2032422_2032465	repeat	43
chr5_MU273354v1_fix	1839021	1839063	(CA)n_Simple_repeat_1839021_1839063	repeat	42
chr5_MU273354v1_fix	93067	93109	(ATT)n_Simple_repeat_93067_93109	repeat	42
chr5_MU273354v1_fix	170107	170149	L2a_LINE_170107_170149	repeat	42
chr5_MU273354v1_fix	1872820	1872862	(AAC)n_Simple_repeat_1872820_1872862	repeat	42
chr5_MU273354v1_fix	452724	452766	(TG)n_Simple_repeat_452724_452766	repeat	42
chr5_MU273354v1_fix	1548465	1548507	L1MC4_LINE_1548465_1548507	repeat	42
chr5_MU273354v1_fix	842016	842058	L1MC4_LINE_842016_842058	repeat	42
chr5_MU273354v1_fix	233756	233798	A-rich_Low_complexity_233756_233798	repeat	42
chr5_MU273354v1_fix	1515803	1515845	MER58C_DNA_1515803_1515846	repeat	42
chr5_MU273354v1_fix	288313	288355	(AAT)n_Simple_repeat_288313_288355	repeat	42
chr5_MU273354v1_fix	1421264	1421306	A-rich_Low_complexity_1421264_1421306	repeat	42
chr5_MU273354v1_fix	1405723	1405765	MER58C_DNA_1405723_1405766	repeat	42
chr5_MU273354v1_fix	809353	809395	MER58C_DNA_809353_809396	repeat	42
chr5_MU273354v1_fix	775025	775067	(AAT)n_Simple_repeat_775025_775067	repeat	42
chr5_MU273354v1_fix	2083617	2083658	L2a_LINE_2083617_2083658	repeat	41
chr5_MU273354v1_fix	800140	800181	L1MC4_LINE_800140_800181	repeat	41
chr5_MU273354v1_fix	28732	28773	FLAM_C_SINE_28732_28773	repeat	41
chr5_MU273354v1_fix	1727630	1727671	(AAAT)n_Simple_repeat_1727630_1727671	repeat	41
chr5_MU273354v1_fix	246262	246303	(TAA)n_Simple_repeat_246262_246303	repeat	41
chr5_MU273354v1_fix	1433775	1433816	(TAA)n_Simple_repeat_1433775_1433816	repeat	41
chr5_MU273354v1_fix	1203250	1203291	(TG)n_Simple_repeat_1203250_1203291	repeat	41
chr5_MU273354v1_fix	1260829	1260870	(TTAT)n_Simple_repeat_1260829_1260870	repeat	41
chr5_MU273354v1_fix	732938	732979	(TC)n_Simple_repeat_732938_732980	repeat	41
chr5_MU273354v1_fix	1315488	1315529	A-rich_Low_complexity_1315488_1315529	repeat	41
chr5_MU273354v1_fix	1026020	1026061	(AAAT)n_Simple_repeat_1026020_1026061	repeat	41
chr5_MU273354v1_fix	66943	66984	(TTTA)n_Simple_repeat_66943_66984	repeat	41
chr5_MU273354v1_fix	1938268	1938309	(AC)n_Simple_repeat_1938268_1938309	repeat	41
chr5_MU273354v1_fix	1506588	1506629	L1MC4_LINE_1506588_1506629	repeat	41
chr5_MU273354v1_fix	711191	711232	A-rich_Low_complexity_711191_711232	repeat	41
chr5_MU273354v1_fix	1102519	1102560	(TG)n_Simple_repeat_1102519_1102560	repeat	41
chr5_MU273354v1_fix	863539	863580	(GA)n_Simple_repeat_863539_863580	repeat	41
chr5_MU273354v1_fix	721298	721338	(TTTTG)n_Simple_repeat_721298_721338	repeat	40
chr5_MU273354v1_fix	1325590	1325630	(TTTTG)n_Simple_repeat_1325590_1325630	repeat	40
chr5_MU273354v1_fix	800015	800055	MER5A_DNA_800015_800055	repeat	40
chr5_MU273354v1_fix	261129	261169	(AC)n_Simple_repeat_261129_261169	repeat	40
chr5_MU273354v1_fix	961238	961278	A-rich_Low_complexity_961238_961278	repeat	40
chr5_MU273354v1_fix	1754996	1755036	LTR37-int_LTR_1754996_1755036	repeat	40
chr5_MU273354v1_fix	1193279	1193319	A-rich_Low_complexity_1193279_1193319	repeat	40
chr5_MU273354v1_fix	344773	344813	A-rich_Low_complexity_344773_344813	repeat	40
chr5_MU273354v1_fix	1448658	1448698	(AC)n_Simple_repeat_1448658_1448698	repeat	40
chr5_MU273354v1_fix	239857	239897	(AC)n_Simple_repeat_239857_239897	repeat	40
chr5_MU273354v1_fix	2029632	2029672	(TC)n_Simple_repeat_2029632_2029672	repeat	40
chr5_MU273354v1_fix	1427105	1427145	MADE1_DNA_1427105_1427145	repeat	40
chr5_MU273354v1_fix	1742378	1742418	A-rich_Low_complexity_1742378_1742418	repeat	40
chr5_MU273354v1_fix	239605	239645	MADE1_DNA_239605_239645	repeat	40
chr5_MU273354v1_fix	955063	955103	(AT)n_Simple_repeat_955063_955103	repeat	40
chr5_MU273354v1_fix	863580	863620	(GT)n_Simple_repeat_863580_863620	repeat	40
chr5_MU273354v1_fix	54144	54184	MIR_SINE_54144_54184	repeat	40
chr5_MU273354v1_fix	1506463	1506503	MER5A_DNA_1506463_1506503	repeat	40
chr5_MU273354v1_fix	358158	358198	LTR37-int_LTR_358158_358198	repeat	40
chr5_MU273354v1_fix	436177	436217	(TA)n_Simple_repeat_436177_436217	repeat	40
chr5_MU273354v1_fix	1040762	1040802	A-rich_Low_complexity_1040762_1040802	repeat	40
chr5_MU273354v1_fix	1667753	1667793	A-rich_Low_complexity_1667753_1667793	repeat	40
chr5_MU273354v1_fix	910589	910629	(AT)n_Simple_repeat_910589_910629	repeat	40
chr5_MU273354v1_fix	262299	262338	(AAC)n_Simple_repeat_262299_262338	repeat	39
chr5_MU273354v1_fix	309923	309962	(AAAC)n_Simple_repeat_309923_309962	repeat	39
chr5_MU273354v1_fix	281736	281775	(CTCAGC)n_Simple_repeat_281736_281775	repeat	39
chr5_MU273354v1_fix	910114	910153	A-rich_Low_complexity_910114_910153	repeat	39
chr5_MU273354v1_fix	305378	305417	A-rich_Low_complexity_305378_305417	repeat	39
chr5_MU273354v1_fix	1391963	1392002	(ACA)n_Simple_repeat_1391963_1392002	repeat	39
chr5_MU273354v1_fix	787691	787730	(ACA)n_Simple_repeat_787691_787730	repeat	39
chr5_MU273354v1_fix	1372939	1372978	A-rich_Low_complexity_1372939_1372978	repeat	39
chr5_MU273354v1_fix	1083589	1083628	(AC)n_Simple_repeat_1083589_1083628	repeat	39
chr5_MU273354v1_fix	1474965	1475004	(CTCAGC)n_Simple_repeat_1474965_1475004	repeat	39
chr5_MU273354v1_fix	768603	768642	A-rich_Low_complexity_768603_768642	repeat	39
chr5_MU273354v1_fix	1093241	1093280	A-rich_Low_complexity_1093241_1093280	repeat	39
chr5_MU273354v1_fix	397261	397300	A-rich_Low_complexity_397261_397300	repeat	39
chr5_MU273354v1_fix	1494141	1494180	(ACA)n_Simple_repeat_1494141_1494180	repeat	39
chr5_MU273354v1_fix	1449828	1449867	(AAC)n_Simple_repeat_1449828_1449867	repeat	39
chr5_MU273354v1_fix	1942845	1942884	(GCG)n_Simple_repeat_1942845_1942884	repeat	39
chr5_MU273354v1_fix	1724738	1724777	A-rich_Low_complexity_1724738_1724777	repeat	39
chr5_MU273354v1_fix	387609	387648	(AC)n_Simple_repeat_387609_387648	repeat	39
chr5_MU273354v1_fix	1967006	1967045	(TTTTC)n_Simple_repeat_1967006_1967045	repeat	39
chr5_MU273354v1_fix	1794109	1794148	A-rich_Low_complexity_1794109_1794148	repeat	39
chr5_MU273354v1_fix	1338839	1338878	(AC)n_Simple_repeat_1338839_1338878	repeat	39
chr5_MU273354v1_fix	1706713	1706752	A-rich_Low_complexity_1706713_1706752	repeat	39
chr5_MU273354v1_fix	1714281	1714320	(AAAT)n_Simple_repeat_1714281_1714320	repeat	39
chr5_MU273354v1_fix	869262	869301	L1M4_LINE_869262_869301	repeat	39
chr5_MU273354v1_fix	1919455	1919494	(ACACAA)n_Simple_repeat_1919455_1919494	repeat	39
chr5_MU273354v1_fix	1575728	1575767	L1M4_LINE_1575728_1575767	repeat	39
chr5_MU273354v1_fix	1616600	1616639	A-rich_Low_complexity_1616600_1616639	repeat	39
chr5_MU273354v1_fix	1184319	1184358	(AC)n_Simple_repeat_1184319_1184358	repeat	39
chr5_MU273354v1_fix	285852	285890	(GT)n_Simple_repeat_285852_285890	repeat	38
chr5_MU273354v1_fix	1570043	1570081	(GT)n_Simple_repeat_1570043_1570081	repeat	38
chr5_MU273354v1_fix	1993928	1993966	(AC)n_Simple_repeat_1993928_1993966	repeat	38
chr5_MU273354v1_fix	850975	851013	(GT)n_Simple_repeat_850975_851013	repeat	38
chr5_MU273354v1_fix	1124285	1124323	L1ME1_LINE_1124285_1124323	repeat	38
chr5_MU273354v1_fix	1857476	1857514	(AATA)n_Simple_repeat_1857476_1857514	repeat	38
chr5_MU273354v1_fix	129021	129059	(ATTT)n_Simple_repeat_129021_129059	repeat	38
chr5_MU273354v1_fix	77708	77746	(AT)n_Simple_repeat_77708_77746	repeat	38
chr5_MU273354v1_fix	428224	428262	L1ME1_LINE_428224_428262	repeat	38
chr5_MU273354v1_fix	98543	98581	(CTT)n_Simple_repeat_98543_98581	repeat	38
chr5_MU273354v1_fix	924591	924628	(ATATTC)n_Simple_repeat_924591_924628	repeat	37
chr5_MU273354v1_fix	22355	22392	(AAAAC)n_Simple_repeat_22355_22392	repeat	37
chr5_MU273354v1_fix	1913378	1913415	(TGTT)n_Simple_repeat_1913378_1913415	repeat	37
chr5_MU273354v1_fix	1819564	1819601	(GTTT)n_Simple_repeat_1819564_1819601	repeat	37
chr5_MU273354v1_fix	2030110	2030147	Tigger2b_Pri_DNA_2030110_2030147	repeat	37
chr5_MU273354v1_fix	1865382	1865419	(TATTAA)n_Simple_repeat_1865382_1865419	repeat	37
chr5_MU273354v1_fix	855401	855438	L1ME3G_LINE_855401_855438	repeat	37
chr5_MU273354v1_fix	1631084	1631121	(ATATTC)n_Simple_repeat_1631084_1631121	repeat	37
chr5_MU273354v1_fix	854558	854595	L1ME3Cz_LINE_854558_854595	repeat	37
chr5_MU273354v1_fix	1449356	1449393	L1P1_LINE_1449356_1449393	repeat	37
chr5_MU273354v1_fix	1836649	1836686	A-rich_Low_complexity_1836649_1836686	repeat	37
chr5_MU273354v1_fix	1946258	1946295	(CATACA)n_Simple_repeat_1946258_1946295	repeat	37
chr5_MU273354v1_fix	1561857	1561894	L1ME3G_LINE_1561857_1561894	repeat	37
chr5_MU273354v1_fix	1167941	1167978	A-rich_Low_complexity_1167941_1167978	repeat	37
chr5_MU273354v1_fix	64404	64441	L1MA8_LINE_64404_64441	repeat	37
chr5_MU273354v1_fix	716660	716697	(AC)n_Simple_repeat_716660_716697	repeat	37
chr5_MU273354v1_fix	1136317	1136354	A-rich_Low_complexity_1136317_1136354	repeat	37
chr5_MU273354v1_fix	1229847	1229883	(TTTTTG)n_Simple_repeat_1229847_1229883	repeat	36
chr5_MU273354v1_fix	1757837	1757873	A-rich_Low_complexity_1757837_1757873	repeat	36
chr5_MU273354v1_fix	360999	361035	A-rich_Low_complexity_360999_361035	repeat	36
chr5_MU273354v1_fix	175999	176035	(TGGCTA)n_Simple_repeat_175999_176035	repeat	36
chr5_MU273354v1_fix	1056991	1057027	A-rich_Low_complexity_1056991_1057027	repeat	36
chr5_MU273354v1_fix	1376902	1376938	(GT)n_Simple_repeat_1376902_1376938	repeat	36
chr5_MU273354v1_fix	455101	455137	(TTGTCTT)n_Simple_repeat_455101_455137	repeat	36
chr5_MU273354v1_fix	1654507	1654542	(TG)n_Simple_repeat_1654507_1654542	repeat	35
chr5_MU273354v1_fix	939636	939671	(AAT)n_Simple_repeat_939636_939671	repeat	35
chr5_MU273354v1_fix	1696244	1696279	(AAAT)n_Simple_repeat_1696244_1696279	repeat	35
chr5_MU273354v1_fix	1693250	1693285	(AAAC)n_Simple_repeat_1693250_1693285	repeat	35
chr5_MU273354v1_fix	1672392	1672427	(TG)n_Simple_repeat_1672392_1672427	repeat	35
chr5_MU273354v1_fix	742879	742914	(TTA)n_Simple_repeat_742879_742914	repeat	35
chr5_MU273354v1_fix	1297055	1297090	(ATTT)n_Simple_repeat_1297055_1297090	repeat	35
chr5_MU273354v1_fix	382848	382883	(TG)n_Simple_repeat_382848_382883	repeat	35
chr5_MU273354v1_fix	2011739	2011774	(T)n_Simple_repeat_2011739_2011774	repeat	35
chr5_MU273354v1_fix	441391	441426	(TTATAA)n_Simple_repeat_441391_441426	repeat	35
chr5_MU273354v1_fix	1010254	1010289	(AAAT)n_Simple_repeat_1010254_1010289	repeat	35
chr5_MU273354v1_fix	734498	734533	(AC)n_Simple_repeat_734498_734533	repeat	35
chr5_MU273354v1_fix	1850412	1850447	(ATAATT)n_Simple_repeat_1850412_1850447	repeat	35
chr5_MU273354v1_fix	706019	706054	(TAATA)n_Simple_repeat_706019_706054	repeat	35
chr5_MU273354v1_fix	406535	406570	(TG)n_Simple_repeat_406535_406570	repeat	35
chr5_MU273354v1_fix	1276621	1276656	(ATTT)n_Simple_repeat_1276621_1276656	repeat	35
chr5_MU273354v1_fix	14009	14043	AluJb_SINE_14009_14043	repeat	34
chr5_MU273354v1_fix	1636190	1636224	(GT)n_Simple_repeat_1636190_1636224	repeat	34
chr5_MU273354v1_fix	929699	929733	(GT)n_Simple_repeat_929699_929733	repeat	34
chr5_MU273354v1_fix	461888	461922	(TATTT)n_Simple_repeat_461888_461922	repeat	34
chr5_MU273354v1_fix	324055	324089	(T)n_Simple_repeat_324055_324089	repeat	34
chr5_MU273354v1_fix	228287	228321	L3_LINE_228287_228321	repeat	34
chr5_MU273354v1_fix	211096	211130	(TTTAG)n_Simple_repeat_211096_211130	repeat	34
chr5_MU273354v1_fix	854780	854814	A-rich_Low_complexity_854780_854814	repeat	34
chr5_MU273354v1_fix	1435804	1435838	(ATTTAA)n_Simple_repeat_1435804_1435838	repeat	34
chr5_MU273354v1_fix	1479078	1479112	(TGTGTG)n_Simple_repeat_1479078_1479112	repeat	34
chr5_MU273354v1_fix	1129535	1129569	A-rich_Low_complexity_1129535_1129569	repeat	34
chr5_MU273354v1_fix	1157971	1158005	(TATTT)n_Simple_repeat_1157971_1158005	repeat	34
chr5_MU273354v1_fix	969937	969971	A-rich_Low_complexity_969937_969971	repeat	34
chr5_MU273354v1_fix	2022251	2022285	MLT1C2_LTR_2022251_2022285	repeat	34
chr5_MU273354v1_fix	248290	248324	(ATTTAA)n_Simple_repeat_248290_248324	repeat	34
chr5_MU273354v1_fix	433475	433509	A-rich_Low_complexity_433475_433509	repeat	34
chr5_MU273354v1_fix	752820	752854	(AC)n_Simple_repeat_752820_752854	repeat	34
chr5_MU273354v1_fix	1829853	1829887	A-rich_Low_complexity_1829853_1829887	repeat	34
chr5_MU273354v1_fix	1561236	1561270	A-rich_Low_complexity_1561236_1561270	repeat	34
chr5_MU273354v1_fix	1415793	1415827	L3_LINE_1415793_1415827	repeat	34
chr5_MU273354v1_fix	1741217	1741251	(AATG)n_Simple_repeat_1741217_1741251	repeat	34
chr5_MU273354v1_fix	1039609	1039643	(AATG)n_Simple_repeat_1039609_1039643	repeat	34
chr5_MU273354v1_fix	343608	343642	(AATG)n_Simple_repeat_343608_343642	repeat	34
chr5_MU273354v1_fix	1379363	1379397	(TAA)n_Simple_repeat_1379363_1379397	repeat	34
chr5_MU273354v1_fix	1676439	1676473	A-rich_Low_complexity_1676439_1676473	repeat	34
chr5_MU273354v1_fix	132120	132154	(TTTTTCA)n_Simple_repeat_132120_132154	repeat	34
chr5_MU273354v1_fix	1357158	1357192	(AC)n_Simple_repeat_1357158_1357192	repeat	34
chr5_MU273354v1_fix	1247247	1247281	(ATTC)n_Simple_repeat_1247247_1247281	repeat	34
chr5_MU273354v1_fix	933690	933723	A-rich_Low_complexity_933690_933723	repeat	33
chr5_MU273354v1_fix	1875247	1875280	(TAA)n_Simple_repeat_1875247_1875280	repeat	33
chr5_MU273354v1_fix	830914	830947	(GTG)n_Simple_repeat_830914_830947	repeat	33
chr5_MU273354v1_fix	1066890	1066923	(T)n_Simple_repeat_1066890_1066923	repeat	33
chr5_MU273354v1_fix	725292	725325	(TTG)n_Simple_repeat_725292_725325	repeat	33
chr5_MU273354v1_fix	1722943	1722976	(T)n_Simple_repeat_1722943_1722976	repeat	33
chr5_MU273354v1_fix	1537362	1537395	(GTG)n_Simple_repeat_1537362_1537395	repeat	33
chr5_MU273354v1_fix	1779664	1779697	(TA)n_Simple_repeat_1779664_1779697	repeat	33
chr5_MU273354v1_fix	1320958	1320991	(AC)n_Simple_repeat_1320958_1320991	repeat	33
chr5_MU273354v1_fix	1285978	1286011	A-rich_Low_complexity_1285978_1286011	repeat	33
chr5_MU273354v1_fix	1078820	1078853	(TG)n_Simple_repeat_1078820_1078853	repeat	33
chr5_MU273354v1_fix	1942030	1942063	L1ME4b_LINE_1942030_1942063	repeat	33
chr5_MU273354v1_fix	1704918	1704951	(T)n_Simple_repeat_1704918_1704951	repeat	33
chr5_MU273354v1_fix	852344	852377	L1MA9_LINE_852344_852377	repeat	33
chr5_MU273354v1_fix	63259	63292	A-rich_Low_complexity_63259_63292	repeat	33
chr5_MU273354v1_fix	1021341	1021374	(T)n_Simple_repeat_1021341_1021374	repeat	33
chr5_MU273354v1_fix	957255	957288	(CAA)n_Simple_repeat_957255_957288	repeat	33
chr5_MU273354v1_fix	155166	155199	A-rich_Low_complexity_155166_155199	repeat	33
chr5_MU273354v1_fix	1000885	1000918	(T)n_Simple_repeat_1000885_1000918	repeat	33
chr5_MU273354v1_fix	1329580	1329613	(TTG)n_Simple_repeat_1329580_1329613	repeat	33
chr5_MU273354v1_fix	1353172	1353205	(TATTTT)n_Simple_repeat_1353172_1353205	repeat	33
chr5_MU273354v1_fix	1640176	1640209	A-rich_Low_complexity_1640176_1640209	repeat	33
chr5_MU273354v1_fix	1663770	1663803	(CAA)n_Simple_repeat_1663770_1663803	repeat	33
chr5_MU273354v1_fix	1208027	1208060	(AC)n_Simple_repeat_1208027_1208060	repeat	33
chr5_MU273354v1_fix	748829	748862	(TATTTT)n_Simple_repeat_748829_748862	repeat	33
chr5_MU273354v1_fix	1265524	1265557	A-rich_Low_complexity_1265524_1265557	repeat	33
chr5_MU273354v1_fix	303583	303616	(T)n_Simple_repeat_303583_303616	repeat	33
chr5_MU273354v1_fix	1500000	1500032	L1M4_LINE_1500000_1500032	repeat	32
chr5_MU273354v1_fix	95617	95649	A-rich_Low_complexity_95617_95649	repeat	32
chr5_MU273354v1_fix	419103	419135	(GA)n_Simple_repeat_419103_419135	repeat	32
chr5_MU273354v1_fix	34825	34857	(AAACAA)n_Simple_repeat_34825_34857	repeat	32
chr5_MU273354v1_fix	1144556	1144588	(TTTGT)n_Simple_repeat_1144556_1144588	repeat	32
chr5_MU273354v1_fix	370900	370932	(T)n_Simple_repeat_370900_370932	repeat	32
chr5_MU273354v1_fix	1160933	1160965	(TA)n_Simple_repeat_1160933_1160965	repeat	32
chr5_MU273354v1_fix	1126255	1126287	(TA)n_Simple_repeat_1126255_1126287	repeat	32
chr5_MU273354v1_fix	1632334	1632366	(TTATT)n_Simple_repeat_1632334_1632366	repeat	32
chr5_MU273354v1_fix	163724	163756	(GGTGAG)n_Simple_repeat_163724_163756	repeat	32
chr5_MU273354v1_fix	446871	446903	(AAAAC)n_Simple_repeat_446871_446903	repeat	32
chr5_MU273354v1_fix	874881	874913	(CTCCG)n_Simple_repeat_874881_874913	repeat	32
chr5_MU273354v1_fix	1581346	1581378	(CTCCG)n_Simple_repeat_1581346_1581378	repeat	32
chr5_MU273354v1_fix	1844884	1844916	(TTTGT)n_Simple_repeat_1844884_1844916	repeat	32
chr5_MU273354v1_fix	1952410	1952442	(TAT)n_Simple_repeat_1952410_1952442	repeat	32
chr5_MU273354v1_fix	430194	430226	(TA)n_Simple_repeat_430194_430226	repeat	32
chr5_MU273354v1_fix	31781	31813	(TCA)n_Simple_repeat_31781_31813	repeat	32
chr5_MU273354v1_fix	2077251	2077283	(AC)n_Simple_repeat_2077251_2077283	repeat	32
chr5_MU273354v1_fix	464853	464885	(TA)n_Simple_repeat_464853_464885	repeat	32
chr5_MU273354v1_fix	1826573	1826605	(TA)n_Simple_repeat_1826573_1826605	repeat	32
chr5_MU273354v1_fix	1361016	1361048	A-rich_Low_complexity_1361016_1361048	repeat	32
chr5_MU273354v1_fix	277968	277999	(T)n_Simple_repeat_277968_277999	repeat	31
chr5_MU273354v1_fix	948002	948033	(TG)n_Simple_repeat_948002_948033	repeat	31
chr5_MU273354v1_fix	1219953	1219984	(A)n_Simple_repeat_1219953_1219984	repeat	31
chr5_MU273354v1_fix	989800	989831	(AAAT)n_Simple_repeat_989800_989831	repeat	31
chr5_MU273354v1_fix	1823349	1823380	(AT)n_Simple_repeat_1823349_1823380	repeat	31
chr5_MU273354v1_fix	1576113	1576144	(ATAAA)n_Simple_repeat_1576113_1576144	repeat	31
chr5_MU273354v1_fix	199705	199736	(TG)n_Simple_repeat_199705_199736	repeat	31
chr5_MU273354v1_fix	890473	890504	A-rich_Low_complexity_890473_890504	repeat	31
chr5_MU273354v1_fix	1246222	1246253	(TA)n_Simple_repeat_1246222_1246253	repeat	31
chr5_MU273354v1_fix	1856083	1856114	L2a_LINE_1856083_1856114	repeat	31
chr5_MU273354v1_fix	1882133	1882164	(ATA)n_Simple_repeat_1882133_1882164	repeat	31
chr5_MU273354v1_fix	1465489	1465520	(T)n_Simple_repeat_1465489_1465520	repeat	31
chr5_MU273354v1_fix	1742237	1742268	(TA)n_Simple_repeat_1742237_1742268	repeat	31
chr5_MU273354v1_fix	869647	869678	(ATAAA)n_Simple_repeat_869647_869678	repeat	31
chr5_MU273354v1_fix	1571289	1571320	(TAA)n_Simple_repeat_1571289_1571320	repeat	31
chr5_MU273354v1_fix	772573	772603	(GT)n_Simple_repeat_772573_772603	repeat	30
chr5_MU273354v1_fix	89983	90013	(GTT)n_Simple_repeat_89983_90013	repeat	30
chr5_MU273354v1_fix	1940469	1940499	(TTCC)n_Simple_repeat_1940469_1940499	repeat	30
chr5_MU273354v1_fix	1172108	1172138	(TC)n_Simple_repeat_1172108_1172138	repeat	30
chr5_MU273354v1_fix	896308	896338	(TTG)n_Simple_repeat_896308_896338	repeat	30
chr5_MU273354v1_fix	2055403	2055433	ERV3-16A3_I_LTR_2055317_2055433|ERV3-16A3_I_LTR_2055403_2055603	repeat	30
chr5_MU273354v1_fix	1677946	1677976	(TGTTT)n_Simple_repeat_1677946_1677976	repeat	30
chr5_MU273354v1_fix	1815398	1815428	(GA)n_Simple_repeat_1815398_1815428	repeat	30
chr5_MU273354v1_fix	1602782	1602812	(TTG)n_Simple_repeat_1602782_1602812	repeat	30
chr5_MU273354v1_fix	136362	136391	MSTB_LTR_136362_136391	repeat	29
chr5_MU273354v1_fix	986804	986833	AluSx_SINE_986804_986833	repeat	29
chr5_MU273354v1_fix	1359545	1359574	(ATAG)n_Simple_repeat_1359545_1359574	repeat	29
chr5_MU273354v1_fix	780577	780606	(TTA)n_Simple_repeat_780577_780606	repeat	29
chr5_MU273354v1_fix	1693285	1693314	AluSx_SINE_1693285_1693314	repeat	29
chr5_MU273354v1_fix	1645655	1645684	(AAAT)n_Simple_repeat_1645655_1645684	repeat	29
chr5_MU273354v1_fix	1384860	1384889	(TTA)n_Simple_repeat_1384860_1384889	repeat	29
chr5_MU273354v1_fix	309962	309991	AluSx_SINE_309962_309991	repeat	29
chr5_MU273354v1_fix	1583398	1583427	(ATTT)n_Simple_repeat_1583398_1583427	repeat	29
chr5_MU273354v1_fix	337768	337797	(ATAT)n_Simple_repeat_337768_337797	repeat	29
chr5_MU273354v1_fix	1623863	1623892	(T)n_Simple_repeat_1623863_1623892	repeat	29
chr5_MU273354v1_fix	876933	876962	(ATTT)n_Simple_repeat_876933_876962	repeat	29
chr5_MU273354v1_fix	1711299	1711328	AluSx_SINE_1711299_1711328	repeat	29
chr5_MU273354v1_fix	1536473	1536502	(AC)n_Simple_repeat_1536473_1536502	repeat	29
chr5_MU273354v1_fix	1487031	1487060	(TTA)n_Simple_repeat_1487031_1487060	repeat	29
chr5_MU273354v1_fix	1114773	1114802	(AG)n_Simple_repeat_1114773_1114802	repeat	29
chr5_MU273354v1_fix	293857	293886	(TTA)n_Simple_repeat_293857_293886	repeat	29
chr5_MU273354v1_fix	1803391	1803420	(TG)n_Simple_repeat_1803391_1803420	repeat	29
chr5_MU273354v1_fix	2100884	2100913	(AT)n_Simple_repeat_2100884_2100913	repeat	29
chr5_MU273354v1_fix	1331765	1331793	(TA)n_Simple_repeat_1331765_1331793	repeat	28
chr5_MU273354v1_fix	1336156	1336184	A-rich_Low_complexity_1336156_1336184	repeat	28
chr5_MU273354v1_fix	1481548	1481576	(ATT)n_Simple_repeat_1481548_1481576	repeat	28
chr5_MU273354v1_fix	1978845	1978873	(TTTGT)n_Simple_repeat_1978845_1978873	repeat	28
chr5_MU273354v1_fix	59733	59761	(TTAT)n_Simple_repeat_59733_59761	repeat	28
chr5_MU273354v1_fix	1502495	1502523	(TAT)n_Simple_repeat_1502495_1502523	repeat	28
chr5_MU273354v1_fix	177945	177973	L1MB8_LINE_177945_177973	repeat	28
chr5_MU273354v1_fix	917373	917401	(T)n_Simple_repeat_917373_917401	repeat	28
chr5_MU273354v1_fix	1543678	1543706	(ATT)n_Simple_repeat_1543678_1543710	repeat	28
chr5_MU273354v1_fix	1880841	1880869	A-rich_Low_complexity_1880841_1880869	repeat	28
chr5_MU273354v1_fix	796046	796074	(TAT)n_Simple_repeat_796046_796074	repeat	28
chr5_MU273354v1_fix	1633809	1633837	(CTAT)n_Simple_repeat_1633809_1633837	repeat	28
chr5_MU273354v1_fix	130563	130591	GA-rich_Low_complexity_130563_130591	repeat	28
chr5_MU273354v1_fix	884178	884206	L2_LINE_884178_884206	repeat	28
chr5_MU273354v1_fix	1908209	1908237	(A)n_Simple_repeat_1908209_1908237	repeat	28
chr5_MU273354v1_fix	2028564	2028592	(T)n_Simple_repeat_2028564_2028592	repeat	28
chr5_MU273354v1_fix	1927540	1927568	(A)n_Simple_repeat_1927540_1927568	repeat	28
chr5_MU273354v1_fix	1590642	1590670	L2_LINE_1590642_1590670	repeat	28
chr5_MU273354v1_fix	837230	837258	(ATT)n_Simple_repeat_837230_837262	repeat	28
chr5_MU273354v1_fix	950688	950716	(TATTT)n_Simple_repeat_950688_950716	repeat	28
chr5_MU273354v1_fix	731811	731839	A-rich_Low_complexity_731811_731839	repeat	28
chr5_MU273354v1_fix	1657197	1657225	(TATTT)n_Simple_repeat_1657197_1657225	repeat	28
chr5_MU273354v1_fix	369073	369100	(GTTT)n_Simple_repeat_369073_369100	repeat	27
chr5_MU273354v1_fix	1845479	1845506	(AACA)n_Simple_repeat_1845479_1845506	repeat	27
chr5_MU273354v1_fix	1990006	1990033	(ACAT)n_Simple_repeat_1990006_1990033	repeat	27
chr5_MU273354v1_fix	830027	830054	(AC)n_Simple_repeat_830027_830054	repeat	27
chr5_MU273354v1_fix	2054918	2054945	(TA)n_Simple_repeat_2054918_2054945	repeat	27
chr5_MU273354v1_fix	2066672	2066699	(T)n_Simple_repeat_2066672_2066699	repeat	27
chr5_MU273354v1_fix	1306138	1306165	(TTCA)n_Simple_repeat_1306138_1306165	repeat	27
chr5_MU273354v1_fix	1765911	1765938	(GTTT)n_Simple_repeat_1765911_1765938	repeat	27
chr5_MU273354v1_fix	1568330	1568357	MER75B_DNA_1568330_1568357	repeat	27
chr5_MU273354v1_fix	1208060	1208087	(AT)n_Simple_repeat_1208060_1208087	repeat	27
chr5_MU273354v1_fix	1687209	1687236	(TGAA)n_Simple_repeat_1687209_1687236	repeat	27
chr5_MU273354v1_fix	986777	986804	(AAAC)n_Simple_repeat_986777_986804	repeat	27
chr5_MU273354v1_fix	1221784	1221811	(AAAC)n_Simple_repeat_1221784_1221811	repeat	27
chr5_MU273354v1_fix	446281	446308	(TTTG)n_Simple_repeat_446281_446308	repeat	27
chr5_MU273354v1_fix	110766	110793	(A)n_Simple_repeat_110766_110793	repeat	27
chr5_MU273354v1_fix	1912723	1912750	GA-rich_Low_complexity_1912723_1912750	repeat	27
chr5_MU273354v1_fix	50090	50117	(TTA)n_Simple_repeat_50090_50117	repeat	27
chr5_MU273354v1_fix	116087	116114	(TG)n_Simple_repeat_116087_116114	repeat	27
chr5_MU273354v1_fix	980724	980751	(TGAA)n_Simple_repeat_980724_980751	repeat	27
chr5_MU273354v1_fix	382821	382848	(TA)n_Simple_repeat_382821_382848	repeat	27
chr5_MU273354v1_fix	1112461	1112488	(TG)n_Simple_repeat_1112461_1112488	repeat	27
chr5_MU273354v1_fix	861875	861902	MER75B_DNA_861875_861902	repeat	27
chr5_MU273354v1_fix	864820	864847	(AAT)n_Simple_repeat_864820_864847	repeat	27
chr5_MU273354v1_fix	1078793	1078820	(TA)n_Simple_repeat_1078793_1078820	repeat	27
chr5_MU273354v1_fix	1464659	1464686	SVA_A_Retroposon_1464659_1464686	repeat	27
chr5_MU273354v1_fix	1065063	1065090	(GTTT)n_Simple_repeat_1065063_1065090	repeat	27
chr5_MU273354v1_fix	1145151	1145178	(AACA)n_Simple_repeat_1145151_1145178	repeat	27
chr5_MU273354v1_fix	1078853	1078879	(TA)n_Simple_repeat_1078853_1078879	repeat	26
chr5_MU273354v1_fix	189556	189582	(T)n_Simple_repeat_189556_189582	repeat	26
chr5_MU273354v1_fix	1741935	1741961	(TG)n_Simple_repeat_1741935_1741961	repeat	26
chr5_MU273354v1_fix	1919107	1919133	(ATTT)n_Simple_repeat_1919107_1919133	repeat	26
chr5_MU273354v1_fix	1208001	1208027	(AT)n_Simple_repeat_1208001_1208027	repeat	26
chr5_MU273354v1_fix	1026646	1026672	(CA)n_Simple_repeat_1026646_1026672	repeat	26
chr5_MU273354v1_fix	1405997	1406023	(TCCT)n_Simple_repeat_1405997_1406023	repeat	26
chr5_MU273354v1_fix	99910	99936	(T)n_Simple_repeat_99910_99936	repeat	26
chr5_MU273354v1_fix	1260218	1260244	(TG)n_Simple_repeat_1260218_1260244	repeat	26
chr5_MU273354v1_fix	40509	40535	(T)n_Simple_repeat_40509_40535	repeat	26
chr5_MU273354v1_fix	1457896	1457922	HUERS-P3-int_LTR_1457881_1457932	repeat	26
chr5_MU273354v1_fix	1516077	1516103	(TCCT)n_Simple_repeat_1516077_1516103	repeat	26
chr5_MU273354v1_fix	277139	277165	SVA_A_Retroposon_277139_277165	repeat	26
chr5_MU273354v1_fix	1246529	1246555	(CA)n_Simple_repeat_1246529_1246555	repeat	26
chr5_MU273354v1_fix	15663	15689	(T)n_Simple_repeat_15663_15689	repeat	26
chr5_MU273354v1_fix	270378	270404	HUERS-P3-int_LTR_270363_270414	repeat	26
chr5_MU273354v1_fix	809627	809653	(TCCT)n_Simple_repeat_809627_809653	repeat	26
chr5_MU273354v1_fix	75243	75268	(T)n_Simple_repeat_75243_75268	repeat	25
chr5_MU273354v1_fix	743357	743382	(TATT)n_Simple_repeat_743357_743382	repeat	25
chr5_MU273354v1_fix	1251806	1251831	(TA)n_Simple_repeat_1251806_1251831	repeat	25
chr5_MU273354v1_fix	1381587	1381612	L1MB5_LINE_1381587_1381612	repeat	25
chr5_MU273354v1_fix	1006265	1006290	MER5A_DNA_1006188_1006290|L3_LINE_1006265_1006339	repeat	25
chr5_MU273354v1_fix	1304913	1304938	(T)n_Simple_repeat_1304913_1304938	repeat	25
chr5_MU273354v1_fix	1347701	1347726	(TATT)n_Simple_repeat_1347701_1347726	repeat	25
chr5_MU273354v1_fix	939168	939193	(AAAT)n_Simple_repeat_939168_939193	repeat	25
chr5_MU273354v1_fix	1400329	1400354	(TAT)n_Simple_repeat_1400329_1400354	repeat	25
chr5_MU273354v1_fix	1035059	1035084	(AT)n_Simple_repeat_1035059_1035084	repeat	25
chr5_MU273354v1_fix	985825	985850	MER5A_DNA_985748_985850|L3_LINE_985825_985899	repeat	25
chr5_MU273354v1_fix	65598	65623	(A)n_Simple_repeat_65598_65623	repeat	25
chr5_MU273354v1_fix	1953917	1953942	(ATAA)n_Simple_repeat_1953917_1953942	repeat	25
chr5_MU273354v1_fix	711117	711142	(AAACA)n_Simple_repeat_711117_711142	repeat	25
chr5_MU273354v1_fix	971443	971468	(TGTTT)n_Simple_repeat_971443_971468	repeat	25
chr5_MU273354v1_fix	777276	777301	L1MB5_LINE_777276_777301	repeat	25
chr5_MU273354v1_fix	1736669	1736694	(AT)n_Simple_repeat_1736669_1736694	repeat	25
chr5_MU273354v1_fix	308971	308996	MER5A_DNA_308894_308996|L3_LINE_308971_309045	repeat	25
chr5_MU273354v1_fix	1294381	1294406	(T)n_Simple_repeat_1294381_1294406	repeat	25
chr5_MU273354v1_fix	290563	290588	L1MB5_LINE_290563_290588	repeat	25
chr5_MU273354v1_fix	1315414	1315439	(AAACA)n_Simple_repeat_1315414_1315439	repeat	25
chr5_MU273354v1_fix	115629	115654	(TGT)n_Simple_repeat_115629_115654	repeat	25
chr5_MU273354v1_fix	854736	854761	(AAAT)n_Simple_repeat_854736_854761	repeat	25
chr5_MU273354v1_fix	1483760	1483785	L1MB5_LINE_1483760_1483785	repeat	25
chr5_MU273354v1_fix	1273946	1273971	(T)n_Simple_repeat_1273946_1273971	repeat	25
chr5_MU273354v1_fix	1728258	1728282	(CA)n_Simple_repeat_1728258_1728282	repeat	24
chr5_MU273354v1_fix	1634858	1634882	L1M4a2_LINE_1634301_1634882|L1M4a2_LINE_1634858_1635058	repeat	24
chr5_MU273354v1_fix	1914872	1914896	(CTTTT)n_Simple_repeat_1914872_1914896	repeat	24
chr5_MU273354v1_fix	1409449	1409473	(GT)n_Simple_repeat_1409449_1409473	repeat	24
chr5_MU273354v1_fix	1916129	1916153	(CTTT)n_Simple_repeat_1916129_1916153	repeat	24
chr5_MU273354v1_fix	329386	329410	(CA)n_Simple_repeat_329386_329410	repeat	24
chr5_MU273354v1_fix	754162	754186	L1M4a2_LINE_753986_754186|L1M4a2_LINE_754162_754743	repeat	24
chr5_MU273354v1_fix	1358500	1358524	L1M4a1_LINE_1358324_1358524|L1M4a1_LINE_1358500_1358922	repeat	24
chr5_MU273354v1_fix	1955604	1955628	(T)n_Simple_repeat_1955604_1955628	repeat	24
chr5_MU273354v1_fix	855073	855097	L1ME3G_LINE_855073_855097	repeat	24
chr5_MU273354v1_fix	928365	928389	L1M4a2_LINE_927808_928389|L1M4a2_LINE_928365_928565	repeat	24
chr5_MU273354v1_fix	6368	6392	(A)n_Simple_repeat_6368_6392	repeat	24
chr5_MU273354v1_fix	1561529	1561553	L1ME3G_LINE_1561529_1561553	repeat	24
chr5_MU273354v1_fix	1993900	1993923	(TA)n_Simple_repeat_1993900_1993923	repeat	23
chr5_MU273354v1_fix	1601103	1601126	(A)n_Simple_repeat_1601103_1601126	repeat	23
chr5_MU273354v1_fix	112404	112427	(TTTA)n_Simple_repeat_112404_112427	repeat	23
chr5_MU273354v1_fix	894629	894652	(A)n_Simple_repeat_894629_894652	repeat	23
chr5_MU273354v1_fix	2027412	2027435	(TTTA)n_Simple_repeat_2027412_2027435	repeat	23
chr5_MU273354v1_fix	1040321	1040344	(TG)n_Simple_repeat_1040321_1040344	repeat	23
chr5_MU273354v1_fix	114062	114085	AluSx_SINE_114062_114085	repeat	23
chr5_MU273354v1_fix	50404	50426	(TTA)n_Simple_repeat_50404_50426	repeat	22
chr5_MU273354v1_fix	216631	216653	(A)n_Simple_repeat_216631_216653	repeat	22
chr5_MU273354v1_fix	221952	221974	(GT)n_Simple_repeat_221952_221974	repeat	22
chr5_MU273354v1_fix	215680	215702	(TAA)n_Simple_repeat_215680_215702	repeat	22
chr5_MU273354v1_fix	1779642	1779664	(TG)n_Simple_repeat_1779642_1779664	repeat	22
chr5_MU273354v1_fix	199683	199705	(TA)n_Simple_repeat_199683_199705	repeat	22
chr5_MU273354v1_fix	1561039	1561061	A-rich_Low_complexity_1561039_1561061	repeat	22
chr5_MU273354v1_fix	1604854	1604876	(A)n_Simple_repeat_1604854_1604876	repeat	22
chr5_MU273354v1_fix	1896084	1896106	(AT)n_Simple_repeat_1896084_1896106	repeat	22
chr5_MU273354v1_fix	143537	143559	(TAA)n_Simple_repeat_143537_143559	repeat	22
chr5_MU273354v1_fix	106532	106554	(TTAT)n_Simple_repeat_106532_106554	repeat	22
chr5_MU273354v1_fix	1471993	1472015	(AATA)n_Simple_repeat_1471993_1472015	repeat	22
chr5_MU273354v1_fix	1931146	1931168	(A)n_Simple_repeat_1931146_1931168	repeat	22
chr5_MU273354v1_fix	898380	898401	(A)n_Simple_repeat_898380_898401	repeat	21
chr5_MU273354v1_fix	1203137	1203158	(TG)n_Simple_repeat_1203137_1203158	repeat	21
chr5_MU273354v1_fix	28795	28816	(T)n_Simple_repeat_28795_28816	repeat	21
chr5_MU273354v1_fix	1083720	1083741	(AC)n_Simple_repeat_1083720_1083741	repeat	21
chr5_MU273354v1_fix	1066923	1066944	(TTTCTTT)n_Simple_repeat_1066923_1066944	repeat	21
chr5_MU273354v1_fix	183957	183978	(AT)n_Simple_repeat_183957_183978	repeat	21
chr5_MU273354v1_fix	1112440	1112461	(AT)n_Simple_repeat_1112440_1112461	repeat	21
chr5_MU273354v1_fix	1556346	1556367	L2_LINE_1556281_1556367|L2_LINE_1556346_1556629	repeat	21
chr5_MU273354v1_fix	387740	387761	(AC)n_Simple_repeat_387740_387761	repeat	21
chr5_MU273354v1_fix	971311	971331	L2c_LINE_971311_971331	repeat	20
chr5_MU273354v1_fix	1432052	1432072	Tigger7_DNA_1432041_1432072	repeat	20
chr5_MU273354v1_fix	244539	244559	Tigger7_DNA_244528_244559	repeat	20
chr5_MU273354v1_fix	69107	69127	L1MC4_LINE_69107_69127	repeat	20
chr5_MU273354v1_fix	2101172	2101192	(AC)n_Simple_repeat_2101171_2101192	repeat	20
chr5_MU273354v1_fix	1633789	1633809	L1PB_LINE_1633789_1633809	repeat	20
chr5_MU273354v1_fix	775067	775087	(TAT)n_Simple_repeat_775067_775087	repeat	20
chr5_MU273354v1_fix	1988815	1988835	(A)n_Simple_repeat_1988815_1988835	repeat	20
chr5_MU273354v1_fix	288355	288375	(TAT)n_Simple_repeat_288355_288375	repeat	20
chr5_MU273354v1_fix	38017	38037	(T)n_Simple_repeat_38017_38037	repeat	20
chr5_MU273354v1_fix	711254	711274	L2c_LINE_711254_711274	repeat	20
chr5_MU273354v1_fix	44241	44261	(TG)n_Simple_repeat_44241_44262	repeat	20
chr5_MU273354v1_fix	4011	4030	(GT)n_Simple_repeat_4011_4030	repeat	19
chr5_MU273354v1_fix	1669735	1669754	L1PB4_LINE_1669406_1669754|L1P4_LINE_1669735_1670588	repeat	19
chr5_MU273354v1_fix	1323629	1323648	L1P4_LINE_1322795_1323648|L1PB4_LINE_1323629_1323977	repeat	19
chr5_MU273354v1_fix	2085570	2085589	(TTAA)n_Simple_repeat_2085570_2085589	repeat	19
chr5_MU273354v1_fix	1593388	1593407	(T)n_Simple_repeat_1593388_1593407	repeat	19
chr5_MU273354v1_fix	99194	99213	(CTT)n_Simple_repeat_99194_99213	repeat	19
chr5_MU273354v1_fix	120605	120624	(T)n_Simple_repeat_120605_120624	repeat	19
chr5_MU273354v1_fix	910647	910665	(T)n_Simple_repeat_910647_910665	repeat	18
chr5_MU273354v1_fix	898255	898273	(TAA)n_Simple_repeat_898255_898273	repeat	18
chr5_MU273354v1_fix	1359575	1359593	L1PB_LINE_1359575_1359593	repeat	18
chr5_MU273354v1_fix	1604729	1604747	(TAA)n_Simple_repeat_1604729_1604747	repeat	18
chr5_MU273354v1_fix	1413317	1413334	L2a_LINE_1413062_1413334|L2a_LINE_1413317_1413534	repeat	17
chr5_MU273354v1_fix	225814	225831	L2a_LINE_225559_225831|L2a_LINE_225814_226031	repeat	17
chr5_MU273354v1_fix	1481531	1481548	MLT1J_LTR_1481531_1481548	repeat	17
chr5_MU273354v1_fix	1112488	1112505	(AT)n_Simple_repeat_1112488_1112505	repeat	17
chr5_MU273354v1_fix	1926973	1926990	(A)n_Simple_repeat_1926973_1926990	repeat	17
chr5_MU273354v1_fix	1784588	1784605	(AC)n_Simple_repeat_1784588_1784605	repeat	17
chr5_MU273354v1_fix	732980	732997	(CA)n_Simple_repeat_732979_732997	repeat	17
chr5_MU273354v1_fix	1617137	1617154	(T)n_Simple_repeat_1617137_1617154	repeat	17
chr5_MU273354v1_fix	768587	768603	(TA)n_Simple_repeat_768587_768603	repeat	16
chr5_MU273354v1_fix	382883	382899	(TA)n_Simple_repeat_382883_382899	repeat	16
chr5_MU273354v1_fix	2069547	2069562	L1ME3Cz_LINE_2069547_2069562	repeat	15
chr5_MU273354v1_fix	270363	270378	HUERS-P3-int_LTR_270237_270378|HUERS-P3-int_LTR_270363_270414	repeat	15
chr5_MU273354v1_fix	92468	92483	(TAA)n_Simple_repeat_92468_92483	repeat	15
chr5_MU273354v1_fix	1457881	1457896	HUERS-P3-int_LTR_1457755_1457896|HUERS-P3-int_LTR_1457881_1457932	repeat	15
chr5_MU273354v1_fix	115614	115629	AluSx_SINE_115614_115629	repeat	15
chr5_MU273354v1_fix	1123672	1123687	LTR57_LTR_1123672_1123687	repeat	15
chr5_MU273354v1_fix	959306	959320	MLT1A0_LTR_958618_959320|MLT1A0_LTR_959306_959442	repeat	14
chr5_MU273354v1_fix	1665821	1665835	MLT1A0_LTR_1665133_1665835|MLT1A0_LTR_1665821_1665996	repeat	14
chr5_MU273354v1_fix	1464951	1464965	L1MB8_LINE_1464951_1464965	repeat	14
chr5_MU273354v1_fix	277430	277444	L1MB8_LINE_277430_277444	repeat	14
chr5_MU273354v1_fix	1519526	1519539	SVA_A_Retroposon_1519454_1519539	repeat	13
chr5_MU273354v1_fix	813075	813088	SVA_A_Retroposon_813003_813088	repeat	13
chr5_MU273354v1_fix	1471403	1471416	(AATA)n_Simple_repeat_1471403_1471416	repeat	13
chr5_MU273354v1_fix	239897	239910	(TA)n_Simple_repeat_239897_239910	repeat	13
chr5_MU273354v1_fix	2100642	2100655	(TATAATA)n_Simple_repeat_2100642_2100655	repeat	13
chr5_MU273354v1_fix	2013463	2013476	L1MB3_LINE_2013463_2013476	repeat	13
chr5_MU273354v1_fix	450030	450042	MER89_LTR_449675_450042|MER89_LTR_450030_450107	repeat	12
chr5_MU273354v1_fix	2088746	2088758	MIRb_SINE_2088746_2088758	repeat	12
chr5_MU273354v1_fix	1141417	1141429	MER89_LTR_1141352_1141429|MER89_LTR_1141417_1141784	repeat	12
chr5_MU273354v1_fix	1841745	1841757	MER89_LTR_1841680_1841757|MER89_LTR_1841745_1842112	repeat	12
chr5_MU273354v1_fix	219040	219052	L1ME3A_LINE_219040_219052	repeat	12
chr5_MU273354v1_fix	2063144	2063155	HERVK3-int_LTR_2061109_2063155|HERVK3-int_LTR_2063144_2065060	repeat	11
chr5_MU273354v1_fix	262637	262648	(AAC)n_Simple_repeat_262637_262648	repeat	11
chr5_MU273354v1_fix	1432041	1432052	Tigger1_DNA_1431918_1432052|Tigger7_DNA_1432041_1432072	repeat	11
chr5_MU273354v1_fix	244528	244539	Tigger1_DNA_244405_244539|Tigger7_DNA_244528_244559	repeat	11
chr5_MU273354v1_fix	847631	847642	L2_LINE_847631_847642	repeat	11
chr5_MU273354v1_fix	1427403	1427414	(TA)n_Simple_repeat_1427403_1427414	repeat	11
chr5_MU273354v1_fix	28816	28827	(TTTGTT)n_Simple_repeat_28816_28827	repeat	11
chr5_MU273354v1_fix	1450165	1450176	(AAC)n_Simple_repeat_1450165_1450176	repeat	11
chr5_MU273354v1_fix	270404	270414	HUERS-P3-int_LTR_270363_270414|HUERS-P3-int_LTR_270404_270958	repeat	10
chr5_MU273354v1_fix	1457922	1457932	HUERS-P3-int_LTR_1457881_1457932|HUERS-P3-int_LTR_1457922_1458476	repeat	10
chr5_MU273354v1_fix	778717	778726	L1MB5_LINE_778525_778726|L1MB5_LINE_778717_778794	repeat	9
chr5_MU273354v1_fix	292001	292010	L1MB5_LINE_291812_292010|L1MB5_LINE_292001_292078	repeat	9
chr5_MU273354v1_fix	1485198	1485207	L1MB5_LINE_1485010_1485207|L1MB5_LINE_1485198_1485275	repeat	9
chr5_MU273354v1_fix	1433766	1433775	(TTATAA)n_Simple_repeat_1433766_1433775	repeat	9
chr5_MU273354v1_fix	246253	246262	(TTATAA)n_Simple_repeat_246253_246262	repeat	9
chr5_MU273354v1_fix	1383025	1383034	L1MB5_LINE_1382836_1383034|L1MB5_LINE_1383025_1383102	repeat	9
chr5_MU273354v1_fix	1280605	1280613	MIR3_SINE_1280556_1280613|MER5B_DNA_1280605_1280707	repeat	8
chr5_MU273354v1_fix	1692319	1692327	MER5B_DNA_1692225_1692327|MIR3_SINE_1692319_1692376	repeat	8
chr5_MU273354v1_fix	1301038	1301046	MIR3_SINE_1300989_1301046|MER5B_DNA_1301038_1301153	repeat	8
chr5_MU273354v1_fix	1710321	1710329	MER5B_DNA_1710227_1710329|MIR3_SINE_1710321_1710378	repeat	8
chr5_MU273354v1_fix	963220	963227	L1PB4_LINE_962891_963227|L1P4_LINE_963220_964073	repeat	7
chr5_MU273354v1_fix	1940499	1940506	(TCTT)n_Simple_repeat_1940499_1940506	repeat	7
chr5_MU273354v1_fix	719349	719356	L1P4_LINE_718503_719356|L1PB4_LINE_719349_719685	repeat	7
chr5_MU273354v1_fix	2041589	2041596	L1ME4b_LINE_2041303_2041596|L1MC5a_LINE_2041589_2041689	repeat	7
chr5_MU273354v1_fix	47434	47438	L4_A_Mam_LINE_47258_47438|L4_A_Mam_LINE_47434_47481	repeat	4
chr5_MU273354v1_fix	837258	837262	(ATT)n_Simple_repeat_837230_837262|(TTCC)n_Simple_repeat_837258_837394	repeat	4
chr5_MU273354v1_fix	1543706	1543710	(ATT)n_Simple_repeat_1543678_1543710|(TTCC)n_Simple_repeat_1543706_1543842	repeat	4
chr5_MU273354v1_fix	1974861	1974865	MER68B_LTR_1974797_1974865|MER68B_LTR_1974861_1975081	repeat	4
chr5_MU273354v1_fix	282317	282321	AluJr_SINE_282317_282434	repeat	4
chr5_MU273354v1_fix	792577	792580	L1MEf_LINE_792432_792580|L1MB4_LINE_792577_792727	repeat	3
chr5_MU273354v1_fix	1355818	1355821	L1PA14_LINE_1354762_1355821|L1PREC2_LINE_1355818_1356092	repeat	3
chr5_MU273354v1_fix	931072	931075	L1PREC2_LINE_930801_931075|L1PA14_LINE_931072_932132	repeat	3
chr5_MU273354v1_fix	1499026	1499029	L1MEf_LINE_1498881_1499029|L1MB4_LINE_1499026_1499176	repeat	3
chr5_MU273354v1_fix	751477	751480	L1PA14_LINE_750420_751480|L1PREC2_LINE_751477_751751	repeat	3
chr5_MU273354v1_fix	1396846	1396849	L1MEf_LINE_1396701_1396849|L1MB4_LINE_1396846_1396996	repeat	3
chr5_MU273354v1_fix	1637560	1637563	L1PREC2_LINE_1637289_1637563|L1PA14_LINE_1637560_1638618	repeat	3
chr5_MU273354v1_fix	1069114	1069116	L1PA16_LINE_1068909_1069116|L1PA16_LINE_1069114_1072965	repeat	2
chr5_MU273354v1_fix	1526155	1526157	L1PA3_LINE_1523299_1526157|L1ME4b_LINE_1526155_1526205	repeat	2
chr5_MU273354v1_fix	373134	373136	L1PA16_LINE_372929_373136|L1PA16_LINE_373134_376985	repeat	2
chr5_MU273354v1_fix	123252	123254	L1ME4b_LINE_122837_123254|HAL1_LINE_123252_123506	repeat	2
chr5_MU273354v1_fix	254841	254843	L1ME4b_LINE_254398_254843|HAL1_LINE_254841_255094	repeat	2
chr5_MU273354v1_fix	819705	819707	L1PA3_LINE_816849_819707|L1ME4b_LINE_819705_819755	repeat	2
chr5_MU273354v1_fix	1769957	1769959	L1PA16_LINE_1769752_1769959|L1PA16_LINE_1769957_1773814	repeat	2
chr5_MU273354v1_fix	1217760	1217762	L1PA16_LINE_1213905_1217762|L1PA16_LINE_1217760_1217967	repeat	2
chr5_MU273354v1_fix	44261	44262	(TG)n_Simple_repeat_44241_44262|(TA)n_Simple_repeat_44261_44434	repeat	1
chr5_MU273354v1_fix	1515845	1515846	MER58C_DNA_1515803_1515846|MER58B_DNA_1515845_1515904	repeat	1
chr5_MU273354v1_fix	732979	732980	(TC)n_Simple_repeat_732938_732980|(CA)n_Simple_repeat_732979_732997	repeat	1
chr5_MU273354v1_fix	291812	291813	L1MB5_LINE_291739_291813|L1MB5_LINE_291812_292010	repeat	1
chr5_MU273354v1_fix	1405765	1405766	MER58C_DNA_1405723_1405766|MER58B_DNA_1405765_1405824	repeat	1
chr5_MU273354v1_fix	249929	249930	L1MC5_LINE_249839_249930|L1MEc_LINE_249929_250848	repeat	1
chr5_MU273354v1_fix	1437440	1437441	L1MC5_LINE_1437350_1437441|L1MEc_LINE_1437440_1438354	repeat	1
chr5_MU273354v1_fix	18210	18211	L1MB7_LINE_18147_18211|L1ME4b_LINE_18210_18489	repeat	1
chr5_MU273354v1_fix	1382836	1382837	L1MB5_LINE_1382763_1382837|L1MB5_LINE_1382836_1383034	repeat	1
chr5_MU273354v1_fix	12770	12771	L1MB7_LINE_12622_12771|L1MD_LINE_12770_12829	repeat	1
chr5_MU273354v1_fix	809395	809396	MER58C_DNA_809353_809396|MER58B_DNA_809395_809454	repeat	1
chr5_MU273354v1_fix	2101171	2101172	(ATAT)n_Simple_repeat_2101096_2101172|(AC)n_Simple_repeat_2101171_2101192	repeat	1
